"seed","n","dgp","seed_cell_master","rng_kind","seed_data_hash","seed_fit_hash","model_seed_propensity","model_seed_mvbcf","model_seed_bcf1","model_seed_bcf2","model_seed_bart1","model_seed_bart2","model_seed_mvbart","fit_seconds_mvbcf","fit_seconds_bcf1","fit_seconds_bcf2","fit_seconds_bart1","fit_seconds_bart2","fit_seconds_mvbart","converged_flag","error_message","hostname","git_sha","session_hash","seq_phase","replication_seconds","mvbcf_pehe1","mvbcf_pehe2","mvbcf_bias1","mvbcf_bias2","mvbcf_ate1","mvbcf_ate2","mvbcf_crmse1","mvbcf_crmse2","mvbcf_atesq1","mvbcf_atesq2","mvbcf_crps1","mvbcf_crps2","mvbcf_cov501","mvbcf_cov951","mvbcf_cov502","mvbcf_cov952","mvbcf_wid501","mvbcf_wid951","mvbcf_wid502","mvbcf_wid952","bcf_pehe1","bcf_pehe2","bcf_bias1","bcf_bias2","bcf_ate1","bcf_ate2","bcf_crmse1","bcf_crmse2","bcf_atesq1","bcf_atesq2","bcf_crps1","bcf_crps2","bcf_cov501","bcf_cov951","bcf_cov502","bcf_cov952","bcf_wid501","bcf_wid951","bcf_wid502","bcf_wid952","bart_pehe1","bart_pehe2","bart_bias1","bart_bias2","bart_ate1","bart_ate2","bart_crmse1","bart_crmse2","bart_atesq1","bart_atesq2","bart_crps1","bart_crps2","bart_cov501","bart_cov951","bart_cov502","bart_cov952","bart_wid501","bart_wid951","bart_wid502","bart_wid952","mvbart_pehe1","mvbart_pehe2","mvbart_bias1","mvbart_bias2","mvbart_ate1","mvbart_ate2","mvbart_crmse1","mvbart_crmse2","mvbart_atesq1","mvbart_atesq2","mvbart_crps1","mvbart_crps2","mvbart_cov501","mvbart_cov951","mvbart_cov502","mvbart_cov952","mvbart_wid501","mvbart_wid951","mvbart_wid502","mvbart_wid952","mvbcf_ate_l951","mvbcf_ate_u951","mvbcf_ate_l952","mvbcf_ate_u952","mvbcf_ate_l501","mvbcf_ate_u501","mvbcf_ate_l502","mvbcf_ate_u502","mvbcf_ate_wid951","mvbcf_ate_wid952","mvbcf_ate_wid501","mvbcf_ate_wid502","mvbcf_ate_cov951","mvbcf_ate_cov952","mvbcf_ate_cov501","mvbcf_ate_cov502","bcf_ate_l951","bcf_ate_u951","bcf_ate_l952","bcf_ate_u952","bcf_ate_l501","bcf_ate_u501","bcf_ate_l502","bcf_ate_u502","bcf_ate_wid951","bcf_ate_wid952","bcf_ate_wid501","bcf_ate_wid502","bcf_ate_cov951","bcf_ate_cov952","bcf_ate_cov501","bcf_ate_cov502","bart_ate_l951","bart_ate_u951","bart_ate_l952","bart_ate_u952","bart_ate_l501","bart_ate_u501","bart_ate_l502","bart_ate_u502","bart_ate_wid951","bart_ate_wid952","bart_ate_wid501","bart_ate_wid502","bart_ate_cov951","bart_ate_cov952","bart_ate_cov501","bart_ate_cov502","mvbart_ate_l951","mvbart_ate_u951","mvbart_ate_l952","mvbart_ate_u952","mvbart_ate_l501","mvbart_ate_u501","mvbart_ate_l502","mvbart_ate_u502","mvbart_ate_wid951","mvbart_ate_wid952","mvbart_ate_wid501","mvbart_ate_wid502","mvbart_ate_cov951","mvbart_ate_cov952","mvbart_ate_cov501","mvbart_ate_cov502","mvbcf_is501","mvbcf_is951","mvbcf_is502","mvbcf_is952","mvbcf_pen501","mvbcf_pen951","mvbcf_pen502","mvbcf_pen952","bcf_is501","bcf_is951","bcf_is502","bcf_is952","bcf_pen501","bcf_pen951","bcf_pen502","bcf_pen952","bart_is501","bart_is951","bart_is502","bart_is952","bart_pen501","bart_pen951","bart_pen502","bart_pen952","mvbart_is501","mvbart_is951","mvbart_is502","mvbart_is952","mvbart_pen501","mvbart_pen951","mvbart_pen502","mvbart_pen952","mvbcf_ate_is951","mvbcf_ate_is952","mvbcf_ate_is501","mvbcf_ate_is502","bcf_ate_is951","bcf_ate_is952","bcf_ate_is501","bcf_ate_is502","bart_ate_is951","bart_ate_is952","bart_ate_is501","bart_ate_is502","mvbart_ate_is951","mvbart_ate_is952","mvbart_ate_is501","mvbart_ate_is502","tau_true_mean1","tau_true_mean2","width_audit_max_abs_dev","schema_version","interval_levels"
400,500,2,1,"L'Ecuyer-CMRG","10407_1209010469_112770973_-260206374_-1534084850_1341726467_770337829","10407_-174014066_957441428_-2009988366_-1884975610_13684604_1540715216",422808661,193033248,1046827778,1158493692,2015772371,1076657670,262823759,78.925,5.851,6.91900000000001,1.935,2.03299999999999,456.024,1,NA,"07061f0f18b6","not-a-git-build","951d9a80e7940d4748fa2958a040207b","confirmatory",581.483,35.2238762158595,9.62497613851302,34.2414304568667,2.86151553895519,54.3154462115783,22.922236498687,1240.7214556702,92.640165666945,1172.47555973244,8.18827117968198,29.0014645825168,5.69709839946922,0,0.031,0.314,0.876,12.0608349597904,36.8442082307949,9.56052288990724,29.8419402866134,36.3512296473309,9.54540183835823,35.0257304265092,2.43966175727455,55.0997461812208,22.5003827170064,1321.41189687299,91.1146962557327,1226.80179191049,5.95194948990794,29.1102766962705,5.51561896094899,0,0.08,0.378,0.967,13.7586214295143,41.4659243018669,11.3319311538759,34.5839853447047,35.4585865139145,9.85568176381855,33.8923516260164,2.44747049836052,53.9663673807281,22.5081914580924,1257.31135756476,97.1344630296656,1148.69149874154,5.99011184034511,26.5187541734158,5.62948628059769,0,0.231,0.456,0.983,16.9289881557181,53.9027420833208,13.8704124875735,42.387430695751,36.2932561466382,11.3539314460593,34.3371683458229,3.48725583461546,54.4111841005346,23.5479767943473,1317.20044172549,128.911759281813,1179.04113000938,12.1609532560596,26.9227338733585,6.51492034215755,0.004,0.291,0.428,0.976,17.9804413680861,54.1378400592792,14.647071072769,45.7569781679999,44.1308589212464,64.6094715869219,14.8921662547755,31.004869501195,50.5943771805393,57.9807825658378,19.9064342207088,25.7513033713921,20.4786126656755,16.1127032464196,7.38640538529851,5.84486915068334,0,1,0,1,44.536257771081,63.7036958305053,13.8274623538107,31.3528772651824,51.685232147412,58.6900733954771,19.386024557651,25.5929654876464,19.1674380594243,17.5254149113717,7.00484124806511,6.20694092999539,0,1,0,1,42.8678745208781,63.880147595084,12.7970914734033,31.6170046991361,50.2942412829419,57.7640003494774,19.2244972950436,25.9062416556246,21.0122730742058,18.8199132257328,7.46975906653545,6.68174436058104,0,1,0,1,44.3333811957763,65.4502939454574,14.5972838393442,31.7661666640872,50.5234073186346,58.2649823269722,20.3411562426052,26.5230552661524,21.1169127496811,17.168882824743,7.74157500833751,6.18189902354724,0,1,0,0,124.846828457787,686.02628674741,25.8160343318922,45.085618224674,112.785993497996,649.182078516615,16.255511441985,15.2436779380606,125.964650652809,649.546556628845,25.2589059474281,37.0025100577043,112.206029223295,608.080632326978,13.9269747935521,2.4185247129996,117.371800581102,449.024033048308,25.308018413437,43.7917722374777,100.442812425384,395.121290964988,11.4376059258635,1.40434154172667,118.267462855932,467.185714798466,29.3287154256957,48.0986154466538,100.287021487846,413.047874739187,14.6816443529268,2.34163727865394,982.752339327064,16.1127032464196,129.467851088609,5.84486915068334,997.657118714199,17.5254149113717,133.449706818867,6.20694092999539,932.766623720865,18.8199132257328,128.350661179457,6.68174436058104,991.491530392266,17.168882824743,129.539141264029,7.30364015504072,20.0740157547116,20.0607209597318,0,"e3-v2.0","0.50|0.95"
401,500,2,1,"L'Ecuyer-CMRG","10407_-279433737_-91735510_-2047632209_-219928090_-112102314_1452390422","10407_1014065577_826648117_1039518932_-1569800446_630190869_814112914",1046827778,1158493692,2015772371,1076657670,262823759,1004232551,521226529,78.499,6.52000000000001,6.66900000000001,1.946,2.12700000000001,467.831,1,NA,"07061f0f18b6","not-a-git-build","951d9a80e7940d4748fa2958a040207b","confirmatory",594.142,40.1425349673639,12.7727622425272,39.0878505234921,-9.01813145552276,59.6032560132256,11.3813379570144,1611.42311360603,163.143455304128,1527.86005854686,81.3266949490891,32.6506275144959,7.77156553956057,0,0.11,0.297,0.704,15.3352780367066,45.3495501363785,10.0173332669163,30.9882532061411,42.7265774251208,11.6387159844775,41.6344969677866,-7.96320179060804,62.1499024575201,12.4362676219292,1825.56041846484,135.459709767332,1733.43133776063,63.4125827579431,34.8328500433015,6.94453487458295,0,0.088,0.311,0.812,16.1386268269424,48.0399872692424,10.4086309206491,31.2827583098454,43.6666904046634,12.9695288835298,41.1498511829058,-8.899524705413,61.6652566726393,11.4999447071242,1906.77985089672,168.208679460713,1693.31025237529,79.2015399822563,32.2673639185764,7.29986568654919,0.043,0.347,0.438,0.945,23.0472063312467,68.9473304465586,15.6712015935606,49.5285284953049,43.9751352607664,11.9642815121115,41.4121087076342,-7.64008586232787,61.9275141973677,12.7593835502093,1933.8125212027,143.144032101052,1714.96274761291,58.3709119837421,32.4390805833775,6.66037028490588,0.067,0.333,0.516,0.982,23.961967931519,71.0667876375702,17.3886139651924,52.6813930612375,49.2313564092612,70.4955885881762,2.87696570371711,19.7850072233587,56.2801924131493,63.1347117545336,8.31777837573945,14.5322128077557,21.2642321789151,16.9080415196416,6.85451934138433,6.21443443201626,0,0,0,0,51.5222716350949,72.1631516300118,3.63238170351948,20.7556530110647,58.6901578934586,66.0778726770386,9.26300272681774,15.4867428827726,20.6408799949169,17.1232713075452,7.38771478357991,6.22374015595481,0,1,0,0,50.1787848977622,72.6447459301993,1.82262850962668,20.564573691592,57.9755829208633,65.3142906539557,7.82775293473054,15.0355329144568,22.4659610324371,18.7419451819654,7.33870773309245,7.20777997972623,0,1,0,0,51.0680446531425,72.3181809768746,3.06381349307087,22.6235916848041,58.5710104846071,65.6037040139804,9.63555478054825,16.0462355343304,21.2501363237321,19.5597781917332,7.03269352937335,6.41068075378219,0,1,0,0,141.03199834279,723.049130932633,34.9606648914921,87.1714286845447,125.696720306084,677.699580796254,24.9433316245758,56.1831754784037,150.464007408192,772.250687591529,31.7043484758205,54.246111505676,134.325380581249,724.210700322287,21.2957175551714,22.9633531958307,142.085930660846,561.559258212869,33.0360569303356,57.5310655681232,119.038724329599,492.61192776631,17.364855336775,8.00253707281828,143.088710244879,546.469184873241,29.8084989208639,54.5223016637754,119.12674231336,475.402397235671,12.4198849556716,1.84090860253791,1169.90226896002,41.4865290867809,149.913667035047,29.6834608511422,1260.91552580937,17.1232713075452,160.08672439848,25.8746462750134,1209.00113735358,18.7419451819654,157.179417457612,28.663525972048,1243.35570286009,19.5597781917332,159.255113508868,23.8236162666093,20.5154054897335,20.3994694125372,0,"e3-v2.0","0.50|0.95"
402,500,2,1,"L'Ecuyer-CMRG","10407_-374822534_-1250713686_-1483101277_447173119_-1715758244_1669172358","10407_122543838_947897031_328835736_1369611814_-2126274849_-1585242015",2015772371,1076657670,262823759,1004232551,521226529,1868419747,1976514595,82.042,5.68600000000004,6.43600000000004,1.91799999999989,1.96900000000005,461.817,1,NA,"07061f0f18b6","not-a-git-build","951d9a80e7940d4748fa2958a040207b","confirmatory",588.298,31.2966761186685,9.09862119190295,29.9387299361092,5.15721966627578,49.8471773139346,25.1509239586869,979.481936076833,82.7849075937455,896.32755018728,26.5969146862216,24.4225214286793,5.18882391744491,0,0.138,0.464,0.943,12.9332133118946,39.1057901728884,11.7432352881747,34.7233494789036,32.2038992343527,9.02405401959458,30.8386334041942,5.55387116811348,50.7470807820196,25.5475754605246,1037.09112589635,81.4335509485611,951.021310238281,30.8454849520022,25.2753260720624,5.17489389388432,0,0.11,0.525,0.975,12.9582311688234,39.5707989565219,13.4865522867201,39.1199237636672,29.8389148891838,7.89826948021149,28.1301506901751,4.2494216489863,48.0385980680005,24.2431259413974,890.360841763957,62.3826607820403,791.305377851961,18.0575843508734,20.8925358022107,4.92913653684782,0.014,0.461,0.698,1,17.4452357158611,56.0174036911882,17.863976829042,53.6089491308234,32.3492887631031,9.85454028939737,30.6907690852721,4.59779678824598,50.5992164630975,24.5915010806571,1046.47648347863,97.1119643153559,941.923307045491,21.139735306005,23.7775500331932,5.72224102707852,0.002,0.332,0.526,1,15.1443993182495,52.4722132515612,16.0341588396343,47.6332722172578,39.8791902684151,59.1242885182795,16.3562406094481,33.8232873583093,46.0521052523698,53.6115133336368,21.9170130451468,28.0762667638666,19.2450982498644,17.4670467488611,7.55940808126699,6.15925371871979,0,1,0,0,41.5944275815728,61.4132920064716,16.2337980545024,35.4602150503914,47.3175757082194,53.89776103486,22.3195223788946,28.6062987209795,19.8188644248988,19.226416995889,6.5801853266406,6.28677634208482,0,1,0,0,35.1989123885687,58.7356210025615,14.7156597763133,34.0463321577079,44.3760361752861,51.9987173263026,21.1503086050187,27.0136190580859,23.5367086139929,19.3306723813946,7.62268115101651,5.86331045306716,0,1,0,0,39.874123206196,61.7805637108301,15.0635021017944,34.4769229046967,46.4940365725172,54.2046987069536,21.1554356815502,27.917857829741,21.9064405046341,19.4134208029023,7.71066213443638,6.76242214819079,0,1,0,0,106.892251961603,479.307949250678,23.5599257751,38.9792260561683,93.9590386497083,440.202159077789,11.8166904869253,4.25587657726467,109.57541109866,524.639241991543,23.3193290134706,40.9749825288091,96.6171799298365,485.068443035021,9.83277672675049,1.85505876514188,94.7596479759157,249.0410932937,22.1164964375613,53.6089491308234,77.3144122600546,193.023689602512,4.25251960851932,0,107.129211733464,360.796992756992,25.8162763098995,47.6332722172578,91.984812415215,308.324779505431,9.78211747026514,0,818.074813873453,17.4670467488611,112.134039579444,13.8524887296626,887.258072574794,19.226416995889,116.216698648217,15.590048688019,635.155309043723,19.3306723813946,105.493036340859,10.4897277034976,820.533473639457,19.4134208029023,114.053018913204,11.4093477047473,19.9084473778254,19.9937042924111,0,"e3-v2.0","0.50|0.95"
403,500,2,1,"L'Ecuyer-CMRG","10407_293181195_-1873674827_-653856516_1134652860_870022468_1670926393","10407_-985682030_1135657240_-1921270367_-874724367_2026133231_658707302",262823759,1004232551,521226529,1868419747,1976514595,950360933,1334194331,80.3240000000001,5.17099999999994,5.17499999999995,2.07600000000002,1.84500000000003,474.528,1,NA,"07061f0f18b6","not-a-git-build","951d9a80e7940d4748fa2958a040207b","confirmatory",598.11,33.7633084400261,6.6441375521011,32.7792515028034,0.812667058233899,52.5965504861106,20.7969845554766,1139.96099681634,44.14456381124,1074.47932908404,0.660427747538539,27.734144865974,3.84273497428105,0,0.069,0.568,0.999,11.3315979566371,35.8652432202462,11.285526455927,33.6009156525187,34.2206700243549,7.01684327537686,33.1776305140784,1.13008289111021,52.9949294973855,21.1144003883529,1171.05425691578,49.2360895512014,1100.75516652871,1.27708734078002,27.8347753340318,4.06421215944571,0,0.061,0.598,0.991,12.2969688532638,37.4962314194804,12.2113114024178,35.847614469188,33.2180514712101,6.292834887332,32.1743399103872,0.807198240315817,51.9916388936944,20.7915157375585,1103.43894354397,39.5997709192227,1035.18814866914,0.651568999168951,25.6221880778395,4.07723638464415,0,0.213,0.785,1,14.7550732301318,47.483512305996,15.7539397431827,47.6230098274432,34.0204929859464,7.88679558330694,32.9935969406941,1.74689336318704,52.8108959240013,21.7312108604298,1157.39394300683,62.2015445728698,1088.57743908498,3.05163642234692,26.8096023842995,4.59218635321967,0,0.144,0.521,0.998,13.5380560252857,44.4838862873889,12.4257596639497,42.9720518153646,42.8696795243509,61.626831815127,11.7736666452009,29.6385397443332,49.4794611221797,55.8380002216855,17.7455811899298,23.8490018091451,18.757152290776,17.8648730991323,6.35853909950586,6.10342061921537,0,1,0,1,43.4839060961828,62.9638853851582,11.6785842216652,29.6723496936773,49.6479542240628,56.4090057755881,18.1335161425252,24.1482318064351,19.4799792889754,17.9937654720121,6.76105155152528,6.0147156639099,0,1,0,1,41.1655816712888,62.3135987172272,11.7016958008782,30.7186836035262,48.2410564753084,55.6875389862362,17.7217675524397,23.6264423158159,21.1480170459385,19.016987802648,7.44648251092774,5.90467476337624,0,1,0,1,43.1502051101982,63.0220188894785,12.8631333691703,30.3696243467608,49.2224728048147,56.5965681080967,18.6710357731986,24.7908599396437,19.8718137792802,17.5064909775906,7.3740953032819,6.11982416644505,0,1,0,1,120.031346345791,616.007529507509,17.4217097395297,33.6038319084648,108.699748389154,580.142286287262,6.13618328360267,0.00291625594615026,120.900337277844,602.300575239683,18.2647149980977,36.343615297177,108.60336842458,564.804343820202,6.05340359567992,0.496000827988989,114.682489522104,389.885873544753,18.5388510906956,47.6230098274432,99.9274162919726,342.402361238757,2.78491134751287,0,118.579632222626,485.188895515001,20.7739728126669,43.0800002597114,105.04157619734,440.705009227612,8.34821314871711,0.107948444346845,940.852373932527,17.8648730991323,125.007187654996,6.10342061921537,966.144263804,17.9937654720121,126.083672514548,6.0147156639099,875.079324565203,19.016987802648,121.141512478933,5.90467476337624,953.188058854922,17.5064909775906,124.994790589312,6.11982416644505,19.8172989833071,19.9843174972427,0,"e3-v2.0","0.50|0.95"
404,500,2,1,"L'Ecuyer-CMRG","10407_328395940_1864042965_709773383_77244992_-1892000852_720345634","10407_1371133090_-449190050_-1921602411_589443949_1116683995_35650087",521226529,1868419747,1976514595,950360933,1334194331,1855652962,530669318,80.605,6.7059999999999,5.5630000000001,2.702,1.93600000000015,457.964,1,NA,"07061f0f18b6","not-a-git-build","951d9a80e7940d4748fa2958a040207b","confirmatory",581.247,35.3791946072709,9.50627166313466,34.3058325944606,-4.19327645523319,54.4450056967528,15.9467541686429,1251.68741105915,90.3692009333169,1176.89014999915,17.583567430013,29.2726665892458,5.50191012848231,0,0.037,0.366,0.915,11.403039017012,35.6999449777002,10.2950040853498,31.4151866451778,37.1624323984678,9.44926310656028,36.1209953924429,-3.96761743551241,56.2601684947352,16.1724131883637,1381.04638177069,89.2885732570012,1304.72630814088,15.741988114582,30.7136755665624,5.39142861460177,0,0.025,0.428,0.951,12.3653817897517,37.7629484890934,12.1517680554132,35.2289408315237,35.6064116298269,11.0370192110103,34.2733653088639,-4.1111028252297,54.4125384111561,16.0289277986464,1267.81654915267,121.815793064211,1174.66356959483,16.9011664396116,27.4460033668915,6.31525786022787,0.003,0.284,0.523,0.986,14.9619761283078,50.9222571697627,16.5294263996957,52.7163735857945,38.0787794544087,10.7866594085609,37.0816997988471,-2.88592930083941,57.2208729011394,17.2541013230367,1449.9934447375,116.352021196295,1375.05245997182,8.32858792944347,30.4909644754231,6.16944672085618,0,0.129,0.485,0.954,14.3201552798313,47.1554540148085,14.8664310285736,46.1132811496406,44.5107116249243,65.0868655084332,6.84680539047782,25.9234611146772,51.2265182930377,58.0460295123198,12.5534878361438,19.2474956332011,20.5761538835089,19.0766557241993,6.81951121928211,6.69400779705727,0,1,0,0,45.9244608466607,67.715366256632,7.74374705839499,25.6146623583272,52.9601357919885,59.7862963821049,13.0607908183057,19.127929641734,21.7909054099713,17.8709152999322,6.82616059011643,6.06713882342835,0,1,0,0,44.3736264099969,64.3754246862853,7.08155854894219,26.349070772655,51.1088643831379,57.8469398991015,12.0644448484738,19.4185628405865,20.0017982762884,19.2675122237128,6.73807551596366,7.35411799211268,0,1,0,0,46.2401405263001,68.6589744826483,7.06751620984126,26.8753210213894,53.0932070500717,61.4386565123574,14.0840718710761,20.4190685341146,22.4188339563482,19.8078048115481,8.34544946228572,6.33499666303849,0,1,0,1,126.303483574832,685.873708116357,25.0231717757142,40.7310582267365,114.90044455782,650.173763138657,14.7281676903644,9.31587158155867,132.475463741879,712.442300241607,24.4087968871622,39.6671356375341,120.110081952127,674.679351752514,12.2570288317489,4.43819480601037,123.181808859203,458.268560306847,28.2703176670665,53.9328145266583,108.219832730895,407.346303137085,11.7408912673708,1.21644094086375,135.057456777933,569.078076056634,27.5508158777029,50.4112574997077,120.737301498102,521.922622041825,12.6843848491293,4.29797635006708,995.437694788789,19.0766557241993,131.168891982264,10.2641477597575,1053.20241518471,17.8709152999322,138.110011348901,10.1155427519966,989.379930584476,19.2675122237128,130.616840639346,10.2399891252712,1066.45753091666,19.8078048115481,140.161585253404,6.33499666303849,20.1391731022922,20.1400306238761,0,"e3-v2.0","0.50|0.95"
405,500,2,1,"L'Ecuyer-CMRG","10407_-70694971_-843318121_-995634264_785499361_-318312930_1512238894","10407_1374862279_-2090239121_152785487_817363542_513229382_1408696103",1976514595,950360933,1334194331,1855652962,530669318,649073358,811817998,78.769,4.8420000000001,6.41399999999999,1.89300000000003,1.86400000000003,457.472,1,NA,"07061f0f18b6","not-a-git-build","951d9a80e7940d4748fa2958a040207b","confirmatory",578.884,31.0253420734016,7.58701034997094,29.1062302191849,4.59860661935674,49.0566008351891,24.6693564121174,962.571850771581,57.5627260505661,847.172637572195,21.1471828395916,22.7831765794353,4.42215890005598,0.035,0.325,0.589,0.999,16.5560804720854,47.3949837401956,13.8509905210921,40.7626984286164,33.516010198647,9.80333719787054,31.0019342339363,5.7208180929531,50.9523048499404,25.7915678857138,1123.32293963581,96.1054202151522,961.119926245312,32.7277596526596,24.7319212079397,5.58461213798025,0.058,0.315,0.497,0.99,16.4419487724051,49.4525282667045,13.9241149796596,40.7144488204289,35.8895101935928,11.8156317619838,29.5011461757814,6.71062505908616,49.4515167917855,26.7813748518469,1288.056941936,139.609153934801,870.317625684819,45.0324886836352,24.2099844196952,6.7856401694491,0.176,0.525,0.489,0.975,21.7213055883535,65.6060141961538,17.0768413504037,51.9723202007593,37.8278673417773,14.3582785906745,29.3936101753689,7.53942781891684,49.343980791373,27.6101776116775,1430.9475476271,206.160164087422,863.984319141551,56.8429718366571,25.3958109917995,8.24907299914772,0.188,0.504,0.506,0.983,22.2334177224053,64.7718334055587,21.6037588891838,62.9712284115958,39.0185780451721,59.97225841105,13.8709466921618,34.4918866947771,44.9665508984312,52.7570632790864,21.2702836449014,28.2261496858417,20.9536803658779,20.6209400026153,7.79051238065527,6.95586604094028,0,1,0,0,40.9288496655214,61.5591546749741,16.1323482045839,34.9976481242379,47.3161948122322,54.5754162555419,22.3688168183397,29.296629441756,20.6303050094527,18.865299919654,7.25922144330967,6.92781262341629,0,1,0,0,39.3315812406222,59.2610466036235,16.7867442513805,37.3422794751413,45.9523404665592,52.8921794886625,23.204244182493,30.5919091359445,19.9294653630013,20.5555352237608,6.93983902210332,7.38766495345151,0,1,0,0,39.965855626425,60.3095123173096,17.4244451106492,36.990958503517,45.4935863764194,52.6684394489285,23.855290689026,31.3341224095691,20.3436566908845,19.5665133928678,7.17485307250912,7.47883172054307,0,1,0,0,100.782682496573,363.93845507193,19.504605689828,40.7635232867998,84.226602024488,316.543471331734,5.65361516873589,0.000824858183395064,108.704671009213,430.798632987195,25.2138331298477,41.2873577028546,92.2627222368082,381.346104720491,11.2897181501881,0.572908882425712,107.600217160698,365.679664589039,30.2990101081787,54.7824132415721,85.8789115723441,300.073650392885,13.222168757775,2.81009304081274,111.479686593704,431.573560466736,37.4343367285679,64.7168393093801,89.2462688712983,366.801727061177,15.8305778393841,1.7456108977843,783.681977532596,20.6209400026153,107.855233510363,11.7540014495031,859.769466990143,18.865299919654,116.722518228222,16.1200807257323,795.177890347722,20.5555352237608,110.947718424324,19.9216425123807,820.963057107721,19.5665133928678,109.34771611417,22.6169953056045,19.9503706160041,20.0707497927607,0,"e3-v2.0","0.50|0.95"
406,500,2,1,"L'Ecuyer-CMRG","10407_38990068_-1434696995_-224883648_540857526_1980957804_1232011611","10407_-603793528_-1777083552_-998726654_339417950_-251844379_177464196",1334194331,1855652962,530669318,649073358,811817998,1606050829,1495090128,80.1770000000001,7.02299999999991,5.58900000000017,3.029,1.89699999999993,462.377,1,NA,"07061f0f18b6","not-a-git-build","951d9a80e7940d4748fa2958a040207b","confirmatory",583.837,38.950062119961,9.80588966998257,38.237962070115,4.32075022632023,58.5967162218255,24.5234006058614,1517.10733914882,96.1554722198708,1462.14174327555,18.6688825182463,32.6746605935016,5.65765511436795,0,0.003,0.404,0.905,13.0181195393279,38.8394411537586,11.0727005611117,33.2548779601672,40.9566987629029,10.170228600377,40.3821808212536,5.96315135037694,60.7409349729641,26.1658017299181,1677.45117355517,103.433549783926,1630.72052788042,35.5591740275024,34.4694890467989,5.8152452081587,0,0.001,0.472,0.909,13.5443468558471,41.1075000191126,12.3188603068792,36.8719023045015,39.6351870656806,10.393577174551,38.1963769528481,4.07244712609306,58.5551311045586,24.2750975056342,1570.94805373149,108.026446483347,1458.96321232406,16.5848255948237,30.3924214659049,6.01394539046544,0.023,0.214,0.598,0.989,19.6157855747389,58.4903824372496,17.802892087642,53.6315311916781,41.2686842376366,10.0080116975016,38.4426809763424,4.29394829799411,58.8014351280529,24.4965986775353,1703.10429870575,100.160298137329,1477.83972064883,18.4379919858465,30.7855565459293,5.8419757750089,0.083,0.306,0.613,0.988,21.0092286592515,63.6105594174729,16.7567980446444,53.0563149909611,46.9187079882334,69.3868853034805,14.1510991610017,34.2009852833775,54.6869408984381,62.6143148949847,21.2162360805,27.7419430610689,22.4681773152471,20.0498861223758,7.92737399654662,6.52570698056891,0,1,0,0,50.499571103322,71.3503840795159,17.2438840367308,36.1917282126894,57.2943057350367,64.3223654271111,22.8183758223996,29.5521536617813,20.8508129761939,18.9478441759586,7.02805969207438,6.73377783938172,0,1,0,0,47.3015638680643,69.6417487909895,14.516851878437,34.893103343364,54.8434525707425,62.488197663519,21.0541795262253,27.5960822546324,22.3401849229252,20.376251464927,7.64474509277656,6.54190272840713,0,1,0,0,48.23775279013,69.9861816532364,14.8336306994913,34.5825992936974,55.168888108643,62.2469459983707,21.1382601583546,27.6742369802386,21.7484288631064,19.7489685942061,7.07805788972767,6.53597682188392,0,1,0,0,140.124927011653,786.711646835232,25.5864679738129,44.0678763378955,127.106807472326,747.872205681474,14.5137674127012,10.8129983777283,147.668240516071,851.332171688008,26.2645791599852,48.9408288189319,134.123893660224,810.224671668895,13.945718853106,12.0689265144304,133.806786516858,532.294293446033,26.8855564721685,54.8799826712535,114.191000942119,473.803911008784,9.08266438452652,1.24845147957534,137.078309357748,506.254213297123,26.0105534422018,55.1333726354978,116.069080698497,442.64365387965,9.25375539755737,2.07705764453669,1084.86633077616,20.0498861223758,145.240120983457,10.5800497844041,1226.48349104065,18.9478441759586,154.770266025379,17.1966796108153,1100.05257357707,20.376251464927,145.583538768904,9.94801931514366,1136.90837439988,19.7489685942061,146.318593717458,10.2784159371378,20.3587541517105,20.2026503795412,0,"e3-v2.0","0.50|0.95"
407,500,2,1,"L'Ecuyer-CMRG","10407_-1741358282_562738392_306453477_1361274494_1093384713_-1972177491","10407_667235349_-1020693190_45831960_-1260274709_-382642861_1261705436",530669318,649073358,811817998,1606050829,1495090128,1499095592,2112882146,80.817,4.81400000000008,6.48000000000002,1.81799999999998,1.89400000000001,457.202,1,NA,"07061f0f18b6","not-a-git-build","951d9a80e7940d4748fa2958a040207b","confirmatory",579.267,31.319351526186,9.88003352175946,30.5862589128188,-4.43440766797153,50.9620444167146,15.8148668971774,980.901780020811,97.6150623910906,935.519234281987,19.6639713657647,24.8839381875819,5.64870627185011,0,0.104,0.431,0.91,13.4751975975592,39.9204058270937,11.6435766353041,34.8886838399037,31.1787848967215,10.9348320385121,30.4359437120277,-4.38078549839975,50.8117292159235,15.8684890667491,972.116627636028,119.57055171047,926.346669641715,19.1912815829896,24.1913756389212,6.26555856446645,0,0.155,0.417,0.911,14.9014950943671,43.911311696149,12.8895797917192,37.7867069607862,32.0576139957101,13.894502171443,30.569152447682,-5.47615531354804,50.9449379515778,14.7731192516009,1027.69061509795,193.057190592235,934.473081369625,29.9882770181004,23.2241829646094,7.98381944914164,0.028,0.396,0.467,0.956,17.6418885091986,58.3412188872369,18.2995213927491,56.13621704524,31.1290428438643,11.4352456740292,30.1161084361866,-5.38894040481996,50.4918939400824,14.8603341603289,969.017308375139,130.764843625403,906.979987340151,29.0406786867011,22.6182663939495,6.56681537090998,0.01,0.433,0.461,0.959,17.6833103888426,57.4871563285802,15.2593507201832,48.7494520956742,41.2914089156899,61.8580261731863,5.51592868764334,25.5413171305703,47.1110653958709,54.7470614160475,12.5771881127449,19.1233634451743,20.5666172574964,20.025388442927,7.63599602017658,6.54617533242937,0,1,0,0,39.0733100596575,61.8302024018091,7.40079994459517,24.039482604031,47.1362240363155,55.0431359572735,12.4453741618165,19.3978376912718,22.7568923421517,16.6386826594358,7.90691192095795,6.9524635294553,0,1,0,0,40.2168586932892,60.9467675437522,5.45874897115794,24.5386738211856,47.3119597224706,54.4916373223914,11.5817572231961,18.0344768678257,20.729908850463,19.0799248500277,7.17967759992083,6.45271964462961,0,1,0,0,38.810727356634,61.7306963573089,5.44753722215553,24.6283179666272,46.6096910397085,54.5848860960388,11.7221704149869,18.1762043233,22.9199690006749,19.1807807444717,7.9751950563303,6.45403390831316,0,1,0,0,109.180745227155,438.83299699569,25.5437319805069,46.231301512271,95.7055476295959,398.912591168596,13.9001553452028,11.3426176723674,107.092943219484,390.909162665635,28.4216545835513,49.6230020457996,92.1914481251173,346.997850969486,15.5320747918321,11.8362950850133,105.187760869797,299.716391320418,36.0717803268017,61.5023374778538,87.5458723605988,241.375172433181,17.7722589340526,5.36612043261379,103.792965304757,280.174766648863,29.1435910130614,53.2518390542842,86.1096549159145,222.687610320282,13.8842402928782,4.50238695860995,857.191553729259,20.025388442927,114.577115588077,11.0498198123278,770.657874572617,16.6386826594358,114.948666050637,10.3582110249636,814.372836426197,19.0799248500277,114.92437447422,15.3119104339222,760.3176431102,19.1807807444717,112.910817199581,14.7463148757086,20.3757855038958,20.2492745651489,0,"e3-v2.0","0.50|0.95"
408,500,2,1,"L'Ecuyer-CMRG","10407_2137799609_-1403876999_366416069_1508360133_729462882_681187795","10407_1617583035_1165390393_114414656_-191781799_-1951920433_2146438446",811817998,1606050829,1495090128,1499095592,2112882146,848485326,1726967332,80.8519999999999,5.66800000000012,7.03699999999981,1.92999999999984,2.65099999999984,460.157,1,NA,"07061f0f18b6","not-a-git-build","951d9a80e7940d4748fa2958a040207b","confirmatory",584.847,40.898489743805,8.19227030940311,39.9208232925201,1.66810740080887,59.7517094019319,21.6391413083963,1672.68646332412,67.1132928223278,1593.67213235262,2.78258230063333,34.2329079146919,4.6889975559939,0,0.008,0.438,0.964,13.5266690348877,39.0035125961977,10.5830148181594,32.3057103130705,41.2346662359737,8.53006829306779,40.2541910685187,1.34450874486834,60.0850771779304,21.3155426524558,1700.29769959215,72.7620650844005,1620.39989858081,1.80770376502743,34.2642431839977,4.88053902969821,0,0.017,0.524,0.98,13.9193348790716,41.9471483306535,12.7547621901932,38.0454197495898,42.2747999036807,9.84619072151929,41.1737731323293,3.0869604248225,61.0046592417411,23.0579943324099,1787.15870689624,96.9474717245325,1695.27959395252,9.52932466442029,34.079344637276,5.63465454145523,0,0.068,0.53,0.994,15.8782964688281,50.137491161474,15.203113231228,46.8866465973956,42.3988671332328,9.12441813790713,41.4678816460869,2.97097750336853,61.2987677554987,22.9420114109559,1797.66393418153,83.2550063553687,1719.58520821387,8.82670732552189,35.0165684609809,5.23089785979544,0,0.035,0.451,0.976,13.1437646205858,47.1333210301532,12.4159107661431,40.9052813820322,46.980970044028,71.3514349937174,12.8255503137347,31.0024043029751,55.8840219804267,64.1871173122294,18.6714830721127,24.5601212887794,24.3704649496894,18.1768539892403,8.30309533180267,5.88863821666668,0,1,0,1,47.9748249804115,71.3877595224636,10.7803658219461,31.6263641235397,56.2715135583875,64.0994532614766,17.4402552115442,24.7321137387991,23.4129345420522,20.8459983015936,7.82793970308909,7.29185852725484,0,1,0,1,50.8479621588105,71.8117907497889,13.4761116893166,31.9285529988938,56.9802974909831,64.727419242189,19.7309814878657,26.6250860676167,20.9638285909784,18.4524413095772,7.74712175120597,6.89410457975104,0,1,0,1,50.8420899910865,72.4871658756818,11.9618079271603,32.7128425714791,57.0965720821888,65.1525495638193,19.5874218530204,26.5339631162881,21.6450758845952,20.7510346443188,8.05597748163049,6.94654126326766,0,1,0,1,146.387391543801,843.192373381744,21.3080220332726,35.8137570495252,132.860722508914,804.188860785547,10.7250072151131,3.50804673645476,147.074592772111,822.626547616819,22.0319059124806,39.6780656624516,133.15525789304,780.679399286166,9.27714372228734,1.63264591286178,148.360736915052,727.770326313478,25.3427773742211,47.2501492535177,132.482440446224,677.632835152005,10.1396641429931,0.363502656122173,152.371047811527,790.740836303252,23.7259469014828,42.934190691011,139.227283190941,743.607515273099,11.3100361353397,2.02890930897882,1110.37382233434,18.1768539892403,152.515638815862,5.88863821666668,1149.17048938204,20.8459983015936,153.590449498992,7.29185852725484,1261.64687056693,18.4524413095772,156.344767277491,6.89410457975104,1262.09323115158,20.7510346443188,157.118721372739,6.94654126326766,19.8308861094118,19.9710339075874,0,"e3-v2.0","0.50|0.95"
409,500,2,1,"L'Ecuyer-CMRG","10407_1825825304_-162952747_1179960800_-2063072001_-1482588152_1235778633","10407_-326594769_-930501374_-2013378914_-1464343640_713688305_-604939844",1495090128,1499095592,2112882146,848485326,1726967332,1291124141,1980508576,83.2910000000002,4.94300000000021,5.02300000000014,1.86400000000003,2.66200000000026,460.714,1,NA,"07061f0f18b6","not-a-git-build","951d9a80e7940d4748fa2958a040207b","confirmatory",587.06,35.4990534588801,10.7690840233326,34.5046192517943,5.13713510764305,54.5073552463058,24.970316771891,1260.18279647643,115.973170701598,1190.56874971129,26.3901571141787,29.4555140769935,6.35643413650781,0,0.025,0.304,0.849,11.4900720952425,35.3966790116025,9.74686544057446,31.9091816993549,36.6778575145279,11.904448879144,35.6897294227271,6.99677501897697,55.6924654172386,26.8299566832249,1345.26523185601,141.715903116154,1273.75678626747,48.9548606661802,30.1894914682032,7.01579313298871,0,0.03,0.313,0.843,12.3540865968821,38.7936896816861,11.2468180876688,34.6516066258976,37.4870909216732,11.704279859469,36.458233224861,5.48734035710406,56.4609692193725,25.320522021352,1405.28198576979,136.990167028772,1329.20276987836,30.1109041947029,30.3552927659717,6.71521458370262,0,0.118,0.406,0.931,13.0120771792219,44.2112833703868,14.0981715525852,44.2657613977393,37.9639957447044,11.7737377553592,37.0125274297543,6.84775305069612,57.0152634242659,26.6809347149441,1441.26497290393,138.620900731971,1369.92718673832,46.891721843318,30.3729823026757,6.74835327296058,0,0.127,0.396,0.937,14.3636535555141,47.6411179234981,13.2046410742123,43.2932564517466,42.4563072711343,65.4670003524588,15.4764276778011,35.583890435713,50.5297193159109,58.8326978829251,21.3792274851002,28.3937538573257,23.0106930813244,20.1074627579119,8.30297856701421,7.01452637222551,0,1,0,0,44.6392060885369,66.0880065419201,17.2146080700902,36.1224006620601,51.8860599065966,59.449023766679,23.78342008598,30.097217175594,21.4488004533832,18.9077925919699,7.56296386008243,6.31379708961402,0,1,0,0,46.906860605246,66.827166982341,16.8959260276169,34.3521123720141,53.0250725370332,59.6388890212152,22.1223137820248,28.9144593059678,19.920306377095,17.4561863443972,6.61381648418196,6.79214552394293,0,1,0,0,47.7334417680621,67.0058623954609,16.4486204757437,36.6342850343365,53.2953183557728,60.5663660861676,23.3877962513326,29.9482898507252,19.2724206273988,20.1856645585928,7.27104773039484,6.56049359939259,0,1,0,0,126.95102720201,702.631509838497,28.9368077305344,50.9017191969233,115.460955106768,667.234830826895,19.1899422899599,18.9925374975684,130.475426158576,694.169049461185,31.7529442605102,57.5866619691088,118.121339561694,655.375359779499,20.5061261728414,22.9350553432111,133.41045575526,618.42329205001,30.1049027747898,51.5232752916763,120.398378576038,574.212008679623,16.0067312222046,7.25751389393695,134.589932984386,588.884652221837,30.5849198208622,50.9406310825393,120.226279428872,541.243534298338,17.3802787466499,7.64737463079271,921.153544146236,20.1074627579119,130.410911852612,13.1987096556344,1006.9076042144,18.9077925919699,135.096259508423,22.1147507765422,1096.08529080647,17.4561863443972,138.703162654269,15.9486739950504,1128.50065156942,20.1856645585928,140.44137717544,20.7789519477313,20.0027359945115,19.8331816642479,0,"e3-v2.0","0.50|0.95"
410,500,2,1,"L'Ecuyer-CMRG","10407_70730824_-423025884_-1977972597_-2100501192_-763401359_863036145","10407_2134004603_2067241053_-1315301442_1101246776_-158960397_503136325",2112882146,848485326,1726967332,1291124141,1980508576,293560182,268035457,82.9229999999998,7.15300000000025,5.45699999999988,2.56700000000001,1.92499999999973,462.304,1,NA,"07061f0f18b6","not-a-git-build","951d9a80e7940d4748fa2958a040207b","confirmatory",588.751,35.1274252566486,11.039265451335,33.8698734720285,5.36247490526198,53.7862773946748,25.6166680816871,1233.93600516144,121.865381705038,1147.16832901122,28.7561371095644,28.058413861968,6.49650320876063,0.005,0.1,0.342,0.843,13.6664351060548,41.2375898761532,10.4241734392321,32.6170209764303,35.505252498476,10.3432687561773,34.1188733364432,5.16882849928651,54.0352772590895,25.4230216757116,1260.62295498054,106.983208562514,1164.09751774826,26.7167880550364,27.724353013319,6.02781084320666,0.001,0.172,0.399,0.886,15.1528510684487,45.5826709081159,11.292962296766,33.7214635874092,36.9823731175087,13.2203238419374,35.0108619705456,7.46684582051611,54.9272658931919,27.7210389969412,1367.69592140263,174.776962485699,1225.7604559206,55.7537865073589,26.8420361563045,7.66549118003784,0.008,0.378,0.401,0.958,19.3929902362191,61.5096883648144,16.9389295945721,50.3794377561088,36.8079727445806,13.1769385837194,35.2201779112247,6.8158654196132,55.136581833871,27.0700585960383,1354.82685756579,173.631710439113,1240.46093209832,46.456021418279,27.8186229552381,7.68371811591035,0.03,0.279,0.37,0.907,18.1260998288523,56.4031772203996,13.3566561306482,43.8712230429409,42.7068618655237,64.8144613351242,15.3745968711122,35.8113714381507,49.8386377640722,57.5905226899909,22.3096407560246,28.6487394907247,22.1075994696004,20.4367745670385,7.75188492591862,6.33909873470018,0,1,0,0,42.1773328174619,65.4374376059656,17.1859328238114,33.4966097365423,49.7548299859396,58.1981479707469,22.7224010033218,28.2586328385257,23.2601047885037,16.3106769127308,8.44331798480732,5.53623183520395,0,1,0,0,43.2471466783031,66.4489889419077,18.3222320971429,36.6696299527348,50.7045884872833,59.3114928168991,24.0895073353894,31.0623786150815,23.2018422636046,18.3473978555918,8.60690432961585,6.97287127969207,0,1,0,0,44.133099387887,66.0192941321916,17.9079873323952,37.0893686501638,51.3601733748151,58.6726033409793,23.7972161031068,30.0436540341691,21.8861947443046,19.1813813177687,7.31242996616423,6.24643793106228,0,1,0,0,122.387626802403,575.677727677682,29.6254083753631,50.3451957835863,108.721191696348,534.440137801529,19.2012349361311,17.728174807156,121.827952569706,513.657729468624,27.430312361288,46.5548164029406,106.675101501257,468.075058560508,16.137350064522,12.8333528155313,120.787713239242,376.834976453604,34.744305857733,54.1556239784565,101.394723003023,315.325288088789,17.8053762631609,3.77618622234769,123.629943106894,448.130986308922,35.6714812284359,52.5817829745923,105.503843278042,391.727809088523,22.3148250977877,8.7105599316514,933.725917184695,20.4367745670385,127.440820291622,14.560889053098,913.697260581127,16.3106769127308,127.79702223798,15.4090631427905,956.431552489876,18.3473978555918,131.759642588164,22.3141279155494,990.554013353932,19.1813813177687,133.087507774839,20.4185296377891,19.9164039226463,20.2541931764251,0,"e3-v2.0","0.50|0.95"
411,500,2,1,"L'Ecuyer-CMRG","10407_1291062689_275151259_-2067027892_-1002138582_-1542607123_559630683","10407_-1507507973_-1155412020_1818419650_242526707_-1356354536_-833434369",1726967332,1291124141,1980508576,293560182,268035457,2081860646,1800722097,81.6330000000003,6.4380000000001,4.971,2.30799999999999,1.9079999999999,475.411,1,NA,"07061f0f18b6","not-a-git-build","951d9a80e7940d4748fa2958a040207b","confirmatory",598.531,33.1185909586603,10.5848671288882,32.2446650191402,7.59555515306043,52.4904494960898,27.7792032380583,1096.84106708706,112.039412136217,1039.71842219656,57.6924580831829,27.2590781051405,6.26223671541242,0,0.035,0.303,0.916,11.2507024935412,35.0449529838742,9.85157989598163,30.8413866534507,34.4325138843041,10.8032727828265,33.4404757220098,7.71597822761481,53.6862601989594,27.8996263126127,1185.59801239279,116.71070282016,1118.26541651433,59.5363200090258,27.9717714205867,6.26951422434597,0,0.047,0.353,0.945,12.8161085599843,38.1105484448481,11.7560170018202,35.5044065362072,34.3910598374881,8.94047090586833,33.3807722510215,5.88973958270719,53.6265567279711,26.073387667705,1182.74499674569,79.932020018678,1114.27595607457,34.6890323521079,26.0084098064654,5.22145688852598,0.001,0.246,0.533,1,16.6995281753763,53.3527418387301,15.2752632177028,48.8848458050226,34.1916961691803,9.68927592426064,33.3840948630889,7.51630385986683,53.6298793400385,27.6999519448647,1169.07208692554,93.8820679364569,1114.49778982772,56.494823713849,26.9414564921153,5.55361114861321,0,0.086,0.406,0.998,12.9800806482018,47.416262275687,13.4654929672179,45.7576501905738,42.5427292232044,61.8684514863463,19.5275485714439,36.1521249767761,49.3771759124977,56.1908108874763,24.9882599288786,30.9347953280061,19.3257222631419,16.6245764053323,6.81363497497856,5.94653539912749,0,1,0,0,43.6018009232915,64.3243648274889,18.6388430866075,36.7328354966606,49.8311191224462,57.4096685167322,24.704756380891,31.1774074047127,20.7225639041975,18.0939924100531,7.57854939428604,6.47265102382174,0,1,0,0,44.1168407127261,64.2222896703584,16.5057940765203,36.1407281821287,49.9925231217244,57.1144058795332,22.7278760186001,29.3104887350125,20.1054489576323,19.6349341056084,7.12188275780883,6.58261271641242,0,1,0,0,44.0675936824424,64.0817912295413,18.3671212911832,36.4025701548324,49.846866877982,57.2452850093905,24.7349347223005,30.9398291662379,20.0141975470989,18.0354488636492,7.39841813140846,6.20489444393746,0,1,0,0,118.150393928335,606.120636318953,29.0803648868974,37.0408093216569,106.899691434794,571.075683335079,19.2287849909158,6.19942266820614,121.311940974169,610.24264445589,28.9022002995852,39.207729876541,108.495832414184,572.132096011042,17.1461832977649,3.70332334033374,117.010195527314,371.480089229714,23.2875213297904,48.8848458050226,100.310667351938,318.127347390984,8.01225811208758,0,120.001399480685,469.671172579164,25.8338597527517,45.8405897563654,107.021318832484,422.254910303477,12.3683667855338,0.0829395657915634,911.203512113332,16.6245764053323,123.339200717171,25.1649827746505,954.96322175787,18.0939924100531,125.919887976272,24.5570842073943,974.94769838869,19.6349341056084,126.108837336908,16.7595244508212,972.886565766809,18.0354488636492,125.802747735538,24.410040993148,20.2457844769496,20.1836480849979,0,"e3-v2.0","0.50|0.95"
412,500,2,1,"L'Ecuyer-CMRG","10407_-1426867955_-380159047_1521693635_1059414252_-4465641_1794457362","10407_-1198744300_1131986289_-2039356911_320880858_-2104376975_731563550",1980508576,293560182,268035457,2081860646,1800722097,348228262,782088951,80.1409999999996,7.10599999999977,5.72800000000007,2.45499999999993,1.96500000000015,462.7,1,NA,"07061f0f18b6","not-a-git-build","951d9a80e7940d4748fa2958a040207b","confirmatory",585.138,40.7410431446162,7.78369440053455,40.1883959333053,6.03808258786813,60.230449762026,25.9612227755119,1659.83259651148,60.5858985209129,1615.10716769211,36.4584413379162,34.9161713372471,4.45137438800412,0,0,0.452,0.993,11.5959678933857,37.2154503103905,11.1346497565934,33.3173001988627,42.4847698581147,8.79605448504302,41.7744395323619,7.25544097386211,61.8164933610826,27.1785811615058,1804.95566989697,77.3705745038455,1745.10379824296,52.6414237251971,35.9480063656977,5.11334878708017,0,0,0.441,0.988,13.5936635772834,40.5606867059489,13.2779762083698,37.9517956485168,42.1535881895627,8.58424168677679,41.4472819512795,5.38554800377022,61.4893357800002,25.308688191414,1776.92499725524,73.6892053369965,1717.87718114886,29.0041273009134,35.1396152236891,5.30879215366673,0,0.012,0.668,1,13.9291415017104,43.929778529205,18.8892196253607,55.4374796006697,40.3104972979129,6.99193507605418,39.6808753243289,4.9897072502641,59.7229291530496,24.9128474379078,1624.93619240504,48.8871561077567,1574.57186650493,24.8971784433382,31.7606017401291,4.61965777356891,0,0.133,0.758,1,17.4006464889352,56.4085696040516,17.938186601158,53.873533866245,49.858568650453,69.6371793152993,16.667279425802,35.9640430110795,56.7357612307408,63.8304799610058,22.4903351510305,29.0388665217294,19.7786106648463,19.2967635852774,7.09471873026497,6.54853137069893,0,1,0,0,51.4815156460833,72.8626861399272,17.3094140963815,36.966637476273,57.9437186450175,65.3692052997215,23.4697638797296,30.904290631948,21.3811704938439,19.6572233798915,7.42548665470406,7.43452675221843,0,1,0,0,49.9915142614908,71.2347424827834,15.3223681711992,35.2883260370373,58.2388301387262,65.1808159095726,21.6047603938866,28.4483342279368,21.2432282212926,19.9659578658381,6.94198577084641,6.84357383405024,0,1,0,0,48.4128984049152,71.1211556085776,14.6086534995121,34.4899586811884,55.6441995988601,63.8868790270857,21.2466165129541,28.5570821080122,22.7082572036624,19.8813051816763,8.24267942822561,7.31046559505808,0,1,0,0,149.231139910836,887.073934119505,20.4604482644775,33.5498833477008,137.63517201745,849.858483809114,9.32579850788413,0.232583148838113,153.061453748916,929.37086469625,22.9441099674792,38.9490254620477,139.467790171633,888.810177990301,9.66613375910941,0.99722981353087,151.996290573996,820.710381060974,23.845091410183,55.4374796006697,138.067149072285,776.780602531769,4.95587178482232,0,141.355923041188,552.788020019672,20.6817185212696,53.873533866245,123.955276552253,496.37945041562,2.74353192011167,0,1212.43920353414,19.2967635852774,153.869548338345,16.8173112242458,1278.95964318834,19.6572233798915,159.032145919891,21.6210215205617,1219.22164553209,19.9659578658381,159.729091010868,13.5700546590217,1157.54204025144,19.8813051816763,150.651262508783,12.6043708962996,20.0420538287207,19.9231401876437,0,"e3-v2.0","0.50|0.95"
413,500,2,1,"L'Ecuyer-CMRG","10407_-289215445_776962094_434211297_-2055032780_-562975647_-617890598","10407_1580852487_-984661714_-1425653187_-286114728_-1606386456_957784392",268035457,2081860646,1800722097,348228262,782088951,492556602,185365557,78.9740000000002,6.44799999999987,4.86699999999973,2.46900000000005,1.87599999999975,457.83,1,NA,"07061f0f18b6","not-a-git-build","951d9a80e7940d4748fa2958a040207b","confirmatory",578.234,41.3476203009355,11.9084259069901,40.6605461989472,9.66225615181078,60.4198983174145,29.4375208042905,1709.62570455033,141.810607582273,1653.28001719672,93.3591939432053,34.6250405426392,7.15864676067209,0,0.025,0.27,0.874,14.3791015645535,41.433595536553,11.6003630154673,34.1308950536951,42.0842561740544,12.2199211741232,41.363147218343,9.17573007836495,61.1224993368102,28.9509947308446,1771.08461772344,149.326473501785,1710.90994780631,84.1940224710113,34.9246035158462,7.22382598741765,0,0.029,0.33,0.853,15.0844445699535,44.8106831626676,11.7907009390018,35.8112389563209,41.3308146282587,12.8652382207439,40.4957345601891,9.10434963297336,60.2550866786564,28.879614285453,1708.23623783548,165.51435447649,1639.90451756929,82.8891822394222,32.3538151657829,7.28902618025517,0,0.175,0.492,0.989,19.3273070924677,56.9844101789331,18.3736490324779,55.9906466854208,40.8303387420151,13.710827172115,39.5927345711698,9.91636639567715,59.3520866896371,29.6916310481568,1667.1165617877,187.986781743608,1567.58463082311,98.334322493315,30.6422789832536,7.945687674365,0.004,0.31,0.438,0.972,20.7955815926244,66.6304800540756,18.394862628409,56.2293238971802,49.7370951938207,70.2786029673612,20.190751608008,38.4511180226706,57.1441008310806,63.9460480447014,26.2879250595664,32.6926348350088,20.5415077735405,18.2603664146625,6.80194721362083,6.40470977544239,0,0,0,0,51.7778123891446,72.2287173188651,19.4664429803637,38.4545740980702,57.5097670882875,64.6276261842203,25.5780624097149,32.3902294946446,20.4509049297205,18.9881311177065,7.11785909593281,6.81216708492971,0,1,0,0,50.0651734220824,70.1588517359003,19.3059526689659,38.0813857174209,56.7085736307544,63.8999213367579,25.6378953687106,32.3848483329823,20.0936783138179,18.775433048455,7.19134770600351,6.74695296427173,0,1,0,0,48.1075902414188,70.0385431809067,19.6430597230769,39.1604587045966,55.4206468100735,62.9938516053659,26.45396046946,33.0798459086129,21.9309529394879,19.5173989815197,7.57320479529245,6.62588543915293,0,1,0,0,149.597814994816,789.298935913038,32.8083335700336,44.7879417343028,135.218713430262,747.865340376485,21.2079705545663,10.6570466806078,150.680685555192,790.818278950554,33.0731080084645,55.573311834641,135.596240985239,746.007595787886,21.2824070694627,19.7620728783201,143.835904606857,502.464049549827,33.3918788813158,57.0667877199883,124.508597514389,445.479639370894,15.0182298488379,1.0761410345675,138.398499563939,412.704047356981,36.3808268141278,59.1973934233862,117.602917971314,346.073567302905,17.9859641857188,2.968069526206,1219.65123078768,34.8798446357954,156.340942064074,32.4553514037894,1301.18931575681,18.9881311177065,158.119518975214,30.0233581138707,1232.32653045842,18.775433048455,154.988233755152,30.1974758291953,1155.86047785755,19.5173989815197,150.218383561717,33.340668707074,19.7593521184673,19.7752646524797,0,"e3-v2.0","0.50|0.95"
414,500,2,1,"L'Ecuyer-CMRG","10407_1970629652_767954164_-1809869606_-871019932_-501122211_-211234334","10407_-1374730897_544418204_1361880719_-1154778485_-12964060_117485104",1800722097,348228262,782088951,492556602,185365557,480954659,151196321,80.71,5.71000000000004,6.94499999999971,1.84599999999955,3.03099999999995,461.187,1,NA,"07061f0f18b6","not-a-git-build","951d9a80e7940d4748fa2958a040207b","confirmatory",584.724,38.9072661581955,10.2129153884315,37.9370784322674,5.31427872950773,57.5261000900325,24.9550751448795,1513.77535990467,104.303640731262,1439.22191997601,28.2415584148983,32.8339261563741,5.99059675899387,0,0.009,0.363,0.82,11.5110451310266,35.7814272887717,10.0925188164333,29.3694614889307,41.2108256895496,11.4457030725473,40.2170143573531,7.43764056223264,59.8060360151181,27.0784369776044,1698.33215401444,131.004118824918,1617.40824381954,55.3184971329682,34.5057981491685,6.685551825569,0,0.007,0.378,0.856,12.9181418899204,40.0621177514149,11.45664313039,34.1626497668104,39.6441169461273,10.9403122028998,38.6640215250267,6.23906035221864,58.2530431827917,25.8798567675904,1571.65600843821,119.690431096919,1494.90656048773,38.9258740786266,32.3129631374872,6.23180557116805,0,0.036,0.446,0.968,13.5675032429373,45.5164498178903,13.1714725899648,43.4144368411039,40.921597833015,11.2057112451494,39.9839669541427,7.06468230219088,59.5729886119077,26.7054787175626,1674.57716920702,125.567964509667,1598.71761338997,49.909736030889,33.6935064097282,6.47696749290806,0,0.021,0.376,0.918,12.4754331521561,45.3875911365996,11.2454108639156,39.9629331139873,46.9749841308856,67.1422867246481,16.3377023987797,34.4270826612293,53.8309325857063,61.4058575063492,21.542156368916,28.2355298681138,20.1673025937625,18.0893802624497,7.57492492064298,6.69337349919778,0,1,0,0,49.4664119231679,69.8889217859156,17.8694719429797,37.6057643624636,55.7854412500132,63.8165240294078,23.5352272043427,30.4701326169191,20.4225098627477,19.7362924194839,8.03108277939461,6.93490541257641,0,1,0,0,48.8214136743932,69.1339247958743,15.7770429955472,35.8702382686904,54.5628885149215,61.6584754329422,22.6501889776315,28.9111477074448,20.3125111214811,20.0931952731433,7.09558691802064,6.26095872981323,0,1,0,0,49.1039241515452,70.48231498599,18.0670493483054,36.218799741578,55.9275390231374,62.9424323102133,23.564449583674,29.9317447036337,21.3783908344448,18.1517503932726,7.01489328707582,6.36729511995966,0,1,0,0,140.513797202001,828.883705112745,26.8890584633934,53.2102857725742,129.002752070974,793.102277823974,16.79653964696,23.8408242836435,147.655234852431,862.262079403024,30.2318226097602,54.3977515414483,134.737092962511,822.199961651609,18.7751794793703,20.235101774638,141.041206503938,699.052924088114,28.6349227272023,45.4811237490853,127.473703261001,653.536474270223,15.4634501372374,2.06668690798136,146.394231006224,813.369406567031,30.0625881981521,48.8783239255771,133.918797854068,767.981815430431,18.8171773342365,8.9153908115898,1115.60580151858,18.0893802624497,144.542568632408,14.2988133133749,1215.51812047886,19.7362924194839,152.816761148387,22.5126285684604,1189.60819178661,20.0931952731433,146.991054346647,18.2985289788524,1201.97449058565,18.1517503932726,152.368962748565,22.0619077931689,19.589021657765,19.6407964153717,0,"e3-v2.0","0.50|0.95"
415,500,2,1,"L'Ecuyer-CMRG","10407_-1772991506_20123840_-1341466001_1486462776_454169286_-456284721","10407_1709120932_-1390095263_471864430_-1623343224_-744840246_-898947412",782088951,492556602,185365557,480954659,151196321,1936987346,485891084,79.8049999999994,6.34200000000055,4.71100000000024,2.23999999999978,1.86800000000039,460.929999999999,1,NA,"07061f0f18b6","not-a-git-build","951d9a80e7940d4748fa2958a040207b","confirmatory",582.331,26.7245240903195,7.34690095199216,25.2175395164362,-1.55511236823202,45.0173082123354,17.9870316270213,714.200187854068,53.9769535983832,635.92429926302,2.41837447782821,19.7057327714773,4.22191019261885,0.017,0.336,0.584,0.971,13.1159112225521,41.3615859792208,11.7254965213592,35.6292136745591,25.3781169680002,6.92629403957896,23.5539292759437,0.353778502170659,43.353697971843,19.895922497424,644.0488208415,47.973549122707,554.78758433616,0.125159228598115,17.9315524336812,4.03567792897541,0.036,0.409,0.614,0.995,14.771157867791,43.5424296142482,12.6914652967164,37.3603339469426,28.1986915731277,6.44042996883705,25.8679964337316,0.391571108507708,45.6677651296309,19.9337151037611,795.166206436385,41.4791381834944,669.153239495551,0.153327933017956,19.1999453014439,4.19215433561104,0.048,0.511,0.813,1,17.6383897219251,53.1983583872751,16.5343033200332,49.6219156266513,27.3028544863565,7.71655747812408,25.7594281703461,-0.160905800256369,45.5591968662453,19.381238194997,745.445863103158,59.5452593131926,663.548139663218,0.0258906765561426,19.2085736532922,4.61035149862913,0.017,0.445,0.586,0.999,15.5454225961903,51.1846966341933,13.7328537580641,47.9091172692248,32.4402843649542,55.6700477790117,6.84456086051414,27.9039766638878,41.5567298870481,49.0372713462722,14.7365724877798,21.1651369956983,23.2297634140575,21.0594158033737,7.48054145922409,6.42856450791853,0,1,0,1,33.4469248932392,54.0261258970057,10.4109267915207,28.8681323400866,39.9380445940144,47.0549294067212,16.6661305222636,22.9729533645496,20.5792010037665,18.4572055485658,7.11688481270676,6.30682284228594,0,1,0,1,34.3869375192045,56.8108681623551,10.8075367245816,29.7874549749196,41.9797353194145,49.6115285923901,16.5720207523128,23.0684610450119,22.4239306431506,18.979918250338,7.63179327297563,6.49644029269917,0,1,0,1,33.5828484363178,57.5642493766236,8.23297132183949,30.2257262775115,41.4620017417415,50.0020284373355,16.0243557279806,22.8072045076783,23.9814009403058,21.992754955672,8.54002669559404,6.78284877969768,0,1,0,1,88.5935177016108,282.238956861464,18.8454825225524,38.5604018475222,75.4776064790588,240.877370882243,7.11998600119327,2.93118817296306,79.9396103472463,242.74155034339,17.8803101221487,37.8545545754629,65.1684524794553,199.199120729142,5.18884482543232,0.494220628520304,86.6509611851112,214.900502760944,18.8806447297242,49.6219156266513,69.012571463186,161.702144373669,2.34634140969101,0,87.1438597146965,228.921237862344,20.4651958946235,48.000483515877,71.5984371185062,177.736541228151,6.73234213655935,0.0913662466522808,528.850390176255,21.0594158033737,94.5083862238195,6.42856450791853,566.465448897365,18.4572055485658,87.6699884051675,6.30682284228594,605.910683575359,18.979918250338,96.3516597670367,6.49644029269917,575.304590557047,21.992754955672,95.1889588789628,6.78284877969768,19.7997686958993,19.5421439952534,0,"e3-v2.0","0.50|0.95"
416,500,2,1,"L'Ecuyer-CMRG","10407_-195935523_1701874344_1235136783_1499717903_263442344_588765131","10407_1575060033_701373205_1194652661_-1143538403_314643304_918220366",185365557,480954659,151196321,1936987346,485891084,2069455286,1711665512,82.2140000000009,7.14500000000044,5.28200000000015,2.90799999999945,1.92100000000028,456.753000000001,1,NA,"07061f0f18b6","not-a-git-build","951d9a80e7940d4748fa2958a040207b","confirmatory",582.042,29.8437126465351,10.2654412463618,28.7100447766924,5.10979074542427,48.5996481417601,24.8167974093063,890.647184528962,105.379283982507,824.266671079683,26.1099614620235,23.9166153882398,6.08223665252507,0,0.095,0.316,0.811,10.6849264722435,34.4061945414214,9.26445874351547,29.077982282107,30.022336861043,10.1707305052064,28.8417111035432,4.96307826280127,48.7313144686109,24.6700849266833,901.34071059794,103.443759009535,831.844299380245,24.6321458426905,23.5523774609083,5.98572922583639,0.001,0.155,0.347,0.863,12.1327708139534,37.5899476355473,9.90315553292485,30.2313772690796,30.8268206147092,10.9624159661953,29.5212617401974,5.77108987505818,49.4108651052651,25.4780965389402,950.292869211459,120.174563815893,871.504894733242,33.305478345999,23.0635677308639,6.20287041353965,0.008,0.323,0.439,0.962,14.866209966869,47.8977345389339,13.4245613322383,43.997785448967,30.1204513045894,10.2778062021403,29.0667445841821,5.0951379444406,48.9563479492499,24.8021446083226,907.24158679214,105.633300328753,844.875640722081,25.9604306728784,23.263635010045,5.89724063628921,0.001,0.234,0.377,0.934,12.1447498346751,42.7026476669319,11.2108254316658,37.0370270414692,38.4986653307439,58.5866545115823,15.0149652080679,33.8540206372673,45.1175600842815,52.0985740906048,21.8863335578739,28.2634002663671,20.0879891808383,18.8390554291994,6.98101400632335,6.37706670849313,0,1,0,0,37.9357469597944,58.9329411129217,15.8646969228799,32.8431651320599,45.1037423980987,52.302161889574,21.8479086063237,27.5891751271166,20.9971941531273,16.97846820918,7.19841949147522,5.74126652079292,0,1,0,0,38.4430195238404,60.3559111230801,16.0106108239642,34.6976051743079,45.5194062997332,53.5693455418223,22.3279343194201,28.6643904095761,21.9128915992397,18.6869943503438,8.04993924208909,6.33645609015596,0,1,0,0,37.9405857268427,58.876165017772,16.4932110874239,33.1485901559709,45.7426153375715,52.5010500229445,21.6755186865499,27.7173087944221,20.9355792909293,16.655379068547,6.75843468537301,6.0417901078722,0,1,0,0,104.211864023278,504.709836640046,27.7735435069284,52.1401987749142,93.5269375510344,470.303642098625,18.509084763413,23.0622164928072,103.032730133511,469.545314091649,27.1955513404973,46.7736630403746,90.8999593195571,431.955366456102,17.2923958075724,16.542285771295,104.021407005529,333.180170793279,28.1478980463562,48.790262496657,89.1551970386605,285.282436254345,14.7233367141178,4.79247704768994,104.577903004735,375.222269347554,27.316620450761,43.1366274574496,92.4331531700596,332.519621680622,16.1057950190953,6.09960041598046,764.450467807886,18.8390554291994,107.892840883178,15.0943742844608,742.842937942191,16.97846820918,108.054975623599,14.3048742905595,764.049537950147,18.6869943503437,110.569150980751,16.8201667123084,742.974873761925,16.655379068547,110.170482575388,13.9158381985438,19.8896033650677,19.707006663882,0,"e3-v2.0","0.50|0.95"
417,500,2,1,"L'Ecuyer-CMRG","10407_-415465283_-592605761_1693949590_1836277258_-1407079152_-1080229671","10407_-1456335079_-1933635524_-2023826769_-273137701_1331184670_1668868134",151196321,1936987346,485891084,2069455286,1711665512,1633853822,574862026,81.0339999999997,5.8779999999997,4.86700000000019,2.14999999999964,1.89099999999962,453.31,1,NA,"07061f0f18b6","not-a-git-build","951d9a80e7940d4748fa2958a040207b","confirmatory",574.101,44.554621556533,8.36083366737069,43.7466216877208,2.83477297040611,63.7747414072077,22.8028637356921,1985.11430204588,69.9035396134392,1913.76690908857,8.03593779374508,38.627433476436,4.7859163003415,0,0,0.449,0.991,11.7281809226357,35.2536225570617,11.6539737122264,35.1680834198247,45.4410537112793,8.65143504876058,44.6097181021059,3.70986333868263,64.6378378215928,23.6779541039686,2064.88936239137,74.847328402923,1990.02694914935,13.7630859917014,38.919503736467,4.95056383876392,0,0,0.486,0.996,12.9753486355468,39.6408637488323,12.7985179210349,38.5429829437198,45.6298448707449,11.9550994301334,44.7256625222,4.36267264870073,64.7537822416869,24.3307634139867,2082.08274292825,142.924402384376,2000.38488804972,19.0329126397214,37.8490604434983,6.75579403818055,0,0.013,0.575,0.994,14.6233629530026,49.314688553192,19.2994007934825,56.7797150074724,44.4324832746488,9.79515906524387,43.5736138423875,2.75696675933811,63.6017335618744,22.7250575246241,1974.24556995195,95.9451411134291,1898.65982328551,7.60086571209527,35.8435315905206,5.71974457298785,0,0.069,0.627,0.999,17.0986366215758,54.8696267213049,17.8553708377461,54.5264009960995,54.2671043564101,74.1554517110775,11.9024945149506,32.1216527278368,60.0600575506444,66.9342436376984,19.0344099983715,26.5061823508162,19.8883473546674,20.2191582128862,6.87418608705394,7.47177235244467,0,1,0,1,55.0419575228782,75.9145641157217,14.0907053490111,33.0282376197539,60.9194784647237,68.2331763269102,20.1501804456766,27.3955165398472,20.8726065928435,18.9375322707428,7.31369786218647,7.24533609417061,0,1,0,0,54.4388285374478,74.800343563397,14.1876987314727,34.0939981029785,61.4436631652602,68.1797320004312,20.8538885556496,27.5193613571014,20.3615150259493,19.9062993715058,6.736068835171,6.66547280145175,0,1,0,0,52.0424312774409,76.0192534555327,12.4621461424854,32.1834220294677,59.357383472446,67.8564961985435,19.4201719465041,26.3513215373296,23.9768221780918,19.7212758869823,8.49911272609745,6.93114959082541,0,1,0,1,163.399337852257,1081.49088198358,21.6834361095225,35.5604531068381,151.671156929621,1046.23725942652,10.0294623972962,0.392369687013371,164.804411480323,1063.78767196246,22.212412226555,38.6562452074429,151.829062844777,1024.14680821363,9.41389430552009,0.113262263723027,163.707486556203,877.520022935848,30.0413128582801,57.1695888294835,149.0841236032,828.205334382656,10.7419120647976,0.389873822011025,157.531750590676,690.097436016419,25.5920807088654,54.5300606999321,140.4331139691,635.227809295114,7.73670987111931,0.00365970383257007,1389.44773283159,20.2191582128862,167.001937411684,7.47177235244467,1421.42611872849,18.9375322707428,170.879132843134,7.97369481573312,1396.78986774438,19.9062993715058,172.398242618264,10.2086639629063,1304.54928449625,19.7212758869823,165.816167737934,6.93114959082541,20.0281197194869,19.968090765286,0,"e3-v2.0","0.50|0.95"
418,500,2,1,"L'Ecuyer-CMRG","10407_1843818417_1704915389_443858705_-48948625_-1005360507_522771804","10407_701036790_1682585832_-1748113815_-483274818_-2100936745_416311944",485891084,2069455286,1711665512,1633853822,574862026,604371396,876169125,82.6589999999997,6.13000000000011,5.39300000000003,1.92200000000048,1.875,457.118,1,NA,"07061f0f18b6","not-a-git-build","951d9a80e7940d4748fa2958a040207b","confirmatory",580.516000000001,36.7067481054271,9.435288850749,36.0078291817915,1.45176560745671,56.1453519861432,21.5306863327347,1347.38535647528,89.0246756970684,1296.56376238508,2.10762337899416,30.3853333731417,5.46457275182516,0,0.024,0.365,0.914,12.9665544763169,39.2350454049458,10.492842495108,32.2270145999336,37.9485501090313,9.89838893688666,37.2535772014628,2.10229053683495,57.3911000058145,22.1812112621129,1440.09245537766,97.9781035458801,1387.82901430535,4.41962550126577,30.6954878772174,5.68620424036759,0,0.036,0.399,0.93,15.4624628873949,45.5699893926763,11.9680415097603,35.8211360256486,39.6744683728212,10.9337948713755,36.7445476509757,2.41617445070054,56.8820704553274,22.4950951759785,1574.06344066599,119.547870289316,1350.16178207483,5.83789897621805,28.9149577442134,6.2486260000483,0.001,0.348,0.481,0.965,18.4101814956288,58.2735170655341,15.8014277190487,47.6651131496738,40.2396446104665,10.8124775963849,38.8383558064447,3.42481800944785,58.9758786107964,23.5037387347258,1619.22899837664,116.909671772326,1508.41788174799,11.7293783978383,30.0135712286522,6.22518423406919,0,0.201,0.503,0.977,20.8151547270335,62.556138420322,16.0446775620077,51.1883225061591,46.1357022374214,65.9253509066316,12.6780611945125,30.517043078307,52.7549389809644,59.5689576571105,18.3487685807373,24.4837700973806,19.7896486692101,17.8389818837944,6.81401867614609,6.13500151664327,0,1,0,1,47.7933853497313,68.1845691657063,12.9005980738143,31.0895328190844,53.549277907547,61.2953221641937,18.8729175186033,25.6061619169913,20.391183815975,18.18893474527,7.74604425664675,6.73324439838792,0,1,0,1,47.5130852193157,66.0710488639149,13.5786555125274,32.3702191949621,53.2315099364636,60.5067126038755,19.0999053042225,25.856027031447,18.5579636445992,18.7915636824348,7.27520266741186,6.75612172722455,0,1,0,1,48.5402964834145,69.6983509573387,14.4929107783943,33.0507434492249,55.3049194014271,62.7767828843772,19.9719384682225,27.2528836609993,21.1580544739242,18.5578326708306,7.47186348295009,7.28094519277682,0,1,0,1,131.393932231669,674.375528823242,24.7738297049792,39.6073683755884,118.427377755352,635.140483418296,14.2809872098712,7.38035377565472,133.491862949702,624.13690445464,25.652178579401,42.8112713454995,118.029400062307,578.566915061964,13.6841370696407,6.99013531985093,129.038692518819,468.013220512046,27.7813402873485,50.9941758926182,110.62851102319,409.739703446512,11.9799125682998,3.3290627429444,134.242266246119,442.687162370316,27.6165748388442,53.8662814859758,113.427111519085,380.131023949994,11.5718972768365,2.67795897981668,1059.716825992,17.8389818837944,137.283683382597,6.13500151664327,1126.62568563116,18.18893474527,141.393064669428,6.73324439838792,1113.58046024316,18.7915636824348,139.65115119586,6.75612172722455,1157.26900163644,18.5578326708306,148.141449871252,7.28094519277682,20.1375228043517,20.078920725278,0,"e3-v2.0","0.50|0.95"
419,500,2,1,"L'Ecuyer-CMRG","10407_-288656027_1190239343_1955344461_-651238335_1991816448_-1004215624","10407_2033554777_1951179315_1746389873_-1312510912_-1900808847_-439153643",1711665512,1633853822,574862026,604371396,876169125,954582449,1698884949,80.3609999999999,6.21500000000015,4.82799999999952,1.92100000000028,1.82899999999972,454.933,1,NA,"07061f0f18b6","not-a-git-build","951d9a80e7940d4748fa2958a040207b","confirmatory",575.253,36.1469765500589,8.78180953653828,35.3651959685758,1.51328189198161,55.3589273678372,21.5785335015348,1306.60391371051,77.1201787360347,1250.69708589577,2.29002208459944,30.0187961094591,5.15019787713032,0,0.01,0.316,0.896,12.2740753085275,37.4539134501379,9.04349696551925,27.3773267487988,36.7264381536656,8.68407296296931,35.6584190853385,2.63905526468092,55.6521504845999,22.7043068742341,1348.83125945503,75.4131232261746,1271.52285166563,6.9646126900401,29.0605205533855,4.9599182901741,0,0.07,0.438,0.956,15.8992144331531,45.8386761820053,11.2090279533026,33.8299750272862,36.8277988736422,8.48765101955558,34.9228647196585,2.82213026515658,54.9165961189199,22.8873818747098,1356.28676987744,72.0402198297629,1219.60648022757,7.96441923351273,26.8704764155105,4.90456934682257,0.001,0.343,0.586,0.997,18.9125054656867,59.2043919191365,14.5472032872715,45.1806920209839,35.6221148786953,8.4845838518025,34.536131623052,0.839414158585225,54.5298630223135,20.9046657681384,1268.93506843096,71.9881631382678,1192.74438748478,0.704616129633341,27.6463328357942,4.88195398253753,0,0.172,0.419,0.995,15.0377933047048,49.5080357354305,11.3586565458559,38.7673714064359,45.2680440705954,65.6860020400175,13.2604716177068,29.6652104109628,52.0060531494778,58.8301571923873,18.4031691227013,24.6885997208372,20.4179579694221,16.404738793256,6.82410404290948,6.28543059813582,0,1,0,1,45.3760976574326,67.0064671957246,13.6940700798376,31.8325370549308,51.7334754966342,59.400699454702,19.6526008430274,25.8187352183229,21.630369538292,18.1384669750932,7.66722395806779,6.16613437529546,0,1,0,1,43.8918607539027,65.6689114614304,13.5962940709198,32.6401260065427,51.1785778800247,58.8194156377805,19.8928864057577,25.504278770266,21.7770507075276,19.043831935623,7.6408377577558,5.61139236450834,0,1,0,1,42.8884329517438,64.9759437728152,11.1037107113225,30.9307476623527,50.630428150731,58.6431777846839,17.9366785576918,23.9830981134238,22.0875108210715,19.8270369510302,8.01274963395281,6.04641955573202,0,1,0,1,129.558404768335,688.448330150027,23.51456694998,34.6221635178237,117.284329459808,650.994416699889,14.4710699844608,7.24483676902497,126.673908134925,567.397708773599,22.3433593586976,37.4726726582182,110.774693701772,521.559032591594,11.134331405395,3.64269763093197,120.545662879768,366.783651141841,21.7425434064545,45.4426755871127,101.633157414081,307.579259222705,7.19534011918295,0.261983566128754,123.885991898173,454.010756506308,22.1853504222522,38.998521142951,108.848198593468,404.502720770877,10.8266938763963,0.231149736515023,1031.39046482278,16.404738793256,134.873391043775,6.28543059813582,1036.92501986514,18.1384669750932,134.626200347559,6.16613437529546,977.70222489318,19.043831935623,132.380223680809,5.61139236450834,937.875572920364,19.8270369510302,130.559536639831,6.04641955573202,19.9937313992614,20.0652516095532,0,"e3-v2.0","0.50|0.95"
420,500,2,1,"L'Ecuyer-CMRG","10407_-476613405_1757143402_-997212705_1261581874_1540723607_-349622591","10407_-209030020_953194917_-907350299_1131444264_295942919_-664955420",574862026,604371396,876169125,954582449,1698884949,338103830,1894589427,82.8400000000001,5.24300000000039,5.32600000000002,1.91799999999967,1.90400000000045,461.229,1,NA,"07061f0f18b6","not-a-git-build","951d9a80e7940d4748fa2958a040207b","confirmatory",582.97,39.5733390108411,14.3123614812996,38.9009303345357,13.0382406802483,58.8802176049949,33.1509084497574,1566.04916046696,204.843691171387,1513.2823808924,169.995720036082,32.8716580991364,9.09627811169648,0,0.02,0.132,0.792,14.1631237162122,41.5968879652381,11.9485867697637,35.6682621817355,41.5972283885394,14.4853703170445,40.7041448695858,12.6831995280342,60.6834321400451,32.7958672975433,1730.32940960831,209.825953221913,1656.82740956423,160.863550267927,34.3822102458518,8.94364932936803,0,0.017,0.195,0.827,14.8308615798074,43.8476630381671,12.6024181758137,37.9617025781986,41.8991256286882,14.6328931502526,40.4726344140388,13.0411492007983,60.4519216844981,33.1538169703074,1755.5367284486,214.121561946709,1638.03413641244,170.071572477481,31.7354715756674,8.68056802488896,0.005,0.316,0.246,0.952,21.1038401103763,62.943044332255,16.4119826797358,48.7481759143297,40.8589790035751,16.324895836796,39.8620397675323,14.5339545940432,59.8413270379916,34.6466223635523,1669.45616521459,266.502224082241,1588.98221442833,211.23583614171,31.7150279586486,9.90310122593123,0.002,0.243,0.176,0.904,18.6520512814967,58.8455855561715,14.9057942845085,47.6404891597182,47.9883987017612,69.7924117390228,23.0058366813171,42.7307898218422,54.9856717742257,62.9105590629799,29.9207080464055,36.6687150610901,21.8040130372615,19.7249531405251,7.92488728875416,6.74800701468461,0,0,0,0,49.0817247747017,71.8865530540766,23.1156557067824,42.068213129599,56.5546399063472,64.5952744849563,29.3365333306442,36.4988658918321,22.8048282793749,18.9525574228166,8.04063457860906,7.16233256118781,0,0,0,0,50.0337147763152,71.2710128032841,22.6511648826115,42.1735050146515,56.5879995144047,64.4704944343497,29.7863505416533,36.8217466772751,21.237298026969,19.5223401320399,7.88249491994501,7.03539613562178,0,0,0,0,47.7525934438291,70.5475945558608,24.5256444345405,44.7082068560101,56.1004686317569,63.4741405873822,31.4026793169778,38.1260544408763,22.7950011120317,20.1825624214697,7.37367195562532,6.72337512389846,0,0,0,0,141.893631619922,737.703194360108,41.3659899070289,56.5315395239232,127.73050790371,696.10630639487,29.4174031372652,20.8632773421878,148.153956522514,787.291704816733,40.8813099506658,55.360725484647,133.323094942706,743.444041778566,28.2788917748521,17.3990229064484,142.336304873392,461.523247281281,38.7209049985143,54.1827489133233,121.232464763015,398.580202949026,22.3089223187785,5.43457299899354,141.715580570058,513.114707902437,45.6711551375731,59.3026771294455,123.063529288561,454.269122346266,30.7653608530645,11.6621879697273,1142.16847028934,135.451709612843,147.95042530382,45.98016812227,1186.90232844907,139.072074913747,154.342045122161,44.0577948057283,1223.4143982612,121.062224656137,154.317343895727,45.7301272241987,1133.72724804682,196.701629022724,151.858397400816,51.8834213137733,19.9792872704593,20.1126677695091,0,"e3-v2.0","0.50|0.95"
421,500,2,1,"L'Ecuyer-CMRG","10407_-1500712536_-816121441_-2062823242_303344704_-1678506180_-625256883","10407_-211920865_1279347383_-1923933582_-88521089_193981664_-1051659212",876169125,954582449,1698884949,338103830,1894589427,1592666461,1520438966,82.9690000000001,4.80000000000018,5.29300000000057,1.88199999999961,2.91200000000026,463.072,1,NA,"07061f0f18b6","not-a-git-build","951d9a80e7940d4748fa2958a040207b","confirmatory",587.402,35.6232279967221,6.60545836027695,34.7965884140854,3.69955044830832,54.5684988539542,23.7971132281002,1269.01437290644,43.6320801493526,1210.80256525926,13.6866735195783,29.9176721990715,3.8655421658514,0,0.009,0.615,0.989,11.4437228151787,34.0184010153506,11.6427466669258,33.7627619387102,36.7258811316845,7.87405999601851,35.7169604933971,5.03411303873786,55.4888709332658,25.1316758185298,1348.79034489862,62.000820820899,1275.70126688689,25.3422940867905,30.2648601278411,4.56908287420921,0,0.043,0.599,0.991,12.5051707560453,38.4486475111235,13.4140184303205,40.1554826477716,35.9356323119421,11.4100833501931,34.9161514903807,6.24571722264732,54.6880619302495,26.3432800024392,1291.3696696591,130.190002058354,1219.13763489922,39.0089836252734,28.0639389355131,6.52453742629709,0,0.141,0.59,0.983,15.0259124204469,49.2462526376626,18.9212973015571,56.653821552091,36.1939407131813,9.52471932480899,35.2070641926066,5.81898174635773,54.9789746324754,25.9165445261496,1310.00134434928,90.7202782163899,1239.53736906232,33.8605485644445,27.8456965595374,5.60526197995583,0,0.221,0.72,0.999,16.5473515857835,53.3248353225231,19.9005781234187,58.3268371826048,44.6143581773929,64.0066233335656,14.6379778855796,32.6949700522275,50.9547350577894,58.2525734110036,20.9134790059934,26.9310790148271,19.3922651561727,18.0569921666478,7.29783835321419,6.01760000883364,0,1,0,0,45.5929154264485,64.953012227538,15.4351841722707,35.5496243844539,52.0890610692463,58.8168871778355,21.9820899391714,28.4292757047823,19.3600968010895,20.1144402121832,6.72782610858923,6.44718576561084,0,1,0,0,44.8022767417811,66.8897997301266,15.8746321269481,36.5061337428932,50.8367443097203,58.0335606143449,22.7011076937518,29.712220795251,22.0875229883455,20.6315016159451,7.19681630462462,7.0111131014992,0,1,0,0,44.6044015138825,65.7311213803045,15.6055222455026,35.8361367679532,51.147655244276,58.5443190276382,22.2142845472911,29.4888240169511,21.1267198664221,20.2306145224506,7.39666378336215,7.27453946965996,0,1,0,0,127.841293924722,752.552339114326,17.5656706861282,34.3125313572331,116.397571109543,718.533938098975,5.9229240192024,0.549769418522882,130.543211612277,697.002475226202,20.4990884765538,40.6241015086364,118.038040856231,658.553827715079,7.0850700462333,0.468618860864774,124.431088305849,489.751291778507,29.4349476445074,58.2329362827638,109.405175885402,440.505039140844,10.5136503429503,1.5791147306728,123.974069326207,468.567524242523,24.4100311283365,58.4204543744802,107.426717740423,415.242688919999,4.5094530049178,0.0936171918754006,1013.09017465714,18.0569921666478,132.029136824897,9.28126491363969,1052.20029626428,20.1144402121832,135.996428626099,13.9852944031289,1023.30217506484,20.6315016159451,131.456151784031,17.4252927573387,1014.42636282697,20.2306145224506,132.899643000991,15.7414265396569,19.7719104398688,20.0975627797919,0,"e3-v2.0","0.50|0.95"
422,500,2,1,"L'Ecuyer-CMRG","10407_-889811051_1548648567_1471678403_-377661158_-1199487669_1621843281","10407_386751955_-423184202_1030398205_1523012154_240983638_-1616332036",1698884949,338103830,1894589427,1592666461,1520438966,505058611,1274362706,84.6530000000002,6.79899999999998,5.0630000000001,2.09799999999996,1.90500000000065,463.594,1,NA,"07061f0f18b6","not-a-git-build","951d9a80e7940d4748fa2958a040207b","confirmatory",590.722,38.3560660389969,8.8636316736435,37.4028675079311,2.79553029929992,57.7504061283295,23.1597431040128,1471.18780198789,78.5639664460163,1398.97449781585,7.81498965430392,30.8598628400883,5.07040738871116,0,0.058,0.416,0.944,15.4852168152822,45.5183576427801,10.3657359728621,32.202657791789,40.1416605932427,8.85821134420523,39.0062156796444,2.83771437589431,59.3537543000428,23.2019271806072,1611.35291518309,78.4679082186062,1521.48486164694,8.05262287915724,32.2917550214688,5.04655662032435,0,0.067,0.47,0.96,15.945160329698,46.6732230344427,11.7245714871991,35.1927618871591,40.8799995360339,9.30183164155102,39.6054329987067,2.52497636099583,59.9529716191051,22.8891891657087,1671.17436206613,86.5240718877598,1568.59032301504,6.37550562358772,31.0431148580808,5.34515806318352,0.003,0.24,0.567,0.989,20.3113412938311,61.9192231384245,14.7131138058357,47.6840171062421,37.9321719322415,8.8280720433179,36.5594145939505,3.25277851917535,56.9069532143489,23.6169913238882,1438.84966749713,77.9348560020112,1336.59079545236,10.5805680948086,28.0060306320822,5.13365872465491,0.004,0.301,0.651,0.999,20.1429618514798,62.5511670627244,16.1691109672492,51.2970449098742,47.3404285187362,68.9946990145529,14.9324250770907,32.9117274243433,53.9509972718886,61.3862236362747,19.7624012242759,26.2571132702198,21.6542704958167,17.9793023472525,7.43522636438611,6.4947120459439,0,1,0,1,48.842208756696,69.1535294327402,12.7068187300607,34.088983200009,55.7015055418219,63.084047747837,19.7584078889746,26.5404187510217,20.3113206760442,21.3821644699483,7.38254220601514,6.78201086204712,0,1,0,1,49.0270832471201,70.0943529764578,13.6538150578638,32.5695457750248,56.300652300794,63.9550048152711,19.6522965540642,26.0066616536682,21.0672697293377,18.9157307171609,7.65435251447713,6.35436509960406,0,1,0,1,46.9715702088157,69.1430929295856,13.6447385899665,34.86834586372,52.6307307269446,60.6973888306613,19.7159130589589,27.1848615192319,22.1715227207699,21.2236072737535,8.06665810371668,7.46894846027297,0,1,0,1,134.040716303488,642.259636810845,22.992748771102,38.8549863865003,118.555499488206,596.741279168064,12.6270127982399,6.65232859471133,140.03493074504,683.455360113147,22.7895065804392,40.0100258944979,124.089770415342,636.782137078704,11.0649350932401,4.81726400733887,138.226806334546,484.291439145559,23.7684234856322,48.2290604707426,117.915465040715,422.372216007134,9.05530967979643,0.545043364500485,125.829584358879,379.376514069222,22.6825818785118,51.3387324752448,105.686622507399,316.825347006498,6.51347091126259,0.0416875653706039,1101.36986642933,17.9793023472525,141.849060970347,6.4947120459439,1160.09812612795,21.3821644699483,148.798409891709,6.78201086204712,1168.2490547982,18.9157307171609,151.466807236059,6.35436509960406,1087.13278625746,21.2236072737535,137.199426529902,7.46894846027297,20.3475386203984,20.3642128047129,0,"e3-v2.0","0.50|0.95"
423,500,2,1,"L'Ecuyer-CMRG","10407_-1902657997_-1932631546_-565904770_-2141853725_2062388485_362194366","10407_1058958513_-1038031721_-1631130730_184516397_135305622_69065570",1894589427,1592666461,1520438966,505058611,1274362706,2061050839,665648602,83.482,5.17999999999938,6.45200000000023,1.88199999999961,1.88200000000052,459.069,1,NA,"07061f0f18b6","not-a-git-build","951d9a80e7940d4748fa2958a040207b","confirmatory",583.538,48.3577998448122,11.9932745400454,47.6074669838355,-8.35529741168095,67.9798991136344,12.1862592120796,2338.47680583092,143.8386341929,2266.47091261699,69.8109948376424,41.9619490368529,7.30909491414245,0,0.006,0.297,0.708,12.7694504781032,39.7578805358705,9.51350136004161,29.3959461448067,52.1758191956295,11.0805949090657,51.0785354338304,-7.07216303810649,71.4509675636293,13.4693935856541,2722.31610873501,122.779583538813,2609.01678206507,50.0154900375596,44.5520521449115,6.53019427817258,0,0.003,0.341,0.819,15.2248213810088,45.3829215759635,10.7447971200367,32.6808781083575,48.7168448450982,12.1738158818033,47.6157169434317,-7.98834131565013,67.9881490732305,12.5532153081104,2373.33097166137,148.201793124046,2267.256500037,63.8135969753229,39.1956172767466,6.97339329289179,0,0.114,0.378,0.921,19.3139385336425,59.5365662202111,13.286615619637,43.723555551983,50.4351869826707,11.7674319740636,49.1205133791689,-7.3716203187889,69.4929455089678,13.1699363049717,2543.70808597696,138.472455264215,2412.82483463311,54.3407861243813,40.953908289928,6.76281488358696,0,0.109,0.381,0.915,19.1443822025162,57.3243987059963,13.1449415920077,43.2032419559431,57.6856959325112,79.4721583795696,3.50290055515715,20.8880740409706,64.2381421269091,71.4987415473631,8.79582027369066,15.3810927318561,21.7864624470584,17.3851734858134,7.26059942045401,6.58527245816549,0,1,0,0,61.5177974472542,81.7374484032836,4.97481667594064,22.8639419299932,67.7618186383648,75.2404189822988,10.1304143144331,16.6631017466934,20.2196509560294,17.8891252540526,7.47860034393406,6.53268743226035,0,1,0,0,58.2634458805188,78.8990891781706,2.61588964773898,21.4590787110386,63.8008682957874,71.7662426984568,9.13053462411946,15.5416366215177,20.6356432976518,18.8431890632996,7.96537440266937,6.41110199739829,0,1,0,0,57.6321273083591,80.7033882811612,2.75372106794255,22.2754529287842,65.9944324840097,73.2670578855555,9.96543054994578,16.4717612771556,23.0712609728021,19.5217318608416,7.27262540154575,6.50633072720986,0,1,0,0,177.980064830508,1122.77400282868,32.9185156396089,76.6769666984356,165.210614352405,1083.01612229281,23.4050142795673,47.2810205536289,189.175019646256,1189.9599168555,29.5373503415989,56.6198180859605,173.950198265247,1144.57699527954,18.7925532215622,23.9389399776031,171.497848348147,780.407968092393,31.4371581571521,53.016352233915,152.183909814504,720.871401872182,18.1505425375151,9.292796681932,178.031159032565,870.118036626413,30.2579280565188,52.6078728008207,158.886776830049,812.793637920417,17.1129864645111,9.40463084487759,1514.31701455555,17.3851734858134,182.723439408895,27.2271280257831,1666.03426365424,17.8891252540526,197.036146378198,22.046506940529,1536.27619332645,18.8431890632996,181.679119066623,26.4107820063695,1513.45906811521,19.5217318608416,189.760626818389,22.7855121136295,20.3724321297989,20.5415566237606,0,"e3-v2.0","0.50|0.95"
424,500,2,1,"L'Ecuyer-CMRG","10407_-1982395307_-386241238_-1589102118_1948005993_-1829284460_1116928170","10407_464940191_1141505239_1462067816_-1525063975_-1157009030_-1640477315",1520438966,505058611,1274362706,2061050839,665648602,130779769,1266146221,84.1080000000002,4.90599999999995,6.44899999999961,1.88500000000022,1.9369999999999,449.253,1,NA,"07061f0f18b6","not-a-git-build","951d9a80e7940d4748fa2958a040207b","confirmatory",573.402,33.1056191649617,10.0657061753184,32.4841212709897,-4.68399727603614,51.960700738441,14.7910572003441,1095.98202029548,101.318440807843,1055.21813474837,21.939830481914,26.3253593658138,5.74794744223609,0,0.054,0.451,0.902,14.6609175315221,42.5023757913776,11.8017299437465,35.3222876024296,34.6135977431051,10.9885463104483,34.0077743428717,-3.85414343963815,53.484353810323,15.620911036742,1198.10114872149,120.748150016867,1156.52871575568,14.8544216533058,27.5145856059628,6.33593838459791,0,0.061,0.403,0.889,15.0926386726445,45.4787698466788,12.1575861901012,35.7831354334659,34.0963657841468,12.5929113349697,33.2928829026352,-4.96696521013834,52.7694623700865,14.5080892662419,1162.56215968634,158.581415890409,1108.41605196858,24.6707433987246,25.1462482703971,7.09405802736104,0,0.361,0.451,0.926,19.8743487082554,58.8624723371437,15.6194933621094,47.8779916444887,34.8108889596712,11.1917387512273,34.0762486859852,-3.59452241388853,53.5528281534366,15.8805320624917,1211.79799016256,125.255016275724,1161.19072450911,12.920591383947,25.6146567996813,6.32742086720248,0,0.351,0.505,0.958,19.3553892553027,62.0073317012929,15.3966045072518,48.728539442767,40.0286492744291,64.6007074857331,5.40530011651759,24.5275015581553,47.9198687955169,55.9523126165198,11.3138813011036,18.1273059059785,24.572058211304,19.1222014416377,8.03244382100291,6.81342460487486,0,1,0,0,42.1863757008007,65.5687135808795,5.84443349167904,25.8231310668103,49.5451629833778,57.3019743794787,12.2293709040586,18.8421195858346,23.3823378800787,19.9786975751313,7.75681139610091,6.61274868177602,0,1,0,0,41.3056665232787,64.59794340332,5.7270296055261,23.9378824550881,48.4808761955982,56.7080022721958,11.1251211856693,17.6794585570285,23.2922768800413,18.210852849562,8.22712607659759,6.55433737135918,0,1,0,0,40.7126918575916,65.3770655188817,5.49512202439773,24.334803981788,49.306213200352,57.6549919792872,12.8618599049385,19.012648503597,24.6643736612901,18.8396819573902,8.3487787789352,6.15078859865847,0,1,0,0,115.212991919177,490.479916768055,25.7952192346525,48.8907704718181,100.552074387655,447.977540976677,13.9934892909059,13.5684828693886,121.174944013817,492.806207392245,28.6079129681181,53.1863103519437,106.082305341173,447.327437545566,16.4503267780169,17.4031749184778,113.55030995134,294.434017536555,31.4714329619858,60.602505785733,93.6759612430851,235.571545199411,15.8519395998765,12.7245141412443,117.099815552847,279.507577829246,28.113682217672,54.7897976210342,97.7444262975446,217.500246127953,12.7170777104202,6.06125817826725,846.654850490413,19.1222014416377,121.805601133265,12.2044188864817,931.774187214054,19.9786975751313,128.031145459807,9.14448824395843,896.455759113135,18.210852849562,124.244312989185,13.7367210487661,874.108869266902,18.8396819573902,127.667313710538,8.00041248979142,19.4765794674513,19.4750544763802,0,"e3-v2.0","0.50|0.95"
425,500,2,1,"L'Ecuyer-CMRG","10407_-1903292580_652119392_-2000366898_1450694234_999969435_222516504","10407_262694426_-1087829251_-1120391646_437627906_2105937698_206859597",1274362706,2061050839,665648602,130779769,1266146221,1188714716,768035927,83.5050000000001,4.88400000000001,6.15899999999965,1.92399999999998,2.84400000000005,451.704,1,NA,"07061f0f18b6","not-a-git-build","951d9a80e7940d4748fa2958a040207b","confirmatory",576.5,26.2099586018872,8.20292840378263,25.2465700945219,0.424312693222152,45.4047483339637,20.4849455310214,686.961929912641,67.2880343975838,637.38930153761,0.180041261629436,19.7546554313918,4.71519088246777,0,0.237,0.38,0.967,12.8244967792968,39.5739054499634,10.0859032249107,30.8463414153326,27.0280718622251,9.53203181805976,26.0028963064851,1.84441121266299,46.1610745459268,21.9050440504623,730.516668589604,90.8596305805037,676.150616325816,3.40185272139696,20.1460410511593,5.4608078372131,0.001,0.277,0.42,0.961,13.7956984437424,42.1619439702057,12.0054164944848,36.0262819118321,27.6531575755847,10.0662443726896,26.5837954185361,1.04682182608581,46.7419736579778,21.1074546638851,764.697123900119,101.329275770704,706.698178854581,1.09583593556964,19.0922991942048,5.76271311011884,0.008,0.591,0.512,0.995,18.462231393178,57.6378484080969,15.7057879965936,48.9765959471549,27.7605148424457,9.41527081852102,26.5373390548475,1.20494496448439,46.6955172942892,21.2655778022837,770.646184317646,88.6473245860934,704.230364111933,1.45189236743628,18.9316282136467,5.43566876252384,0.011,0.643,0.53,0.991,17.9343212626315,60.6351746680867,15.0091925666142,49.6618199525441,35.6281148417092,55.3734696405594,11.6520544876135,28.9278300133155,41.8153639544269,48.8916189736941,17.4632318318188,23.3772690151847,19.7453547988502,17.275775525702,7.07625501926717,5.91403718336592,0,1,0,1,34.4919230044865,55.4835075149738,11.4841342403622,32.0559291686912,42.9315390295923,49.7034153316658,18.4410992346479,25.5884157495808,20.9915845104873,20.571794928329,6.77187630207346,7.14731651493295,0,1,0,1,35.1545450217218,57.0236935936771,11.2264032673271,29.9239342937012,43.3197657966393,50.4356611699171,17.9649837353704,24.3019204103772,21.8691485719553,18.6975310263741,7.11589537327785,6.33693667500683,0,1,0,1,35.2328077869317,57.7273061917911,11.2548566240524,30.1329836613229,43.2378903743819,50.3116279801996,18.1724991432181,24.7113456489846,22.4944984048594,18.8781270372705,7.07373760581773,6.53884650576648,0,1,0,1,88.0431506420553,295.488704544022,21.2486748210782,33.1823438439742,75.2186538627585,255.914799094058,11.1627715961675,2.33600242864168,90.0750334134625,277.824575254726,24.7279007878575,38.6709501881548,76.2793349697202,235.66263128452,12.7224842933727,2.6446682763227,87.8572401816502,156.205299925935,25.6713963303339,49.3477088454778,69.3950087884722,98.5674515178378,9.96560833374035,0.371112898322941,88.386950438535,150.046515052676,24.2260400704481,50.1503189608079,70.4526291759036,89.4113403845889,9.21684750383383,0.48849900826373,638.542818889548,17.275775525702,93.7049978792079,5.91403718336592,594.341375112277,20.571794928329,97.8653194626758,7.14731651493295,621.723819863156,18.6975310263741,99.762245602068,6.33693667500683,625.479680304459,18.8781270372705,99.3925861455784,6.53884650576648,20.1581782394417,20.0606328377993,0,"e3-v2.0","0.50|0.95"
426,500,2,1,"L'Ecuyer-CMRG","10407_1239261194_-1861322748_-300571531_698289392_546502593_-1317546246","10407_-775390385_1829005833_-206964307_-290280550_-130646083_1795868718",665648602,130779769,1266146221,1188714716,768035927,403059360,537107251,86.1679999999997,5.90799999999945,5.53900000000067,1.9380000000001,1.91899999999987,452.425999999999,1,NA,"07061f0f18b6","not-a-git-build","951d9a80e7940d4748fa2958a040207b","confirmatory",579.983000000001,40.3449119596282,9.05801787000414,39.5188785685645,-3.44553118125605,59.5129999746887,16.3087665723918,1627.71192103015,82.0476877333144,1561.74176331694,11.8716851210077,33.6943028155711,5.16456284414072,0,0.004,0.416,0.964,13.5065774974243,40.4385880818035,10.7652922460798,34.2768305745149,41.8913427310722,9.73146751976712,40.9017321358579,-2.75166381961399,60.8958535419822,17.0026339340339,1754.88459581216,94.7014600882824,1672.95169171347,7.57165377617266,34.4326375947225,5.5782111336397,0,0.023,0.454,0.944,14.9762069381034,45.3389108165568,12.3875821178497,36.1363660904885,40.5847721740151,10.5545517010448,39.2928305017404,-2.05014883302616,59.2869519078646,17.7041489206217,1647.12373241671,111.398561610027,1543.9265288385,4.20311023755853,30.6653531218389,6.05244453009681,0,0.256,0.517,0.976,18.8654190592951,63.6371778659039,15.668864790679,50.0374381225806,42.5448697722754,9.99503261384502,41.4798681605839,-2.63397063150008,61.4739895667082,17.1203271221478,1810.06594393987,99.9006769518256,1720.57946261942,6.93780128760493,33.1617748052663,5.73283666291602,0,0.081,0.464,0.977,19.4470275811888,58.0650131028352,13.7401642597364,44.927477349469,48.7475091096705,70.3964235834198,5.59269305213928,26.6978670001527,55.6873958711658,63.5890364140296,12.6150101399086,20.0113968219094,21.6489144737492,21.1051739480134,7.90164054286379,7.39638668200079,0,1,0,1,49.3067618259266,72.0291105592835,7.24944807409588,26.8980848470547,57.0629244551207,65.0193744644853,13.8035335774631,20.1690630536642,22.7223487333569,19.6486367729588,7.9564500093646,6.36552947620103,0,1,0,1,47.6221364476621,70.4631842790499,8.45813618913711,26.9143119053843,55.050312221992,63.3960811478046,14.4328906983116,21.1588371307679,22.8410478313878,18.4561757162472,8.34576892581256,6.72594643245631,0,1,0,1,49.2185279797024,73.762722892508,7.43564803380346,27.0172209523425,56.9194155361264,66.099397688533,13.6468046121949,20.5153950728718,24.5441949128056,19.5815729185391,9.17998215240665,6.86859046067687,0,1,0,1,144.118085463608,840.150236665291,23.4651859489363,36.4145747550763,130.611507966184,799.711648583487,12.6998937028564,2.1377441805614,148.65370667447,778.890261840608,25.1785634375985,42.3236091130753,133.677499736366,733.551351024051,12.7909813197488,6.18724302258678,138.238665635272,472.369804727414,26.7140903729374,52.2015873600544,119.373246575977,408.73262686151,11.0452255822584,2.1641492374738,145.732940964702,604.892362783751,25.8208343882955,46.5289578387038,126.285913383513,546.827349680916,12.0806701285591,1.60148048923479,1171.7844226156,21.1051739480134,150.67473840303,7.39638668200079,1195.22796552545,19.6486367729588,156.23166220535,6.36552947620103,1127.9616494929,18.4561757162472,148.570532189284,6.72594643245631,1193.52045785593,19.5815729185391,156.881158672415,6.86859046067687,19.9941214061243,19.7542977536479,0,"e3-v2.0","0.50|0.95"
427,500,2,1,"L'Ecuyer-CMRG","10407_-70986900_-975494834_-1912931385_-1592387701_-1385530580_163991347","10407_-336194249_53560408_-1781600564_-620056126_1932195137_-1688780184",1266146221,1188714716,768035927,403059360,537107251,2122968996,983644305,85.3509999999997,5.01800000000003,6.39599999999973,1.94599999999991,1.90099999999984,459.037,1,NA,"07061f0f18b6","not-a-git-build","951d9a80e7940d4748fa2958a040207b","confirmatory",585.551,34.1524505961148,8.11978224266603,33.4750417849921,2.28360201731792,53.7121339958603,22.6603241708941,1166.38988172006,65.9308636683146,1120.57842250697,5.21483817349846,27.4779144003913,4.6584141664366,0,0.06,0.492,0.984,14.2785264667004,41.4516409237742,12.0458776059711,36.8121722494456,37.0399964995535,9.74175769237977,36.4283133228688,2.37823129381886,56.665405533737,22.754953447395,1371.96134068694,94.9018429370405,1327.0220115491,5.65598408689931,30.0305567203582,5.59051142219733,0,0.03,0.42,0.942,14.9976562746797,44.4002437456856,12.1125859636972,36.3430418459359,38.4670640331471,11.7575136856452,37.360144513562,2.46070120321236,57.5972367244301,22.8374233567885,1479.71501533024,138.239128068134,1395.78039807423,6.05505041149073,28.2274343251343,6.74576110978547,0,0.367,0.538,0.971,21.5958874922862,66.479502996198,18.1046006772622,55.4645599280173,36.1476406075084,8.92361037957735,35.4559986198292,2.85427808726435,55.6930908306974,23.2310002408405,1306.65192148959,79.6308222065007,1257.12783812933,8.14690339943742,27.4913468836443,5.29072510384741,0,0.237,0.643,0.992,18.7209808401759,56.7647842713912,16.8589024391296,50.8749164443358,41.8095819548814,65.2193231630715,12.6172119123012,33.2687710962078,49.970854294751,57.3751798330644,19.3839757602493,25.9599492833555,23.4097412081902,20.6515591839065,7.40432553831333,6.57597352310618,0,1,0,1,44.9024705055235,67.2608353678635,13.0928451900292,32.7356258795784,52.9297739295591,60.7362074652954,19.3559815054376,25.9715187517245,22.35836486234,19.6427806895492,7.80643353573635,6.61553724628692,0,1,0,1,46.2795025727203,69.3836134474183,12.5019613791344,33.475841762531,53.5342532450963,61.3011699249759,19.5987496391427,26.1101298228045,23.1041108746981,20.9738803833966,7.76691667987966,6.51138018366183,0,1,0,1,43.9507598996856,68.2084924931525,11.8796212933003,33.2266412722659,51.3823426524104,60.1266787277368,19.7813358661607,27.017385232073,24.2577325934669,21.3470199789656,8.74433607532638,7.23604936591225,0,1,0,1,120.234320019,517.52188390833,21.0330221056264,37.5071326021185,105.955793552299,476.070242984555,8.98714449965525,0.694960352672854,131.370180855434,584.806952009247,25.269777959171,44.2253831833237,116.372524580754,540.406708263562,13.1571919954739,7.88234133738775,127.759759693938,334.671026090587,29.8098650516663,58.564865662412,106.163872201652,268.191523094389,11.7052643744041,3.10030573439471,123.594213988258,360.737940158151,23.3978574430738,51.1927986987493,104.873233148082,303.97315588676,6.53895500394422,0.31788225441342,886.309330968717,20.6515591839065,126.339373873845,6.57597352310618,1008.97349664855,19.6427806895492,138.5771604105,6.61553724628692,1064.80052534878,20.9738803833966,140.955560816792,6.51138018366183,972.804440146162,21.3470199789656,133.325337841495,7.23604936591225,20.2370922108682,20.3767221535761,0,"e3-v2.0","0.50|0.95"
428,500,2,1,"L'Ecuyer-CMRG","10407_-1799656041_2111947406_502913743_-681499127_788337369_-338450994","10407_1904838632_1450689952_1620603186_1390346861_681060031_793093050",768035927,403059360,537107251,2122968996,983644305,690568592,1918945769,82.2259999999987,6.79399999999987,4.97999999999956,1.98300000000017,1.90999999999985,450.584000000001,1,NA,"07061f0f18b6","not-a-git-build","951d9a80e7940d4748fa2958a040207b","confirmatory",574.121000000001,37.0156692526593,9.99234619926082,36.1908760565108,1.56083843951394,56.1669802253398,21.7099341504215,1370.15977022227,99.8469825658822,1309.77950973773,2.4362166342643,30.0889971421227,5.73965031038845,0,0.055,0.392,0.939,14.2329041342413,42.7706828793515,11.9273033894268,34.511188915623,38.2726776938985,10.7592735173945,37.6061310246291,3.37993197217029,57.5822351934581,23.5290276830779,1464.79785786104,115.761966622107,1414.22109064157,11.4239401364989,31.0379725358205,6.1674465589377,0,0.028,0.434,0.909,15.2799060596351,46.1881256903949,12.8244972871088,37.8749532117536,38.0349906043073,13.1909447230957,37.1596279910675,3.24052434030713,57.1357321598965,23.3896200512147,1446.66051026975,174.001022687766,1380.83795243453,10.500998000123,29.2399434722212,7.47508994593327,0,0.229,0.521,0.961,18.2105834583015,56.7873310093617,19.6089061860951,56.9251770233169,38.5495290563005,12.2308420635948,37.5718776811418,1.63712375059835,57.5479818499708,21.7862194615059,1486.06619046256,149.5934975846,1411.64599248668,2.6801741747732,29.5261704359003,6.96484653016698,0,0.259,0.537,0.979,18.5020792262945,58.5463412998768,18.9158072420182,57.048042220556,45.6962453745857,66.970017238993,12.377067538104,30.7208155080534,52.2738759540483,59.8691186391503,18.446357051875,25.1094567105835,21.2737718644072,18.3437479699493,7.59524268510196,6.66309965870849,0,1,0,1,45.9999649303493,69.1675970721674,14.4286831832768,32.2455012051522,53.6958247799243,61.449530441187,20.4675196419804,26.6744861310436,23.167632141818,17.8168180218754,7.75370566126265,6.20696648906323,0,1,0,0,47.1403144343004,67.5135826346558,14.01739399264,32.840581308167,53.6149245833065,60.5572356617864,20.1660893879422,26.621965558785,20.3732682003554,18.823187315527,6.94231107847992,6.45587617084277,0,1,0,0,46.5454708072291,68.1832578831301,11.2814927213468,32.5090542781359,53.876107710028,61.5358858552179,18.6823604155754,25.2135637267109,21.6377870759009,21.2275615567891,7.65977814518986,6.53120331113549,0,1,0,1,130.951449685113,619.708703087354,25.9582155186697,40.2977099937773,116.718545550871,576.938020208002,14.0309121292429,5.78652107815428,135.273015874259,618.423029475756,27.749322745607,49.3884291583377,119.993109814624,572.234903785362,14.9248254584983,11.513475946584,130.927033847397,440.010066419534,33.485285171911,62.4218559864677,112.716450389095,383.222735410172,13.8763789858159,5.49667896315078,132.811086699683,408.052793981249,30.991763185686,59.8032681329625,114.309007473389,349.506452681372,12.0759559436678,2.75522591240649,1050.07942009468,18.3437479699493,136.786329825979,6.66309965870849,1064.12206260263,17.8168180218754,142.632588105644,7.48066221335441,1106.94167881921,18.823187315527,141.49759273639,6.5238508789812,1084.41245261191,21.2275615567891,143.259792309986,6.53120331113549,19.976104168829,20.1490957109076,0,"e3-v2.0","0.50|0.95"
429,500,2,1,"L'Ecuyer-CMRG","10407_-2124506726_125414717_-1708784324_-89906165_1751026880_1465897437","10407_317830569_1256841144_1455625643_1188348788_-1042924513_-408206330",537107251,2122968996,983644305,690568592,1918945769,1300272474,497857761,82.8960000000006,4.88500000000022,5.12199999999939,1.84000000000015,2.96600000000035,449.530000000001,1,NA,"07061f0f18b6","not-a-git-build","951d9a80e7940d4748fa2958a040207b","confirmatory",574.283000000001,44.765100269014,7.61039042046893,44.2047194597641,2.67302098535958,64.3571040869033,22.8513646874709,2003.91420209488,57.9180423519652,1954.05722251645,7.14504118817271,39.0140590394456,4.36254331548071,0,0,0.517,0.988,11.8501606442187,36.0759828801569,11.0576093663791,34.0626448148222,45.3818691504729,7.95300817174405,44.7768855552917,4.41295587191218,64.9292701824309,24.5912995740235,2059.51404759065,63.2503389798277,2004.96948003169,19.4741795274442,38.8972739824091,4.56321748444462,0,0,0.567,0.984,13.5546911606147,40.7198514148751,12.7403648177556,38.1738153230794,44.7513986010292,8.0367569653397,44.0309020123799,3.93959032920401,64.1832866395191,24.1179340313153,2002.6876767482,64.5894625199362,1938.7203320238,15.5203719619578,37.0518658403302,4.80131333864243,0,0.019,0.671,1,14.9645000858613,49.6302507137761,15.9428858474296,48.774981109494,44.5583160743206,7.35389228506291,44.0379178826329,4.00581396293218,64.1903025097721,24.1841576650435,1985.44353137905,54.0797317403078,1939.33821143752,16.0465455056224,37.0610414926993,4.45273782738166,0,0.007,0.667,0.996,14.7718849678629,49.8217996271723,14.2174717237287,44.8575270230789,53.1795846933116,75.1835158513397,12.8197744154687,32.5045805779014,60.4219052294099,68.09122401108,19.2537740048485,26.5696153138457,22.0039311580281,19.6848061624327,7.66931878167008,7.31584130899724,0,1,0,1,54.5480842048702,76.3679166361873,14.3680524766605,34.4391470515589,61.5051207738686,68.4827386590349,21.4510578035828,27.8240300737479,21.8198324313171,20.0710945748984,6.97761788516634,6.37297227016511,0,1,0,0,53.2665616315825,75.7920456171116,13.7989680200062,34.2641474732205,60.0749581875877,67.9672262494396,20.790344804738,27.9230047982745,22.5254839855291,20.4651794532144,7.89226806185194,7.13265999353651,0,1,0,0,52.1363509297518,75.3593473441868,13.5468162563525,33.1559008976524,60.3755564979848,67.9984361505239,20.7614946139904,27.759340990148,23.222996414435,19.6090846412999,7.62287965253908,6.99784637615761,0,1,0,0,164.750433913294,1113.72513238534,19.8094675132326,34.4438351767584,152.900273269075,1077.64914950518,8.75185814685348,0.381190361936184,165.337017410912,1028.92553418131,20.5614288628279,38.9703035479697,151.782326250298,988.205682766434,7.82106404507233,0.796488224890308,160.753235979162,852.325122764772,21.6272797017753,48.774981109494,145.788735893301,802.694872050996,5.68439385434571,0,161.121647016124,840.016680899594,20.4626765210948,44.9695209102916,146.349762048261,790.194881272421,6.2452047973661,0.111993887212627,1343.09193380492,19.6848061624327,168.747401190753,7.31584130899724,1397.64781554056,20.0710945748984,172.388562472084,11.4638286760512,1347.09256416326,20.4651794532144,167.582562303646,9.58066440404354,1302.58164851894,19.6090846412999,168.515567135921,9.33045002367409,20.1523846271392,20.1783437021113,0,"e3-v2.0","0.50|0.95"
430,500,2,1,"L'Ecuyer-CMRG","10407_-1729853252_492656108_-1584191522_-1410056432_-1385093008_-1389328131","10407_-233788296_-600612960_345499744_-288155169_1933801674_1936671215",983644305,690568592,1918945769,1300272474,497857761,1446680747,981802317,81.905999999999,5.59000000000015,6.17499999999927,1.88800000000083,2.40799999999945,462.361000000001,1,NA,"07061f0f18b6","not-a-git-build","951d9a80e7940d4748fa2958a040207b","confirmatory",586.275000000001,42.6384500328749,9.45342355911247,41.8240971787047,2.60343456653584,61.9628559600898,22.7118294428716,1818.03742120597,89.3672169879827,1749.25510481373,6.77787154223363,36.23664150281,5.50351203408039,0,0.01,0.365,0.9,12.784420170067,39.0760306910301,9.98325710041112,31.2556799236448,42.7132737164199,9.56892379075011,41.9266718160746,2.82869693073708,62.0654305974597,22.9370918070729,1824.42375157381,91.5643025131834,1757.84580957282,8.0015263259614,36.0983208947331,5.50360375874329,0,0.003,0.398,0.941,13.4251280328531,40.567815166551,11.187700256986,35.2418259725561,43.763331240335,10.0999761606548,42.8637158557054,2.80212685673001,63.0024746370905,22.9105217330658,1915.22916125128,102.009518445795,1837.29813695865,7.85191492120762,35.2877406472722,5.8588255637858,0,0.086,0.502,0.99,16.2917142257082,54.4074806878189,15.4346246084498,49.9640564968614,43.4667778504003,9.55934495856369,42.5858004703698,1.84584526090148,62.7245592517549,21.9542401372373,1889.36077669605,91.381076036817,1813.55040170215,3.40714472719247,36.3358504572703,5.52131225780748,0,0.023,0.35,0.985,12.8849679506045,44.5787700839546,11.0344317090819,38.6208598634511,50.1803839968214,73.3899954783624,12.0832745444638,32.2654481665818,58.2092964734669,65.8368635626802,20.150535958092,25.6556532941214,23.209611481541,20.182173622118,7.62756708921326,5.50511733602939,0,1,0,0,50.3649290904899,72.6071586280617,13.0266906688253,32.1975508477076,58.7126727187399,65.3449976846159,19.8362584235086,26.3954727199337,22.2422295375718,19.1708601788823,6.63232496587595,6.55921429642504,0,1,0,1,52.6008278721663,73.2528461701914,12.7964434383379,32.3747008750158,59.1941805348217,66.5650856278457,19.5475915522244,26.4301461719058,20.6520182980251,19.578257436678,7.37090509302396,6.88255461968139,0,1,0,1,52.377221956393,72.1945528453471,11.9980097344937,31.9182804462584,59.2090883431836,66.267226037116,18.7686521676909,25.1993544585929,19.8173308889541,19.9202707117648,7.05813769393247,6.430702290902,0,1,0,1,154.892718463288,905.060353460263,25.1762924321756,41.5862873728995,142.108298293221,865.984322769233,15.1930353317645,10.3306074492547,154.635872566406,886.227773018974,25.0225924534209,41.7015885609306,141.210744533552,845.659957852423,13.8348921964349,6.45976258837447,155.900259201647,645.180555080249,25.9789924017801,50.7114140873022,139.608544975939,590.77307439243,10.5443677933303,0.747357590440845,158.266767301419,831.234863040377,25.2818723249582,39.455114228173,145.381799350815,786.656092956422,14.2474406158763,0.834254364721954,1224.87462009899,20.182173622118,159.909717857541,5.67368166305431,1231.28904190176,19.1708601788823,160.927980715295,6.55921429642504,1319.13478192927,19.578257436678,163.59259210677,6.88255461968139,1309.35585788927,19.9202707117647,163.339455941126,6.430702290902,20.1387587813851,20.1083948763358,0,"e3-v2.0","0.50|0.95"
431,500,2,1,"L'Ecuyer-CMRG","10407_-812438376_217629109_-2011844306_1467178124_1998263919_1196880788","10407_-561829528_733483984_-777068086_-1142460149_1688742820_-1797962648",1918945769,1300272474,497857761,1446680747,981802317,1057074775,286326478,81.4740000000002,4.95800000000054,5.375,1.90900000000147,1.86200000000099,467.041999999999,1,NA,"07061f0f18b6","not-a-git-build","951d9a80e7940d4748fa2958a040207b","confirmatory",588.611000000001,36.8720522799369,9.09002505319929,35.872883306789,3.52783509492763,55.8769030671053,23.5645707040201,1359.5482393344,82.6285554677908,1286.8637567425,12.445620457003,30.8408027945755,5.17072869245199,0,0.02,0.402,0.953,10.9493296227535,35.7211283537968,10.7420853384224,32.9587097659909,39.3325601364025,10.1603436956586,38.1167404542174,5.83151741062293,58.1207602145337,25.8682530197155,1547.05028688372,103.232584013909,1452.88590285417,34.0065953103984,32.2626396060315,5.78986837002691,0,0.031,0.405,0.948,13.6419138858463,40.921571696693,11.7464768302862,35.7125223776991,38.9082378731148,10.0294710162104,36.824702267372,5.77170032038453,56.8287220276883,25.808435929477,1513.85097439089,100.590288865004,1356.05869708059,33.3125245883268,29.114601211205,5.75836113052389,0.008,0.258,0.511,0.982,18.9026752929696,56.0362737591725,14.1701553551945,46.386439202669,38.6036580130385,10.2930992954527,36.1435849188964,4.15338409655774,56.1476046792127,24.1901197056503,1490.24241198763,105.947893106048,1306.35873078947,17.2505994535388,29.0537731506576,5.87213824925777,0.002,0.256,0.542,0.966,16.6270135052239,51.8888027396647,14.1822953027047,46.4138576091244,46.2243513907536,65.7559130907378,13.0158650938969,34.7974155607831,52.3695893814941,59.6291128559033,19.9091265826766,27.4520371449626,19.5315616999843,21.7815504668862,7.25952347440914,7.54291056228604,0,1,0,1,48.7365489685576,67.9204501808082,14.389483378773,36.3804807390293,54.5408142128854,61.6708759187368,22.3640949895088,29.6520545546454,19.1839012122506,21.9909973602564,7.13006170585143,7.28795956513668,0,1,0,0,47.260936599184,68.0234400198787,15.9314500809191,36.4173567007249,52.8419884834008,60.6397977910592,22.4957980784178,29.0781348761228,20.7625034206947,20.4859066198059,7.79780930765844,6.58233679770496,0,1,0,0,45.9810924283031,66.9728517028442,13.3284466778379,34.5295904760114,52.5793070707917,59.5788038855007,20.7984294600341,27.5224685904873,20.991759274541,21.2011437981734,6.99949681470905,6.72403913045313,0,1,0,0,132.850650341015,749.079177279144,23.6802079368972,36.6725977404588,121.901320718262,713.358048925348,12.9381225984748,3.71388797446784,139.024829707371,737.020236402609,26.5165375475357,41.0379399977258,125.382915821525,696.098664705916,14.7700607172495,5.32541762002665,128.738808269146,480.029317248919,26.0740792424939,48.0165424775402,109.836132976176,423.993043489746,11.9039238872994,1.6301032748712,127.678035995933,532.078096256675,26.4082574940801,50.191965517975,111.051022490709,480.18929351701,12.2259621913754,3.77810790885065,1068.34482691747,21.7815504668862,136.721801959121,7.54291056228604,1168.4850695419,21.9909973602564,145.277239516128,16.5973970868016,1111.0391769754,20.4859066198059,139.149684199996,16.4185866750061,1060.07466599401,21.2011437981734,137.300646056611,9.77081453421955,20.0040197603163,20.0367356090925,0,"e3-v2.0","0.50|0.95"
433,500,2,1,"L'Ecuyer-CMRG","10407_1179027074_-1724367717_-886639027_-1893936386_1544949826_-160221416","10407_612667410_1212168880_675594290_465431823_-730142073_475541554",981802317,1057074775,286326478,362381927,1031999540,1178194949,354666022,81.1350000000002,6.12299999999959,4.79700000000048,3.0669999999991,1.87699999999859,455.021000000001,1,NA,"07061f0f18b6","not-a-git-build","951d9a80e7940d4748fa2958a040207b","confirmatory",575.797999999999,31.781339069255,6.62006020022104,30.9908617199064,3.84249208384496,51.2083593142349,24.0043138971953,1010.05351303495,43.8251970545507,960.433510142361,14.7647454144112,25.9722315180633,3.82887289601543,0,0.024,0.579,0.999,11.5337474712883,35.495148420817,11.5102450316741,34.3441500060552,33.3685333506987,7.35571826120927,32.4891503860463,5.20979578706814,52.7066479803748,25.3716176004184,1113.45901797669,54.1065911382875,1055.54489280713,27.1419721429529,26.825034541956,4.33351283636355,0,0.044,0.605,1,13.1628250517473,39.8924234282455,13.5636281335488,39.5374431554327,34.2432568742993,6.71494712573366,33.3292738869881,3.8907999271973,53.5467714813166,24.0526217405476,1172.60064135924,45.0905149013988,1110.84049783387,15.1383240734785,26.9466167453709,4.34158066521065,0,0.074,0.741,1,13.9232018540127,45.4703905910874,16.5054033974168,49.5680451805239,34.0644301474585,6.90501358354993,33.3725966248298,5.08586009044825,53.5900942191583,25.2476819037985,1160.38540127108,47.679212589009,1113.7302054836,25.8659728596142,26.4037851278308,4.43382978440597,0,0.152,0.704,1,15.1661386926353,50.2719002269557,16.1734266883348,49.3204006427878,40.0377117284146,63.3947215206563,14.7985968866677,32.8076875503893,47.3674584588879,54.8481863819919,20.992585086513,27.2358198046716,23.3570097922417,18.0090906637216,7.48072792310403,6.24323471815859,0,1,0,0,41.7045715319485,62.5642228548489,16.3138240961835,34.5092571783035,49.0914414656929,56.6295542955387,22.0946116063457,28.7642068553708,20.8596513229004,18.19543308212,7.53811282984584,6.66959524902517,0,1,0,0,42.5575095528135,64.6523718976838,14.260949633238,32.7641420863538,49.527569912272,57.6154502547782,20.920909216797,27.4441331858319,22.0948623448703,18.5031924531158,8.08788034250627,6.52322396903493,0,1,0,0,41.3727313718553,64.9577218864761,15.483247989536,36.4863983720077,49.9073822871328,57.1967603047899,21.6834019172799,28.5778510035333,23.5849905146208,21.0031503824717,7.28937801765704,6.89444908625338,0,1,0,0,112.393314081661,578.903976776178,16.9720039831855,34.4147506785484,100.859566610373,543.408828355361,5.46175895151141,0.0706006724932236,116.55567391945,554.565088031953,19.4986464997204,39.5374431554327,103.392848867703,514.672664603708,5.93501836617165,0,118.696226245957,520.980844282102,19.4814677200819,49.5680451805239,104.773024391944,475.510453691015,2.9760643226651,0,118.612681322508,385.953871950984,19.5291946475304,49.3204006427878,103.446542629873,335.681971724028,3.35576795919556,0,816.165575155685,18.0090906637216,116.080571381342,9.56628781080948,880.342608827699,18.19543308212,123.033888315303,14.4007544210066,915.695340684272,18.5031924531158,125.32816961428,9.5595735828216,869.794341615692,21.0031503824717,126.048916788874,12.9807695019718,20.2174975943285,20.1618218133503,0,"e3-v2.0","0.50|0.95"
432,500,2,1,"L'Ecuyer-CMRG","10407_-2029580984_-164062319_1163686976_-681476013_-1328605768_898267014","10407_557447845_1522449663_1321971901_-430223744_-1529140161_-1982949885",497857761,1446680747,981802317,1057074775,286326478,362381927,1031999540,82.0810000000001,6.83200000000033,4.99300000000039,1.89899999999943,1.91200000000026,467.559000000001,1,NA,"07061f0f18b6","not-a-git-build","951d9a80e7940d4748fa2958a040207b","confirmatory",590.555,33.4620140468476,8.96219158563102,32.4995299982018,-5.74368720593721,52.2547912853262,14.1751668106131,1119.70638407143,80.3208780175555,1056.21945010402,32.9899427196468,27.0311799951628,5.13800216443109,0,0.049,0.519,0.96,12.7059870437053,38.0181535152588,12.4982117481997,37.9080161700092,36.0818107617777,9.13102473759706,34.9912513003992,-4.36305161949879,54.7465125875237,15.5558023970515,1301.89706784873,83.3756127586095,1224.38766756769,19.036219434411,29.1390465692976,5.23899155581985,0,0.051,0.579,0.979,13.7909335862762,40.6170352242468,14.3781116761111,42.1449353427951,35.0816126734821,12.3338572245247,33.7726810972847,-5.78478012967848,53.5279423844091,14.1340738868718,1230.71954777222,152.12403403496,1140.59398849889,33.4636811487229,26.4997954132511,7.03893524174423,0.001,0.246,0.614,0.994,16.3765030577346,53.0915178856792,21.5431683918476,64.0077276089479,37.3432281780601,13.5383515877448,35.1328997074142,-5.75104067272578,54.8881609945386,14.1678133438245,1394.51669075866,183.286963713393,1234.32064185122,33.0744688193462,26.0860948595049,7.6738350266471,0.015,0.455,0.583,0.98,22.2601786905938,68.2907931565796,21.8317406160511,64.7295053091196,42.3301453111906,63.3933740780144,3.92456155636646,25.0756107131241,48.3825792127126,55.9399897207534,10.9197244711033,17.2820128156543,21.0632287668238,21.1510491567576,7.55741050804086,6.36228834455096,0,1,0,0,43.5414495808514,65.4960666527243,5.45580609886676,25.1672375503083,50.9137323824697,58.612686326685,11.8289093968788,19.3826915606861,21.9546170718729,19.7114314514416,7.69895394421529,7.55378216380731,0,1,0,0,43.9300543388221,64.018020377973,4.24249528755557,25.0292304974928,49.635793326382,57.1587974475223,10.5312235809424,17.4651513214757,20.0879660391509,20.7867352099373,7.52300412114031,6.93392774053326,0,1,0,0,43.7224655483615,65.8963157524558,3.91581285610751,23.9368066343358,51.1124895554489,58.7251306620185,10.8178917101596,17.5677618813421,22.1738502040943,20.0209937782283,7.61264110656958,6.74987017118253,0,1,0,0,117.49322077688,590.766230072166,23.4514433181787,40.8710436696064,104.787233733175,552.748076556907,10.953231569979,2.96302749959729,125.842365506321,639.284242814405,23.5099017938561,43.4375295642633,112.051431920044,598.667207590158,9.13179011774493,1.29259422146822,118.453163644982,417.31930470123,31.0616220744159,64.5751260145615,102.076660587248,364.227786815551,9.51845368256836,0.567398405613537,118.310550660098,284.465154176656,34.2378502929374,67.3652047721981,96.050371969504,216.174361020076,12.4061096768862,2.63569946307848,924.058589729469,21.1510491567576,122.066682210393,16.909653148135,973.402148820949,19.7114314514416,132.332838325596,9.69843198726396,987.079688107058,20.7867352099373,127.045132278171,16.7487385208317,980.862020653576,20.0209937782283,133.041554179867,16.1542387120152,19.7552612871244,19.9188540165503,0,"e3-v2.0","0.50|0.95"
435,500,2,1,"L'Ecuyer-CMRG","10407_1233392064_-334704035_-1090012847_926495698_-425345057_-1732282135","10407_-466860147_-309249859_-314487516_298906038_-64947130_-1447115256",1031999540,1178194949,354666022,768591267,747419050,1373017997,2132631588,82.8460000000014,5.30000000000109,4.78499999999985,1.86700000000019,2.10899999999856,456.657999999999,1,NA,"07061f0f18b6","not-a-git-build","951d9a80e7940d4748fa2958a040207b","confirmatory",579.413,37.1530642565065,9.08041481399515,36.3580910576674,-2.0713590182455,56.2405234439572,18.0582504846597,1380.3501836481,82.4539331942225,1321.91078535763,4.29052818246696,31.3955806326702,5.21385979190792,0,0,0.406,0.939,11.2572499409421,34.5914452998093,10.9574880264428,34.4526425837121,36.4453238735935,10.4180930906468,35.6724114469651,-4.30378285785549,55.5548438332549,15.8258266450497,1328.26163225113,108.536663645383,1272.52093844156,18.5225468875708,30.3170733393628,5.94446115036203,0,0.007,0.482,0.935,12.1954297677614,37.6246663662017,13.5722909340485,41.037187504769,38.2278167873323,10.1915297200809,37.4711514245147,-2.54624334593691,57.3535838108045,17.5833661569683,1461.36597632585,103.867278035293,1404.08718907891,6.48335517672798,29.8684845381597,6.06394502620584,0,0.135,0.635,0.991,16.6649006664569,54.8804562576586,18.7868313818295,58.5590183964273,37.2572824448418,9.43265918643825,36.4956766052438,-3.6095329038879,56.3781089915336,16.5200765990173,1388.10509517472,88.9750593274978,1331.93441087454,13.0287277842494,30.0370224408957,5.38975882306363,0,0.052,0.459,0.965,13.0998173113334,46.9342357815668,11.9201272434645,42.2977493996242,45.6245453153255,65.9376412338387,8.27054770764607,27.599725638,52.9112857370578,59.7088450339828,14.6808622266848,21.3381857169228,20.3130959185132,19.3291779303539,6.79755929692498,6.657323490238,0,1,0,1,45.5402341277275,66.2799182872433,6.38670897473177,25.1171413871105,51.8864607901533,59.3356323410176,12.2357693169102,18.974718453109,20.7396841595158,18.7304324123787,7.44917155086434,6.73894913619878,0,1,0,0,46.9233940980877,68.368947996834,8.69068688732024,26.489962484291,53.7359628017392,60.9813227727685,14.2256230204369,20.7871657679066,21.4455538987463,17.7992755969708,7.24535997102922,6.56154274746974,0,1,0,1,45.8382794012694,67.2108377857662,7.26673928742447,25.1458393130325,53.0958137814379,59.5355433430266,13.5653719205225,19.8315969582169,21.3725583844968,17.879100025608,6.43972956158869,6.26622503769438,0,1,0,0,134.138695914939,793.542293574848,23.5064719495004,40.7545153632583,122.881445973996,758.950848275039,12.5489839230577,6.30187277954624,130.633465112869,705.064410285731,26.9152608008244,48.8536828122992,118.438035345107,667.439743919529,13.3429698667759,7.81649530753023,132.921619422969,490.348491712318,27.1998709126993,59.2499476549373,116.256718756512,435.468035454659,8.41303953086987,0.690929258510025,132.333326829728,601.774036826185,24.3425577323578,45.0517310485068,119.233509518395,554.839801044618,12.4224304888933,2.75398164888262,1049.99761307994,19.3291779303539,138.912972699997,6.657323490238,1047.05175381702,18.7304324123787,135.465285166318,11.3585133353838,1103.08402237066,17.7992755969708,142.659481632827,6.56154274746974,1059.60643898368,17.879100025608,139.293255142181,7.45827521644784,19.8824323862898,20.1296095029052,0,"e3-v2.0","0.50|0.95"
434,500,2,1,"L'Ecuyer-CMRG","10407_-466344698_-1644824604_1860879508_1460780430_-1150345123_-1984880636","10407_-403891989_1399928470_1160515815_1062822788_-1178593389_1413048279",286326478,362381927,1031999540,1178194949,354666022,768591267,747419050,83.4959999999992,6.1820000000007,4.79600000000028,2.36800000000039,1.85099999999875,455.227999999999,1,NA,"07061f0f18b6","not-a-git-build","951d9a80e7940d4748fa2958a040207b","confirmatory",579.269,23.6093011928792,7.96569646767423,22.5098483919904,-1.3034832281327,42.6718464597204,18.8529870113966,557.399102816086,63.4523202151178,506.693274630392,1.69906852602325,16.9966605407523,4.58836427160209,0.007,0.418,0.419,0.967,13.5664298342926,40.9782377274096,10.3396403682033,31.5525573111463,25.4134672900663,8.80237852704548,24.2201891506485,-0.21918662430074,44.3821872183785,19.9372836152286,645.844319703268,77.4818677333914,586.61756249319,0.0480427762723536,18.3746428046573,5.08739237786896,0.011,0.385,0.387,0.969,14.7158179221101,43.0595378841734,11.0192033157519,33.3228801456118,24.3808817028443,9.27549244735092,23.1881448367965,-0.10269131538104,43.3501429045265,20.0537789241483,594.427392608089,86.034760140864,537.69006097225,0.0105455062546883,16.228916405735,5.3487247423669,0.021,0.699,0.456,0.994,18.0859732548501,56.5758806392064,13.8387291054872,43.9838376522249,23.9846067377957,9.10234291059202,22.3558295642532,0.439374369138203,42.5178276319832,20.5958446086675,575.261360366717,82.8526464620047,499.783115505937,0.193049836255594,15.4114656321221,5.29931634548119,0.071,0.798,0.484,0.998,19.6526460173438,62.474806093231,14.4859233403302,47.4818215682599,30.3581568172015,53.0310054863398,10.2412835360546,27.2747267104988,38.9693657898754,46.6066780443265,15.9308679102625,22.1985409424859,22.6728486691382,17.0334431744442,7.63731225445112,6.2676730322234,0,1,0,1,33.4964682546904,55.2557551299913,11.6177324873231,27.923667057013,40.7627151002945,48.2277861798789,16.9532703483756,22.8776283443651,21.7592868753009,16.3059345696899,7.4650710795844,5.92435799598952,0,1,0,1,33.0354523348483,53.3132120580019,9.72312592779475,29.3710106226232,39.2430170009828,46.9931870066343,16.8162009327537,23.4034057906465,20.2777597231536,19.6478846948284,7.75017000565151,6.58720485789283,0,1,0,1,31.5277934201918,53.2655233263981,9.81231451520987,31.3837555671007,38.6920024118901,46.5533901885793,16.2075131725484,24.5140859494314,21.7377299062063,21.5714410518908,7.86138777668925,8.30657277688295,0,1,0,1,76.8930738580847,207.666146540849,20.8400871109007,33.0035189254298,63.3266440237921,166.68790881344,10.5004467426974,1.45096161428351,82.2797037309905,231.292724301411,22.9638343700519,35.3465787557884,67.5638858088805,188.233186417238,11.9446310542999,2.02369861017658,74.793662268003,120.874782984762,23.7718976478787,44.2231213119855,56.7076890131529,64.2989023455561,9.93316854239147,0.23928365976061,71.3006207775014,107.336045454209,23.122695695544,47.5481018716494,51.6479747601576,44.8612393609777,8.63677235521379,0.0662803033894342,430.519198647999,17.0334431744442,82.8667831430326,6.2676730322234,555.138094353716,16.3059345696899,89.8679392098424,5.92435799598952,535.215930407884,19.6478846948284,84.0742457386625,6.58720485789283,476.369544004678,21.5714410518908,81.9814051533294,8.30657277688295,20.16199806773,20.1564702395293,0,"e3-v2.0","0.50|0.95"
437,500,2,1,"L'Ecuyer-CMRG","10407_297275023_-1910764318_-1694495975_-595940853_-828518681_-1574951053","10407_-879045728_-482155518_-1658406940_627605252_151307955_407031599",747419050,1373017997,2132631588,1504634164,478862853,486668360,1404753946,82.8449999999993,4.84900000000016,5.5669999999991,1.91599999999926,3.11599999999999,456.715,1,NA,"07061f0f18b6","not-a-git-build","951d9a80e7940d4748fa2958a040207b","confirmatory",579.994000000001,35.7581526928645,7.78075462642481,34.8353555159012,-0.610954077210572,55.0415372279041,19.4466556203425,1278.64548400622,60.5401425566311,1213.50199391923,0.373264884460221,29.9775184578497,4.47380834473374,0,0.017,0.383,0.991,10.7213034047474,34.3090281461998,9.86071370335253,30.5442653543578,38.1243665032278,7.79814670606023,37.2580117821632,0.67920612471648,57.4641934941661,20.7368158222695,1453.46732127244,60.811092049238,1388.15944195981,0.461320959852378,31.7912464250755,4.47875874670831,0,0.005,0.446,0.983,12.7071654216899,38.2358036320548,11.0475829903356,33.6448475066412,37.7492376147516,7.44411939361052,36.6719233912293,-1.07463372822475,56.8781051032322,18.9829759693283,1425.00494049497,55.4149135463283,1344.82996521219,1.15483764983823,29.1054008180549,4.41510935907343,0,0.145,0.587,1,16.5769061817022,54.1643676610946,13.4684790914314,43.6910192721843,37.3072681485081,8.92771192497055,36.3275194276542,-1.45902339740973,56.5337011396571,18.5985863001433,1391.83225670469,79.7040402152613,1319.6886677666,2.12874927418902,29.797818016517,5.13790847315892,0,0.115,0.421,0.986,14.1876543791648,46.6146899206307,11.9028214722712,39.4819103187275,43.6088473379954,65.369568443334,9.74143009078388,29.3395705034711,51.6883612193426,58.8164640913239,16.1456158357079,22.757266309481,21.7607211053386,19.5981404126872,7.12810287198135,6.61165047377306,0,1,0,1,47.3656559719096,68.4056030507932,10.8455905589063,29.7220890349867,53.540604258494,61.4907880469891,17.7668842392042,24.3306492101542,21.0399470788836,18.8764984760804,7.95018378849515,6.56376497095005,0,1,0,1,45.8187266403709,68.9677349616552,9.68563482633428,28.4599630145387,52.903259930567,60.6801670508478,15.4497729677961,22.3200530752715,23.1490083212842,18.7743281882044,7.77690712028075,6.87028010747538,0,1,0,1,45.1590355051517,69.6225055047588,8.75162912664641,29.333764930715,52.3028369033391,60.5437227180533,15.0334227796707,22.078681566782,24.4634699996071,20.5821358040686,8.24088581471417,7.04525878711132,0,1,0,1,129.340827365917,718.720752338903,20.4414298410489,30.7827304776308,118.619523961169,684.411724192703,10.5807161376964,0.238465123273061,135.592458165092,783.087668189534,20.403142189813,34.6549246249403,122.885292743402,744.851864557479,9.35555919947744,1.01007711829908,129.731768427015,487.545852565942,19.3484771257046,43.6910192721843,113.154862245313,433.381484904848,5.87999803427319,0,131.7335467498,576.019901133694,23.3230857904451,40.0540509248098,117.545892370635,529.405211213064,11.4202643181739,0.572140606082313,957.867346145036,19.5981404126872,133.05682090134,6.61165047377306,1107.41891747515,18.8764984760804,141.287873974459,6.56376497095005,1047.650805456,18.7743281882044,138.565219994537,6.87028010747538,1022.57762172556,20.5821358040686,136.627506580059,7.04525878711132,20.2061817120029,20.0576096975531,0,"e3-v2.0","0.50|0.95"
436,500,2,1,"L'Ecuyer-CMRG","10407_-720147577_1292751297_1838470560_-840311642_-691845369_1716320187","10407_-340621996_1121740527_661910035_992072470_2016164570_2028458825",354666022,768591267,747419050,1373017997,2132631588,1504634164,478862853,84.5640000000003,6.20000000000073,4.83399999999892,2.11999999999898,1.85200000000077,460.534,1,NA,"07061f0f18b6","not-a-git-build","951d9a80e7940d4748fa2958a040207b","confirmatory",585.249,28.3624808210222,12.5629405528373,27.0386226556112,9.84680903771513,47.3497004789484,29.9956623119361,804.43031832285,157.827475334124,731.087115112532,96.9596482252283,21.1601912588015,7.42850330060811,0.008,0.284,0.313,0.876,14.3241792139074,42.9306262374539,12.1159320200252,36.1402232648201,27.1935565323699,13.0456907328592,25.5602903201413,11.011876564349,45.8713681434785,31.1607298385699,739.489516879196,170.190046697409,653.328441249907,121.261425468459,19.5633736069614,7.81219303380531,0.025,0.412,0.278,0.878,15.2501543358032,45.22487740148,12.7011132050409,38.0677698080298,29.2445204116961,13.4976619806229,27.0103031155905,11.4869845662667,47.3213809389277,31.6358378404877,855.24197411011,182.186878943153,729.556474396078,131.95081442565,19.7325928986816,7.82746220296999,0.069,0.607,0.357,0.971,19.8792986295651,61.3609419953278,17.1314975647914,53.4966124361578,30.173535414005,12.8172729616084,27.794183780989,10.2662647881644,48.1052616043262,30.4151180623853,910.442239380214,164.282486172378,772.516652051393,105.396192700703,20.3546705898745,7.39599985212652,0.062,0.568,0.365,0.976,19.301210133003,61.282844108976,15.0512601623378,50.1984285489655,37.424834520638,60.0751613431102,19.846299554887,39.1661582059946,43.5497283586854,50.6063708283101,27.0345896906067,33.2271279316546,22.6503268224722,19.3198586511076,7.05664246962463,6.19253824104785,0,1,0,0,35.2073838266083,55.5783465321482,22.412698715484,40.847532994073,42.4680262780275,49.2910303914102,28.0924154999746,33.8769591762385,20.3709627055399,18.434834278589,6.82300411338272,5.78454367626394,0,0,0,0,37.3174459845353,57.9748238669371,22.9688410172996,40.4047582291336,43.500998809641,51.3969595831141,28.6261324343934,34.930985206597,20.6573778824018,17.4359172118341,7.89596077347302,6.30485277220358,0,0,0,0,37.2537187928547,58.8756685017446,20.446419593648,39.5810561099613,44.2143313886766,52.1104278007985,27.4113915916503,33.5258997803528,21.6219497088898,19.1346365163133,7.89609641212189,6.11450818870249,0,0,0,0,94.2287497965152,322.024098886013,34.240377504505,49.9605515109934,79.9045705826077,279.093472648559,22.1244454844799,13.8203282461734,87.6973602656865,259.436782093198,35.6279529769816,52.844019334807,72.4472059298834,214.211904691718,22.9268397719407,14.7762495267772,89.9863431166564,208.943717112094,35.1324756167844,56.3580238954998,70.1070444870913,147.582775116766,18.000978051993,2.86141145934192,92.3639496517179,212.194688451152,34.6319441554776,52.0446183104509,73.0627395187149,150.911844342176,19.5806839931397,1.84618976148533,707.200594714502,19.3198586511076,100.011244611018,33.735483906591,616.223202836384,108.988651929111,95.450797932144,37.5587925792785,700.912104330325,130.235426934978,100.655644718688,40.2139694128935,699.32758848959,31.0372892933955,103.509110673479,35.1646614584197,20.3110778233372,20.1488532742209,0,"e3-v2.0","0.50|0.95"
439,500,2,1,"L'Ecuyer-CMRG","10407_-678130849_-589278587_772831541_-1374306069_-1202795347_-937622235","10407_1487414035_-568605901_-1363629173_-432516067_-556828169_117322481",478862853,486668360,1404753946,412151088,1206863524,1192114219,1231133832,82.6949999999997,5.33999999999833,6.32500000000073,1.878999999999,1.92400000000089,454.047,1,NA,"07061f0f18b6","not-a-git-build","951d9a80e7940d4748fa2958a040207b","confirmatory",578.283000000001,44.0098601971531,7.08204371634223,43.0361034571113,-1.27932986738416,62.7032130532583,18.3881301314781,1936.86779457296,50.1553432001824,1852.10620077119,1.63668490958116,37.759531172015,4.02441505762463,0,0.004,0.429,1,12.1661857606181,36.9725713754088,9.89322270736809,30.8273632409408,47.2345310116014,7.26955078531691,46.3306234775333,-0.548783026548875,65.9977330736802,19.1186769723134,2231.10091988593,52.8463686203017,2146.52667181696,0.301162810228144,40.6578966763976,4.16881978945751,0,0,0.476,1,13.0712111319646,39.6730258455737,11.3809629888925,33.9152955465866,47.0723921732366,6.73025977547028,46.0135291648042,-0.385040180064529,65.6806387609511,19.2824198187978,2215.81010491099,45.2963966453132,2117.24486620029,0.148255940264125,39.2480259827513,4.37841984686479,0,0.044,0.772,1,14.4909121927136,48.5950411273585,16.8407376678023,52.2306111461831,46.7397128768197,7.01897701656342,45.4052165316387,-0.590944285684422,65.0723261277856,19.0765157131779,2184.60075980755,49.2660383590456,2061.63368828499,0.349215148783072,37.9340498627824,4.31604097117238,0,0.115,0.594,1,16.2518913919872,53.9258949000877,13.8809964297567,46.9344134630799,51.791273181856,74.4959487530191,9.62218543671756,26.4122391297221,58.3402337687757,66.9336258996047,15.4468311077228,21.585654090901,22.704675571163,16.7900536930046,8.59339213082901,6.13882298317817,0,1,0,1,54.8261979219315,76.7792501015811,9.54603034902566,27.8178977550679,62.3096490539099,69.7755063648158,16.3830435057999,21.6601484505659,21.9530521796495,18.2718674060422,7.46585731090595,5.27710494476598,0,1,0,1,54.651772101477,76.092070309147,10.1097197955163,28.3425890207882,61.539463738225,69.933117739322,16.1526741155004,22.4519050733515,21.44029820767,18.2328692252719,8.393654001097,6.29923095785102,0,1,0,1,53.0618371322725,77.236433649922,9.38026316190891,29.667848642842,61.1527359093728,68.4751261891132,15.5746301875191,22.8462203065044,24.1745965176495,20.2875854809331,7.3223902797404,7.27159011898531,0,1,0,1,159.99117639688,1017.62077151853,18.4370812514925,30.8273632409408,147.824990636262,980.648200143124,8.54385854412443,0,172.313057366207,1094.90514105604,18.9268615197282,33.9152955465866,159.241846234242,1055.23211521047,7.54589853083569,0,169.818356520822,926.131092605897,19.6236802711471,52.2306111461831,155.327444328109,877.536051478538,2.78294260334473,0,165.070717356268,852.291976387576,18.8511905350774,46.9344134630799,148.81882596428,798.366081487488,4.9701941053207,0,1307.67121899953,16.7900536930046,163.285888821344,6.13882298317817,1428.31658521103,18.2718674060422,178.036015141958,5.27710494476598,1420.82679842087,18.2328692252719,175.883070569409,6.29923095785102,1359.96369796267,20.287585480933,173.264895532644,7.27159011898531,19.6671095961469,19.6674599988623,0,"e3-v2.0","0.50|0.95"
438,500,2,1,"L'Ecuyer-CMRG","10407_-163689721_831469627_-1272448703_1866774708_-1214332609_-403424881","10407_-2022363584_5213387_-1918611471_-1791825876_-790961514_-1482780700",2132631588,1504634164,478862853,486668360,1404753946,412151088,1206863524,83.1550000000007,6.35500000000138,4.86499999999978,3.32400000000052,1.90600000000086,459.546999999999,1,NA,"07061f0f18b6","not-a-git-build","951d9a80e7940d4748fa2958a040207b","confirmatory",586.095000000001,33.750279489582,9.11702379948475,32.6743475066643,-2.68598127065842,52.9298992099094,17.7189532891847,1139.0813656249,83.1201229603713,1067.61298498626,7.21449538632784,26.5537067507585,5.24053168913427,0,0.146,0.39,0.942,14.4730348011407,43.0296731119807,11.204018649509,33.9766356705423,35.7483394962042,9.45902383054147,34.6368346858702,-1.25436776119433,54.8923863891153,19.1505667986488,1277.94377673588,89.4731318267515,1199.7103170563,1.57343848032368,28.2844221487547,5.41056426461413,0,0.119,0.429,0.96,14.9134582493313,44.5576009126667,12.2433999730521,36.8622547523212,36.2844897081825,10.8333843450052,33.7460926469489,-3.44311424398471,54.001644350194,16.9618203158584,1316.5641933832,117.362216366603,1138.79876893646,11.8550356971304,26.2373897343733,6.21534724666837,0.036,0.362,0.497,0.979,18.5426253225344,58.7192132440851,16.1835423398659,50.3284733047383,37.0032141631521,11.1607794402708,34.6810081794012,-1.9497314962601,54.9365598826463,18.455203063583,1369.2378584041,124.562997714372,1202.77232833969,3.80145290750863,26.7403600949605,6.37790290012932,0.028,0.392,0.48,0.972,19.8051717566131,61.0245128820287,15.4999086598284,47.5608475866273,41.7911552169269,63.6172872720244,7.90520289415792,27.1623795268212,49.0118603532295,56.7661816676408,14.7761325975869,20.7226900596304,21.8261320550975,19.2571766326633,7.75432131441126,5.94655746204345,0,1,0,1,44.5701529481908,65.3209887283578,10.1273570856945,28.5086089744098,51.4302034231981,58.2737934530483,15.8720344245632,22.275004244278,20.750835780167,18.3812518887153,6.8435900298502,6.40296981971486,0,1,0,1,42.4964413700957,64.5259999865931,7.02697297116046,27.1319371506858,50.5583137932024,57.013542386635,13.5375868491392,20.3216834068413,22.0295586164974,20.1049641795253,6.45522859343262,6.78409655770211,0,1,0,0,44.0693506594229,65.4937997352869,8.0454861250358,28.8626980674138,51.3096869756503,58.6601688842994,14.8356353745705,21.9155585540566,21.424449075864,20.817211942378,7.35048190864912,7.07992317948615,0,1,0,1,116.811616242199,480.538171238359,23.6808999532811,38.5692877647318,102.338581441058,437.508498126379,12.4768813037721,4.59265209418949,123.899048546229,540.241123769548,24.3893499381084,40.0927139136729,108.985590296898,495.683522856882,12.1459499650562,3.23045916135173,116.830734636977,419.300335565525,27.8475745872164,53.239632031548,98.2881093144428,360.58112232144,11.6640322473505,2.91115872680969,119.628893006764,386.615620706876,28.8103482692906,51.2059541943799,99.8237212501512,325.591107824848,13.3104396094621,3.64510660775264,883.250272602371,19.2571766326633,122.779555914349,5.94655746204345,993.334885577995,18.3812518887153,131.542196909662,6.40296981971486,911.66514529052,20.1049641795253,127.666276953262,7.11710116970943,973.976407322975,20.817211942378,131.56702299827,7.07992317948615,20.2555517032451,20.4049345598431,0,"e3-v2.0","0.50|0.95"
441,500,2,1,"L'Ecuyer-CMRG","10407_-393830723_-944485474_1446772781_811104750_1887640787_-1120704311","10407_-177426947_1881920315_1938396123_-275339984_509414497_-332834756",1206863524,1192114219,1231133832,412659026,586738949,301498023,1015624871,82.0840000000007,6.1989999999987,5.87299999999959,1.86499999999978,1.91699999999946,450.392,1,NA,"07061f0f18b6","not-a-git-build","951d9a80e7940d4748fa2958a040207b","confirmatory",572.752,31.8639922221846,7.65716847541557,30.7248473667722,-2.6544509637279,50.9931639170294,17.4150753500998,1015.31400033544,58.632229060898,944.016245711452,7.04610991883596,25.3819065248726,4.38534125644029,0,0.079,0.558,0.978,12.4776929337626,37.3626759508801,11.9402827527485,35.2767264125337,31.8801480105211,6.71932520968602,30.6221729689649,-2.00757453738571,50.890489519222,18.061951776442,1016.34383717273,45.1493312735221,937.717477341204,4.03035552315944,25.0708807727742,3.97621476406335,0,0.134,0.685,0.992,12.7876690389918,39.4668734849134,13.3250492532824,39.3409150673248,33.5838444412236,8.65170372902473,32.2906263066188,-2.4842679028521,52.5589428568759,17.5852584109756,1127.87460745231,74.8519774148204,1042.6845472737,6.17158701314117,25.566383746173,5.19710725612759,0,0.276,0.698,0.996,14.6582574649045,49.2327421495461,17.5342603470656,53.7585341033678,32.8355920803098,6.73627355206779,31.6480010534668,-1.18358103462563,51.916317603724,18.8859452792021,1078.17610726451,45.3773813682879,1001.59597068024,1.40086406552547,25.2757540381986,4.17059789781179,0,0.263,0.723,0.999,14.1521091047578,46.8523949484602,14.74560043084,45.9748267718524,41.5413907161881,61.9449387774199,7.65846755232803,26.7844715775683,47.3302551806736,54.6962085378929,13.7398453835806,20.7800690509126,20.4035480612318,19.1260040252402,7.36595335721927,7.040223667332,0,1,0,1,40.9595092518688,61.6800766410704,8.35412329022571,27.7599108163879,47.3759937696307,54.2509390709297,14.7216785595761,21.5151888536316,20.7205673892016,19.4057875261622,6.87494530129897,6.79351029405554,0,1,0,1,41.9751332257257,63.6624226922479,7.98756847458315,27.1031801413034,48.9580934584941,56.2630466711487,14.422714774589,21.0264716577094,21.6872894665222,19.1156116667202,7.30495321265457,6.60375688312035,0,1,0,1,40.3029817589172,62.3747298526139,8.87241943232068,28.524887371484,47.8889312695785,55.6777939693684,15.6794513192105,21.8184199889578,22.0717480936967,19.6524679391633,7.78886269978989,6.13896866974727,0,1,0,1,110.375362895006,540.998347185726,19.739646897301,36.8324943860354,97.8976699612432,503.635671234846,7.79936414455253,1.55576797350164,109.817039641254,491.337763807471,17.8007753230337,40.161214234577,97.0293706022619,451.870890322558,4.47572606975135,0.820299167252288,115.382278280224,380.872032227706,22.9782944730347,54.3360840060019,100.72402081532,331.63929007816,5.44403412596913,0.57754990263419,113.689280975835,403.361316277596,18.5424756971397,45.9995016390993,99.537171871077,356.508921329135,3.79687526629975,0.0246748672469348,871.326514698472,19.1260040252402,115.613707878885,7.040223667332,848.368275453669,19.4057875261622,115.305654178793,6.79351029405554,889.959956485263,19.1156116667202,122.064060845603,6.60375688312035,823.458356440098,19.6524679391633,118.271321577075,6.13896866974727,20.2683165502571,20.0695263138277,0,"e3-v2.0","0.50|0.95"
440,500,2,1,"L'Ecuyer-CMRG","10407_-349513357_-968410455_1138272528_706274751_769527263_-1615670594","10407_615725059_-1732511170_-242816539_-846934496_587498517_-1188270888",1404753946,412151088,1206863524,1192114219,1231133832,412659026,586738949,81.7119999999995,4.9989999999998,5.23300000000017,1.84399999999914,1.86199999999917,460.725999999999,1,NA,"07061f0f18b6","not-a-git-build","951d9a80e7940d4748fa2958a040207b","confirmatory",582.007000000001,45.2943869778561,9.89265095820544,44.5269088891116,-5.13433738481382,65.349498192981,15.6647772611772,2051.58149169978,97.864542980883,1982.64561521925,26.3614203810969,38.7281183971235,5.72036601572572,0,0.005,0.365,0.902,12.9493345491578,40.9932076215132,10.847766179578,32.3906616215866,46.7730732553714,9.1096824145455,45.9926450843575,-4.27322212471942,66.8152343882269,16.5258925212716,2187.72038175234,82.9863136938796,2115.32340185567,18.2604273271915,39.4889452549209,5.19320709094092,0,0.006,0.426,0.987,14.6812912753947,46.0916207904286,12.1859287069992,36.8631190121733,46.5341692920454,8.84843089757374,45.5760267984308,-4.7788648999658,66.3986161023002,16.0202497460252,2165.42891170074,78.2947293491377,2077.17421873128,22.8375497321252,37.2129496495872,5.20681957477345,0,0.119,0.593,0.999,18.8306296360415,59.547467984397,15.6371573025902,50.3026318739749,46.8425285893643,9.78735032568239,45.8748775461483,-4.24620901858536,66.6974668500177,16.5529056274056,2194.22248464541,95.7922263976353,2104.5043898741,18.0302910295156,36.6822970643708,5.65249897304786,0,0.158,0.484,0.998,20.4901467767486,66.091051095352,14.8218327493084,48.7506544565222,53.8170485488309,77.5937326532502,5.22720895363301,25.4147118392368,61.2244235716341,69.3090015356287,12.0290655167254,19.346599957902,23.7766841044193,20.1875028856038,8.08457796399458,7.31753444117655,0,1,0,0,53.5222097455359,79.1711930407224,6.56889325560841,25.6740701303496,63.058628106796,70.6298616560794,13.2941041100061,19.916443100248,25.6489832951865,19.1051768747412,7.57123354928345,6.62233899024187,0,1,0,0,53.9896223370096,77.9006458896589,6.80552806842468,26.0687604035039,62.0462949485469,70.8100638671251,12.3557326282061,19.243334756336,23.9110235526493,19.2632323350792,8.76376891857818,6.88760212812987,0,1,0,0,54.0200771616368,79.0419899041717,6.47336916026049,27.5205604555617,62.4290796196564,70.9497102649408,13.0121038570262,19.8817281054893,25.021912742535,21.0471912953012,8.52063064528431,6.86962424846311,0,1,0,0,165.80301680047,985.532322433488,25.98251362342,41.8606238513428,152.853682251312,944.539114811975,15.134747443842,9.46996222975615,169.666516800351,949.643301306227,23.6218802689723,37.6201013935075,154.985225524956,903.551680515799,11.4359515619731,0.756982381334146,163.712768965079,712.636822022096,23.3558811453602,50.3115046357681,144.882139329038,653.089354037699,7.71872384276999,0.00887276179328324,163.213141855843,613.915141400394,25.6072386003898,48.9343413608472,142.722995079095,547.824090305042,10.7854058510815,0.183686904325019,1343.55505390288,20.1875028856038,169.691915035053,13.1275931935326,1333.63380096184,19.1051768747412,176.51538876099,10.1530251732139,1350.59234487826,19.2632323350792,173.658591497288,13.11072168675,1352.92142705323,21.0471912953012,174.946591908432,10.5391704104696,20.8225893038694,20.799114645991,0,"e3-v2.0","0.50|0.95"
443,500,2,1,"L'Ecuyer-CMRG","10407_1808700932_-1474434823_-842295733_685600089_1912902920_-501095209","10407_-1944742525_-1108774699_920879355_-2120462959_-497407049_1987862751",586738949,301498023,1015624871,1888743192,862736078,1931144896,164568920,77.9040000000005,5.53600000000006,7.02100000000064,2.19800000000032,2.99700000000121,458.679,1,NA,"07061f0f18b6","not-a-git-build","951d9a80e7940d4748fa2958a040207b","confirmatory",580.187,43.9761145928981,17.0177992789307,43.3189562059781,14.5997853819663,62.9130959068037,34.3447933374777,1933.8986546877,289.605492297975,1876.53196677545,213.153733199475,38.3294884262906,11.3497901472237,0,0,0.17,0.567,11.0802456936088,35.5439971811158,10.8503216435226,31.2524120123609,43.8200096893545,19.42938913031,43.103140412187,17.4337176774731,62.6972801130126,37.1787256329846,1920.19324917512,377.501161977007,1857.88071339271,303.93451205784,37.3159434292859,13.3305807005604,0,0.001,0.1,0.495,13.3782889866177,40.415366834237,11.8306596657246,34.2518140599717,45.4414073382497,17.6499168513828,44.4351356084998,15.2719569009952,64.0292753093254,35.0169648565067,2064.92150088073,311.519564860727,1974.48127654577,233.232667585854,36.58669201163,10.9822208541784,0.003,0.108,0.191,0.772,18.4445215846342,55.6610484058981,13.9467802842488,45.7852596001005,44.3922712620437,18.116371370136,43.6073898227241,16.0681841716078,63.2015295235497,35.8131921271192,1970.67374780287,328.202911620684,1901.60444715103,258.186542572706,36.6410426526075,11.5534591446405,0,0.017,0.145,0.757,14.7262253475439,49.6541995211635,13.2822672652895,44.5126615162529,53.1887604679305,73.295538976056,24.2355773204355,44.6863052110809,59.4519007100678,65.7815707285047,30.7109467907061,37.7551663098533,20.1067785081255,20.4507278906454,6.32967001843685,7.04421951914719,0,0,0,0,52.5720992032838,74.8207114541592,26.7376503862057,46.8940307442761,58.557932229963,66.6021888278643,33.5782225642094,40.7788566493837,22.2486122508754,20.1563803580704,8.04425659790125,7.20063408517434,0,0,0,0,54.2922539194004,75.8039330436812,24.9569438276567,44.6891917088779,60.1687664062017,67.5077586240009,31.454041983979,38.5281485664619,21.5116791242808,19.7322478812213,7.33899221779918,7.07410658248288,0,0,0,0,51.745594770833,75.0206755267708,25.7126268284795,45.9159756704679,59.3151653054453,67.0895787626068,32.2011204819685,39.402045219396,23.2750807559378,20.2033488419884,7.77441345716148,7.20092473742753,0,0,0,0,162.641275251274,1038.31524211396,50.7450626690833,152.712020068445,151.561029557665,1002.77124493284,39.8947410255607,121.459608056084,158.710696016782,970.49254838698,59.5979071317926,178.817858890133,145.332407030164,930.077181552743,47.767247466068,144.566044830162,159.483576503802,748.093734802755,50.7866471909191,85.8715727052385,141.039054919168,692.432686396857,36.8398669066704,40.086313105138,159.640881925115,802.103296142561,54.0195274365207,87.4743819008184,144.914656577571,752.449096621398,40.7372601712312,42.9617203845654,1363.89160919232,200.073502487606,165.760714055406,50.9079748599255,1341.3669923492,299.862077585838,163.899426714451,62.5334925199658,1409.43624786727,228.209682767028,169.637499039304,53.9102426963529,1309.33328355623,258.90810376071,166.65851587564,57.0253748432556,19.5941397008256,19.7450079555115,0,"e3-v2.0","0.50|0.95"
442,500,2,1,"L'Ecuyer-CMRG","10407_1495617860_137974631_-979596721_-1505839839_856827000_33688861","10407_203292418_985034443_-1169204215_2064837032_-1574780383_-1014222556",1231133832,412659026,586738949,301498023,1015624871,1888743192,862736078,78.871000000001,4.83400000000074,5.82600000000093,1.86099999999897,1.86999999999898,460.659,1,NA,"07061f0f18b6","not-a-git-build","951d9a80e7940d4748fa2958a040207b","confirmatory",580.285,43.4589584287493,9.57477371826102,42.7018254717963,5.24910206189819,62.1840842079872,24.7148186071329,1888.68106771176,91.676291755902,1823.44589862375,27.5530724562239,37.0944276594689,5.4943539960209,0,0,0.359,0.976,12.6987021791339,39.4278632538429,10.8297041838306,33.3375681822702,47.4886144599507,11.9230310218453,46.646055123013,7.55768226344073,66.1283138592038,27.0233988086754,2255.16850332584,142.158668747886,2175.85445853917,57.1185611951265,40.389324549334,6.91761595063695,0,0.002,0.339,0.902,14.6422394930855,43.1485091758102,12.3046503720558,36.965784346288,45.8178030309505,11.4672637682004,44.9594498850501,6.66359048665019,64.4417086212409,26.1293070318849,2099.27107458297,131.49813832948,2021.35213396633,44.4034381737749,37.5347868452274,6.49516900845142,0,0.043,0.514,0.981,15.6750359071912,53.2785246322302,17.0410161253321,51.9538366914402,44.3712895409747,10.6336264463268,43.4694231882994,5.95706484183872,62.9516819244902,25.4227813870734,1968.81133552901,113.074011400021,1889.59075232346,35.486621529871,35.4083234689425,6.06997313684271,0,0.056,0.511,0.984,18.1226562386555,57.098397096049,16.4896493728629,50.6857811210746,51.9114514090056,72.8458329547344,14.577191711743,33.6115297947737,58.9278704470582,65.7034274578697,21.8244295401266,27.7917624980716,20.9343815457288,19.0343380830307,6.77555701081146,5.96733295794507,0,1,0,0,54.9806112525253,76.3655084897501,17.5094227553342,35.838956940046,62.4301362611742,69.7512344592015,24.3178362679476,30.0800534281973,21.3848972372247,18.3295341847118,7.3210981980273,5.76221716024967,0,1,0,0,53.2306838366161,75.9137668876096,16.8072182670547,34.4730558774975,60.6760183900887,68.3623221150748,23.1269904878749,29.3837089881763,22.6830830509935,17.6658376104428,7.68630372498614,6.2567185003014,0,1,0,0,51.1467817590556,72.9692700980302,15.8515176224852,33.7840570397618,59.1523784939658,66.7471377056883,22.6699249004838,28.6735403422312,21.8224883389746,17.9325394172766,7.59475921172252,6.0036154417474,0,1,0,0,157.89282197678,963.612036230223,25.3475512409324,34.7712317825959,145.194119797646,924.18417297638,14.5178470571017,1.43366360032569,171.676582903073,1058.56959048429,31.4171409425932,47.1187697210961,157.034343409988,1015.42108130848,19.1124905705374,10.1529853748081,164.618180710496,792.749197040664,28.8944128597448,53.0475507379108,148.943144803305,739.470672408434,11.8533967344127,1.0937140464706,155.450446408053,675.507421053202,27.4951252610265,52.0422157724873,137.327790169397,618.409023957153,11.0054758881636,1.35643465141265,1318.10208845832,19.0343380830307,164.558003854281,15.4021849375127,1441.3189978906,18.3295341847118,179.112608297961,25.1706960511016,1372.620087068,17.6658376104428,172.461342340578,20.9018142708623,1288.40340925357,17.9325394172766,166.275238242823,18.8204488627437,19.4822587361908,19.4657165452347,0,"e3-v2.0","0.50|0.95"
445,500,2,1,"L'Ecuyer-CMRG","10407_1309348470_863643788_1253174531_-1161371518_-699541792_3620222","10407_-638442977_757634420_214849374_374935868_1598037111_-683125519",862736078,1931144896,164568920,1809873016,1810355390,298639932,127335717,80.637999999999,6.12300000000141,5.76200000000063,2.39799999999923,1.92000000000007,456.541000000001,1,NA,"07061f0f18b6","not-a-git-build","951d9a80e7940d4748fa2958a040207b","confirmatory",579.945,34.0402688466087,5.00933022255172,32.7997072969267,2.37846857052321,52.8693215508137,22.3183681674884,1158.7399031494,25.0933892785701,1075.82079876407,5.65711274096671,26.5064159560938,3.12592071974706,0,0.208,0.737,1,15.0983512588975,45.4407729459734,11.645363269491,34.6774022562433,35.4726482729235,7.35862934434782,34.4212606681436,3.29920863889501,54.4908749220305,23.2391082358602,1258.30877549454,54.1494258274969,1184.82318598429,10.8847776429594,27.8664785545102,4.25643087783848,0,0.198,0.615,0.996,15.5879819311395,46.7280957121642,13.0924704555348,38.407268049158,37.3168395462099,7.52073662291066,33.8683554147526,3.83087202791572,53.9379696686395,23.7707716248809,1392.54651371757,56.5614793511896,1147.0654985,14.6755804942671,27.0483999646602,4.67524754743722,0.106,0.381,0.779,1,18.8548678396163,58.4627633690563,17.7918522187205,53.4190327036496,36.8734616311002,7.49741507618569,32.2853970155247,2.80617056173142,52.3550112694116,22.7460701586966,1359.65217266022,56.2112328246164,1042.34686045005,7.87459322152802,26.3052514496069,4.55844583351564,0.172,0.359,0.745,1,17.5811458780711,57.9161912577494,16.5899492254045,51.6484211255361,41.7062972235607,64.0790519266701,12.7441438774689,31.6567015575552,49.1253406834524,56.4051411378917,19.3225636043445,25.6821522938389,22.3727547031094,18.9125576800863,7.27980045443935,6.35958868949438,0,1,0,1,43.1916530392503,65.9770438680125,13.6415776682171,33.7177282849015,50.4148082927568,58.2448112205882,19.8396847585115,26.4435613070936,22.7853908287623,20.0761506166844,7.83000292783141,6.60387654858212,0,1,0,1,43.1587210494786,66.4797054484507,13.5988399125599,33.8294443809974,49.7049614759743,57.7539700782241,19.9013840375565,27.2281677918945,23.3209843989721,20.2306044684374,8.04900860224981,7.32678375433798,0,1,0,1,40.9954943384857,64.4480355981959,12.8007248697794,33.1280328329221,47.6319991610134,56.9971753688784,19.2526763206202,26.5137756919419,23.4525412597102,20.3273079631427,9.36517620786499,7.26109937132168,0,1,0,1,116.262394150832,494.488083331815,14.0563371198782,34.6774022562433,101.164042891935,449.047310385841,2.41097385038724,0,122.764946187844,510.311284678158,19.2508960715164,38.6566682766841,107.176964256705,463.583188965994,6.15842561598155,0.249400227526091,119.209893631297,477.696200679936,20.7339656484948,53.4190327036496,100.35502579168,419.23343731088,2.94211342977425,0,115.127487358634,514.059005194873,19.7070911618428,51.6484211255361,97.5463414805626,456.142813937124,3.11714193643832,0,887.840073490062,18.9125576800862,123.502706172701,6.35958868949438,947.666942243295,20.0761506166844,129.210779083311,6.60387654858212,946.885256222637,20.2306044684374,126.590397490599,7.32678375433798,860.487744643662,20.3273079631427,119.614715836371,7.26109937132168,20.0696142538869,19.9398995969652,0,"e3-v2.0","0.50|0.95"
444,500,2,1,"L'Ecuyer-CMRG","10407_-1203724484_-1027822971_-1512925796_1909427976_-1689996826_-1333175705","10407_-200401222_-1867536805_-21381744_-874252761_-1195622532_784425181",1015624871,1888743192,862736078,1931144896,164568920,1809873016,1810355390,81.527,4.94800000000032,6.47199999999975,1.89300000000003,2.5059999999994,459.983,1,NA,"07061f0f18b6","not-a-git-build","951d9a80e7940d4748fa2958a040207b","confirmatory",582.967000000001,37.6828995690277,6.65914453786849,36.8514846666659,3.30020817162908,57.0279244656523,23.2719496194485,1420.00091992943,44.3442059762238,1358.03192213751,10.8913739760874,30.2776270817901,3.88677898434958,0,0.092,0.554,1,15.4011654144972,46.1123773405689,11.8250544226827,35.4583554759155,37.4597929786524,8.42240361727941,36.7176961560122,3.12982716793096,56.8941359549986,23.1015686157504,1403.23609000349,70.9368826923613,1348.18921100523,9.79581810111875,29.5036439805238,4.81634503613355,0,0.106,0.486,0.994,17.1860852425768,50.5110950578715,12.8962819062315,37.2999235509795,39.7689987198534,9.10394117045195,37.5688207877552,2.68398066895903,57.7452605867416,22.6557221167785,1581.5732591797,82.88174483505,1411.41629538247,7.20375223134576,28.7015699145484,5.5027337912826,0.066,0.416,0.645,1,23.9013880549696,69.5349986065258,18.7465868282762,53.9042598754526,38.8435326545375,8.24647638228596,36.3836684515062,2.97069036401417,56.5601082504926,22.9424318118336,1508.82002908412,68.0043727236001,1323.77132998912,8.82500123884667,27.8627128488968,4.99458879205718,0.056,0.433,0.663,1,22.735325797595,68.1435209374695,17.2061933203698,51.3101385868489,45.7594796378973,68.9566839942211,13.4269188238431,34.0160924685087,53.373193791437,60.541890318065,19.3267814992551,26.9430096778993,23.1972043563238,20.5891736446656,7.16869652662799,7.61622817864415,0,1,0,1,45.2826881308279,68.0571385506485,13.427662335572,32.0728133811909,53.2857050617461,60.9834179799781,19.8182763176199,26.892274673123,22.7744504198207,18.6451510456189,7.69771291823204,7.0739983555031,0,1,0,1,45.7444869239911,70.1595700562092,12.6043190303354,33.7136551366344,53.5675505750141,61.7094207486445,18.7235071934906,26.5072621547769,24.4150831322182,21.109336106299,8.14187017363041,7.78375496128626,0,1,0,1,45.2725758311097,68.0939037749833,13.0532658812512,32.905344562559,52.7605219693233,60.1409276786655,19.8044845267786,26.0727881742421,22.8213279438736,19.8520786813077,7.38040570934223,6.26830364746347,0,1,0,1,132.367369881104,583.140110073807,17.1514935944548,35.4583554759155,116.966204466607,537.027732733238,5.32643917177204,0,129.829699983658,517.256715872262,21.6911687678478,37.5293086222568,112.643614741081,466.74562081439,8.79488686161628,0.229385071277272,129.521424783547,347.145690820741,24.6832914399722,53.9042598754526,105.620036728577,277.610692214215,5.93670461169592,0,125.182379360117,364.461218805468,22.3545482416593,51.3101385868489,102.447053562522,296.317697867998,5.14835492128951,0,1046.51879791276,20.5891736446656,139.95571249643,7.61622817864415,1027.02438369348,18.6451510456189,140.134773969271,7.0739983555031,1047.1369681324,21.109336106299,141.706313277741,7.78375496128626,1026.6667692288,19.8520786813077,137.71673439069,6.26830364746347,20.1764397989864,19.9717414478195,0,"e3-v2.0","0.50|0.95"
447,500,2,1,"L'Ecuyer-CMRG","10407_204798025_1159572269_435655642_-977627020_1089320827_-869797719","10407_-1932148845_-1367372151_988069204_109511020_-1466341269_-1501937358",1810355390,298639932,127335717,1951967879,537366890,2036572079,950191946,79.0689999999995,5.84799999999996,6.08599999999933,2.23899999999958,2.22099999999955,468.443000000001,1,NA,"07061f0f18b6","not-a-git-build","951d9a80e7940d4748fa2958a040207b","confirmatory",590.844000000001,36.6940091532605,5.21732336809247,35.9860182076692,2.54930011287827,56.1970823635816,22.6902237309477,1346.45030773957,27.2204631272438,1294.9935064427,6.49893106552118,30.4259717992451,3.29543582124435,0,0.033,0.768,0.999,12.8959504902955,38.755121274186,12.8387381097376,36.6638770851275,36.4091330727618,6.01383210113047,35.5700324868972,3.6501357470563,55.7810966428096,23.7910593651257,1325.62497111008,36.1661765405874,1265.22721111892,13.3234909719383,29.7394914221359,3.76702427573544,0,0.044,0.736,1,13.4478949761139,41.2472890898862,14.112476315918,41.3539307325688,36.1714142008141,7.99721348139448,35.3614308401124,2.17386879071479,55.5724949960247,22.3147924087842,1308.37120528686,63.9554234669977,1250.43079106005,4.72570551924378,28.7091081423068,5.17350878895305,0,0.119,0.775,1,14.1140345582402,48.1330788153943,20.2613797936174,60.2994556229076,38.357567286011,7.69409847402266,37.5002792374915,4.20872765057417,57.7113433934039,24.3496512686436,1471.30296810086,59.1991513279578,1406.27094288984,17.7133884367076,29.2378052506034,4.87384261464452,0,0.241,0.725,1,18.5788036185242,60.145287912625,17.7296974408143,55.4107833063862,44.5478265429959,66.8876560361976,14.0523208611322,32.942022975689,52.5997247490026,59.9518686473848,19.2114003331518,25.8976255862721,22.3398294932017,18.8897021145569,7.35214389838215,6.68622525312034,0,1,0,1,45.3953464156328,66.4906271155608,13.7012889642596,33.0400957920631,52.1253325692184,59.4402264988338,20.591458105643,27.2739893607617,21.095280699928,19.3388068278035,7.31489392961539,6.68253125511875,0,1,0,0,45.0205219818962,66.6479284818332,11.9042067532303,32.6789345673535,52.1063089830381,59.3244042842591,19.2716571594118,25.5593672305708,21.627406499937,20.7747278141232,7.21809530122103,6.28771007115897,0,1,0,1,44.9063604689718,69.8435184132971,14.9044470630447,33.5672950392772,53.6150427193287,62.0502373938494,20.9383405047176,27.7062466698995,24.9371579443253,18.6628479762325,8.43519467452069,6.76790616518192,0,1,0,0,132.02659746584,666.958922429738,14.8948485384433,36.6826394740705,119.130646975545,628.203801155552,2.05611042870567,0.0187623889430694,128.736888952246,652.037707808352,16.7314090249882,41.3539307325688,115.288993976132,610.790418718465,2.6189327090702,0,127.402119380974,532.294721180558,23.0899594440548,60.2994556229076,113.288084822734,484.161642365163,2.8285796504374,0,131.524851855716,433.473722689479,21.1798866610891,55.4107833063862,112.946048237192,373.328434776854,3.45018922027479,0,995.810324976545,18.8897021145569,136.906786270743,6.68622525312034,1028.46657108875,19.3388068278035,134.97196758284,8.48466920541296,1014.00571953929,20.7747278141232,134.799074609724,6.28771007115897,1012.7490104667,18.6628479762325,142.051108928186,9.95757371177464,20.2110641559123,20.1409236180694,0,"e3-v2.0","0.50|0.95"
446,500,2,1,"L'Ecuyer-CMRG","10407_1006789746_-1881509187_-1792346962_1502107122_1898888050_1818111840","10407_-1656729493_1404101405_-1661467699_1833216352_5564390_924039751",164568920,1809873016,1810355390,298639932,127335717,1951967879,537366890,81.2209999999995,5.25200000000041,4.94999999999891,1.89899999999943,2.1239999999998,465.999,1,NA,"07061f0f18b6","not-a-git-build","951d9a80e7940d4748fa2958a040207b","confirmatory",588.216,32.7209926006774,8.63554083154323,31.8269907778134,2.04684898500931,51.4945271616405,21.785664644006,1070.66335677358,74.5725654532504,1012.95734197102,4.18959076743362,25.8283880921464,4.9808018623279,0,0.083,0.341,0.977,13.855336524224,42.3043462617825,10.5023756079034,32.7884971746097,34.2811714979046,9.19570978654955,33.2377144489306,4.28479262987432,52.9052508327577,24.0236082888711,1175.19871926875,84.5610784784432,1104.74566178865,18.3594478810253,26.5025481478559,5.27405906410213,0,0.155,0.366,0.988,15.8083463019273,47.9820570728387,11.7298635283985,35.7455518652779,34.2478448406721,9.53759665874374,32.0754454088947,4.46137636870378,51.7429817927219,24.2001920277005,1172.91487623075,90.9657500248797,1028.83419817899,19.9038791032285,23.5889767747163,5.49375732025158,0.036,0.519,0.467,0.998,22.1959028142545,66.4045890106334,14.5797037092848,48.6420203636111,35.9956738603707,9.97599827457952,33.9219675691671,3.88729028440762,53.5895039529942,23.6261059434044,1295.68853666217,99.5205415744135,1150.69988376362,15.1110257552499,24.8115646166008,5.79268643984437,0.036,0.565,0.535,0.999,24.0879292066924,71.981578280296,17.1439640853848,53.3837987038644,42.0292042895309,60.5710569034681,13.1633927807584,31.7758824522174,48.1504160436191,55.0220297712785,18.2771656218547,24.8903650634998,18.5418526139372,18.6124896714589,6.87161372765944,6.61319944164508,0,1,0,1,41.7210058356694,62.9364100195016,13.8993055491795,32.6666607220102,49.5744929221361,56.1584998790043,21.0871087536103,27.2643302449238,21.2154041838322,18.7673551728308,6.58400695686829,6.17722149131349,0,1,0,0,40.2144235950408,62.4234845653924,14.1418718964587,33.9017880405075,47.7478811270947,55.8430350063294,21.0267746290503,27.6186054725567,22.2090609703515,19.7599161440488,8.09515387923472,6.59183084350643,0,1,0,0,41.7925289230678,65.0787150218758,13.911205888179,33.1951484049006,49.7025441623336,57.5200364673496,19.9560144151214,27.3680853695972,23.286186098808,19.2839425167215,7.817492305016,7.41207095447579,0,1,0,0,113.181648947325,497.424625354606,22.6907345352412,33.8509875971241,99.3263124231015,455.120279092823,12.1883589273378,1.06249042251437,116.865363879254,458.221663390597,23.7870908253381,36.1868823834727,101.057017577327,410.239606317758,12.0572272969396,0.441330518194843,106.455864265885,256.224916347312,24.3241538405597,48.7274126521271,84.2599614516305,189.820327336679,9.7444501312749,0.0853922885159688,112.613356835724,251.431911207394,24.9797270298856,53.4119146803384,88.5254276290319,179.450332927098,7.83576294450073,0.028115976473975,913.008568842089,18.6124896714589,120.803132366827,6.61319944164508,903.354182257521,18.7673551728308,126.211833110104,11.5703938697677,844.084549418899,19.7599161440488,120.416532852305,11.7436667237207,908.285887668436,19.2839425167215,127.957523419042,8.28086597897451,19.6675363838271,19.7388156589967,0,"e3-v2.0","0.50|0.95"
449,500,2,1,"L'Ecuyer-CMRG","10407_1853061301_1630947941_-56293188_-846269227_-1091126629_-1197268992","10407_462950996_-1814877894_-2101527798_2109275527_-557628526_1211266222",537366890,2036572079,950191946,1549797346,278251130,92322885,235155193,82.1209999999992,5.9320000000007,5.92100000000028,2.16400000000067,1.88299999999981,460.145,1,NA,"07061f0f18b6","not-a-git-build","951d9a80e7940d4748fa2958a040207b","confirmatory",586.243,30.8323173643849,12.1578598897943,29.797130188391,-8.02115959302152,50.0287629403298,12.1514726579616,950.631794058149,147.81355709987,887.868967463922,64.3390012167212,23.6489680227891,7.13471923834636,0.004,0.212,0.378,0.828,15.0337875412493,43.9029672735467,12.5669223793137,36.0566208514922,32.5176360509909,13.229345625671,31.3979639335584,-7.00152132547491,51.6295966854972,13.1711109255082,1057.3966543447,175.015585683461,985.832139173035,49.0213008710799,25.0763194778421,7.77386663399259,0.001,0.169,0.353,0.833,15.0434722060826,45.0453600911294,12.7757395648329,38.3144345938925,32.5098699350673,17.1375836883224,30.8384686012036,-7.06876596024352,51.0701013531424,13.1038662907396,1056.89164319499,293.696774674255,951.011145667418,49.9674522006975,22.8265127296748,10.0513606649914,0.042,0.509,0.384,0.847,20.7850479382239,63.5167608704141,17.5599623480908,52.5237800418326,31.6882347215994,14.9776928666585,30.4153623073071,-6.78794740609387,50.6469950592459,13.3846848448893,1004.14421977118,224.331283607953,925.094264284756,46.0762299878964,22.2927570342704,8.7221092207087,0.02,0.582,0.441,0.892,19.9669862281199,63.159663439359,17.8036515427317,53.2198013056309,38.2483405101514,61.0673795902034,2.80363832596644,20.930453906552,46.3483855868022,54.2561958382003,9.12161631680438,15.2022462766482,22.819039080052,18.1268155805856,7.90781025139815,6.0806299598438,0,1,0,0,41.4907073324468,62.2171528001326,3.68546426951841,23.0257840279614,48.035763848016,55.3014323391768,10.1892321088368,15.9581546309962,20.7264454676858,19.3403197584429,7.26566849116088,5.76892252215931,0,1,0,0,40.231426873535,61.7342212789407,3.93105801558322,22.505254308353,47.2520647370047,55.10701250224,9.79961648593257,16.1844147407884,21.5027944054057,18.5741962927697,7.85494776523523,6.38479825485584,0,1,0,0,39.2592815114756,61.2102970676416,3.8727766841515,21.5620901581768,47.3140077456846,54.4428420829965,10.2099983940704,16.8748610818876,21.9510155561661,17.6893134740253,7.12883433731187,6.66486268781716,0,1,0,0,104.714437907411,384.695475844955,32.1628907168375,69.9811037633302,89.6806503661612,340.792508571409,19.5959683375238,33.9244829118381,110.68497535429,426.648697823029,35.3047034635992,68.749848033887,95.6415031482079,381.603337731899,22.5289638987663,30.4354134399946,104.268117674435,240.103873893013,45.72941540073,83.8944650173309,83.4830697362114,176.587113022599,28.1694530526392,31.3706849754982,102.909337094248,195.857029057702,39.7846696476117,74.8958707017096,82.9423508661281,132.697365618343,21.98101810488,21.6760693960787,743.487349408555,18.1268155805856,112.374821590852,25.9621738571837,871.089428688006,19.3403197584429,118.48219287547,22.6268330021073,821.494559269255,18.5741962927697,115.936675705499,22.3376682956348,783.056965937637,17.6893134740253,115.458334312295,19.8559473641994,20.2316327519388,20.1726322509832,0,"e3-v2.0","0.50|0.95"
448,500,2,1,"L'Ecuyer-CMRG","10407_-75336214_-2140957757_-872836145_799797810_-2131037463_-566622433","10407_-230783890_1152236745_589482393_339284951_2097543822_-26628368",127335717,1951967879,537366890,2036572079,950191946,1549797346,278251130,80.5900000000001,4.80299999999988,6.29200000000128,1.90400000000045,1.85099999999875,451.949000000001,1,NA,"07061f0f18b6","not-a-git-build","951d9a80e7940d4748fa2958a040207b","confirmatory",574.184999999999,33.2015705207829,8.90145651328065,32.240868121879,-2.2423991244991,52.5999866300486,18.2288141137477,1102.34428504652,79.2359280578265,1039.47357725239,5.02835383355432,27.1632670003862,5.2397715919937,0,0.051,0.313,0.902,11.5714083811255,35.7475039843228,9.56648199999919,28.5417394825222,35.0823522079004,8.91246004837716,34.1148297533543,-1.18846430266739,54.4739482615238,19.2827489355794,1230.77143643918,79.4319441139191,1163.82160910034,1.4124473987147,28.3368132472244,5.19094073066243,0,0.057,0.344,0.963,13.4560612204826,40.6176584116553,10.2718172589742,31.0343420660231,34.1597549016833,9.24621964858174,32.9622266138497,-1.25742168334532,53.3213451220192,19.2137915549015,1166.88885494308,85.4925777898191,1086.50838334278,1.58110928974697,25.5369029061262,5.29505404104294,0.001,0.314,0.363,0.993,16.219191909056,55.1106670977153,11.2974040234568,38.606543592939,34.2472789409466,9.59373813963724,33.2819327503801,-1.802027316167,53.6410512585496,18.6691859220798,1172.876114859,92.0398114919303,1107.68704760082,3.24730244821202,26.735681864524,5.49678129489767,0,0.167,0.382,0.985,13.9312632002149,46.6845150975944,12.1638832613468,40.1492655582002,41.9760291240817,62.7029701023181,9.46804707389965,27.2930533941188,49.3426640802751,56.1183800798252,14.9409527606241,21.1471034329722,20.7269409782364,17.8250063202191,6.77571599955011,6.20615067234802,0,1,0,1,43.7136056936732,64.2128010658434,10.1023096933171,28.0588620190182,51.2057509568397,57.9827107115298,15.9434634160449,22.6184411212726,20.4991953721702,17.9565523257012,6.77695975469007,6.67497770522774,0,1,0,1,43.4197006901264,64.5210480053367,10.3862508444656,29.0120698329333,49.9219876339983,56.4592661143672,15.7353766528704,22.5849415773646,21.1013473152102,18.6258189884678,6.53727848036893,6.84956492449419,0,1,0,1,43.0092482768251,63.6609782050797,9.0106595774322,28.0554960955949,49.7039659169816,57.776556924725,15.6383316704507,22.0679821949138,20.6517299282546,19.0448365181627,8.07259100774341,6.42965052446307,0,1,0,1,117.747957823573,599.612373603073,23.8194914557511,35.0873100218186,106.176549442447,563.86486961875,14.2530094557519,6.54557053929633,122.970850164792,591.560668469924,23.5459215518036,32.6463065204685,109.51478894431,550.943010058269,13.2741042928295,1.61196445444544,115.597047927741,358.247846911767,23.9837145195838,38.8568962019549,99.3778560186848,303.137179814052,12.686310496127,0.250352609015972,119.901716006204,457.2862714696,24.8127701554743,41.0006061804106,105.970452805989,410.601756372006,12.6488868941275,0.851340622210383,885.40336561472,17.8250063202191,122.709898287972,6.20615067234802,954.678682792313,17.9565523257011,130.163489549371,6.67497770522774,943.524634593482,18.6258189884678,124.788754983684,6.84956492449419,926.656920674475,19.0448365181627,125.451980642992,6.42965052446307,20.3591185081696,20.4712132382468,0,"e3-v2.0","0.50|0.95"
451,500,2,1,"L'Ecuyer-CMRG","10407_1667044610_-266394052_1351983163_-1588928853_-312994357_115147028","10407_1961993283_-750595667_-2076572792_-134321877_-1770713039_718764100",278251130,92322885,235155193,115773617,898772280,768634389,975376803,82.5780000000013,6.93000000000029,6.03400000000147,1.86399999999958,1.88600000000042,458.145999999999,1,NA,"07061f0f18b6","not-a-git-build","951d9a80e7940d4748fa2958a040207b","confirmatory",582.57,24.0554863679367,10.0253622186394,22.008420058659,-3.34047805847549,42.6068907339901,17.1180804316984,578.666424397988,100.507887614923,484.370553478386,11.1587936591562,16.7228316490757,5.94670520051166,0.056,0.465,0.298,0.842,14.1419892256938,41.4708219963933,9.33908548862987,28.8033518020752,25.0242180247872,10.0512362638432,23.0258406018737,-3.57741491860923,43.6243112772047,16.8811435715647,626.211487752082,101.027350431596,530.189335422893,12.7978974998879,17.0860051308553,5.91893795057294,0.047,0.509,0.322,0.858,16.0550412943441,46.2720841186264,9.74839862561395,30.491547184483,27.5389280154898,11.5427178934144,23.8674065283033,-4.44539637593029,44.4658772036344,16.0131621142436,758.392556242331,133.234336366949,569.653094387295,19.7615489391342,17.1045944782372,6.64917664075381,0.171,0.722,0.378,0.951,21.7317166178374,63.0945263905142,13.802356104219,46.9816954151305,24.1325114427277,11.1127636206118,22.1295399836605,-4.07517371025408,42.7280106589916,16.3833847799198,582.378108533381,123.493515287593,489.71653988843,16.607040768746,15.4615827956557,6.45132330047751,0.075,0.746,0.329,0.96,18.6907916768009,56.7613540431655,12.7709519754049,44.0634223750304,29.8663032489208,53.9277136292181,7.94923363934571,25.9032454206772,38.7714720231321,46.6798616672917,14.0293100225257,20.3720968334729,24.0614103802972,17.9540117813315,7.90838964415963,6.34278681094722,0,1,0,0,32.9232875668992,54.6612061188964,8.02955102441905,26.6717852971391,40.1082532142844,47.1527199786504,13.5392509023498,20.0275998395885,21.7379185519972,18.64223427272,7.04446676436605,6.48834893723869,0,1,0,0,32.5273546342574,56.4674614800834,7.18890583201836,25.1061745631802,40.1336048464096,48.5296300824298,12.9106408701758,18.99187081569,23.940106845826,17.9172687311618,8.39602523602023,6.08122994551428,0,1,0,0,30.1704537880904,54.5999768055659,6.47753040436571,26.2090229322195,38.9660023309341,46.3473603146718,12.9444188320198,19.6699395033116,24.4295230174755,19.7314925278538,7.38135798373779,6.72552067129187,0,1,0,0,74.4567947377132,225.645304992241,26.8170740942179,49.2203223558539,60.3148055120194,184.174482995848,17.477988605588,20.4169705537787,76.4503704543538,198.217310682945,26.7640818551307,48.1149653810832,60.3953291600096,151.945226564319,17.0156832295168,17.6234181966002,77.290368805419,151.262788692075,29.7166394657151,51.8176387858175,55.5586521875816,88.168262301561,15.914283361496,4.83594337068704,71.0753992696592,123.482041266073,28.9008583290161,47.4444747668103,52.3846075928583,66.7206872229072,16.1299063536112,3.38105239177981,394.774713323887,17.9540117813315,80.6003950353638,6.68863343775116,514.730594214723,18.64223427272,85.0835969201793,8.21218353958026,501.09546520288,17.9172687311618,86.5365619203345,11.9479806434498,407.30884752785,19.7314925278538,80.8514846061498,9.87999661874103,20.5984706753311,20.4585584901739,0,"e3-v2.0","0.50|0.95"
450,500,2,1,"L'Ecuyer-CMRG","10407_512393422_-1938674655_-1455980064_152744367_1089897250_-838211389","10407_-812879846_-130500529_-1291574729_-440899003_-1771606106_360212762",950191946,1549797346,278251130,92322885,235155193,115773617,898772280,82.5709999999999,6.38100000000122,4.85099999999875,2.44000000000051,1.86300000000119,461.366,1,NA,"07061f0f18b6","not-a-git-build","951d9a80e7940d4748fa2958a040207b","confirmatory",584.619000000001,34.9096324516249,13.5148312524103,33.8173663452316,10.2360447071337,54.0832427083708,30.400599279455,1218.68243790755,182.650663781125,1143.6142665276,104.776611246439,28.3952804136948,8.36187248896903,0,0.04,0.297,0.695,12.1806154950259,38.2464497256115,10.1454304692383,30.9742597287483,35.6292613793285,15.4208359063734,34.2049953354227,12.9124721937885,54.4708716985619,33.0770267661098,1269.44426643651,237.802180051297,1169.98170589629,166.73193815536,28.4559742890078,9.65668177000702,0,0.079,0.214,0.714,13.6252595527064,40.062838991274,11.5325116986588,36.3615908374057,35.6519901310697,16.195724617631,33.98919158213,11.9216077127005,54.2550679452693,32.0861622850219,1271.06440030589,262.30149589014,1155.26514440674,142.124730455521,27.2016433818094,9.30790517707007,0,0.198,0.391,0.906,15.7810470306802,49.2572624061118,18.3325697285052,55.7716819503263,36.8100072689187,15.3007449317956,35.5354339943544,11.0733842412161,55.8013103574936,31.2379388135374,1354.97663513785,234.112795467869,1262.76706916712,122.619838553612,28.8248179980947,9.24298333977781,0,0.129,0.361,0.808,15.1365117756893,47.6639596379455,14.8940850320143,47.1425933892194,42.0769813160669,65.3519566619602,21.9796367270664,39.8204167984263,50.1493600327564,57.7758839047227,27.1098814053165,33.5601599817869,23.2749753458933,17.8407800713599,7.62652387196632,6.45027857647046,0,0,0,0,43.2988315609478,64.8280593911818,23.0363743232856,43.0512595193812,50.959211411208,58.4631627156113,29.767066619523,36.2568785046428,21.5292278302339,20.0148851960956,7.50395130440337,6.48981188511977,0,0,0,0,42.5957287173041,64.9642613372997,22.23645042922,42.0949239360007,50.8395692561895,57.9478798454529,28.9301013541558,35.4705375074635,22.3685326199956,19.8584735067807,7.10831058926347,6.54043615330772,0,0,0,0,45.0609521696903,66.3036926524859,20.9252665333887,41.3207006908432,52.0143680138226,59.2785054285161,27.9204304446,34.6594439301521,21.2427404827955,20.3954341574545,7.26413741469349,6.73901348555213,0,0,0,0,123.192270088504,647.29600795419,37.8679679956436,88.1440756001578,111.011654593478,609.049558228578,27.7225375264054,57.1698158714095,122.787800372011,619.062618275406,44.0647546578178,87.7833238696992,109.162540819305,578.999779284132,32.532242959159,51.4217330322935,119.740223990975,514.258411598784,42.4100218989445,68.8845366327058,103.959176960295,465.001149192672,24.0774521704393,13.1128546823796,126.473065776813,553.214575429133,42.4639825282736,81.7756989774975,111.336554001123,505.550615791188,27.5698974962593,34.6331055882781,895.719173462999,90.444066261164,127.160458550435,34.231585908451,942.847435742578,134.887675234667,130.277291496678,44.8998600739265,915.562626786589,102.734307782728,129.403082161465,41.6026232806456,1013.04577274484,50.8239126001487,134.258104017427,37.7625169746668,20.2658763631392,20.1645545723213,0,"e3-v2.0","0.50|0.95"
453,500,2,1,"L'Ecuyer-CMRG","10407_871746285_635285185_-837040687_-2040312206_-1778794022_149936320","10407_-977121661_1388250414_111671076_911667219_-957171129_1753191801",898772280,768634389,975376803,1773372796,264280580,580458156,2156840,81.1509999999998,5.6869999999999,6.65400000000045,1.92399999999907,1.93399999999929,463.142,1,NA,"07061f0f18b6","not-a-git-build","951d9a80e7940d4748fa2958a040207b","confirmatory",585.870000000001,31.2966472110492,6.03580762353176,30.1985158399756,2.43620933247143,50.1569674033092,22.4171771983421,979.480126652872,36.4309736682841,911.950358937257,5.93511591162088,23.7683428536133,3.60470726345378,0,0.229,0.681,0.995,15.558826605269,45.8287578811384,12.0145510628753,35.0417082309234,32.4491720225578,6.93085023680219,31.3221899386003,2.43142596935883,51.2806415019339,22.4123938352295,1052.94876494955,48.036685004981,981.079582549753,5.91183224447255,24.7537308797067,4.03871616814492,0,0.234,0.619,0.994,15.8613088779864,46.8020967725571,12.334576544412,36.4566796600525,33.2274997880409,6.28856618232715,29.6279910088457,1.99362547040581,49.5864425721793,21.9745933362764,1104.06674216426,39.5460646295087,877.81785122024,3.97454251625077,22.1591010937794,4.05672103949377,0.144,0.567,0.764,1,22.6541607904729,68.9447292491354,15.4534695335913,46.2243255976833,31.8777715478265,6.89825281411723,29.4554802317911,3.44788094632731,49.4139317951247,23.428848812198,1016.19231885541,47.5858918874762,867.625315685438,11.8878830200469,21.8893111466793,4.42258122322321,0.085,0.503,0.779,1,21.3809337116446,62.2696133689255,17.1042196519483,51.786141959834,39.1626987280779,60.9284624404213,13.4307940652153,30.7589568555285,46.7178735268191,53.8021396836173,19.5308506453655,25.6220554928798,21.7657637123433,17.3281627903132,7.08426615679819,6.09120484751439,0,1,0,1,42.0287040856795,61.3102000882544,12.2958536988509,32.5937816074652,47.9599489402583,54.3202033214227,19.3302626498347,25.6776417577494,19.2814960025748,20.2979279086142,6.3602543811644,6.3473791079147,0,1,0,1,38.8727275929198,60.0863011094574,12.5426976473466,31.8934704675399,45.8999810558414,53.1385436627188,18.6375403240849,24.9703448206716,21.2135735165376,19.3507728201934,7.23856260687743,6.33280449658661,0,1,0,1,38.4916101175864,59.1116163501136,13.8937912289352,32.8341872323054,45.5600986866388,53.0613027599359,20.0569542885599,27.0413121140083,20.6200062325271,18.9403960033702,7.50120407329716,6.98435782544842,0,1,0,0,105.563411418178,364.368335533404,16.5804877771803,35.124724677967,90.0045848129094,318.539577652266,4.56593671430503,0.0830164470435967,109.491662197161,405.190276191897,18.4658459391777,36.6782155925689,93.6303533191744,358.38817941934,6.13126939476566,0.221535932516398,99.8488587298823,259.262528804111,18.6577741294354,46.2243255976833,77.1946979394094,190.317799554975,3.20430459584405,0,97.8581151262645,277.005150457653,19.5261219311678,51.786141959834,76.4771814146199,214.735537088727,2.42190227921945,0,789.935650302116,17.3281627903132,114.12195401074,6.09120484751439,902.091596896412,20.2979279086142,118.366243888863,6.3473791079147,777.784614699986,19.3507728201934,111.004680576908,6.33280449658661,761.94634840264,18.9403960033702,109.907792566518,7.2883035162053,19.9584515633336,19.9809678658706,0,"e3-v2.0","0.50|0.95"
452,500,2,1,"L'Ecuyer-CMRG","10407_1955184617_317036783_286416376_312306320_-759065075_1116057498","10407_-442316084_-1836187080_-916289262_273270830_-1220810764_-106946416",235155193,115773617,898772280,768634389,975376803,1773372796,264280580,82.1000000000004,4.87199999999939,6.47500000000036,1.89199999999983,1.85199999999895,452.375,1,NA,"07061f0f18b6","not-a-git-build","951d9a80e7940d4748fa2958a040207b","confirmatory",576.805,32.6369091550996,8.44496251904836,31.9068929000711,3.41103407567027,52.070427580293,23.4136214636438,1065.16783919823,71.3173919481316,1018.04981453661,11.6351534653837,26.1397820339217,4.84994837642165,0,0.05,0.437,0.951,13.5276508003707,40.1750990116896,10.9537893936589,32.7217254221594,34.4085852258484,9.51946674316605,33.5532706902572,3.58886448593285,53.7168053704792,23.5914518739063,1183.95073724447,90.6202470742445,1125.82197401368,12.8799482983901,27.329374178437,5.48584191500186,0,0.062,0.399,0.922,14.6312788222647,43.4930736812773,11.3861483631141,32.7086773517474,34.2182610868709,10.7578075266692,32.9350858077203,2.18370186637071,53.0986204879423,22.1862892543442,1170.88939180926,115.730422780861,1084.7198771619,4.76855384119094,25.1001785381541,6.15605616975242,0.003,0.345,0.466,0.975,19.1555699482315,56.8807621305797,14.2620132827313,43.3271450046574,33.7857883072882,7.77381695197428,31.077446872597,3.60413086790065,51.240981552819,23.6067182558741,1141.47949154489,60.4322300028027,965.807704119087,12.9897593129543,24.4753347846071,4.53682267811789,0.016,0.384,0.563,0.998,15.4084018367421,51.2552518609953,13.0716968563625,41.1135494232416,43.3696655065645,61.5053314123915,13.8021510902936,33.5351785661987,48.5798849206014,55.4815828024536,19.688682728234,26.9445146353647,18.135665905827,19.7330274759051,6.90169788185219,7.25583190713072,0,1,0,1,43.3962457848313,62.7585136899964,15.9957928943827,32.9216622549116,50.6047191052602,57.1625996024577,20.2750283901362,26.4297510549506,19.3622679051651,16.9258693605289,6.55788049719757,6.15472266481439,0,1,0,0,43.7522330197816,63.7599437361514,13.1353031919802,31.3233051607586,49.6524129882562,56.4052604676628,19.0036742192676,25.4807641914453,20.0077107163699,18.1880019687785,6.75284747940663,6.47708997217761,0,1,0,1,41.2420234620152,62.1423376702908,14.0138607903844,34.0356907076069,47.5869229142462,55.1318093191344,19.9641872574422,27.1327450355773,20.9003142082757,20.0218299172225,7.54488640488823,7.16855777813514,0,1,0,1,113.880746096456,521.38485847181,21.8468246699893,36.1137190884859,100.353095296085,481.209759460121,10.8930352763304,3.39199366632658,119.31954644373,531.693380787213,24.9553679058805,40.4560426324669,104.688267621465,488.200307105936,13.5692195427664,7.74736528071959,112.653890195701,320.341077665793,28.2903431955558,45.0129675586376,93.4983202474695,263.460315535214,14.0283299128246,1.6858225539802,109.269953805734,391.63821738146,20.4773255391672,41.1871981820093,93.8615519689918,340.382965520465,7.40562868280466,0.0736487587676206,946.380898959526,19.7330274759051,120.56709884337,7.25583190713072,948.670712089537,16.9258693605289,128.32261819735,7.24448667346536,963.555644298753,18.1880019687785,124.708360711543,6.47708997217761,864.039865480002,20.0218299172225,117.238439340985,7.16855777813514,20.163534680222,20.0025873879735,0,"e3-v2.0","0.50|0.95"
455,500,2,1,"L'Ecuyer-CMRG","10407_381801083_1876760065_-1585782357_-1202163956_1239095949_755933001","10407_-1291215988_2045751584_612536023_-497702903_949676715_1313873255",264280580,580458156,2156840,2097967916,236842377,1056153111,648524421,83.3330000000005,6.29400000000169,4.86800000000039,2.22700000000077,1.92699999999968,452.896000000001,1,NA,"07061f0f18b6","not-a-git-build","951d9a80e7940d4748fa2958a040207b","confirmatory",576.933000000001,43.4084399597279,7.60709001444673,42.8158407225039,2.9391532229119,62.4712872980936,22.4403678572602,1884.2926597373,57.8678184878952,1833.19621677483,8.63862166775342,37.3791473274422,4.32915181422944,0,0,0.563,0.97,12.3087629668655,37.9581159314551,11.2353296390066,33.300359344696,44.4436290594803,8.97401297722806,43.5526308813458,5.38862679630769,63.2080774569355,24.889841430656,1975.23616397668,80.5329089154577,1896.83165668676,29.0372987498853,37.1878023201745,5.09967433725484,0,0.004,0.537,0.956,14.7671088825312,44.2592596047231,12.57786362702,36.8573120302248,47.9259908293212,7.44590228036239,46.6805894196985,4.7509856938788,66.3360359952882,24.2522003282271,2296.90059697218,55.4414607687058,2179.07742857047,22.571865063441,37.6172520772809,4.52464475621193,0,0.1,0.739,0.997,21.0890303454546,63.7937899246011,16.1665854614493,47.4306743059319,46.0722764150428,9.41533202433639,45.079914372945,2.77900935613172,64.7353609485347,22.28022399048,2122.65465406411,88.6484771284943,2032.19867987206,7.72289300146766,37.1713717858183,5.4050347122875,0,0.067,0.615,0.994,18.0484339421818,55.462358323597,16.9088274115541,51.2005304990697,51.7665144016489,72.8439556350484,12.6409984277732,32.1468796577269,58.4135924697609,66.4837456443452,18.8149103058941,25.9077090922781,21.0774412333995,19.5058812299537,8.07015317458436,7.09279878638404,0,1,0,1,52.5757134331382,74.6515949272678,15.6230571415743,33.7497962518133,59.0922991601685,67.5005886069843,21.4496105591274,28.2862805137957,22.0758814941296,18.126739110239,8.40828944681571,6.83666995466826,0,1,0,0,54.6169187345442,77.3578902946843,14.1663931171435,34.3679100133469,62.1098248413661,70.6745834703819,20.8372192715338,27.5080214646088,22.7409715601402,20.2015168962034,8.56475862901585,6.67080219307497,0,1,0,0,53.6243625344967,75.1917314972791,11.89762077959,32.8109193027544,61.0553948008037,68.7306056983714,18.869206567595,25.4913573462174,21.5673689627824,20.9132985231643,7.67521089756767,6.62215077862241,0,1,0,1,159.196430523438,978.779284107785,19.7359411265443,35.2121856066692,146.887667556572,940.82116817633,8.50061148753763,1.91182626197319,159.557842591497,893.82862306533,23.1581294180931,40.4586717031033,144.790733708966,849.569363460607,10.5802657910731,3.60135967287859,165.259009282085,691.755113530485,20.4830523357346,47.5877770338895,144.169978936631,627.961323605884,4.31646687428524,0.157102727957615,162.466678879225,757.961188607433,23.8257385626535,51.619771336921,144.418244937043,702.498830283836,6.91691115109941,0.419240837851341,1305.52015427577,19.5058812299537,163.102736751269,7.09279878638404,1338.88655579607,18.126739110239,166.155699785131,14.6302536537847,1421.19985791832,20.2015168962034,178.382271692121,12.0148207418169,1380.32400731906,20.9132985231643,173.275003798424,6.62215077862241,19.6554465755897,19.5012146343483,0,"e3-v2.0","0.50|0.95"
454,500,2,1,"L'Ecuyer-CMRG","10407_-73412556_1504683085_-1872484329_519199981_-156785357_-1952136173","10407_879591944_566126003_-1407143177_1568249608_631824355_1203845210",975376803,1773372796,264280580,580458156,2156840,2097967916,236842377,84.5799999999999,4.84200000000055,6.18199999999888,1.94300000000112,1.86000000000058,465.575999999999,1,NA,"07061f0f18b6","not-a-git-build","951d9a80e7940d4748fa2958a040207b","confirmatory",590.694,37.4915608039289,6.38941756759787,36.868009081578,2.09697702353301,56.2284093678025,21.6504840074683,1405.6171315147,40.8246568531283,1359.25009363932,4.39731263722538,31.5047860643297,3.67675818079016,0,0,0.614,0.989,12.3908594537854,36.9806651977546,10.9876709689547,31.9060813335466,38.2608071790412,8.2560329064405,37.4798660764169,2.47628844402015,56.8402663626414,22.0297954279554,1463.88936599177,68.1620793522283,1404.74036110615,6.13200445798771,31.3087043216461,4.69560122703226,0,0.001,0.476,0.982,14.4931465563961,42.9265512797608,11.327724698377,33.8261596447281,38.6214488185502,7.48674487149517,37.7083424535594,2.76207123955022,57.0687427397839,22.3155782234855,1491.6163088439,56.0513487708593,1421.91909059491,7.62903753235049,29.8360473748692,4.54468616937083,0,0.128,0.665,0.999,18.1874713451475,55.6647166124424,14.8605676376397,48.0554134147669,40.6586302526355,6.79153808052816,38.7134011563467,2.49597638094854,58.0738014425712,22.0494833648838,1653.12421402053,46.1249894992641,1498.72742909223,6.22989809425296,32.2038493765065,4.0858877254756,0,0.068,0.64,1,13.4072233966386,47.0791450663521,13.0613845202892,41.6052932114565,45.8066307060762,66.3658981409763,12.1527011756762,31.3573673093281,53.0232037528408,59.4942560285462,18.1502532762897,25.1920378881251,20.5592674349001,19.2046661336519,6.47105227570546,7.04178461183545,0,1,0,1,46.1888608300987,68.0585066778695,12.6123210123445,31.1254107312109,53.1356621135281,60.582770759602,18.6833714783272,25.4590165597223,21.8696458477708,18.5130897188664,7.44710864607389,6.77564508139508,0,1,0,1,47.6816173404806,67.0493596620775,12.9347491343761,33.1385047939751,53.5843771520605,60.1518712826706,18.8636123539705,25.3629310692725,19.3677423215969,20.203755659599,6.56749413061005,6.49931871530197,0,1,0,1,47.2765254159302,68.208795447469,12.1936927863524,33.1394100850994,54.7462880616322,61.4628457694479,18.5722561733682,25.4062433445438,20.9322700315389,20.9457172987471,6.71655770781562,6.83398717117562,0,1,0,1,134.987411084088,784.042540232246,16.5799566619796,32.4040737868097,122.596551630302,747.061875034491,5.59228569302494,0.497992453263071,135.046386686535,705.644969649381,21.2426840284119,35.0845294554699,120.553240130139,662.71841836962,9.91495933003496,1.25836981074181,132.742732436758,488.237266336315,20.2147180336955,48.061130587466,114.55526109161,432.572549723872,5.35415039605578,0.00571717269910514,140.578530536404,714.782833013335,18.2653214371399,41.6052932114565,127.171307139766,667.703687946983,5.20393691685068,0,1078.40848422897,19.2046661336519,141.122266142171,7.04178461183545,1095.00806760274,18.5130897188664,142.548155955288,6.77564508139508,1152.21642449184,20.203755659599,143.463401593954,6.49931871530197,1137.57727521976,20.9457172987471,148.260108809447,6.83398717117562,19.3604002862245,19.5535069839352,0,"e3-v2.0","0.50|0.95"
457,500,2,1,"L'Ecuyer-CMRG","10407_-49645530_-1235209829_561075347_-769960321_2095509342_1822668853","10407_1931047861_-1047662728_1540712422_361946109_1700767985_-1508567049",236842377,1056153111,648524421,275129037,1339095431,1638891224,1524863907,80.3000000000011,5.92799999999988,7.00400000000081,2.00799999999799,3.18999999999869,462.024000000001,1,NA,"07061f0f18b6","not-a-git-build","951d9a80e7940d4748fa2958a040207b","confirmatory",585.566000000001,30.60745521355,9.16320271198643,29.540322164614,-4.85554643929641,49.8695405747785,15.4710275526601,936.81631464947,83.9642839409554,872.630633589185,23.5763312241641,24.7240489426946,5.22639397338957,0,0.07,0.416,0.972,11.0514761765246,33.9767812726406,11.1967304362137,35.2303515237139,31.0322647782232,8.91934216334769,29.9667741573132,-4.7032884090296,50.2959925674776,15.6232855829269,963.001457265751,79.5546646268719,898.007553395412,22.1209218585122,24.8502173647546,5.09538489947425,0,0.072,0.492,0.976,11.6476846608294,36.1417893387144,12.5843105161325,37.6789643973907,32.5407474068772,9.36556394799058,31.3958053922593,-5.48563755194063,51.7250238024238,14.8409364400159,1058.90024179818,87.7137880639009,985.69659622862,30.0922193512612,25.1885238069067,5.48221146104055,0,0.215,0.639,0.999,13.3827590029605,45.4394990302923,16.9618204978355,53.344698028655,32.7851158123841,10.1825683161018,31.5811103090384,-4.47449510029991,51.9103287192028,15.8520788916566,1074.86381883144,103.684697512079,997.366528351649,20.0211064026079,25.2332618854753,5.80025262378425,0.003,0.234,0.458,0.98,13.9536181605962,46.5754049957875,13.5801709456532,45.1005457488301,40.5268197924412,59.5705805349946,5.41380401481331,24.6884867546239,46.571870874329,53.2418366175166,12.1108929063851,19.2857783978258,19.0437607425534,19.2746827398106,6.66996574318762,7.17488549144073,0,1,0,0,40.2884888433288,61.2419019915054,5.82991462141767,26.0177902310434,46.9522219036429,53.6814328535352,12.0600197433108,19.2709251779788,20.9534131481766,20.1878756096257,6.72921094989231,7.21090543466804,0,1,0,0,42.0071347604825,60.1265011413804,4.97295340794281,24.9910115798294,48.396166178037,55.0710796532633,11.064348554784,18.5307289456958,18.1193663808979,20.0180581718866,6.67491347522623,7.46638039091184,0,1,0,0,42.0487665336542,62.5901458814463,6.20130934907727,26.2210455993712,48.0923616366858,55.4796107624266,12.5813015578926,19.2984683504269,20.5413793477921,20.0197362502939,7.38724912574089,6.71716679253426,0,1,0,0,107.128470024583,535.664602508608,23.9551776126164,36.9774660766993,96.0769938480586,501.687821235968,12.7584471764027,1.74711455298543,107.842409380128,532.005449276928,22.9594981046876,39.0014322873824,96.1947247192982,495.863659938214,10.3751875885552,1.32246788999169,112.645379956918,427.261512017559,24.5634845500461,53.3540070183535,99.2626209539572,381.822012987267,7.60166405221061,0.00930898969848754,112.482275853135,426.348415695299,26.4336749394907,46.4545961101691,98.5286576925388,379.773010699511,12.8535039938374,1.35405036133906,826.947816033623,19.2746827398106,111.640575599846,11.3380678679636,819.324230474751,20.1878756096257,113.221224923806,11.4335006905788,885.236020393618,20.0180581718866,118.942704546717,14.6497605759546,889.323304287383,20.0197362502939,118.439822031826,10.8295893586528,20.3292184101645,20.3265739919565,0,"e3-v2.0","0.50|0.95"
456,500,2,1,"L'Ecuyer-CMRG","10407_2094089327_-1063044362_881448391_1426933317_-48171479_-567404641","10407_312014044_1785384100_-148781592_302444485_-1723506601_-1112333545",2156840,2097967916,236842377,1056153111,648524421,275129037,1339095431,82.5640000000003,6.35899999999674,4.90799999999945,3.03199999999924,1.90499999999884,454.597999999998,1,NA,"07061f0f18b6","not-a-git-build","951d9a80e7940d4748fa2958a040207b","confirmatory",578.741000000002,28.4871536088899,8.39383467162951,27.5249907091751,-2.52167948536353,47.946899039221,17.9957282691077,811.517920736491,70.4564604946496,757.625113540176,6.35886742690327,22.3240321436168,4.8622316973276,0,0.119,0.355,0.954,11.6929754709728,37.0549815649497,9.57149231085441,29.5313568300101,31.1940715893,7.75225091029155,30.2125298993487,-0.574703873463061,50.6344382293945,19.9427038810082,973.070102318372,60.0973941761162,912.796962919038,0.330284542173446,24.4702455984811,4.44505366315256,0,0.14,0.426,0.99,13.4050522211377,40.727021416597,11.1833084784443,32.9924406417347,30.6400019375936,8.12231112114823,29.4567193847656,-2.17581683988087,49.8786277148115,18.3415909145904,938.809718735741,65.9719379487282,867.698316912825,4.73417892070919,22.7163888691049,4.74924062989566,0.002,0.293,0.519,1,15.6702829828987,49.1902190851829,13.3466635180419,44.378595977264,29.4920925238905,8.02608805744996,28.5044991531529,-2.31615726981428,48.9264074831987,18.201250484657,869.783521437716,64.4180895059408,812.506471972092,5.36458449851355,21.7738670202505,4.69105688596626,0,0.413,0.478,1,14.0971974175115,50.8878753024594,12.4294334233786,43.0855052880413,36.252445287906,60.0294912332986,7.92365611867629,27.0600594325794,44.3147014404724,51.7540571836415,14.7443900352648,21.535323714664,23.7770459453926,19.1364033139031,7.43935574316917,6.79093367939918,0,1,0,1,38.9465075062996,61.2537280905897,10.6691286405221,30.5176353604205,47.0340307861506,54.4769610296247,16.1961908470069,23.3984004850064,22.30722058429,19.8485067198984,7.44293024347419,7.20220963799944,0,1,0,1,39.0218741451822,60.7232097814836,8.34449571864838,28.098575322942,45.8584896209335,53.8933637508558,14.605196832508,22.0705841573007,21.7013356363014,19.7540796042936,8.03487412992231,7.46538732479271,0,1,0,1,38.6840286710116,60.1323445378862,8.32707503455395,27.6269072950033,44.8693160483906,52.8265883007119,15.04579760501,21.3427234325735,21.4483158668746,19.2998322604493,7.95727225232135,6.29692582756351,0,1,0,1,98.4318900913632,412.725727026744,22.3072672275837,31.6352604433515,86.7389146203905,375.670745461794,12.7357749167293,2.10390361334148,107.656606662033,447.374235837006,20.2008624224431,33.3598947161446,94.2515544408955,406.647214420409,9.0175539439988,0.367454074409849,102.157398784863,314.959387420553,20.9718398493575,44.378595977264,86.4871158019642,265.76916833537,7.6251763313156,0,100.562866563985,244.563575460026,21.1097650130127,43.0855052880413,86.4656691464736,193.675700157567,8.68033158963412,0,656.998524259798,19.1364033139031,103.010528184875,6.79093367939918,763.291187634441,19.8485067198984,113.891420067893,7.20220963799944,765.699968241755,19.7540796042936,109.781199293473,7.46538732479271,751.933129505504,19.2998322604493,105.7469031257,6.29692582756351,20.4219083300459,20.5174077544713,0,"e3-v2.0","0.50|0.95"
459,500,2,1,"L'Ecuyer-CMRG","10407_-218082090_-139811571_182520914_-1624244512_-1446665697_-1242815420","10407_-1081314413_516809639_746800833_751578057_-412737559_583596340",1339095431,1638891224,1524863907,1233876415,1119322947,1276461664,598763634,81.8669999999984,6.87800000000061,4.8169999999991,2.87599999999657,1.86399999999776,464.201000000001,1,NA,"07061f0f18b6","not-a-git-build","951d9a80e7940d4748fa2958a040207b","confirmatory",587.157999999999,32.704278182434,9.2117779788369,31.7194101524277,4.1084069715033,52.1407686802209,24.5348982905399,1069.56981143403,84.8568535313844,1006.12098041793,16.8790078434969,25.2431442383376,5.31999322070083,0,0.161,0.395,0.928,15.2016358476428,45.8208919804441,10.7279571399691,32.6996729847815,33.8050486185706,9.9900263589584,32.9507902449961,5.41659885588282,53.3721487727893,25.8430901749194,1142.78131210392,99.8006266526836,1085.75457776973,29.339543165551,25.8181147618706,5.78588807807,0,0.179,0.387,0.892,17.0526856942223,50.2056927976874,10.6773649443445,32.9585730198678,38.5581590112597,9.73691690052056,34.422460908469,3.62567191714594,54.8438194362623,24.0521632361826,1486.73162633758,94.8075507276428,1184.90581499508,13.1454968507807,26.7489823230636,5.55400296638079,0.149,0.463,0.464,0.986,23.6963124200865,70.3376722272222,13.6345494326763,43.8312789426965,35.1981223429703,9.39952791171171,33.7099305403349,5.04201448995141,54.1312890681281,25.468505808988,1238.90781647071,88.3511249630476,1136.3594170342,25.4219101168799,25.0604719828539,5.37425854039207,0.023,0.439,0.518,0.996,22.2344149342715,65.6575837837401,14.3126395938186,46.347537347546,41.9099982783571,62.1154138609248,15.3054871671395,34.7358288580641,48.5898082109392,55.9139438212499,21.0764774118568,27.7495776552171,20.2054155825677,19.4303416909246,7.32413561031072,6.6731002433603,0,1,0,0,41.9471909047247,65.18090833101,16.7640457941334,34.8250802486822,49.2940770457119,57.3747385159141,22.7489244782489,28.9993989245077,23.2337174262854,18.0610344545489,8.08066147020222,6.25047444625877,0,1,0,0,44.644596924596,65.9750125879233,14.5071626255581,33.7414697083632,51.2142115391406,58.7822229859226,20.7026175153197,27.5276397908588,21.3304156633273,19.2343070828051,7.56801144678204,6.82502227553906,0,1,0,0,42.4798333918466,65.4923558083051,15.436061628827,35.4928566932082,50.0847125588231,58.2064453652263,22.3065793524734,28.8004380518916,23.0125224164585,20.0567950643812,8.12173280640317,6.4938586994182,0,1,0,0,111.706160942706,422.683904680265,24.2368895123199,40.0405735163999,96.5045250950633,376.863012699821,13.5089323723508,7.34090053161836,114.867679489113,385.538990365388,26.3198864531744,44.9725466362187,97.814993794891,335.333297567701,15.64252150883,12.0139736163508,118.935179116899,393.594282149898,24.9964119464457,44.6563554578992,95.2388666968124,323.256609922676,11.3618625137693,0.82507651520262,113.333915356188,306.498234093824,23.9066346383286,46.5099550820281,91.0995004219168,240.840650310084,9.59399504451001,0.162417734482171,879.751005605122,19.4303416909246,119.997934342895,9.27304461464084,884.267012503542,18.0610344545489,123.571535541877,15.540207083108,990.259951535438,19.2343070828051,130.739423492171,7.92952706067141,905.351516978594,20.0567950643812,126.775148930523,14.0142108331651,20.4213585277932,20.4264913190366,0,"e3-v2.0","0.50|0.95"
458,500,2,1,"L'Ecuyer-CMRG","10407_285055534_1746299180_1279690304_1399120443_1040266852_-659657562","10407_-822166110_1838058449_1469860605_1451508828_-1006449828_-641143058",648524421,275129037,1339095431,1638891224,1524863907,1233876415,1119322947,81.2890000000007,5.97599999999875,4.71199999999953,1.83200000000215,1.8269999999975,468.990999999998,1,NA,"07061f0f18b6","not-a-git-build","951d9a80e7940d4748fa2958a040207b","confirmatory",591.236999999997,43.6437090740476,5.94656433625217,43.2118618868417,-0.100289981749246,63.660320536516,20.2259941149963,1904.7733417401,35.3616274051862,1867.26500772748,0.010058080439264,37.9086261328745,3.44567161646646,0,0,0.611,0.997,12.2263773349585,36.9309960925362,10.4911101212356,30.6186741196722,43.422577706748,5.24600742536803,42.8397613361482,-0.0732565815013402,63.2882199858225,20.2530275152442,1885.52025469857,27.5205939070165,1835.24515133814,0.0053665267332625,36.7971066331958,3.28903806304718,0,0,0.742,1,13.9526604995679,42.0029914505278,12.4761776840142,35.9242142300974,44.209310330626,7.70168353466665,43.5660758592531,0.318780568212414,64.0145345089274,20.645064664958,1954.4631199096,59.3159292681553,1898.00296577419,0.10162105066983,35.9563025196775,4.62274803419816,0,0.047,0.768,1,17.0824645146177,53.9866188681512,17.2016766178309,50.8413205582149,44.1177417588585,6.57600947721314,43.5851551893838,0.168522490248048,64.0336138390581,20.4948065869936,1946.37513790133,43.2439006443971,1899.66575288267,0.0283998297194034,35.6510182782739,4.28035679741246,0,0.071,0.809,1,18.2368107129079,55.7476114566415,17.0464026516399,51.5601247642383,54.2750298644221,73.0015542458002,12.0797817863882,29.651755627506,60.1889297480837,67.0201333892739,16.9314113176883,23.4083284896093,18.726524381378,17.5719738411178,6.83120364119021,6.47691717192103,0,1,0,1,53.522322762146,73.3852453249796,10.5098207053444,30.2320556805268,59.7198950578675,67.1175410628241,16.9622349424623,23.4530294124929,19.8629225628335,19.7222349751824,7.39764600495659,6.49079447003057,0,1,0,1,54.1859396285505,74.260928414279,10.5684409039293,30.2817051593634,60.5725378449778,67.7210756916291,17.3257101128882,23.944836048618,20.0749887857286,19.7132642554341,7.14853784665127,6.61912593572973,0,1,0,1,54.9443559686337,73.552281609739,10.2743575052791,30.0510431480395,60.8301225866134,67.2344201956625,16.935141616216,24.1887102446522,18.6079256411053,19.7766856427604,6.40429760904912,7.25356862843624,0,1,0,1,161.115908658395,1002.26772592162,15.5769664284014,30.6986674477829,148.889531323437,965.336729829084,5.08585630716579,0.0799933281106683,157.488271905318,908.844830592594,15.0751991772404,35.9242142300974,143.535611405751,866.841839142066,2.59902149322621,0,157.816726021953,683.370088545519,19.9826010306723,50.8413205582149,140.734261507336,629.383469677368,2.78092441284144,0,156.65710701233,684.684787028836,18.9236732558464,51.5601247642383,138.420296299422,628.937175572194,1.87727060420656,0,1371.78937297129,17.5719738411178,165.793088034828,6.47691717192103,1342.8174870617,19.7222349751824,164.483391637729,6.49079447003057,1369.57422794078,19.7132642554341,167.644854627865,6.61912593572973,1398.44381839948,19.7766856427604,167.930953356805,7.25356862843624,20.4484586496743,20.3262840967456,0,"e3-v2.0","0.50|0.95"
461,500,2,1,"L'Ecuyer-CMRG","10407_-145742063_297613930_-300422531_-37753164_347268226_-1588899750","10407_-97987139_-632202984_-2109440775_582428993_-1492437734_-350271480",1119322947,1276461664,598763634,1123183602,1111022863,1481072793,546634411,82.643,6.00300000000061,6.00300000000061,1.96100000000297,1.93899999999849,467.490000000002,1,NA,"07061f0f18b6","not-a-git-build","951d9a80e7940d4748fa2958a040207b","confirmatory",592.822,39.7855662244066,9.19339442679566,38.956783050067,-3.13716316431672,58.9749434029502,16.8133705809398,1582.89127979664,84.5185010866375,1517.63094560999,9.84179271954568,33.1893824119745,5.36221016217932,0,0.007,0.333,0.893,13.314896043201,40.2888609955756,9.18697074547432,28.6965059657187,39.2182258030853,8.93930193247143,38.1141775085598,-2.47998907923946,58.1323378614431,17.470544666017,1538.06923514179,79.9111190398874,1452.69052715401,6.15034583314698,31.6853057563468,5.1374764162626,0,0.052,0.384,0.951,15.239497279618,44.8652561242541,10.3916312675031,31.9811060180187,41.5389464726897,9.3075310395149,39.5830298339009,-3.02395439719914,59.6011901867842,16.9265793480573,1725.48407406098,86.6301340515332,1566.81625083149,9.14430019634004,30.8430233559814,5.32477731950467,0.001,0.287,0.421,0.975,20.9197314054607,62.3734296545681,11.88605130463,39.7352065198507,40.0628236144918,9.68261950372692,38.5969787329938,-3.61409323158512,58.615139085877,16.3364405136714,1605.02983596588,93.7531204539529,1489.72676731518,13.0616698865894,30.0709790705664,5.5347364007036,0.002,0.271,0.466,0.964,19.7399213212655,61.6760303821405,12.6980466528911,41.9981038603255,48.3405483873084,70.5895632353863,8.23409719510542,25.0818886827217,54.8320545798147,63.0644402556767,13.7855100631568,19.8041983314866,22.249014848078,16.8477914876163,8.23238567586199,6.01868826832981,0,1,0,0,47.5525981294211,68.9695101247772,8.90311931637193,26.5731913364114,54.6033361117427,61.6262135403096,14.6706939828015,20.2509792645279,21.4169119953561,17.6700720200395,7.02287742856689,5.58028528172637,0,1,0,1,48.484329755461,69.8238070858465,7.69935569819916,25.7777889672204,55.6532514648579,63.5344848809079,13.822661323446,19.9402503484536,21.3394773303855,18.0784332690212,7.88123341604999,6.11758902500761,0,1,0,0,46.731188173811,69.2720303990411,7.02069545277649,26.0842478960783,55.0849874060082,62.69229186405,13.3474517340702,19.4289762234404,22.5408422252301,19.0635524433018,7.60730445804176,6.08152448937017,0,1,0,0,142.382851965949,800.502530901823,24.4907022439563,39.9670971754089,129.067955922748,760.213669906248,15.303731498482,11.2705912096902,137.702355987913,655.366155488374,23.4602967230911,35.6212056639591,122.462858708295,610.50089936412,13.068665455588,3.64009964594041,138.142228126538,431.874281385561,24.04737830201,41.4238885588245,117.222496721077,369.500851730993,12.16132699738,1.68868203897374,134.973712288663,443.229823477302,24.8440487186274,45.3846876213711,115.233790967397,381.553793095161,12.1460020657363,3.38658376104566,1155.14453622508,16.8477914876163,147.487962583588,6.60402992340919,1122.79442305687,17.6700720200395,145.363580464005,5.58028528172637,1159.98625343349,18.0784332690212,150.421597863949,6.15872261221918,1091.06195506234,19.0635524433018,147.874612670542,8.16775457663457,20.0181603528832,19.9505337452565,0,"e3-v2.0","0.50|0.95"
460,500,2,1,"L'Ecuyer-CMRG","10407_1668682042_-1078549891_914353329_552356435_81884981_100812699","10407_527397133_997656418_-1873458481_269702357_-286606749_-1695570990",1524863907,1233876415,1119322947,1276461664,598763634,1123183602,1111022863,83.9020000000019,6.55599999999686,4.96500000000015,3.03099999999904,1.90200000000186,452.788,1,NA,"07061f0f18b6","not-a-git-build","951d9a80e7940d4748fa2958a040207b","confirmatory",577.958999999999,37.5039629327535,9.84213395239426,36.6150261611534,5.26290622467871,56.43217331614,25.2208483444065,1406.54723566134,96.8676007368718,1340.66014078195,27.6981819297619,31.5915467455584,5.73118917904031,0,0.01,0.368,0.882,11.5480343984889,35.0127127865083,10.1709225363476,30.1539221512546,38.7435657715409,10.340109324066,37.7692010284314,6.45151970324986,57.5863481834179,26.4094618229777,1501.06388869371,106.917860833636,1426.51254632606,41.6221064814212,32.3393015711319,5.97414344432051,0,0.019,0.392,0.909,12.348416319076,38.3554096006595,11.0114451056297,33.0942984285184,37.7097690525994,11.3547851973759,36.5819092127606,6.94573423126065,56.3990563677472,26.9036763509885,1422.02668200039,128.931146878546,1338.23608165066,48.243224011306,29.4908987140926,6.50705861389127,0,0.138,0.453,0.994,15.8577826036877,51.2860687546789,15.5389359027448,48.2580762518345,40.1635158086411,11.7278260700537,39.2536097954732,7.24741956347666,59.0707569504598,27.2053616832045,1613.10800211097,137.541904329432,1540.84588197527,52.5250903290642,32.358202903322,6.74149762408551,0,0.08,0.399,0.959,14.632175366805,49.4822132099135,12.8627669953261,44.0279296852234,45.530436644603,66.9402197527682,16.6877060737362,35.2219434095857,52.8825080062063,59.9700765314191,21.8893525998406,28.4444642257658,21.4097831081653,18.5342373358495,7.0875685252128,6.55511162592523,0,1,0,0,45.7839345013219,68.0954136261707,18.0554527282862,36.063759478959,54.3737584363329,61.1236103321777,23.146116615716,29.3828748118117,22.3114791248489,18.0083067506728,6.74985189584486,6.23675819609566,0,1,0,0,46.2322994364784,67.8519242560852,17.1101203522923,36.6944608704248,53.0222477162565,59.7811658323151,23.5284096426733,30.1666190010589,21.6196248196068,19.5843405181325,6.75891811605862,6.63820935838558,0,1,0,0,48.5270858596839,70.8340789124174,17.614257217204,36.7462396628336,54.9023814135715,63.0663242179134,24.0332285956842,30.5566528981068,22.3069930527335,19.1319824456296,8.1639428043419,6.52342430242256,0,1,0,0,134.996786474333,804.364104224958,26.1640175795796,44.4790665166525,123.448752075845,769.35139143845,15.993095043232,14.3251443653979,138.417723228237,791.013199860822,27.4160447739991,42.7944888406642,126.069306909161,752.657790260162,16.4045996683694,9.70019041214578,129.925729849925,538.041894408597,29.9484744097584,48.5935711946166,114.067947246237,486.755825653918,14.4095385070136,0.335494942782137,142.487795226589,640.692702831468,31.1030053821299,47.7223255516855,127.855619859784,591.210489621555,18.2402383868039,3.69439586646217,1049.94136269282,18.5342373358495,139.349011930092,14.2807535463762,1060.98297297826,18.0083067506728,144.97629702123,18.9894561800485,1078.22571607928,19.5843405181325,139.579320361138,20.9200794501674,1170.70454124063,19.1319824456296,148.504879838682,22.824570206248,19.8171471549865,19.9579421197278,0,"e3-v2.0","0.50|0.95"
463,500,2,1,"L'Ecuyer-CMRG","10407_-78506701_66304739_-906040561_1779011222_1063104116_1548541017","10407_-1133319528_1672051271_1794795689_-631773459_-847033772_-1849396271",1111022863,1481072793,546634411,253712325,47854408,1665994080,1690377233,84.7870000000003,4.84700000000157,6.28800000000047,1.91300000000047,2.74699999999939,461.212,1,NA,"07061f0f18b6","not-a-git-build","951d9a80e7940d4748fa2958a040207b","confirmatory",585.387000000002,44.7293931803071,8.47037954840903,43.9714697101883,1.33990587848423,64.2185736996147,21.5071370493951,2000.7186142785,71.747329694106,1933.49014847401,1.79534776319659,39.269372975465,4.88641843677423,0,0,0.364,0.949,10.4526121058738,32.8309296127959,9.73916394497662,31.8993260678871,45.2231893362742,8.69885240594383,44.4469929750298,1.90779280721017,64.6940969644563,22.0750239781211,2045.13685374451,75.6700331803947,1975.53518452235,3.63967339524287,39.1158234894598,4.98744730345478,0,0,0.426,0.976,12.2801110640852,37.6211108533888,11.4410642490239,35.2838884168978,45.6713375181848,9.01826141633645,44.7999113558157,1.20757801367957,65.0470153452421,21.3748091845905,2085.87107069996,81.3290389733827,2007.03205748894,1.45824465912229,38.0978939863369,5.39718805468206,0,0.012,0.651,1,14.5064222554109,47.3856489955723,17.8292340958492,53.1629908995297,46.2483767699906,8.7814665639472,45.3404821146039,2.43982656256295,65.5875861040303,22.6070577334738,2138.912353859,77.1141550137226,2055.75931838471,5.95275365538774,38.7007127564331,5.14445716062556,0,0.017,0.559,0.999,13.5629101395049,47.7508690383469,14.5925678604724,48.0390889684937,54.4100756414822,74.0043589961834,13.2580643555404,30.6141082139574,60.9234710877975,67.5669870448458,18.0318974495551,24.8954451802692,19.5942833547013,17.356043858417,6.64351595704832,6.86354773071402,0,1,0,1,53.5774886132312,73.9181356381515,12.8329797355906,30.4301162398364,61.7177586995789,67.8647585115156,19.2403430765476,25.0777120844782,20.3406470249203,17.5971365042458,6.1469998119367,5.83736900793057,0,1,0,1,54.7840060910908,74.7542697874418,12.0488535797645,30.8355704042154,61.6983767529998,68.6101864700641,18.1271731820013,24.3960013048612,19.970263696351,18.7867168244509,6.91180971706432,6.26882812285989,0,1,0,1,55.2434759734081,75.8269751663489,11.5217318253259,32.5346480946441,61.626674097822,69.4021550924016,19.2078896049422,26.1539449610803,20.5834991929408,21.0129162693181,7.77548099457963,6.94605535613814,0,1,0,1,165.382594789346,1136.40777419465,22.3499795226008,35.6177869433376,154.929982683472,1103.57684458186,12.6108155776241,3.71846087545054,165.594646841907,1059.8075579818,22.6175952332261,36.583131735709,153.314535777822,1022.18644712841,11.1765309842022,1.29924331881117,165.138860093439,875.153769654546,23.9247768053154,53.1629908995297,150.632437838028,827.768120658974,6.09554270946623,0,167.751333058094,924.72339192455,22.5605390642954,48.141471501118,154.188422918589,876.972522886203,7.96797120382294,0.102382532624256,1386.11314943693,17.356043858417,169.348984350533,6.86354773071402,1353.55603197711,17.5971365042458,172.029618652546,5.83736900793057,1401.44634776293,18.7867168244509,172.716900771358,6.26882812285989,1420.43837855221,21.0129162693181,173.293761428162,6.94605535613814,20.2471039894264,20.1672311709109,0,"e3-v2.0","0.50|0.95"
462,500,2,1,"L'Ecuyer-CMRG","10407_-1368541392_-785396139_713746554_2060858331_-327637237_1529010833","10407_-2077741402_-1126962209_768970488_1936863951_1022693339_1258552983",598763634,1123183602,1111022863,1481072793,546634411,253712325,47854408,84.6610000000001,5.00500000000102,4.91900000000169,1.84200000000055,2.32700000000114,463.524000000001,1,NA,"07061f0f18b6","not-a-git-build","951d9a80e7940d4748fa2958a040207b","confirmatory",589.919999999998,38.9278524580321,9.70594146360521,38.3708244894967,6.52361061407822,58.9949122855055,27.0583900385952,1515.37769699432,94.2052996949309,1472.32017200376,42.557495444114,32.6490271950417,5.57081483057541,0,0.003,0.371,0.956,13.2423426274921,40.0796344574756,11.2895133071091,34.017123188978,42.2252816950113,11.1277090976785,41.5248292550166,7.37837150065787,62.1489170510254,27.9131509251749,1782.97441422306,123.825909762556,1724.31144465828,54.4403660017203,35.2907504563453,6.38624747526209,0,0.002,0.392,0.926,14.5369679194822,43.1922923417676,12.6485482911451,37.439368395654,40.3515997342308,11.2340655581981,39.531482278304,7.61456055268023,60.1555700743128,28.1493399771972,1628.25160111157,126.204228965894,1562.73809111987,57.9815324104338,31.3524349264803,6.44302931989846,0,0.162,0.478,0.99,18.3955566102594,58.6218167015134,16.469879740311,51.3529364149682,40.2295144418866,12.4672282005485,39.5886987447782,9.1044757853892,60.212786540787,29.6392552099062,1618.41383222997,155.431779004553,1567.26506830481,82.8914793267383,31.9156187973098,7.10679467751625,0,0.042,0.486,0.978,17.3687815663606,54.0702682543659,18.0300941019679,53.7681391491687,49.1009976655453,69.0620401649619,17.8041174230427,37.1976426659753,55.4541961488724,62.4916992722963,23.8669127242588,30.0923880662313,19.9610424994166,19.3935252429326,7.0375031234239,6.22547534197252,0,1,0,0,51.7507668849471,71.9675621423889,19.4291177347744,36.659997640811,58.4607372832191,65.8125547583846,24.8808431209744,31.4087094530041,20.2167952574419,17.2308799060366,7.35181747516545,6.52786633202969,0,1,0,0,50.1920537903616,71.3851187873825,18.2122223791113,37.770601069885,56.5358632649506,63.8979229044062,24.8082209599635,31.6099427651305,21.1930649970209,19.5583786907737,7.36205963945557,6.80172180516703,0,1,0,0,49.817866573822,71.0318477705182,19.8052410502704,39.7224754188153,56.6880673214824,63.7459446355983,26.2513806107206,32.969914385043,21.2139811966962,19.9172343685449,7.05787731411593,6.71853377432234,0,1,0,0,140.500061303387,773.765286773483,25.3557439068453,37.5433652102785,127.257718675895,733.685652316008,14.0662305997362,3.52624202130049,151.646805506349,832.010670698704,29.2429437516362,46.6131323695085,137.109837586867,788.818378356937,16.5943954604912,9.17376397385444,139.44525099832,515.331157490677,29.0679138077859,52.0413363624705,121.04969438806,456.709340789164,12.5980340674749,0.688399947502304,140.50088534205,578.398431530782,31.3212321806139,55.0518844791077,123.132103775689,524.328163276416,13.291138078646,1.28374532993902,1159.03743728088,19.3935252429326,146.357936534878,19.5540085409398,1265.28395881497,17.2308799060366,158.698415424007,23.9121211178594,1203.91170477114,19.5583786907737,151.009161515223,23.8954879469531,1188.96513230923,19.9172343685449,151.31379541601,29.5849385191369,20.6240877960087,20.534779424517,0,"e3-v2.0","0.50|0.95"
465,500,2,1,"L'Ecuyer-CMRG","10407_521668227_-2125931791_1714894135_972518204_-31130054_548908837","10407_-762995081_-71349889_1633394347_340494672_1162789497_75159276",47854408,1665994080,1690377233,2111972843,986713120,898854976,1717954885,81.6239999999998,5.63500000000204,4.83199999999852,1.9320000000007,1.95200000000114,457.878999999997,1,NA,"07061f0f18b6","not-a-git-build","951d9a80e7940d4748fa2958a040207b","confirmatory",580.679,37.7846639962687,9.97681876211354,37.041996848317,3.34556267023399,57.0428322408558,23.263721225639,1427.68083331092,99.5369126120607,1372.10953051072,11.1927895804632,31.6309361060896,5.761137368538,0,0.001,0.378,0.915,12.0690399628071,38.1133442195221,11.3649681957463,36.0559917245184,38.6567393588518,10.8942224215764,38.0251186758667,3.1717955999892,58.0259540684055,23.0899541553942,1494.3434978582,118.684082170777,1445.90965031374,10.0602873281109,32.0879000516488,6.27813362926135,0,0.007,0.412,0.913,13.7418221951394,41.5891065996596,12.8565982043256,38.1011505259398,38.8545646939167,11.139779693045,38.2427418122397,3.04810539305012,58.2435772047786,22.9662639484551,1509.67719755376,124.094691609578,1462.50730131763,9.29094648714124,30.4050647844736,6.37127741723922,0,0.08,0.525,0.98,17.538022588471,55.9002388522854,16.8911495493636,53.1229625985237,38.5391482182127,12.5606149991743,37.8229412522148,3.69799611820922,57.8237766447537,23.6161546736142,1485.26594538537,157.769049157481,1430.57488496849,13.6751752902904,29.8744464023376,7.1673419148909,0,0.126,0.501,0.965,17.8802444318073,57.3080754649793,18.298677581719,54.1596928860409,46.7571568733214,67.6254576446477,13.7638994299041,32.7063332053538,53.0977226163104,60.7273081420401,19.9644181997602,26.890669219855,20.8683007713263,18.9424337754497,7.62958552572969,6.92625102009479,0,1,0,0,47.5705401183771,69.2747410220437,14.3028361463555,32.3265685777902,54.0574490019381,61.7109064954377,20.1891425948652,25.9533617284199,21.7042009036666,18.0237324314347,7.65345749349957,5.76421913355462,0,1,0,0,47.5025680503307,69.2923755686321,13.9256539856971,32.6295626638499,54.7529907595637,61.8518348812059,19.4445235494908,26.2542864067157,21.7898075183014,18.7039086781528,7.09884412164226,6.80976285722494,0,1,0,1,45.5460299676609,70.774899837499,14.1560286593653,33.602892728837,53.7649737170208,61.9723627510338,20.4627050807099,26.5684294417872,25.2288698698381,19.4468640694716,8.20738903401303,6.10572436107733,0,1,0,0,135.949903073865,770.026617705984,26.1311640475998,46.6800335461337,123.880863111058,731.913273486462,14.7661958518535,10.6240418216154,138.22014283675,746.505127271061,28.355960054007,53.3073207315302,124.47832064161,704.916020671402,15.4993618496814,15.2061702055904,135.09957161914,512.489047088721,28.2378279140794,55.1653120452905,117.561549030669,456.588808236436,11.3466783647158,2.04234944676672,132.623898541372,491.980265724518,32.1411440956035,58.9815175899198,114.743654109565,434.672190259539,13.8424665138845,4.82182470387891,1091.12116000263,18.9424337754497,140.017134420816,7.11128959751577,1124.49238993719,18.0237324314347,143.879911931097,6.84815529139565,1121.85911382997,18.7039086781528,146.107465589742,6.80976285722494,1047.03665287472,19.4468640694716,143.263942331941,8.28391046229708,20.0008353925389,19.918158555405,0,"e3-v2.0","0.50|0.95"
464,500,2,1,"L'Ecuyer-CMRG","10407_1527228566_1291100644_33219976_1576383571_-321752375_660337136","10407_1879117246_65410838_211724708_41295118_1982592695_-948069435",546634411,253712325,47854408,1665994080,1690377233,2111972843,986713120,84.1380000000026,5.00799999999799,5.72200000000157,1.8839999999982,1.88199999999779,462.326999999997,1,NA,"07061f0f18b6","not-a-git-build","951d9a80e7940d4748fa2958a040207b","confirmatory",585.917000000001,38.3920354867711,9.96342920692317,37.3367487413307,3.5796053902824,57.2844673334551,23.6821908262176,1473.94838881749,99.2699215613697,1394.03280657326,12.8135747501388,32.1434432853953,5.8213191356249,0,0.039,0.335,0.877,12.0390964732858,36.1040340963319,10.298537757378,31.0945240619321,39.7103349611945,10.0853147949632,38.1758809540932,3.76485789976777,58.1235995462176,23.867443335703,1576.91070273026,101.713574513503,1457.39788662109,14.1741550054438,32.234198199528,5.86460904418797,0.002,0.114,0.35,0.891,13.9906266838989,42.3691752759675,10.8677019629502,33.5108377257609,40.6182630182046,10.7654210876873,38.8152707402748,3.62000203882167,58.7629893323992,23.7225874747569,1649.84329061605,115.894291195222,1506.62524264083,13.1044147610731,31.4063886077521,6.14975664385229,0.017,0.231,0.444,0.96,17.9994201856044,55.0518858930617,13.8881127345071,45.5296538399826,40.5395368533195,10.9260501394607,39.1960344071559,4.33221847960388,59.1437529992803,24.4348039155391,1643.45404828165,119.378571650009,1536.32911324695,18.7681169550213,31.6431110536377,6.22123296636826,0.002,0.202,0.389,0.925,17.4515423910423,54.3432326990509,12.2553215422707,40.7262797640858,47.8034254507686,67.1522227595984,14.2539523900509,33.2642798783876,53.9540743331278,60.6743234189507,20.2035967868407,27.0516174857243,19.3487973088298,19.0103274883367,6.72024908582284,6.84802069888359,0,1,0,0,47.779407276893,67.5936926243298,13.9284441394388,34.191711273127,54.9961591975484,61.486122305514,20.7154264450318,26.9112338053281,19.8142853474369,20.2632671336882,6.48996310796559,6.1958073602963,0,1,0,0,48.010761823268,68.7561910646296,13.6952132451991,32.9866117435983,55.135025905334,62.3675758312232,20.9196149508889,26.9444226966938,20.7454292413616,19.2913984983992,7.23254992588925,6.02480774580489,0,1,0,0,48.7881268989441,69.4726314670596,13.8202246934209,34.2700001436692,55.5207698082724,62.5338020254817,21.2214846139497,27.7210347304584,20.6845045681155,20.4497754502483,7.01303221720926,6.49955011650871,0,1,0,0,138.162535027963,784.763929176671,26.5017133633073,45.271332703996,126.123438554677,748.659895080339,16.2031756059294,14.1768086420639,139.690098219225,707.721981153717,26.4501484232108,47.3544867334952,125.699471535327,665.35280587775,15.5824464602606,13.8436490077343,137.947323427993,583.665898542249,27.7466789150203,49.8092744868081,119.947903242389,528.614012649187,13.8585661805132,4.27962064682544,140.243546928177,554.894967716642,28.0418533906162,49.0467953961631,122.792004537135,500.551735017591,15.7865318483456,8.3205156320773,1133.5770716546,19.0103274883367,142.745672049836,7.25206610250557,1133.08183273818,20.2632671336882,146.683725529661,8.64717139668245,1143.26715848711,19.2913984983992,147.981779178727,9.29292580561951,1174.3008368409,20.4497754502483,149.305237081801,10.9751468285664,19.9477185921244,20.1025854359352,0,"e3-v2.0","0.50|0.95"
467,500,2,1,"L'Ecuyer-CMRG","10407_-1164862284_935352394_-942604241_-738325408_808237956_-311568804","10407_503009755_-258006214_2127082965_-1925466559_1672558297_1601471208",986713120,898854976,1717954885,512630446,1935403220,1072562921,1071108872,81.6860000000015,6.72199999999793,4.78900000000067,2.65899999999965,1.91799999999785,457.766,1,NA,"07061f0f18b6","not-a-git-build","951d9a80e7940d4748fa2958a040207b","confirmatory",580.707999999999,38.375247436568,9.37944132207097,37.4802634616159,-2.42021952552732,57.5907515420964,17.5914358708784,1472.65961581782,87.9739195141725,1404.77014915214,5.85746255174366,32.2701104965489,5.45992753988649,0,0.016,0.34,0.917,11.7818472418495,36.5906669965603,10.1109130867251,31.058343459496,38.4474834104734,9.35637340734925,37.5122664585089,-1.28553404228734,57.6227545389894,18.7261213541183,1478.20898059863,87.5417233377522,1407.17013485418,1.65259777387962,31.7579108320035,5.41525773962626,0,0.018,0.38,0.93,13.3515396415993,40.4061467121454,11.1520879345364,33.4886863538061,39.6976718776806,9.5450203738689,38.6889515469239,-2.56199020296473,58.7994396274044,17.449665193441,1575.90515250799,91.1074139375725,1496.83497180023,6.56379380008725,31.3305803807423,5.49267580592281,0,0.169,0.493,0.992,15.9404333661501,53.0264256671254,14.1472606975049,46.8777109784076,39.5899367829367,9.41508027076085,38.6894139586958,-3.02090553299427,58.7999020391763,16.9907498634114,1567.36309447692,88.6437365048703,1496.87075246732,9.12587023927539,32.3736008826754,5.50511358503516,0,0.055,0.445,0.957,13.2509789080169,45.2357491677808,12.6516566500543,42.215660072564,47.1710221046971,68.8304597890112,8.02767136687621,28.1879464211013,53.8917620830322,61.3584117597554,14.054860789257,20.8565986109677,21.6594376843141,20.1602750542251,7.46664967672325,6.80173782171079,0,1,0,1,46.3426305701533,68.7766879241031,8.94730336084088,27.5101383694305,53.7352526198912,61.4407888640645,15.8374781660286,21.6760626544127,22.4340573539498,18.5628350085896,7.70553624417332,5.83858448838405,0,1,0,1,47.6605947330512,70.0738107028145,8.10135342995576,27.4489808429064,55.1496794906113,62.7436286403958,13.9771643873312,20.9587199626515,22.4132159697633,19.3476274129506,7.59394914978456,6.98155557532036,0,1,0,1,49.5172327201,68.8370086848978,7.48319302430781,26.3771365801314,55.0680047354063,62.3306250015422,13.6903989552508,20.4565682113553,19.3197759647978,18.8939435558236,7.26262026613596,6.76616925610456,0,1,0,1,138.344050337188,787.762109824323,24.9328962050907,38.0790487487143,126.562203095339,751.171442827763,14.8219831183656,7.02070528921831,136.553995174909,742.960235795431,24.4827145124456,39.2893080331253,123.20245553331,702.554089083285,13.3306265779093,5.80062167931924,139.633638564329,548.194402075707,24.4675043167993,47.3844206961469,123.693205198179,495.167976408582,10.3202436192945,0.506709717739355,141.212472541573,703.515780213948,24.7020492872181,46.093926173151,127.961493633556,658.280031046167,12.0503926371638,3.87826610058698,1104.08079865298,20.1602750542251,142.59174568693,6.80173782171079,1071.71975694086,18.5628350085896,142.204594401816,5.83858448838405,1124.41748207259,19.3476274129506,147.750714790308,6.98155557532036,1195.58956154958,18.8939435558236,147.092686885839,6.76616925610456,20.1104880804805,20.0116553964057,0,"e3-v2.0","0.50|0.95"
466,500,2,1,"L'Ecuyer-CMRG","10407_956611294_-270558343_-853963651_1764938887_269108153_797059381","10407_-862652904_1731563396_842351000_1208188437_-997564353_-759692510",1690377233,2111972843,986713120,898854976,1717954885,512630446,1935403220,80.9170000000013,4.7970000000023,5.2300000000032,1.90499999999884,3.229000000003,462.191000000003,1,NA,"07061f0f18b6","not-a-git-build","951d9a80e7940d4748fa2958a040207b","confirmatory",585.477999999999,34.6124124849525,6.25742368396538,33.6818921640104,3.25027755643042,53.6982686788844,23.2001336424103,1198.0190980285,39.1553511606508,1134.46985974803,10.5643041938353,28.7357230821645,3.66973440313239,0,0.021,0.603,1,11.0866756722303,34.832190588353,11.7288486088724,34.8693532577046,36.3719666371891,7.26102686812585,35.4410429394071,5.0225682794972,55.4574194542811,24.9724243654771,1322.9199570568,52.7225111796454,1256.06752463289,25.2261921222115,29.8157799475079,4.24349814011001,0,0.048,0.576,0.998,12.496183633545,40.1667696956819,12.9250861411933,37.8486266269546,37.1767554767846,11.0382653318982,36.0064536264844,3.69299729114934,56.0228301413585,23.6428533771292,1382.11114778063,121.843301537387,1296.46470275617,13.6382289924364,29.0254419159376,6.16951173642555,0,0.157,0.467,0.992,15.8800899334388,49.9244084322242,15.1916415797845,46.8021048361615,35.5139589669472,6.0345483776,34.4319621855461,2.61057063659014,54.4483387004201,22.56042672257,1261.24128150601,36.4157741215947,1185.56001994687,6.81507904862667,27.6198038137274,4.03061076491146,0,0.181,0.824,1,14.5564171657256,49.6078603311805,16.3965435922268,48.5498143245909,43.2374800431657,64.2092705345238,13.2190737048106,33.4964851054127,49.7818036158867,57.0795063263054,20.2733569054802,25.771721155606,20.9717904913581,20.2774114006021,7.29770271041871,5.49836425012575,0,1,0,0,44.3707143192269,66.0370881078453,16.0313923110889,33.901806315,51.5418585053073,59.3089901678892,21.8301851712571,27.8795136441662,21.6663737886184,17.8704140039111,7.76713166258199,6.04932847290909,0,1,0,0,45.2450714036504,66.9182281058753,15.1352356315822,32.4656855161522,51.8939763222719,59.7024001167522,20.6402031321755,26.7454052493771,21.6731567022249,17.33044988457,7.80842379448032,6.10520211720162,0,1,0,0,44.0647998406839,65.3267614197555,12.8923007399018,32.5127175640674,50.7216523366203,58.0862576582222,19.3844581286936,26.0505413479171,21.2619615790716,19.6204168241657,7.3646053216019,6.66608321922345,0,1,0,1,123.849871454234,666.176197855042,16.2746920091493,34.8693532577046,112.763195782004,631.344007266689,4.54584340027683,0,129.742828592035,647.039011188186,18.9416134509031,37.8971542821891,117.24664495849,606.872241492504,6.01652730970987,0.0485276552345026,128.346788902559,523.280592318343,27.9007464917767,47.1463964433837,112.46669896912,473.356183886119,12.7091049119922,0.344291607222212,123.666013528106,439.739981681371,18.1687586851645,48.5498143245909,109.109596362381,390.13212135019,1.7722150929377,0,949.815931623025,20.2774114006021,126.359411114469,6.79236752812723,995.839885962733,17.8704140039111,133.869059624315,13.5706448140182,1030.82095225328,17.33044988457,135.318823024072,8.86659030198408,983.198894611465,19.6204168241657,130.185708608587,6.66608321922345,20.016376514874,19.9498560859799,0,"e3-v2.0","0.50|0.95"
469,500,2,1,"L'Ecuyer-CMRG","10407_-2028830298_327851207_98586083_2095415335_-1129171076_459489674","10407_-778052750_1806095231_-557536181_-461812086_2050595057_853090897",1935403220,1072562921,1071108872,636015730,979083838,1491560473,65969341,81.0370000000003,6.95300000000134,5.25700000000143,2.98099999999977,1.90499999999884,453.561999999998,1,NA,"07061f0f18b6","not-a-git-build","951d9a80e7940d4748fa2958a040207b","confirmatory",575.900999999998,43.101047219486,9.02733975625981,41.8180385603241,-2.3423387972406,61.7699833527634,17.4777304151128,1857.70027141636,81.4928630749489,1748.74834903275,5.48655104105853,35.6005094088656,5.15150203486097,0,0.025,0.425,0.962,14.7840432371194,43.0253637209496,11.3140877864587,33.2121252635911,45.4191327316082,9.06759051273717,44.0882260393831,-2.26668423764779,64.0401708318224,17.5533849747056,2062.89761809145,82.2211977066811,1943.77167529974,5.13785743320096,37.4129149642529,5.16512900687343,0,0.024,0.461,0.971,15.7754450673762,46.2284869624144,11.9507168459553,36.2631086780916,47.2475159833647,9.01706587114704,44.2589632587583,-1.08957116936843,64.2109080511977,18.730498042985,2232.3277665983,81.3074769246048,1958.85582874012,1.18716533311889,35.3437593070163,5.19546429511645,0.007,0.202,0.509,0.997,21.3146971167993,64.070497461685,14.2823872618894,45.6673227522433,46.2414231488639,10.6296061166559,43.3810993350979,-2.67093759737153,63.3330441275373,17.1491316149819,2138.26921483228,112.988526195249,1881.91977952163,7.1339076490528,33.77791216405,6.11985887292601,0.007,0.274,0.537,0.996,23.4977252911487,69.8020118383556,17.4495399446768,56.23254350859,51.1604187929303,71.774205858667,9.54159947298655,27.3866928988418,58.1998670728377,65.0966490211611,14.2652970559761,20.2909098240988,20.6137870657367,17.8450934258552,6.89678194832342,6.02561276812263,0,1,0,1,53.479658271769,74.2219350622281,7.67887353733418,28.0395799028305,60.5913740221725,67.5621352717462,14.0651846128905,20.9794892540646,20.7422767904591,20.3607063654964,6.97076124957371,6.91430464117413,0,1,0,1,54.0039594250908,74.6892542640652,8.51275666378277,27.5070708813712,60.5878904187345,67.5727747087174,14.9933854423978,22.2206322872124,20.6852948389744,18.9943142175885,6.98488428998296,7.22724684481459,0,1,0,1,52.318616403736,75.5023061401129,6.76330902622539,28.1094004679108,58.9100381635945,67.5815988535982,13.2496707190847,20.777794168619,23.1836897363769,21.3460914416854,8.67156069000371,7.52812344953435,0,1,0,1,152.474071336033,857.612490490519,23.4106383953365,36.9426597593791,137.690028098914,814.587126769569,12.0965506088778,3.73053449578793,160.476730010383,887.938289850907,23.4518681596861,38.2603207546321,144.701284943007,841.709802888492,11.5011513137308,1.99721207654051,155.730519467295,633.229019199195,23.1550545120949,45.9453307848861,134.415822350496,569.15852173751,8.87266725020547,0.278008032642791,149.718755731718,548.425110925388,26.8233604763215,56.4690780945238,126.22103044057,478.623099087032,9.37382053164469,0.236534585933802,1268.95274708537,17.8450934258552,159.888471069917,6.02561276812263,1361.85081596364,20.3607063654964,169.528478168506,6.91430464117413,1382.76588014503,18.9943142175885,169.528666795164,7.22724684481459,1317.85055418824,21.3460914416854,164.503934174624,7.52812344953435,19.9519447924394,19.8200692123534,0,"e3-v2.0","0.50|0.95"
468,500,2,1,"L'Ecuyer-CMRG","10407_-195088949_-432064818_-1120361571_292451600_1094320171_882655636","10407_-1723152388_958658406_-1804183242_2125883343_-1002207985_-1615229467",1717954885,512630446,1935403220,1072562921,1071108872,636015730,979083838,81.6440000000002,6.29999999999927,4.7019999999975,2.88099999999758,1.86599999999817,454.598000000002,1,NA,"07061f0f18b6","not-a-git-build","951d9a80e7940d4748fa2958a040207b","confirmatory",575.832999999999,35.721948063585,8.11631088118203,34.997930612054,-1.71019820640097,55.1115942952855,18.6060371399058,1276.05757345747,65.8745023199938,1224.85514712615,2.9247779051771,28.6093823888623,4.64524920288871,0,0.045,0.447,0.975,15.0326265731502,44.6799471398047,11.3150401751036,32.821176313082,36.5956055527185,8.81734765629817,35.4478596915739,0.320713162754757,55.5615233748053,20.6369485090616,1339.23834577016,77.7456196920268,1256.55075671351,0.102856932764159,28.6123903475506,5.06894445114594,0,0.126,0.405,0.971,16.3115355914705,47.7900281509109,11.2679011114274,34.8562119161745,38.3894776279185,10.3860593787319,36.283947546032,-1.58088951171919,56.3976112292634,18.7353458345876,1473.75199254445,107.870229418545,1316.5248495232,2.49921164826375,27.9530080758529,5.98602365466726,0.01,0.384,0.512,0.985,20.8105481218967,62.2710156703511,15.3585950085034,48.6796287319186,39.0036020363292,8.51793061257243,37.1381087930984,-2.31447916943664,57.2517724763299,18.0017561768702,1521.28097180834,72.5551419205985,1379.23912472802,5.35681382575614,28.218804083005,5.06154828591256,0.015,0.39,0.619,0.996,22.3233736062108,67.1689372309548,15.7614199548226,50.6347908531089,43.6334783938023,64.9808632673803,8.86678473087374,29.3738850808377,51.4065308238023,59.2907578011686,15.0321177269689,22.4143448100502,21.347384873578,20.5071003499639,7.88422697736635,7.3822270830813,0,1,0,1,45.1037336908903,66.8474259680088,10.0027383104144,31.0135014936262,51.5631908038248,59.2064415445555,17.1950349350561,24.3278336579763,21.7436922771185,21.0107631832118,7.64325074073065,7.13279872292021,0,1,0,1,46.5211372781972,67.9661440474591,9.71209601071656,28.7632452406356,52.609096676041,60.2028363715717,15.5224834402046,21.9150138748881,21.4450067692618,19.0511492299191,7.59373969553067,6.39253043468354,0,1,0,1,46.5252023076903,69.4248100603396,8.37761501657222,28.4355445759619,53.5413259143203,61.116965630974,14.5213735523118,21.5470301299807,22.8996077526493,20.0579295593897,7.57563971665368,7.02565657766885,0,1,0,1,125.044901062713,550.27116433868,21.0267305206284,34.5797504836478,110.012274489563,505.591217198875,9.71169034552471,1.7585741705658,125.685423186285,525.010193693913,22.9293308328999,36.833203890303,109.373887594814,477.220165543002,11.6614297214725,1.97699197412844,124.881748505983,401.328936880954,26.9211478223239,50.1317941805951,104.071200384086,339.057921210603,11.5625528138206,1.45216544867648,126.441358629742,380.522884072489,22.1991766489917,51.0352021021376,104.117985023531,313.353946841535,6.43775669416908,0.400411249028777,962.13997329641,20.5071003499639,133.05569553965,7.3822270830813,1021.34649258347,21.0107631832118,133.441359223104,7.13279872292021,1077.74395056789,19.0511492299191,137.575471666769,6.39253043468354,1079.361152731,20.0579295593897,141.286288641009,7.02565657766885,20.1136636832315,20.3162353463068,0,"e3-v2.0","0.50|0.95"
471,500,2,1,"L'Ecuyer-CMRG","10407_-1964421122_1774647416_-159258547_-914969711_953828656_551004343","10407_1514602893_382919604_673344581_-838329376_-1110178928_-1297432424",979083838,1491560473,65969341,1929149291,507612458,1589740218,1747776769,80.8970000000008,5.71999999999753,6.7599999999984,1.93599999999788,2.85699999999997,452.383999999998,1,NA,"07061f0f18b6","not-a-git-build","951d9a80e7940d4748fa2958a040207b","confirmatory",576.516,27.4945586255173,7.94465955626955,25.9828780949917,3.81344674256501,46.1330229897086,23.9171258558239,755.950754012008,63.1176154650251,675.109954099202,14.5423760583797,20.5879563882652,4.53138595172972,0.004,0.278,0.477,0.999,13.1257835414499,39.3613832340486,12.1017005121152,36.5840757328786,28.2367347964251,8.61123663866201,26.7450298243409,5.67105202736655,46.8951747190577,25.7747311406255,797.313191963641,74.153396447035,715.296620304885,32.1608310970983,21.2597952666208,4.91118277877327,0.007,0.244,0.508,0.995,13.190737137883,39.8766498407509,13.2128585578336,39.0472698185063,28.4299428232633,7.48186710188712,26.9541663508695,3.18196189043317,47.1043112455864,23.2856410036921,808.261648934023,55.9783353303008,726.527083670347,10.124881472169,20.5462621159049,4.69014988362828,0.011,0.43,0.735,1,14.8068960512878,48.8986697356263,17.2924453783475,52.1711270413563,28.1032767129974,9.19317334697229,26.3709042451803,4.91575136151206,46.5210491398972,25.019430474771,789.794162007301,84.5144361874817,695.424590708469,24.1646114482077,18.7404503055637,5.7366343350964,0.042,0.682,0.739,1,20.1314870745012,64.1603091245781,21.0065315303535,63.3514922329398,35.4795837716249,56.2018649684939,15.2171464431078,33.5078717808923,42.7883874841873,49.752551562584,20.6721144568509,26.9826139337902,20.7222811968689,18.2907253377845,6.96416407839673,6.31049947693924,0,1,0,0,35.5802198336823,56.9059387667134,16.99186244385,34.6663043471124,43.6046139565462,50.732561593455,22.8326693932587,28.8875132743138,21.3257189330311,17.6744419032624,7.12794763690874,6.0548438810551,0,1,0,0,37.0815679031041,57.4144513887454,13.912652779468,32.1383062666912,43.6192737428536,50.7389786620837,20.256191607491,26.4791862551727,20.3328834856413,18.2256534872232,7.11970491923005,6.22299464768176,0,1,0,0,35.1314693595054,57.4466230418413,15.8782031175095,36.0644327590032,42.8179636173838,50.1543181756102,21.7691443550243,28.1197416585493,22.3151536823359,20.1862296414937,7.33635455822643,6.35059730352499,0,1,0,0,91.3004960692402,330.547749477125,20.2466194017159,36.611285190496,78.1747125277904,291.186366243076,8.14491888960065,0.0272094576174302,93.8158144518551,367.899000473272,21.8840268085895,39.2535596366973,80.6250773139721,328.022350632521,8.67116825075587,0.206289818190934,93.3000638019943,259.261035538713,20.8898896262719,52.1711270413563,78.4931677507065,210.362365803087,3.59744424792434,0,86.4136608550861,156.998847458461,25.5575778674885,63.3514922329398,66.2821737805849,92.8385383338833,4.55104633713492,0,633.899836273193,18.2907253377845,97.5171344362785,8.58424085130743,638.528716491651,17.6744419032624,100.945823884226,16.9708050010541,697.589803821133,18.2256534872232,100.996220311777,6.83304462460997,621.568132273878,20.1862296414937,98.0076294488941,13.0124582705865,20.1501448947168,20.1036791132589,0,"e3-v2.0","0.50|0.95"
470,500,2,1,"L'Ecuyer-CMRG","10407_22690514_1988185907_2141544106_693553435_-380760452_-1313762438","10407_-1821289730_1087364951_1490924448_1079281361_641214143_-200153711",1071108872,636015730,979083838,1491560473,65969341,1929149291,507612458,82.9979999999996,6.06800000000294,4.78399999999965,1.86000000000058,1.85000000000218,460.061999999998,1,NA,"07061f0f18b6","not-a-git-build","951d9a80e7940d4748fa2958a040207b","confirmatory",585.630999999998,41.5149817563856,9.69202031184721,40.8279101077578,2.62289394899353,60.7141281165697,22.4081714402887,1723.49371023303,93.9352577252588,1666.91824376715,6.87957266766689,34.8704903978121,5.63436705765595,0,0.007,0.352,0.912,13.5220193911567,41.8029128170647,10.6761366124178,32.476788342084,44.6558301840117,11.1044759195136,43.6374420486949,3.86213455990827,63.5236600575068,23.6474120512034,1994.14316942329,123.309385447058,1904.2263485532,14.9160833588378,36.6977016824297,6.37217825928241,0,0.024,0.399,0.901,16.2560035118623,48.2355375366921,12.6665222725745,37.9023614983621,44.4627444753114,13.3068450366129,42.975020081786,2.79569301337859,62.8612380905979,22.5809705046738,1976.93564627683,177.072124828428,1846.85235102991,7.81589942505386,34.2275489985449,7.58961894131633,0,0.144,0.467,0.94,21.1930912341361,61.8913266434396,16.9075870154528,52.0666084340673,42.846217821178,13.6555279927625,41.4748891966417,3.37271789185936,61.3611072054536,23.1579953831545,1835.79838157983,186.473444761119,1720.1664338737,11.3752259780682,32.6506005675945,7.79787283063453,0,0.221,0.462,0.925,20.4293215066834,63.6049984915593,17.5424637997677,53.372329269496,49.6796510478485,71.4805288017549,13.1608432211914,31.6588233277323,57.2684775174557,64.2275773927236,19.3303540265145,25.5433546073947,21.8008777539064,18.4979801065409,6.95909987526787,6.21300058088026,0,1,0,1,53.7024023379227,73.3968234400683,12.317910751064,34.1637462014323,60.3597912689225,66.7481213830391,20.3232872718812,27.1030855686784,19.6944211021456,21.8458354503683,6.38833011411661,6.77979829679727,0,1,0,0,51.6300404305485,74.1155492625296,12.1818257773886,32.7923745162696,59.1014114823698,66.6250077610794,19.0653750015481,26.1553757031984,22.485508831981,20.610548738881,7.52359627870958,7.09000070165028,0,1,0,1,49.1841630412199,71.7688516684512,12.8539855885679,32.9922160675436,57.9770756578116,65.0380782495993,19.8391562367872,26.6956731659031,22.5846886272313,20.1382304789757,7.06100259178766,6.85651692911592,0,1,0,0,149.273989480143,859.7666784582,25.6413728631187,42.3112763433988,135.751970088987,817.963765641135,14.9652362507009,9.83448800131476,157.88959931651,845.490443149237,28.6512770995332,51.2223439222037,141.633595804647,797.254905612545,15.9847548269587,13.3199824238416,149.96352782942,630.41080522216,34.176513479169,60.8097605772501,128.770436595284,568.519478578721,17.2689264637163,8.74315214318285,144.907634777559,567.802189788176,34.8918596336205,64.8708152701152,124.478313270875,504.197191296617,17.3493958338527,11.4984860006192,1213.53819931537,18.4979801065409,156.488137909843,6.21300058088026,1372.34179426658,21.8458354503683,168.282623154559,8.93183741914118,1292.23840570145,20.610548738881,164.384370172941,7.09000070165028,1194.50248992355,20.1382304789757,159.424433187787,7.07203191108401,19.8862180088119,19.7852774912952,0,"e3-v2.0","0.50|0.95"
473,500,2,1,"L'Ecuyer-CMRG","10407_-1580820727_-1987198916_-1395606709_-837093776_-1893933786_-809270772","10407_-1259512606_374537697_1859472965_1672812345_-880599692_1526205211",507612458,1589740218,1747776769,532759443,1354408257,1771060802,330996132,80.114999999998,5.98099999999977,6.90599999999904,2.21000000000276,2.02200000000084,459.271000000001,1,NA,"07061f0f18b6","not-a-git-build","951d9a80e7940d4748fa2958a040207b","confirmatory",583.485000000001,28.4883585777321,10.8045220050838,27.6245221866407,-7.19583336919441,47.5216918923565,12.8823445526011,811.586574453445,116.73769575834,763.114226040203,51.7800178772117,22.0416514877471,6.26910371601533,0,0.151,0.41,0.861,12.9922971356348,39.6791774316415,11.2446635240903,34.0295734876969,29.8154511128208,11.8532871809653,28.8825737931532,-6.96466905359659,48.779743498869,13.1135088681989,888.961125061006,140.500416994435,834.203068916939,48.506615026126,23.0727271303876,6.91225655872893,0,0.137,0.429,0.853,13.3489464565487,41.1966465308329,13.0549991345893,37.9758441921856,30.114151242513,12.0290347659931,29.2394296960865,-6.94024249391867,49.1365994018023,13.1379354278769,906.862105056949,144.697677401472,854.944248952387,48.1669658743944,21.3330074619662,6.95244799989972,0,0.496,0.496,0.963,18.8963765779656,58.9837970382306,16.5411715073944,51.7025939460617,29.7845738279886,11.0587925246188,28.6508254931765,-6.12814470052715,48.5479951988923,13.9500332212684,887.120838114906,122.296892102565,820.86980144045,37.554157470599,22.0403732300224,6.35080971473225,0,0.28,0.427,0.93,14.8242345068915,48.8468423026382,13.0905783302017,43.9201474789384,36.161614070889,59.268290345285,3.02479354179486,23.0968700056754,43.421549794705,51.7898073375446,9.07731205342909,16.2475747891335,23.1066762743959,20.0720764638805,8.36825754283959,7.17026273570442,0,1,0,0,38.5595713959839,58.7605110887878,1.97131718512351,23.3436776031013,45.3236014500181,52.3681535187246,9.85732014895502,16.7615470375219,20.2009396928039,21.3723604179778,7.04455206870652,6.90422688856692,0,1,0,0,38.9673437517033,60.4247393974407,3.04845716124044,22.7914936395815,45.1041675903185,52.8692667494542,9.72350346468917,16.5136835724458,21.4573956457374,19.743036478341,7.76509915913572,6.79018010775667,0,1,0,0,36.8723566010698,61.7597590134435,3.60352643481235,23.413531107552,44.2174580773648,52.6876413922253,10.8425650075785,17.1344430511527,24.8874024123737,19.8100046727397,8.47018331486048,6.29187804357423,0,1,0,0,97.3948259270718,369.537780398304,28.4351187436322,54.0489900050844,84.402528791437,329.858602966663,17.1904552195419,20.0194165173875,102.204622455154,386.349014681839,31.039273556504,60.846663157398,88.855675998605,345.152368151006,17.9842744219147,22.8708189652123,97.6954817220916,190.9403638646,31.2255858661553,55.3258890647163,78.799105144126,131.956566826369,14.6844143587609,3.62329511865463,98.7785416047587,308.645526989096,28.5757351541601,52.2456996573031,83.9543070978672,259.798684686458,15.4851568239584,8.32555217836473,673.684450881325,20.0720764638805,102.465777898796,22.4926752663525,766.697007303528,21.3723604179778,108.750279045916,20.1707504256613,784.264357485236,19.743036478341,108.593090697546,21.0481575051554,703.894878226532,19.8100046727397,105.751336801456,18.0668175261455,19.8971697057158,20.0781779217955,0,"e3-v2.0","0.50|0.95"
472,500,2,1,"L'Ecuyer-CMRG","10407_249523795_2067456403_663811605_1964900063_680655578_-136467042","10407_1360444122_415774465_-1983986649_-2059428501_307214947_-940196029",65969341,1929149291,507612458,1589740218,1747776769,532759443,1354408257,82.5069999999978,5.20899999999892,5.26299999999901,1.90300000000207,1.88500000000204,462.074000000001,1,NA,"07061f0f18b6","not-a-git-build","951d9a80e7940d4748fa2958a040207b","confirmatory",584.526999999998,38.830262856211,11.1131837416207,37.7969875688311,5.63652768421252,57.8644183497349,25.5753541376761,1507.78931348244,123.502852875024,1428.61226927837,31.7704443348941,33.0211528363787,6.59635956445177,0,0.005,0.323,0.83,10.6128641919833,33.5392097251331,10.3409333424887,32.0834858676641,39.5574237910779,12.3705541013116,38.3936319568277,7.06961365736843,58.4610627377316,27.0084401108321,1564.78977698694,153.030608773476,1474.07097483634,49.9794372644503,32.8746429269887,7.3307112324629,0,0.019,0.338,0.791,12.7637331208526,38.7091929578143,11.6013823666167,34.9103027994485,40.6882622095241,14.6390643643355,39.3884951315411,7.07985898791472,59.4559259124449,27.0186854413783,1655.53468163099,214.302205463158,1551.45354872744,50.1244032887568,32.7433114913472,8.25725877219844,0,0.066,0.392,0.935,14.8497312816475,47.2519865316841,17.4486539802767,54.5886273703632,39.7105725183923,12.2687588704227,38.4398579927022,6.27329207585464,58.507288773606,26.2121185293183,1576.92956973849,150.522444220575,1477.62268249911,39.3541934689806,31.6326064759035,6.97551336158825,0,0.114,0.374,0.958,14.2567790638118,49.178326986573,13.8333187526344,46.6036027576954,48.2227473204268,68.2028349966119,15.7290882290644,35.2631539645035,53.7422835759498,61.4502431175945,22.0181921070145,29.0397190069502,19.9800876761851,19.5340657354391,7.70795954164469,7.02152689993566,0,1,0,0,48.2423715630746,70.1020869460496,18.5164936154107,37.0235324134649,54.6192147827344,62.2940733941334,23.4922237628923,30.2560743890452,21.8597153829751,18.5070387980542,7.67485861139903,6.76385062615292,0,1,0,0,48.6463552387729,69.0419113936639,17.0971160478083,36.7221600003136,55.904491708075,63.4349339090427,23.4353063180721,30.4816566397115,20.395556154891,19.6250439525053,7.53044220096766,7.04635032163937,0,1,0,0,48.0938399433586,68.6245802119033,16.5925217021836,36.288846470449,55.1283605439336,61.9613992948516,23.2461421804305,29.50668417086,20.5307402685447,19.6963247682654,6.83303875091799,6.26054199042958,0,1,0,0,140.816561784768,859.344186586992,29.9951991667887,52.7992706298199,130.203697592785,825.804976861859,19.6542658243,20.7157847621559,140.534364825268,810.721845412043,32.9563440753672,67.9186519528463,127.770631704416,772.012652454229,21.3549617087505,33.0083491533979,142.339039593081,703.934446027864,36.5009575295544,62.9382827241006,127.489308311433,656.68245949618,19.0523035492777,8.3496553537374,139.650897289957,625.685377835317,31.7974558462427,51.370059064122,125.394118226145,576.507050848744,17.9641370936083,4.76645630642662,1146.1927492571,19.5340657354391,142.407370721829,15.3389895141393,1148.8573466698,18.5070387980542,145.881994618721,20.9774398638675,1163.55253446965,19.6250439525053,150.878685909652,21.0322697800734,1141.58710676674,19.6963247682654,147.076757803037,19.4898048982969,20.0674307809038,19.9388264534636,0,"e3-v2.0","0.50|0.95"
475,500,2,1,"L'Ecuyer-CMRG","10407_669719286_1907506445_1608973053_-847202985_-1827182619_-1867308332","10407_-1298610638_1284321647_-234757568_-1540543369_1881660656_1304768656",1354408257,1771060802,330996132,920430727,330201991,1119632972,717706103,81.3009999999995,6.10699999999997,6.60799999999654,2.21900000000096,1.92599999999948,461.129000000001,1,NA,"07061f0f18b6","not-a-git-build","951d9a80e7940d4748fa2958a040207b","confirmatory",588.107,42.4837226727051,6.26243304944004,41.6695000406696,2.49649726154741,61.7494012973332,22.4197306317934,1804.86669213132,39.2180676987189,1736.34723363936,6.23249857691372,35.3641439179793,3.70470558138052,0,0.034,0.656,0.996,14.6641378396466,44.1444299950358,11.5091599952587,34.4971219796396,43.5912173376761,7.19043690859164,42.6399846342024,4.17994133855665,62.719885890866,24.1031747088027,1900.19422898052,51.7023829364369,1818.16828960502,17.4719095937748,35.9701839577978,4.22137508089325,0,0.039,0.618,0.998,15.7005710934333,46.3195558781302,12.9903281791434,37.5214537493114,42.693374577596,9.14451022496158,41.4770997135487,3.36286072183012,61.5570009702123,23.2860940920762,1822.72423282292,83.622067254427,1720.34980064766,11.3088322344278,33.2866398518453,5.22927514253841,0.004,0.197,0.486,1,18.845936365697,58.7464663434696,14.8877208447357,46.2944095112236,42.7072524508543,7.51846092922283,41.9453382318585,3.62396377494413,62.0252394885221,23.5471971451902,1823.909411901,56.5272547442503,1759.41139938501,13.1331134421073,34.0375659184422,4.65153502751324,0,0.15,0.726,1,17.0263968224473,57.1628462919366,17.1979727393516,51.7100678368093,49.2957055458079,73.1845494638189,13.3682384931049,31.1688125950991,58.0884765386755,65.685215773075,19.1058128389493,25.9199712445273,23.888843918011,17.8005741019943,7.59673923439946,6.81415840557798,0,1,0,1,51.2659880613399,73.424210825946,13.9036660738922,34.1245386611487,58.8881797516066,66.8488602727143,20.4633366733973,27.3816755894919,22.1582227646061,20.2208725872565,7.96068052110764,6.9183389160946,0,1,0,0,50.166975614902,72.2664189602329,12.9864731319585,32.7896410531914,58.271671818994,65.2202926994944,20.0087637144996,26.6721267532305,22.0994433453309,19.8031679212329,6.94862088050036,6.66336303873087,0,1,0,0,50.1529378177635,72.5697687436067,13.2380310286923,34.5150023835337,58.5094211669621,65.6502416757153,19.5222603133305,27.1861499648591,22.4168309258432,21.2769713548414,7.14082050875317,7.66388965152856,0,1,0,1,152.513126425807,803.626695459995,16.9903731599915,34.6155384017328,137.848988586161,759.482265464959,5.48121316473277,0.118416422093173,155.23680061,815.942312777208,19.1215585975568,37.6069757322553,139.536229516566,769.622756899078,6.1312304184134,0.0855219829439217,147.591266356872,562.278268076999,23.034197302651,46.2944095112236,128.745329991175,503.531801733529,8.14647645791528,0,151.605975158238,569.766455330359,20.1609113976075,51.7100678368093,134.579578335791,512.603609038423,2.96293865825587,0,1192.52101548378,17.8005741019943,159.631040362447,6.81415840557798,1269.60169495166,20.2208725872565,163.19379450088,9.07875212869981,1225.58241767487,19.8031679212329,159.715703129822,7.00548441574526,1225.33829336984,21.2769713548414,160.858900149947,7.66388965152856,20.0799012566636,19.923233370246,0,"e3-v2.0","0.50|0.95"
474,500,2,1,"L'Ecuyer-CMRG","10407_1901168176_-571710448_408791046_-1592969608_-17678363_1929015588","10407_-1301485075_1755415054_-1565246007_-1900559037_-968447089_1393287541",1747776769,532759443,1354408257,1771060802,330996132,920430727,330201991,83.5329999999994,4.96999999999753,6.40200000000186,1.88500000000204,3.14300000000003,464.175999999999,1,NA,"07061f0f18b6","not-a-git-build","951d9a80e7940d4748fa2958a040207b","confirmatory",590.581999999999,32.041744204548,16.2630490695848,30.1232866910891,13.0333848732023,50.0993660839471,33.175207221048,1026.67337166968,264.486765039723,907.412401073547,169.869121253019,24.1670360903535,10.2839603995274,0.025,0.263,0.254,0.632,14.9973940514193,43.7067163565181,11.217003967308,34.0885269195057,32.7484948673102,17.0191273617301,30.1859281424375,13.3874113220103,50.1620075352955,33.5292336698559,1072.46391607424,289.650696154792,911.1902578204,179.222781904688,23.9326993311558,10.5985812214472,0.046,0.316,0.269,0.664,16.2307261048683,47.1551032324084,12.6224973970056,37.3962921044374,35.2669231299906,18.1973440341089,30.5822053145632,13.2036628055019,50.5582847074212,33.3454851533475,1243.75586705666,331.143329895719,935.2712819021,174.336711481393,23.6154635460389,10.496838546219,0.12,0.486,0.344,0.835,20.177838320522,61.145895688303,17.5123820559802,53.7154710494116,35.1343928234887,18.592057117781,31.5730507733386,13.6229412460581,51.5491301661966,33.7647635939038,1234.42555907521,345.664587870831,996.857535135818,185.584528193552,23.6153207871999,10.8552312007568,0.11,0.551,0.359,0.867,23.6198468925691,70.4479288933015,19.3174807787511,58.8817308720117,41.2240445583367,60.3766611172171,23.8897653612881,41.0746040748043,46.946836001997,53.278018265434,30.4971201654252,35.9261603563804,19.1526165588804,17.1848387135162,6.33118226343699,5.4290401909553,0,0,0,0,39.8217737534474,59.9084224939751,23.4529670195265,42.2563274854687,46.9135570410003,53.8350312697649,30.2182441841918,36.8700216287288,20.0866487405277,18.8033604659422,6.92147422876452,6.65177744453698,0,0,0,0,40.6145291082221,61.681306129354,24.6351682135569,42.6108713514672,47.0472490902872,53.9068763827188,30.2338759613897,36.374919660244,21.066777021132,17.9757031379103,6.85962729243164,6.14104369885427,0,0,0,0,39.9546627299491,62.8769615311182,24.2378043231997,44.4798247795565,47.4362516704926,55.3562615499652,30.5151532571165,36.8408099519851,22.922298801169,20.2420204563568,7.92000987947264,6.32565669486853,0,0,0,0,105.973708662524,450.579211902967,45.8924397454797,136.044142233269,90.9763146111048,406.872495546449,34.6754357781718,101.955615313763,105.405023743154,410.116280286053,47.5600427743992,126.28389265277,89.1742976382855,362.961177053645,34.9375453773936,88.8876005483325,104.272883451718,378.907874331594,47.0799550328393,93.5473232837962,84.0950451311959,317.761978643291,29.5675729768591,39.8318522343846,105.937374748979,278.53677877513,48.9862123724492,90.8777088063514,82.3175278564099,208.088849881828,29.6687315936981,31.9959779343398,869.071223178028,167.102559251213,114.214208699993,46.8502314612733,813.914423164104,151.249147333176,114.671384821334,46.9574647899215,846.604765635695,197.70953776636,115.144306082149,46.5092581530305,822.065632284814,184.081299470519,117.760698990011,47.818980331952,19.976079392858,20.1418223478457,0,"e3-v2.0","0.50|0.95"
477,500,2,1,"L'Ecuyer-CMRG","10407_-542015663_-208098356_656960346_2036717455_1751440383_-758504171","10407_716898851_824340931_1317200665_-2016353711_-1465484062_-2141808801",330201991,1119632972,717706103,1309835876,2030274184,1787481111,562192037,82.0709999999999,6.88999999999942,6.3760000000002,2.21700000000055,2.05500000000029,463.947,1,NA,"07061f0f18b6","not-a-git-build","951d9a80e7940d4748fa2958a040207b","confirmatory",589.688999999998,34.4274420666111,9.14433727609969,33.3506285529575,-0.129210363414387,53.210787266346,20.0528593501801,1185.24876724987,83.6189042190664,1112.26442487735,0.016695318013678,27.7046303213487,5.32876555963518,0,0.095,0.354,0.956,13.1486589309986,39.9129568950021,10.3900186043848,31.8290610679256,35.691367980142,10.129699659938,34.5370593948658,1.05912136742108,54.3972181082543,21.2411910810156,1273.87374829391,102.610815200547,1192.80847164449,1.12173807092789,28.9704093778812,5.83920547492098,0,0.092,0.389,0.932,12.9664832654793,39.0923533658659,11.846968347744,35.17960978092,36.8338490364605,10.4492262231449,35.1631362889515,2.06994909398421,55.02329500234,22.2520188075787,1356.73243484076,109.186328662458,1236.44615367538,4.28468925168605,28.0852115558491,5.97445649576966,0.037,0.295,0.509,0.987,16.8920543263378,55.2224903203233,15.6740040166105,49.1601460254985,36.96697161102,9.9481003695474,35.4828246789947,1.77956555563732,55.3429833923831,21.9616352692318,1366.55699008996,98.9647009625892,1259.03084720027,3.16685356681075,27.7344860909734,5.74031214234214,0.025,0.342,0.482,0.977,18.8869498274361,57.7370740795,14.3795539484014,45.3578436960198,41.3261851264192,64.6844645318895,10.2917989212784,29.0238404953941,48.7669227512104,57.6638483348185,16.4189193552019,23.5846963492178,23.3582794054704,18.7320415741156,8.89692558360819,7.16577699401583,0,1,0,1,43.0522581340614,65.0653606048401,11.1213974051321,32.6406105150725,50.5000888017572,58.3491146930807,17.8599795195104,24.6226041023581,22.0131024707787,21.5192131099404,7.84902589132347,6.76262458284771,0,1,0,1,42.8334514576276,65.9280674554311,11.7293632654668,33.1270462991921,50.8388910211366,59.0248034822634,18.8092731097079,25.5593376188312,23.0946159978034,21.3976830337253,8.18591246112683,6.7500645091233,0,1,0,1,43.2539589784433,68.1130376158995,12.4305941567611,32.4987741706714,50.8603517047968,59.7393652216207,18.3213957980703,25.5643687822002,24.8590786374563,20.0681800139103,8.87901351682395,7.24297298412992,0,1,0,1,120.558892778758,563.691396417338,24.3324051981083,34.7472053785416,107.410233847759,523.778439522336,13.9423865937235,2.91814431061607,126.324925722906,622.581272300347,26.4787476322083,42.0205928896372,113.358442457426,583.488918934481,14.6317792844643,6.8409831087172,125.540097225252,455.085797740371,26.5593924796319,50.4167958647011,108.648042898914,399.863307420047,10.8853884630215,1.25664983920266,124.424402746907,416.684575307909,25.6177275770049,47.6012846679983,105.537452919471,358.947501228409,11.2381736286035,2.24344097197852,881.999335926697,18.7320415741156,124.523981734896,7.16577699401583,949.697079297695,21.5192131099404,130.408746244798,6.76262458284771,942.026325767369,21.3976830337253,132.100841692119,6.7500645091233,960.611089239646,20.0681800139103,132.879785482457,7.24297298412992,19.8601587133885,20.1820697135945,0,"e3-v2.0","0.50|0.95"
476,500,2,1,"L'Ecuyer-CMRG","10407_691195671_736414946_293063862_804887432_1407300354_1800138191","10407_-606847674_1433498394_-1072162929_51158752_117329098_-865275164",330996132,920430727,330201991,1119632972,717706103,1309835876,2030274184,82.1569999999992,6.16600000000108,4.95599999999831,1.97999999999956,1.89099999999962,466.659,1,NA,"07061f0f18b6","not-a-git-build","951d9a80e7940d4748fa2958a040207b","confirmatory",588.843000000001,35.887264243526,9.20274542704641,35.112369718163,-3.54652632329669,55.3572590183252,16.7808257535582,1287.89573488466,84.6905233950236,1232.87850722497,12.5778489618363,29.7136267313077,5.37710806580499,0,0.012,0.32,0.893,12.6561085182768,37.4500304196165,9.3203161984474,28.9256087281372,35.8489383619545,9.25234031516353,34.8240573356414,-2.89980918404168,55.0689466358036,17.4275428928132,1285.14638167921,85.6058013076004,1212.71496931604,8.40889330385247,28.6175207081224,5.32258656574015,0,0.03,0.37,0.954,14.483310006939,43.4788106144968,11.0052790967942,33.6218423603241,35.7299922421942,9.65915708070846,34.6614856333808,-1.9705398593233,54.906374933543,18.3568122175316,1276.63234562726,93.2993155098005,1201.41858631306,3.88302733718187,27.080191420247,5.55570289480897,0,0.184,0.398,0.984,16.6941342292071,54.9396591016554,12.4136895727621,40.7304537813771,36.0848817014265,11.1800138501224,35.0317254527238,-3.48398898655706,55.276614752886,16.8433630902978,1302.11868740595,124.99270968893,1227.22178819502,12.1381792584509,27.4095481259062,6.37584147649525,0,0.231,0.446,0.974,16.98458826206,55.2901968243907,14.8843410470507,48.7711699994617,44.9618372698171,65.0722842146529,7.8837545922344,27.2628760667481,52.0594798158356,58.6636460392235,13.6708345181679,19.6346105782772,20.1104469448358,19.3791214745137,6.60416622338791,5.96377606010928,0,1,0,0,45.7587004357926,65.0732042743939,7.85115837315671,27.0695513506454,51.7792653482362,58.1753869773535,13.9572008951902,20.8506826061084,19.3145038386013,19.2183929774887,6.39612162911735,6.89348171091821,0,1,0,1,44.2696792461742,64.8359696387145,8.01437785175599,28.4323131604134,51.7313795634235,57.9739408228123,14.8248238002698,21.8544168838732,20.5662903925402,20.4179353086574,6.24256125938879,7.02959308360341,0,1,0,1,44.8912410230712,65.6406694004027,6.46469014951596,28.0159424849909,51.9760768006693,59.0347043001829,13.4385214995065,20.2130042830101,20.7494283773315,21.551252335475,7.05862749951361,6.77448278350356,0,1,0,0,127.933056896149,681.503175647901,24.564735343217,38.3731123854973,115.276948377873,644.053145228284,15.2444191447696,9.44750365736009,124.454102502261,588.300685379057,24.1359397187797,36.645837831294,109.970792495322,544.82187476456,13.1306606219856,3.02399547096989,121.711806319831,396.375458720842,24.9937607022678,41.5304080761661,105.017672090624,341.435799619187,12.5800711295057,0.799954294789012,123.337290226796,393.617801885502,28.8081851028251,50.8351339493206,106.352701964736,338.327605061111,13.9238440557743,2.06396394985895,1008.78836573103,19.3791214745137,133.862528286082,8.73474205441991,1039.86694926382,19.2183929774887,132.533625821413,6.89348171091821,981.557888233021,20.4179353086574,132.188522312434,7.02959308360341,1006.60349729369,21.5512523354749,133.983377501542,7.2318739588827,20.2448893001622,20.3273520768548,0,"e3-v2.0","0.50|0.95"
479,500,2,1,"L'Ecuyer-CMRG","10407_1934862358_184832264_395349802_-1780360958_-586249032_-1579199061","10407_-1000632333_-830219133_370370558_-547901775_795530051_-1364518263",2030274184,1787481111,562192037,900415534,1430577339,77148167,985690636,80.3790000000008,5.875,6.30299999999988,2.21600000000035,2.30600000000049,457.462,1,NA,"07061f0f18b6","not-a-git-build","951d9a80e7940d4748fa2958a040207b","confirmatory",581.708999999999,36.3453037991319,8.55570828681898,35.5690923493256,-3.2244831391431,55.3615302072569,16.66385380541,1320.98110825119,73.200144289143,1265.16033055485,10.3972915146182,30.1188471278508,4.88769225896039,0,0.006,0.52,0.973,12.8794410030604,37.5569689823272,12.7680501551731,38.2965942768794,38.8872396972894,8.24009496575421,38.1337303698457,-3.24165515693543,57.926168227777,16.6466817876177,1512.21741127444,67.8991650446479,1454.18139192009,10.508328156486,32.7360141907338,4.78252910367827,0,0.004,0.615,0.983,12.4528262623234,37.7328208627858,14.2057723287488,41.8812744559387,35.8352961055401,14.2075497114326,34.9343499375275,-3.36357176156151,54.7267877954588,16.5247651829916,1284.16844697174,201.854468802827,1220.40880555763,11.313614995174,28.5885258458075,7.93616200434148,0,0.109,0.559,0.987,12.9510794626578,46.4141030005883,23.095113885359,65.7725850262812,36.9384797648891,10.1255865741404,36.0052656935937,-3.07001513462709,55.797703551525,16.818321809926,1364.45128734112,102.527503470413,1296.37915766628,9.42499292683942,28.1697099530252,5.86653145287893,0,0.244,0.725,0.998,17.512904732917,57.0836748426646,20.5154490280325,60.5781291012048,44.9543886747205,67.125813526833,6.58554041003568,26.5454395669406,51.4762150819063,59.1145756890699,13.3954159581263,19.8378593504104,22.1714248521125,19.9598991569049,7.6383606071636,6.44244339228412,0,1,0,0,48.561640236983,68.778882596917,7.7907701869389,26.8367461646901,54.408359141514,61.4007415581815,12.9576641918605,19.837868329705,20.217242359934,19.0459759777512,6.99238241666748,6.88020413784446,0,1,0,0,44.6114254058446,64.790531329935,6.53402159165833,26.2446719845448,51.0729164709945,58.177966043629,12.956787226434,19.7258841918131,20.1791059240904,19.7106503928865,7.10504957263448,6.76909696537911,0,1,0,0,44.860491889881,66.120973286036,5.55628231187805,27.8571981592209,51.4503810004309,59.6371724207644,13.3286929333696,19.9062393910493,21.260481396155,22.3009158473428,8.18679142033356,6.57754645767966,0,1,0,1,129.495536557803,698.335878835996,21.9240911271746,40.1612880209514,116.616095554743,660.778909853668,9.15604097200154,1.86469374407203,140.155914409796,793.362092487411,21.3436449398832,42.9703626726019,127.703088147472,755.629271624626,7.13787261113437,1.08908821666313,127.384575752763,516.417480834524,34.7171520253849,67.3818033592797,114.433496290106,470.003377833935,11.6220381400259,1.60921833299848,126.73655076592,426.194825111526,25.6733844480369,60.6154941099321,109.223646033003,369.111150268862,5.15793542000444,0.0373650087272545,1028.64945752368,19.9598991569049,134.373469503064,6.64435376885481,1170.985337522,19.0459759777512,145.456067550998,7.08207859723686,1012.93860784062,19.7106503928865,132.226964024888,7.41890797633899,1023.98264267414,22.3009158473428,134.818563990332,6.57754645767966,19.7924378579313,19.8883369445531,0,"e3-v2.0","0.50|0.95"
478,500,2,1,"L'Ecuyer-CMRG","10407_-1031579403_-255172062_-531215908_116430456_704235643_-309777739","10407_-955368321_2081667638_-1081007471_144034767_1943401866_1805560228",717706103,1309835876,2030274184,1787481111,562192037,900415534,1430577339,82.4150000000009,5.22600000000239,4.90799999999945,1.88600000000224,2.22099999999773,454.220000000001,1,NA,"07061f0f18b6","not-a-git-build","951d9a80e7940d4748fa2958a040207b","confirmatory",578.043999999998,39.1998807657402,5.74218647666797,38.4825616005249,-2.70936790262815,58.4626588231698,17.448212485138,1536.63065204825,32.9727055328286,1480.90754733819,7.34067443179167,33.2023143134794,3.42639277004899,0,0.002,0.72,0.996,11.8129089188939,37.1236708211917,11.7873033173517,34.6484016697713,40.0163901398879,6.47203636691802,38.9865741300906,-2.82400057635481,58.9666713527355,17.3335798114114,1601.31147982771,41.8872547347094,1519.95296240105,7.97497925525227,33.1649492541871,3.8546225709336,0,0.024,0.723,0.998,13.3748228077249,40.6108142096717,13.7087396895665,39.881940698039,39.5609286826918,8.16199307162746,38.5695434596662,-2.56776882546527,58.5496406823111,17.5898115623009,1565.06707823703,66.6181309012947,1487.60968268708,6.5934367410313,31.2728769066028,5.05237931515458,0,0.096,0.79,1,16.1293815099983,52.4319780804926,19.4199117061991,58.7060430515832,40.7583469253754,7.84483689547573,39.6118267661729,-1.02153261219541,59.5919239888178,19.1360477755708,1661.24284408925,61.5414659166173,1569.09681975329,1.04352887777879,32.1942155847688,4.61931717829954,0,0.119,0.826,1,16.5658525562962,53.698822081928,18.247058788891,52.3468977797323,48.0439482282552,68.8689130911636,8.89293732819376,25.9607028813785,54.6518439960666,62.3595547821987,14.156340990206,20.4216500443446,20.8249648629084,17.0677655531847,7.7077107861321,6.26530905413864,0,1,0,1,48.0302191883492,69.3833490977464,7.14639245841488,27.6964606047832,55.5087900885108,62.6803990066278,13.7918121270164,21.1556975528686,21.3531299093972,20.5500681463683,7.17160891811696,7.36388542585214,0,1,0,1,47.7743057352444,70.2925244566269,8.0920143103477,27.4272771725863,54.5023598501865,62.4915662472608,14.0428861603474,20.5416898716337,22.5182187213825,19.3352628622386,7.98920639707433,6.4988037112863,0,1,0,1,50.1404820637961,69.9059104271224,10.0893809170044,28.0775038094513,55.633003878582,63.5120390432942,15.9975683622868,22.2912765568623,19.7654283633263,17.9881228924469,7.87903516471222,6.2937081945755,0,1,0,1,142.436610559745,830.13603526059,15.474844939737,34.7544495476977,130.623701640851,793.012364439398,3.68754162238524,0.106047877926398,142.366281921735,800.313642375602,17.47076636268,39.9910906771575,128.99145911401,759.70282816593,3.7620266731135,0.109149979118456,137.18955923706,607.082743303541,22.2348424926765,58.7060430515832,121.060177727062,554.650765223049,2.81493078647739,0,141.888067475429,624.138891410816,20.835389191769,52.3468977797323,125.322214919132,570.440069328888,2.58833040287802,0,1143.37900508732,17.0677655531847,146.394697879819,6.26530905413864,1143.35800853757,20.5500681463683,149.286380381581,7.36388542585214,1134.28655922536,19.3352628622386,146.078256907241,6.4988037112863,1226.18082200937,17.9881228924469,150.490661788461,6.2937081945755,19.9800972226449,20.1575803877662,0,"e3-v2.0","0.50|0.95"
481,500,2,1,"L'Ecuyer-CMRG","10407_-1497184151_-462584733_-1091516458_-630301505_-2070656037_-287635751","10407_-999387152_-1557193328_-1414794791_1278311252_1901518645_-371595398",1430577339,77148167,985690636,1971781513,1628401784,852974558,731599521,80.4510000000009,5.73600000000079,6.06299999999828,2.27400000000125,1.87199999999939,463.069,1,NA,"07061f0f18b6","not-a-git-build","951d9a80e7940d4748fa2958a040207b","confirmatory",587.735000000001,29.8043605569544,8.6816781764725,28.7409307082176,-0.0680073661932639,48.9822364676297,20.216606418626,888.299908208938,75.3715359598389,826.041097974565,0.00462500185654469,23.2274473757587,4.96419290007263,0,0.142,0.46,0.954,12.7483680235591,39.1699141340508,11.5527754765944,34.7651910618435,31.6250605064026,8.98555024460344,30.6925157697852,2.79103060436053,50.9338215291974,23.0756443891798,1000.14445203363,80.740113198293,942.030524278515,7.7898518344771,24.8535296613513,5.09956907520276,0,0.088,0.503,0.98,13.4746617318721,41.4460072529283,12.7985560682996,38.2327621747974,29.8712000358477,12.9188521731653,28.6842744333592,1.44685857654863,48.9255801927713,21.7314723613679,892.288591581626,166.896741472099,822.787599768264,2.09339974053232,21.5073528310458,7.42925909538044,0.002,0.418,0.462,0.974,16.2883605587277,54.5159586243688,18.0758819778717,55.0681293334519,30.7695451296425,12.6593669622576,29.576876661616,1.44543645776239,49.8181824210282,21.7300502425817,946.764907485105,160.2595718851,874.791633056447,2.0892865534287,21.4686255464644,7.2719444114378,0.01,0.592,0.514,0.979,19.0981746036444,63.8239965823199,18.5552384808651,56.8695139922258,37.4165813150439,61.0861151383448,11.5521958905737,28.8673422718619,44.5950489757258,53.0888440388817,16.9923018657865,23.6373083939677,23.6695338233009,17.3151463812882,8.49379506315595,6.6450065281812,0,1,0,1,41.4046395775606,62.5142547885685,14.2498011049441,32.9302499553032,46.712649628,55.1939722047152,19.7520601569575,25.8342746615346,21.1096152110078,18.6804488503591,8.48132257671512,6.08221450457704,0,1,0,1,37.2154135020479,60.0470727019461,12.1375807733163,30.6694496284315,45.1365416914227,52.6733195693095,18.1139584134013,25.4680532332127,22.8316591998982,18.5318688551152,7.53677787788683,7.35409481981137,0,1,0,1,38.8651389186636,61.1656300311695,11.4062318930975,31.4472702843604,45.7072692997012,53.6168597072929,18.6268939002405,25.0583579434813,22.3004911125059,20.0410383912628,7.90959040759166,6.43146404324082,0,1,0,1,102.449422839437,428.256858139419,22.4192258151767,38.7178999342228,89.7010548158783,389.086944005368,10.8664503385824,3.95270887237933,108.721940605336,488.655491210138,23.0394050340041,39.33790575604,95.2472788734634,447.209483957209,10.2408489657044,1.10514358124258,97.8682500059669,253.97512033197,33.5457951500742,57.697701458503,81.5798894472393,199.459161707601,15.4699131722026,2.62957212505117,99.5798807910848,183.291390173588,32.6916073656923,58.7164836791153,80.4817061874404,119.467393591268,14.1363688848272,1.84696968688948,710.680556048571,17.3151463812882,105.908767928411,6.6450065281812,867.642967936946,18.6804488503591,114.366698051067,6.08221450457704,701.795968905327,18.5318688551152,107.117721605929,7.35409481981137,767.253817482562,20.0410383912628,109.773444568748,6.43146404324082,20.2413057594121,20.2846137848193,0,"e3-v2.0","0.50|0.95"
480,500,2,1,"L'Ecuyer-CMRG","10407_1846631762_-884643519_1426512408_1200435472_186056689_-2095776031","10407_-1179595509_-1598160332_-2020866791_1595112896_1189308117_1073661400",562192037,900415534,1430577339,77148167,985690636,1971781513,1628401784,81.4220000000023,4.82099999999991,6.25400000000081,1.89700000000084,1.82600000000093,462.615000000002,1,NA,"07061f0f18b6","not-a-git-build","951d9a80e7940d4748fa2958a040207b","confirmatory",585.419999999998,34.2771589271981,9.1604844160556,33.1757040391818,3.68248731230009,52.9510326539141,23.4204958599712,1174.9236241204,83.9144747367975,1100.62733849538,13.5607128052512,27.6176226218922,5.23730458082925,0,0.082,0.382,0.959,12.6664613376385,39.1412397548658,10.4506921250139,33.3040606289565,34.1848335444475,9.11237334601848,32.5953715374158,3.3171993180641,52.3707001521482,23.0552078657352,1168.60284446158,83.035347997228,1062.45824566218,11.0038113157649,26.2526965548469,5.20193854238319,0.004,0.163,0.431,0.969,15.280760566722,45.2085056936177,11.8980943883761,35.740073565614,35.7932960131909,9.32644468306236,34.2818557465141,4.26184233229494,54.0571843612464,23.999850879966,1281.16003948791,86.9825704262221,1175.2456334248,18.1633000653412,27.0906429908346,5.41005293447954,0.002,0.224,0.59,0.998,16.8864965128743,51.9081353807127,16.6339498840748,50.7900511120577,37.3178210737007,9.66080000717781,34.524186179828,3.96000955495327,54.2995147945604,23.6980181026244,1392.61976968874,93.3310567786868,1191.91943137943,15.6816756753212,26.0232884445851,5.58335198667481,0.008,0.455,0.642,0.99,21.416877548505,63.4345232067353,17.7091943870474,51.0593402635846,43.1470756040145,62.5897171616586,14.1102769997658,32.6702619165063,49.4834728549409,56.5729786477601,20.4508096134022,26.6396015226965,19.4426415576441,18.5599849167405,7.0895057928192,6.18879190929431,0,1,0,0,42.6870479718337,63.4831899699823,13.2392190443487,33.6616721281356,48.7667575799401,55.5467188165969,19.6087418634255,26.3216300344775,20.7961419981486,20.422453083787,6.77996123665673,6.71288817105209,0,1,0,1,44.3321407639983,64.3745465808584,14.8186652829713,34.2945930619914,50.7136128562967,57.6538943645576,20.3565896532342,27.3930781690536,20.0424058168601,19.47592777902,6.94028150826095,7.03648851581944,0,1,0,0,42.3644673842017,66.4676095938996,13.2222897793939,33.3899087152509,50.2154059530017,58.0952011604126,20.050813624529,27.0880018063663,24.1031422096979,20.167618935857,7.8797952074109,7.03718818183738,0,1,0,0,120.419641443428,577.608088335502,24.0117748208241,36.7581951437355,107.753180105789,538.466848580636,13.5610826958103,3.45413451477903,115.062337750236,481.804083068974,23.6164194799232,38.2578694281601,99.7815771835141,436.595577375357,11.7183250915471,2.51779586254615,120.23564900306,444.016677048332,24.072036175212,50.8405104818014,103.349152490185,392.108541667619,7.43808629113722,0.0504593697437123,116.246276952266,338.370310226901,25.0242777454444,52.2736860850905,94.829399403761,274.935787020165,7.31508335839695,1.21434582150594,954.312521128932,18.5599849167405,125.922082753654,9.03999617221881,937.264916282203,20.422453083787,122.745677097488,6.71288817105209,1002.3148917875,19.47592777902,130.693418474518,9.51081293807174,927.668692988471,20.167618935857,129.640104560489,8.28840848926889,19.7753286147323,19.7380085476711,0,"e3-v2.0","0.50|0.95"
483,500,2,1,"L'Ecuyer-CMRG","10407_-1851200136_-1306692354_1526678577_-497719847_-1849135208_1843023421","10407_1614496316_545918621_-1913228459_762398334_1689571247_762957465",1628401784,852974558,731599521,722708070,982999075,746335240,1469500759,80.8120000000017,6.54299999999785,6.33100000000195,2.21900000000096,1.89300000000003,462.902000000002,1,NA,"07061f0f18b6","not-a-git-build","951d9a80e7940d4748fa2958a040207b","confirmatory",585.466,36.7741788049454,8.75993647772433,36.0149130205948,4.91792445765201,56.014220508769,24.8813934393892,1352.34022677809,76.7364870937653,1297.07395988101,24.1859809711719,30.8229117616523,4.97361039812882,0,0.013,0.508,0.944,11.4854772608989,36.6026768725441,11.5337550707162,35.4065239537198,37.7217110785572,8.997526553126,37.0050308157137,5.54160993472617,57.0043383038879,25.5050789164633,1422.92748669415,80.9554840742074,1369.37230567192,30.7094406686558,31.1146549241206,5.14484342845991,0,0.02,0.562,0.947,13.7884402211619,41.0220348299172,13.1912252481939,39.0383242783691,38.670820160722,10.5201223622034,37.5826817723588,4.83338111944077,57.5819892605329,24.7968501011779,1495.43233190291,110.672974515732,1412.45796920239,23.3615730457665,29.536539260911,6.2182295904947,0,0.149,0.596,0.983,19.2778358469162,56.6427288015822,18.7581728906208,55.2722707958812,38.4834028810471,9.70967486652233,37.5072984520634,5.81657798744559,57.5066059402375,25.7800469691828,1480.97229730498,94.2777860135755,1406.79743717215,33.8325794840366,29.5935033686928,5.64761342793249,0,0.152,0.581,0.98,17.9786641453058,56.5870563843539,16.1525773355614,49.1322167046229,47.1579713451184,66.1694188873165,15.4980438151011,35.0805392710947,52.5648260259569,59.2805936410306,21.6730234464908,28.022351719168,19.0114475421981,19.5824954559936,6.71576761507375,6.34932827267715,0,1,0,0,46.46733611885,67.5402094071203,16.5941546208716,35.6226998877408,53.4948215895133,60.4693487369177,22.1246823780821,28.4305612406322,21.0728732882703,19.0285452668692,6.97452714740434,6.30587886255014,0,1,0,0,47.0698556076378,67.5468858960161,15.4623494435432,34.2998211266555,53.9716874600959,61.7063089618279,21.3907046757361,28.3141533689701,20.4770302883784,18.8374716831123,7.73462150173201,6.92344869323405,0,1,0,0,46.646459265769,69.3271914071379,15.6607292767005,34.5197328640376,53.7486031774304,61.4563504852329,22.461433919294,29.0603885926896,22.6807321413688,18.8590035873371,7.70774730780246,6.59895467339566,0,1,0,0,133.003263560592,723.744501853996,22.6663555707557,41.0956395555077,121.517786299693,687.141824981451,11.1326005000395,5.68911560178783,134.720644115382,673.153305240007,23.0390069678107,45.0874876307921,120.93220389422,632.13127041009,9.84778171961679,6.04916335242299,130.913425372221,464.72315120376,27.4750025069853,56.3413292132134,111.635589525305,408.080422402178,8.71682961636452,1.06905841733223,131.811821893274,477.652225700369,25.1999955798564,50.2252084850684,113.833157747968,421.065169316015,9.04741824429503,1.09299178044547,1105.35800181996,19.5824954559936,136.977841766205,13.1875461316918,1079.7940185153,19.0285452668692,140.956583552761,14.9507324479298,1103.29895506692,18.8374716831123,143.624141389419,12.6323914692297,1088.56680324516,18.8590035873371,142.704930064827,16.5908144236229,19.9993074881742,19.9634689817372,0,"e3-v2.0","0.50|0.95"
482,500,2,1,"L'Ecuyer-CMRG","10407_1534453889_-128591028_202633837_-2147393689_1663870002_-1138513634","10407_-134179078_-1687205811_-1141913584_-1664257700_-1219034816_528292665",985690636,1971781513,1628401784,852974558,731599521,722708070,982999075,82.905999999999,6.33599999999933,4.85900000000038,2.7489999999998,1.87099999999919,466.835999999999,1,NA,"07061f0f18b6","not-a-git-build","951d9a80e7940d4748fa2958a040207b","confirmatory",591.094000000001,32.1724713794545,8.72588474187621,31.0876294896131,-1.52887523028784,50.758237614287,18.1956680105217,1035.06791466182,76.141064528508,966.440707283462,2.33745946978769,25.7631214782446,5.05397495410725,0,0.105,0.369,0.918,12.5232001571348,37.4738085835292,9.94790241069918,30.1971895081497,34.5216519913581,8.7144739385191,33.4126625466135,-0.306820508407235,53.0832706712874,19.4177227324023,1191.74445621244,75.9420560251285,1116.40601845387,0.0941388243792739,27.7075607876244,4.99690947835481,0,0.11,0.408,0.979,13.2808803751376,40.0545526974786,11.0460801257996,34.2454260410074,34.4943919116455,8.78050524453094,33.1308547310343,-0.98290652332577,52.8014628557082,18.7416367174838,1189.86307335419,77.0972723492353,1097.6535352089,0.966105233596353,25.8604393998367,5.13372260253267,0.002,0.306,0.577,1,16.5010978193667,53.804531562353,15.3903068873863,48.4944709137029,34.5209781539134,9.08816329187431,33.3119613771073,-1.30239436645725,52.9825695017812,18.4221488743523,1191.69793270297,82.5947120197716,1109.68677078989,1.69623108577958,25.730751481721,5.22567628192775,0,0.325,0.493,0.999,17.2498472500491,55.687505960407,13.8703841477511,43.7109996644179,39.5621233269273,61.3393370800251,7.84902298959163,28.4104280759684,46.7303363900172,54.8510790545703,14.8262227810555,21.6497482378647,21.7772137530978,20.5614050863768,8.12074266455311,6.82352545680922,0,1,0,1,42.5937558029643,63.9701661610979,10.5753782605923,29.2501313345156,49.4491325024805,56.8183701061683,16.2668236397477,22.2547683527243,21.3764103581336,18.6747530739233,7.36923760368779,5.98794471297656,0,1,0,1,41.7534262763837,63.1024918703874,9.02497149033315,28.3896115144963,49.0458986160407,56.3357980347389,15.5080344386028,22.2371085379416,21.3490655940037,19.3646400241632,7.28989941869811,6.72907409933888,0,1,0,1,43.3440666895709,64.9254022603098,8.49414011330654,28.6945961087526,48.8684635848995,56.5750290073197,14.7470450203798,21.9148748571552,21.5813355707389,20.2004559954461,7.70656542242018,7.16782983677536,0,1,0,1,112.61902127948,521.888859327437,22.9027866855214,37.6598758577228,100.095821122345,484.415050743908,12.9548842748223,7.46268634957316,120.985927420063,563.429822620084,22.7021808105502,35.422840905707,107.705047044926,523.375269922605,11.6561006847506,1.17741486469961,116.228904825657,371.208156784608,22.6191268779275,48.4944709137029,99.7278070062898,317.403625222255,7.22881999054115,0,116.388908620466,363.050677537745,23.5473222632224,43.7681212262621,99.1390613704172,307.363171577338,9.67693811547126,0.0571215618441962,817.437821843232,20.5614050863768,116.359655725926,6.82352545680922,938.302317489746,18.6747530739233,126.483335114914,5.98794471297656,904.661791662394,19.3646400241632,124.791061384165,6.72907409933888,968.519678166617,20.2004559954461,124.497987263322,7.16782983677536,19.6706081246739,19.7245432408096,0,"e3-v2.0","0.50|0.95"
485,500,2,1,"L'Ecuyer-CMRG","10407_-1750135245_-1094724903_-41499242_-1332875141_-1534189116_-577863902","10407_289987324_-778226748_1279133359_-122581236_-2042774642_1462408964",982999075,746335240,1469500759,1976923720,1062086681,897065637,1775792788,82.9700000000012,5.89199999999983,6.31500000000233,2.27300000000105,1.99599999999919,464.953999999998,1,NA,"07061f0f18b6","not-a-git-build","951d9a80e7940d4748fa2958a040207b","confirmatory",591.958999999999,34.9350205420688,11.6649909055933,33.9891595861187,-8.06500343596708,54.0074744755668,11.9718954853408,1220.45566027477,136.072012827573,1155.26296937064,65.0442804221608,28.1993601430315,7.01454584047251,0,0.072,0.333,0.757,13.520355768307,40.6743611567873,9.39931223336466,30.2463266674063,38.0613234871468,11.584968952657,36.3829203436779,-7.26261626796556,56.401235233126,12.7742826533423,1448.66434559323,134.211505634026,1323.71689273441,52.745595055718,30.1374613644899,6.831926073937,0.001,0.109,0.382,0.811,15.1480125944839,43.6166915608944,11.4788489447475,34.5032341802003,36.4743153018852,11.9356168377148,34.4226625475218,-7.63719311551217,54.4409774369699,12.3997058057957,1330.37567674134,142.458949296741,1184.91969686056,58.3267186836264,26.5333575225675,6.96270157052716,0.005,0.347,0.389,0.871,19.3579880721468,58.0787235859474,12.6195077839789,40.4628560775574,37.4238824752636,11.3751739259171,36.0819034248469,-7.59888011082936,56.100218314295,12.4380188104785,1400.54697952234,129.394581844865,1301.90375475998,57.742978938758,28.2077127408494,6.61669266692036,0.002,0.249,0.427,0.89,18.4242162170218,56.8872497225598,12.1540621180019,42.790781429435,43.6179404742802,64.2345822914556,4.58460488001646,20.4430429951898,50.1171575170005,57.4896135404973,8.75824964199748,14.9050657023489,20.6166418171754,15.8584381151734,7.37245602349689,6.14681606035144,0,1,0,0,44.9592808805382,66.3452862661279,2.06510683139599,22.412565604217,53.3674710193375,59.7787028995023,9.73075406490232,16.2079243168156,21.3860053855897,20.347458772821,6.41123188016481,6.47717025191324,0,1,0,0,43.5049689745585,65.2539537196667,2.44520884410492,21.2497005206045,50.5741952159511,58.2005304453295,8.88606192258273,16.1547251956425,21.7489847451082,18.8044916764996,7.6263352293784,7.26866327305974,0,1,0,0,44.2312076798532,67.0325132569676,2.72468838988967,22.7726803752923,52.221113830835,60.6147706141871,9.11460894297852,15.4350677193744,22.8013055771144,20.0479919854027,8.39365678335204,6.32045877639585,0,1,0,0,122.718560227722,584.141513907496,32.0821939685749,73.1313728099969,109.198204459415,543.467152750709,22.6828817352103,42.8850461425907,130.686449119117,634.098494375358,30.8489147171695,62.3611201022514,115.538436524633,590.481802814464,19.370065772422,27.8578859220511,118.355117759742,380.445928311462,31.6726148961939,59.4828089397446,98.9971296875951,322.367204725515,19.053107112215,19.0199528621872,126.038918590152,420.80562036803,30.2725793121657,55.2526841797461,107.61470237313,363.91837064547,18.1185171941638,12.4619027503111,964.601665210456,15.8584381151734,127.767826533706,26.6741489361872,1019.02464502919,20.347458772821,139.807856399722,21.7930686698825,961.215148149522,18.8044916764996,129.84985653539,22.7973581757213,991.317017193319,20.0479919854026,137.2048525489,24.7277835841299,20.0183148894481,20.0368989213079,0,"e3-v2.0","0.50|0.95"
484,500,2,1,"L'Ecuyer-CMRG","10407_1108671370_761398046_-892080524_-1105938366_-124591194_1337840285","10407_-43400127_241108014_1346126415_-1851260780_-1493067604_1306531195",731599521,722708070,982999075,746335240,1469500759,1976923720,1062086681,83.2960000000021,4.97399999999834,6.03900000000067,1.88899999999921,3.09000000000015,457.784,1,NA,"07061f0f18b6","not-a-git-build","951d9a80e7940d4748fa2958a040207b","confirmatory",582.525000000001,38.0832530459635,9.12007980480377,37.4056609459488,-2.56676837002007,57.5136576354824,17.5178580062787,1450.33416256289,83.1758556459895,1399.18347080328,6.58829986533549,31.9763064076953,5.26104015890558,0,0.002,0.366,0.956,12.4946028573755,37.8904577587514,10.2848920835171,33.1311858187651,38.9786777713766,9.28726011762469,38.3865917165065,-2.46038973102347,58.4945884060402,17.6242366452753,1519.33732080481,86.2532004924222,1473.53042360977,6.05351762852574,32.5299669331284,5.31084144016152,0,0.001,0.412,0.991,13.2806366352432,40.992424177945,12.1014991157731,36.8733753214711,39.7478516780696,11.6346027790775,39.0183100472953,-2.16791716962112,59.1263067368289,17.9167092066777,1579.89171302182,135.363981826918,1522.42851894686,4.69986485433806,31.5786825051978,6.53736817213624,0,0.105,0.517,0.98,16.8976146114869,52.2759459130929,17.2164210060708,49.763113861678,38.9971154300424,12.0896851553718,38.013348642566,-1.81429608126484,58.1213453320996,18.2703302950339,1520.77501186405,146.160487156018,1445.01467502127,3.29167027049296,29.3347509657324,6.8440053459985,0.001,0.234,0.549,0.992,19.8942846563549,63.2619686049897,18.5224849154507,57.2552316759572,46.0711163157415,66.9961621463149,7.79386713339042,25.9988405653224,54.2190761048249,61.2796239410327,14.4104057596836,20.8198698202087,20.9250458305733,18.2049734319319,7.0605478362078,6.4094640605251,0,1,0,1,47.9919429784751,69.3107840739006,8.07301146775684,26.8791568471106,54.919501370774,61.8167410228357,14.516570670413,21.021844801327,21.3188410954255,18.8061453793538,6.89723965206167,6.50527413091406,0,1,0,1,47.7804113477064,70.13691538812,9.306592796148,27.003277675662,55.2642447309795,63.2337337537584,14.6447728398183,21.2924505000027,22.3565040404136,17.696684879514,7.96948902277892,6.64767766018438,0,1,0,1,46.7574668903634,69.4129556317535,8.64353465972075,27.8485285655771,53.9559566688067,62.4451790401963,15.0224602504265,21.3090581423059,22.6554887413901,19.2049939058563,8.48922237138964,6.28659789187946,0,1,0,1,137.282040864987,767.959218225447,23.8718498932571,35.9617782805568,124.787438007611,730.068760466696,13.5869578097399,2.83059246179168,140.608420414226,756.014086639997,24.1290639351083,37.2648784800267,127.327783778983,715.021662462052,12.0275648193352,0.391503158555597,139.57712823495,569.281655157355,29.6658342122912,51.5605801113403,122.679513623463,517.005709244262,12.4494132062204,1.79746624966233,131.806998723253,409.098398403629,30.5255149247816,57.9622046442118,111.912714066898,345.836429798639,12.0030300093308,0.706972968254641,1059.44983087889,18.2049734319319,143.504865497373,6.4094640605251,1136.67669265308,18.8061453793538,146.143258377023,6.50527413091406,1129.25309036732,17.696684879514,148.594481188562,6.64767766018438,1088.63429677458,19.2049939058563,143.881062288482,6.28659789187946,20.1079966895337,20.0846263762988,0,"e3-v2.0","0.50|0.95"
487,500,2,1,"L'Ecuyer-CMRG","10407_1667853138_-1627715772_1690008336_-717336125_592900920_2047975179","10407_-1245399171_1188063382_1759923615_912535095_1857951398_-1108405454",1062086681,897065637,1775792788,915963876,1953356093,585207068,1056100175,82.3810000000012,5.92400000000271,7.22599999999875,1.97100000000137,1.90400000000227,460.996999999999,1,NA,"07061f0f18b6","not-a-git-build","951d9a80e7940d4748fa2958a040207b","confirmatory",586.638000000003,41.2738095542084,8.65817937144268,40.3855644685517,-2.52947986017273,60.725034185657,17.8560751096702,1703.52735511707,74.9640700280755,1630.99381744355,6.39826836301946,34.7128540262336,5.01214348270415,0,0.012,0.355,0.938,12.8088545185252,40.1131506520532,9.57698430977412,30.9647400715178,44.2901431714334,8.38331371660313,43.1617345071156,-2.23488043095224,63.501204224221,18.1506745388906,1961.61678214607,70.2799488709862,1862.93532566274,4.99469054065328,36.5650876586042,4.77401520292865,0,0.03,0.435,0.997,15.2497688875197,46.0009009422914,11.67077018868,37.2065427752887,43.2416489020957,8.36646812519932,41.9213755913116,-3.17812724433474,62.2608453084169,17.2074277255081,1869.84019977211,69.9977888899763,1757.40173146781,10.1004927811827,33.7519842017655,4.96312782982371,0.001,0.16,0.591,0.997,18.7517212561016,58.2833061759844,14.9411826339581,48.7618191216576,41.6165359122371,7.82704492762216,40.5586762180736,-2.54603911467409,60.8981459351789,17.8395158551688,1731.93606133452,61.2626322990158,1645.00621656253,6.48231517345045,33.0647031012543,4.53616395883754,0,0.098,0.493,1,16.438212638365,53.7089962217888,12.7802497739006,41.5032282015634,50.4108765086278,72.3855818095249,9.0974171745378,26.8845844618094,56.7271131945726,64.7401202259168,14.5855640599443,21.113192391096,21.9747053008971,17.7871672872716,8.01300703134421,6.5276283311517,0,1,0,1,53.7291886485961,73.1269915487974,8.01692909617564,26.7364305657247,60.1257402817875,66.9952613300533,15.235346611253,21.2547055718785,19.3978029002014,18.719501469549,6.86952104826585,6.01935896062554,0,1,0,1,51.5364403784166,72.5887244313772,7.51237703112916,26.9630113252867,58.7903623775759,66.0288433929027,13.5446520708632,20.7045880177468,21.0522840529606,19.4506342941576,7.23848101532683,7.15993594688357,0,1,0,1,49.4346209285315,72.2155757776385,7.06801934043471,28.1180347661554,57.151970549313,64.6874106566363,14.212139385126,21.6102667635278,22.780954849107,21.0500154257207,7.53544010732333,7.39812737840184,0,1,0,1,148.388016065211,880.398891538029,22.9004428307968,35.9304617702264,135.579161546685,840.285740885976,13.3234585210227,4.96572169870856,157.434708435691,852.222001586622,21.852650783362,37.3231925248454,142.184939548171,806.221100644331,10.181880594682,0.116649749556758,149.557822244187,602.796594450863,22.1148025441415,48.8539135911078,130.806100988085,544.513288274878,7.17361991018343,0.0920944694501295,145.68052102811,637.404423465609,20.0728044481347,41.5032282015634,129.242308389745,583.69542724382,7.29255467423412,0,1224.83097696179,17.7871672872716,153.563580941213,6.5276283311517,1354.98656015983,18.719501469549,166.014603306995,6.01935896062554,1268.93111050541,19.4506342941576,161.042051657209,7.15993594688357,1186.58700330615,21.0500154257207,154.785443436154,7.39812737840184,20.3394697171053,20.3855549698429,0,"e3-v2.0","0.50|0.95"
486,500,2,1,"L'Ecuyer-CMRG","10407_2126502757_-772537030_-236701899_-565953963_1920509787_1927860188","10407_-260800586_890725624_-1575631665_-1091984373_-1127772261_-1491312880",1469500759,1976923720,1062086681,897065637,1775792788,915963876,1953356093,83.2999999999993,4.90799999999945,5.22199999999793,1.86800000000221,2.98399999999674,461.354000000003,1,NA,"07061f0f18b6","not-a-git-build","951d9a80e7940d4748fa2958a040207b","confirmatory",586.812999999998,32.2095800491034,8.54235314197882,31.4707590270785,-3.91995050955758,51.231109274284,15.882623280002,1037.4570469396,72.9717972022755,990.408673740445,15.3660119973807,25.8072769721538,4.84828451429015,0,0.082,0.475,0.966,12.8479435839266,39.8441279094986,11.1760626078393,34.486936705642,34.7072855101936,7.93977045869694,34.0592363650408,-2.23200778197677,53.8195866122462,17.5705660075829,1204.59566748609,63.0399549367967,1160.03158176972,4.98185873880486,27.956455625768,4.51062394931926,0,0.044,0.554,0.993,14.3478688727452,42.6939626956483,12.3657386284516,37.4735336077216,33.2127290198231,9.92299099066123,32.3309356573206,-1.541441615059,52.0912859045261,18.2611321745006,1103.0853689442,98.465750200744,1045.28940047781,2.37604225263569,25.4503923978658,5.7404022665124,0,0.241,0.596,0.993,14.6624417832572,50.2287694011144,16.9897112765928,52.6361322811264,32.920313535884,8.11087965290342,32.1511209962985,-2.73258988980909,51.9114712435039,17.0699838997505,1083.74704330091,65.7863687438826,1033.69458131863,7.46704750588684,25.3494096133293,4.72857295996435,0,0.201,0.597,0.997,15.0692696679674,49.1052421620761,13.9293521384297,45.1011723144627,39.5158726347693,62.5042588377277,7.63180213385285,25.456327816165,47.8098077402802,54.8694747546118,12.496456710417,19.2586839289255,22.9883862029585,17.8245256823122,7.05966701433162,6.7622272185085,0,1,0,0,43.5970382836973,64.2635926671502,8.85289037135802,26.2668737574892,50.0851244177954,57.6217447453583,14.641429760872,20.7067167441786,20.6665543834529,17.4139833861312,7.53662032756292,6.06528698330666,0,1,0,1,41.4644766064042,62.7726843917333,9.12155371158324,27.9961488656748,48.4338046405799,55.5489710224816,14.8153755297271,21.5660563028048,21.308207785329,18.8745951540915,7.11516638190174,6.75068077307774,0,1,0,1,40.4570223379473,62.9248047948588,7.61303271736713,26.6096154215613,48.3612149257901,55.8669004658986,13.7657845278762,20.3279780447587,22.4677824569115,18.9965827041942,7.50568554010852,6.56219351688249,0,1,0,1,113.427997112534,488.374656867115,22.0062074724145,37.5678553594216,100.580053528607,448.530528957616,10.8301448645752,3.08091865377961,121.977250642125,539.691453638221,20.3949754971025,38.1144566855707,107.62938176938,496.997490942572,8.02923686865099,0.640923077849113,115.121613592239,349.924832017318,25.3821636542953,53.1875372658596,100.459171808982,299.696062616203,8.39245237770247,0.551404984733259,114.184524741214,369.31102529317,21.3755440446143,45.2757811101054,99.1152550732463,320.205783131093,7.44619190618461,0.174608795642679,813.20928170551,17.8245256823122,119.257496986631,8.9377866610451,974.134075843127,17.4139833861312,128.835717009923,6.06528698330666,889.47326215328,18.8745951540915,121.808983955399,6.75068077307774,850.334666086584,18.9965827041942,121.909144254447,6.56219351688249,19.7603502472054,19.8025737895596,0,"e3-v2.0","0.50|0.95"
489,500,2,1,"L'Ecuyer-CMRG","10407_209807903_-377914187_979129646_-1241828799_564955085_1292189228","10407_-650152668_2015386385_-468743260_1619171560_1491348963_-1413505837",1953356093,585207068,1056100175,567621947,1951435202,1024073506,1170178763,81.9590000000026,6.22100000000137,5.82099999999991,2.15299999999843,1.86899999999878,456.799999999999,1,NA,"07061f0f18b6","not-a-git-build","951d9a80e7940d4748fa2958a040207b","confirmatory",581.465,33.1416529879946,9.81137638426658,31.9922277310103,5.15315582376282,51.7039612776679,24.9602429654466,1098.36916277665,96.263106553744,1023.50263519282,26.5550149439806,26.6459935190322,5.65048484773384,0.005,0.139,0.385,0.899,12.7270724264375,38.0858673250022,10.7164761924107,31.6697145623007,33.7318820898522,10.2164795911488,32.5938274358981,5.33324497637984,52.3055609825557,25.1403321180637,1137.83986932369,104.37645523636,1062.3575869211,28.4435019780808,26.54069783696,5.84370305319731,0.006,0.178,0.436,0.94,14.4965098391767,43.1618238026685,12.7853281751752,38.3305625483941,35.2346385661883,10.6828773395707,32.5930926883697,5.56141396859174,52.3048262350274,25.3685011102756,1241.47975488992,114.123868252313,1062.30969099266,30.9293253300473,26.966895029601,6.08344442424814,0.089,0.246,0.514,0.982,16.1460490168072,50.1103594081321,15.4836700335415,48.515034528253,33.4144011714774,11.4493665381013,31.9249604918698,5.64597211303444,51.6366940385274,25.4530592547183,1116.52220564843,131.087994123794,1019.20310240745,31.8770011011626,25.234603633154,6.54950461469493,0.039,0.347,0.451,0.946,16.2773514185391,51.6912805391356,14.522864090911,44.5195619092488,41.3945737522336,62.6765131575417,16.0562931492554,34.354124065048,48.2596357703679,54.9562166529023,21.7043334398573,27.9809754508814,21.2819394053081,18.2978309157926,6.69658088253435,6.27664201102412,0,1,0,0,41.7586044737616,63.5648300015369,15.2412204972271,35.8715669839916,48.7237180129429,55.5311422204163,21.482251722569,28.5727154910773,21.8062255277753,20.6303464867644,6.80742420747334,7.09046376850825,0,1,0,0,41.6343843780883,61.8520777583086,15.2033170905305,35.5039035617355,48.8321492126629,56.0569011892186,22.0930616719525,28.4795007752432,20.2176933802203,20.3005864712049,7.22475197655567,6.38643910329067,0,1,0,0,40.9506583091563,61.8384309368817,16.9880200523397,37.0438392246416,47.9984494194434,55.2192248026065,21.7615525306499,28.3363004099878,20.8877726277255,20.0558191723019,7.22077538316312,6.57474787933797,0,1,0,0,116.203263936227,562.428433643313,25.5854921341281,44.7769357308346,103.476191509789,524.342566318311,14.8690159417175,13.1072211685338,116.699168831399,488.221387628277,26.5773302439776,45.2323767948258,102.202658992223,445.059563825609,13.7920020688025,6.90181424643171,118.749150566918,496.964155043998,27.191086757349,49.6886588662584,102.60310155011,446.853795635866,11.7074167238075,1.17362433800533,113.377577456205,410.836643832733,29.6460794818599,51.0852561187056,97.1002260376659,359.145363293598,15.1232153909489,6.56569420945675,888.595547628347,18.2978309157927,120.888189777375,13.8656272037178,903.681062611934,20.6303464867644,122.855362072615,13.791122092049,897.123726637446,20.3005864712049,123.706414640577,15.5303372243655,870.444763127671,20.0558191723019,120.367638874306,14.3926094352021,19.7117335466576,19.8070871416838,0,"e3-v2.0","0.50|0.95"
488,500,2,1,"L'Ecuyer-CMRG","10407_-1302645410_-1397998785_-1543939673_535564692_51485428_-843722029","10407_-975014855_-407569714_1523606142_-241876497_-301391245_1722434547",1775792788,915963876,1953356093,585207068,1056100175,567621947,1951435202,82.2259999999987,6.49300000000221,4.87800000000061,2.72399999999834,1.87000000000262,458.748,1,NA,"07061f0f18b6","not-a-git-build","951d9a80e7940d4748fa2958a040207b","confirmatory",583.32,40.6274252445413,8.72798280824423,39.7405203168043,-0.280748496543065,59.5848111891631,19.6347366283618,1650.58768200079,76.1776839010068,1579.30895505033,0.0788197183111916,34.7167275850829,5.08215200337886,0,0.001,0.345,0.929,10.7737750742434,35.9039159835882,9.89298955340752,29.4322415076474,42.9203577650232,8.4298485856691,41.9986891612351,0.38267140726148,61.8429800335939,20.2981565321664,1842.15711067759,71.0623471773072,1763.88989126205,0.146437405935481,35.97770849859,4.8490189164133,0,0.005,0.371,0.978,13.7967420332507,42.2541726424177,10.8146220305494,33.1167508071046,41.5535579919603,8.37488514443019,40.4107595995925,0.0100881897405358,60.2550504719513,19.9255733146454,1726.69818179121,70.1387011823975,1633.02949141605,0.000101771572241052,32.7161309233551,4.96212925468439,0,0.077,0.58,0.996,17.3095201040161,54.7183299660434,15.0511296242882,46.7558027196741,41.6662572170228,9.35823181958945,40.5140321758192,-0.479524023001655,60.358323048178,19.4359611019032,1736.0769904751,87.5765027891764,1641.38680314331,0.229943288635692,32.6919739268726,5.42682654663473,0,0.117,0.476,0.991,16.5384298632923,56.605884808407,14.7553803652168,47.2054158255716,48.3559355835554,69.5906748675978,9.67515029115016,29.8300038301064,56.1333189101644,63.1506269657763,16.0766659376875,22.7637526506297,21.2347392840424,20.1548535389563,7.0173080556119,6.68708671294215,0,1,0,1,51.1279278704364,73.1234000475201,11.1448055952139,29.4198911641546,58.1658300030699,65.4921219318718,16.9283524619503,23.9606238748846,21.9954721770837,18.2750855689407,7.32629192880187,7.03227141293426,0,1,0,1,50.8597961994565,71.1972546742257,9.98407355017994,30.488664166671,56.8771728815192,63.4418112432792,16.5517794276728,22.972225289656,20.3374584747692,20.504590616491,6.56463836176,6.4204458619832,0,1,0,1,49.3014992242793,70.3293462959526,9.85403984699664,28.7759804296243,56.8726737906424,64.0942076085834,16.3173441065495,22.6050180517877,21.0278470716734,18.9219405826276,7.22153381794102,6.28767394523819,0,1,0,1,148.442415043316,898.521075227805,23.2790459083877,34.3550314922366,137.668639969073,862.617159244217,13.3860563549802,4.92278998458919,154.291776059123,886.426290009964,22.0921850109134,34.3924102720265,140.495034025872,844.172117367546,11.2775629803639,1.27565946492187,143.686113843837,635.660330328495,22.3093653125797,46.9223250490576,126.376593739821,580.942000362451,7.25823568829147,0.166522329383505,145.310082010092,576.939781053837,24.1725847445821,47.879113181979,128.7716521468,520.333896245431,9.4172043793653,0.673697356407399,1161.7005277319,20.1548535389563,152.173420206834,6.68708671294215,1273.34095210019,18.2750855689407,160.612448451646,7.03227141293426,1260.95767155868,20.504590616491,154.696166398402,6.4204458619832,1199.31618114849,18.9219405826276,155.335065491075,6.28767394523819,19.8442908723588,19.9154851249049,0,"e3-v2.0","0.50|0.95"
491,500,2,1,"L'Ecuyer-CMRG","10407_-1880325680_-1429221488_2041427317_-729414896_1026070010_128925006","10407_-1824025959_265729061_2010970200_1438836769_-315895029_1769188065",1951435202,1024073506,1170178763,1373037511,1707635249,211336542,1233597729,82.4030000000021,6.9900000000016,5.72500000000218,2.90099999999802,1.91499999999724,459.044999999998,1,NA,"07061f0f18b6","not-a-git-build","951d9a80e7940d4748fa2958a040207b","confirmatory",584.167999999998,35.7702780041407,5.15836127563461,34.337792004076,0.943491230046995,54.3529988817451,20.7703250590214,1279.51278849352,26.6086910499667,1179.08395971518,0.890175701175591,28.8722729264188,3.19053482993041,0,0.093,0.717,1,12.6025345807608,38.5291165533701,11.8152431819061,34.6626575024692,36.8002861471863,4.93393098477794,35.7670673607444,0.684777412215102,55.7822742384135,20.5116112411895,1354.26106051479,24.3436749625518,1279.28310758803,0.468920104280011,30.0883347326582,3.24403457445525,0,0.062,0.802,1,12.9189355073704,39.947579752818,13.0924326148057,38.699392101575,36.154530171375,7.10462093710977,34.8830188622114,0.925121384153311,54.8982257398805,20.7519552131277,1307.15005191287,50.4756386600185,1216.8250049414,0.855849575417738,27.506399132106,4.71113034045174,0.003,0.274,0.848,1,16.9776595834761,53.8119080799528,19.6296479287604,58.4509597753898,38.5255000104573,8.90922310733142,35.1731216185068,0.996959279686873,55.1883284961759,20.8237931086613,1484.21415105575,79.3742563762082,1237.14848439027,0.993927805353769,27.7123893102023,5.31233970965343,0.071,0.346,0.665,0.999,18.7785016812023,59.1467185788302,18.1672470732718,53.5480843537501,44.9599495853816,64.6791697416811,10.9227139625472,30.8685381498348,50.8284491170701,57.7460073455952,17.4671957936663,24.2547694345773,19.7192201562995,19.9458241872876,6.91755822852514,6.78757364091093,0,1,0,1,45.7381905169838,65.5728744534759,10.3300437487033,30.4693119654463,52.2259252818711,59.2298536890407,16.9907043085006,23.834232906416,19.834683936492,20.139268216743,7.0039284071696,6.84352859791547,0,1,0,1,44.5857052620881,64.6291104725014,12.4430114790558,29.7070813741933,51.2359967696286,58.2443214918623,17.4507909692251,23.9245863953867,20.0434052104133,17.2640698951374,7.00832472223373,6.47379542616155,0,1,0,1,45.6895285653952,65.1747955088469,11.4454756232713,29.8923078010708,51.8619947079451,58.2963919596001,17.5178298525668,24.2068253117656,19.4852669434516,18.4468321777996,6.43439725165498,6.68899545919872,0,1,0,1,125.207068840863,636.844126719221,14.3106818585224,34.6626575024692,112.604534260102,598.315010165851,2.49543867661621,0,130.200086739011,675.815528962832,14.7592689147684,38.699392101575,117.28115123164,635.867949210014,1.66683629996262,0,122.803066395939,442.750561944354,21.2128257723702,58.4509597753898,105.825406812463,388.938653864401,1.58317784360985,0,122.768374432358,465.376441704933,23.8946613424123,53.5696278539481,103.989872751156,406.229723126103,5.72741426914051,0.0215435001980113,1017.5089284648,19.9458241872876,130.170527186129,6.78757364091093,1048.75402950908,20.139268216743,135.846802023977,6.84352859791547,1002.86334058717,17.2640698951374,131.891484290072,6.47379542616155,1046.4581344525,18.4468321777996,133.821548572759,6.68899545919872,20.0152068776691,19.8268338289744,0,"e3-v2.0","0.50|0.95"
490,500,2,1,"L'Ecuyer-CMRG","10407_-1486455179_2030433622_386282218_-1753678205_-2064957991_1416905895","10407_-2063323537_603659763_101200945_-1777710859_-798265535_1230663311",1056100175,567621947,1951435202,1024073506,1170178763,1373037511,1707635249,82.0320000000029,4.9529999999977,5.72699999999895,1.87900000000081,1.91300000000047,460.809999999998,1,NA,"07061f0f18b6","not-a-git-build","951d9a80e7940d4748fa2958a040207b","confirmatory",583.121999999999,39.7892047774159,8.34976196465981,38.6063099137923,-0.968833208582236,58.4206611700737,18.8349365367239,1583.18081681914,69.7185248664797,1490.44716515978,0.93863778605175,32.425374021483,4.78575269462041,0,0.104,0.429,0.98,14.4411741250238,43.2915949685763,11.00071870816,33.3545844165352,39.2766509700238,7.81447398510031,37.3725321153723,-1.05139435803233,57.1868833716537,18.7523753872738,1542.65531142107,61.0660036638095,1396.70615671453,1.10543009610222,31.1704363640603,4.46162008830819,0.004,0.143,0.489,0.99,14.5200451110049,44.6177987156574,11.4609419029542,34.1665260563031,41.059700962567,8.87351149002525,36.6073408343939,-0.734666959862579,56.4216920906753,19.0691027854436,1685.89904313543,78.7392061636102,1340.09740296548,0.539735541913725,29.0568301486322,5.1820641320159,0.107,0.431,0.576,0.999,23.4533568307107,68.0381895022441,15.3070743823848,49.5515654739233,40.7506361379297,8.49363936262855,38.633242377578,-0.586370443281616,58.4475936338594,19.2173993020245,1660.61434564594,72.1419096223931,1492.52741660469,0.343830296754279,30.6244742638924,4.92348008363378,0.042,0.292,0.524,0.997,20.1812371284405,60.2166266327648,13.888891714853,45.1857751880805,47.3475686142558,68.6655917867444,8.7553408253973,27.745542478703,54.7186630741577,62.2995892085525,15.9709595551585,22.2889387823598,21.3180231724886,18.9902016533057,7.58092613439489,6.31797922720136,0,1,0,1,47.2681110262183,67.3982817460014,10.2676381936615,27.2243665749635,53.8965779540069,60.4203329120121,15.3307826131036,22.1216996221854,20.130170719783,16.956728381302,6.52375495800525,6.79091700908187,0,1,0,1,45.9932634554379,66.7659857550198,9.49424969235001,28.1109165177601,52.8477942256983,59.9074515071863,15.7416684124289,22.1337346456498,20.772722299582,18.6166668254101,7.059657281488,6.39206623322089,0,1,0,1,47.7504139553948,69.2330911096446,9.04051857925278,28.3958688560923,55.0999039139418,62.3726571725458,15.8738707265857,22.6049375864668,21.4826771542498,19.3553502768395,7.27275325860401,6.7310668598811,0,1,0,1,141.125354864852,690.800329079625,21.9054463456475,34.9563253892585,126.684180739829,647.508734111049,10.9047276374875,1.60174097272331,135.614475789757,665.674585446338,20.326388316993,34.6300958843333,121.094430678752,621.056786730681,8.86544641403884,0.463569828030193,128.60489129848,471.088927175324,22.7131669320079,49.5547329579613,105.151534467769,403.05073767308,7.40609254962309,0.00316748403800432,136.067883101549,483.26752584687,21.7727339352792,45.2805847059014,115.886645973109,423.050899214105,7.88384222042621,0.0948095178209385,1122.64671749147,18.9902016533057,147.1981734059,6.31797922720136,1118.28056151726,16.956728381302,142.852661748907,6.79091700908187,1067.92921026584,18.6166668254101,139.193429159156,6.39206623322089,1138.92518511879,19.3553502768395,148.414963889246,6.7310668598811,19.8143512562814,19.8037697453061,0,"e3-v2.0","0.50|0.95"
493,500,2,1,"L'Ecuyer-CMRG","10407_-496510190_-969694955_-294006887_1149193969_-886685927_1461911639","10407_450185970_1119548740_-846986297_314494867_1010630262_-1680934338",1707635249,211336542,1233597729,184900157,337940885,1930655242,195836172,81.9229999999989,6.93500000000131,6.38099999999758,2.20400000000154,1.94900000000052,462.724999999999,1,NA,"07061f0f18b6","not-a-git-build","951d9a80e7940d4748fa2958a040207b","confirmatory",586.900000000001,28.9938903121973,9.57350311704118,28.1382142771016,-6.90870881977695,47.7868236328202,12.6900540208639,840.645675435731,91.6519619319973,791.759102704086,47.7302575564639,22.7006188291005,5.48859586778537,0,0.141,0.406,0.959,12.6617671987927,38.6333930583538,12.1447717684058,35.4908580377227,30.4694739590129,9.81838216635114,29.4293315948623,-6.32113676813762,49.0779409505809,13.2776260725033,928.388843338963,96.4006283645222,866.085558120361,39.9567700415013,23.7457265449636,5.63377178525973,0.001,0.158,0.483,0.947,13.4436756644262,40.1478871753957,13.4896880325404,39.7984498928668,30.782814000748,12.6531481768431,29.6656260771532,-5.84172044008048,49.3142354328717,13.7570424005604,947.581637804648,160.102158785147,880.04937054947,34.1256977000541,22.180442981488,6.97800383883506,0.003,0.421,0.581,0.982,17.6649439382234,56.7237791301917,19.8467326069804,57.4620292430263,30.0277518955374,12.3875712829201,28.9375731010217,-6.11118363258397,48.5861824567403,13.4875792080569,901.665883899952,153.451922289426,837.383136976976,37.3465653911622,21.040061884679,7.0967437418839,0.005,0.557,0.536,0.966,18.9336733129336,60.7882559809206,18.6234833911666,54.8886729805182,37.6292139695885,58.5692871087171,4.28135804747592,21.5719887318374,44.1244052290349,51.3047667025553,9.77370652508401,15.5772576255107,20.9400731391287,17.2906306843615,7.18036147352043,5.80355110042671,0,1,0,0,38.7904994999978,58.909469820446,4.28313223308736,22.0944031419855,45.7859062554925,52.664678070223,10.1291325818519,16.7281290190737,20.1189703204482,17.8112709088981,6.87877181473044,6.59899643722177,0,1,0,0,39.4267939120533,59.835655602073,5.39038834216797,22.926938569153,45.7101712127803,52.7780242855989,10.8180589310306,16.5881165974309,20.4088616900197,17.5365502269851,7.0678530728186,5.77005766640037,0,1,0,0,37.9057086372685,59.9010170311414,4.65125365371237,23.2414558872539,45.0994512064458,51.9558975772881,9.99846218704339,16.8167335522553,21.995308393873,18.5902022335415,6.85644637084231,6.81827136521192,0,1,0,0,100.33598624737,390.361596920273,24.8405037130555,38.9747763117777,87.6742190485774,351.728203861919,12.6957319446497,3.48391827405508,104.494971815946,428.460480592645,25.5020396242629,44.4309272909731,91.0512961515194,388.312593417249,12.0123515917225,4.63247739810636,101.003487502309,248.160475910837,31.2764255526785,59.6952952171594,83.3385435640857,191.436696780645,11.4296929456981,2.23326597413309,97.2382081143333,182.592930845556,32.2002883897524,60.1163966994786,78.3045348013998,121.804674864636,13.5768049985858,5.22772371896046,740.164257693925,17.2906306843615,105.083544966786,21.8895719609474,785.794576091618,17.8112709088981,111.427959413826,18.0815317234907,811.536243943409,17.5365502269851,111.314100501066,17.8126426392402,752.27927965587,18.5902022335415,108.659813773751,17.9463885187543,19.6486093557185,19.5987628406409,0,"e3-v2.0","0.50|0.95"
492,500,2,1,"L'Ecuyer-CMRG","10407_-2083363655_-350866688_842251638_-835756578_1138030030_1356342044","10407_-492910256_1456637680_536156139_1933517586_-225941516_-1513577169",1170178763,1373037511,1707635249,211336542,1233597729,184900157,337940885,86.1490000000013,5.73400000000038,4.99799999999959,1.89600000000064,1.84699999999793,450.975999999999,1,NA,"07061f0f18b6","not-a-git-build","951d9a80e7940d4748fa2958a040207b","confirmatory",578.359,32.3833530216117,9.54142609201188,31.4981782934915,4.67330239343949,51.5297518893029,24.7796837744393,1048.68155292233,91.0388118693252,992.135235808578,21.8397552605273,26.171106772353,5.53791904085393,0,0.04,0.398,0.867,12.0888709752882,37.8694187320278,10.1419862187574,30.4592781781985,33.5896611989031,10.953571570496,32.6966187574273,6.61696265710244,52.7281923532387,26.7233440381022,1128.2653394571,119.980730149978,1069.06887816854,43.7841948054882,26.5900531496366,6.34418016390236,0,0.062,0.393,0.862,14.2404508540788,42.8169613144192,10.7247758855624,33.2269196971892,33.0638439225753,10.4175798274198,31.8302806978649,6.84848888007501,51.8618542936763,26.9548702610748,1093.21777493642,108.525969460665,1013.16676930487,46.9017999405111,23.6444950421579,5.96887241802193,0,0.462,0.506,0.976,19.7432786327702,61.6843708968179,14.2085406826305,46.7979942580014,33.1632420377238,10.5198962102961,32.1690603318505,6.48662520242184,52.200633927662,26.5930065834216,1099.80062245265,110.668216275403,1034.84844263424,42.0763065166942,24.7692803163805,6.04924134522177,0,0.33,0.519,0.957,15.6200520057152,55.9017472034514,14.0633634548219,46.9385996324922,40.4318696071281,62.2857785985076,15.0872119219911,34.4258011849706,47.866378721384,55.31511951424,21.6832619041917,27.8818560721677,21.8539089913795,19.3385892629795,7.44874079285608,6.19859416797601,0,1,0,0,42.4732246329522,62.8991427639882,17.7383505940134,35.1764530113999,49.4385112368132,55.9891801691807,23.7327309298974,29.8322855797136,20.425918131036,17.4381024173865,6.5506689323675,6.09955464981615,0,1,0,0,41.4695262353256,62.5851778006755,17.3904336863113,36.5611625224202,48.1803764437715,55.8732838555059,23.494460291747,30.5670010307359,21.1156515653499,19.1707288361089,7.6929074117344,7.07254073898888,0,1,0,0,40.5909354128848,63.5685690075323,16.562987851887,37.1848025424649,47.9885727932464,56.1902287915054,22.5674214268984,30.7041565163896,22.9776335946475,20.6218146905779,8.20165599825906,8.13673508949117,0,1,0,0,113.484511146823,569.837389459307,25.0259550411005,45.4844603300279,101.395640171535,531.967970727279,14.8839688223431,15.0251821518293,115.587379230765,538.629012924284,28.9292324212877,49.8473743073087,101.346928376687,495.812051609865,18.2044565357252,16.6204546101195,107.740663193462,262.947873077485,27.4051578115611,48.9229154993941,87.9973845606915,201.263502180667,13.1966171289306,2.1249212413927,112.345151481198,331.644898949091,27.5603709878371,51.4888636734017,96.7250994754827,275.743151745639,13.4970075330152,4.55026404090952,837.865749444045,19.3385892629795,118.787961295146,12.5061162607437,918.091959616666,17.4381024173865,124.178419496374,20.6049528454067,878.633757145914,19.1707288361089,120.288118803575,20.6248563819779,845.352106277582,20.6218146905779,120.029652787999,17.9808952730858,20.0315735958115,20.1063813809998,0,"e3-v2.0","0.50|0.95"
495,500,2,1,"L'Ecuyer-CMRG","10407_2095921666_-331710307_1740047235_1971004695_1297498412_-1858244479","10407_-1252412965_799029348_645126437_-554059697_-10503710_-1214890155",337940885,1930655242,195836172,729618252,180060719,172682431,1041559739,82.5110000000022,5.70999999999913,4.84999999999854,1.90899999999965,2.38199999999779,456.906999999999,1,NA,"07061f0f18b6","not-a-git-build","951d9a80e7940d4748fa2958a040207b","confirmatory",580.66,35.1836772646615,10.7249745747055,33.9982393845419,4.53001501842109,53.869547045482,24.3837684907574,1237.89114586386,115.02507962808,1155.88028124862,20.5210360671206,28.407897504509,6.23782367484039,0,0.078,0.35,0.881,12.9258998313314,39.5049354355213,10.9954213825068,33.1059713703929,37.5335912995721,12.2249946272826,36.1385427163887,6.33285777537277,56.0098503773288,26.186611247709,1408.77047584331,149.450493637089,1305.99426966425,40.1050876030993,29.9525259163609,7.15231615096976,0,0.074,0.343,0.826,14.6956864823793,43.1479327201411,11.3898013594974,34.1036190442578,37.0776355014359,12.3134240368167,35.1445872789203,5.11612083844524,55.0158949398604,24.9698743107815,1374.75105437734,151.620411510454,1235.14201500565,26.1746924335736,27.8672547379298,7.0492179495767,0.016,0.279,0.387,0.912,17.6635526553619,53.8353824147448,13.8379827773051,43.9681339850351,36.8510406319865,13.9814786839156,35.4447645668092,5.30046906141968,55.3160722277493,25.154222533756,1357.99919566032,195.481746188787,1256.33133519653,28.0949722710672,27.7028145581869,7.96382161272038,0.002,0.26,0.414,0.923,18.2839163732513,55.9744771725009,16.628429287184,49.3998281134896,43.6426880408696,64.2822354454501,15.4148920667194,33.7481200803799,50.3750910379633,57.353210455467,21.2967903856781,27.5521464036922,20.6395474045806,18.3332280136605,6.9781194175037,6.25535601801409,0,1,0,0,46.161104996175,65.7676792979637,17.4821163903061,35.1063774293463,52.1144749458206,60.0373921186404,23.1321144214541,29.2681756011272,19.6065743017887,17.6242610390402,7.92291717281977,6.13606117967311,0,1,0,0,45.4500204088018,65.0932464494347,15.1896306895454,34.4775865249108,51.5842880464402,58.4780253077204,21.6285828495391,28.614595627683,19.6432260406329,19.2879558353654,6.89373726128017,6.98601277814396,0,1,0,0,45.2149347130425,65.345329895623,16.2749341605044,33.1958339816959,51.3646217089786,59.1643414927714,22.0118932549004,28.0886884878549,20.1303951825806,16.9208998211915,7.7997197837928,6.07679523295449,0,1,0,0,123.144711458148,613.416203418191,28.3380765631136,47.5352263940219,110.218811626817,573.91126798267,17.3426551806068,14.429255023629,129.88747982237,636.251358536571,32.2389588945149,65.6220827307413,115.191793339991,593.10342581643,20.8491575350175,31.5184636864834,122.894234437767,477.727948291922,31.932104212384,55.2706929182133,105.230681782405,423.892565877177,18.0941214350789,11.3025589331783,123.947608247424,400.073676777033,35.7706771980573,61.4312258878447,105.663691874173,344.099199604532,19.1422479108733,12.0313977743552,971.494762601758,18.3332280136605,128.993252925597,12.0275036713814,1071.19846771119,17.6242610390402,136.895586312342,19.2495049761444,1042.7917359551,19.2879558353654,133.745658803281,14.0853302869551,1033.87547726667,16.9208998211915,133.772975975947,14.7093543632109,19.8713076609401,19.8537534723363,0,"e3-v2.0","0.50|0.95"
494,500,2,1,"L'Ecuyer-CMRG","10407_686796480_1267482633_1854266470_291733042_796845848_-1932122741","10407_-837038873_-23075788_-783994515_-293619422_-285879644_-808689240",1233597729,184900157,337940885,1930655242,195836172,729618252,180060719,86.1110000000008,4.78499999999985,6.23500000000058,1.86799999999857,2.60399999999936,455.170999999998,1,NA,"07061f0f18b6","not-a-git-build","951d9a80e7940d4748fa2958a040207b","confirmatory",581.241000000002,39.9013171238294,7.64676701138639,39.1420264143586,0.963979380865268,59.2081876893993,21.127794308506,1592.1151082164,58.4730457264272,1532.09823182235,0.929256246733386,34.2013566657496,4.35008856596762,0,0.004,0.445,0.98,11.1254937459401,34.7727871872923,10.3840008567358,31.1745187093244,40.9274498357991,6.92546227309467,40.1507736338544,1.79377190376495,60.2169349088951,21.9575868314057,1675.05615006185,47.9620276960576,1612.08462339702,3.21761764273653,34.7243308240629,3.98644010849387,0,0.003,0.597,0.997,12.2101843320094,38.2829131852292,12.1189779083643,35.829744926591,43.2712090107191,7.95416993002651,42.2978649674958,2.13189270747157,62.3640262425366,22.2957076351123,1872.39752924934,63.268819275738,1789.10938080851,4.54496651617047,34.7683335365136,4.81389608465962,0,0.066,0.723,0.999,16.5257698735302,53.6865475694235,16.7724865390531,50.4819165352699,43.0127106559799,9.67101680032167,42.1685428809431,3.76861135294282,62.2347041559838,23.9324262805835,1850.09327797504,93.5285659521039,1778.18600870194,14.2024315295295,35.0010414952383,5.53871698070746,0,0.052,0.5,0.987,15.0608478834061,51.5775007849453,14.1281517207932,45.2183910365014,49.9990107192264,69.5396788788142,12.7932294876584,29.5957273578916,55.6939245285466,62.6802332200448,18.2941151073956,23.8333852489539,19.5406681595878,16.8024978702333,6.98630869149815,5.53927014155829,0,1,0,1,49.7927191416094,70.7943058652877,13.2434758244359,30.7403082483089,56.6863448174999,64.0116191806499,18.7274923485958,25.2498517610806,21.0015867236783,17.496832423873,7.32527436314999,6.52235941248481,0,1,0,1,52.3958896466486,72.5247412730168,13.6788621945173,31.6512936959824,58.6764092644292,65.8476475572014,18.9171935371391,25.473876193335,20.1288516263682,17.9724315014651,7.17123829277219,6.55668265619594,0,1,0,1,52.3318749043559,72.8852160129404,14.4311145307521,33.6065395963357,58.7519622584247,65.6166401645578,20.533453215424,27.396581829749,20.5533411085845,19.1754250655837,6.86467790613311,6.86312861432503,0,1,0,0,145.764155126179,889.133564388334,19.7651852642619,32.1566068776,134.638661380239,854.360777201041,9.38118440752609,0.982088168275606,148.306087906523,876.677568662152,17.9811529959094,35.863378484656,136.095903574513,838.394655476923,5.86217508754508,0.0336335580650152,152.766690166335,674.62669448811,21.5080105319436,50.5118170817008,136.240920292805,620.940146918687,4.73552399289052,0.0299005464308934,153.770806946543,707.536397350357,25.0631063233319,46.0739217550076,138.709959063137,655.958896565412,10.9349546025388,0.855530718506199,1216.85464592701,16.8024978702333,149.497361705522,5.53927014155829,1210.06390138642,17.496832423873,153.806008532987,6.52235941248481,1313.31798649068,17.9724315014651,161.612230250326,6.55668265619594,1311.18188628119,19.1754250655837,161.607881839669,8.34168176545806,20.0661612750407,20.1638149276407,0,"e3-v2.0","0.50|0.95"
496,500,2,1,"L'Ecuyer-CMRG","10407_929763955_1325572651_2069033658_-354519086_1232932696_-705869303","10407_1652174249_1046742852_-1013938342_1726860477_2092267425_-1198324504",195836172,729618252,180060719,172682431,1041559739,955839127,1232844701,85.288999999997,5.14500000000044,5.17599999999948,1.94499999999971,2.51800000000003,449.453999999998,1,NA,"07061f0f18b6","not-a-git-build","951d9a80e7940d4748fa2958a040207b","confirmatory",576.434000000001,33.5066459550564,8.71147183673923,32.5750068500709,3.17407263250826,52.2582523897024,22.7908739180435,1122.6953231575,75.8897415623008,1061.13107128217,10.0747370764379,26.5678777434438,5.0024742896855,0,0.091,0.421,0.969,13.9396558083111,42.2661856787732,11.1801165059189,34.9842581586699,33.9865740319714,9.5230011592118,32.5346390103161,4.14633324865477,52.2178845499475,23.76313453419,1155.08721443067,90.6875510783493,1058.50273553158,17.1920794089,26.5074321149245,5.46724684761836,0,0.15,0.424,0.959,14.3895192794914,42.4744828347231,12.0801710080841,35.9205181670042,36.4517681269581,10.118815330327,34.223957037758,4.79903872435617,53.9072025773894,24.4158400098914,1328.73139958152,102.390423689261,1171.2792353223,23.0307726778701,26.6557028300501,5.81493730220026,0.013,0.34,0.508,0.992,18.7188374525232,56.111983952963,15.366195484831,47.2641871822292,36.2188732625141,10.208510592742,34.1570863665743,3.87496722076263,53.8403319062058,23.4917685062979,1311.80678040606,104.213688522126,1166.70654905362,15.0153709619849,25.9123153702267,5.85508111338382,0.022,0.41,0.513,0.99,20.5629543355334,62.6386811202499,16.2625998168111,49.3229742545722,41.517688175772,62.8549826449581,14.2645596117339,32.6518469573219,48.4086044886491,56.0762729985613,19.3512305260131,25.5589111460307,21.337294469186,18.387287345588,7.6676685099122,6.20768062001759,0,1,0,1,42.699762048087,62.1349988645186,13.9120987475213,33.3988623296698,48.5829883357155,56.0351235816814,20.5246165699432,27.1351190984641,19.4352368164317,19.4867635821485,7.45213524596588,6.61050252852095,0,1,0,0,43.4765229754953,65.1631846533506,14.9736505428391,33.4297737636261,50.1089786407727,57.5479273530326,21.2097793009896,27.507819095132,21.6866616778552,18.456123220787,7.43894871225994,6.29803979414247,0,1,0,0,42.8061160666031,64.0939412346109,13.2828271091039,32.705846116676,50.082049370505,57.6721976615854,20.2496539360305,26.7729757274026,21.2878251680078,19.423019007572,7.59014829108039,6.52332179137213,0,1,0,0,116.328036500918,520.698265069355,22.6524112838614,37.8802046007243,102.388380692607,478.432079390582,11.4722947779424,2.89594644205441,115.884125929108,530.144324604158,24.7010933341207,40.1678195126058,101.494606649617,487.669841769435,12.6209223260366,4.24730134560158,118.52183746426,409.637731433127,26.0641739435794,47.6057554378499,99.8030000117368,353.525747480164,10.6979784587484,0.341568255620693,116.548371255851,352.777863163074,25.8927430477476,49.8081734297202,95.9854169203175,290.139182042824,9.63014323093655,0.485199175148044,894.714999914807,18.387287345588,122.569104305983,6.20768062001759,940.09589715465,19.4867635821485,123.051106430302,10.2417636661525,973.417759112409,18.456123220787,129.141881116825,12.6699518559597,946.202646246873,19.423019007572,129.185363614575,9.05473239335311,19.6832455396315,19.6168012855353,0,"e3-v2.0","0.50|0.95"
497,500,2,1,"L'Ecuyer-CMRG","10407_-146955902_1279804440_-1623974277_-1565018761_1827285743_-355246689","10407_-1028833077_-1849084432_-1368372757_-1012835990_1479563742_2143283875",180060719,172682431,1041559739,955839127,1232844701,1406398404,569512604,84.2040000000015,7.22199999999793,4.96600000000035,2.91799999999785,1.87900000000081,465.015000000003,1,NA,"07061f0f18b6","not-a-git-build","951d9a80e7940d4748fa2958a040207b","confirmatory",591.029999999999,34.3500812700523,7.18312898670034,32.6672951714285,0.956466173488856,52.8596831719625,21.3336782842304,1179.92808325919,51.5973420395747,1067.15217381723,0.914827541028414,26.3188727627951,4.14633222093324,0.002,0.192,0.534,0.992,15.247023427577,45.069916852999,12.1339660079098,35.3604918948336,35.7761884881686,6.09899792151535,33.7704335326149,0.856303555158625,53.962821533149,21.2335156659002,1279.93566274096,37.1977756466486,1140.44218098076,0.733255778577301,26.961491102394,3.65793904446754,0.008,0.23,0.649,1,16.673306329483,48.7470546646209,12.3691360782549,36.7576149934703,36.488435774689,6.12792068127764,33.0739397145038,-0.105013958278207,53.2663277150379,20.2721981524634,1331.4059452836,37.5514118760302,1093.88548823863,0.0110279314332569,25.3202548726365,4.10407239128301,0.051,0.465,0.77,1,20.1648380343967,61.6821141777505,16.055446248542,49.3623961413743,36.3638436183635,10.7349790616643,32.6056906869648,1.24037506492419,52.7980786874989,21.6175871756658,1322.32912270079,115.23977545437,1063.13106517402,1.53853030168569,24.8665263530944,6.2330231387137,0.106,0.511,0.572,0.996,22.5797909005863,68.3068722022497,18.6729897738209,56.0890163845449,42.5936640445104,62.9816485365908,12.4541098046285,30.3075895212617,49.3705866672134,56.4778996675172,18.2483669539482,24.5610268948493,20.3879844920804,17.8534797166332,7.10731300030384,6.31265994090106,0,1,0,1,43.064739355877,64.0158750229949,11.6677908683378,31.0275050684843,50.5137542293554,57.5729174851808,17.9438777205901,24.1804878451124,20.9511356671179,19.3597142001465,7.05916325582536,6.23661012452233,0,1,0,1,41.5310795560507,63.7017672563603,11.3088034957488,30.0157335209914,49.6038485713695,56.9137382006532,16.8314488003246,23.3958821033589,22.1706877003095,18.7069300252425,7.30988962928362,6.56443330303432,0,1,0,1,42.1351954042415,63.7347213111077,11.9736755643528,31.4593331386707,49.2480389501443,56.4556604097866,17.8955508109336,25.2722292232376,21.5995259068662,19.4856575743179,7.2076214596422,7.37667841230402,0,1,0,1,115.615848457644,481.771265873574,18.4842158322558,35.6733278684261,100.368825030067,436.701349020575,6.35024982434608,0.312835973592518,118.597061978241,473.296368845103,16.2674280528091,36.7576149934703,101.923755648758,424.549314180482,3.89829197455422,0,113.199016333195,354.114999597325,18.8676935376204,49.3623961413743,93.0341782987983,292.432885419575,2.81224728907841,0,111.950777687746,315.844103614909,27.6290962339704,56.1741003164328,89.3709867871596,247.53723141266,8.95610646014956,0.0850839318879934,916.439026251132,17.8534797166332,123.820107667021,6.31265994090106,935.845189880836,19.3597142001465,128.344628171111,6.23661012452233,875.718349920974,18.7069300252425,124.955731912625,6.56443330303432,899.311822055163,19.4856575743179,123.430225258083,7.37667841230402,20.1923880005341,20.3772121107416,0,"e3-v2.0","0.50|0.95"
498,500,2,1,"L'Ecuyer-CMRG","10407_149633836_371842177_704063752_-1156563996_650465868_680469492","10407_-1446284695_-2063815249_-1177496901_933654001_-858353624_-1293963053",1041559739,955839127,1232844701,1406398404,569512604,1824564619,1955858377,85.8050000000003,4.98499999999694,6.31100000000151,1.89900000000125,1.86899999999878,460.642,1,NA,"07061f0f18b6","not-a-git-build","951d9a80e7940d4748fa2958a040207b","confirmatory",587.242000000002,45.2138065872498,7.35532742008469,44.7365624970882,4.11519874197508,64.7722897999327,24.1204822124011,2044.28830610923,54.1008414566498,2001.36002405588,16.9348606859533,38.5268377694729,4.22094315009208,0,0,0.541,0.986,14.562965131792,43.1421137509002,11.2621579184606,33.7491995623334,46.9696648234084,9.45817435107397,46.3920903009273,5.26072594588095,66.4278176037718,25.2660094163069,2206.14941362333,89.4570620553135,2152.22604248939,27.675237477665,39.4186867704317,5.39850115136674,0,0.004,0.453,0.958,16.5219653178393,48.0394768817779,11.8244396973655,36.1477921464208,46.2067093412063,10.5924919158178,45.4105756339228,6.19130398064586,65.4463029367673,26.1965874510718,2135.05998814272,112.200884986666,2062.12037940423,38.3322449807612,36.1990042713499,6.01558074913549,0,0.145,0.537,0.987,21.3849481952337,65.3023369146577,15.8117132128204,48.5758896304919,46.5989434542314,9.42860335973769,46.0424747591941,5.91634509090783,66.0782020620385,25.9216285613338,2171.46153105066,88.898561315257,2119.90948195102,35.0031392347092,37.9271088989708,5.37362575133822,0,0.038,0.476,0.993,18.5566665926126,56.629482176047,13.5416543939814,42.5351504518763,53.1939149577748,75.1940897261441,14.0651252376153,33.7615779588188,60.9330864422457,68.7379533999505,20.6541303751902,27.3942151891215,22.0001747683693,19.6964527212035,7.80486695770482,6.74008481393136,0,1,0,0,55.3709298080989,78.2038540109747,15.1418892628262,35.4857781644817,62.0462414292237,70.5981620010281,22.0435644109212,28.5352732684599,22.8329242028759,20.3438889016555,8.55192057180437,6.49170885753873,0,1,0,0,53.5896439611325,76.5881101801682,15.8051580305294,37.0221941956015,61.5207411592438,69.3840298324941,22.3010760626358,30.2649915690026,22.9984662190357,21.2170361650722,7.86328867325028,7.96391550636684,0,1,0,0,53.9730899083286,77.9487412372109,15.2363868037062,35.1820832121075,61.7660760226822,70.0240493245911,22.4005761675238,29.5402893579581,23.9756513288823,19.9456964084013,8.25797330190893,7.13971319043427,0,1,0,0,164.853942452088,938.777056672428,19.2397071514204,34.7810368513169,150.290977320296,895.634942921527,7.97754923295983,1.03183728898346,169.361221093385,926.993443446641,24.62602389817,39.6011870108628,152.839255775545,878.953966564864,12.8015842008045,3.45339486444192,160.6730259316,582.619838443008,27.3186072697274,49.6435379525704,139.288077736366,517.317501528351,11.5068940569069,1.06764832207851,166.891140039535,704.073907846218,24.5961788661806,42.7342507777161,148.334473446923,647.444425670171,11.0545244721992,0.199100325839783,1348.32768096558,19.6964527212035,171.39430351531,9.3354724329881,1436.24102441305,20.3438889016555,176.593977077321,14.6448326195196,1365.15513255056,21.2170361650722,173.803344098848,17.1470858752061,1381.47015554825,19.9456964084013,175.17936818126,16.7208839788255,20.0357273028445,20.005283470426,0,"e3-v2.0","0.50|0.95"
499,500,2,1,"L'Ecuyer-CMRG","10407_523791217_461380390_1628990674_1684960090_752675045_304695615","10407_1650385194_-1165660353_-1306537257_622184516_875522439_-101959520",1232844701,1406398404,569512604,1824564619,1955858377,279488147,1292962035,85.9269999999997,4.92399999999907,5.44800000000032,1.91200000000026,2.96700000000055,459.142,1,NA,"07061f0f18b6","not-a-git-build","951d9a80e7940d4748fa2958a040207b","confirmatory",584.042000000001,38.0475548246641,8.41340645157943,37.0124081130965,4.5126519342855,56.4679445956895,23.7979812878128,1447.61642813582,70.7854081194784,1369.91835433041,20.3640274800106,31.4173869912586,4.79389488468026,0,0.041,0.5,0.984,12.5215442773156,39.5379778578172,12.0259592929741,36.4566445124685,37.7412481814476,8.52484209111554,36.6820117935436,3.89539406714773,56.1375482761366,23.180723420675,1424.40181429362,72.6729326784552,1345.56998922167,15.1740949383698,30.9649069171652,4.88154227360984,0,0.049,0.521,0.986,13.0125523858221,40.3584573803189,13.151688479638,39.7632366702405,38.4840136044101,9.55242309946107,37.1976062403791,4.03139648712797,56.653142722972,23.3167258406553,1481.01930310442,91.2487870711174,1383.66191001429,16.2521576364277,30.1233374673302,5.63196140123813,0.003,0.172,0.705,1,15.976107351506,51.1461970312433,19.1442624485689,59.7821545299075,38.8101202840235,9.4096942907979,37.6639846889773,4.56406304214864,57.1195211715702,23.8493923956759,1506.22543646037,88.5423466462746,1418.57574265151,20.8306714527071,31.0430116972446,5.40397698946975,0.001,0.136,0.537,0.993,14.6237332335397,47.8009323074073,15.0655581560596,47.99540923973,46.6615029675212,68.0950289238926,14.4054144421947,33.4901461951904,52.873859778048,59.6842356705957,20.4478978086002,27.348352913248,21.4335259563714,19.0847317529957,6.81037589254774,6.90045510464777,0,1,0,0,44.2689447935339,67.3514823090828,11.5909490784344,32.6281131573335,52.6434892805566,59.6801202349205,19.6470089817799,26.6817411896972,23.082537515549,21.0371640788991,7.03663095436386,7.03473220791735,0,1,0,0,46.8490278154935,66.7978599954595,12.4838590474941,34.0694310083928,53.2222698076263,60.2859725038957,19.6210225667052,26.954688907444,19.948832179966,21.5855719608987,7.06370269626943,7.33366634073876,0,1,0,0,46.6340196244774,68.0947313807644,13.8863825546674,34.6684283082071,53.4740522538441,60.8524010829528,19.7138877474649,27.4160447713384,21.460711756287,20.7820457535397,7.37834882910872,7.70215702387349,0,1,0,0,135.60433173868,723.830828104437,21.9960948246234,37.4816616564688,123.082787461365,684.29285024662,9.97013553164933,1.0250171440004,134.123151177435,685.399839060164,22.2013853323346,40.4873047305278,121.110598791613,645.041381679846,9.04969685269656,0.724068060287274,133.243526498384,549.186020015105,24.5049996996347,59.7821545299075,117.267419146878,498.039822983861,5.36073725106579,0,136.337238288015,620.3096934365,24.4315316781056,48.3584569632624,121.713505054476,572.508761129092,9.36597352204591,0.363047723532425,1109.6721853535,19.0847317529957,140.483669074368,11.5507289249394,1015.61886995318,21.0371640788991,139.788442146219,8.48145072092769,1115.68848549599,21.5855719608987,142.130635996403,8.67643919345043,1108.60003743166,20.7820457535397,143.452411914113,9.41639059962398,19.455536482593,19.2853293535273,0,"e3-v2.0","0.50|0.95"
