"seed","n","dgp","seed_cell_master","rng_kind","seed_data_hash","seed_fit_hash","model_seed_propensity","model_seed_mvbcf","model_seed_bcf1","model_seed_bcf2","model_seed_bart1","model_seed_bart2","model_seed_mvbart","fit_seconds_mvbcf","fit_seconds_bcf1","fit_seconds_bcf2","fit_seconds_bart1","fit_seconds_bart2","fit_seconds_mvbart","converged_flag","error_message","hostname","git_sha","session_hash","seq_phase","replication_seconds","mvbcf_pehe1","mvbcf_pehe2","mvbcf_bias1","mvbcf_bias2","mvbcf_ate1","mvbcf_ate2","mvbcf_crmse1","mvbcf_crmse2","mvbcf_atesq1","mvbcf_atesq2","mvbcf_crps1","mvbcf_crps2","mvbcf_cov501","mvbcf_cov951","mvbcf_cov502","mvbcf_cov952","mvbcf_wid501","mvbcf_wid951","mvbcf_wid502","mvbcf_wid952","bcf_pehe1","bcf_pehe2","bcf_bias1","bcf_bias2","bcf_ate1","bcf_ate2","bcf_crmse1","bcf_crmse2","bcf_atesq1","bcf_atesq2","bcf_crps1","bcf_crps2","bcf_cov501","bcf_cov951","bcf_cov502","bcf_cov952","bcf_wid501","bcf_wid951","bcf_wid502","bcf_wid952","bart_pehe1","bart_pehe2","bart_bias1","bart_bias2","bart_ate1","bart_ate2","bart_crmse1","bart_crmse2","bart_atesq1","bart_atesq2","bart_crps1","bart_crps2","bart_cov501","bart_cov951","bart_cov502","bart_cov952","bart_wid501","bart_wid951","bart_wid502","bart_wid952","mvbart_pehe1","mvbart_pehe2","mvbart_bias1","mvbart_bias2","mvbart_ate1","mvbart_ate2","mvbart_crmse1","mvbart_crmse2","mvbart_atesq1","mvbart_atesq2","mvbart_crps1","mvbart_crps2","mvbart_cov501","mvbart_cov951","mvbart_cov502","mvbart_cov952","mvbart_wid501","mvbart_wid951","mvbart_wid502","mvbart_wid952","mvbcf_ate_l951","mvbcf_ate_u951","mvbcf_ate_l952","mvbcf_ate_u952","mvbcf_ate_l501","mvbcf_ate_u501","mvbcf_ate_l502","mvbcf_ate_u502","mvbcf_ate_wid951","mvbcf_ate_wid952","mvbcf_ate_wid501","mvbcf_ate_wid502","mvbcf_ate_cov951","mvbcf_ate_cov952","mvbcf_ate_cov501","mvbcf_ate_cov502","bcf_ate_l951","bcf_ate_u951","bcf_ate_l952","bcf_ate_u952","bcf_ate_l501","bcf_ate_u501","bcf_ate_l502","bcf_ate_u502","bcf_ate_wid951","bcf_ate_wid952","bcf_ate_wid501","bcf_ate_wid502","bcf_ate_cov951","bcf_ate_cov952","bcf_ate_cov501","bcf_ate_cov502","bart_ate_l951","bart_ate_u951","bart_ate_l952","bart_ate_u952","bart_ate_l501","bart_ate_u501","bart_ate_l502","bart_ate_u502","bart_ate_wid951","bart_ate_wid952","bart_ate_wid501","bart_ate_wid502","bart_ate_cov951","bart_ate_cov952","bart_ate_cov501","bart_ate_cov502","mvbart_ate_l951","mvbart_ate_u951","mvbart_ate_l952","mvbart_ate_u952","mvbart_ate_l501","mvbart_ate_u501","mvbart_ate_l502","mvbart_ate_u502","mvbart_ate_wid951","mvbart_ate_wid952","mvbart_ate_wid501","mvbart_ate_wid502","mvbart_ate_cov951","mvbart_ate_cov952","mvbart_ate_cov501","mvbart_ate_cov502"
500,500,2,1,"L'Ecuyer-CMRG","10407_-705288750_-333011748_1990091638_-1736235797_993743571_95546049","10407_407595754_595287002_2071713130_1662569576_1362617585_762227304",569512604,1824564619,1955858377,279488147,1292962035,574472918,1910563616,91.048,7.563,5.77700000000002,3.18700000000001,2.19499999999999,502.198,1,NA,"36817de9e60d","not-a-git-build","bbd3d4119dab4c61438d29ca56ae93a0","confirmatory",638.651,36.6694968249606,7.37498659926933,35.8570817737414,2.77483877729579,55.4820199886393,22.6441847760538,1344.6519973958,54.3904273394023,1285.73031332878,7.69973023998442,30.8024563865848,4.26561885563736,0,0.012,0.566,0.989,11.5537578903351,35.4598797140449,12.0902101947678,36.7475777175641,38.1514246421823,6.77262685053075,37.2588621483521,4.01873360486494,56.88380036325,23.8880796036229,1455.53120222812,45.8684744565301,1388.2228085899,16.1502197868708,31.4776261659586,4.13584606223688,0,0.029,0.715,0.99,13.5198805109869,40.1318751914127,13.9757286805964,41.2412694201959,37.8611780705371,12.5213968199328,36.6698449116214,4.20522793562916,56.2947831265193,24.0745739343871,1433.46880488892,156.785378322223,1344.67752584236,17.6839419905959,28.9935338838753,7.23078485577102,0,0.169,0.575,0.995,17.6812852336086,54.6815446713836,21.6706645909825,63.2076144077047,37.8755400302889,8.67866509266975,36.9003986721862,5.20348637260441,56.5253368870841,25.0728323713624,1434.55653258602,75.3192277907244,1361.63942216628,27.0762704298798,28.7333103738283,5.45345574193117,0.001,0.224,0.773,1,18.3949520000675,59.8174358177923,20.6220234817963,62.2801446055915,45.2838004771592,65.1260558757387,11.8750295918369,32.353366364268,52.2925418289903,59.0522102110687,19.0579854805013,26.0104134887797,19.8422553985795,20.4783367724312,6.75966838207841,6.9524280082784,0,1,0,1,47.119288227168,68.4592948406945,13.603076378304,34.5793741820898,53.1782689233874,60.2996073580782,20.1652279397488,27.3697375326089,21.3400066135265,20.9762978037858,7.12133843469072,7.20450959286006,0,1,0,0,45.9898506094486,67.7552254693631,14.5425852421674,33.4943872315282,52.6585974919803,60.0567865816006,20.609984676776,27.475329604326,21.7653748599145,18.9518019893608,7.39818908962029,6.86534492755,0,1,0,0,45.6334997145652,68.2360642434101,13.8994257210098,35.5195645880988,52.8023248314917,60.3831627371827,21.8718213293411,28.2906467110045,22.6025645288449,21.620138867089,7.58083790569095,6.41882538166345,0,1,0,0
501,500,2,1,"L'Ecuyer-CMRG","10407_-841472514_-1482697368_-861610227_-1876410829_-230446558_1342287943","10407_1814557721_505972115_502585408_463880496_-68778362_-1596427343",1955858377,279488147,1292962035,574472918,1910563616,55754334,691382172,90.315,7.41200000000001,5.83500000000001,2.553,2.203,506.985,1,NA,"36817de9e60d","not-a-git-build","bbd3d4119dab4c61438d29ca56ae93a0","confirmatory",641.796,34.1022499756639,7.49485914954056,33.4001390898302,2.74622712158136,53.5635749560005,22.7671451944232,1162.96345340267,56.1729136714519,1115.56929122,7.54176340330906,27.9919714508034,4.27925114664599,0,0.026,0.476,0.991,12.5792023526623,37.6839737613143,10.782699019334,31.0821840565914,35.6133916610507,9.28458408645871,34.8772159036628,3.82827496878156,55.0406517698331,23.8491930416234,1268.3136656034,86.2035016585223,1216.42018919071,14.6556892365995,29.0165671839348,5.34308208607334,0,0.031,0.363,0.94,13.591663290592,40.862218870351,10.5616937213128,33.7151350763533,36.0475481645726,8.39285540742078,34.2061287257327,3.06346806413691,54.369564591903,23.0843861369787,1299.42572867718,70.4400218898722,1170.0592424014,9.38483657998672,27.0216658811029,4.95662883798529,0.011,0.295,0.597,0.998,17.1667343604392,53.9128851321914,14.872330007356,48.7209656469391,34.4206761454886,7.90339336317674,33.7773900741094,4.09969864689856,53.9408259402797,24.1206167197404,1184.78294631261,62.4636266531061,1140.91208021855,16.8075289953819,26.1800287954729,4.70397716027877,0,0.222,0.606,0.999,17.1437781869705,54.9971167770186,14.5822249571007,45.8633774433826,43.0682375486121,64.7704062794849,13.2661087842649,31.1902980408668,49.6428532878484,57.5984946110923,19.4608352961763,26.2576534770331,21.7021687308729,17.9241892566019,7.95564132324385,6.79681818085687,0,1,0,1,43.6227450398053,65.555541091033,14.5298000607702,33.7343186384477,51.590947196649,58.6290212030238,20.5599683736775,26.9159609231971,21.9327960512278,19.2045185776774,7.03807400637476,6.35599254951961,0,1,0,0,44.597144305985,65.0146465655221,12.5832740261936,32.4146023713442,50.971219870485,58.0046578587203,19.9410197636428,26.8079647792983,20.4175022595371,19.8313283451506,7.03343798823535,6.86694501565543,0,1,0,1,42.9875747095905,65.0966339054211,14.5667331599697,33.9976417829055,50.0337102843803,57.6367486633496,21.1201491725715,27.4094421069912,22.1090591958306,19.4309086229357,7.60303837896931,6.28929293441971,0,1,0,0
502,500,2,1,"L'Ecuyer-CMRG","10407_1260450870_1526157057_-732224182_1361616621_-2044001518_-1727198718","10407_-1219473416_-677946592_-1040307157_-1521739302_-1545090404_-353639313",1292962035,574472918,1910563616,55754334,691382172,679079334,1072444728,97.326,7.41899999999998,5.73000000000002,2.553,2.19799999999998,497.961,1,NA,"36817de9e60d","not-a-git-build","bbd3d4119dab4c61438d29ca56ae93a0","confirmatory",637.236,27.8012167280666,9.57405534763855,26.4603130828847,7.2170994470412,46.6763073770091,27.5173143974031,772.90765156093,91.6625357996462,700.148168444282,52.0865244284824,21.2949284546541,5.49956859185341,0.003,0.201,0.352,0.977,12.4657636152702,37.1858468649127,11.1683419861013,33.8215036156221,29.3121556671773,10.2422976622819,27.9192645712462,8.37962597381172,48.1352588653706,28.6798409241736,859.202469856836,104.904661402786,779.485334199245,70.21813146098,22.5396477454819,5.98664436980771,0.001,0.207,0.373,0.97,12.4443825767149,39.1455299889629,13.1942322879726,38.3651556038638,28.9836882611737,11.712297144903,26.9740850619693,8.29711134044189,47.1900793560937,28.5973262908038,840.0541852209,137.177904410504,727.601264930356,68.8420565956894,20.3867153253435,6.86937438641694,0.033,0.503,0.505,0.986,16.5536660711896,51.7808172981632,19.268759433928,55.7443792056091,28.7944471153091,10.4321194817311,27.1938449155702,8.1235789201459,47.4098392096946,28.4237938705078,829.120184676333,108.829116881114,739.505201292084,65.9925344718389,20.0922579535003,6.13624497332337,0.027,0.575,0.507,0.985,17.4515127290958,56.7031060968253,17.5425844734979,51.3684211096662,36.6901182615077,57.8372145556968,19.0402262990719,36.5148291571739,42.7769470034857,50.3476980319432,24.4950961372417,30.563081863616,21.1470962941891,17.474602858102,7.57075102845752,6.06798572637424,0,1,0,0,37.2546397576043,59.2438594903882,19.2013575228187,36.728589796172,44.7245558175733,51.4914114901198,25.3798339353569,31.6367650673404,21.9892197327839,17.5272322733533,6.76685567254649,6.25693113198347,0,1,0,0,36.7451572698093,57.0422392086336,19.109603913906,37.1395238639322,43.7048684644861,51.0112215949496,25.0541063864595,32.0404121576854,20.2970819388242,18.0299199500262,7.30635313046346,6.98630577122595,0,1,0,0,36.3522366030171,57.7480836032696,20.2982818278993,37.9192647699626,44.0636397726657,51.0131828537236,24.9455227696172,31.5711414087127,21.3958470002525,17.6209829420633,6.94954308105795,6.62561863909557,0,1,0,0
503,500,2,1,"L'Ecuyer-CMRG","10407_-45802700_1615143626_-2042701238_888730131_1377217514_1210681860","10407_1438000383_616226070_-1019734903_-255061183_-1501118799_-1309257370",1910563616,55754334,691382172,679079334,1072444728,1762806658,2134364575,95.598,7.74099999999999,6.13199999999995,2.66699999999992,2.22900000000004,500.089,1,NA,"36817de9e60d","not-a-git-build","bbd3d4119dab4c61438d29ca56ae93a0","confirmatory",638.408,39.4556858542319,6.63953184384484,38.6744629255125,-0.310497544627793,58.4649941291407,19.6735271264292,1556.75114622784,44.0833831054296,1495.71408257684,0.0964087252198885,33.0160165899491,3.80206704333181,0,0.014,0.555,0.994,13.0171140948913,39.4050896347938,10.8573258183989,32.540917645156,40.8458844533322,6.70123352970217,39.9111842182103,-1.35953479597259,59.7017154218384,18.6244898750844,1668.38627677497,44.9065308196046,1592.90262569992,1.84833486146023,33.9271857576931,3.89377972792798,0,0.02,0.645,0.996,13.9343137726324,41.6138033584622,12.5251972488887,36.4313432690984,41.2214655281155,7.15258439127269,40.1747159903877,-0.953113507797372,59.9652471940159,19.0309111632597,1699.20922028562,51.1594634742777,1614.00780490831,0.908425358745812,32.8466075090571,4.45432698504674,0,0.085,0.725,1,16.0987792942244,52.5003538253707,16.1548526701888,49.3322647216736,40.8946976038353,7.94096783051072,39.9228337650264,-1.13344331820881,59.7133649686545,18.8505813528482,1672.37629210913,63.0589700852061,1593.83265582993,1.2846937555922,32.8072964983942,4.66190993862034,0,0.107,0.604,1,15.5191394557754,50.8800162722212,14.3268363414822,45.7843607889769,46.8787928496348,69.1581003307703,10.8073477981529,28.2371867088157,54.9894280288623,62.4511684301435,16.531596149952,22.9120685429703,22.2793074811355,17.4298389106628,7.46174040128118,6.38047239301821,0,1,0,1,48.4801587620186,70.7315229431272,9.40482240958481,28.0263671498917,55.8119716593033,63.5793886624235,15.791841182889,21.4450158120828,22.2513641811086,18.6215447403069,7.76741700312024,5.65317462919375,0,1,0,1,49.7995314232909,70.2013634777945,10.2891741454383,27.4066790131253,56.4327865137379,63.5174299237909,16.3103610668903,21.9919878522034,20.4018320545037,17.1175048676869,7.08464341005303,5.68162678531317,0,1,0,1,49.0114765960569,69.0389581548326,9.91765772589434,27.527435515531,56.3310500864295,63.0785555606037,15.8847436162247,21.7621313234269,20.0274815587757,17.6097777896366,6.74750547417415,5.87738770720221,0,1,0,1
505,500,2,1,"L'Ecuyer-CMRG","10407_-1203904727_26373404_106602468_1501402666_-1271284563_-1988052226","10407_-892544273_-253954423_-1659386733_-884001062_-1495579128_-1568469790",1072444728,1762806658,2134364575,1097665497,1895606466,974103970,738308951,96.876,7.91300000000001,5.77800000000002,3.37699999999995,2.20299999999997,494.397,1,NA,"36817de9e60d","not-a-git-build","bbd3d4119dab4c61438d29ca56ae93a0","confirmatory",635.41,40.1755271559908,13.2521598442287,39.6480449985922,9.5182950499395,60.3211923039715,30.1973965631593,1614.07298226176,175.619740536986,1571.96747221039,90.5979406577028,33.6898860626406,8.01045132901072,0,0.004,0.335,0.708,13.9051887636689,41.4202320255481,10.7708830268612,32.0177944729657,40.4979160102936,14.8514579344889,39.928755747967,11.2194778849772,60.6019030533463,31.898579398197,1640.0812011768,220.565802779894,1594.30553558081,125.876684011492,33.2583654795132,8.99111593205995,0,0.012,0.305,0.73,15.4845423246113,46.4081815577042,12.1290466938869,35.8469282152722,41.3497966449695,15.0878296749068,39.966559322675,11.2612471268292,60.6397066280543,31.940348640049,1709.80568258033,227.642604299,1597.3258640929,126.815686851518,31.3281126045772,8.90074957149477,0,0.246,0.355,0.823,20.4646352809625,62.2918696302703,14.4336780817363,45.1252243131471,40.6143554481586,13.9982455327829,39.7100664745488,9.95791720274011,60.3832137799281,30.6370187159599,1649.52586846937,195.950877996076,1576.88937941309,99.1601150166273,30.6208974172828,8.07244663718321,0,0.261,0.409,0.896,22.0943832532111,64.8193506260512,16.1687392674544,50.8661502881359,50.0054704772436,69.8674991212015,19.9850152014517,40.1959040627265,56.664730491025,63.933939931815,26.6789485709687,33.297548682197,19.8620286439579,20.2108888612747,7.26920944079,6.61860011122833,0,1,0,0,49.8737663318647,70.3789136038908,21.5152542110445,42.1935103192337,57.2908636580897,64.6420989312881,28.6361401782599,35.6462704619063,20.5051472720261,20.6782561081891,7.35123527319836,7.01013028364641,0,0,0,0,50.6335147010242,71.5801623357065,22.1932396538476,41.4504454432341,56.9193721415205,64.1540105425214,28.9034231157663,35.1314757744402,20.9466476346823,19.2572057893865,7.23463840100084,6.22805265867387,0,0,0,0,49.4431150803807,71.8564172955993,22.2758614298622,39.8363366907566,56.5613510618928,64.1973558652821,27.0980617191381,33.9062077562967,22.4133022152186,17.5604752608944,7.63600480338928,6.80814603715858,0,0,0,0
504,500,2,1,"L'Ecuyer-CMRG","10407_1578542079_-66787740_-844894990_-274254150_1929319638_596149782","10407_2087175887_-1489411071_619689035_329294295_-1222852359_-913155491",691382172,679079334,1072444728,1762806658,2134364575,1097665497,1895606466,98.1600000000001,6.96199999999999,5.89500000000021,2.22900000000004,2.298,506.892,1,NA,"36817de9e60d","not-a-git-build","bbd3d4119dab4c61438d29ca56ae93a0","confirmatory",647.282,43.6891379134115,10.1069636431848,43.040913389422,-6.830002936112,63.2193023551909,13.2933069050274,1908.74077161709,102.150714084659,1852.52022539573,46.6489401072985,37.2641065806307,5.89009453806559,0,0.024,0.379,0.872,13.4588334191789,40.2866261181344,10.4084641041771,31.6426452226533,44.2067064862056,9.92902378636634,43.5283700861968,-6.26941717226315,63.7067590519658,13.8538926688762,1954.23289835754,98.5855133502286,1894.71900236091,39.305591679868,37.5429502202547,5.68448806253335,0,0.022,0.42,0.94,13.885468761085,41.7143778811235,11.9892301718461,35.3778544681758,44.2651823132525,11.383566836251,43.4192440006508,-8.45009493643899,63.5976329664198,11.6732149047004,1959.40636522548,129.585593915393,1885.23074958805,71.4041044348318,36.2701562069782,6.58448516823071,0.001,0.081,0.495,0.975,16.2835831834233,51.04831165063,16.4815637818952,50.1997729799185,43.8673399392754,11.7639255449603,43.2418871888767,-7.55209726938819,63.4202761546456,12.5712125717512,1924.34351334795,138.389944227369,1869.86080765553,57.0341731663006,35.7314264224084,6.77367466907398,0,0.065,0.452,0.95,16.1009020096865,53.6004515257843,14.6517325013939,48.5311348149928,52.7466506097586,72.8906993524298,3.4288248032752,22.0170949295137,59.6461369458144,66.8522644317071,10.47881906,16.4388403383965,20.1440487426711,18.5882701262385,7.20612748589269,5.96002127839646,0,1,0,0,52.5961946849751,74.2652911816195,4.97209309326227,22.288170184515,60.0630799789625,67.5066383009262,10.8528365322529,16.8883777564441,21.6690964966444,17.3160770912528,7.44355832196364,6.03554122419117,0,1,0,0,53.1877999923511,74.589033687059,2.6495805490222,20.9678159589939,59.2215034251838,67.6202474803721,8.68673462739279,15.1013780750914,21.4012336947079,18.3182354099717,8.39874405518836,6.41464344769862,0,1,0,0,52.6725522232773,74.1241425089173,2.23709851641684,22.1385781217201,59.2175506110018,67.4042667285653,9.25267506708657,15.9596804696569,21.45159028564,19.9014796053033,8.18671611756352,6.70700540257038,0,1,0,0
507,500,2,1,"L'Ecuyer-CMRG","10407_741957019_-1763067220_1528951232_-2004254634_-1076741280_-651196841","10407_-1195213841_1167866047_268425280_-830910839_-1502219234_-641282549",1895606466,974103970,738308951,2080796091,980107508,561690942,1278462795,97.752,5.95100000000002,6.82299999999987,2.17800000000034,3.79300000000012,496.086,1,NA,"36817de9e60d","not-a-git-build","bbd3d4119dab4c61438d29ca56ae93a0","confirmatory",635.57,34.8799128684297,7.60616538886286,34.2680151385124,-0.166619880059766,54.6352220226924,20.2679019790656,1216.60832170925,57.8537519227354,1174.29686153331,0.0277621844311309,28.7900243871876,4.35775244277062,0,0.002,0.357,0.986,12.6535385090159,38.2425947337309,9.2831486011982,29.6527036122706,35.6711448160642,9.17628243369494,34.988771625535,1.3092959133377,55.355978509715,21.7438177724631,1272.43057248863,84.2041593029383,1224.21413986384,1.71425578868279,29.0817103683736,5.28503393311487,0,0.017,0.407,0.971,13.6868474130107,41.2522529583942,11.6008254764197,34.215530456949,37.2146419035635,9.28182132365853,35.370609903279,2.13693988528262,55.737816787459,22.571461744408,1384.92957201046,86.1522070843223,1251.08004492994,4.56651207331168,27.3270258896884,5.3284985359521,0,0.238,0.469,0.987,19.5493506766956,57.0057368609201,13.1913225844338,42.188673172482,37.0929674217188,8.79641648351824,36.1115743250514,0.186963185920316,56.4787812092314,20.6214850450457,1375.8882321487,77.3769429515114,1304.04580023371,0.0349552328894747,27.6722422458977,5.12026510643691,0,0.206,0.537,0.997,20.2801886131225,59.8686831037812,14.862652837095,45.9385406596538,42.8022318271654,65.5877870616113,11.2021903621268,28.9865220367234,51.0078346640875,58.4296476805531,17.4172147125697,23.2263096638332,22.7855552344459,17.7843316745966,7.42181301646568,5.80909495126352,0,1,0,1,45.409576743062,63.7204194333156,12.5722138989974,31.2930117581504,52.515233939384,58.3918478325148,18.2937198205911,25.2437773253211,18.3108426902536,18.720797859153,5.87661389313077,6.95005750473001,0,1,0,1,45.3994937028958,66.7647902829834,13.7219398075726,31.9368328018166,52.1567579786366,59.0198058603399,19.2531870075684,25.7978140981893,21.3652965800876,18.214892994244,6.8630478817033,6.54462709062093,0,1,0,1,46.7414594422666,65.8183486187104,10.8163190582321,29.6302974182056,52.8309040550332,60.3227716800712,17.6923169244178,23.7560609040139,19.0768891764439,18.8139783599735,7.49186762503797,6.06374397959609,0,1,0,1
506,500,2,1,"L'Ecuyer-CMRG","10407_345091415_-2082683702_1056249689_1025566405_-2043183886_1112909435","10407_686075793_547322498_1933539156_846288640_781830223_-2032348053",2134364575,1097665497,1895606466,974103970,738308951,2080796091,980107508,94.7149999999999,7.47499999999991,5.85699999999997,2.69200000000001,2.12300000000005,504.462,1,NA,"36817de9e60d","not-a-git-build","bbd3d4119dab4c61438d29ca56ae93a0","confirmatory",642.032,39.611799192404,7.24003432265621,38.8247706300464,-0.52223369307281,59.2189721654645,19.8852217551935,1569.09463525934,52.4180969932399,1507.36281447571,0.272728030180466,33.1927799264539,4.1809794259496,0,0.003,0.519,0.997,12.9370915661694,39.5915225244097,11.5924447625955,34.0996837802964,41.0554180428451,7.46991966105758,40.2104400404887,0.881611190019747,60.6046415759068,21.289066638286,1685.54735067277,55.7996997426546,1616.87948824974,0.777238290368034,34.4101046575228,4.32533951585956,0,0.005,0.582,0.996,13.0157366349719,40.7986649831393,13.0287169563713,38.1161069298115,40.043974812813,7.9298385690553,38.9049191122222,0.173968404958227,59.2991206476403,20.5814238532245,1603.5199188092,62.8823397312769,1513.59273112855,0.0302650059237098,30.7668569955876,4.84596563023997,0,0.19,0.708,0.999,18.6054898303637,58.4565261416093,17.2096068664684,51.939238516966,40.720487051433,7.43194258026918,39.6370155170199,0.292494829481399,60.0312170524381,20.6999502777477,1658.15806570592,55.2337705164181,1571.09299909648,0.0855532252733525,31.3721592692207,4.75116482093407,0,0.154,0.736,0.998,19.1013780297337,58.8698682153913,17.7311030408999,54.1210076317359,47.6896961990452,71.6237265869276,8.6481039521669,31.1026332640021,54.6268860894297,63.5614379309658,16.5276201281246,23.4826429440367,23.9340303878824,22.4545293118352,8.93455184153604,6.95502281591207,0,1,0,1,50.0523860130069,71.9671745397586,11.6872673235029,31.0809553858666,56.7496533980528,64.1077951618018,17.6007965909454,24.5143067630358,21.9147885267518,19.3936880623637,7.35814176374904,6.91351017209038,0,1,0,1,46.3453736363432,71.1475034889324,11.2096164892422,31.0435382311143,55.485918514761,63.7007764795919,17.0114349740729,23.5678802343915,24.8021298525891,19.8339217418722,8.21485796483093,6.55644526031864,0,1,0,1,49.1232427531026,71.0257957034804,10.2628425076418,30.7541550013235,56.0548385975501,64.4675104355439,17.4614215832265,24.4484209789226,21.9025529503778,20.4913124936817,8.41267183799388,6.98699939569606,0,1,0,1
509,500,2,1,"L'Ecuyer-CMRG","10407_-1625023864_214547792_-1801171314_-2133895651_52484732_884668675","10407_-458180814_623996105_-1832718714_626998712_1059591124_-1610284664",980107508,561690942,1278462795,1949901709,206307603,988193632,10492375,95.6950000000002,6.52600000000029,7.76499999999987,2.21199999999999,2.6260000000002,500.607,1,NA,"36817de9e60d","not-a-git-build","bbd3d4119dab4c61438d29ca56ae93a0","confirmatory",641.805,48.0582534502428,8.86926051097868,47.5757174996965,4.86629004660372,67.7141266582674,24.8613840007789,2309.59572468778,78.6637820116058,2263.44889561093,23.6807788176745,41.9068610917049,5.0547444421132,0,0,0.422,0.955,13.078122607442,39.3872056818191,10.7013253864196,31.8325184875788,51.0111045816718,9.56341979281278,50.4744968671867,5.62399782788487,70.6129060257576,25.61909178206,2602.13279064226,91.4589981335633,2547.67483399564,31.6293515680537,43.9286349296196,5.38219573297325,0,0,0.442,0.952,15.4949082557386,45.0583338461501,11.5057870817663,34.7430837046871,47.7079368285513,9.24335272828513,47.0079076371608,4.83370862675547,67.1463167957317,24.8288025809306,2276.04723643705,85.4395696594962,2209.74338042384,23.3647390883703,38.4305431973834,5.2925398869981,0,0.019,0.538,0.993,19.5825389728453,60.2126047745325,14.1385969440861,46.5511960251845,50.9707259293436,9.32678295651336,49.8256431127861,5.7167949805686,69.9640522713571,25.7118889347437,2598.01490176426,86.9888803179081,2482.59471160273,32.6817448498543,40.7960918989534,5.30197114679094,0,0.018,0.548,0.992,21.4832204315788,62.1576154972025,14.9297646741456,46.6455463250695,57.4104423290634,77.1073951139646,15.4006945985963,34.2564819395434,64.0427190682013,71.7636061582525,21.4972004810789,28.4295190524598,19.6969527849012,18.8557873409471,7.72088709005119,6.93231857138097,0,1,0,0,59.8016886421581,80.2637761538587,16.1129551896953,35.5306771686695,67.3384742625253,73.7354047241059,22.4445218982288,28.9401448736601,20.4620875117006,19.4177219789742,6.39693046158062,6.49562297543131,0,1,0,0,57.0427749196867,76.8581801020128,15.5211409842218,34.4869664318099,63.3273949960223,70.7469432586502,21.3381990010555,28.1265688908969,19.8154051823261,18.9658254475881,7.41954826262793,6.78836988984141,0,1,0,0,58.8207801674032,79.4938008887497,15.5582185707414,35.6584443225762,66.0339047699935,73.8048618258885,22.6568339348135,28.6335209088528,20.6730207213465,20.1002257518348,7.77095705589493,5.97668697403929,0,1,0,0
508,500,2,1,"L'Ecuyer-CMRG","10407_1655905328_1692891768_1417427854_-174103733_-886235663_1614064693","10407_-1278976970_-1146323575_429257378_1818280062_21492647_322278769",738308951,2080796091,980107508,561690942,1278462795,1949901709,206307603,96.922,5.88499999999976,7.67999999999984,2.11999999999989,2.19700000000012,501.076,1,NA,"36817de9e60d","not-a-git-build","bbd3d4119dab4c61438d29ca56ae93a0","confirmatory",642.692,36.1831304303183,7.79576141951712,35.5754220806886,-4.36335591502671,55.3889517660737,15.5951322790463,1309.21892773743,60.7738961100316,1265.61065621915,19.0388748411986,29.7439170072691,4.46864267389026,0,0.003,0.483,0.99,13.8818083154238,40.3734723657092,11.7955716997374,35.1099324987646,36.4926852571236,10.2572754842753,35.7939324989944,-5.10727383051388,55.6074621843795,14.8512143635591,1331.71607727548,105.211700360314,1281.20560374256,26.0842459798519,29.7251562637451,5.87357804458615,0,0.015,0.404,0.934,14.010079215745,42.3831286830606,12.1210890921556,36.5442142213937,36.4934734584229,10.4227636032357,35.6875187396743,-3.93497365282151,55.5010484250594,16.0235145412515,1331.77360506062,108.634001128935,1273.59899379461,15.4840176483994,27.5016773958176,5.95177224995935,0,0.239,0.512,0.985,19.3767155470281,58.3280059598933,16.21521151802,48.9379966343866,36.1234351941347,8.9553472691417,35.398767522944,-5.05334302267805,55.2122972083291,14.9051451713949,1304.90257022485,80.1982447109237,1253.07274214343,25.5362757048489,27.8706099515651,5.20370062929724,0,0.17,0.567,0.996,16.6491490972999,54.4295548160331,15.0041853465425,46.0831074603869,44.6612280342367,66.1631425244957,5.4923441701274,26.5806967650517,51.687856472163,59.23658407602,12.2852722972912,19.157440398723,21.5019144902589,21.0883525949243,7.54872760385695,6.87216810143176,0,1,0,0,45.0725929347113,65.9923919376657,5.91244988749248,24.0628219536339,52.0091997036274,59.21821190797,11.7539062889777,17.6784013991014,20.9197990029544,18.1503720661414,7.20901220434254,5.92449511012371,0,1,0,0,44.1341859804021,67.6195495011207,5.48095002341472,25.813364918845,51.511912195268,59.391087622694,12.5893614413538,19.559609404283,23.4853635207186,20.3324148954303,7.87917542742594,6.9702479629292,0,1,0,0,44.6936031990887,66.2562774135917,5.63608647185878,24.4874120583132,51.2572062547787,59.3738535059024,11.3584036605943,18.376602569302,21.562674214503,18.8513255864544,8.11664725112373,7.01819890870767,0,1,0,0
511,500,2,1,"L'Ecuyer-CMRG","10407_-117945809_-142517657_131497863_1784047298_1381841127_584709127","10407_-880759071_1895951398_1217035834_500023530_1505138539_976142743",206307603,988193632,10492375,1757368713,117042651,1596662321,1969165519,97.2760000000003,6.23800000000028,7.36400000000003,2.19299999999976,3.94399999999996,501.079,1,NA,"36817de9e60d","not-a-git-build","bbd3d4119dab4c61438d29ca56ae93a0","confirmatory",641.819,40.2031524064691,9.21862055739466,39.2217670249833,-3.46025285943152,58.9349478917933,16.351262675346,1616.29346341778,84.9829649812195,1538.34700856207,11.973349851204,33.7807321527898,5.35486314227368,0,0.008,0.365,0.878,12.5081176918884,38.0822148842844,9.63333812622619,29.6801303445713,41.532462399939,8.87946202413487,40.1749391582891,-3.19724369468413,59.888120025099,16.6142718400934,1724.94543300235,78.8448458380533,1614.02573637223,10.2223672431974,34.2665960904677,5.10450286592737,0,0.04,0.401,0.912,13.6628822397971,41.4487852828532,10.0592314474532,31.6596707837191,41.9111304164398,9.32010176428395,40.21849696693,-3.62574445665185,59.9316778337399,16.1857710781256,1756.54285278383,86.8642968966088,1617.52749827896,13.1460228649416,33.0181496635176,5.32839577728545,0,0.113,0.443,0.973,16.9409589363931,50.6349338806277,12.0247335642146,39.0588239771529,41.6445849455099,9.32336313983519,40.043395593244,-3.0771402742996,59.7565764600539,16.7343752604779,1734.27145528379,86.9251002372375,1603.47353063703,9.46879226771663,32.7095149372948,5.33211500761409,0,0.149,0.413,0.952,16.499008151125,52.5965299728245,11.1697196336753,39.2692751321757,47.6965579482194,69.6003639236161,6.32121661649136,25.2845617812978,55.1134249698147,62.4705406762767,13.0720784121857,19.5507932607309,21.9038059753967,18.9633451648064,7.35711570646203,6.47871484854526,0,1,0,0,49.0060078211737,70.1059770393726,7.75078280454362,25.3226666949886,56.1261415476536,63.5590773146934,13.4372689748876,19.6467629652718,21.0999692181989,17.571883890445,7.43293576703982,6.2094939903842,0,1,0,0,48.951483416069,70.9049093787423,7.76256211283355,25.8035278610392,55.6599707672372,63.8890583072914,13.0401121850494,19.0802422081364,21.9534259626733,18.0409657482057,8.22908754005419,6.040130023087,0,1,0,0,48.527039392984,71.7688405602701,7.41917217744911,25.4738312568615,55.7980907741019,63.4092661661743,13.5862725460536,20.2811888882155,23.2418011672861,18.0546590794124,7.61117539207239,6.69491634216197,0,1,0,1
510,500,2,1,"L'Ecuyer-CMRG","10407_-381903485_-416375575_-1457472017_-1155954049_35538312_272300661","10407_392623589_1002543905_-368477186_-720623040_-1857244216_-1151830501",1278462795,1949901709,206307603,988193632,10492375,1757368713,117042651,97.4629999999997,5.71300000000019,6.70800000000008,2.13299999999981,3.58099999999968,496.976,1,NA,"36817de9e60d","not-a-git-build","bbd3d4119dab4c61438d29ca56ae93a0","confirmatory",637.556,25.3465569271937,9.53049936250603,23.934592135834,3.69375441243347,44.029891146237,23.9249865352022,642.447948063473,90.8304180987278,572.864700708725,13.6438216593717,18.5619603331309,5.47558500468802,0.021,0.358,0.403,0.947,13.167065667186,40.2738824502996,11.476061891038,34.469264575748,25.806463496304,10.0062096948489,23.9804800907024,3.39452935581017,44.0757791011054,23.6257614785789,665.973558186073,100.124232457289,575.063425380573,11.522829547457,18.133342905867,5.74994501414865,0.051,0.486,0.419,0.945,15.3656592698342,45.7544377921836,12.7283972258786,37.766100620734,24.8135338454298,11.9092707780728,23.2534497856752,1.35546514921386,43.3487487960783,21.5866972719826,615.711461898288,141.83073046546,540.72292693492,1.83728577073336,16.2447291494365,6.77919788861181,0.066,0.759,0.476,0.982,19.522023501551,60.6272035528661,16.704430578135,51.0823417379433,26.500041590354,11.8097039432257,24.5452822056573,4.23811145603839,44.6405812160603,24.4693435788071,702.252204290492,139.46910722664,602.470878555357,17.9615887138039,18.1673004169925,6.83259126455714,0.066,0.573,0.427,0.944,17.3052498239265,51.9585154122773,15.0118197280233,45.5957972222374,34.3457489788459,54.7023895117096,14.1622460893283,33.0470959815704,40.3814106131894,47.3525797184499,20.9072531572282,26.9479041108518,20.3566405328637,18.8848498922421,6.97116910526042,6.04065095362355,0,1,0,0,34.0799044268653,54.608343599886,13.1936496380838,33.692422632944,40.1828946799323,47.6722786161992,19.8226006537567,27.2641410440683,20.5284391730207,20.4987729948602,7.48938393626693,7.44154039031165,0,1,0,1,32.6427748135882,54.6240406389844,11.7546476992529,31.1775119187872,39.5022727064311,47.3711064005485,18.1200989507485,24.876221245471,21.9812658253962,19.4228642195343,7.86883369411746,6.75612229472252,0,1,0,1,33.2380929252653,55.7463967711913,14.8170041864818,34.0227412628169,40.8140199053124,48.769821997633,20.880336146453,28.042077152861,22.5083038459261,19.2057370763351,7.95580209232062,7.16174100640799,0,1,0,0
513,500,2,1,"L'Ecuyer-CMRG","10407_1988390369_-1303834323_1577322486_505222887_1178454230_-1709062952","10407_967423687_-1493731725_1823775866_1611144725_-1053434167_-940716879",117042651,1596662321,1969165519,1732806763,595048909,1845896420,1599699898,95.4919999999997,6.39599999999973,7.51699999999983,2.24299999999994,2.17599999999993,497.262,1,NA,"36817de9e60d","not-a-git-build","bbd3d4119dab4c61438d29ca56ae93a0","confirmatory",637.124,26.8305498739421,5.81840836310419,25.5975910429945,2.33485223033839,45.9251462910686,22.7238899514046,719.878406538096,33.8538758798407,655.236667204391,5.45153493751616,20.046751992308,3.55676423869532,0.003,0.261,0.695,1,13.6381544453888,39.8506744212868,12.4838823605847,37.5781422888501,27.3122347553572,6.79992112834131,25.911271906368,2.89689864852113,46.2388271544421,23.2859363695874,745.95816733174,46.2389273516625,671.394011805733,8.39202177980355,19.9634072356344,4.00152119587618,0.014,0.301,0.654,0.997,14.4984036165266,43.9508540007304,13.1550014611395,39.0872665552026,27.5960952790845,8.31245212196994,25.9587984821325,3.12090244828817,46.2863537302066,23.5099401693544,761.544474652307,69.0968602800426,673.859218635964,9.74003209173112,18.8221594322126,5.15787011798576,0.027,0.598,0.749,1,18.2137342492848,56.2054143684267,19.0397231968747,56.5728749916676,28.7637388060098,9.07899427738439,26.6775327003287,2.86676571016863,47.0050879484028,23.2558034312349,827.352670100352,82.4281370887786,711.690750977109,8.21834563699862,19.4227032739256,5.47267494850887,0.044,0.595,0.67,1,19.5733451917554,58.3545950173012,18.7745715851508,56.739983560302,36.6627789489843,56.5800676390697,12.4673415860774,32.0819255287228,42.5156047343327,49.021140164347,19.2015276227656,26.1160889221966,19.9172886900854,19.6145839426454,6.50553543001429,6.91456129943096,0,1,0,1,35.3580954695449,56.8044404762537,13.8487510515699,33.9615261299048,42.6410731119784,49.5171096335621,19.6618251350642,26.5786513840604,21.4463450067088,20.112775078335,6.8760365215837,6.91682624899619,0,1,0,1,34.7218044578826,57.7112862265908,13.4841931975812,33.2684841606181,41.8661629420731,50.8870419872686,20.2113029938495,26.8573783703218,22.9894817687081,19.7842909630368,9.02087904519547,6.64607537647232,0,1,0,1,36.1372738266109,57.6350464740761,13.812068319451,33.5967297839863,43.3701796119187,50.8167645518748,19.9402562715229,26.2849685853159,21.4977726474652,19.7846614645352,7.44658493995613,6.34471231379301,0,1,0,1
512,500,2,1,"L'Ecuyer-CMRG","10407_1422531121_274473093_1530587408_-1462730961_-896648936_-957868465","10407_348279397_549108041_1538909135_1983733056_1716682135_474745850",10492375,1757368713,117042651,1596662321,1969165519,1732806763,595048909,96.5450000000001,7.48199999999997,5.596,3.1579999999999,2.09400000000005,506.928,1,NA,"36817de9e60d","not-a-git-build","bbd3d4119dab4c61438d29ca56ae93a0","confirmatory",644.584,38.7883990056892,14.0883996498603,37.9562519449241,-11.3705617129964,57.7372649152847,8.41619188372406,1504.53989742455,198.483004694184,1440.67706170655,129.28967366906,33.037469862723,9.05532871971546,0,0.007,0.251,0.604,11.2141637324061,34.534645870232,9.35441223538688,28.5552285644249,37.9862197774995,14.0874475193582,37.0687766405507,-11.872088001301,56.8497896109114,7.91466559541947,1442.95289298449,198.456177610672,1374.09420162704,140.946473510635,31.2534224649664,8.91516616998483,0,0.033,0.224,0.682,13.5940305692488,40.5548115824237,10.5346169320161,31.8014807820834,39.1758424833815,13.5893601683771,37.7684013690178,-10.9396785507993,57.5494143393784,8.84707504592116,1534.74663428272,184.670709785874,1426.45214197123,119.676566794818,30.3652160174237,8.18638545478796,0.012,0.252,0.291,0.829,16.8823778648515,55.535895089892,11.2864038667247,37.2622259073936,41.6739782098633,13.8818838150282,40.111003513171,-10.7386805809556,59.8920164835316,9.04807301576484,1736.72045983616,192.706698253943,1608.89260283362,115.319260619793,33.0881809201391,8.42049979681929,0.03,0.228,0.299,0.772,17.359305719572,52.3015122151405,11.0880839009574,37.1287554433327,46.9004802551361,68.5574197460808,-0.86900411665848,18.3351985740142,53.7006471566147,61.5394074223379,5.15996074706513,11.473388169677,21.6569394909447,19.2042026906727,7.83876026572318,6.31342742261184,0,0,0,0,44.5197451642913,67.6280553551472,-0.452267354603207,16.3393278799423,53.0897828157598,60.9273984040892,4.95269415165913,10.9623893845963,23.1083101908559,16.7915952345455,7.83761558832943,6.00969523293717,0,0,0,0,47.8865634693369,68.825416982227,-0.247069398461634,17.5241972711671,53.9437891507867,61.124669188182,5.6876932432102,12.0097435060744,20.9388535128901,17.7712666696287,7.18088003739534,6.3220502628642,0,0,0,0,47.5847393245001,71.9374360255642,0.0441582694867397,17.1852462145424,55.8762329685046,63.6486129155429,6.032383497557,12.1271467404317,24.352696701064,17.1410879450557,7.77237994703832,6.09476324287473,0,0,0,0
515,500,2,1,"L'Ecuyer-CMRG","10407_-2075598201_472935462_58105892_383789013_-1378904584_887733029","10407_1569768771_1534182057_856824247_-339126447_-1141450795_1359342119",595048909,1845896420,1599699898,1043965768,462524082,565963598,1396756769,93.7069999999994,7.60400000000027,7.01199999999972,2.22900000000027,2.18199999999979,509.639,1,NA,"36817de9e60d","not-a-git-build","bbd3d4119dab4c61438d29ca56ae93a0","confirmatory",646.968,35.7204171785102,9.8548832736625,34.6873501358375,-3.98111836845899,54.6309261069929,16.1884581978819,1275.94820340681,97.1187243375129,1203.21225944619,15.8493034636815,29.3994102424893,5.71194961013175,0,0.017,0.385,0.89,12.2135368281292,37.17908465236,10.6878337709686,32.1695239613791,34.7533912227103,9.91675329659875,33.513721568726,-2.29660059614244,53.4572975398814,17.8729759701984,1207.79820147876,98.3419959456023,1123.16953338609,5.27437429820179,27.4655525955635,5.69242903434653,0,0.081,0.422,0.948,14.0140264723991,42.7960489382421,12.2793650971698,36.3565348128279,34.4961393874922,10.6052891489364,33.1262895156475,-3.50781539734598,53.0698654868029,16.6617611689949,1189.98363264129,112.472157932548,1097.3510570745,12.3047688618575,25.2064438130941,6.06169087862852,0,0.308,0.466,0.971,17.8625857778157,59.8381329173387,14.3800113680716,45.2101399447447,35.4677005394197,10.3449913780417,34.2978300942668,-3.79539766481395,54.2414060654222,16.3741789015269,1257.95778155395,107.018846611758,1176.34114917519,14.4050434340752,26.9707746153103,5.88964420793363,0,0.217,0.402,0.954,15.3231019815313,54.6759766784037,12.1303100605979,42.3470805037174,43.4167789704555,66.6684460474769,6.56532123145105,26.496145211171,50.7165166253407,58.3572705640687,12.987663168848,19.7932450658929,23.2516670770214,19.93082397972,7.64075393872807,6.80558189704494,0,1,0,0,43.6599404612754,64.524654875249,8.3745180203978,27.8222187222619,49.5882132714853,57.066104554023,14.128288792441,21.4312786002761,20.8647144139736,19.4477007018641,7.47789128253771,7.30298980783504,0,1,0,1,42.383883628551,64.0006672116032,5.83781613423849,26.4326907518178,48.9868114717428,56.9390594867257,13.2039687557481,20.2059681760734,21.6167835830522,20.5948746175793,7.95224801498296,7.00199942032527,0,1,0,1,43.0150476145169,66.6844682532329,6.59604000772742,26.244201759194,50.5821625151486,58.5886758493343,13.156352985057,19.6773352394483,23.669420638716,19.6481617514666,8.00651333418571,6.52098225439138,0,1,0,0
514,500,2,1,"L'Ecuyer-CMRG","10407_1120191698_1118045187_-1206206822_1925173957_1265501404_-463524277","10407_1381487092_-642877159_2109833337_1422146688_1676260427_858178406",1969165519,1732806763,595048909,1845896420,1599699898,1043965768,462524082,96.1410000000005,5.75500000000011,6.71699999999964,2.10300000000007,3.34000000000015,499.45,1,NA,"36817de9e60d","not-a-git-build","bbd3d4119dab4c61438d29ca56ae93a0","confirmatory",639.573,29.511249997716,10.3494678276509,28.6701510427887,9.4155850266293,48.7769696372785,29.4223617558064,870.913876427693,107.111484315582,821.977560816318,88.6532413936859,22.2390148964416,6.18899986039604,0,0.219,0.237,0.989,15.6052588688111,45.2498419536121,12.4118136728536,36.7500503470635,31.5487716275926,11.1223526621974,30.1798635069125,9.64008018660396,50.2866821014023,29.6468569157811,995.324991209992,123.706728742289,910.824161295871,92.9311460041542,23.5936116798664,6.65092791758685,0.001,0.253,0.286,0.926,16.1370750436733,47.0341300384307,12.5766101731072,36.9932519525757,31.432507044015,11.8328589442513,29.7216083996179,9.5137293454785,49.8284269941077,29.5205060746556,988.00249907205,140.016550794549,883.374005860239,90.5110460590187,21.7435423277168,7.04024240510637,0.029,0.548,0.39,0.979,20.3279117127425,62.3958728317151,16.5147450863435,49.4582393514933,31.0869663403514,11.9086017878087,29.7912906845706,9.52191821327127,49.8981092790604,29.5286949424484,966.39947624614,141.814796540601,887.521000652585,90.6669264602271,21.1509634555381,7.11164148154791,0.014,0.627,0.46,0.984,21.7677428944468,68.1223700021927,18.0164676572599,54.4760524678958,37.8061684422041,60.8917121199022,19.6121721776334,39.9327447943071,44.7940480553059,52.8104026202458,26.0756531446413,32.582458534253,23.0855436776981,20.3205726166737,8.0163545649399,6.50680538961165,0,1,0,0,40.1510263260007,62.6536624845389,20.6894199939904,38.6783190039942,46.2396973889698,53.8395177127982,26.6839186079444,32.6579184084696,22.5026361585382,17.9888990100038,7.59982032382836,5.97399980052523,0,0,0,0,38.9904358114198,60.7991197955641,18.9977782387599,38.7698047126815,46.0296918081724,53.5494537210428,26.092761759184,33.2126872506844,21.8086839841444,19.7720264739216,7.51976191287038,7.11992549150046,0,1,0,0,38.4086815413222,62.1716458572328,19.5729909417955,38.5109708308519,45.615761482476,54.2876774416102,26.084319395935,33.168162374818,23.7629643159106,18.9379798890564,8.67191595913421,7.08384297888303,0,1,0,0
517,500,2,1,"L'Ecuyer-CMRG","10407_-1133733444_-1382946463_-1914514175_-492303310_-1473153180_-1405001987","10407_-1180996235_1173567053_579823611_1052849458_-1231584837_535809573",462524082,565963598,1396756769,1105376138,1790263432,643428290,1468064885,97.0349999999999,7.93499999999949,5.89199999999983,3.11800000000039,2.15999999999985,497.821,1,NA,"36817de9e60d","not-a-git-build","bbd3d4119dab4c61438d29ca56ae93a0","confirmatory",636.84,32.1162481522327,9.52911383625161,31.1055935846307,-3.45288580975739,51.5372393823319,16.8724292870925,1031.45339537579,90.8040105042419,967.557952252221,11.9224204152239,25.4955295818778,5.54204212044514,0,0.088,0.362,0.894,12.9186776129268,39.5680007231076,10.358145647739,31.3929940029331,34.5301922095831,10.5016715855897,33.6639247598275,-2.9634670494015,54.0955705575287,17.3618480474484,1192.33417403075,110.285106091583,1133.25983023533,8.78213695288842,27.8688915123017,6.07007750032524,0,0.034,0.388,0.89,13.1976061900793,40.8211385283607,11.174717374224,32.7829514501491,32.7846906243495,10.9617777315504,31.4004518428425,-2.63172764609952,51.8320976405436,17.6935874507504,1074.83593933431,120.160571035914,985.988375934668,6.9259904032445,23.3308616053316,6.24915297064273,0.002,0.394,0.445,0.943,19.526978086266,59.975974307968,13.49166508852,40.8183866637682,32.8868755702029,10.2748600471845,31.8003585053971,-2.73539614342954,52.2320043030982,17.5899189534204,1081.54658477001,105.572748989229,1011.26280107178,7.4823920614892,24.9796006453591,5.87534696392367,0,0.225,0.441,0.951,14.1619142803949,50.0835260775877,12.8367179054877,40.214169633398,42.2252543687728,62.763986248518,8.08059999236139,26.440979739802,47.6760777179069,55.2177927643519,13.775213055856,19.9055381975843,20.5387318797451,18.3603797474407,7.54171504644498,6.13032514172826,0,1,0,0,43.1328627026781,63.2512846783858,7.97842744710589,26.2534332056523,50.7392486650269,57.6891151525284,14.4749961764403,20.4882804735204,20.1184219757077,18.2750057585464,6.94986648750147,6.01328429708007,0,1,0,1,40.7148060011403,62.9008148622222,8.31565178534595,26.8933600071969,47.9940596910076,55.6548683547241,14.4276145912394,20.8372604035368,22.1860088610819,18.5777082218509,7.66080866371643,6.40964581229735,0,1,0,1,41.0937259804671,62.8713585586604,9.25236589990609,27.5920436783508,48.2941840045656,55.7855402701313,14.0992516346406,20.5467209960949,21.7776325781933,18.3396777784448,7.49135626556562,6.44746936145427,0,1,0,1
516,500,2,1,"L'Ecuyer-CMRG","10407_-353436010_214627762_671050546_-695907325_-1842928120_1843695570","10407_-20091208_-672339356_-1931452850_-705905259_-429632714_1364749895",1599699898,1043965768,462524082,565963598,1396756769,1105376138,1790263432,96.1410000000005,6.50799999999981,5.5639999999994,2.2489999999998,2.42500000000018,508.929999999999,1,NA,"36817de9e60d","not-a-git-build","bbd3d4119dab4c61438d29ca56ae93a0","confirmatory",646.608,42.6503820608909,8.43089109318988,41.9015406878071,3.73435113137744,61.7854761061406,23.7400245521257,1819.05508993997,71.0799246252284,1755.73911201195,13.94537837242,36.2139775902317,4.85037362026813,0,0.008,0.45,0.988,12.858129948915,40.0436414738658,11.5979604228698,36.1570551138678,44.7375399865507,9.76284612212878,43.5496137352769,5.5838380653617,63.4335491536105,25.5895114861099,2001.44748404822,95.313164404365,1896.56885649182,31.1792475401823,37.1508055948951,5.56988812797973,0,0.02,0.416,0.974,14.861652847008,44.7679751928307,12.1584326908519,36.9324147241343,44.2008352099565,10.095802220685,42.0833572180755,5.54858733101911,61.967292636409,25.5542607517673,1953.71383325773,101.925222479189,1771.00895474414,30.7868213699458,33.8485639947717,5.94764714989442,0.01,0.254,0.606,0.995,19.5741954928679,60.3953991410991,18.4788337493717,56.8353826408868,43.8319824089445,10.81790964292,42.1550867559574,3.89151970681581,62.0390221742909,23.897193127564,1921.24268189802,117.027169042382,1777.05133940229,15.1439256285358,33.6147125677166,6.27988200110389,0.002,0.25,0.601,0.986,19.6784087492316,62.5908569365446,18.6203229455697,55.3986483126776,51.6189447012075,72.3287259721078,14.2529409562412,33.2652633934405,57.8249437977917,65.6224988724136,20.5032919572381,27.1469141772515,20.7097812709003,19.0123224371993,7.79755507462198,6.64362222001344,0,1,0,0,53.1738285511513,74.5018003892014,15.7331190951977,34.3702750588023,59.5609609860556,66.9353629983459,22.6638168999504,28.7333460449616,21.3279718380501,18.6371559636047,7.37440201229035,6.06952914501124,0,1,0,0,49.7683754073966,73.5079991614353,15.5546241499462,35.3123138883872,58.1858265760951,65.6935383330799,22.3511043967165,28.9296467976369,23.7396237540387,19.757689738441,7.50771175698483,6.57854240092046,0,1,0,0,51.0592432519464,73.255457724105,13.6461455311356,35.5734388162223,57.8702072872024,66.1677341647176,20.2115237213718,27.1888933766669,22.1962144721586,21.9272932850866,8.29752687751514,6.97736965529515,0,1,0,0
519,500,2,1,"L'Ecuyer-CMRG","10407_-1296106748_-1076004933_-809072580_37086846_899805567_500520155","10407_1569672647_1179521730_-720895351_-2084439548_-472156204_81615999",1790263432,643428290,1468064885,1015978623,83509315,1622993778,677846686,96.0950000000003,8.01000000000022,6.10500000000047,3.22499999999945,2.20799999999963,493.906,1,NA,"36817de9e60d","not-a-git-build","bbd3d4119dab4c61438d29ca56ae93a0","confirmatory",632.375999999999,32.25967364789,10.4777953128372,31.3050731344662,6.28701290058534,51.3514644773048,26.0723820996124,1040.68654386837,109.784194617712,980.007603954277,39.5265312121264,26.0242564292889,6.00626083163162,0,0.074,0.371,0.944,12.0769911771125,37.3469681255414,11.857554502736,36.4111418401785,32.4625742325478,11.9922995960973,31.4347068874431,7.47270710935473,51.4810982302817,27.2580763083818,1053.81872580368,143.815249602555,988.140797099462,55.8413515422008,25.809722311003,6.88809883949745,0,0.071,0.362,0.915,12.9730674962045,39.7403517028001,13.1148616797404,39.4182638826463,33.7803991922274,12.6516307498102,32.7426936013155,7.03004478654078,52.7890849441541,26.8154139855678,1141.11536958624,160.063760629544,1072.08398426963,49.4215297007692,25.9909416537021,7.26447274464008,0,0.199,0.553,0.989,14.8375723864755,48.9667593045266,20.4712275390137,60.2725572038653,34.3714372885844,11.878434922594,32.8803437186882,6.18366247172393,52.9267350615268,25.969031670751,1181.39570128309,141.097216210301,1081.11700305908,38.2376815642069,25.377437837089,6.73419938786019,0.001,0.316,0.47,0.966,17.5750031724503,55.0068009758434,16.3373278023372,51.3147243933256,41.7193792507898,62.821568686359,17.1136158247359,36.3025650398171,47.2566416007005,55.0701514143972,22.5439043061949,29.3295839440169,21.1021894355692,19.1889492150812,7.81350981369665,6.78567963782196,0,1,0,0,40.506835665345,62.6096745158925,18.1042208326992,37.1130660721763,47.4832036715038,55.24776342655,23.9782289471857,30.2757237214939,22.1028388505475,19.0088452394771,7.76455975504626,6.29749477430821,0,1,0,0,42.1538665459114,63.9129357911315,18.8187101887932,36.045812797834,49.1697179341226,56.3649365254259,23.8807613263118,29.7169342565037,21.7590692452201,17.2271026090408,7.19521859130328,5.83617293019186,0,1,0,0,41.345838757956,64.837296798927,16.4378720034337,36.2708623935709,49.1043348021523,57.0324346705871,22.5761034555762,29.2274327039901,23.491458040971,19.8329903901372,7.92809986843483,6.65132924841389,0,1,0,0
518,500,2,1,"L'Ecuyer-CMRG","10407_369715725_104680716_-711809072_-1809486333_-2024629837_-261922004","10407_1499180075_837646344_-1975180636_-1328228478_1399533892_-1807647419",1396756769,1105376138,1790263432,643428290,1468064885,1015978623,83509315,93.5950000000003,5.58500000000004,7.42799999999988,2.14300000000003,2.12700000000041,495.889999999999,1,NA,"36817de9e60d","not-a-git-build","bbd3d4119dab4c61438d29ca56ae93a0","confirmatory",633.121,37.0479544378817,8.7338802046808,36.214294181646,3.04763734453199,56.0679388595072,22.7597529058864,1372.55092803136,76.2806634297151,1311.4751030748,9.28809338378597,31.2724284316672,5.02436042290267,0,0.005,0.407,0.927,11.0353163240023,34.4775269043216,10.0211423111164,30.2888660621311,38.1217199970965,9.06920064591711,37.4110172554694,3.83838076427376,57.2646619333306,23.5504963256282,1453.26553553703,82.2504003559034,1399.58421208903,14.7331668915468,31.7255768611805,5.18152591881817,0,0.004,0.442,0.952,13.113011719903,39.707475325419,11.1775677278596,34.1603729619428,38.280824388004,9.29535703532789,37.5843646346578,3.37298419653693,57.4380093125189,23.0850997578914,1465.4215158252,86.4036624142197,1412.58446499091,11.3770223900879,30.9514832571779,5.32498699607613,0,0.032,0.526,0.991,14.7124394611494,46.9083437287559,13.8101286621279,44.1142882133038,37.2976448157795,8.95125206705715,36.495276991199,3.00031713676054,56.3489216690601,22.712432698115,1391.11430880404,80.124913567995,1331.90524266434,9.00190292113894,30.3167600388381,5.19369072690018,0,0.058,0.494,0.978,12.4536710935702,45.1389919203432,12.8463080406361,43.4442462621482,45.7501729411885,65.9636813846619,13.4968258041549,33.121751616179,52.5765683356135,59.5114568987295,19.2618643059861,26.1423748522891,20.2135084434734,19.6249258120241,6.93488856311603,6.88051054630303,0,1,0,1,46.0196325892629,67.6596364827625,14.7064914073248,31.9549957345545,53.6032444890531,61.0424251639639,20.5267860033845,26.6412151607476,21.6400038934996,17.2485043272297,7.4391806749108,6.11442915736308,0,1,0,0,47.2886609905328,68.462145761217,13.1805125168763,33.6329603052994,53.4505286495441,61.0777223738214,19.5992536442061,26.5159999171895,21.1734847706843,20.4524477884231,7.62719372427734,6.91674627298336,0,1,0,1,46.5400957792124,66.4526233901539,13.0437205296683,32.2631287001687,52.7493588457512,59.8359954391904,19.6348055891719,25.9237691203422,19.9125276109415,19.2194081705004,7.08663659343917,6.28896353117031,0,1,0,1
521,500,2,1,"L'Ecuyer-CMRG","10407_1403824413_-1925326776_688950422_42512458_-1739099064_981486826","10407_1358944829_-1595188271_-1423131792_-490720712_50366854_1812030125",83509315,1622993778,677846686,935692898,371292215,1571217587,1947707589,95.8139999999994,6.60000000000036,6.48300000000017,2.29399999999987,2.19300000000021,498.562,1,NA,"36817de9e60d","not-a-git-build","bbd3d4119dab4c61438d29ca56ae93a0","confirmatory",638.58,35.1400312873939,7.10469713279073,34.3310641819168,-5.72089119401713,53.9496350903605,13.8421215072574,1234.82179887902,50.4767213486849,1178.62196786289,32.7285960537827,28.6283857678209,4.16151905774429,0,0.037,0.591,1,13.2231390316901,40.1379684776639,13.0978278945048,37.7827881145829,35.5378691173355,7.02726413840668,34.5211494317428,-5.50620793960755,54.1397203401865,14.056804761667,1262.94014140087,49.3824412709366,1191.70975808871,30.3183258741972,28.5472204088503,4.15902507505777,0,0.059,0.601,1,13.7798876421914,41.8787492601587,13.4185715374107,39.0312449396095,37.5629656564666,8.82719984981374,36.4235664169956,-4.02114238101817,56.0421373254393,15.5418703202563,1410.97638890889,77.9194571885517,1326.67619053329,16.1695860484204,29.1870500829471,5.31308351831981,0,0.134,0.631,1,16.125334389335,51.7894084597904,17.0363957289456,54.1494493655902,37.6394359851912,7.30245075936161,36.5896930539832,-4.22268441095919,56.2082639624269,15.3403282903153,1416.72714128331,53.3257870929009,1338.8056377847,17.8310636345578,28.2735651208675,4.67042605867635,0,0.237,0.794,1,18.6946604896086,60.6317365453892,18.2397107433359,54.6115660676863,42.9888521440175,64.2307059464583,4.08689881885269,23.5430334210409,50.5203562413691,57.3923154715714,10.5720085555322,16.8789272473305,21.2418538024407,19.4561346021882,6.87195923020227,6.30691869179827,0,1,0,0,42.9983388956257,67.1512042927942,3.99460980197851,22.9131407776159,49.981454430735,58.3952042400752,11.091826909574,17.0850048685464,24.1528653971685,18.9185309756374,8.41374980934025,5.99317795897237,0,1,0,0,43.9378855570581,67.592078544851,5.23521765872833,24.095351687094,52.4446660376194,59.9809183911377,11.9713461644436,19.2018589493577,23.654192987793,18.8601340283657,7.53625235351834,7.23051278491408,0,1,0,0,45.0273749091401,68.4334490796499,5.1894510649028,24.7306837522132,52.369798303684,60.2463722864417,12.0639327815969,18.6500266455057,23.4060741705098,19.5412326873104,7.87657398275773,6.58609386390883,0,1,0,0
520,500,2,1,"L'Ecuyer-CMRG","10407_-1100124322_-1261863158_-392336548_32336596_-645671367_-926783699","10407_-2053943198_-2002763694_1157340561_294496812_-1875159033_1909144140",1468064885,1015978623,83509315,1622993778,677846686,935692898,371292215,95.0289999999995,6.60300000000007,7,2.09299999999985,2.11099999999988,506.429,1,NA,"36817de9e60d","not-a-git-build","bbd3d4119dab4c61438d29ca56ae93a0","confirmatory",644.754,31.6645986044765,10.109070703298,30.595740538727,-4.64945167398056,50.4440894078581,15.2420733430954,1002.64680478261,102.193310484277,936.099339113104,21.6174008686806,25.2276477365295,5.81974127813695,0,0.086,0.396,0.881,12.3902625738913,38.0999813914333,10.5803369198117,32.0796914043097,34.4014323608864,9.60933106875624,33.0955745096967,-3.47144315702883,52.9439233788278,16.4200818600472,1183.45854848064,92.3392435889639,1095.31705212689,12.0509175924823,26.9058356782574,5.49894215807476,0,0.105,0.429,0.911,14.6366005350304,43.5407905266984,11.6954954569732,34.6895363226626,33.3016583154295,11.3512529446531,31.8082958794888,-4.82789967475708,51.6566447486198,15.0636253423189,1109.00044655762,128.850943413496,1011.7676867571,23.3086152695195,24.1143328585297,6.48581409745224,0.009,0.371,0.458,0.949,18.2145638413408,57.7078745261459,14.1153824056676,44.6847528448833,33.6423616486657,11.2519022245163,31.7875291225443,-2.78432918999973,51.6358779916754,17.1071958270763,1131.80849729961,126.605303670075,1010.4470077166,7.75248903828454,24.793781936826,6.36315690227414,0.025,0.317,0.418,0.959,17.3910118993561,51.9200545188876,13.5115489168677,42.0932859468046,40.3881928545318,61.59973516979,6.43584164359076,25.4899811137946,46.6926427226295,54.1531085745888,12.4008971143205,17.9786652097964,21.2115423152582,19.0541394702038,7.46046585195934,5.57776809547588,0,1,0,0,40.6566585094427,63.8132616682008,6.45966153662235,26.325517484364,48.9756634719322,56.8129082566965,13.1189370228987,19.7440526658381,23.1566031587581,19.8658559477417,7.83724478476432,6.62511564293938,0,1,0,0,40.964836394572,62.6589970814817,6.20036789357522,24.4798088367026,47.6787827822522,55.5239196523333,11.6050196929307,18.6101296769455,21.6941606869097,18.2794409431273,7.84513687008113,7.00510998401479,0,1,0,0,41.0461072696858,63.4991984342267,7.52488740793108,26.6466975026528,47.5742892910155,55.157331290475,13.8205608837525,20.5075036814748,22.4530911645409,19.1218100947217,7.58304199945949,6.68694279772233,0,1,0,1
523,500,2,1,"L'Ecuyer-CMRG","10407_-424614161_518609315_-900920638_154912653_265336257_-1009443570","10407_-655262937_1981094244_1804104795_-867204741_444740004_2032523019",371292215,1571217587,1947707589,1834538608,2120649148,1104325282,2099991821,95.0429999999997,7.18199999999979,6.21300000000065,2.63799999999992,2.36400000000049,503.227,1,NA,"36817de9e60d","not-a-git-build","bbd3d4119dab4c61438d29ca56ae93a0","confirmatory",640.919,36.9461806379054,6.76572811975327,35.6613625105934,-2.56436787634844,55.5497749773527,17.4916771312286,1365.02026372874,45.7750769904201,1271.73277611196,6.57598260524782,30.0071378761208,3.86774004377049,0,0.044,0.534,0.997,13.4606429558025,39.1109206724448,10.2406140273727,31.6020164796703,38.5220263144924,4.53525227521618,36.8592905922301,0.085236871963609,56.7477030589894,20.1412818795406,1483.94651137445,20.5685131998535,1358.60730296246,0.00726532434214067,30.7215422633575,3.02143778836396,0,0.102,0.81,1,14.5020779763283,43.4006352693132,12.5143949984988,36.0259442068551,39.0046175875579,4.9727180779351,36.4610382553183,-2.02576850025132,56.3494507220776,18.0302765073257,1521.36019315163,24.7279250826225,1329.40731065579,4.1037380166105,29.3309169505093,3.73556167555826,0.004,0.275,0.916,1,16.702970861896,52.4590718856477,16.5498329790955,50.1631342930427,40.0056751797126,5.78388452080154,37.6568039533551,-1.96231513106878,57.5452164201144,18.0937298765082,1600.45404658467,33.4533201499676,1418.03488398142,3.85068067362149,30.763757190563,3.75159838457519,0.002,0.19,0.756,1,15.4296678398304,49.7044123317293,13.9606853969472,44.0305930219047,44.9200605116515,66.0625969877009,8.56592131679028,27.2120197716884,52.1956799103443,58.7554530207016,14.6794618466404,20.0871170642364,21.1425364760494,18.6460984548981,6.55977311035729,5.40765521759603,0,1,0,1,46.9160277038278,67.0500378115709,9.78714325121215,28.7040869176614,53.2693836487981,60.4140977045501,16.9307057268945,23.6606624706513,20.134010107743,18.9169436664493,7.144714055752,6.72995674375671,0,1,0,1,44.6371857967244,66.6627681795723,7.31999486593898,27.8025333177064,52.6625286024523,60.2865741597393,14.5204860062031,22.0538388517406,22.0255823828479,20.4825384517675,7.624045557287,7.5333528455375,0,1,0,1,45.4202554628627,69.4803782601471,7.83211443352312,27.0764597110765,53.914054368833,61.276765651001,14.7576478297866,21.4061579845031,24.0601227972844,19.2443452775534,7.36271128216796,6.64851015471646,0,1,0,1
522,500,2,1,"L'Ecuyer-CMRG","10407_-1161247153_-665978043_1175754447_-682617041_1836655332_-1787790869","10407_-720154354_315582495_-1120299713_253592393_467132934_-2100800794",677846686,935692898,371292215,1571217587,1947707589,1834538608,2120649148,95.4229999999998,6.85499999999956,5.75800000000072,2.09500000000025,2.19900000000052,509.711,1,NA,"36817de9e60d","not-a-git-build","bbd3d4119dab4c61438d29ca56ae93a0","confirmatory",647.411,37.980502709124,10.7334188525113,37.1230134904281,6.58560467281973,56.6782760533761,26.189652573936,1442.51858603777,115.206280263445,1378.11813061051,43.3701889066651,31.8831412234365,6.28505349722093,0,0.008,0.312,0.868,12.0401030851919,36.5577831310348,10.4150192431342,31.4846068297353,38.3166990497011,11.1560486502378,37.4695490552083,7.12317984281086,57.0248116181563,26.7272277439272,1468.16942606536,124.457421486473,1403.96710640066,50.7396910730269,31.4368145270709,6.48894424721188,0,0.011,0.357,0.906,13.8271252383285,42.1295467114908,11.8563069345013,35.1806107193128,39.3067491281051,11.7721874901151,38.2885405180478,6.91669798419583,57.8438030809958,26.5207458853121,1545.02052701979,138.584398302423,1466.01233500219,47.8407110045786,30.9250079711381,6.74372138966383,0,0.073,0.502,0.983,17.0797150808211,51.6783671629207,17.150485369475,51.6304126568305,40.3207918146803,12.7255697641623,38.8071075860566,7.32925192721368,58.3623701490045,26.93329982833,1625.76625256279,161.940125822562,1505.99159919577,53.7179338125654,30.5324843834067,7.19358526073329,0.016,0.261,0.42,0.95,20.226712997005,61.0777754079543,16.2573877407814,49.9420646518589,45.1419970827068,66.5284224672694,16.1990177499679,36.2394752240003,52.914457769543,60.9974785893802,22.6493953175518,29.5146423627004,21.3864253845626,20.0404574740324,8.08302081983725,6.86524704514863,0,1,0,0,46.0756925785802,67.5804025696082,17.0590888873296,36.8068541186885,53.4944786036972,60.7648314293135,23.4577205613195,29.9467868415271,21.5047099910281,19.7477652313589,7.27035282561629,6.48906628020758,0,1,0,0,47.0383623831733,68.654088641415,17.2055256752271,37.2629470394945,53.9501928880408,61.9980354539244,22.9566081497578,29.5332866025978,21.6157262582418,20.0574213642674,8.04784256588362,6.57667845284001,0,1,0,0,47.0094371458071,69.1733162925563,17.6878574530346,36.6557767600305,54.4895870498712,62.2351173182655,23.5086076177376,30.2077163085269,22.1638791467492,18.9679193069959,7.74553026839423,6.69910869078937,0,1,0,0
525,500,2,1,"L'Ecuyer-CMRG","10407_1053448760_175474141_1697707454_-1880767849_1358541298_35110118","10407_-1703784724_-1536748314_-265398165_-1629472540_-202697388_-1611064813",2120649148,1104325282,2099991821,2126090620,301155894,367359840,997027668,94.8129999999992,8.03600000000006,7.03600000000006,2.36999999999989,2.47800000000007,502.313000000001,1,NA,"36817de9e60d","not-a-git-build","bbd3d4119dab4c61438d29ca56ae93a0","confirmatory",641.127,40.3696522286096,8.70402053227115,39.8217104252115,2.18837550629829,59.8567932257948,22.2243083929882,1629.70882105888,75.7599734261977,1585.7686211894,4.78898735656631,34.0659598785909,4.99818248674786,0,0.002,0.407,0.978,13.2083751487189,40.0620837553808,11.121234265482,34.1594930848586,40.7621331166614,9.83716125231018,40.1232419110065,3.30164701735191,60.1583247115898,23.3375799040418,1661.55149622042,96.7697415039529,1609.87454144915,10.9008730271888,34.0100835622309,5.69074776523768,0,0.004,0.37,0.946,13.6235564547385,43.2765616846549,11.3474543749544,34.6775088717905,41.233348542474,10.2627735362249,40.5128760159666,2.8319008370743,60.5479588165499,22.8678337237642,1700.18903202514,105.324520655837,1641.29312308509,8.01966235102213,32.7576897432801,5.96715439808043,0,0.111,0.512,0.998,16.0843985984848,56.5424079812729,16.843971332954,53.2842448396931,41.4991718919451,9.7178261660817,40.7124714959007,3.65901985474717,60.747554296484,23.6949527414371,1722.1812677172,94.4361453941821,1657.50533530453,13.388426297434,33.8680429765882,5.61171149968934,0,0.074,0.407,0.976,13.5045564264092,50.0297776254289,12.5987943527427,43.5480916248138,48.8701375378871,70.9148476779883,12.577618641241,32.4885330810536,56.2185173171678,63.5505205551297,18.8683191606178,25.6348024543007,22.0447101401012,19.9109144398126,7.33200323796189,6.76648329368286,0,1,0,1,48.1077622990946,71.3080251670526,13.9695814831588,32.1681051438208,56.1243753197938,64.4365950343687,20.0422500562416,26.555844252779,23.200262867958,18.198523660662,8.31221971457489,6.5135941965374,0,1,0,0,50.8801743862488,71.0875368919835,13.990463811422,32.8371495404511,56.860434918332,64.2655866267632,19.2244990848271,26.4286460486215,20.2073625057347,18.8466857290291,7.40515170843115,7.20414696379438,0,1,0,1,48.6600999779008,71.0643117065745,14.185664752958,33.5917920039461,56.9806746582648,64.7523315404348,20.3802749730444,26.9889525518867,22.4042117286738,19.4061272509881,7.77165688216996,6.60867757884236,0,1,0,0
524,500,2,1,"L'Ecuyer-CMRG","10407_1242789964_-283322579_383945174_-1224163734_-1689925119_11677464","10407_-394964635_-715394220_-2106916229_929418681_-1189436925_1902279777",1947707589,1834538608,2120649148,1104325282,2099991821,2126090620,301155894,95.2069999999994,5.84199999999964,7.55199999999968,2.1239999999998,3.34700000000066,506.610000000001,1,NA,"36817de9e60d","not-a-git-build","bbd3d4119dab4c61438d29ca56ae93a0","confirmatory",644.465999999999,30.3445855866828,8.00523804320723,29.0975069784544,1.88976836610766,49.4611041255485,22.4773645749404,920.793874427516,64.0838361284123,846.664912361203,3.57122447754123,23.9234630305333,4.58717655676385,0.001,0.13,0.415,0.972,11.824438945277,37.3792705651206,10.5098343676788,31.3985350761197,33.4693965772451,8.87059835986864,32.2984590348978,3.18741165505098,52.6620561819919,23.7750078638837,1120.2005072449,78.6875152621041,1043.19045602897,10.1595930587548,26.7662324155177,5.06316070931306,0,0.083,0.44,0.968,12.9372057165845,38.3788316116039,11.3714151306047,35.1108482779924,31.7101226203275,8.19063818911257,30.237009896422,3.3995671833155,50.6006070435161,23.9871633921482,1005.53187659621,67.0865539449493,914.276767476321,11.5570570338757,23.2644181510762,4.82659325458297,0.007,0.362,0.585,0.992,16.357371929084,52.5935905197674,14.3812805190339,45.8226484838062,30.7689067338312,9.07929679702077,29.387182097202,2.74011908577496,49.7507792442961,23.3277152946077,946.725621595204,82.4336303283916,863.606471614109,7.50825260422819,23.3505174185248,5.21537004893165,0.01,0.294,0.376,0.969,14.015556826907,44.2969998732687,10.7558514823742,35.7736299956876,38.707001024305,58.7786990584718,13.4399632807534,32.3602371609375,45.9352881585836,53.185812207111,18.7973726760605,25.6739124196018,20.0716980341668,18.9202738801841,7.25052404852738,6.87653974354126,0,1,0,1,43.0654413339557,61.2043158308814,14.6106422659678,32.2941216410364,49.3693522871444,56.0728267076977,20.3844980851405,26.9669373473327,18.1388744969257,17.6834793750686,6.7034744205533,6.58243926219215,0,1,0,1,41.145358522537,60.5203700558504,14.3643143429494,33.9808827830524,47.0498615770246,54.055585638132,20.5773605851671,27.4882625514906,19.3750115333133,19.616568440103,7.00572406110737,6.91090196632345,0,1,0,1,39.5638378321207,59.568929309525,14.0455281914188,33.5877910491881,46.2604365244007,53.4510009816864,20.026103720523,26.6345156183994,20.0050914774043,19.5422628577694,7.1905644572857,6.60841189787639,0,1,0,1
527,500,2,1,"L'Ecuyer-CMRG","10407_-723084145_427240227_394424465_-705674646_710213862_2012478823","10407_1765819275_711227693_-518239781_-104791767_-1979111182_-1898213814",301155894,367359840,997027668,1596343129,887766742,1634355196,1863415725,91.8709999999992,6.39899999999943,8.02299999999923,2.42000000000007,2.93000000000029,504.136,1,NA,"36817de9e60d","not-a-git-build","bbd3d4119dab4c61438d29ca56ae93a0","confirmatory",642.316999999999,34.6687612302776,7.55651880792249,33.5577797734169,0.109587990976369,53.4341465472803,19.8133441716477,1201.923005242,57.1009764944864,1126.12458332115,0.0120095277662367,27.6669296333776,4.31712602727383,0,0.063,0.462,0.994,14.2327579387195,40.8457276488911,10.685881714179,32.4688288496676,36.9286157802586,7.33475145549252,35.5114910431954,0.362846886980076,55.3878578170588,20.0666030676514,1363.72266344596,53.7985789138497,1261.06599611095,0.131657863391132,28.8594086627818,4.23276695152703,0.001,0.093,0.55,0.996,16.1033402225944,46.223970142472,12.2330810039146,37.1174463675922,37.3342772653657,6.69770170366253,35.4092180600351,-0.143689580785022,55.2855848338985,19.5600665998863,1393.8482589272,44.8592081112439,1253.81272362311,0.0206466956261754,27.0471250276909,4.22050629197164,0.015,0.364,0.751,1,20.5696229284977,62.2862744021823,15.8382781715948,47.6930048919873,36.1253196145597,7.62759741980506,34.3912502415162,0.0153682659448968,54.2676170153796,19.7191244466162,1305.03871725409,58.1802423986168,1182.75809317459,0.000236183598153075,25.8553428305211,4.66082075917086,0.004,0.386,0.655,1,20.7771307672727,63.1063889475789,15.2725824570483,50.3899181342034,42.9357592243997,63.9743947461343,10.6857247438288,28.3453204122317,49.547822302468,57.6763895569712,16.691613437221,22.9115658143337,21.0386355217345,17.659595668403,8.12856725450316,6.21995237711275,0,1,0,1,45.5327131390808,65.5523157959997,10.4841309719372,30.2430782624888,51.8979851743977,58.8505034542899,16.559869810364,23.5442396343049,20.0196026569189,19.7589472905515,6.95251827989216,6.98436982394092,0,1,0,1,44.2691734696069,66.8857479963997,10.8376990119085,29.0022988587361,51.3596472475611,58.8491860044027,16.5795315323515,22.7938089290516,22.6165745267928,18.1645998468276,7.48953875684158,6.21427739670017,0,1,0,1,43.7223879074955,65.3889463712637,10.5453537283928,29.0610989698241,50.266344755932,57.8230660874566,16.4913741171573,22.9348359437676,21.6665584637682,18.5157452414313,7.55672133152461,6.44346182661023,0,1,0,1
526,500,2,1,"L'Ecuyer-CMRG","10407_297261259_-714345988_-336495926_-661347692_781679467_-1875815313","10407_-530584680_1840513834_1839095748_-1606294598_-962350191_-246818337",2099991821,2126090620,301155894,367359840,997027668,1596343129,887766742,93.9760000000006,7.42400000000089,5.75300000000061,3.17299999999886,2.13400000000001,510.821,1,NA,"36817de9e60d","not-a-git-build","bbd3d4119dab4c61438d29ca56ae93a0","confirmatory",648.226000000001,33.9709547479388,5.44401523920432,33.2632942975925,0.689004997083956,53.3099687534178,20.6674760697615,1154.02576648651,29.6373019246888,1106.44674752825,0.474727886006662,27.5886001030088,3.28162425922301,0,0.049,0.683,0.999,12.9459518460152,40.0166492663001,11.4251074945379,34.0874614477544,35.5308673469423,4.82041028476923,34.7704403010959,1.02867619600395,54.8171147569212,21.0071472686815,1262.44253442601,23.236355313509,1208.98351873207,1.05817471622516,28.7750146476626,3.11577082997703,0,0.047,0.77,1,13.8471097449527,41.988552702284,12.2580911604913,35.9588838031835,34.6667272858622,5.6798425263647,33.6531012836852,1.63421321612475,53.6997757395105,21.6126842888023,1201.78198071234,32.2606111243009,1132.53122600997,2.6706528357568,25.9324255664681,4.02354071112655,0,0.319,0.859,1,17.7284125869364,56.1034358647178,16.9468200818994,51.8238534813032,35.2175134548668,7.63022018662871,33.4889339714966,0.915614652555959,53.5356084273219,20.8940857252335,1240.27325394372,58.2202600964363,1121.50869854726,0.83835019197517,25.174909276278,4.77971678170196,0.025,0.482,0.799,1,21.8125484107388,63.7573592775633,19.0345324362274,54.1256959258213,43.1981891446647,65.5000125217556,12.4857891512185,30.1552588966274,49.4970854839198,56.911338030878,17.5615107802385,23.5586995861159,22.3018233770909,17.6694697454089,7.41425254695818,5.99718880587744,0,1,0,1,43.5570498704487,64.2711855251948,13.2950917655792,29.8818087242827,50.8516052727363,58.7199555551035,17.9598412783124,23.8311970544954,20.7141356547461,16.5867169587035,7.86835028236725,5.87135577618306,0,1,0,1,44.0581263155975,63.1979132461312,12.8615941738724,30.9042771437299,50.0750987406199,57.4536382301396,18.4752608021805,24.8119359710358,19.1397869305337,18.0426829698574,7.37853948951972,6.33667516885533,0,1,0,1,43.2134000845101,63.080257410144,12.5516066647493,29.8285677388161,50.1539124179184,57.192655959657,18.268352822405,23.3661864436168,19.8668573256339,17.2769610740667,7.03874354173868,5.09783362121172,0,1,0,1
529,500,2,1,"L'Ecuyer-CMRG","10407_500850006_542047881_-1469655002_-892638714_-666976879_1553561542","10407_49441292_382800706_-2062950293_-1151273728_-901007927_-1423187102",887766742,1634355196,1863415725,582489678,872704463,1622943283,1910720803,93.0849999999991,6.39900000000125,7.2510000000002,2.48199999999997,2.97400000000016,504.952000000001,1,NA,"36817de9e60d","not-a-git-build","bbd3d4119dab4c61438d29ca56ae93a0","confirmatory",641.765000000001,39.5248958928708,8.3495067574197,38.6019169526142,-4.2297603041143,58.6260090070537,15.4768912401664,1562.21739534228,69.7142630921972,1490.10799241652,17.8908722302611,33.1533277655734,4.75552789149084,0,0.011,0.533,0.936,12.3951183666232,38.1666910901073,11.1156229026903,33.8584135120745,42.4087220571662,7.13894874775104,41.42704931249,-1.84764808540364,61.4511413669295,17.8590034588771,1798.49970652197,50.9645892230161,1716.20041473948,3.41380344749573,35.2711076565875,4.14743998302211,0,0.007,0.631,0.994,14.4263654273747,42.6914984173931,12.5424243326773,38.3516039019714,40.8252238953009,8.21046152759451,39.2959975885855,-2.86239294223755,59.320089643025,16.8442586020432,1666.69890610144,67.4116784961095,1544.17542648212,8.19329335577133,31.0973086266801,4.99454568440692,0,0.122,0.753,1,18.7053021442283,58.5008719226621,18.403271708217,55.1754872195212,41.4559420900739,7.95905803343538,39.8005991238852,-3.15991891424031,59.8246911783247,16.5467326300404,1718.59513457556,63.3466047795922,1584.08769062021,9.98508754457364,30.6072739074936,4.85332249727733,0.004,0.295,0.707,0.995,21.6420038489955,67.3030538453173,16.1511171077943,52.8502303982285,47.605824576221,69.3646832301461,4.92400849271029,25.5338195910242,55.2271220911903,62.3568054452125,12.0246127133739,18.8308275890436,21.7588586539251,20.6098110983139,7.12968335402216,6.8062148756697,0,1,0,0,50.2385058916595,72.4407209998639,6.82037463125909,29.0529525949611,57.6769084367541,65.3053636725026,14.2249057712658,21.5305217889169,22.2022151082043,22.232577963702,7.62845523574855,7.30561601765109,0,1,0,1,49.3118939556772,70.1209367892984,7.12589088363675,27.7402759503723,55.3442118356783,63.0856765200541,13.3555989411183,20.1243235994871,20.8090428336212,20.6143850667356,7.74146468437581,6.76872465836872,0,1,0,1,47.5038208017683,71.4717391886503,5.63523015020568,27.3872151955886,55.843065903888,63.9390053738388,13.4020205720886,19.8375440251055,23.967918386882,21.7519850453829,8.09593946995083,6.43552345301694,0,1,0,1
528,500,2,1,"L'Ecuyer-CMRG","10407_1650577092_1894205365_-330537247_900422809_205068034_1323231913","10407_-1730377037_-1999785505_-1151195304_-1963319088_-1294452454_-1896502557",997027668,1596343129,887766742,1634355196,1863415725,582489678,872704463,93.5990000000002,6.16499999999905,6.03299999999945,2.11700000000019,2.62299999999959,504.165000000001,1,NA,"36817de9e60d","not-a-git-build","bbd3d4119dab4c61438d29ca56ae93a0","confirmatory",639.331,34.9145375709123,9.6787362370486,33.8975302690812,-4.91052824299667,54.3264773657394,15.6685036083412,1219.02493379064,93.6779351463578,1149.04255834328,24.1132876252679,28.6989012919347,5.6008481476188,0,0.063,0.336,0.921,11.8641518488135,36.7116483943285,10.0299390123416,31.3543430322322,37.3899834756202,8.69967791562521,36.3096166890941,-2.53982040096367,56.7385637857523,18.0392114503742,1398.01086430715,75.6843958356171,1318.38826410894,6.45068766915124,30.2814241241977,4.97732838882266,0,0.071,0.419,0.981,14.0005959398951,42.5716083345477,11.3843211796561,34.7425109665542,35.7583549575621,8.91263848751377,34.145364460853,-3.34471207647087,54.5743115575112,17.234319774867,1278.65994927101,79.4351248091118,1165.90591416448,11.1870988744901,26.1598699606375,5.10532527717701,0.017,0.388,0.535,0.999,19.5219524545143,60.6372301675308,14.318890487609,44.9508789491553,37.2620630274349,9.82066588849118,35.7169906067522,-3.40796315224948,56.1459377034104,17.1710686990884,1388.46134106053,96.4454784933743,1275.70341800282,11.6142128470902,27.8014752673026,5.69359134493517,0.016,0.321,0.576,0.996,19.0115050331309,60.0083764851607,16.8058477497032,51.9424305762532,44.4566988022719,64.7296757420192,5.64214480243616,25.2254954634222,50.5812027196537,57.7382303182351,12.3217833327545,19.0907375730273,20.2729769397472,19.583350660986,7.15702759858141,6.7689542402728,0,1,0,0,45.7269172983772,66.7699464419865,8.38562329661444,27.5423885153713,53.4325736117926,60.5307258763709,14.7828069165119,21.15674467903,21.0430291436093,19.1567652187568,7.09815226457833,6.37393776251813,0,1,0,1,43.4749515735317,66.7710865846661,8.39662270466932,26.3832957922698,50.4789587569446,58.6188283117353,14.0820729834217,20.5193511573444,23.2961350111344,17.9866730876004,8.13986955479074,6.43727817392275,0,1,0,0,45.6243853318302,68.456076754968,7.56243655293562,26.6558336979569,52.0536583182257,60.314941107322,13.9324084431181,20.5840725427037,22.8316914231378,19.0933971450213,8.26128278909622,6.65166409958556,0,1,0,1
531,500,2,1,"L'Ecuyer-CMRG","10407_-622029705_-94460107_-1053312759_2054064787_1733398291_987078538","10407_-2129792773_1578992458_1882204594_-1650743698_-1114241510_1830306054",872704463,1622943283,1910720803,365599647,566526726,1599770387,1286628265,93.3670000000002,8.01599999999962,7.43399999999929,2.35300000000097,2.40099999999984,503.537,1,NA,"36817de9e60d","not-a-git-build","bbd3d4119dab4c61438d29ca56ae93a0","confirmatory",641.619999999999,38.4335326649858,6.24187482415787,37.8097355432897,-2.67361214109604,58.143656715074,17.7212565217346,1477.13643311053,38.9610013204558,1429.57610185351,7.14820188101613,32.4111555301593,3.64496942676858,0,0.003,0.539,0.999,12.4625221925581,37.7203878423865,10.8009909040303,32.4538702573672,39.9624576017046,5.5959434705872,39.27678252009,-1.20854322417699,59.6107036918743,19.1863254386536,1596.99801756804,31.3145833260076,1542.66564513045,1.4605767247041,33.3435260836785,3.43456829968992,0,0.006,0.698,1,13.4281392598753,41.7780474243707,12.2052125627037,36.1159909614371,40.9066638259863,7.04442178302177,40.2170621045484,-1.67778605285409,60.5509832763327,18.7170826099765,1673.35514537226,49.6238782571116,1617.4120843211,2.8149660391517,32.5697209475258,4.51006702789286,0,0.043,0.771,1,17.6203881637647,53.328351794482,17.4404243518069,51.0598994632754,39.0842572116311,7.69531717460704,38.0260557852403,-2.33176509642963,58.3599769570246,18.063103566401,1527.57916178494,59.217906417802,1445.98091858221,5.43712846492749,31.0275936959661,4.66379209583986,0,0.044,0.591,0.994,15.95970019838,48.7927888577512,14.2303829104019,45.1228088498688,48.4458207312894,69.3191417581344,9.460785073969,25.9947726390277,54.2955710645961,61.81417392767,14.8824871167908,20.4616842791506,20.873321026845,16.5339875650588,7.51860286307391,5.57919716235971,0,1,0,1,48.6008216134209,69.9220977630106,10.6834630165824,28.3029589081828,55.942850440211,63.1547135378169,15.887434591239,22.3806678608553,21.3212761495897,17.6194958916003,7.21186309760586,6.49323326961637,0,1,0,1,49.1809531782289,71.5696956975879,9.18558646176837,26.4727306281364,56.9961145894268,64.3302861406059,15.9364972364956,21.8597991091891,22.388742519359,17.287144166368,7.33417155117917,5.92330187269357,0,1,0,1,48.3762971880945,69.1111115166439,9.24838800229027,27.1221425583495,54.2715974971088,62.4463107928138,15.3316396320551,20.8553524380391,20.7348143285494,17.8737545560592,8.174713295705,5.52371280598398,0,1,0,1
530,500,2,1,"L'Ecuyer-CMRG","10407_-2086075538_1211647495_-1390398943_707733945_-1845419432_-523113645","10407_2015445786_-727742838_-777779409_-324258852_-1816494003_-1252989424",1863415725,582489678,872704463,1622943283,1910720803,365599647,566526726,92.4510000000009,7.56900000000132,5.70800000000054,3.53000000000065,2.09500000000116,510.333000000001,1,NA,"36817de9e60d","not-a-git-build","bbd3d4119dab4c61438d29ca56ae93a0","confirmatory",646.494000000001,44.2269914721224,9.85563590559603,43.3403643604179,-7.81540240177482,63.7948474151295,12.6714441394437,1956.02677467519,97.1335591036738,1878.38718289378,61.0805147016676,37.9799253215861,5.7555558798364,0,0.003,0.34,0.933,12.3551301881679,37.4054759144341,11.0635900265596,33.4278667645474,46.4256128153714,8.70859759813634,45.6232413471916,-6.57877248873066,66.0777244019032,13.9080740524878,2155.33752528277,75.839672126266,2081.48015102409,43.2802474584794,40.4820737822489,4.99156516555261,0,0,0.442,0.989,11.5572086539297,36.3069200068356,12.3742191545842,36.3492967411919,45.6026118180183,9.29523158827038,44.7070078021845,-7.22832110159769,65.1614908568961,13.2585254396208,2079.59820462486,86.4013302795796,1998.71654662458,52.2486259478024,37.7348772154556,5.55170255063723,0,0.06,0.558,1,14.197596166258,50.0292725280481,17.2840264161103,51.6748356106644,44.4818765112268,10.748339057064,43.4409347148617,-8.80387078503278,63.8954177695733,11.6829757561857,1978.63733796003,115.526792485606,1887.11480890088,77.5081407995536,36.0651629753652,6.25855675404043,0,0.095,0.396,0.994,16.028577486655,52.8976096497888,14.9000022349319,46.8939031968789,53.8504114097119,74.8171253255854,3.5714785730969,21.9369686699534,59.8178128389591,67.4530429726802,9.72549179535685,15.7595702774536,20.9667139158735,18.3654900968565,7.63523013372109,6.03407848209677,0,1,0,0,55.602145060958,75.8424825345055,4.25055963949197,22.6839725555213,62.8689027573128,69.4898588328627,10.6904667985888,17.0214124296896,20.2403374735475,18.4334129160294,6.62095607554991,6.33094563110073,0,1,0,0,54.056681339108,75.3333985903127,4.11811505309672,22.9305286275128,61.3798704724471,68.774478443264,9.98506903392143,16.495160510023,21.2767172512047,18.8124135744161,7.39460797081691,6.51009147610156,0,1,0,0,53.3723870495841,74.5722696324907,2.5364320289713,21.3355874603375,59.7145572199865,67.565648080917,8.36118000721353,14.946991323245,21.1998825829066,18.7991554313662,7.85109086093047,6.58581131603147,0,1,0,0
533,500,2,1,"L'Ecuyer-CMRG","10407_-1067374344_-564860275_1719932251_1374894703_1864329358_-1476553873","10407_109285632_64740821_-1543694499_-2044959538_-1702870413_1504337984",566526726,1599770387,1286628265,2014691088,1150643855,1776437905,1489970800,93.1149999999998,6.43299999999908,7.84099999999853,2.4330000000009,3.25400000000081,496.181,1,NA,"36817de9e60d","not-a-git-build","bbd3d4119dab4c61438d29ca56ae93a0","confirmatory",634.177,28.6161935877718,14.722347384848,27.4357301713754,11.2628522976093,47.961776652228,31.6894877604443,818.886535452831,216.74751252014,752.719290036519,126.851841877764,22.052828017031,9.30868089161818,0.001,0.153,0.258,0.612,12.8618632670088,38.110789396937,9.30027954862542,30.4233397732062,30.9595419333713,15.6848773273373,29.3603380909133,12.3223175086048,49.8863845717659,32.7489529714398,958.493236724175,246.015376773619,862.029452812736,151.839508782869,23.2913723659596,9.87097488819439,0.009,0.219,0.263,0.617,14.8311532171631,43.7995463063316,10.6436475011388,33.2262054768949,31.5862208854802,18.0317484521522,29.5041599975941,13.3350708908962,50.0302064784467,33.7617063537312,997.689349826347,325.143952241693,870.495457163631,177.824115665227,21.8187514060663,10.5474004349895,0.04,0.554,0.325,0.836,19.4547652655493,61.4941162694739,16.9573624403674,50.4982526683705,31.951512023469,17.3935161318756,29.7598693995476,12.6958143639748,50.2859158804001,33.1224498268098,1020.89912058588,302.534403429818,885.649826678128,161.183702364508,22.2232249278718,10.3422506626585,0.036,0.471,0.32,0.775,19.2920986698674,58.8992653670794,15.4201227102591,47.7287805150137,36.800718969321,58.2933096454894,23.416538003291,40.722364975159,44.3315997419113,51.5677195746873,28.476295165633,34.6733165239705,21.4925906761684,17.3058269718681,7.23611983277598,6.19702135833749,0,0,0,0,38.9875483178967,59.3481227932738,24.2110131177502,41.9679060630312,46.4044898136285,53.5626022292121,29.6815508255086,35.9233406879797,20.3605744753771,17.756892945281,7.15811241558358,6.24178986247113,0,0,0,0,36.9128100540967,60.45825946964,25.0775516815994,42.3792893675526,46.5052288443729,53.7720034007033,30.8412165368262,36.8027751179916,23.5454494155434,17.3017376859532,7.26677455633038,5.96155858116533,0,0,0,0,40.3360675114809,61.2525363700033,24.3212161456684,42.2531843849602,46.530612509609,53.870281219662,30.0269659878616,36.3923995648668,20.9164688585223,17.9319682392918,7.33966871005305,6.36543357700524,0,0,0,0
532,500,2,1,"L'Ecuyer-CMRG","10407_308219565_-1163551731_-200698450_2106001807_1688408863_-869351087","10407_-1661879573_-817493539_131520123_1400788309_973729315_1554398867",1910720803,365599647,566526726,1599770387,1286628265,2014691088,1150643855,92.7219999999998,5.70499999999993,7.29399999999987,2.09299999999894,3.27700000000004,505.503000000001,1,NA,"36817de9e60d","not-a-git-build","bbd3d4119dab4c61438d29ca56ae93a0","confirmatory",638.514000000001,31.5553270148274,6.91470780496253,30.8508906714134,1.80163746507059,50.7350953892261,21.6417658819266,995.738663012699,47.8131840280097,951.777455219501,3.24589755554599,24.9688534151472,3.95957201729453,0,0.08,0.616,0.995,13.7223380693415,41.2607118963865,12.2708335247133,36.1151592770364,34.2174215924734,8.83020909107133,33.2842390997033,3.04524274017576,53.168443817516,22.8853711570317,1170.83194043706,77.9725925920388,1107.84057244622,9.27350334659319,26.771436605856,4.97908211034088,0,0.091,0.528,0.972,15.0406149363509,45.884504796841,13.3004570106611,38.0918663447218,33.2947737766929,9.37405528342019,32.2475798063287,2.33967332887308,52.1317845241415,22.1798017457291,1108.54196084116,87.872912456618,1039.90640336554,5.47407128584002,24.136154238114,5.56055929457951,0,0.376,0.689,0.998,18.7111779235751,59.6896325507695,18.8676946930366,55.3110024489269,33.4238751019838,10.3167795843602,32.2639810818498,1.98919928198119,52.1481857996626,21.8293276988372,1117.15542683301,106.435940992272,1040.96447524996,3.95691378343448,23.493502658065,6.00135747108675,0,0.534,0.592,0.998,21.633507014446,65.9623603857741,18.8928950312355,56.3104840927098,40.0055541609581,61.9865115321116,12.8481607976638,30.2101828280014,46.6307958276733,54.8514461639612,18.7770877531084,24.3323921909073,21.9809573711535,17.3620220303376,8.2206503362879,5.55530443779883,0,1,0,1,42.0149929354755,63.4846019306886,14.3335578268316,32.4187591399024,49.4674117228681,56.5671376183325,19.57396507121,26.0146142053124,21.4696089952131,18.0852013130708,7.09972589546437,6.44064913410246,0,1,0,1,41.1472972356453,63.1468882407071,12.0959661992734,31.801216389901,48.1909061336617,55.8785342461946,18.6728584438506,25.8289007381261,21.9995910050618,19.7052501906276,7.68762811253284,7.1560422942755,0,1,0,1,39.8362978349272,64.6668358825167,13.726873343121,30.4861255270025,48.2135870430017,55.9701966982604,18.7051672146582,24.9086313011324,24.8305380475894,16.7592521838815,7.75660965525861,6.20346408647429,0,1,0,1
535,500,2,1,"L'Ecuyer-CMRG","10407_1680222288_1966950378_-395291982_-217906416_-639906663_1579096532","10407_-696826482_353217205_-1462501150_-868535282_-1303720654_-1309422066",1150643855,1776437905,1489970800,105462634,929276646,474554737,879153721,90.0159999999996,6.14699999999903,7.70700000000033,2.35500000000138,2.65200000000004,500.291000000001,1,NA,"36817de9e60d","not-a-git-build","bbd3d4119dab4c61438d29ca56ae93a0","confirmatory",635.834999999999,38.9610900382922,11.2319619743515,38.0915938795941,-6.76835933925386,57.6438911046479,12.8676038199963,1517.96653697191,126.156969793278,1450.96952428793,45.810688145265,32.7778802294935,6.6095255928532,0,0.013,0.382,0.776,12.4163699861205,37.159205103335,10.4915092136489,30.7539972995429,40.980393129109,11.3967722042152,40.1496547848615,-5.84361650085944,59.7019520099154,13.7923466583907,1679.39262101632,129.886416674771,1611.99477934356,34.1478538091168,34.3013079097327,6.59173106464336,0,0.009,0.41,0.88,13.2093932699873,40.9045080436656,12.1527869002383,37.0029300715873,41.0079860436797,12.8906623075427,39.9382174274824,-6.5018075913597,59.4905146525362,13.1341555678905,1681.65491935863,166.169174727103,1595.06121128486,42.2735019550626,32.3924298041627,7.42703285043855,0,0.102,0.425,0.909,16.8457026805801,53.769376074985,15.1201129359694,47.7214357458025,40.7000114183217,12.0316833657109,39.8349503086226,-6.48228984415108,59.3872475336765,13.1536733150991,1656.49092945152,144.761404612724,1586.82326609043,42.0200816235842,32.8559048541601,6.91503204000275,0,0.065,0.44,0.927,14.8869086939438,49.8470823388883,14.0140957866974,44.1662637576836,46.9004259453289,68.6413343534217,3.94376874701585,21.4502576823724,53.8204060578931,61.2048885062245,9.71547709372415,16.2296119087519,21.7409084080928,17.5064889353566,7.38448244833142,6.51413481502778,0,1,0,0,49.7974182036444,68.457281195458,3.37107853869482,23.944717997914,56.6852102002783,63.171641900499,10.594401794416,17.1191756779152,18.6598629918136,20.5736394592191,6.48643170022061,6.5247738834992,0,1,0,0,49.0902989802543,69.8049336523971,3.88063159650758,22.7663073643195,55.7735333074371,63.1653975435865,9.18198304664918,16.6684916907623,20.7146346721428,18.8856757678119,7.39186423614946,7.48650864411312,0,1,0,0,47.5458372940685,71.1725214941068,2.22770709598479,23.0835147144402,55.5088014652895,63.2582537773572,9.35765751252364,16.9609879361515,23.6266842000383,20.8558076184554,7.74945231206769,7.6033304236279,0,1,0,0
534,500,2,1,"L'Ecuyer-CMRG","10407_1263905764_957437589_-33477110_-2100352023_944723199_996424599","10407_243791836_149239736_1886075769_-368689798_1550272981_1293864746",1286628265,2014691088,1150643855,1776437905,1489970800,105462634,929276646,91.5810000000001,7.22900000000118,5.73400000000038,2.75800000000163,2.11199999999917,507.259,1,NA,"36817de9e60d","not-a-git-build","bbd3d4119dab4c61438d29ca56ae93a0","confirmatory",640.097000000002,39.3175994279414,7.4985327111605,38.3848469205098,-0.281159097679158,58.3924800083422,19.9799371345791,1545.87362477606,56.2279928203441,1473.39647311097,0.0790504382077582,32.8203478996545,4.28932612072218,0,0.043,0.474,1,13.0202668238125,38.5975993211927,11.4094791427456,33.7479284566671,40.370611661838,6.74218319659579,39.3449924373178,-0.0612391555023564,59.3526255251502,20.1998570767559,1629.78628595093,45.4570342564586,1548.0284298926,0.00375023416664178,33.7291153794122,3.96891223468458,0,0.044,0.643,1,12.7352123474897,39.7244536505355,12.9678166116587,38.0565589900006,40.4655066578233,7.04212276208977,39.2754356576169,-0.148088372968402,59.2830687454493,20.1130078592899,1637.45722907434,49.5914929963429,1542.5598460956,0.0219301662084287,31.5161365755075,4.49599430488074,0.002,0.25,0.75,1,17.7602821198392,56.4977867668268,16.8104759870268,51.7574689596563,40.3374023200442,8.53300429805825,39.0214221222413,-0.949425016163129,59.0290552100737,19.3116712160951,1627.1060259291,72.8121623506805,1522.67138444214,0.901407861316358,31.5514811544515,4.91697817911112,0.006,0.22,0.706,1,17.2164121512444,54.7931083968765,16.9058564803942,51.6525218561817,47.1492794578349,69.679766231723,9.93380548525644,30.4920107684373,54.4931840607394,62.4474713903293,16.4009774513336,23.6980968050951,22.5304867738881,20.5582052831809,7.95428732958993,7.29711935376151,0,1,0,1,49.5920655537482,69.6030648674441,10.3784084617445,29.914599248084,56.1210212978932,62.476160298924,16.613829709003,23.9628833375469,20.0109993136959,19.5361907863395,6.35513900103081,7.34905362854387,0,1,0,1,47.8190342812537,71.0341524630188,10.4101374957554,28.8352647062642,55.2013508474461,63.1939556838253,16.7339264091127,23.3565184255671,23.2151181817651,18.4251272105088,7.99260483637919,6.62259201645438,0,1,0,1,47.442718740588,70.2051240306746,9.51817173644169,29.6500339497448,55.1283496916987,63.151246947967,15.7897320066009,22.7158056598998,22.7624052900865,20.1318622133031,8.02289725626828,6.92607365329893,0,1,0,1
537,500,2,1,"L'Ecuyer-CMRG","10407_-1779450447_1884959064_211871038_2056190720_-1561540568_-1233093054","10407_-81715960_303554378_903674549_-1000368812_-1174436087_1966226711",929276646,474554737,879153721,1301419238,652530494,1254628776,1829642591,91.512999999999,6.45200000000114,8.00900000000001,2.43599999999969,3.82799999999952,508.050999999999,1,NA,"36817de9e60d","not-a-git-build","bbd3d4119dab4c61438d29ca56ae93a0","confirmatory",645.923000000001,28.7573481138871,8.53442722158327,27.6721542653731,-4.90250325618785,47.5856592308715,14.8559528921751,826.985070543284,72.8364480005015,765.748121686609,24.0345381769324,21.9642773958728,4.80737140412392,0.002,0.181,0.462,0.98,13.3291463719897,41.167869111588,11.6978325157376,34.7645929866703,30.7845933307919,7.94259353669619,29.3136439131036,-4.21130478747217,49.227148878602,15.5471513608908,947.691186542238,63.0847920891681,859.289719464237,17.735088012986,22.9476090053514,4.54284054499962,0.007,0.272,0.523,0.998,15.2798429096581,46.3666595762573,13.0033374263565,38.7101105905454,32.0472082719919,7.97716434753889,29.1327414827556,-4.45786100685502,49.0462464482539,15.3005951415079,1027.02355802843,63.6351510276456,848.716626301068,19.8725247564385,22.0042602481275,4.75810008436942,0.065,0.502,0.682,1,18.7992707327418,58.3493909864681,16.0921218726213,49.8102565342372,31.0997926263909,7.82458522944411,29.9182983453268,-4.37640495872764,49.8318033108251,15.3820511896353,967.197101404517,61.2241340128349,895.104575879982,19.1529203627759,22.0815659761905,4.79739914545716,0.005,0.48,0.765,1,18.693023655807,59.5920163721569,17.7539312263007,53.7130330322997,36.870819946547,57.874958684141,5.23287253417116,23.8711166850347,44.4460972839818,51.0774791553765,11.7931080440139,18.0009218301308,21.0041387375941,18.6382441508635,6.63138187139463,6.2078137861169,0,1,0,0,38.0959819746871,59.3140579731356,4.77739534140224,25.9709493166469,45.6423705647181,52.5925650993853,12.0390982246586,19.1119244787787,21.2180759984485,21.1935539752446,6.95019453466717,7.07282625412008,0,1,0,0,38.567600614089,58.8774985497945,4.6201531104313,24.5830367828799,46.0565096879964,52.2495804606496,12.3280070597231,18.512535071597,20.3098979357055,19.9628836724486,6.19307077265319,6.18452801187392,0,1,0,0,38.6705143237119,61.2911292208429,4.70354406785778,25.4465371768714,45.8200734897532,53.8317923196156,12.1675937600004,18.8026005284222,22.620614897131,20.7429931090137,8.01171882986243,6.63500676842183,0,1,0,0
536,500,2,1,"L'Ecuyer-CMRG","10407_352757660_659894760_-1447143672_-898216042_280904442_-1179274606","10407_1430432222_556881202_754438755_1298030966_-170459704_-914853356",1489970800,105462634,929276646,474554737,879153721,1301419238,652530494,91.8320000000003,5.83500000000095,7.4419999999991,2.11499999999978,2.10299999999916,496.867,1,NA,"36817de9e60d","not-a-git-build","bbd3d4119dab4c61438d29ca56ae93a0","confirmatory",632.307999999999,33.4524430664864,12.6232509408215,32.2166655592632,5.31711035401036,52.1166568613758,25.0171370107106,1119.06594711652,159.346464314951,1037.91353975741,28.2716625167242,26.4207646518902,7.2021696652523,0,0.092,0.385,0.892,13.4017626107107,40.989758329719,13.8048044465625,39.2606531549791,35.4802320706734,13.4869346831506,34.2743088061857,6.43448965648546,54.1743001082983,26.1345163131857,1258.84686778884,181.89740714757,1174.72824414178,41.4026571394184,28.241609050637,7.70204227012651,0,0.102,0.363,0.889,14.0180726926485,42.592857018591,13.9664908063686,41.1549116440292,35.851857709571,17.6057177571655,33.9048159655444,5.23705606675694,53.804807267657,24.9370827234571,1285.35570122733,309.961297744972,1149.53654565743,27.4267562463557,25.4960712705321,10.0064444274611,0.015,0.387,0.405,0.906,20.6135673141245,63.3878001961692,20.1705485823069,58.4989838436057,36.934757925048,17.2317790868726,34.5300297162185,5.16372419175843,54.4300210183311,24.8637508484586,1364.1763429819,296.93421049878,1192.32295220293,26.6640475285512,25.4090184779886,9.67264855026222,0.039,0.501,0.449,0.943,23.6076303381707,71.6509585189357,22.4749165572492,65.7530355917706,41.9809006974999,62.8575852507645,15.2809538232026,35.0567693951808,48.2625284015789,55.8773119333218,21.619561455554,28.6324817945822,20.8766845532645,19.7758155719782,7.61478353174295,7.0129203390282,0,1,0,0,43.3278567157957,64.5386620838242,16.834047988957,35.568193797692,50.4254082845441,58.114120920398,22.7720522112872,29.7203852615405,21.2108053680285,18.734145808735,7.68871263585395,6.94833305025336,0,1,0,0,42.8290991212158,64.4723157057141,15.1900090335648,34.4442172728566,50.2395219535855,57.7056195672784,21.3169942357961,28.4173703018233,21.6432165844982,19.2542082392919,7.46609761369288,7.10037606602715,0,1,0,0,42.9044973125573,64.6515021258966,14.6704318303706,35.214836626636,50.3373791427819,58.7811519261263,21.1155028308,28.6885563744954,21.7470048133393,20.5444047962654,8.44377278334441,7.57305354369548,0,1,0,0
539,500,2,1,"L'Ecuyer-CMRG","10407_1144975511_-445413011_1340963888_2111079238_1381844248_-1282387784","10407_39275253_1435202335_74389271_917893155_1493932182_885493294",652530494,1254628776,1829642591,1205813326,2072400761,833813614,501016095,91.4740000000002,6.49200000000019,7.82999999999993,2.39200000000164,2.79900000000089,496.871000000001,1,NA,"36817de9e60d","not-a-git-build","bbd3d4119dab4c61438d29ca56ae93a0","confirmatory",634.723,32.4842775393914,7.23933721542546,31.7049672194786,-2.88669597679239,51.9130216945028,17.2293621175811,1055.22828725621,52.4080033186441,1005.20494638821,8.33301366242936,26.2979483861061,4.13232627513467,0,0.054,0.484,1,12.1287804835988,38.1365968473729,11.0221264379827,34.1600552440611,32.7078809711645,8.63419767662313,31.7698854302226,-5.22486168709043,51.9779399052468,14.891196407283,1069.80547762387,74.5493695190043,1009.32562024947,27.2991796492255,25.8366244809119,4.94274229799203,0,0.079,0.453,0.988,13.8659055050375,41.5860365584725,11.8978749697877,35.4345423699734,33.0359355162925,8.85956818115337,32.0610276950781,-5.63292732390862,52.2690821701023,14.4831307704648,1091.37303543664,78.4919483565052,1027.90949686456,31.7298702364364,24.616986967757,5.25135047769832,0,0.332,0.602,1,16.3519054064528,55.4989203811477,16.6391217137619,52.9263324583067,32.3863793829755,7.99323246339753,31.415759692543,-2.82875393458947,51.6238141675672,17.287304159784,1048.87756953802,63.8917652139122,986.949957059609,8.00184882245544,23.9393594960657,4.74544854374347,0.004,0.367,0.604,1,17.1908062818738,56.809996431558,14.8420311280643,48.4775284770789,41.3650202435585,62.4727700728782,8.23902786997462,27.0426930414039,48.3255292511933,55.6722677115643,13.9538137109159,20.3095942068482,21.1077498293197,18.8036651714293,7.34673846037102,6.3557804959323,0,1,0,1,41.4971872684498,63.6319907520419,5.9071578676305,23.8061331401518,47.8763668696249,55.751662340211,12.0804921987952,17.7286023039498,22.1348034835922,17.8989752725213,7.87529547058605,5.6481101051545,0,1,0,0,41.2074903528883,62.5717458888398,4.97183905217473,22.8683648817095,48.3367612147752,56.0729333267679,10.8187865581268,18.2226275607241,21.3642555359515,17.8965258295348,7.73617211199273,7.40384100259736,0,1,0,0,39.4511939605971,62.3490096619288,7.51571840540475,27.7078564260019,47.9777361848877,55.6100658458682,13.9003109285482,20.7695292112447,22.8978157013317,20.1921380205972,7.63232966098052,6.8692182826965,0,1,0,1
538,500,2,1,"L'Ecuyer-CMRG","10407_854980311_-1035147017_800666092_1174697783_-1304277994_-1778478296","10407_1286036774_2090575085_1893432845_392264916_746568116_-1343942393",879153721,1301419238,652530494,1254628776,1829642591,1205813326,2072400761,92.5830000000005,6.35799999999836,7.3700000000008,2.125,2.1239999999998,512.736999999999,1,NA,"36817de9e60d","not-a-git-build","bbd3d4119dab4c61438d29ca56ae93a0","confirmatory",648.018,24.6133639314783,8.22213907327306,23.2555652567696,2.09977306476773,43.6706396885018,22.3322268145507,605.817684023398,67.6035709402435,540.82131541187,4.40904692352407,18.5493005994795,4.72833390207126,0.005,0.284,0.383,0.966,10.9822346516067,34.5936599828094,9.97875748759225,30.8144453321081,28.0640890231601,8.39677749773695,27.0673431834179,3.43978118953429,47.4824176151501,23.6722349393173,787.593092699854,70.5058723465015,732.64106700892,11.832094631874,21.7463072937013,4.76601635137805,0,0.155,0.441,0.98,12.1079510833578,37.9583838300574,11.1458696454142,34.0993384667241,26.1938811825549,7.59851633445901,24.9883580042094,2.14042087900704,45.4034324359415,22.37287462879,686.119411405806,57.7374504850404,624.418035746534,4.58140153928928,18.8854605420077,4.60616430088623,0.005,0.459,0.696,0.999,13.5322660981402,47.4989929745934,16.0423581877419,47.4636306922585,26.6081336954399,6.62771460374144,25.4877783934334,2.90743714488002,45.9028528251656,23.139890894663,707.992778754405,43.9266008686476,649.626847432772,8.45319075142807,19.8432635187492,3.98868888089484,0.002,0.287,0.658,1,12.2304243020466,42.1429663856939,13.6512922281966,40.4523614364073,32.02864688568,54.2163273035666,13.5776748220104,31.1567861806396,39.6840678474363,47.6084080762689,19.0889036680192,25.5429761700652,22.1876804178866,17.5791113586292,7.92434022883256,6.45407250204602,0,1,0,1,37.4840928859688,57.7575494125439,14.7568829393844,31.9270308305042,43.792115918079,51.1371484763987,20.6164155917132,26.9147147186424,20.2734565265751,17.1701478911198,7.34503255831964,6.29829912692917,0,1,0,0,34.7285790744001,55.6270199006975,13.9006562653887,31.3187850404959,42.0665485972882,49.2373424866942,19.5081290322127,25.1209426752073,20.8984408262974,17.4181287751072,7.17079388940596,5.6128136429946,0,1,0,1,35.2453791948033,57.0665307999258,13.4190275575048,32.8086955067577,42.055265215873,49.585502573424,19.9893798846055,26.4007033750005,21.8211516051225,19.3896679492529,7.53023735755103,6.41132349039501,0,1,0,1
541,500,2,1,"L'Ecuyer-CMRG","10407_-1958836210_408558683_2117965861_-1935928267_-325839101_-1137300692","10407_-1527387179_447962045_-1493712790_-1984450984_738910117_1638066929",2072400761,833813614,501016095,565508550,1570370428,646081647,8727548,92.6049999999996,6.28800000000047,7.83100000000013,2.4380000000001,2.97600000000057,492.904,1,NA,"36817de9e60d","not-a-git-build","bbd3d4119dab4c61438d29ca56ae93a0","confirmatory",631.103999999999,38.1636119480922,9.63187615402217,36.9826943380574,4.14113024789885,56.9567760193417,24.1615643311251,1456.46127692456,92.773038246421,1367.71968050218,17.1489597300628,30.866526910932,5.53264882547466,0,0.062,0.385,0.93,14.5455057601681,42.5574048820976,11.0762001338351,33.4022567320552,40.2934692945211,9.24981021780582,38.6832987831156,3.76409130186776,58.6573804644,23.784525385094,1623.56366778852,85.558989065425,1496.39760474379,14.1683833287965,31.9629113503384,5.24570021324509,0.001,0.103,0.415,0.947,16.1024893814525,47.1337923020984,11.4451299824912,34.4049732530317,41.752969839195,10.0352080036672,38.973256799977,4.45052234546432,58.9473384812614,24.4709564286905,1743.31049039273,100.705399676866,1518.91474559695,19.8071491474772,30.1928133653001,5.76868341994814,0.029,0.331,0.514,0.994,22.5800515353367,66.0588261799526,15.3909657180288,49.5668782075479,40.2294523871002,10.2760514796424,37.6071593040086,4.39334163803456,57.5812409852929,24.4137757212608,1618.40883936596,105.59723401226,1414.29843091708,19.3014507484882,28.8752935796703,5.89042842203386,0.031,0.392,0.529,0.992,22.7568285177097,66.8372278859102,15.7971592043209,49.8239809989849,46.2404006640711,67.4285459786082,14.8486184602882,32.7492397674681,53.2403117749948,60.7530425196337,20.7422484835667,27.3352107836044,21.1881453145371,17.9006213071798,7.51273074463887,6.5929623000377,0,1,0,0,46.6955352087315,69.9816557562852,14.6862552195388,31.9053650729235,54.9998982648281,62.393408857916,20.852299962106,26.8353088598184,23.2861205475536,17.2191098533847,7.39351059308792,5.98300889771244,0,1,0,0,47.6501572874445,69.4819597640916,15.757973347292,33.7366621411716,55.174988589398,62.786716288566,21.0560067540724,27.8242308725039,21.8318024766471,17.9786887938796,7.61172769916798,6.76822411843149,0,1,0,0,45.6842466349734,68.5671546588816,14.7673688489634,34.7482341979645,53.7278693400913,61.9860578435935,21.1936845750626,27.622273018105,22.8829080239082,19.9808653490011,8.25818850350221,6.42858844304236,0,1,0,0
540,500,2,1,"L'Ecuyer-CMRG","10407_-863537118_2034962636_-1834098721_-1376775054_-1342525305_26274877","10407_503475690_462234887_1917536503_-1362971822_-1079050324_1800067576",1829642591,1205813326,2072400761,833813614,501016095,565508550,1570370428,91.9929999999986,7.71299999999974,6.09300000000076,2.39000000000124,2.16500000000087,510.547999999999,1,NA,"36817de9e60d","not-a-git-build","bbd3d4119dab4c61438d29ca56ae93a0","confirmatory",646.019999999999,36.437183724099,8.19655828408949,34.8523866355586,4.30233077957528,54.9460433207108,24.4501350501001,1327.66835774374,67.1835677044761,1214.68885419446,18.5100501368809,28.9696818786803,4.64622829667781,0,0.064,0.487,0.999,13.9902743977806,40.8225009184676,12.6646720952469,36.4432683162536,39.5313127856867,8.76862778720239,37.9983641156995,6.16158325934082,58.0920208008518,26.3093875298657,1562.72469055979,76.8888332704979,1443.87567546928,37.9651082617891,31.7870568467075,5.00776664058087,0,0.044,0.449,0.996,14.6509904407152,43.3050013762858,12.7737366528622,37.8274754503567,39.2976321781813,8.60854211997858,36.1462911409981,5.94973062485213,56.2399478261504,26.097534895377,1544.30389481163,74.1069974314453,1306.5543632498,35.3992945083033,28.2106363836294,5.17851182526354,0.024,0.33,0.615,0.997,19.9916959550588,59.5887879520572,16.0712622508607,50.510305859981,37.5587530453319,8.31330340740312,35.5905819469869,4.43222087590777,55.6842386321391,24.5800251464326,1410.65993032022,69.1110135435403,1266.68952332519,19.6445818928326,27.8132837292884,5.02868190043107,0.006,0.306,0.645,0.999,18.3125439399952,57.8784846528898,16.5868561276439,51.8047798125428,45.4135662540134,64.5518701165776,14.6168213392408,35.3729091764994,51.675996833586,58.4575417180919,20.9248433287174,27.6506198423942,19.1383038625642,20.7560878372586,6.7815448845059,6.72577651367673,0,1,0,0,47.4436998202358,67.4244872592863,17.9066554376829,35.5226984758841,54.7215440486614,61.8221316621564,22.6322478751244,29.7295365173468,19.9807874390505,17.6160430382013,7.10058761349499,7.09728864222236,0,1,0,0,46.1058857426945,66.9139502897801,17.1340486487041,34.7829800552242,52.510755746271,59.892339933342,22.9633227137123,29.2643731915804,20.8080645470857,17.6489314065201,7.38158418707104,6.3010504778681,0,1,0,0,45.0978613546534,66.3502124602752,15.7021338662894,33.2398305923704,52.0005466835757,59.5782995900817,21.0851317862892,27.8962762911973,21.2523511056218,17.537696726081,7.57775290650601,6.8111445049081,0,1,0,0
543,500,2,1,"L'Ecuyer-CMRG","10407_-1932657687_-1337697445_-164550072_-14808474_-618593568_-1143438292","10407_-1475764899_406079035_-622838241_-620009793_1943272208_-480581315",1570370428,646081647,8727548,886374768,1478397262,1022007989,2040798642,92.3150000000005,7.95099999999911,6.15999999999985,3.52100000000064,2.34300000000076,504.267000000002,1,NA,"36817de9e60d","not-a-git-build","bbd3d4119dab4c61438d29ca56ae93a0","confirmatory",639.889999999999,43.8173733912069,8.772344691945,42.8807359884237,6.14961009778455,62.6638298684391,25.9609750561276,1919.96221090445,76.9540313942957,1838.7575189089,37.8177043547737,36.7313017709923,4.98619983502512,0,0.009,0.451,0.996,14.4748472141407,42.6111029051537,12.6333254039655,36.2229857790757,45.3377934737809,7.71120310323656,44.1415816604679,5.48505302659832,63.9246755404833,25.2964179849414,2055.51551707121,59.4626532993651,1948.47923148776,30.0858067045954,37.6269111621349,4.49115274314386,0,0.028,0.553,1,15.2728182610468,45.3697147401357,13.5841128562544,40.4838119938664,44.9066308110531,8.72158673273657,43.1420055356667,4.1004029735063,62.925099415682,23.9117679318494,2016.60549080022,76.0660751366465,1861.2326416395,16.8133045451393,33.9362970874109,5.3330741016505,0.004,0.265,0.598,0.999,21.7221681800533,67.0141422722473,16.6247828208444,51.8403041081014,44.3223061560107,7.82472603853702,43.141302347633,5.05554050375373,62.9243962276483,24.8669054620968,1964.46682298714,61.2263375781593,1861.17196824989,25.5584897850945,34.4762504227358,5.02377769750787,0,0.159,0.709,1,18.9403729314129,62.9861220738847,17.9805264554485,54.5477838973802,51.5836870169557,73.9157176758775,15.3582661602398,35.9687876934281,58.7309325996118,66.9009066311716,22.6186109615003,29.3150532095285,22.3320306589218,20.6105215331883,8.16997403155975,6.69644224802821,0,1,0,0,52.7678334856355,74.4250011015,15.501711881944,35.6617944129298,60.2595371548963,67.4725045135125,21.7364330022436,29.0934461794203,21.6571676158645,20.1600825309858,7.21296735861622,7.35701317717669,0,1,0,0,51.3456392761961,73.7658996828162,14.0716271393657,34.8183394197859,58.890110582253,67.373816642467,20.1678516952716,27.5758212644271,22.4202604066201,20.7467122804202,8.48370606021404,7.40796956915549,0,1,0,0,51.1644455019772,75.5999060646248,14.2571884330403,35.6336394732657,58.4628792467057,66.7246539865713,21.0712991828907,28.5338278140202,24.4354605626476,21.3764510402254,8.26177473986558,7.4625286311295,0,1,0,0
542,500,2,1,"L'Ecuyer-CMRG","10407_-2025850579_532255159_-653664378_852922066_-340554839_1843042935","10407_1734256560_29169232_285016763_1877996638_-211924820_2047808195",501016095,565508550,1570370428,646081647,8727548,886374768,1478397262,91.3880000000008,5.71500000000015,6.8219999999983,2.09200000000055,3.30400000000009,509.654,1,NA,"36817de9e60d","not-a-git-build","bbd3d4119dab4c61438d29ca56ae93a0","confirmatory",641.643,37.5627861496817,9.68733535673013,36.5162542808945,8.31286386850577,56.606719914111,28.5574428545485,1410.96290332672,93.8444663137536,1333.43682670695,69.1037056963088,30.3320294029331,5.63856537638784,0,0.06,0.356,0.998,14.6432184433573,43.2023039545692,12.940590897288,38.7192849996515,39.431193214094,10.6627097475518,38.1537162375282,9.43473562452904,58.2441818707448,29.6793146105718,1554.81899828721,113.693379160536,1455.70606273383,89.0142363047574,31.9537493108734,6.19198625185917,0,0.056,0.315,0.996,14.626790681064,43.3454512422293,14.153251945981,41.1934274455886,39.688426639979,12.6069722418483,36.8464724643596,10.4306244093372,56.9369380975761,30.6752033953799,1575.17120915699,158.935749106734,1357.66253306681,108.797925568661,28.1257402198466,7.32007755769163,0.045,0.415,0.464,0.988,22.3498279376047,67.329429044504,18.7470620773143,56.1331087332863,41.9258296920149,13.4383241055636,38.833640386135,10.0948967021828,58.9241060193515,30.3394756882255,1757.77519536384,180.588554766171,1508.05162563966,101.906939427741,30.020192386823,7.78197999967602,0.044,0.38,0.534,0.999,22.4762704537176,67.1705326117494,23.3727389073572,68.2186796058038,43.9531334658023,68.6498170729701,18.0708030326236,38.2189107616008,52.1331965032361,60.9508399610958,24.9229264862393,32.5080866607101,24.6966836071678,20.1481077289772,8.81764345785966,7.5851601744708,0,1,0,0,47.6655070132374,68.0198217299707,18.735997675877,39.3843112880237,54.7994416791509,62.0125988685504,26.0387297437463,33.3716466236599,20.3543147167334,20.6483136121467,7.21315718939949,7.33291687991362,0,1,0,0,45.8866801273966,69.3945694104311,19.5855808030535,40.8392697261667,52.6452083932223,61.1045692353734,26.9968524406115,34.412884364887,23.5078892830345,21.2536889231133,8.45936084215113,7.4160319242755,0,1,0,0,47.8192712346746,71.2292016523273,19.6550203270295,40.7605002483156,55.0275539105315,62.7396751149068,26.6586333424451,33.980987397115,23.4099304176527,21.1054799212862,7.71212120437528,7.32235405466983,0,1,0,0
545,500,2,1,"L'Ecuyer-CMRG","10407_-710000570_672814346_832212183_1049466576_-1807013498_761776795","10407_738698019_-891407666_428423267_-75751468_155798460_1921400377",1478397262,1022007989,2040798642,1228927469,1457846533,1765903172,841918794,90.2259999999987,8.07899999999972,7.30500000000029,2.42699999999968,2.42900000000009,501.132,1,NA,"36817de9e60d","not-a-git-build","bbd3d4119dab4c61438d29ca56ae93a0","confirmatory",636.296,28.6260489601961,8.12140758256978,27.4616945325977,-0.428092448569394,47.7559117994705,19.8187312851239,819.450679071547,65.9572611222219,754.144666601705,0.18326314452214,22.5125763557238,4.67580892676385,0.002,0.157,0.395,0.982,11.2983385962894,35.5567730570543,10.5523159401163,32.8653318385145,29.6763513757048,8.63002744503349,28.2618369756161,0.803315367666119,48.5560542424889,21.0501391013594,880.685830974297,74.4773737020313,798.731429236304,0.645315579928552,22.6068946016328,4.91864551483269,0.003,0.236,0.475,0.961,13.6785846822877,40.6352425393586,11.8910461850649,35.4093444760519,29.6287506504005,9.22655018199486,28.025587744598,1.01759908929036,48.3198050114708,21.2644228229837,877.862865103606,85.1292282608694,785.433568430162,1.03550790652457,21.2540648650755,5.3213685750494,0.013,0.452,0.543,0.99,16.6642751527602,51.3290904717622,15.0521068120749,46.6561082144234,30.8481638079104,10.3716220111386,29.3325203365404,2.44435155661297,49.6267376034132,22.6911752903063,951.609210319673,107.570543141935,860.396749293555,5.97485453231626,22.5165975833205,5.84124397610846,0.01,0.402,0.455,0.973,16.0123619459589,51.4083100296371,13.6422827123971,46.0227045523686,37.7715196638508,56.9249969753577,10.6243527673168,29.1606735578489,44.8150904902813,51.0657437591648,16.5090326862642,23.2797772342686,19.1534773115069,18.536320790532,6.25065326888352,6.77074454800444,0,1,0,1,38.269741897655,58.9936574871482,12.289502253388,30.3427260133484,44.703018725049,52.4050095174449,18.2165809310599,23.9463525708429,20.7239155894933,18.0532237599603,7.70199079239589,5.72977163978297,0,1,0,1,37.5630784128454,58.1651822706717,11.2645226417774,29.978570245787,44.85145695293,51.6775009907025,18.0859343788618,24.7989814177947,20.6021038578263,18.7140476040097,6.82604403777251,6.7130470389329,0,1,0,1,39.5034891182206,60.3795658121088,13.4025646725635,31.2066122089615,46.0935903468682,52.9203435886609,19.7254108866873,25.9828689887539,20.8760766938882,17.804047536398,6.82675324179266,6.25745810206664,0,1,0,1
544,500,2,1,"L'Ecuyer-CMRG","10407_1382476990_-88248313_-1331968831_1413368832_1506394472_561442669","10407_1462820055_1239608814_507096063_-297637282_-1645380714_-829832136",8727548,886374768,1478397262,1022007989,2040798642,1228927469,1457846533,89.473,7.53700000000026,5.75200000000041,3.50799999999981,2.13699999999881,518.437,1,NA,"36817de9e60d","not-a-git-build","bbd3d4119dab4c61438d29ca56ae93a0","confirmatory",650.465,33.4189684712375,7.37286003909478,32.5367516510408,0.624286131296266,52.4782682057958,20.7630279367422,1116.82745368156,54.3590651560807,1058.64020800151,0.389733173728859,27.2161975587387,4.19554579999395,0,0.042,0.426,0.988,12.429593448939,37.2353201269339,9.84031208054284,30.870812539029,34.4505742774648,7.37558873709074,33.385744806151,1.92151589087224,53.327261360906,22.0602576963182,1186.84206804712,54.3993092186997,1114.60795626144,3.69222331887452,27.5198722686018,4.22680186443684,0,0.077,0.544,0.998,13.6217562870396,41.4823094474448,12.1151123404655,36.2176888979717,35.5643092970876,7.76059841622137,34.0734037319701,2.61316341759501,54.0149202867251,22.7519052230409,1264.82009577891,60.2268877778576,1160.99684188183,6.82862304705684,26.0428938175741,4.55908172046354,0.007,0.355,0.63,1,19.0184208169315,59.3805811265533,14.6215754476718,45.4876324886731,35.3362810590934,7.83747511036621,33.7571422573689,1.94305278341692,53.6986588121239,22.0817945888629,1248.65275908724,61.4260161056099,1139.54465338424,3.77545411914424,25.847810737655,4.55576902455688,0.009,0.386,0.576,0.999,18.8770698572696,59.1496018196032,13.0744668595822,43.4445937815701,41.0777724313655,62.6372095966692,11.312087342099,30.6653126570108,48.7218387464992,56.4157822639754,17.5865054174989,23.9947823836719,21.5594371653037,19.3532253149118,7.69394351747619,6.40827696617307,0,1,0,1,43.3060162709639,63.5657201628066,13.1906773211253,31.9548483151991,49.7658153264698,56.9717374875265,18.4548935924272,25.2824103057164,20.2597038918427,18.7641709940738,7.20592216105675,6.8275167132892,0,1,0,1,43.2284953959659,66.4470711302874,13.4144571174491,32.863676484557,50.0123211665089,57.6870499614668,19.756027815752,26.2824333136007,23.2185757343215,19.4492193671079,7.67472879495783,6.52640549784869,0,1,0,1,42.9194468943315,64.3443974022,12.3777788087268,31.5440875459371,49.8712137261728,57.4697155889123,18.804557351739,25.4556653318203,21.4249505078685,19.1663087372102,7.59850186273941,6.65110798008133,0,1,0,1
547,500,2,1,"L'Ecuyer-CMRG","10407_-296140429_-464371366_-1963969602_-1574518420_-207576613_1977155600","10407_-219077178_1261161725_-794769004_-4739005_891580070_1351084323",1457846533,1765903172,841918794,649374440,418546464,130236119,2131713686,87.5619999999999,7.92900000000009,6.35800000000017,3.25,2.44900000000052,514.535,1,NA,"36817de9e60d","not-a-git-build","bbd3d4119dab4c61438d29ca56ae93a0","confirmatory",646.638000000001,33.0003853186811,8.0279965916072,31.9516126779561,-0.313211018956011,51.984593804544,19.8016484082252,1089.02543118143,64.4487292748568,1020.90555272213,0.0981011423954626,26.351383159291,4.60866605696123,0,0.072,0.407,0.987,12.8290509989716,39.8469574981093,10.7027379346023,32.6208487566234,34.7986439353065,6.78822775180584,33.4666791785096,-0.283855612115424,53.4996603050974,19.8310038150658,1210.94561973624,46.080036010387,1120.01861523728,0.0805740085294221,27.5280033168822,3.97750214669191,0,0.086,0.623,0.994,14.028914165829,41.5879287378052,12.71044666729,36.9726607448709,35.4512385919011,10.3005640416029,33.5718795641408,0.532645641353184,53.6048606907286,20.6475050685344,1256.7903176999,106.101619575162,1127.07109746917,0.283711379252545,26.101479339202,6.05058527196368,0.003,0.266,0.615,0.995,17.6505057357525,53.9059639398208,18.7225580564823,56.8328834009256,34.8139329060004,9.94933662780412,32.8782218343605,1.67100173858702,52.9112029609484,21.7858611657683,1212.0099243835,98.9892993333647,1080.97747098942,2.79224681036085,24.5981887365899,5.81629349581452,0.011,0.448,0.591,0.998,20.1360320916355,61.8171170396121,17.8779431012351,54.0628504374446,41.9545700155648,60.9624557143103,9.96248190545279,29.4494616963474,48.7744304236524,55.5116821921622,16.3878749190329,23.1652232331887,19.0078856987455,19.4869797908946,6.73725176850981,6.77734831415577,0,1,0,1,43.7922927988447,62.3478184251271,10.4716926925907,29.2274406427996,50.3286446605772,56.8374299533946,16.4407360980575,23.440032983557,18.5555256262824,18.7557479502089,6.50878529281734,6.99929688549949,0,1,0,1,43.9518599370965,63.0508841668841,10.29141190076,30.5160621463733,50.0886590098395,57.136962910774,17.6016220691582,23.8913175830983,19.0990242297876,20.2246502456133,7.04830390093449,6.28969551394016,0,1,0,1,41.1463692182444,63.4794283818951,12.4816839219909,31.478923112106,49.5472096253337,56.4323431998528,18.131106195299,25.0920975385589,22.3330591636506,18.9972391901151,6.88513357451912,6.96099134325989,0,1,0,1
546,500,2,1,"L'Ecuyer-CMRG","10407_-1632927641_1050132921_-1411244776_-1024609745_-1692130145_-564415418","10407_-959415445_-821778472_1810627645_-1415901077_-1496182274_-1614300679",2040798642,1228927469,1457846533,1765903172,841918794,649374440,418546464,87.8250000000007,7.32400000000052,5.71500000000015,3.73799999999937,2.26100000000042,522.934000000001,1,NA,"36817de9e60d","not-a-git-build","bbd3d4119dab4c61438d29ca56ae93a0","confirmatory",654.787,37.3159772843049,10.1288455988512,36.3094850915872,-2.83506371713382,56.2970266863414,17.2000227184971,1392.48216068276,102.593513165367,1318.3787076162,8.03758628020864,29.8368865790561,5.90124130837473,0,0.059,0.355,0.93,15.2547724122776,45.1398458775605,11.3318142177027,34.4275928052253,38.731270829015,9.78121991308203,37.7408990095095,-1.07020387764808,57.7284406042636,18.9648825579828,1500.11134003051,95.6722629880725,1424.37545804599,1.14533633973299,30.713733570452,5.69369776364753,0,0.077,0.367,0.935,16.5441308998394,49.3100172946864,11.4452980353935,33.9267992217917,39.0855541114066,11.1603142757717,37.9710865270174,-3.04295878131073,57.9586281217716,16.9921276543202,1527.68054019569,124.552614733994,1441.80341204225,9.25959814475608,29.4410597362868,6.43591551163256,0.002,0.251,0.425,0.975,19.8132936562034,61.5493213280559,15.0223479223446,47.1347831319211,40.1323503534035,11.8048711692707,38.361670329853,-1.98873121817963,58.3492119246071,18.0463552174513,1610.60554488833,139.354983323078,1471.61775049632,3.95505185816224,29.3544115731407,6.74880622328937,0.005,0.357,0.47,0.972,21.4691469021804,66.6330010155251,16.7379659716702,51.8085473230026,45.664426512642,67.0879981864481,7.68583420475708,28.1982751751053,52.2635472015163,60.0351412321552,13.6929112056086,20.4662751191103,21.4235716738061,20.5124409703483,7.77159403063895,6.77336391350165,0,1,0,1,45.8354048139985,69.1520925462858,9.34226856609211,28.1256764318223,53.810709379225,61.420928373134,15.439342196629,22.783393811884,23.3166877322874,18.7834078657302,7.61021899390906,7.34405161525494,0,1,0,1,46.6257306258959,68.3902397546952,7.38943349586351,26.3034398504642,54.2070471141661,62.084273398544,13.8476793639685,20.2627392676548,21.7645091287993,18.9140063546007,7.87722628437793,6.41505990368631,0,1,0,1,45.132204616973,70.3068782223122,7.08515003892851,27.6104692090979,54.370131936119,62.4875498954689,14.6488899271048,21.6442711161174,25.1746736053392,20.5253191701694,8.11741795934991,6.99538118901264,0,1,0,1
549,500,2,1,"L'Ecuyer-CMRG","10407_-163438486_-2760999_-1177059354_-619770365_-558923207_-323090659","10407_1631523000_-373395882_618915229_724969834_-776789923_1640898488",418546464,130236119,2131713686,1878081171,105027322,1749318739,1661296428,88.5509999999995,7.2510000000002,6.21399999999994,3.24699999999939,2.40899999999965,518.484,1,NA,"36817de9e60d","not-a-git-build","bbd3d4119dab4c61438d29ca56ae93a0","confirmatory",650.856,35.7230421761043,9.85991917990764,34.9478679044224,-3.99865527980324,55.0497441347205,16.0993005342856,1276.13574231573,97.2180062343106,1221.35347106496,15.9892440466983,29.7422278802818,5.76177478600367,0,0.016,0.32,0.882,11.8902480626333,36.6084354364519,9.58384648980082,30.0694177213689,36.7013847855907,10.2145440384255,35.9785554664536,-3.98801419131091,56.0804316967517,16.109941622778,1346.99164517999,104.336909912934,1294.45645345268,15.9042571900972,29.8313315129261,5.93739798494598,0,0.021,0.363,0.884,14.3078234745351,42.7896539363183,10.8398569665627,32.1231797239433,37.1636093288267,10.3447472086474,36.2086941383491,-4.13565427855148,56.3105703686473,15.9623015355374,1381.13385834566,107.013794810818,1311.06953120452,17.1036363117012,28.0868444740304,5.90172892753281,0,0.189,0.439,0.966,18.1729183624026,58.7585378656691,13.4689084716151,44.5263185504654,37.272623219526,10.2604116600111,36.2549014869718,-3.91033898661882,56.35677771727,16.1876168274701,1389.24844166475,105.276047432892,1314.41788183003,15.2907509902711,29.0951788759415,5.84373980285562,0,0.178,0.394,0.948,14.6150445341544,53.0129684692212,11.6371303507016,39.3829455395266,45.5363060127341,64.7318434895256,7.87891174756589,25.4887292840163,51.0963091829722,58.787307025949,12.7390434158057,19.2886641395333,19.1955374767915,17.6098175364504,7.69099784297679,6.54962072372765,0,1,0,0,46.5383229168819,67.2566325709439,8.26229504428971,24.0813822688162,52.2593784328231,59.9718535904218,12.8465082067916,19.4253762886929,20.718309654062,15.8190872245265,7.71247515759875,6.57886808190126,0,1,0,0,45.8168496320069,67.7348929714968,6.66508317112803,25.1146326192158,52.7356043853156,59.7939408238636,12.9078902979364,19.0879211388595,21.9180433394898,18.4495494480878,7.05833643854799,6.1800308409231,0,1,0,0,43.8868821329933,67.2569682270212,6.13988811462936,25.6358194082457,52.3681531709191,60.6377913947015,13.206054448766,19.3355983106154,23.3700860940278,19.4959312936164,8.26963822378248,6.12954386184942,0,1,0,0
548,500,2,1,"L'Ecuyer-CMRG","10407_-1274829899_1403995568_-1716378259_-2104036499_-1537953564_-1848438742","10407_1474984100_1852831004_-1918913406_-689636423_-1078077119_-1033597139",841918794,649374440,418546464,130236119,2131713686,1878081171,105027322,86.9830000000002,6.42699999999968,6.82499999999891,2.21100000000115,2.23599999999897,519.871999999999,1,NA,"36817de9e60d","not-a-git-build","bbd3d4119dab4c61438d29ca56ae93a0","confirmatory",650.133,43.4368621133922,10.117295728492,42.5796949980715,3.18907502334972,62.622717739423,23.3530899049161,1886.76099025785,102.359672857763,1813.0304261288,10.170199504553,37.0759657301817,5.91402777780029,0,0.005,0.311,0.87,12.8400600201392,38.2741435438604,10.1237800397529,31.4224464243364,43.7346362484785,10.407326307848,42.7226100415478,3.80356319418364,62.7656327828993,23.9675780757501,1912.71840778673,108.312440878025,1825.22140876216,14.4670929721484,36.6273366305092,5.99838244796767,0,0.006,0.387,0.904,14.0922985476814,42.5025690875205,11.8345887033206,34.8504119991079,44.4283165331396,10.0733502167595,42.9028053797643,2.89995779603717,62.9458281211157,23.0639726776036,1973.87530996885,101.472384589488,1840.65070945393,8.40975521879674,34.6234255896791,5.74351671799535,0.001,0.191,0.481,0.974,19.2408232456653,58.9127354081225,14.2110689419901,45.9161487361996,43.7289147292728,10.4821239608625,42.6974240988108,3.65040951010668,62.7404468401622,23.8144243916731,1912.21798340001,109.874922730888,1823.07002467371,13.3254895914773,34.9940962091099,5.97226153976847,0,0.157,0.468,0.96,16.534489006041,55.816478354444,14.6582478789479,45.891307588242,53.2697543562922,73.3133804397571,15.3321952692886,32.4386849460219,58.8930821523566,66.0590543094003,20.5360713315386,26.2319032608018,20.0436260834648,17.1064896767333,7.16597215704368,5.69583192926321,0,1,0,0,53.3105924569431,73.0051112009936,15.3834608472799,32.7926070041246,59.3401720821175,66.1463943286711,20.7576011838571,26.9233033426145,19.6945187440505,17.4091461568447,6.80622224655355,6.16570215875737,0,1,0,0,52.571304829019,73.4935480006149,13.1956582325312,32.0768589784379,59.0657345171614,66.4418372492723,19.8598712568288,26.339372947166,20.922243171596,18.8812007459067,7.37610273211087,6.47950169033722,0,1,0,1,51.9582914843057,73.1938674602919,14.2977033497738,33.480462921664,59.2052517882077,66.4128029369624,20.7636368587458,26.9359333340075,21.2355759759862,19.1827595718902,7.20755114875467,6.17229647526164,0,1,0,0
551,500,2,1,"L'Ecuyer-CMRG","10407_-238472344_1212586766_-1238283707_1772705526_1534507038_15823329","10407_-1674045322_1735951798_-1360251602_1726231630_1312063643_1868279205",105027322,1749318739,1661296428,614148927,953769997,388888402,172592157,89.3049999999985,7.99200000000019,6.30199999999968,2.85800000000017,2.50500000000102,506.761999999999,1,NA,"36817de9e60d","not-a-git-build","bbd3d4119dab4c61438d29ca56ae93a0","confirmatory",640.050999999999,40.785713477462,12.381284753759,39.9538591968123,8.05952933315494,59.7644833653158,27.7503068199253,1663.47442386563,153.296212153666,1596.3108647187,64.9560130719849,34.4210826392741,7.25257202424718,0,0.012,0.367,0.825,12.9602464170096,38.4408106312836,12.1770931681235,36.0896171544014,41.4442584012441,12.8776563832017,40.7074036758852,8.99615886237055,60.5180278443887,28.6869363491409,1717.62655442909,165.834033923815,1657.09271403147,80.9308742770082,35.0581772852164,7.55696194525601,0,0,0.373,0.847,12.8321882538363,39.6774183940015,12.9247880607026,38.8005923408334,41.3062123519478,16.1776043308633,39.9237649854677,7.967772970447,59.7343891539713,27.6585504572173,1706.2031788642,261.714881885967,1593.90701061486,63.4854061085858,32.0617906085916,9.35305277585047,0.008,0.263,0.413,0.891,18.6568633802505,57.5889855178586,19.0818572191972,56.6063035019755,42.752998938865,14.4247868361685,41.718121625449,8.93833259136966,61.5287457939526,28.62911007814,1827.8189182666,208.074475268901,1740.40167195576,79.893789513941,33.7025148362525,8.28492754264566,0.001,0.222,0.421,0.94,17.9056254127004,57.5685998851324,17.8565920485561,54.5273527308714,50.0599326945457,70.2976747653683,17.5989656947984,37.5634496679982,55.9852313348035,63.1058588293886,24.6552545742762,31.1034908661101,20.2377420708226,19.9644839731998,7.12062749458516,6.44823629183384,0,1,0,0,50.3116939631237,70.9304044188368,18.5071665144066,39.8549926346283,56.7099420034206,64.4172308353758,25.0717118780183,32.2595526512979,20.6187104557131,21.3478261202217,7.70728883195518,7.18784077327963,0,1,0,0,49.1973757120894,69.8752494506307,18.6646008605001,37.4237293155558,55.7774013917463,63.7351864680531,24.2657391060828,31.4483941354802,20.6778737385413,18.7591284550556,7.95778507630674,7.18265502939738,0,1,0,0,50.5194877073256,72.4634031508993,17.5354547133661,37.8257374909348,57.7541209547555,65.5914175858369,25.3947462011059,32.3130882140766,21.9439154435737,20.2902827775687,7.83729663108149,6.91834201297071,0,1,0,0
550,500,2,1,"L'Ecuyer-CMRG","10407_1056260044_-695284227_2026307801_203490783_1835503048_1229569554","10407_378022775_-1701236338_600780007_1748072185_1732443610_-1390598778",2131713686,1878081171,105027322,1749318739,1661296428,614148927,953769997,87.4259999999995,5.72699999999895,7.56099999999969,2.3119999999999,2.18599999999969,511.178999999998,1,NA,"36817de9e60d","not-a-git-build","bbd3d4119dab4c61438d29ca56ae93a0","confirmatory",640.641000000001,34.1691028740637,9.20449082094334,33.1603013367224,-3.62836775692678,52.9583555933096,16.0362928194106,1167.52759121835,84.7226512728302,1099.60558474224,13.1650525795059,28.0388641929897,5.27751389857124,0,0.047,0.369,0.944,11.4490017886155,36.1332800959894,10.1405431136745,31.5872491964874,35.2591847981203,8.80070868912065,34.171478236808,-2.94446900521351,53.9695324933952,16.7201915711238,1243.210112628,77.4524734307636,1167.68992488864,8.66989772266301,28.6810109188786,5.01275418514161,0,0.063,0.469,0.985,12.4898281361201,38.7848132703181,12.2867902542854,37.0856408094077,36.0939203970896,9.94276429049736,34.8083714924382,-4.29482796069688,54.6064257490253,15.3698326156405,1302.77108963144,98.8585617363895,1211.62272595558,18.4455472119837,27.0683210070293,5.71902028183578,0.002,0.27,0.577,0.994,17.8850142698147,56.1980625222819,16.6908839293192,50.8408747616913,36.2238556359277,12.117887548173,34.9543339523678,-4.16562717631653,54.7523882089549,15.4990334000208,1312.16771713253,146.843198630166,1221.80546205365,17.3524497720669,26.9932646727347,6.8569439819063,0,0.32,0.484,0.982,17.8848151480165,58.8710413011294,16.6252291780329,53.2722196847553,41.5601460017817,63.276606197963,6.72836649194753,24.8616467284885,49.2342498828353,56.8008507993526,12.8503181295982,19.3075774817751,21.7164601961814,18.133280236541,7.56660091651722,6.45725935217688,0,1,0,0,44.258232288211,63.9768102812253,7.11572804741444,25.9613227199376,50.4766588710107,57.3424325985667,13.3878811628822,20.112006690931,19.7185779930142,18.8455946725232,6.86577372755603,6.72412552804873,0,1,0,1,43.6833217276805,64.8315692450052,5.9912154189041,25.0771180412528,51.0138687275426,58.2082851625412,11.8916031300905,18.7918628091367,21.1482475173247,19.0859026223487,7.19441643499869,6.90025967904619,0,1,0,0,43.7826575626777,66.203432999661,5.43278981150971,25.0700580119911,51.2767301300511,58.1475288837612,12.3483546998902,19.1360743878729,22.4207754369832,19.6372682004814,6.87079875371008,6.78771968798263,0,1,0,0
553,500,2,1,"L'Ecuyer-CMRG","10407_-185322524_-255543922_1024906274_876782041_1978659934_-672665008","10407_329755889_548865228_-817507852_1520718449_-1591721873_-1654484543",953769997,388888402,172592157,586122705,1892475891,509527022,836594498,87.885000000002,8.00700000000143,7.59000000000015,2.47099999999773,2.43599999999788,514.164000000001,1,NA,"36817de9e60d","not-a-git-build","bbd3d4119dab4c61438d29ca56ae93a0","confirmatory",647.976999999999,34.6290468964256,9.62244325062136,33.8810816570181,-5.98717274624642,54.121336375594,14.1504939154149,1199.17088895485,92.5914141114285,1147.92769424953,35.8462374933959,28.9344540450406,5.6018765365059,0,0.006,0.417,0.875,11.3283312802811,34.5652441628651,10.4362385625522,30.759473260065,36.2422772419165,8.81346734784486,35.550401485158,-5.1715351180401,55.7906562037339,14.9661315436212,1313.50265967994,77.6772066915275,1263.83104575593,26.744775477122,29.6771781206817,5.00290465419201,0,0.005,0.492,0.979,13.6944553419491,40.9313807390335,11.8879735861297,36.2529589514391,35.5401132794255,9.03058422241121,34.9843471344672,-5.15536530857725,55.2246018530431,14.982301353084,1263.0996519144,81.5514513980623,1223.9045444249,26.5777914648818,28.3234035405589,5.21055503413969,0,0.066,0.478,1,15.0391883545108,47.1979688560635,13.3264968383321,45.42605962122,34.8647701833368,10.4228091908282,34.0911156939074,-6.45853034408236,54.3313704124832,13.6791363175789,1215.55219993689,108.634951428413,1162.20416925538,41.7126142054327,27.4882262062231,5.97157918461148,0,0.1,0.434,0.971,14.0285879782999,47.7895887949994,12.548038422113,43.4175464520579,43.9840406186632,64.3288180072964,5.30643862809404,23.7427968507967,50.6304592397955,57.2980615123312,10.4275362082267,17.6421415751354,20.3447773886332,18.4363582227027,6.66760227253562,7.21460536690865,0,1,0,0,45.4026402962073,65.8959752901045,4.38863616645113,23.6525893214621,51.881540140266,59.2282967687609,11.4337839030924,18.7801247518607,20.4933349938972,19.263953155011,7.34675662849492,7.34634084876838,0,1,0,0,44.840936121416,65.6087726414251,5.49847423687218,23.9164660594149,51.6137340280647,58.9555499043475,11.5876494586274,18.1395062848061,20.7678365200091,18.4179918225427,7.34181587628279,6.55185682617873,0,1,0,0,43.1671336009247,65.8929012466997,3.01540218670083,23.7997384934353,50.3876211427479,58.0953246944666,9.97476959074829,17.3551125955155,22.7257676457749,20.7843363067345,7.70770355171867,7.38034300476719,0,1,0,0
552,500,2,1,"L'Ecuyer-CMRG","10407_-370185752_-219659579_-581750396_651852501_1715683021_216788590","10407_-277458352_-1892765939_1048373151_-1865341593_-1667866217_602158171",1661296428,614148927,953769997,388888402,172592157,586122705,1892475891,88.0869999999995,5.78800000000047,7.51499999999942,2.20500000000175,2.84000000000015,514.572,1,NA,"36817de9e60d","not-a-git-build","bbd3d4119dab4c61438d29ca56ae93a0","confirmatory",646.017,29.6111738543675,8.68544850493038,28.6248761757991,-1.62018345270442,48.87818807057,18.6368869200593,876.821617033576,75.4370157317974,819.383536079831,2.62499442041723,23.4173366058281,5.01934439497738,0,0.107,0.383,0.959,12.1056258049394,36.6031177335749,10.5469554351887,31.1502941011407,29.5321816435381,8.11427430512256,28.4806187443472,-0.808372021980336,48.7339306391181,19.4486983507834,872.14975262693,65.8414474987722,811.145644060861,0.653465325920577,22.4508924251815,4.65708642276926,0,0.213,0.477,0.993,14.1737187009601,42.9919655216905,11.9566623687349,36.7745187590528,30.6740771205054,8.99545326676454,29.6164715058097,-1.14051083577814,49.8697834005806,19.1165595369856,940.899007194714,80.9181794745448,877.135384454437,1.30076496652735,23.3635357561846,5.20418184236154,0,0.211,0.501,0.998,13.7293406522233,45.9318125758412,14.2005940015438,45.1949283445363,31.1145457755717,8.48749230907122,30.1123074476897,-0.278232054164182,50.3656193424606,19.9788383185995,968.114958820147,72.0375256965431,906.75105982419,0.0774130759644201,22.6540985914935,4.95817304303523,0,0.38,0.529,1,16.9346934964075,55.3299948249287,13.5326829787499,47.6395961672699,38.7935633854385,59.1320842223472,8.15928070626102,28.9304757484677,44.7797246027926,52.4915613043196,14.8085852427483,22.2969325387088,20.3385208369086,20.7711950422067,7.71183670152702,7.48834729596054,0,1,0,1,36.864300993086,59.9157748072644,9.23330201481087,29.3528179280119,45.22358050354,52.5402253091561,15.7239576398476,23.158449093972,23.0514738141784,20.119515913201,7.31664480561609,7.43449145412443,0,1,0,1,38.0146474572013,60.3822809802232,8.53800256744567,28.9567029636117,46.3068343496007,53.7297079081083,15.7511622311411,22.6545389636788,22.3676335230218,20.4187003961661,7.42287355850767,6.90337673253776,0,1,0,1,39.3494998184711,61.1010831379941,9.5365193410438,31.18516411045,46.3271556673875,54.017768936156,16.4828407977446,23.4381877517928,21.751583319523,21.6486447694062,7.69061326876847,6.95534695404827,0,1,0,1
555,500,2,1,"L'Ecuyer-CMRG","10407_-161179966_-2051323070_-1446616131_387976792_1219963389_982327501","10407_-391440201_1187726713_1123244688_-92062427_-87178675_-1495801872",1892475891,509527022,836594498,1270552955,1640661447,1502597675,581594706,87.3719999999994,7.83399999999892,6.2599999999984,3.51300000000265,2.45999999999913,514.812000000002,1,NA,"36817de9e60d","not-a-git-build","bbd3d4119dab4c61438d29ca56ae93a0","confirmatory",645.900999999998,36.5758810147753,7.51268047567093,35.8057249781693,-0.0239809431959266,55.7404163232174,19.7808509434809,1337.795072007,56.4403679295272,1282.0499412123,0.000575085636566258,30.4367475143778,4.2985676946796,0,0.014,0.493,0.989,12.0744742311934,37.8126688068507,10.9801602705509,32.7826535175328,37.0416457043055,9.31783994412618,36.1182390097426,1.29544632247136,56.0529303547906,21.1002782091482,1372.08351648329,86.8221412243534,1304.52718916489,1.67818117440457,30.3332234926049,5.32720993632546,0,0.033,0.44,0.959,13.4324837604679,40.5416065329543,12.4153270498339,36.9355101485946,36.8040734359865,9.64306951999675,35.5156088335574,0.36980895950343,55.4503001786055,20.1746408461803,1354.53982148149,92.9887897674903,1261.35847081826,0.13675866652901,27.4439111382296,5.52723219189033,0.003,0.312,0.524,0.976,18.9917826052898,59.0896638542774,14.7836286890146,45.8652881572339,37.0673467511035,10.8486048841819,36.1283578439108,0.300061573728815,56.0630491889589,20.1048934604057,1373.98819516654,117.692227933096,1305.25824049767,0.0900369480286131,28.184318844721,6.21802944725133,0.001,0.282,0.506,0.97,17.7023319963544,57.8274035367257,16.4244881710307,48.9374975818886,44.4804374583452,66.2663374336203,10.9514957867324,29.6359963149723,52.2155971608734,59.2266029993165,16.7285496610565,22.930629132184,21.7858999752751,18.6845005282399,7.01100583844308,6.20207947112752,0,1,0,1,45.2641354929952,67.7686772857266,10.9171056760554,30.8328045292286,52.0805655786656,60.0768888719275,17.707897512196,24.588593129162,22.5045417927314,19.9156988531733,7.99632329326184,6.880695616966,0,1,0,1,44.0589703379746,65.084011432565,11.576975124205,29.2365162332674,51.681886828064,59.747251307556,17.1283460469973,23.348700485355,21.0250410945904,17.6595411090624,8.06536447949204,6.22035443835762,0,1,0,1,45.0083286259365,67.3150974826943,10.8478611634936,29.4625293472353,52.3552304558056,59.8093809603875,16.9264588329598,23.3947392879187,22.3067688567577,18.6146681837417,7.45415050458189,6.4682804549589,0,1,0,1
554,500,2,1,"L'Ecuyer-CMRG","10407_1919503579_-1003224394_-1872925920_-1893144364_2081398396_-366941435","10407_-7587361_-1876393069_1839945248_1062037062_-1523871597_1871196910",172592157,586122705,1892475891,509527022,836594498,1270552955,1640661447,87.893,5.87700000000041,7.26000000000204,2.23800000000119,2.2019999999975,526.353000000003,1,NA,"36817de9e60d","not-a-git-build","bbd3d4119dab4c61438d29ca56ae93a0","confirmatory",656.101999999999,35.8968611991935,11.4744527299327,35.0971187836344,8.0247320100393,55.3906592312812,28.2655086835531,1288.58464395416,131.66306545146,1231.80774691254,64.3963238329495,29.5529457011008,6.71978667415689,0,0.056,0.411,0.828,12.4535095488093,39.1559849965684,11.6687383194602,34.4407410383428,35.2701153657499,13.3489477553559,34.372842038676,10.2462909648935,54.6663824863228,30.4870676384073,1243.98103791331,178.19440617522,1181.49226981577,104.986478537258,28.3009092635377,7.93411480075709,0.001,0.098,0.332,0.815,14.2849608888815,42.6854341354427,12.0305278287102,35.9497901766954,37.9934721026362,11.4474490809684,36.7700050815295,7.83274286870145,57.0635455291763,28.0735195422153,1443.50392241379,131.044090461363,1352.0332736957,61.3518608471934,28.5884402971529,6.55154134198212,0.018,0.199,0.467,0.983,19.5780077210138,60.3762806654035,15.5528342974261,50.6187315029968,36.3536294976922,11.9696445498494,34.734927053799,7.81611815060812,55.0284675014458,28.056894824122,1321.58637765548,143.272390649739,1206.51515743274,61.0917029442657,27.18362958285,6.86010449904925,0.038,0.292,0.489,0.955,19.1097080645139,61.3431749963075,15.8333597080391,50.3661561484326,44.6725406808893,65.604180560307,17.9381800626655,38.5821126859484,51.7469713793222,58.6197854533607,24.7493983045805,31.7563285538816,20.9316398794177,20.6439326232829,6.87281407403855,7.00693024930112,0,1,0,0,43.0167398514471,65.9669074193217,20.3904344300692,39.2897671640614,50.9345867432739,58.6920468551471,26.9537950175,34.1420594014244,22.9501675678746,18.8993327339922,7.75746011187321,7.1882643839244,0,0,0,0,45.0226331038249,69.0672767978169,16.8701941718618,38.972415473585,53.0929394316294,60.8130825768625,24.7991235886166,31.5293966958072,24.044643693992,22.1022213017231,7.72014314523304,6.73027310719063,0,1,0,0,42.8702360996507,66.734498211703,17.5489202854667,38.098627581902,51.0712349611714,59.0504345643193,24.0788457604876,32.0810773760119,23.8642621120523,20.5497072964354,7.97919960314783,8.00223161552429,0,1,0,0
557,500,2,1,"L'Ecuyer-CMRG","10407_785175469_-179088790_283216594_-266223059_123324391_1857990735","10407_-1061351449_-2021045448_1097592314_-500968395_-1545331162_-363996507",1640661447,1502597675,581594706,1912713472,1773361711,848222698,971868070,86.9110000000001,5.52600000000166,7.71399999999994,2.42900000000009,3.7019999999975,516.584000000003,1,NA,"36817de9e60d","not-a-git-build","bbd3d4119dab4c61438d29ca56ae93a0","confirmatory",647.246999999999,34.8942703957991,7.81783668811269,33.9875010304165,-0.363848030481574,53.7457339953533,19.3961348233987,1217.61010645514,61.1185704820008,1155.15022629256,0.13238538928532,28.7122194272633,4.44366378108754,0,0.025,0.452,0.983,11.9993120817146,37.0885835331709,10.6140560733551,32.683877385358,37.2143418726151,8.18406083755217,35.7339801656056,0.0591462047908102,55.4922131305423,19.8191290586711,1384.90724101187,66.9788517927551,1276.91733847589,0.00349827354115646,29.4356209236416,4.66833402211629,0.002,0.108,0.489,0.99,15.1151513110759,44.1249778108827,11.8747027055901,36.2557197956376,38.1939264080957,9.74393573172542,36.3409763372562,1.03601405043285,56.0992093021929,20.7959969043131,1458.77601446703,94.9442835439955,1320.66656114501,1.07332511269429,28.1296622433634,5.550702114137,0.006,0.307,0.58,0.992,20.0508296550507,60.0136176314723,15.7614586022541,49.244023798525,38.2720964935184,7.62938501489055,37.1165256400395,0.284058231952979,56.8747586049763,20.0440410858332,1464.75337000918,58.2075157054365,1377.63647558771,0.0806890791402527,29.5243876502968,4.43308270285073,0.001,0.172,0.513,0.998,17.3322824326044,54.3551095799282,12.3275544487853,41.7086317186585,42.6769199830202,63.9090311276544,9.97015770176445,28.9218315568222,50.0080349354293,57.2592818617816,16.1819957536025,22.5871861349627,21.2321111446342,18.9516738550578,7.25124692635233,6.40519038136013,0,1,0,1,45.0489734610955,65.6749142540499,11.2670816657458,29.4764484436215,52.2652010286685,58.796915857961,16.6825858239052,22.8718676625149,20.6259407929544,18.2093667778757,6.53171482929248,6.18928183860977,0,1,0,1,45.0947742758527,66.590859857036,12.6147684784226,29.5640641814147,52.4294398151449,59.8273503056472,17.6448893479865,23.7480865138117,21.4960855811833,16.9492957029921,7.39791049050226,6.10319716582521,0,1,0,1,46.7904482031218,67.5471361841887,10.6853330586066,28.6718219628293,52.7844761793884,60.7641812122371,17.0408109360064,23.060144996244,20.7566879810669,17.9864889042226,7.97970503284868,6.01933406023767,0,1,0,1
556,500,2,1,"L'Ecuyer-CMRG","10407_-67050546_1756261457_195182039_1957630055_1618839732_39538819","10407_-1943308136_1743117631_1420113555_-1018809470_-229998565_232332425",836594498,1270552955,1640661447,1502597675,581594706,1912713472,1773361711,86.7959999999985,5.71299999999974,6.57300000000032,2.30600000000049,2.99499999999898,533.027999999998,1,NA,"36817de9e60d","not-a-git-build","bbd3d4119dab4c61438d29ca56ae93a0","confirmatory",661.357,44.9339495607364,9.48941244314125,44.1917801741388,-3.98250861484208,63.9240695740896,15.6372905092903,2019.0598231268,90.048948516044,1952.91343495941,15.8603748672914,39.517549346058,5.46637932529058,0,0.001,0.373,0.927,10.4123353012377,33.2363874894375,10.3308843124635,33.4507552405909,46.6733360445328,9.69054569968725,45.9558554644658,-3.68073290665455,65.6881448644166,15.9390662174779,2178.40029752588,93.9066759577271,2111.94065147087,13.5477947301297,41.0678997884146,5.49974407617806,0,0,0.484,0.966,11.1088049910118,34.3303302093144,13.130015994952,39.3423567982421,46.2714602559875,9.93677783112802,45.5148470958862,-3.76831361752775,65.247136495837,15.8514855066047,2141.04803422143,98.7395536651974,2071.6013061619,14.200187520045,39.5408161191049,5.78358038934783,0,0.011,0.598,0.988,12.6596254312077,42.792617843553,17.6477935599798,53.6666120675856,46.9322407004359,10.5230559219666,46.1663386561241,-3.7336916972665,65.898628056075,15.8861074268659,2202.63521716365,110.734705936836,2131.33082491194,13.9404536902368,39.5077982648709,5.9802558213289,0,0.023,0.478,0.967,13.7210452148019,48.1013613550662,14.8138719367957,47.9226590982202,53.7996719136572,74.1357149488124,5.34427021574195,26.5679467923295,60.1097347920864,67.4866752655796,12.4193229257526,18.6543065911738,20.3360430351552,21.2236765765875,7.37694047349324,6.23498366542121,0,1,0,0,55.8223524038182,75.4903471432945,6.7991314652902,25.5685397487112,62.5423884729863,68.7203135043685,12.8661283608109,19.2411563487426,19.6679947394763,18.769408283421,6.17792503138219,6.37502798793172,0,1,0,0,54.5337723308814,75.1425448290362,6.57365808762584,24.2810231327955,61.180473822032,69.2675286668448,12.4272185839271,19.271658368538,20.6087724981548,17.7073650451697,8.08705484481284,6.84443978461092,0,1,0,0,55.2478839604357,76.4346214859457,5.80978752549991,25.0610040064755,62.1123257318497,69.7899833075222,12.5222354773579,19.0295541058973,21.18673752551,19.2512164809756,7.67765757567247,6.50731862853935,0,1,0,0
559,500,2,1,"L'Ecuyer-CMRG","10407_-1103772413_1612383040_1150403029_-56828418_940745183_831057021","10407_1669769154_564627746_1989920144_1895268916_-1042338373_712093865",1773361711,848222698,971868070,1075031091,491728588,2067881034,2121772954,89.0400000000009,5.38100000000122,6.87099999999919,2.17699999999968,2.26599999999962,523.165000000001,1,NA,"36817de9e60d","not-a-git-build","bbd3d4119dab4c61438d29ca56ae93a0","confirmatory",653.328999999998,38.98727431746,8.33551665104647,38.0569842573254,0.135032456736674,58.5508759327021,20.7993248368579,1520.00755870488,69.480837839873,1448.33405076232,0.0182337643723418,33.0815866555304,4.80096696649937,0,0.019,0.357,0.968,10.5564261928986,35.5563928963514,9.85857320221682,31.2553905284756,41.0376501067927,9.35085129572052,40.2143567556549,1.64798433555801,60.7082484310316,22.3122767156793,1684.08872628755,87.4384199546781,1617.19448927109,2.71585237024458,34.7779270956791,5.379729579071,0,0.003,0.387,0.937,12.317877259063,38.0463149250794,11.1753649561285,32.6040225362804,41.0168714115872,8.98625274930085,40.0906875254657,1.47252776962198,60.5845792008423,22.1368201497432,1682.38374039468,80.7527384743171,1607.26322626453,2.16833803230789,33.4957059309155,5.13412436399862,0,0.067,0.458,0.996,14.4628056643995,46.3364897898817,12.5816188239571,42.1190031368109,39.2887525231091,9.27986297805342,38.3459105978438,0.0838501834009513,58.8398022732204,20.7481425635222,1543.60607482211,86.1158568914465,1470.40885957783,0.00703085325637317,32.120398492047,5.3358274883291,0,0.11,0.393,0.943,13.0369653558311,45.0588402857709,11.552280859392,37.2588692039757,49.2267493936946,67.2837554508837,11.4800700323486,30.9937431956167,55.3053188693096,61.8825288354346,17.7285165725497,24.1618523711324,18.0570060571891,19.513673163268,6.57720996612503,6.43333579858275,0,1,0,1,51.3888005182395,70.5869975703846,12.5945995326214,31.5173639784467,56.8601480424536,64.1792042531753,18.7291025733281,25.7644978735713,19.1981970521451,18.9227644458253,7.31905621072162,7.03539530024324,0,1,0,1,49.8978693417819,70.9538033531327,13.3065841282427,31.5735109644251,57.0763210286746,64.1999106579927,18.6663918172047,25.5651624570265,21.0559340113508,18.2669268361824,7.12358962931805,6.8987706398218,0,1,0,1,46.9788708454764,71.0644971651835,11.2037346988746,29.7735168024456,54.8778793904711,62.9352793462012,17.4782207270699,24.0067152314297,24.0856263197071,18.569782103571,8.05739995573012,6.52849450435977,0,1,0,1
558,500,2,1,"L'Ecuyer-CMRG","10407_900931420_1215419082_-1914415510_425512883_1833687064_-1134256439","10407_225256477_997900376_1325792175_-216226401_1266676213_422805846",581594706,1912713472,1773361711,848222698,971868070,1075031091,491728588,88.0959999999977,5.96899999999732,6.81899999999951,2.10699999999997,2.59900000000198,523.800999999999,1,NA,"36817de9e60d","not-a-git-build","bbd3d4119dab4c61438d29ca56ae93a0","confirmatory",653.032999999999,30.7639170662949,10.435706696478,28.4856145824763,3.96852916659211,48.0996435578713,23.4976272637322,946.418593261868,108.903974254915,811.430238141385,15.7492237460922,22.2952489843502,6.04221600727696,0.025,0.366,0.352,0.896,15.8409640393417,46.2544045769199,11.2548711577318,33.0906414760794,30.9223192909581,10.6201526164823,28.3025982264831,4.63448924709144,47.9166272018782,24.1635873442315,956.189830331957,112.787641597375,801.037066369727,21.4784905814062,21.709442074763,6.15786542633295,0.044,0.435,0.399,0.907,17.4234425733944,50.9706404177886,12.2686304626178,36.6989042266348,32.1251816911208,10.446641112836,28.6405217673532,4.50172213583309,48.2545507427483,24.0308202329732,1032.02729868752,109.132310540396,820.279487106235,20.2655021882496,21.1491062781275,6.03711068730313,0.122,0.622,0.515,0.975,23.0805548960442,67.634836426295,15.6148413745469,48.3826812727255,32.7704495735996,11.450253920096,30.3903378880655,5.4279463249695,50.0043668634605,24.9570444221096,1073.90236525583,131.108314834673,923.572636950788,29.4626013067499,22.4061438067747,6.61009879514938,0.054,0.551,0.505,0.979,21.5255590117806,64.5749429149084,17.0340161150835,51.6523692399898,38.0512336511936,58.5104267181096,14.1030746637377,32.4894169458142,44.531689564411,51.7809759040772,20.3615290594271,26.7504877141208,20.4591930669161,18.3863422820765,7.24928633966625,6.38895865469364,0,1,0,0,36.0411687338425,58.8422401561573,14.2653941129254,33.6099620670071,43.7290656271255,51.844618298248,21.1971448178504,27.3659562149689,22.8010714223148,19.3445679540817,8.11555267112246,6.16881139711842,0,1,0,0,36.7052649442666,58.6238204658747,14.0412778427315,33.2153256564581,44.3562258674841,52.4749102446136,20.6355344904653,27.404113276,21.9185555216081,19.1740478137266,8.11868437712957,6.76857878553466,0,1,0,0,39.0955864563584,62.5124271590757,14.3489898318476,34.8163851721413,46.1374329417,53.3689669884172,21.478892565793,28.559148247681,23.4168407027173,20.4673953402937,7.23153404671724,7.08025568188803,0,1,0,0
561,500,2,1,"L'Ecuyer-CMRG","10407_-605339669_910482844_3118548_-1340078208_-811410580_123410905","10407_1980007760_-694670832_-1559850094_-876956750_593004743_2046061877",491728588,2067881034,2121772954,939766696,393732443,1898259916,1124251366,87.2080000000024,6.33899999999994,5.39400000000023,2.21600000000035,2.32200000000012,522.136999999999,1,NA,"36817de9e60d","not-a-git-build","bbd3d4119dab4c61438d29ca56ae93a0","confirmatory",650.753999999997,26.0172877818364,8.24249270604946,24.90166171491,-3.38329734573595,44.4865937099884,16.2725109397151,676.899263522893,67.9386860092786,620.092756163814,11.446700929664,19.1205693062851,4.6868009385054,0.004,0.31,0.454,0.983,14.1066972721347,42.1731370736628,11.4401829784554,34.1331255803407,26.1171995501966,9.41119380109216,24.7422277469422,-3.79172100020085,44.3271597420206,15.8640872852502,682.108112344789,88.5705687617155,612.177833881556,14.3771481433641,18.4111188682319,5.36548110537388,0.026,0.465,0.455,0.965,16.0184197004175,48.2518083803586,12.3492831286131,37.077174841304,25.1943307020558,9.3538819787304,23.1496575136876,-2.86417595342678,42.734589508766,16.7916323320243,634.754299524554,87.4951080720174,535.906643001034,8.20350389218821,16.4210653401969,5.4674763943597,0.087,0.69,0.603,0.999,18.9302482528977,59.1619659858937,17.1726144897261,52.1534176390105,27.3823231774506,9.45607251123252,25.7489097459416,-3.45159197376573,45.33384174102,16.2042163116853,749.791622594347,89.4173073376873,663.006353104646,11.913487153364,18.0218953387386,5.52454211806555,0.037,0.705,0.653,1,20.2804912463944,63.5169878904788,18.1016608290263,55.8990811162012,32.8958380534399,56.7662344608928,6.90203468565814,26.4053876956377,40.4014903305916,48.1120938911897,12.853506475678,19.8298554677157,23.8703964074529,19.5033530099796,7.71060356059803,6.97634899203773,0,1,0,1,33.7863924693858,54.4308509272899,5.92097498861553,25.4183333923666,40.862502687513,47.6323705972616,12.0891979275272,19.6776573870127,20.644458457904,19.497358403751,6.76986790974863,7.58845945948553,0,1,0,1,32.6215333225318,54.5230258891352,7.02473851209841,26.3091192380279,39.0496111742864,46.4425046240874,13.4354898543353,20.1671435893068,21.9014925666034,19.2843807259295,7.39289344980099,6.73165373497152,0,1,0,1,33.8365224074808,56.6802690821433,6.61507152919896,26.2648225161393,41.5473955946613,49.0578651637218,12.6062059340764,19.501907577371,22.8437466746624,19.6497509869403,7.51046956906048,6.89570164329464,0,1,0,0
560,500,2,1,"L'Ecuyer-CMRG","10407_-1667535834_1104302614_500745626_-848806139_-507036128_575716790","10407_-1963033003_-502736890_967680645_-410761582_-558238705_467033826",971868070,1075031091,491728588,2067881034,2121772954,939766696,393732443,87.4639999999999,7.11800000000221,5.38800000000265,2.41600000000108,2.10900000000038,534.321,1,NA,"36817de9e60d","not-a-git-build","bbd3d4119dab4c61438d29ca56ae93a0","confirmatory",662.727999999999,29.528585464605,7.1157168324911,28.7834864541291,3.16888415551464,48.2081426194059,22.4303019166256,871.937359540483,50.6334260401972,828.489092455033,10.0418267910718,23.352330581522,4.03717957156591,0,0.124,0.552,0.995,12.7333602413304,38.1656014657744,11.4235064596009,33.7674751546622,31.1975572115656,8.33039534341557,30.3103988529211,3.47460989151613,49.7350550181979,22.736027652627,973.287575968907,69.3954865775998,918.72027862316,12.0729138982217,24.4066001349339,4.69812263129461,0,0.144,0.47,0.987,13.5848716281126,42.013206493428,11.8354351986747,35.2066344731625,30.4196578271884,8.32112709155808,29.4738793701775,4.80428173975933,48.8985355354542,24.0656995008702,925.355582323224,69.2411560738619,868.709565127773,23.081123034985,22.4320919282972,4.89086605366203,0.009,0.341,0.706,1,16.7173678162043,52.6205263535461,16.8992937494082,52.4959170800718,31.4462597859093,8.21801927414694,30.3297597896695,4.85553821651467,49.7544159549462,24.1169559776256,988.867254522898,67.5358407902506,919.894328899051,23.5762513720344,22.6997796687222,4.81971977198414,0.001,0.396,0.645,1,17.9912282187178,55.790779347685,15.3546436070959,48.6834288896338,38.6789728280819,57.9445746856617,13.2625816593627,31.5943199772678,44.7217462011544,51.7064922507042,19.3391849196213,25.7158461918262,19.2656018575797,18.3317383179051,6.98474604954978,6.37666127220487,0,1,0,0,38.5031595355079,60.3313805862959,13.6279875796322,31.6543735649532,46.2999102787196,53.1696292754503,19.5162914148565,25.8331826180079,21.828221050788,18.026385985321,6.86971899673065,6.31689120315141,0,1,0,0,38.7342270547932,59.5046793312708,14.3105397958532,34.037509418275,44.9493914362278,52.5165895525697,20.4803801244776,27.4433714209256,20.7704522764776,19.7269696224217,7.56719811634198,6.96299129644794,0,1,0,0,37.71088223278,60.4686210347585,14.6076634051114,34.7688230816245,46.244868281636,53.6065761587504,20.3236789873782,27.4219022123778,22.7577388019785,20.161159676513,7.3617078771144,7.09822322499962,0,1,0,0
563,500,2,1,"L'Ecuyer-CMRG","10407_955190928_1980637517_609895974_-484371534_523904011_-1372975987","10407_837879349_906254196_-720908198_512370915_84797121_-503721607",393732443,1898259916,1124251366,1290852854,2015407090,901748902,924406856,86.7960000000021,6.72300000000178,5.68500000000131,2.65799999999945,2.13500000000204,532.163,1,NA,"36817de9e60d","not-a-git-build","bbd3d4119dab4c61438d29ca56ae93a0","confirmatory",659.600999999999,41.4792775688082,8.90086273995937,40.7265293913774,-1.23350441413687,60.9170152507978,18.8961396162506,1720.53046763023,79.225357515597,1658.65019626673,1.52153313969514,34.9705452539145,5.12797078078547,0,0.017,0.376,0.953,13.0754461091077,40.5449492750359,10.7721864861148,32.5234527403827,42.1701829233289,9.50239601145167,41.3600512743176,-0.859381943703905,61.550537133738,19.2702620866836,1778.32432778702,90.2955299584527,1710.65384141418,0.738537325164302,35.2718348688626,5.45657348258844,0,0.006,0.438,0.957,13.884936515147,42.7010836897623,12.455178568955,36.7809291397548,41.8502690307034,9.96411383281683,40.9192435339729,-1.91687744596715,61.1097293933933,18.2127665844204,1751.44501794225,99.2835644733317,1674.38449139259,3.67441914285755,33.8676597847944,5.73957546094296,0,0.125,0.459,0.981,15.9760110566089,50.0718797760715,14.0186651381061,46.0687391934214,40.8941155177518,9.55171552796626,39.9351808735572,-1.16565403530926,60.1256667329776,18.9639899950782,1672.32868397923,91.2352695271918,1594.81867140373,1.35874933003277,33.0310271439355,5.48101295750407,0,0.104,0.467,0.972,15.3217185389547,49.2945547350453,13.2872335056998,43.0908713229727,50.0086632677012,71.2564535356258,9.57790210864848,28.3069675198026,57.0720859237671,64.9358405222463,15.3157463494451,22.4888199610271,21.2477902679247,18.7290654111542,7.86375459847918,7.17307361158198,0,1,0,1,51.3665998534495,72.1056233331728,8.64723111833801,29.92638496777,57.5325146374446,65.3750859074158,15.546353206351,22.9461760017096,20.7390234797233,21.279153849432,7.84257126997122,7.39982279535856,0,1,0,1,50.0130334719151,71.8235439507558,8.15524271987658,28.2028369352102,57.0261453775494,65.0627295352959,14.7076946007958,21.6174228193364,21.8105104788408,20.0475942153336,8.03658415774652,6.90972821854055,0,1,0,1,49.485341419269,71.5593499515796,8.7281423135927,28.8341904171661,56.0855442243885,64.2890193138312,15.6168176629438,22.6057225309892,22.0740085323106,20.1060481035734,8.20347508944265,6.98890486804535,0,1,0,1
562,500,2,1,"L'Ecuyer-CMRG","10407_-969152464_-913446847_-436610306_182629840_-1109875911_-1408363087","10407_-555683023_-1467300773_1840001187_1487726136_1546051763_-1174509572",2121772954,939766696,393732443,1898259916,1124251366,1290852854,2015407090,85.512999999999,6.13199999999779,5.66999999999825,2.20600000000195,2.47799999999916,543.834999999999,1,NA,"36817de9e60d","not-a-git-build","bbd3d4119dab4c61438d29ca56ae93a0","confirmatory",670.827000000001,33.730884646426,10.9900845962682,32.736089384736,6.35273080175513,52.5204821780249,26.1689792269491,1137.7725790305,120.781959433131,1071.65154820543,40.3571886395684,26.0977862221963,6.35911645444106,0,0.14,0.384,0.89,15.8629972309404,46.628719888223,11.5659659338597,34.3111546224977,33.5895262966844,11.7611980509422,32.2876131346437,7.77324720492361,52.0720059279325,27.5894956301176,1128.25627683565,138.325779593487,1042.48996193242,60.4233721088528,24.9161153957484,6.83296670774932,0.002,0.263,0.381,0.858,17.9748382756635,52.9068701962061,11.9423917922033,36.312045392294,35.3970795630114,12.1616081284956,32.8008539701924,5.48519554070955,52.5852467634813,25.3014439659035,1252.95324159016,147.904712271091,1075.89602117389,30.0873701198199,23.847152063561,6.88884533982964,0.047,0.574,0.531,0.961,24.36024438354,71.4381875831904,17.5570789487079,52.8266251911965,36.0304370213343,11.2457530042338,33.5364360277469,5.87739273780318,53.3208288210357,25.6936411629972,1298.19239194834,126.466960632234,1124.69254144316,34.5437453943816,24.4973015364219,6.48447104464127,0.033,0.549,0.524,0.976,24.2278032838164,70.0794904100899,16.8304355479588,52.4515710478164,42.2617668637535,62.7325257998873,16.955298641833,34.8908000046329,48.7718757511355,55.7840673568401,23.1752059551176,29.093554323801,20.4707589361339,17.9355013627999,7.01219160570456,5.91834836868338,0,1,0,0,41.035102913564,63.8250835668886,18.2041481174766,37.0471771571229,47.9868696386429,55.5706700035743,24.3025774266217,30.9394131411345,22.7899806533247,18.8430290396462,7.58380036493141,6.63683571451282,0,1,0,0,40.8880229540582,64.5226719069336,16.0189608217713,35.3259667687805,48.2743265753337,56.8150378019822,21.9406372332366,28.6129443013493,23.6346489528754,19.3070059470092,8.54071122664846,6.67230706811272,0,1,0,0,41.1855610669928,65.1815684343062,15.8039394510204,34.771606725756,48.9927118245278,57.3547183203255,22.1410189373478,29.3204003931417,23.9960073673134,18.9676672747355,8.36200649579771,7.17938145579391,0,1,0,0
565,500,2,1,"L'Ecuyer-CMRG","10407_1813861638_194430309_701951623_1865092225_520398472_-1941394713","10407_-1637457786_-609367216_20109807_-586826827_-1496240007_1834169409",2015407090,901748902,924406856,385039012,259124743,1864563937,2125236138,89.3729999999996,6.94800000000032,5.54699999999866,2.39700000000084,2.19799999999668,524.921999999999,1,NA,"36817de9e60d","not-a-git-build","bbd3d4119dab4c61438d29ca56ae93a0","confirmatory",655.275999999998,40.7845067503886,10.0568308112457,39.3515600557766,-3.57832842902843,59.2030562611091,16.1827243406011,1663.37599087249,101.139845966021,1548.54527882339,12.8044343459931,33.9080868624154,5.80507604598752,0,0.02,0.442,0.872,12.4447089124751,38.286511946899,11.3646081639562,33.4870875657974,41.9062075449872,8.57519196017681,40.5515216449086,-3.16141718918491,60.4030178502411,16.5996355804446,1756.13023080355,73.5339171538809,1644.42590771749,9.99455864407381,34.7140993889925,4.91554296404776,0,0.026,0.586,0.97,13.8913612583775,40.4836343223936,13.3396189553791,38.6864595467799,43.580994645652,14.7647124840089,42.4227880587896,-4.91294871646915,62.2742842641221,14.8481040531604,1899.30309430435,217.996734735449,1799.69294668098,24.1370650906558,35.2184543900532,8.4510822106702,0,0.055,0.34,0.957,16.4259717240884,50.8416638621413,16.1206706173402,51.0639639877579,42.9799286914164,11.4693968204236,41.0053251024517,-2.2540795172524,60.8568213077843,17.5069732523771,1847.27427031924,131.547063424342,1681.43668675776,5.08087447009683,34.1718471494511,6.66760726695698,0,0.065,0.426,0.88,15.7614932318942,47.2112649549138,13.2394995768533,41.9960866424868,47.7605071780638,68.7088594501943,7.67615111617264,24.9220446471054,55.6458433522943,63.0025685224103,12.9521487715905,19.0238796609051,20.9483522721306,17.2458935309327,7.35672517011601,6.07173088931454,0,1,0,0,51.3671646082612,69.239477852823,8.03190687443218,25.932128161881,57.019843008781,63.7805101148841,13.2503950682466,19.9673442550412,17.8723132445618,17.9002212874488,6.76066710610316,6.7169491867946,0,1,0,1,51.5277233323507,73.0563728417215,6.80202233469997,24.0970603516286,58.8405419653046,65.6318331132666,11.9901304628823,17.6559187537999,21.5286495093708,17.2950380169287,6.79129114796195,5.6657882909176,0,1,0,0,50.2718406218497,71.8659779544618,8.36861015539027,25.1713846885263,57.1453862864651,64.3888341683377,14.5533716941101,20.7265546363758,21.5941373326121,16.802774533136,7.24344788187257,6.17318294226573,0,1,0,1
564,500,2,1,"L'Ecuyer-CMRG","10407_1932638277_-1150746728_753539042_-814023993_884868671_2073874702","10407_-1827225727_-347849337_-1864398235_1665610938_1384668166_270448253",1124251366,1290852854,2015407090,901748902,924406856,385039012,259124743,88.6690000000017,5.41499999999724,6.98700000000099,2.33599999999933,3.11799999999857,533.167999999998,1,NA,"36817de9e60d","not-a-git-build","bbd3d4119dab4c61438d29ca56ae93a0","confirmatory",662.368000000002,37.6403327958943,8.33882143700379,36.7749094478915,0.974246094154001,57.1158945492609,21.2928857433061,1416.79465298567,69.535942958234,1352.39396490062,0.949155451974327,31.8795341754965,4.83237081514566,0,0.005,0.345,0.942,10.9678244211674,34.5645187040555,9.13184446139372,29.3341676404691,40.6055596531749,8.90500988744486,39.7121628139166,2.05932545342132,60.053147915286,22.3779651025734,1648.81147474754,79.2992010954908,1577.05587535902,4.24082132310891,34.1542943624274,5.11734069741393,0,0.02,0.406,0.971,12.6895208657668,38.8750514643162,11.4862683696289,33.6333340288811,40.0367836617973,9.49035606626114,38.9330999730449,1.54235588865597,59.2740850744143,21.860995537808,1602.94404598156,90.0668582644196,1515.78627351111,2.37886168727174,31.9325668450234,5.50150653878154,0.001,0.17,0.548,0.995,15.7113796474461,50.0523317280985,15.8225682053924,49.5845355791677,40.0626870442724,9.14363368044257,38.9609804036427,1.94857389581174,59.3019655050121,22.2672135449638,1605.01889320731,83.6060368821238,1517.95799401303,3.79694022743896,31.6881168547534,5.27987663339698,0,0.211,0.478,0.992,15.9648305241427,52.7757401219215,13.4937238032228,45.2773633742189,47.0933415061381,67.0505413060063,11.9342143232793,31.0077401871356,53.4671785432264,60.5284071107244,18.096739466809,24.4373106669751,19.9571997998681,19.0735258638564,7.06122856749801,6.34057120016606,0,1,0,1,48.9043362111425,71.2272441627354,13.1061057595846,31.9731570054942,56.242989599138,64.1039708254077,19.1785198544982,25.9486092984447,22.3229079515929,18.8670512459096,7.86098122626974,6.77008944394655,0,1,0,1,47.5258967224464,69.5559743755038,11.5298951389064,31.3364557625443,55.7479433332597,63.0405906428415,18.4930782769601,25.4190043320937,22.0300776530574,19.8065606236379,7.29264730958175,6.9259260551336,0,1,0,1,47.3037597142906,71.136992486384,12.3499488464496,32.6316033428383,55.3332977605135,63.4255460218603,18.9193808927439,25.7380783239377,23.8332327720935,20.2816544963888,8.09224826134682,6.8186974311938,0,1,0,1
567,500,2,1,"L'Ecuyer-CMRG","10407_-622462088_-1431594146_280057864_-554659121_-19638021_1655845670","10407_984397485_1901640940_-549777504_-1958636529_1379499620_1067335545",259124743,1864563937,2125236138,915273749,1400425203,1775252809,2102161983,87.0659999999989,5.875,6.57600000000093,2.38900000000285,2.16100000000006,527.221000000001,1,NA,"36817de9e60d","not-a-git-build","bbd3d4119dab4c61438d29ca56ae93a0","confirmatory",655.969000000001,39.8147408574939,9.32079984807827,39.1456092200923,-5.48435564706166,58.9304994429484,14.5905080764552,1585.21358954939,86.8773098079359,1532.37872121217,30.0781568634571,33.202946953234,5.29246791416152,0,0.011,0.476,0.904,14.2018149624454,40.9844004349682,11.0682130113501,33.2185324171146,39.5326054676081,9.67930347000352,38.683840379868,-4.30113610327304,58.4687306027241,15.7737276202438,1562.82689505756,93.6889156644223,1496.43950653511,18.4997717788788,32.0473312247425,5.51479546601937,0,0.052,0.435,0.928,15.7066996502071,46.196610763215,11.7471880955983,34.9060669322104,41.7390123871877,9.67244909272917,39.8425233598539,-4.74891820003621,59.62741358271,15.3259455234806,1742.14515505781,93.5562714514373,1587.4266676805,22.5522240706351,31.7613372230729,5.4976808403689,0.007,0.246,0.553,0.974,19.5366771588728,58.3856443797709,14.7603251197001,45.8426360871114,40.139706404653,11.7608519411526,38.5359791273161,-6.17313758546369,58.3208693501722,13.9017261380532,1611.19603025174,138.317638381714,1485.02168730094,38.1076276490645,30.9276772846098,6.72103893883866,0,0.22,0.437,0.93,17.6987747539514,54.4141747435205,13.8198383739544,44.5762643433894,50.1385475882671,68.5388367037281,4.74122996699677,25.0689425038734,55.5830657830459,61.9302782400128,11.2798404777848,18.0263095855839,18.400289115461,20.3277125368766,6.34721245696694,6.74646910779914,0,1,0,0,48.7471346203118,68.2175374111193,6.62933047508856,24.2142664670061,54.7680150756802,61.6819129642887,12.8216845062147,19.395323452341,19.4704027908075,17.5849359919175,6.91389788860843,6.57363894612627,0,1,0,0,49.7329711072103,68.1151298164404,5.29843731669732,24.7663082314103,56.4834160855242,62.9835196611846,11.9267705539087,18.7075525892393,18.3821587092301,19.467870914713,6.50010357566038,6.78078203533059,0,1,0,0,48.3023983467713,67.7170673951155,2.81050945772576,23.1712184753483,54.9681722383648,61.9659704580642,10.6525401683793,17.126403348265,19.4146690483442,20.3607090176226,6.99779821969939,6.47386317988567,0,1,0,0
566,500,2,1,"L'Ecuyer-CMRG","10407_598111709_1158786159_-2089564144_964552875_1319418102_-351200842","10407_2001631479_210826945_-114603752_-161671324_-2027988382_-800012039",924406856,385039012,259124743,1864563937,2125236138,915273749,1400425203,86.5689999999995,5.52000000000044,7.1050000000032,2.20600000000195,2.85700000000361,532.732,1,NA,"36817de9e60d","not-a-git-build","bbd3d4119dab4c61438d29ca56ae93a0","confirmatory",659.459000000003,40.8886103075862,8.8016162439369,40.2833977460265,0.904519105977119,59.9685366284644,20.637216882573,1671.87845288565,77.468448505534,1622.75213396457,0.818154813077647,34.5286771338758,5.04054208567499,0,0.003,0.456,0.968,13.1375317835311,40.1724519766097,11.8674335566599,35.3339053753298,42.9309704158926,9.76572289096979,42.354718913563,0.65443460130453,62.0398577960009,20.3871323779004,1843.06822085024,95.3693435832114,1793.92221424693,0.428284647384619,36.2455907958686,5.56765016934251,0,0.001,0.447,0.95,13.6321056666085,43.1148621088177,12.5628880068072,37.342583812494,42.6307571986994,13.0046669443568,41.9423106412327,2.76548421389828,61.6274495236706,22.4981819904941,1817.38145933446,169.121362333647,1759.15742192566,7.6479029373206,33.7955417310883,7.45119964765268,0,0.109,0.463,0.962,17.871160319736,58.0188846301587,17.7428562806534,53.3008632521763,42.6529638082485,11.2783714147686,41.9154046363111,1.90077353870999,61.600543518749,21.6334713153059,1819.27532162775,127.201661769469,1756.90114582569,3.61294004546009,33.3690529856906,6.54337436006955,0,0.114,0.54,0.974,18.4942240815551,61.3220376521655,16.9270080390911,53.0254201188674,48.5929392531701,71.2095730977672,11.2394427524692,30.3966420825782,56.0611914764476,63.6834757864865,17.230849623224,23.9490406761917,22.6166338445971,19.1571993301089,7.62228431003889,6.7181910529677,0,1,0,1,51.7808209485969,72.695509344043,11.6267677227903,28.6643044868075,58.1501997421297,65.5513511409412,17.365663304544,23.3116154366029,20.914688395446,17.0375367640172,7.40115139881149,5.94595213205895,0,1,0,1,49.8343124411886,73.1515844203583,13.3368436167402,32.4339405336872,57.6774690501395,65.6581379460014,18.9313886942405,25.8637177154803,23.3172719791698,19.0970969169471,7.98066889586193,6.93232902123982,0,1,0,1,47.196640723098,74.037401744322,11.2953394693891,32.027200032703,57.2011218620549,66.0960204848517,18.2354331991276,25.0345645489239,26.840761021224,20.7318605633139,8.89489862279681,6.79913134979629,0,1,0,1
569,500,2,1,"L'Ecuyer-CMRG","10407_186788883_-1460680587_-1137687524_263137580_-837908930_-1634123757","10407_-724842124_1342773066_2070383659_1429471001_1045716891_2117448439",1400425203,1775252809,2102161983,1197059382,2095536699,182760739,1402760390,85.773000000001,6.84600000000137,5.54400000000169,2.86699999999837,2.21600000000035,522.791999999998,1,NA,"36817de9e60d","not-a-git-build","bbd3d4119dab4c61438d29ca56ae93a0","confirmatory",651.030999999999,30.7916868227669,6.6150026499075,29.808378049715,-0.423675982034887,49.7819132109325,19.6844779381099,948.12797739136,43.7582600582833,888.539401954731,0.179501337753225,24.3639099876783,3.83664166263412,0,0.102,0.609,0.995,12.4877781046681,38.4808252379148,11.7453466052513,34.7221149109594,32.9780042369856,7.35665227353747,31.9464684607108,1.26672886144696,51.9200036219283,21.3748827815917,1087.54876345464,54.1203326737441,1020.57684711119,1.60460200842271,26.4151677943383,4.25972013952975,0,0.101,0.605,0.999,13.0465915882657,38.8757569009551,13.1307520873948,38.8581331358439,33.1274264651438,9.30204793511882,31.3080725934584,0.363740357367494,51.2816077546759,20.4718942775123,1097.42638420351,86.5280957872484,980.195409517263,0.132307047577832,23.7494685275396,5.47401194680192,0.018,0.404,0.678,1,18.8111002885199,57.0757220918724,18.3483138108767,54.6186382173002,32.0031997447276,8.47002864073518,30.380201145953,0.65648092679697,50.3537363071705,20.7646348469417,1024.20479390093,71.7413851748743,922.956621668565,0.430967207248209,22.8878815065583,5.06991742388253,0.011,0.397,0.676,1,18.0331970386123,58.5980117959079,17.0219253298691,53.903454496995,39.1254105559183,61.3707621165984,10.7310015862238,28.6431696352106,46.0810155442708,53.0586483392449,16.5885919079598,22.9962947607291,22.2453515606801,17.9121680489868,6.97763279497402,6.40770285276933,0,1,0,1,41.9089109284265,60.4695789943947,11.7806453898206,33.3553352027472,48.7389334815316,55.4485133851538,18.0018780122349,24.3629919353595,18.5606680659683,21.5746898129266,6.70957990362221,6.36111392312458,0,1,0,1,41.8315632457081,61.6751355182412,9.79254727036784,30.8654211468124,47.809873018209,54.9581462507813,17.0869915377202,23.7159612590283,19.8435722725331,21.0728738764445,7.14827323257231,6.62896972130811,0,1,0,1,39.7547763943633,60.6786191700838,11.018021620226,31.8942939489495,46.7028447864725,54.0104999128398,17.2954971817478,23.9775912181521,20.9238427757204,20.8762723287235,7.30765512636724,6.68209403640429,0,1,0,1
568,500,2,1,"L'Ecuyer-CMRG","10407_-1358919853_-2041419810_-503853325_155031729_1056170677_1772942680","10407_-1205427624_-2101302005_-1970331425_-1449867775_-2146681004_14444464",2125236138,915273749,1400425203,1775252809,2102161983,1197059382,2095536699,89.8730000000032,5.6820000000007,6.15799999999945,2.25500000000102,2.91899999999805,538.869999999999,1,NA,"36817de9e60d","not-a-git-build","bbd3d4119dab4c61438d29ca56ae93a0","confirmatory",668.769,29.0167440030068,11.2178397256779,27.8964945335538,7.49884178238778,48.2152383784752,27.8841207457036,841.97143253603,125.839928110997,778.214407260598,56.2326280772847,22.7458365120069,6.62583551509835,0,0.132,0.331,0.816,12.2995207414218,36.2870170027313,9.58880524907234,30.686746544062,29.6375215638106,11.0455594228442,28.2505789919191,6.94082259151288,48.5693228368405,27.3261015548287,878.382684445338,122.004382963583,798.095213378663,48.1750182468556,22.7329662306861,6.42082623561535,0.009,0.165,0.369,0.868,13.3789232054501,39.6776535000257,10.7772107007778,33.606137726155,29.7024958358802,11.0208175223038,27.9042074645034,6.24541419314223,48.2229513094248,26.630693156458,882.238258880482,121.458418859919,778.644794222048,39.0051984439025,20.9217194507836,6.30546392010653,0.033,0.439,0.473,0.968,17.437179327961,54.1321106118683,14.348571169993,45.401983620065,28.5660276437758,10.9354684608242,26.2901672201277,6.43499032117257,46.6089110650491,26.8202692844883,816.017935344962,119.584470457682,691.172892462275,41.4091004335847,19.8436057009887,6.27968290955347,0.061,0.496,0.443,0.957,16.1389550328789,53.5233263744809,13.0442867632404,44.1365483987159,37.0732674367707,59.1409169039713,17.7369961023149,36.8513402098663,44.420355832,51.7993368320274,24.64883587108,31.3315439291459,22.0676494672006,19.1143441075514,7.37898100002737,6.68270805806588,0,1,0,0,37.9384999703503,58.8776786542586,18.2487553601651,36.4146690343529,45.2315949807542,51.8479884260303,24.0964827338509,30.3953284445275,20.9391786839083,18.1659136741878,6.61639344527605,6.29884571067661,0,1,0,0,36.8564087785455,59.4603725867643,17.4736156958623,37.4311215970745,44.310074664785,52.0317051257257,23.1062727332099,29.8603943756389,22.6039638082187,19.9575059012122,7.72163046094069,6.75412164242904,0,1,0,0,34.9236192937091,57.7518149899435,16.2927719953353,36.1174752490509,42.5332147172089,50.5872895999658,23.3809348184799,30.3497359176546,22.8281956962344,19.8247032537156,8.05407488275694,6.96880109917469,0,1,0,0
571,500,2,1,"L'Ecuyer-CMRG","10407_-1705088752_909021041_-1772834617_-1712984575_-1354602329_1969427925","10407_-1181047628_-2034796439_1427809412_1400150747_-843964289_-185348095",2095536699,182760739,1402760390,95481611,1857668212,1823056732,198363043,86.0270000000019,6.2029999999977,5.89500000000044,2.3279999999977,2.10800000000017,538.918000000001,1,NA,"36817de9e60d","not-a-git-build","bbd3d4119dab4c61438d29ca56ae93a0","confirmatory",665.175999999999,39.1680888951884,10.8833328233353,38.2322351922913,6.16520626326781,57.8437410173948,25.9292942167748,1534.13918770138,118.446933343487,1461.70380779867,38.0097682686366,33.0323487472593,6.42782972981673,0,0.006,0.324,0.832,11.883329847468,36.1711877339833,9.89695694996729,29.6188379683835,41.9702443660447,11.8199342429351,41.004887552557,7.97634909850319,60.6163933776606,27.7404370520102,1761.50141214551,139.71084550731,1681.40080319784,63.6221449411926,35.4349797864755,6.99141990237834,0,0.006,0.34,0.837,12.637516815393,39.3038403324273,10.9165728139054,33.2232907036094,40.6550740245994,12.3654024294081,39.5505913775929,8.45560371707615,59.1620972026965,28.2196916705832,1652.83504394565,152.903177241212,1564.24927831733,71.497234220232,32.4021417636022,7.29383697096213,0,0.106,0.335,0.872,15.9236411396123,50.9698975083188,11.2200144417273,38.338966382501,40.5905778710945,12.2591605785917,39.4554839449299,8.02019732768634,59.0669897700334,27.7842852811934,1647.59501190939,150.287018091698,1556.73521332862,64.3235651750271,31.9518723445601,7.17351757127493,0,0.146,0.397,0.934,16.5105654678136,54.3120273233453,13.1540850613579,45.8390826958964,47.1640863108968,69.3681810371347,16.4974829013916,37.1898533553594,53.6174352980964,61.5630694379163,22.608684607737,29.2550274723653,22.204094726238,20.6923704539677,7.94563413981993,6.64634286462824,0,1,0,0,50.2108922866746,71.5774131803242,18.6184696449914,36.9458862220208,56.9391683219618,64.1633261616034,24.6424206902545,31.0626678640151,21.3665208936496,18.3274165770294,7.22415783964155,6.42024717376069,0,1,0,0,47.1840000077895,70.8949487914392,18.7732967943926,38.5801269546428,55.2598700031753,63.2733875783969,25.0682932437797,31.3664930637552,23.7109487836496,19.8068301602502,8.01351757522163,6.29819981997549,0,1,0,0,48.323215654747,70.4158331566775,17.8081139020637,36.9247803449256,55.0888606760996,63.2203878749838,24.3700356293196,31.0176445012021,22.0926175019305,19.116666442862,8.13152719888419,6.64760887188254,0,1,0,0
570,500,2,1,"L'Ecuyer-CMRG","10407_-1606087463_402990503_-354922388_-964766762_146154666_782671688","10407_602201470_-1873914531_1033901533_-967543369_-1178252486_85981923",2102161983,1197059382,2095536699,182760739,1402760390,95481611,1857668212,88.6579999999994,5.7599999999984,6.43699999999808,2.40600000000268,2.15000000000146,544.945,1,NA,"36817de9e60d","not-a-git-build","bbd3d4119dab4c61438d29ca56ae93a0","confirmatory",676.382999999998,41.4345267634249,9.26711761332054,40.8779687197929,-2.93193866036373,61.250526809756,17.4966411492704,1716.82000810898,85.8794688591157,1671.00832665636,8.59626430813545,34.8318297093004,5.32533010654411,0,0.003,0.381,0.942,13.6859518744092,42.3372746745859,10.736720953203,33.8051733748484,44.4929049562299,9.78764848704996,43.9855540164749,-2.33092606112671,64.3581121064381,18.0976537485075,1979.61859144411,95.7980629060513,1934.72896213623,5.43321630243967,37.5979571440359,5.58609702675802,0,0,0.44,0.942,14.6785889882137,44.3969419380184,12.4638357068646,36.7881839908933,43.1051801904173,10.3171658330184,42.2908512801476,-3.64954269036086,62.6634093701108,16.7790371192733,1858.05655924834,106.443910826002,1788.51610199956,13.3191618487664,33.9367967307719,5.90541117938355,0,0.17,0.523,0.994,20.177528289489,58.5369997884421,16.0705844142429,50.9380078003954,43.0597131632573,9.27311698746788,42.4957765673592,-1.85120115613732,62.8683346573223,18.5773786534968,1854.13889770199,85.9906986632653,1805.89102606291,3.42694572048414,33.7849092273784,5.42311028662066,0,0.163,0.578,0.999,19.357559930714,62.6205669316531,16.0894730445354,50.9966674321939,49.6578075755333,71.9366974569434,7.37801165666879,27.127318799944,57.4956302029892,65.0908141199814,14.3814226017112,20.4689906301726,22.2788898814101,19.7493071432753,7.59518391699223,6.08756802846136,0,1,0,1,53.3940310307809,76.0264497413663,8.53113087099859,27.1921312283348,59.9637849631597,68.196297954124,14.8868964830046,21.454695039882,22.6324187105853,18.6610003573362,8.23251299096429,6.56779855687739,0,1,0,1,50.3988450707094,74.0950748913781,7.50663227000056,25.7192789253601,58.7067778851197,66.8159236992096,13.3590023406699,20.0577782244617,23.6962298206687,18.2126466553595,8.10914581408984,6.69877588379178,0,1,0,0,51.2881685809699,76.0758922918952,8.57369218208176,28.8877254190178,58.4835713401784,67.2527903211954,14.940068383186,22.0445566428818,24.7877237109253,20.3140332369361,8.76921898101698,7.10448825969574,0,1,0,1
573,500,2,1,"L'Ecuyer-CMRG","10407_-1762601616_1628816710_1993759657_417898249_2112449412_-701561103","10407_-1320569840_1376705737_542147756_2004733201_-2014859776_31922338",1857668212,1823056732,198363043,1235248663,1245810753,1321764072,1670194588,90.601999999999,6.75800000000163,5.62700000000041,3.07200000000012,2.14600000000064,538.559000000001,1,NA,"36817de9e60d","not-a-git-build","bbd3d4119dab4c61438d29ca56ae93a0","confirmatory",670.437000000002,33.3745876823065,11.548128686583,32.3684094923146,-6.27078242242686,52.1310777926264,13.6278576730686,1113.86310296396,133.359276161882,1047.71393306216,39.3227121894176,28.0148860447714,6.95131557543949,0,0.026,0.309,0.736,9.74201166278312,31.2597542687563,9.50013444441951,27.6973531403871,34.1859439950449,11.3532143177452,33.218434786659,-5.63911618876969,52.9811030869708,14.2595239067257,1168.67876683234,128.895475344654,1103.46440967552,31.7996313904443,27.9059137844747,6.661752001614,0,0.05,0.34,0.851,12.2089556948032,37.4418260412319,10.8342205460217,32.5962647587073,35.2611451660972,11.3293139765327,34.3449711643681,-4.60973104559578,54.1076394646799,15.2889090498996,1243.34835842458,128.353355178859,1179.57704428127,21.2496203127295,28.3153063603283,6.46048274115829,0,0.075,0.42,0.943,13.0169468201948,43.3237474350067,13.890880823578,44.4551179833879,34.08898595969,11.593645153093,33.1331165227605,-6.39401981456013,52.8957848230723,13.5046202809353,1162.05896375994,134.412607935838,1097.80341051082,40.8834893889875,27.2102868479988,6.66792815672901,0,0.136,0.37,0.906,11.7754514229905,43.9993434243511,11.4884462958715,40.3728545933746,42.9653012152146,61.4082465347091,3.89407438610385,22.0284743113607,49.162241168363,55.2834556029551,10.5374950604036,16.7832099893023,18.4429453194946,18.1343999252569,6.12121443459211,6.24571492889869,0,1,0,0,42.4415655873545,63.6773067183834,5.82371677877272,23.3642128941851,49.1711556108631,56.7411990471847,10.8447916047822,17.109332093825,21.2357411310289,17.5404961154124,7.57004343632155,6.26454048904281,0,1,0,0,43.423582884009,64.5369847902496,6.0484874009347,24.8412635411615,50.668207824645,57.7286133768729,11.8562769866637,18.4088013621956,21.1134019062405,18.7927761402268,7.06040555222783,6.55252437553188,0,1,0,0,42.4638530450443,62.522629039836,3.98350387545865,23.0369420032992,49.3515090980238,56.3368376877711,10.7175947226872,16.4616052677616,20.0587759947917,19.0534381278406,6.98532858974723,5.74401054507439,0,1,0,0
572,500,2,1,"L'Ecuyer-CMRG","10407_-2028499884_-410536117_-1473079940_75182677_330197237_1250908015","10407_-491597104_-197069956_596726627_-1166320802_1062406695_-967953458",1402760390,95481611,1857668212,1823056732,198363043,1235248663,1245810753,86.0720000000001,6.29399999999805,6.04499999999825,2.16999999999825,2.26900000000023,546.245000000003,1,NA,"36817de9e60d","not-a-git-build","bbd3d4119dab4c61438d29ca56ae93a0","confirmatory",672.879000000001,30.7810469663332,7.9877276341106,29.9605747875128,-2.05580929887372,50.4739725807674,18.4211099797776,947.472852343607,63.8037927567341,897.63604159815,4.22635187333564,24.4436953124027,4.53827996364341,0,0.082,0.417,0.994,12.4666024822912,39.2207969920717,10.5634551295822,33.0401109238647,32.7280591086344,8.17694620931449,31.8224395532357,-1.44413715970527,52.3358373464902,19.032782118946,1071.12585301827,66.8624493100226,1012.66765911934,2.08553213604162,25.7118192582234,4.67052770406367,0,0.109,0.494,0.991,14.1029835126624,43.3540301503117,11.99805206218,36.6186939825916,29.4473643531768,8.56026489062658,28.6064550165122,-1.51004798246224,49.1198528097667,18.9668712961891,867.147267348746,73.2781349976941,818.329268611735,2.28024490933827,20.9667004596364,5.23185763523925,0,0.457,0.704,0.997,18.1722907293649,57.3396680678945,18.1233215057559,54.8685738131139,30.7181858658488,9.29329826342479,29.3345119853072,-0.611412488191412,49.8479097785618,19.8655067904599,943.606942888831,86.3653926129743,860.513593416135,0.373825230716414,22.8081131119093,5.33770498355917,0.018,0.307,0.462,0.991,15.3325644696953,49.4596468586936,13.8485233746014,44.9154680249321,39.9703824626671,61.1647425781325,7.75567102322384,28.8436634553279,46.5562308082385,54.2271394959818,14.8203929745699,21.6591780828581,21.1943601154654,21.0879924321041,7.67090868774332,6.8387851082882,0,1,0,1,41.5224507922779,62.9416569883692,9.6257235696251,31.2860808677281,48.2786516108622,56.427793715289,15.3033143301395,22.6532966492776,21.4192061960913,21.660357298103,8.14914210442682,7.3499823191381,0,1,0,1,37.8063749976073,60.0299294194794,8.68889921241531,29.0162916420794,45.1567197401272,53.0844616130132,15.7069186809678,22.2535035292818,22.2235544218721,20.3273924296641,7.92774187288603,6.546584848314,0,1,0,1,39.565789979977,60.7666653121336,11.2883022530799,29.2310125569641,46.1122826490638,53.4669782210301,16.6766433183317,23.0308970710823,21.2008753321566,17.9427103038843,7.35469557196627,6.3542537527506,0,1,0,1
575,500,2,1,"L'Ecuyer-CMRG","10407_-754741166_979822354_1991247044_1780553927_-871472515_-1342479578","10407_-1710941981_179887771_1102537475_2125934136_1097218490_-2142602016",1245810753,1321764072,1670194588,195206112,955931525,1630311709,767768310,87.9930000000022,5.45300000000134,6.76800000000003,2.13300000000163,2.15899999999965,537.901000000002,1,NA,"36817de9e60d","not-a-git-build","bbd3d4119dab4c61438d29ca56ae93a0","confirmatory",665.415000000001,33.3794793702941,10.5974445957889,32.5083226042218,-8.04675764266162,52.261518057034,11.7620424270422,1114.18964303189,112.305831960815,1056.79103854016,64.7503085597332,27.4295210660899,6.28965314218717,0,0.032,0.366,0.852,11.504475419043,36.093407602063,10.6962581165271,32.7628995351749,35.7923873056396,11.1483659444832,34.8591917688147,-7.88911042542348,54.6123872216269,11.9196896442803,1281.09498903691,124.286063232112,1215.163250775,62.2380633045254,29.4199535217397,6.45631404834566,0,0.036,0.406,0.9,11.930114773367,38.5471074042981,12.5464450271373,36.7479676099498,34.7344312571271,12.3037273935714,33.694854285462,-9.0469442999605,53.4480497382743,10.7618557697433,1206.48071475609,151.381707775319,1135.34320531852,81.8472011665879,26.8770208407097,7.03183481460227,0,0.143,0.526,0.985,15.5638436561021,48.9067996989287,19.5978775856421,58.667910603392,35.2887528088455,12.1521109981923,34.1500587590488,-7.7259088266885,53.9032542118611,12.0828912430153,1245.2960748038,147.673801712386,1166.22651324649,59.6896671983033,26.4732899270316,6.89394299209601,0.002,0.238,0.576,0.969,17.6800320610529,55.9969235900065,18.5568532495562,56.0749871933197,41.8523084545902,62.1514353871384,2.34937768206023,20.5132063703585,48.7020691661852,55.420676389273,8.63745437096886,15.0912464439941,20.2991269325481,18.1638286882982,6.71860722308783,6.45379207302521,0,1,0,0,43.6611508572865,64.0664413420561,3.09983692983482,21.067430337294,51.1031686219702,58.2013746159632,8.67262972187631,15.2987720569124,20.4052904847696,17.9675934074592,7.09820599399302,6.62614233503604,0,1,0,0,42.3585505258837,64.7074650786197,-0.0550668886046635,21.8266391305401,49.1373713343732,57.8379919755888,6.78457234908646,14.3990747239676,22.3489145527361,21.8817060191447,8.70062064121559,7.61450237488117,0,1,0,0,42.7982241219867,65.828960954559,0.924469022653621,22.3270873752671,50.2250223899294,57.6392097708949,8.40909607839949,15.5712551203965,23.0307368325723,21.4026183526135,7.41418738096559,7.16215904199697,0,1,0,0
574,500,2,1,"L'Ecuyer-CMRG","10407_282681680_91511027_-1901168419_729083999_528540684_1880081107","10407_-37231670_-784721001_-562098898_1052638121_1958711645_50359506",198363043,1235248663,1245810753,1321764072,1670194588,195206112,955931525,88.3869999999988,5.8080000000009,6.7489999999998,2.28100000000268,2.18699999999808,537.787,1,NA,"36817de9e60d","not-a-git-build","bbd3d4119dab4c61438d29ca56ae93a0","confirmatory",667.059999999998,41.5696312056756,9.47876441170659,41.1080061852058,5.72822664824156,61.0802083543509,25.4670526446749,1728.03423857588,89.8469747726354,1689.86817252292,32.8125805336247,35.2136908603691,5.379287094969,0,0,0.471,0.934,13.3901165053827,41.0841263949642,11.3953300345616,35.2676205102953,41.2873353319813,9.82110719604664,40.5154151750658,5.57457008540765,60.4876173442108,25.313396081841,1704.64405881547,96.4541465562391,1641.49886680795,31.0758316371219,33.8868189211074,5.55056774262135,0,0.002,0.495,0.94,15.3904398424393,45.9816715779567,12.4759131085893,37.0597597694749,42.1656263090724,11.4133913202519,41.1193714771831,5.42768968665499,61.0915736463281,25.1665156830883,1777.94004203634,130.265501429202,1690.80271067858,29.4598153346209,33.3980988093173,6.50909159958908,0,0.104,0.54,0.956,17.855766598761,54.2910285032997,16.6374365508045,50.4238980010129,43.2344253361937,8.53211357497444,42.3057950882414,6.45283160157229,62.2779972573864,26.1916575980056,1869.21553415091,72.7969620562631,1789.78029804827,41.63903567825,34.4206652405951,5.06377721531792,0,0.098,0.584,0.994,17.9539145220986,55.3955209760845,15.1631974430004,48.6194030120076,50.3846891824705,72.4380883888406,15.3805305655942,35.9422334700764,57.4580774531692,64.9522334997584,21.8059446014362,28.9383555507502,22.0533992063702,20.5617029044822,7.49415604658925,7.13241094931398,0,1,0,0,49.0594802869931,71.1908828146327,16.4122770134187,33.9838152767875,56.9896701970488,64.3178226952715,22.2755648197951,28.6058951075231,22.1314025276396,17.5715382633688,7.32815249822268,6.33033028772804,0,1,0,0,49.112076913906,71.5756563043994,16.198127415839,34.3919901740812,57.2663929731243,65.2538453415843,21.8694991554479,28.5602028910405,22.4635793904934,18.1938627582422,7.98745236845991,6.69070373559264,0,1,0,0,51.0363519452757,72.2081005984579,16.0313479757723,36.0616980097944,58.5415453400635,66.1510870821948,22.7771076358173,29.5011713312738,21.1717486531822,20.0303500340221,7.60954174213131,6.7240636954565,0,1,0,0
577,500,2,1,"L'Ecuyer-CMRG","10407_-594309778_778735323_-677990261_1302331251_-1783373185_-1012230502","10407_156277876_-1268565722_161051296_-62645771_499610412_1965500214",955931525,1630311709,767768310,1873940109,506619965,591736131,1353521066,86.2939999999981,6.01000000000204,5.88600000000224,2.12099999999919,2.61999999999898,538.929,1,NA,"36817de9e60d","not-a-git-build","bbd3d4119dab4c61438d29ca56ae93a0","confirmatory",669.319,39.6887985761145,10.4516240473998,38.9190055401577,3.30230923604758,58.9130591360069,23.233778059913,1575.20073241539,109.236445228186,1514.68899223483,10.9052462904852,33.2809116820491,6.07544745622979,0,0.004,0.36,0.858,13.1862276930298,38.8400198795732,10.8681763625645,31.735916857251,40.7843413450237,12.1309718572972,40.1015487811211,4.99493167898673,60.0956023769702,24.9264005028521,1663.36249894741,147.160478202537,1608.13421464463,24.9493424777452,34.0984249516101,7.04193569446277,0,0.015,0.349,0.845,13.676130414233,42.2320417813594,11.7417041447654,35.0662974202924,40.8840560084699,17.0447087523605,40.0617663831171,4.3531383763287,60.0558199789663,24.2846072001941,1671.50603570371,290.522096452796,1604.94512573546,18.9498137234657,32.7532234571945,10.3273349237485,0,0.097,0.248,0.84,15.6285837377357,52.659610066564,14.7691022564266,48.1453447751283,41.8722445066368,16.2091450005813,40.9414734982505,5.07839343125048,60.9355270940996,25.0098622551159,1753.28486002358,262.736381649869,1676.20425220795,25.790079842568,33.4133423522218,9.67980906947307,0,0.067,0.263,0.834,16.5338125392215,54.0580007495651,14.0857794803881,46.0886077062563,46.7716460684437,70.1669943368641,14.2332460136577,32.824222651469,54.4810507258877,63.4101640515523,19.8821501203632,26.5503812969161,23.3953482684204,18.5909766378113,8.92911332566455,6.66823117655292,0,1,0,1,49.2304162879032,71.0883217097561,14.6481952698548,34.4166737453287,56.2883686291351,63.9080277498367,21.781028492503,28.3280526553555,21.857905421853,19.768478475474,7.61965912070168,6.54702416285247,0,1,0,0,48.0028209619674,71.2814903852097,13.778777515137,34.4437605598644,56.0980039439259,63.9521523887949,20.706491402495,27.7701157773266,23.2786694232423,20.6649830447274,7.85414844486898,7.06362437483162,0,1,0,0,49.3836531787418,73.0726942982542,15.0016990461784,35.1851760803131,56.3912799282891,64.9747963311302,21.3242043034711,28.503078925361,23.6890411195124,20.1834770341347,8.58351640284107,7.17887462188992,0,1,0,0
576,500,2,1,"L'Ecuyer-CMRG","10407_-1458909769_505955508_-614455213_1462249722_-1320089300_-801502611","10407_-266868999_953565676_663884223_686113292_-1773641464_1890587753",1670194588,195206112,955931525,1630311709,767768310,1873940109,506619965,87.6939999999995,5.39799999999741,6.54399999999805,2.15300000000207,2.80900000000111,540.084999999999,1,NA,"36817de9e60d","not-a-git-build","bbd3d4119dab4c61438d29ca56ae93a0","confirmatory",667.373,40.2360379043876,7.87251978297333,38.9701355617026,0.571998021552123,58.704640669589,20.3830216731518,1618.93874624331,61.9765677333064,1518.67146569748,0.327181736659542,33.1664002835277,4.50516779200986,0,0.024,0.524,0.997,13.6219115801053,40.5877190276829,12.4662583868628,37.3228457933828,40.4316509666201,7.44834520357585,38.4830936730182,-0.02427213036853,58.2175987809046,19.7867515212311,1634.71839988659,55.4778462716313,1480.94849864629,0.000589136312626918,32.4523192436704,4.37625936287902,0,0.064,0.636,0.999,14.2988375813556,41.9148151064866,14.131550091351,42.0575866316293,43.3413533398119,7.46479695054229,40.7837235830332,0.159897256278875,60.5182286909196,19.9709209078785,1878.47290932642,55.7231935128255,1663.31210929726,0.0255671325655121,33.1576599577741,4.93100057350586,0.002,0.195,0.805,1,17.8371998870554,55.0647588358725,19.8469049170851,59.0979455665935,41.8274392416249,8.48973627398112,39.9644983357052,0.817060319242508,59.6990034435916,20.6280839708421,1749.53467351182,72.0756220017508,1597.16112722459,0.667587565280669,31.8849435703225,5.20553774567314,0,0.201,0.709,1,18.9064598546154,58.1138416997786,18.3302090440044,55.8337313821605,47.8913384434085,68.4205401391957,10.8434634360153,29.8453107726965,55.1737970890529,62.4360689290837,17.0083452144769,24.0360849425895,20.5292016957871,19.0018473366812,7.26227184003074,7.02773972811264,0,1,0,1,49.0988995990126,68.8777606558243,8.88150379893857,28.8318620378441,54.051134303711,61.8705931291386,16.6719334892588,23.2864121343146,19.7788610568118,19.9503582389056,7.81945882542756,6.61447864505584,0,1,0,1,50.1019072833591,69.8098094426838,9.25309503200505,30.2097491243791,57.5177457748325,64.0588297899031,16.1443063548079,23.7175462417413,19.7079021593247,20.956654092374,6.54108401507062,7.57323988693345,0,1,0,1,49.3585577037646,70.0952957171579,9.42968090966962,31.3213267231218,56.4890570681009,63.2855994047212,17.2070628637321,24.5429599802066,20.7367380133933,21.8916458134522,6.79654233662033,7.33589711647452,0,1,0,1
579,500,2,1,"L'Ecuyer-CMRG","10407_-1206790800_-570627868_-1762628322_-541667993_-1579867370_-833187288","10407_-1145328890_2089241428_-115261042_-1387536667_-1852249123_-1748992676",506619965,591736131,1353521066,174347295,333248173,348417685,1740312433,86.8209999999999,6.34999999999854,6.39700000000084,2.19599999999991,2.31499999999869,540.458999999999,1,NA,"36817de9e60d","not-a-git-build","bbd3d4119dab4c61438d29ca56ae93a0","confirmatory",667.952000000001,42.7495505820429,7.79962529986332,41.4510767977994,3.63625406744216,61.964350555668,24.1137775036893,1827.52407496665,60.834154818268,1718.19176769706,13.2223436429897,35.6646740272587,4.45571496955796,0,0.052,0.548,0.961,13.3657072194938,40.6686323043172,11.0578857706787,33.94557636989,43.722200898667,8.04429673957744,42.6114276543859,4.92342337574389,63.1247014122545,25.400946811991,1911.6308514234,64.7107100343762,1815.73376674496,24.2400977368213,36.5096643309553,4.59969393430287,0,0.024,0.572,0.985,14.0698519287043,42.6090945614155,12.8837719506173,37.6730536917812,40.5760554673408,8.24884872980569,39.2935554551975,3.68063707330194,59.8068292130662,24.1581605095491,1646.41627728872,68.043505367217,1543.98350031068,13.5470892653647,31.756479720098,5.05179746835551,0,0.136,0.696,0.996,16.5732754033953,54.4663589627769,17.7141885980729,52.8265210695378,43.291613719398,9.34868506949934,42.0970183210149,4.2482745739166,62.6102920788836,24.7257980101637,1874.16381842957,87.3979125286799,1772.15895151987,18.0478368553863,35.0522797062386,5.40827846122228,0,0.095,0.557,0.974,15.2356800207902,50.638904759931,14.6201551159046,45.272174328483,50.3066047842634,72.9190903256811,13.6031197008925,33.8761483820996,58.1412732485521,66.0767007658753,20.7543458477792,27.4522223529778,22.6124855414177,20.2730286812071,7.93542751732317,6.69787650519859,0,1,0,0,52.3039477876543,73.2269337882113,15.0668338095406,34.5104494556196,59.547643581359,66.5132783732128,22.205463950228,29.1023095804093,20.922986000557,19.443615646079,6.96563479185382,6.8968456301813,0,1,0,0,47.5926793914987,70.9513293544352,14.1907525958758,34.2242238883306,56.4513044626956,63.0568586047189,20.8190390579663,27.5709505377526,23.3586499629365,20.0334712924548,6.60555414202336,6.7519114797863,0,1,0,0,51.0376750757472,73.846816637703,13.9861178467281,35.0623735518236,58.6148910799256,66.4767076468653,20.9762750223372,28.4880533564029,22.8091415619558,21.0762557050955,7.86181656693971,7.51177833406569,0,1,0,0
578,500,2,1,"L'Ecuyer-CMRG","10407_-934234870_-831961383_2065007667_131537306_-67136032_2073661589","10407_-890899162_1218028616_-900353793_-1983429872_1546642675_1582999261",767768310,1873940109,506619965,591736131,1353521066,174347295,333248173,87.1749999999993,6.34900000000198,5.91200000000026,2.35699999999997,2.18600000000151,543.532000000003,1,NA,"36817de9e60d","not-a-git-build","bbd3d4119dab4c61438d29ca56ae93a0","confirmatory",671.105000000003,30.1710133784107,12.9144537089505,28.6465120419797,-9.20819507967243,48.8092854129779,10.9277540396425,910.29004828024,166.783114600625,820.622652171287,84.7908566253035,23.2458221927952,7.87027382017685,0.001,0.192,0.311,0.717,12.4839618108932,39.134359041364,10.5498387185097,31.7034554678738,31.5263664037474,11.8077096973084,30.0206914458895,-7.37040487179521,50.1834648168876,12.7655442475197,993.911778623334,139.422008295912,901.2419148893,54.3228679741826,24.1665503388241,6.97904090163087,0.002,0.199,0.348,0.811,14.0261503951139,41.8930068355913,11.2480709474468,33.7070321808877,32.8042578676275,12.8198436309093,31.1806530907457,-8.70314849172315,51.3434264617438,11.4328006275917,1076.1193342458,164.348390720966,972.233127165426,75.7447936689829,24.0621558209154,7.41609500141363,0.01,0.335,0.372,0.937,16.9917415512534,53.4067107044403,14.3253525292381,45.538647226851,31.739343276728,12.8610844269111,30.2228513439514,-9.27632621337558,50.3856247149496,10.8596229059393,1007.38591163798,165.407492636134,913.420743358586,86.050228016959,23.3521332280099,7.54134497856986,0.003,0.308,0.334,0.889,15.7614543215127,51.5104574305214,12.7520483771159,42.9390547154557,37.928622181047,58.906221729003,0.721347635438883,20.9644705502934,45.0552725559038,52.732718983946,7.56480131761546,14.4909106965916,20.977599547956,20.2431229148545,7.67744642804226,6.9261093789761,0,1,0,0,39.4429822774755,61.5263033874809,3.13808742193342,22.8801276230649,46.0424204901038,54.3700950191616,9.31081277195052,16.117297695213,22.0833211100054,19.7420402011315,8.32767452905779,6.80648492326249,0,1,0,0,40.6751822213956,62.638210914378,1.93470487904063,22.0660159758836,47.0448724145044,55.1821484409703,8.02935756582298,14.9183139031532,21.9630286929824,20.131311096843,8.13727602646588,6.88895633733024,0,1,0,0,38.7831811682625,61.4125839908659,1.41977086813248,20.6651310971331,46.4796743173126,54.2342044532573,8.10663034942063,13.9338491319167,22.6294028226034,19.2453602290006,7.75453013594473,5.82721878249603,0,1,0,0
581,500,2,1,"L'Ecuyer-CMRG","10407_548023485_988233803_1868871164_-267253858_-1732533368_-1899872572","10407_717394652_-38495013_-1711710963_1479722028_-2086378443_-10462409",333248173,348417685,1740312433,409801929,1118663346,15816539,1247939285,87.3889999999992,6.73600000000079,5.41300000000047,2.79799999999886,2.21799999999712,535.796000000002,1,NA,"36817de9e60d","not-a-git-build","bbd3d4119dab4c61438d29ca56ae93a0","confirmatory",665.141,34.8704207808161,9.83043506129162,33.9492569500784,-0.898455996169254,53.5979325853456,18.5027493251298,1215.94624543117,96.6374534942716,1152.55204746245,0.807223177052486,28.4509950676253,5.6172277584205,0,0.058,0.433,0.934,12.5888283154194,38.8962642539811,12.1954815871688,35.8220317914288,34.3707657968077,10.8248607253495,33.3527539169801,-1.10161169532354,53.0014295522473,18.2995936259755,1181.34954145901,117.177609723215,1112.40619384663,1.21354832727361,27.3453330769446,6.17435997727545,0,0.1,0.44,0.923,13.9267669711256,42.3791755279671,13.1346600158314,38.4163941948964,35.5113457377416,15.4225158181188,34.1159005063639,0.592525869183802,53.764576141631,19.9937311904829,1261.05567610542,237.853994160125,1163.89466736012,0.351086905652021,25.9297236564257,8.85426072161801,0.002,0.378,0.443,0.933,19.2210973170681,61.0952009983583,19.3135412717507,57.4824388234614,35.0116625704526,18.1678143796686,33.4674146557323,1.16102186455925,53.1160902909995,20.5622271858583,1225.81651594723,330.069479334093,1120.06784373873,1.34797176998463,24.9197785002119,10.7028490806685,0.008,0.48,0.325,0.87,20.7032669140267,64.7397029365648,18.8121643125872,57.1379053514697,43.255489489725,63.5696811286401,10.1144204249973,26.8274807563342,50.1764299929724,56.9451623319932,15.3795410859217,21.4520055300198,20.3141916389151,16.7130603313369,6.76873233902081,6.07246444409809,0,1,0,1,41.4649453061642,63.6403979037541,9.61308968018865,27.2231682546449,49.7949547590523,56.8194512193436,15.2129847038776,21.2508474788011,22.1754525975899,17.6100785744563,7.02449646029132,6.03786277492351,0,1,0,1,42.2435367146629,66.3627546722144,9.68057485867068,29.0199540361079,49.9566554961765,57.7425729684363,17.0552935507049,23.3379749733222,24.1192179575514,19.3393791774372,7.78591747225973,6.2826814226173,0,1,0,1,41.8611234708988,64.2432935917005,10.4525862937529,30.3607557245545,49.1303915195606,56.8808904729945,17.3472796096871,23.8054982833286,22.3821701208017,19.9081694308016,7.75049895343394,6.45821867364149,0,1,0,1
580,500,2,1,"L'Ecuyer-CMRG","10407_-1042836261_2078413138_1882869918_306755670_-1020219080_1487810754","10407_83076657_1436565336_-1114544599_-838627305_-1076018525_-2086624731",1353521066,174347295,333248173,348417685,1740312433,409801929,1118663346,87.2289999999994,7.04899999999907,5.40399999999863,2.74599999999919,2.24499999999898,548.907000000003,1,NA,"36817de9e60d","not-a-git-build","bbd3d4119dab4c61438d29ca56ae93a0","confirmatory",677.805,33.0906157608419,9.01461517409237,31.8275662341044,-4.78980692352955,51.7485726993302,15.2493457206432,1094.98885143168,81.2632867369764,1012.9939723863,22.9422503646916,25.9035902298298,5.15659053183931,0,0.131,0.374,0.963,13.4306421086866,42.2869745023173,10.2768755445312,31.5986517416997,35.3593162277005,8.28341550665907,33.455632883107,-4.41842328853539,53.3766393483327,15.6207293556373,1250.28124409053,68.6149724559599,1119.27937160923,19.5224643566719,26.7370698577366,4.68952622495015,0.008,0.198,0.477,0.985,16.1669805010438,48.1452918625448,11.9508714253349,35.0073484432761,35.9525191113673,8.28551547405702,32.5734833898999,-3.54069988169615,52.4944898551257,16.4984527624766,1292.58363045323,68.6497666708384,1061.03182015209,12.5365556522431,24.0917416322472,4.77778137362711,0.057,0.515,0.526,1,23.3868314372735,66.8778247666685,13.4346284371094,43.4187156227208,33.3413754506887,9.62047528258509,31.3928288887508,-4.6016448606619,51.3138353539766,15.4375077835108,1111.64731694378,92.5535446628306,985.509705638385,21.1751354236561,23.8212540473773,5.49773360036106,0.009,0.324,0.466,0.982,18.1993716343586,55.851991837906,12.9343644110027,42.9047438878279,40.3673236190991,62.5674701509231,5.78731240179077,24.3465225619074,47.8859290712959,55.530874636354,11.7185736084981,18.4508499401053,22.200146531824,18.5592101601166,7.64494556505808,6.7322763316072,0,1,0,0,42.5202674762456,62.9930341552412,6.18662309217847,25.084806075921,49.8822506756294,56.9699902752336,12.3218490408069,19.1502230652403,20.4727666789956,18.8981829837425,7.08773959960425,6.82837402443344,0,1,0,0,41.9148781765173,63.2932432916457,7.45758437367462,25.7514685784476,48.3960209329962,56.1617268001804,13.1184440812396,19.6378352220056,21.3783651151285,18.293884204773,7.76570586718417,6.51939114076606,0,1,0,0,40.6376676866376,62.2109942460103,3.81101772517019,24.7149464114261,47.5958987147883,55.0660262645884,11.8691522823832,18.7622067351245,21.5733265593728,20.9039286862559,7.47012754980015,6.89305445274131,0,1,0,0
583,500,2,1,"L'Ecuyer-CMRG","10407_1467543860_877047339_1874063604_-1184405492_-2054347934_382612105","10407_-421908334_-1408354331_-1861696172_-1376479142_2056765604_2042763944",1118663346,15816539,1247939285,1800226916,1173879362,548864763,31607499,86.7230000000018,6.12900000000081,6.24599999999919,2.1720000000023,2.19800000000032,535.187999999998,1,NA,"36817de9e60d","not-a-git-build","bbd3d4119dab4c61438d29ca56ae93a0","confirmatory",662.261999999999,32.0648087199696,8.68440684102684,30.9332150733628,-4.95996748603369,51.0824355358178,15.3167755143937,1028.15195824824,75.4189221804738,956.863794774922,24.6012774625113,25.6917310251828,5.01075342551039,0,0.119,0.416,0.952,11.8763643072661,37.4842521866124,10.3462876129833,31.4414945638319,34.2584845705858,7.84258963757212,33.0787401546379,-4.81402665999984,53.2279606170928,15.4627163404275,1173.64376507306,61.5062122233535,1094.20305021805,23.1748526831892,27.2223576548059,4.50652880925328,0,0.127,0.524,0.98,13.6810273012987,41.2982565702558,11.8693597237257,35.446662203398,34.03814727566,8.58132415782197,32.33270238159,-5.03175832314584,52.4819228440449,15.2449846772816,1158.59546995952,73.639124301619,1045.40364329648,25.3185918225474,25.4909302585181,5.03881672221464,0.031,0.306,0.645,1,16.7878450114336,53.4615194456714,16.5233104736068,51.8853524561952,33.114953960949,7.21659597255519,31.8579569587458,-4.30926684022895,52.0071774212008,15.9674761601984,1096.60017583577,52.0792574310998,1014.9294215853,18.5697807002968,25.1037125486988,4.45738724031261,0.003,0.328,0.652,1,14.8372413077053,50.7149210595022,15.0389014729484,48.5626370751903,39.6294238554504,61.464023621282,5.77483168726215,24.4867152497309,47.2276834969702,54.9714605849009,11.9454782955982,18.7773949578817,21.8345997658316,18.7118835624688,7.74377708793077,6.83191666228351,0,1,0,0,42.7283735287241,62.7773454195034,4.99005007538559,24.3956204341696,49.651557109213,57.1069907844146,12.2020131675269,18.9975751799394,20.0489718907793,19.4055703587841,7.45543367520163,6.79556201241251,0,1,0,0,42.5755376719136,63.3785472014118,5.20559996430501,24.1085063271009,49.0495393056894,55.6900298819753,11.8625581360533,18.7065361879451,20.8030095294982,18.9029063627959,6.64049057628597,6.84397805189183,0,1,0,0,41.3691904344692,63.0351236374217,5.05531641683317,25.3300466429356,48.6226035068362,55.6815740692843,12.7004963698929,19.3338781078234,21.6659332029525,20.2747302261024,7.05897056244812,6.63338173793052,0,1,0,0
582,500,2,1,"L'Ecuyer-CMRG","10407_-2051987008_121988893_2143800851_1089792834_-1755219004_-1611209148","10407_335376388_472647069_714680284_1750639092_456602131_-1277545003",1740312433,409801929,1118663346,15816539,1247939285,1800226916,1173879362,87.6049999999996,5.84799999999814,6.54000000000087,2.16800000000148,2.21199999999953,545.128000000001,1,NA,"36817de9e60d","not-a-git-build","bbd3d4119dab4c61438d29ca56ae93a0","confirmatory",674.037,40.578681093023,13.2319995765604,39.8978774489203,-11.428073367853,59.6764617958326,8.40017402426071,1646.62935924926,175.085812794096,1591.84062492907,130.60086090103,33.9814036545737,8.16330047301445,0,0.002,0.242,0.802,13.6952392174452,41.3377848048299,12.5148686875985,36.6053649046785,41.3620255884569,12.7371802539025,40.2982749636402,-10.5036571287319,60.0768593105524,9.32459026338174,1710.81716078016,162.235760820405,1623.95096504515,110.326813077961,34.1647181377169,7.6103457656661,0,0.028,0.298,0.875,14.1379958302489,42.8292049162176,13.003333855201,38.5052464665596,41.6042800155199,14.6738882093189,40.1950759292539,-12.1033162953407,59.9736602761661,7.72493109677295,1730.91611560979,215.322995179589,1615.64412895849,146.49026534506,32.1413833301561,8.53800120152296,0.005,0.231,0.356,0.941,19.2725904966961,57.7435158370325,17.396576522843,52.0936909544532,40.0956646615932,15.1385590790038,38.5212581388893,-11.8792610374951,58.2998424858016,7.94898635461856,1607.66232465493,229.175970988488,1483.88732860295,141.116842796949,30.1232548415797,8.86306389136129,0.002,0.32,0.379,0.893,20.2897508048712,61.4968335149484,17.3699440422199,51.8255199228624,48.933029146554,70.3480137519635,-1.00929999812548,17.1353328426091,55.9959512696269,63.209824974812,4.88007854756194,11.5304771055438,21.4149846054095,18.1446328407346,7.21387370518509,6.65039855798187,0,0,0,0,48.1133187093191,69.3787080444741,0.909875744920334,18.0395452676126,56.561880323161,63.7922971618659,6.36306436536926,12.2807951984843,21.265389335155,17.1296695226922,7.2304168387049,5.91773083311502,0,0,0,0,47.955811086363,70.8844954539535,-1.60907907140867,17.4617507960407,56.3028190288855,63.8943734777439,4.83119073001608,10.7476790848027,22.9286843675905,19.0708298674494,7.59155444885841,5.91648835478664,0,0,0,0,49.434873048164,68.3824599811248,-0.50295213076655,17.1242739904161,54.4374428175849,62.0416967971804,4.89485682590508,10.8242027748885,18.9475869329608,17.6272261211827,7.60425397959558,5.92934594898342,0,0,0,0
585,500,2,1,"L'Ecuyer-CMRG","10407_-1106791688_-726055814_988404702_1473973603_-1762185888_1336013924","10407_-756615771_1858182904_-1320915793_1064747954_362653523_478577476",1173879362,548864763,31607499,783818916,1764738771,223558008,1447801750,86.9850000000006,5.77700000000186,5.79100000000108,2.17799999999988,2.43600000000151,549.055,1,NA,"36817de9e60d","not-a-git-build","bbd3d4119dab4c61438d29ca56ae93a0","confirmatory",677.414000000001,33.5806054508584,8.75179884247962,32.7996993015288,-1.39625035962763,53.1172118673061,18.9176889154991,1127.65706244622,76.5939829792276,1075.82027427071,1.94951506676027,27.7976954551842,5.09571814729154,0,0.008,0.319,0.944,11.2879721074958,34.789805834717,9.22329937824066,29.6304180356386,34.818408222248,9.26862584707631,34.0759443921811,-0.716270057870904,54.3934569579584,19.5976692172559,1212.32155113111,85.9074250930911,1161.16998621902,0.513042795802389,27.7643356132516,5.35821003246801,0,0.031,0.352,0.955,14.7909995894213,43.8958893187957,10.7439233015599,33.4452973968508,33.2585090101994,9.89495312730635,32.3125760780597,-0.923351575059296,52.6300886438371,19.3905877000675,1106.12842158151,97.9100973915896,1044.1025728004,0.852578131164484,24.3238755069747,5.68746928037815,0,0.335,0.45,0.978,18.7642257005266,58.3425360727144,13.6533728147176,44.9905365847069,33.8529703596339,9.1794949789757,33.0660074837697,-0.828740288170241,53.383520049547,19.4851989869565,1146.02360217025,84.2631280690402,1093.36085091671,0.686810465236494,26.0023889560311,5.26704078438621,0,0.151,0.422,0.99,15.2102464734617,51.2808728505439,12.2502315012529,42.6496302953194,43.043022749478,63.5295928487106,9.38148789085299,27.9828694930239,49.7774117627216,56.9459351785769,15.7820890472037,22.3674249729755,20.4865700992327,18.6013816021709,7.16852341585528,6.58533592577183,0,1,0,1,44.8172809704586,65.0446828067821,10.7780492041614,28.8931076371166,50.3431987942474,58.211147120246,16.1872322015025,22.7492654062567,20.2274018363235,18.1150584329552,7.86794832599863,6.56203320475419,0,1,0,1,41.7624739639229,62.4839099509493,9.41890181496537,29.1439049026948,49.1987918228721,56.3144955469554,16.0113004877397,22.6701072857297,20.7214359870264,19.7250030877294,7.11570372408327,6.65880679798995,0,1,0,1,41.7076782897844,64.821733038506,10.3013759253696,29.5053350184902,49.8178792631501,57.023526174164,15.8766957646056,23.0359382165074,23.1140547487215,19.2039590931207,7.20564691101391,7.15924245190178,0,1,0,1
584,500,2,1,"L'Ecuyer-CMRG","10407_922123224_364826323_-1571014232_183954474_-821783440_-229423671","10407_1138829021_-1408047210_1764104463_1139307422_481340297_513168123",1247939285,1800226916,1173879362,548864763,31607499,783818916,1764738771,88.4419999999991,6.625,5.47199999999793,2.51300000000265,2.14399999999659,548.461000000003,1,NA,"36817de9e60d","not-a-git-build","bbd3d4119dab4c61438d29ca56ae93a0","confirmatory",678.808000000001,33.1059874161528,9.8965844904881,32.2032428415195,6.11603383041142,51.8246333998957,25.9253672807473,1096.00640279847,97.9423845773697,1037.04884950988,37.405869814737,27.0374114446848,5.68038158728102,0,0.043,0.409,0.925,11.2414019651436,36.2707585787145,11.1890222294584,34.7315674219366,33.9692090529235,10.6907248152521,33.0957342519454,7.86356691205348,52.7171248103217,27.6729003623893,1153.90716368122,114.291597075446,1095.32762567539,61.8356845803423,27.7403262644795,6.21256839588612,0,0.054,0.444,0.921,12.3010914254316,37.8392671833054,13.6289213754878,39.7990505710347,34.6216825779771,10.4909265428284,33.7168001838708,7.53789268743941,53.3381907422471,27.3472261377753,1198.66090453021,110.059539727022,1136.82261463907,56.8198261673525,26.958333124925,6.15381440889314,0,0.146,0.537,0.995,15.34865275577,48.3286407012697,17.2232677625953,52.9781758812253,34.0301679328787,12.2921309271922,33.1318726012233,8.16465755083939,52.7532631595996,27.9739910011753,1158.05232953993,151.096482731235,1097.72098206369,66.6616329224787,26.4057772594581,7.13346219366526,0,0.15,0.45,0.921,14.2948704886207,49.3696071404729,15.3201668787103,48.6596392120953,40.6120124658745,62.5333901953418,14.5408285063152,36.0236599730214,48.132539439421,55.5827581750807,22.1260872693639,29.5605210030282,21.9213777294674,21.4828314667062,7.45021873565975,7.43443373366435,0,1,0,0,42.5536725824258,62.8809421220856,17.2448311367328,38.1124423318768,49.2082272217503,56.265247947431,24.4011901311065,31.2882617554816,20.3272695396598,20.867611195144,7.05702072568072,6.88707162437507,0,1,0,0,43.029104901971,65.5245724084266,17.0153132177618,37.1804741335732,49.658772831787,56.917963559506,23.6831828317333,30.7990674523207,22.4954675064557,20.1651609158113,7.25919072771903,7.11588462058742,0,1,0,0,42.5384321172191,63.0226464254349,17.0156888759271,37.5144259869808,49.1550483584903,56.4071445316235,24.4610423624255,31.3791089276553,20.4842143082158,20.4987371110537,7.2520961731332,6.91806656522985,0,1,0,0
587,500,2,1,"L'Ecuyer-CMRG","10407_85733036_-2055070630_-1317019855_-2094532700_1138505149_489939891","10407_-1590269994_-265112732_296099541_-1484343511_-1348364505_-1056797692",1764738771,223558008,1447801750,1176262569,1921829719,2123095907,1605419014,85.0049999999974,5.9910000000018,5.79100000000108,2.31399999999849,2.17399999999907,539.831999999999,1,NA,"36817de9e60d","not-a-git-build","bbd3d4119dab4c61438d29ca56ae93a0","confirmatory",664.218000000001,40.6065099348002,12.2176001726837,39.7435772125912,-8.77662724669336,59.5828026387023,11.2464143345557,1648.88864908503,149.26975397956,1579.5519296532,77.0291858274002,34.6647863438283,7.38944524667219,0,0.001,0.341,0.776,11.7770627409298,35.0605848616586,10.578091802946,31.8069014485804,41.5582393271009,11.5223251879899,40.5402707878802,-7.47816704749309,60.3794962139913,12.5448745337559,1727.0872559686,132.763977737787,1643.51355555466,55.9229823902115,34.8672235751796,6.77117545966241,0,0.011,0.412,0.856,12.9969403144567,39.6673415122305,12.4137913996849,37.0139047403695,40.2982235516247,12.7812727577855,39.4293308555285,-8.32450606330382,59.2685562816396,11.6985355179452,1623.94682141672,163.36093330891,1554.67213171473,69.2974011979821,33.1520259594528,7.4485420788855,0,0.022,0.434,0.955,13.4368634885733,44.7109214652395,16.2745932158632,50.9474417776936,39.5676049121321,13.3133796573413,38.6116731732611,-8.35726686072597,58.4508985993722,11.6657747205231,1565.59535848258,177.24607790051,1490.86130523873,69.8439093813884,31.7127953918829,7.76684307423585,0,0.073,0.407,0.923,15.3652761030363,48.5944778433468,15.5270763553258,48.1115698381222,48.4309893868939,70.9656159542686,2.95283735153972,20.373375366873,55.5518707249162,63.4297427479525,7.91587879675663,14.2577849992519,22.5346265673747,17.4205380153333,7.87787202303624,6.3419062024953,0,1,0,0,49.3583924763188,71.1979775325176,2.57800060711313,21.7956863324691,56.5712078548055,64.4261954741428,9.08771050545522,15.9693727849544,21.8395850561988,19.217685725356,7.85498761933732,6.88166227949915,0,1,0,0,48.6287288175794,68.9096054089407,2.4507372126962,20.677822735583,55.8047482923685,62.9838128537652,8.73757615878638,15.0500853150939,20.2808765913613,18.2270855228868,7.17906456139674,6.31250915630756,0,1,0,0,47.7428208196409,69.1072558952073,2.11146936746928,21.7520429829888,54.6728446334839,62.2178695718362,8.30633606638431,14.9684762559263,21.3644350755664,19.6405736155196,7.54502493835226,6.662140189542,0,1,0,0
586,500,2,1,"L'Ecuyer-CMRG","10407_-1846771898_-1189121988_-1561449325_1252669574_479104142_860230714","10407_464370296_-1534134578_-1861314941_-1096648125_-306027112_-89007910",31607499,783818916,1764738771,223558008,1447801750,1176262569,1921829719,87.7740000000013,5.69099999999889,6.3739999999998,2.27200000000084,2.36999999999898,546.236000000001,1,NA,"36817de9e60d","not-a-git-build","bbd3d4119dab4c61438d29ca56ae93a0","confirmatory",674.501,30.6455889863476,8.35639198221854,29.6050274737243,1.85621680129077,49.5013997314853,21.8537238235658,939.152124320147,69.8292869604863,876.457651719969,3.44554081339414,24.2381836597985,4.80367303452747,0,0.153,0.378,0.967,12.1210723301766,38.4835627274118,9.742872697761,30.7451705062615,32.0354927127824,7.7844799948334,31.0066195506567,2.27805271895792,50.9029918084178,22.2755597412329,1026.27279335074,60.5981287899614,961.410455959168,5.18952419035155,25.1620675357919,4.44104971620243,0,0.143,0.486,0.993,13.6180695044871,41.6208327539161,11.58566399768,34.4942228517088,31.6966370677643,9.7010540110347,30.5171859364392,2.28616780036311,50.4135581942002,22.2836748226381,1004.67680140557,94.1104489250124,931.2986374792,5.22656321141708,23.273032681294,5.62267463169781,0.004,0.37,0.603,0.997,17.0475569995287,53.6533362698761,17.217529077392,52.8178843815148,32.4879133524364,9.14228842370247,31.487578454384,2.34495555249142,51.3839507121451,22.3424625747664,1055.46451399542,83.5814376221642,991.467596920987,5.49881654316033,24.5606444148709,5.32225256157061,0,0.219,0.56,0.994,15.0913154498367,50.9278934891237,15.4475866338189,48.4772939816049,38.8708125273994,60.2831754944719,12.6732432717967,31.4013696667029,45.7660341746396,53.1503503152952,18.722420447024,24.8157456035475,21.4123629670725,18.7281263949061,7.38431614065565,6.09332515652347,0,1,0,1,40.8650319812731,61.0719671535626,12.4420080418181,31.8087953505341,47.5340783259853,54.1420783138894,18.7139421862629,25.6769081761027,20.2069351722895,19.366787308716,6.60799998790409,6.96296598983976,0,1,0,1,40.5423342175333,60.1690984857923,12.6256832179347,31.8401391523407,46.9749711602767,54.0240865940408,18.9078297542695,25.6325417046245,19.626764268259,19.214455934406,7.04911543376407,6.72471195035498,0,1,0,1,40.8062558678402,62.3562880734975,13.2389430580023,31.9446132696936,47.9031925529831,54.6041984248142,18.5946752563435,25.832127064375,21.5500322056573,18.7056702116913,6.70100587183109,7.23745180803144,0,1,0,1
589,500,2,1,"L'Ecuyer-CMRG","10407_-1300262802_-1323984045_684640137_722650625_-1635948522_5910488","10407_146979941_-1422407338_-534431219_1565705680_-750311382_1325652871",1921829719,2123095907,1605419014,2066206390,241801208,1338908110,127710036,87.7030000000013,6.2400000000016,6.03600000000006,2.12299999999959,2.34000000000015,543.644,1,NA,"36817de9e60d","not-a-git-build","bbd3d4119dab4c61438d29ca56ae93a0","confirmatory",673.098999999998,44.3332665274973,9.14333835082897,43.5569163111907,2.58911892288923,63.5669178338706,22.4078488326934,1965.43852099811,83.6006361977397,1897.20495854007,6.70353679686311,38.8313613269505,5.31027453134663,0,0,0.345,0.908,11.0442077650512,32.7470103232286,9.49440019855625,29.2317876066306,45.1268396689936,10.058267034106,44.3013365243817,4.16915667486687,64.3113380470616,23.987886584671,2036.43165851105,101.168735729384,1962.60841784652,17.381867379587,38.753736153272,5.76244059644356,0,0,0.412,0.894,12.6732228061534,38.6629128590808,11.5702990675146,34.0955775907083,45.6145546105725,9.74869756153013,44.7664588528064,2.74494031218425,64.7764603754863,22.5636702219884,2080.6875923209,95.0371041461834,2004.03583822001,7.53469731745418,37.9868943924705,5.57934172903216,0,0.02,0.501,0.976,13.8670589069177,49.105508046241,14.0455680574397,44.8955651250982,44.8158811865277,11.2140697260112,43.7655321453933,3.9426185414234,63.7755336680732,23.7613484512275,2008.46320652497,125.755359819841,1915.42180396946,15.5442409631756,36.5834047611355,6.40921274290603,0,0.063,0.452,0.94,15.3026128321644,51.3890013811465,14.2608621029881,46.6422666884741,54.2207076938562,74.1530061740533,14.1488562011599,31.2064741117381,59.6123979976243,67.2750867730033,19.3488627973648,25.0529769533157,19.932298480197,17.0576179105781,7.66268877537894,5.70411415595091,0,1,0,1,53.6104078804363,75.3056829234499,15.9021523772702,33.1336949373169,60.8829401302217,68.1579738095444,20.9164397438538,27.0058550886864,21.6952750430137,17.2315425600467,7.27503367932277,6.08941534483263,0,1,0,0,53.6721287029328,76.8436777344841,13.1059914222107,31.5994129308633,61.0793683247092,68.6344049205599,19.5981065649612,25.7081295625122,23.1715490315513,18.4934215086526,7.55503659585069,6.11002299755099,0,1,0,1,53.7029318768756,74.4702916817226,15.1739848084191,33.924978032177,60.3172487493964,67.2497354080676,20.4959657262909,26.6145248575673,20.767359804847,18.7509932237579,6.93248665867125,6.11855913127641,0,1,0,0
588,500,2,1,"L'Ecuyer-CMRG","10407_-826611299_-611343584_-1272154629_1426751591_415772465_-1366204444","10407_347114140_-1935548424_-1217087190_2138588952_-2033115111_-2134694371",1447801750,1176262569,1921829719,2123095907,1605419014,2066206390,241801208,88.1589999999997,6.71600000000035,5.44599999999991,2.92299999999886,2.19399999999951,548.348000000002,1,NA,"36817de9e60d","not-a-git-build","bbd3d4119dab4c61438d29ca56ae93a0","confirmatory",677.782999999999,36.3680382514777,7.56367523341997,35.4074170531839,-0.93491014727946,54.9284041325289,18.6865379183151,1322.63420626095,57.2091830366507,1253.6851823781,0.874056983486102,29.9566887603607,4.30681169222946,0,0.042,0.443,0.999,12.2608437015768,38.8767560412841,10.7360501197053,32.8633098203713,40.5939413492419,6.8379796423397,39.676650779995,0.924185247740162,59.19763785934,20.5456333133347,1647.86807426569,46.7579655890522,1574.23661711767,0.854118372140545,33.7538536016696,3.95575563639117,0,0.015,0.581,0.998,13.5992720493125,41.358517148745,11.7424120558077,35.2497773102711,40.5569409494425,7.14357351910044,39.0909224377115,0.45907235720987,58.6119095170565,20.0805204228045,1644.86545917657,51.0306426227931,1528.10021703118,0.210747429154226,31.648979694793,4.28672013680727,0.009,0.198,0.632,1,17.2340980022015,54.7561103994197,13.5813502707427,45.1694020768752,41.2538212562193,8.72698617584756,39.2738390529947,0.342047322932117,58.7948261323397,19.9634953885267,1701.87776824009,76.1602877134345,1542.43443396053,0.116996371125028,31.2249258052941,5.16119087146147,0.034,0.31,0.597,1,19.1850894703002,61.8647612177407,15.9373817755212,53.2539448397238,43.8671508390639,66.4955061563459,9.11113281534336,27.8416472342284,51.1055237232936,58.8362071909325,15.4121020052034,22.3811625418084,22.6283553172819,18.7305144188851,7.73068346763885,6.96906053660499,0,1,0,1,48.3929807209409,70.6689997280784,11.566714576651,28.1455940509801,55.4637624388666,62.8230573131946,17.6902061539301,23.6910060462299,22.2760190071375,16.5788794743291,7.35929487432804,6.00079989229986,0,1,0,1,47.9454544207984,69.7542999491344,10.7831023453979,28.6246861851098,54.6696885917342,62.6774617489034,17.0437266223161,23.2178113029282,21.8088455283361,17.8415838397119,8.00777315716918,6.17408468061211,0,1,0,1,48.4339971980486,70.0087041928298,10.2844681314964,30.1578583758177,54.5865779959926,62.7323773660013,16.4704616667343,23.3910888715412,21.5747069947811,19.8733902443213,8.14579937000872,6.92062720480691,0,1,0,1
591,500,2,1,"L'Ecuyer-CMRG","10407_-1685649185_456664959_31534851_-1132446057_1836774173_1114036920","10407_-1483767944_1531596816_1124210379_-1525375983_1206884321_-244034066",241801208,1338908110,127710036,761942199,1052386689,1253800360,155683442,88.8270000000011,6.32700000000114,5.7510000000002,2.15200000000186,2.53600000000006,546.964,1,NA,"36817de9e60d","not-a-git-build","bbd3d4119dab4c61438d29ca56ae93a0","confirmatory",675.654999999999,27.466375238315,10.8146243497416,26.1827489200106,6.46333890328295,46.2120160557918,26.6127234868349,754.401768731926,116.956099826024,685.536341008317,41.7747497786908,20.2461656037289,6.29559110372069,0.008,0.375,0.333,0.912,14.3428021922897,44.2420858608308,10.421922056538,32.3413419658835,29.692397630358,11.5861150720096,28.2045854957359,7.81137197253237,48.233852631517,27.9607565560843,881.638477039291,134.238062461848,795.498642986276,61.0175320932643,21.6463785928536,6.75688387584862,0.013,0.369,0.347,0.899,16.5952501464851,48.4366451619272,11.480433550595,35.8269237943665,30.7874433347246,12.9357563709756,27.5054234266458,7.50268290240485,47.5346905624269,27.6520674859568,947.866667088881,167.333792889236,756.548317879076,56.2902507340381,20.1295712388346,7.39561956332071,0.162,0.704,0.408,0.95,24.3209745861443,70.9011179927875,14.7088509998407,45.1578241484123,30.0857323009373,12.0493024481547,28.1920183567533,7.82719684259172,48.2212854925344,27.9765814261436,905.15128808366,145.185689487108,794.789899027514,61.2650104126778,20.363835857214,6.8634277602068,0.052,0.657,0.453,0.978,20.951408317488,65.2990589978313,15.9677366373594,49.6124695109299,34.8479010639693,57.8776828775715,17.339999643044,36.0919819873497,42.2494001598499,50.1713106106708,23.0240666634355,30.0788625091638,23.0297818136022,18.7519823443057,7.92191045082092,7.05479584572836,0,1,0,0,36.6042484220814,59.760386609119,17.7871145702132,37.7019090132588,44.1630272435996,51.9394300499236,24.5183538867337,31.4572938520647,23.1561381870376,19.9147944430456,7.77640280632394,6.93893996533099,0,1,0,0,36.8794440763249,58.4514584520327,17.6503100052547,36.6643564397001,44.0526173960394,51.060011521601,24.3171947735508,31.0581993293528,21.5720143757078,19.0140464344455,7.00739412556162,6.74100455580207,0,1,0,0,36.0044065271225,59.2773152236891,18.1487702650882,37.8711648216781,44.4369763916147,52.2048363238585,24.5969325612374,31.4117995084409,23.2729086965666,19.7223945565898,7.76785993224384,6.81486694720356,0,1,0,0
590,500,2,1,"L'Ecuyer-CMRG","10407_-1985224442_914845582_-829911324_1855892532_1730494198_-1819139007","10407_571658292_1577055863_-1247841496_698689416_1328515919_1338223092",1605419014,2066206390,241801208,1338908110,127710036,761942199,1052386689,87.6239999999998,5.76499999999942,5.78900000000067,2.11300000000119,2.93000000000029,541.078000000001,1,NA,"36817de9e60d","not-a-git-build","bbd3d4119dab4c61438d29ca56ae93a0","confirmatory",668.82,34.8942593929269,10.7527441589526,34.0365438511534,-8.0861810699302,53.8354025402004,11.6309865716836,1217.60933858087,115.62150694789,1158.48631733149,65.3863242956975,28.7833417940107,6.29125744405121,0,0.068,0.377,0.855,12.1366367463332,36.8282014649172,10.7980184165656,32.1693604665496,35.0340897502451,11.6533301304622,34.1341007104671,-8.19711720353266,53.9329593995142,11.5200504380812,1227.38744462823,135.800103129538,1165.13683131231,67.192730448451,28.4870714797601,6.70058025807929,0.001,0.074,0.401,0.872,13.1616911860874,39.7639628381135,12.4589905552731,37.3061182238467,35.4374097369716,11.4804246590891,34.4933505201118,-7.82290594645126,54.2922092091589,11.8942616951626,1255.81000886601,131.80015035302,1189.7912301033,61.1978574470226,27.6308610782909,6.52474742015362,0.005,0.237,0.506,0.956,14.8637218091133,51.1983333782538,15.9847795040154,49.9399621077684,35.1243611806337,11.2799412966223,34.1018349802567,-7.05934604030326,53.9006936693038,12.6578216013106,1233.72074834761,127.237075655244,1162.93514902066,49.8343665167453,27.1543069314863,6.33145026625273,0.002,0.194,0.477,0.943,15.4156256036936,50.8092451724424,14.0567586200885,46.7594430829242,43.848683925905,63.2492064643468,2.21452713390706,20.8331811693949,49.9208746884047,57.6745800063573,8.31662289299385,14.8828723207398,19.4005225384418,18.6186540354878,7.75370531795261,6.56624942774598,0,1,0,0,43.3379721845429,63.38379484026,2.69800279883308,19.4138125367561,50.6023059349407,57.5544643408268,8.21765979803134,15.0004229296259,20.0458226557171,16.7158097379231,6.95215840588607,6.78276313159451,0,0,0,0,44.1407979818612,64.9639671198122,2.37539941360017,21.0715338044739,50.6016237300065,57.9828147790986,8.71133514754828,15.1492347385167,20.823169137951,18.6961343908737,7.38119104909212,6.43789959096843,0,1,0,0,43.5751380003314,63.6582116828967,3.69459014939056,21.6642792379492,50.8383194627145,57.2277058257381,9.6912075669273,15.7775070770382,20.0830736825653,17.9696890885586,6.3893863630236,6.08629951011091,0,1,0,0
593,500,2,1,"L'Ecuyer-CMRG","10407_-62990849_770936207_-758521010_237206157_-2081317174_-1794588488","10407_556117990_-1389318665_-758108298_-1407400484_1989623948_582953946",1052386689,1253800360,155683442,542463222,1932669875,570139833,909374769,87.6100000000006,5.89500000000044,6.31700000000274,2.229000000003,2.22799999999916,540.221000000001,1,NA,"36817de9e60d","not-a-git-build","bbd3d4119dab4c61438d29ca56ae93a0","confirmatory",669.199000000001,42.6116953442116,10.9103503563913,40.859526015203,-2.56514200953793,61.1062855944838,17.7903669756266,1815.7565801079,119.035744899207,1669.50086618705,6.57995352909631,34.161277277592,6.22206132515225,0.001,0.093,0.409,0.913,16.1565263064955,46.9187705918906,12.5153258836329,37.9193482194577,44.7236205685165,9.69768017287682,42.5423933929676,-1.87570763547235,62.7891529722485,18.4798013496922,2000.20223675663,94.0450007354081,1809.85523560202,3.51827913376926,35.7359084528149,5.50593408086686,0.002,0.101,0.455,0.951,16.1299361593881,48.0330495499519,12.9714200708406,38.1412820548979,44.5410899608928,12.3560153414031,40.3763122458214,-1.85974652052949,60.6230718251023,18.4957624646351,1983.90869490435,152.671115116988,1630.24659057207,3.45865712062154,32.2301357051451,7.1403228736096,0.075,0.338,0.509,0.993,21.1669128023889,65.4726839130902,19.6396491942963,59.2351482317719,44.3086364638691,12.7471531144417,40.7878813606333,-2.7217994885978,61.0346409399142,17.6337094965667,1963.25526528731,162.48991252302,1663.6512658891,7.40819245613126,32.1822665102197,7.36120658614111,0.055,0.328,0.481,0.962,21.8511081170555,66.6087242938374,18.9294882217622,55.5821592048119,50.1104829044149,71.8958459795048,7.27131142671105,27.6845886926458,57.2843666042125,64.972813744652,14.5429026663928,21.5482878440304,21.7853630750899,20.4132772659347,7.68844714043947,7.00538517763767,0,1,0,1,52.0838411491633,74.7174599131395,8.947785352714,27.8877419490583,58.5767989443674,66.7000882829841,15.2882505867913,21.6856728549509,22.6336187639762,18.9399565963443,8.12328933861665,6.39742226815961,0,1,0,1,49.3513102537522,71.3991300574021,7.79204161559393,27.9099127420949,56.4839933168077,64.4171034468331,14.966485441142,22.3866314246281,22.0478198036498,20.117871126501,7.93311013002539,7.42014598348604,0,1,0,1,50.6799552776324,71.9082366228514,7.52976125373818,27.510781991343,57.2785685945701,64.4604810828631,14.5628948619774,20.8378752203833,21.228281345219,19.9810207376049,7.181912488293,6.2749803584059,0,1,0,1
592,500,2,1,"L'Ecuyer-CMRG","10407_791583564_1423750046_-2016986179_-276779976_1345420991_-82524133","10407_-1302112594_11042246_2137453680_599775284_975194802_-733527602",127710036,761942199,1052386689,1253800360,155683442,542463222,1932669875,89.0070000000014,6.27500000000146,5.64500000000044,2.16200000000026,2.52699999999822,552.546999999999,1,NA,"36817de9e60d","not-a-git-build","bbd3d4119dab4c61438d29ca56ae93a0","confirmatory",681.734,44.373173441007,10.6145614391025,43.5587453702062,6.42730513372419,63.3945634675253,26.2855515931695,1968.97852122569,112.668914544483,1897.36429822646,41.3102512819973,38.1608389336121,6.15266360320694,0,0.003,0.331,0.887,12.4297929366921,37.6715964877649,10.1535960541335,32.7863609410347,46.3793666447845,9.99031815762078,45.3845217517353,5.94898929347651,65.2203398490543,25.8072357529218,2151.04565037135,99.8064568904875,2059.75481463373,35.3904736138981,39.1753308358541,5.77174405714311,0,0.02,0.449,0.892,14.5082947736788,43.0530683955041,10.9063954111981,34.1833729372374,45.495521521401,10.1383288445395,44.1552343197849,5.65299080678497,63.991052417104,25.5112372662303,2069.84247850426,102.785711760022,1949.68471783511,31.9563050615954,36.4614124274509,5.90890004347033,0.004,0.18,0.607,0.988,17.273919837491,56.1075450675575,17.6304360171105,53.2314655947351,45.8258991661734,11.4529045798893,44.285300290318,6.08508162776183,64.1211183876371,25.9433280872071,2100.01303438829,131.16902331605,1961.18782180364,37.0282184165245,36.3027456958836,6.54599470271552,0.012,0.221,0.499,0.976,18.5875976667126,59.4039547032074,16.2336938494267,50.4585776662319,53.7643785730289,72.7689731531452,16.6532440832652,34.6599905806805,60.1566500137333,66.8393642739994,23.0463670253999,29.4502995207921,19.0045945801164,18.0067464974154,6.68271426026612,6.40393249539224,0,1,0,0,54.2224397680614,76.4603104214073,16.1782210858516,35.4879921649844,61.302929798978,68.6829010458907,22.5338340924163,29.0159660026901,22.2378706533459,19.3097710791327,7.37997124691276,6.4821319102738,0,1,0,0,53.4351486524124,75.8448933227669,15.6372641922028,35.1196260241933,60.3199853028149,67.4945574853681,22.1871803607051,28.8767896219414,22.4097446703545,19.4823618319906,7.17457218255316,6.68960926123633,0,1,0,0,53.8782570628932,74.227261024255,15.7955893681539,36.0503010876128,60.6081075228865,67.7066496158046,22.786451025537,29.317953859384,20.3490039613618,20.2547117194589,7.09854209291804,6.531502833847,0,1,0,0
595,500,2,1,"L'Ecuyer-CMRG","10407_1344177196_-1393515277_1303667094_-915416466_1199404638_759698464","10407_-1243080119_1218475349_-2110671647_2044858604_770330754_199425463",1932669875,570139833,909374769,1764876697,339249558,1241358614,1387906558,88.2050000000017,5.854000000003,6.56499999999869,2.23800000000119,2.1929999999993,542.948,1,NA,"36817de9e60d","not-a-git-build","bbd3d4119dab4c61438d29ca56ae93a0","confirmatory",674.094999999998,29.4336190390858,7.48915293413692,28.3616797214282,-1.41486897239962,48.6387073058641,18.7536937589547,866.337929738036,56.0874116708916,804.384876620873,2.00185420905915,23.3396254085382,4.24722357385182,0,0.097,0.487,0.995,11.5686203167688,35.1761607128339,10.9292117847075,32.4978927440099,32.0982658263226,6.84442703717627,31.1327415421604,0.743165202383462,51.4097691265963,20.9117279337377,1030.29866905727,46.8461814672295,969.247595930963,0.552294518033652,25.6995564087361,3.99910084919826,0,0.071,0.639,0.999,12.3831700409813,38.506908340987,12.6776020881656,38.1057128157589,30.8663672582701,9.27422711440586,29.8340121674214,-0.662292420224727,50.1110397518572,19.5062703111296,952.732627722408,86.0112885695808,890.068282005848,0.438631249887126,24.1397939460545,5.47631709364131,0,0.142,0.645,0.998,11.9397907818075,41.5373280357258,17.7659670049339,52.5785110893518,30.6247449500017,8.36686149178701,29.4789628827727,-1.26884733667346,49.7559904672086,18.8997153946808,937.875003252654,70.0043712227483,869.009252643893,1.60997356378332,22.933058891169,4.87780041984312,0.002,0.26,0.596,0.999,14.8630350055646,48.2002617632056,14.7645846482447,46.0065844601412,38.1215183076206,58.8285905116962,10.3928695416551,27.8066794374629,44.7151916547976,52.5567095203453,15.5162131763271,21.6652643439012,20.7070722040756,17.4138098958078,7.84151786554777,6.14905116757412,0,1,0,1,42.2959359624016,61.1869841259626,13.0692176625796,29.5037399959009,47.8461891543089,54.7376051255669,18.06377305416,23.6249367458654,18.891048163561,16.4345223333213,6.89141597125798,5.56116369170541,0,1,0,1,39.291763204796,60.139037826943,9.24291984627065,29.6144118005272,46.3610667251231,53.7318313302545,16.3695225947059,22.7624560748801,20.8472746221469,20.3714919542565,7.37076460513141,6.3929334801742,0,1,0,1,38.6364398871704,61.2476479413649,9.89811355603153,28.7137851560949,46.040674892152,53.4816438612671,15.5497725001209,22.1768944652199,22.6112080541945,18.8156716000634,7.44096896911512,6.627121965099,0,1,0,1
594,500,2,1,"L'Ecuyer-CMRG","10407_618563833_753570248_-1769120266_1048472031_-1840025276_600670435","10407_1574745421_-927039191_-1657195180_222188213_-1432454081_426707135",155683442,542463222,1932669875,570139833,909374769,1764876697,339249558,90.3940000000002,5.76900000000023,5.74699999999939,2.28999999999724,2.63800000000265,543.965,1,NA,"36817de9e60d","not-a-git-build","bbd3d4119dab4c61438d29ca56ae93a0","confirmatory",674.506000000001,51.3144293128806,9.42518163083173,50.5085668655191,3.13101249598289,70.2837676447992,22.7678944518802,2633.17065570662,88.8340487741679,2551.11532680861,9.80323925000099,44.7188513185061,5.44405892023563,0,0.005,0.367,0.934,12.9490645848321,40.7454009670295,10.7534400780795,31.8576025998522,54.5006557590092,9.74439445951108,53.6835986379524,4.80753063744386,73.4587994172325,24.4444125933412,2970.32147816202,94.9532233825503,2881.92876272076,23.1123508299614,47.165029991526,5.54962962309469,0,0.003,0.405,0.965,14.7754886720819,45.6155097626405,11.8403873836738,36.3391068107077,55.3794716343922,9.04908443214335,53.5771304479399,4.23547675457337,73.35233122722,23.8723587104707,3066.88587850445,81.8859290600591,2870.50890703557,17.9392633385313,45.551739927654,5.19941118118687,0.005,0.114,0.528,0.993,19.0058816453397,57.3791637312992,14.1757566323164,45.57471012491,54.4914898299789,10.351797223703,52.4821338104053,5.20209778466414,72.2573345896854,24.8389797405615,2969.32246389069,107.159705760665,2754.37436929329,27.0618213612076,44.9505013490845,5.9144373029138,0.009,0.161,0.457,0.984,16.8161584362043,55.6708084198721,13.6121790697687,44.5429355208104,59.4185344440345,80.7324788443435,13.3966936406007,32.3925881608566,67.1470912307639,73.5988469538963,19.4607213403806,26.2868650028429,21.313944400309,18.9958945202558,6.45175572313244,6.82614366246231,0,1,0,1,63.1912549592486,82.655449528669,14.1949339100177,35.5393974027082,70.0411518075688,76.9110284506477,20.8908245862765,28.135788114146,19.4641945694204,21.3444634926905,6.86987664307892,7.24496352786953,0,1,0,0,63.5351073650807,83.2368686902047,13.2822623701418,33.6289587811416,69.3776682315032,77.0779430374768,20.5015621133368,27.1615842307848,19.701761325124,20.3466964109999,7.70027480597359,6.66002211744802,0,1,0,0,61.7115547450179,82.3778903038533,15.0243299765202,35.4727276637472,68.5500278479592,76.0646010641854,21.5969453313901,28.0346920267573,20.6663355588354,20.448397687227,7.51457321622621,6.43774669536721,0,1,0,0
597,500,2,1,"L'Ecuyer-CMRG","10407_-635287953_2031795432_-700977419_-1221446833_-251077817_-222798999","10407_-2044439638_1306380058_-74564495_16839834_1517760877_661511527",339249558,1241358614,1387906558,2138274702,1782725223,910920944,1116325357,90.6709999999985,5.99799999999959,5.96500000000015,2.15699999999924,2.72799999999916,544.996000000003,1,NA,"36817de9e60d","not-a-git-build","bbd3d4119dab4c61438d29ca56ae93a0","confirmatory",675.863000000001,36.1344252164889,8.08409534540258,35.3205003284529,1.23282029127228,55.4649762829052,21.525831698793,1305.69668572603,65.3525975535597,1247.53774345224,1.51984587057266,29.6102094917209,4.64629209758816,0,0.066,0.406,0.98,12.5401777544758,40.3628426798108,10.9136295114188,32.0504110283738,37.9524634360058,8.45307879398016,37.0761201681237,1.96798502529143,57.220596122576,22.2609964328121,1440.38948086136,71.4545410972372,1374.63868672115,3.8729650597713,30.9544088543751,4.84007893349456,0,0.044,0.434,0.978,14.2843933985101,42.5652933295787,11.7513020756764,35.1901119420271,37.5362526689464,8.78656400024665,36.3671416120441,1.36049116708109,56.5116175664964,21.6535025746018,1408.97026442699,77.2037069304305,1322.56898903047,1.85093621570566,28.8252857690442,5.20798327371655,0.01,0.277,0.621,1,17.5903478085205,55.3056289953593,16.5709673078573,51.9298070349252,37.5100552861929,8.13401819623641,36.3979523381408,0.40746617411137,56.5424282925931,20.7004775816321,1407.00424757325,66.162252016705,1324.81093440957,0.166028683044957,27.8636639522058,4.91605093018619,0.006,0.402,0.631,1,19.9179273705906,63.8845307955737,16.2256595629282,51.5832767858801,43.9271991358172,66.3646106282334,11.5511257998746,31.0412826389589,52.1157411636779,58.9090789464908,18.2061892801824,24.9231681222328,22.4374114924161,19.4901568390843,6.79333778281283,6.71697884205035,0,1,0,1,47.1185555584715,67.0619741527208,12.7959205355616,31.7228756736718,53.7873167768804,60.5444054795354,19.0615682273772,25.3721943373022,19.9434185942493,18.9269551381102,6.757088702655,6.31062610992502,0,1,0,1,45.0121783017082,66.721967721461,11.3684539286442,31.1086307485881,52.8936978213654,60.4581484330811,18.1757304668414,25.2838395775898,21.7097894197528,19.7401768199439,7.56445061171572,7.10810911074839,0,1,0,1,44.2900139433889,67.1025644748101,11.4208332116538,30.8658992407293,52.876065578987,60.476793254499,17.1708940038435,24.2065017342898,22.8125505314212,19.4450660290755,7.600727675512,7.03560773044627,0,1,0,1
596,500,2,1,"L'Ecuyer-CMRG","10407_-1109960394_792663632_2095446360_1075283644_-1425243740_-1737072690","10407_-303272286_915088851_409479844_-1036248735_1770720155_-38324681",909374769,1764876697,339249558,1241358614,1387906558,2138274702,1782725223,90.4540000000015,5.89900000000125,7.07400000000052,2.18400000000111,2.18100000000049,547.385999999999,1,NA,"36817de9e60d","not-a-git-build","bbd3d4119dab4c61438d29ca56ae93a0","confirmatory",680.253000000001,38.7059151758393,9.93496292385118,37.7644040082072,2.08343524974736,57.7119756596247,22.0189349186799,1498.14786959927,98.7034882982975,1426.1502100951,4.34070243988985,32.3696366609071,5.65964444910043,0,0.029,0.481,0.922,12.2289884232195,38.2793785408061,12.3922420134991,35.088193310004,39.4101369657706,9.10372679898324,38.4510468581771,3.78318579510243,58.3986185095946,23.7186854640349,1553.1588956608,82.8778416305256,1478.48300448973,14.3124947602648,32.8915868922092,5.23393506802508,0,0.027,0.482,0.95,12.7650742611989,38.9546473655394,12.8079822050015,37.5692756414487,39.8939221647512,11.7054028112101,38.7719115712389,4.78148133712708,58.7194832226564,24.7169810060596,1591.52502568723,137.016454972686,1503.26112688797,22.8625637772946,31.3446599128217,6.86851386842932,0,0.177,0.456,0.981,15.6920128701494,54.3900808662414,17.4160970067682,51.2063775125089,41.279449733506,9.4403146393467,40.1388446432265,3.41118863794834,60.086416294644,23.3466883068808,1703.99297030105,89.1195404898636,1611.12684929307,11.6362079236678,32.5020420462909,5.43236742894769,0,0.177,0.593,0.97,16.6435209284802,55.4435004721873,15.4376581190095,46.265618311782,47.3546642659831,67.6874568590556,13.0148258238528,31.5444792271215,53.9445057176638,61.4536016698748,18.7969784747014,25.225658828073,20.3327925930726,18.5296534032687,7.50909595221106,6.4286803533716,0,1,0,1,48.7852691329386,68.0834918012404,15.7645278305437,31.6622117732259,54.9402300216289,62.3459241282807,20.8388926807646,26.706728433323,19.2982226683018,15.8976839426821,7.40569410665177,5.8678357525584,0,1,0,0,47.3355732607459,70.1171998310728,14.8754647209915,34.5260212473922,54.5742411993575,62.500800484502,21.5269120259351,28.0529564140048,22.7816265703268,19.6505565264007,7.92655928514443,6.52604438806963,0,1,0,0,49.1528578753047,70.9988948220834,14.5877475667211,33.1407270550431,56.1102944837236,63.8917185645384,19.9222289326745,26.7210735955914,21.8460369467786,18.552979488322,7.78142408081479,6.79884466291691,0,1,0,1
599,500,2,1,"L'Ecuyer-CMRG","10407_1325690759_119578267_-1344362454_1230516281_1747850688_-1317226825","10407_1027587019_-1689762169_-615384928_-1903782943_-230585593_-1925472888",1782725223,910920944,1116325357,1424370545,1336401170,1007391010,784119284,89.5659999999989,6.32200000000012,6.19900000000052,2.30099999999948,2.20200000000114,543.500999999997,1,NA,"36817de9e60d","not-a-git-build","bbd3d4119dab4c61438d29ca56ae93a0","confirmatory",675.063999999998,44.8863988082376,11.4776759734767,44.148212768336,8.28346512605863,64.0610928387735,28.3958293342917,2014.78879797215,131.737045752124,1949.06469063827,68.6157944946296,39.1013661128087,6.82207009904321,0,0,0.31,0.837,11.5459001609212,35.0715281817877,10.1352915981659,31.8785949968222,46.0373853446084,11.057151766608,45.3169716559693,8.54170009176709,65.2298517264068,28.6540643000001,2119.44084936796,122.260605189802,2053.62792006793,72.960640457694,39.6430064104772,6.47745567840494,0,0.001,0.318,0.92,12.6961077193431,39.8613636404037,11.7437435948542,35.3553438399304,45.7124299772162,12.3161840911997,44.8562362260039,9.23833260052539,64.7691162964413,29.3506968087584,2089.62625442189,151.688390568322,2012.08192836306,85.3467892379302,37.6176770687556,7.08850577012849,0,0.04,0.377,0.974,15.5929242649846,51.65078705903,14.8502713793698,47.9817390755667,45.4798532410788,11.3983909909938,44.7623444479783,8.88291400503113,64.6752245184158,28.9952782132642,2068.41705083006,129.92331718357,2003.66748047946,78.9061612207782,37.6572219665666,6.60452353942574,0,0.043,0.386,0.985,15.2477047114381,50.881133304259,14.9048242563087,46.7176889971933,54.9659245064431,72.8733145683112,18.9242125424996,37.9739326539655,60.5567133001467,67.3659619012372,25.1347987420489,31.42886418046,17.9073900618681,19.0497201114659,6.80924860109057,6.29406543841111,0,1,0,0,54.292527479015,75.8792933772012,18.9406780869974,38.7936855727709,61.6663511105367,68.8776783496033,25.4270004847677,31.9178149039822,21.5867658981862,19.8530074857735,7.21132723906668,6.49081441921458,0,1,0,0,53.8483368118944,75.6646067788765,19.7141074127015,38.6121015736129,60.9102967837941,68.503358185053,26.361726654454,32.2538477979385,21.8162699669821,18.8979941609114,7.59306140125886,5.89212114348456,0,1,0,0,54.9535654189531,74.9312028720209,18.4418722073895,38.7079059562587,61.2572938814482,67.8376974553758,25.7528529047652,32.3830126405941,19.9776374530678,20.2660337488691,6.58040357392761,6.63015973582888,0,1,0,0
598,500,2,1,"L'Ecuyer-CMRG","10407_671286802_-739638702_-690273334_1513999733_2125629574_580130665","10407_1837474473_-591489747_1733824113_-944623381_-1086442444_12130062",1387906558,2138274702,1782725223,910920944,1116325357,1424370545,1336401170,90.0659999999989,6.37700000000041,5.50399999999718,2.84300000000076,2.1710000000021,439.339,1,NA,"36817de9e60d","not-a-git-build","bbd3d4119dab4c61438d29ca56ae93a0","confirmatory",568.481,32.7568544621891,7.07776127746225,31.9224313659311,-2.01669809003198,52.0602383786678,18.253898094923,1073.01151425704,50.0947047007441,1019.04162431258,4.06707118633862,26.3987863722966,4.02821294350862,0,0.062,0.488,0.997,12.9275475066178,38.6136901880501,10.4939991741528,31.6876710253072,35.7613596061777,7.33171955971448,34.8461290640734,-2.09273414445139,54.9839360768101,18.1778620405036,1278.87484088236,53.7541117022999,1214.25271075006,4.37953619935271,28.9273847459519,4.20240030163763,0,0.04,0.513,0.996,13.7147898277967,41.3617368621747,11.7363344952074,33.9055987837218,33.5878364642478,9.40852654568276,32.348127934767,-1.68502572232833,52.4859349475038,18.5855704626267,1128.14275834906,88.5203717608171,1046.40138088405,2.83931168490811,24.7179894518508,5.53833222553546,0.002,0.329,0.649,0.996,18.0609176205209,55.5785438987848,17.980006801477,52.4661143802094,34.0178600445722,7.51696104494638,32.7655710734403,-0.80344807169919,52.9033780861771,19.4671481132558,1157.2148020121,56.5047033512414,1073.58264776867,0.645528803917147,25.18818246399,4.64025502482367,0,0.304,0.702,0.998,17.8710177798967,55.1321868539494,16.1135092827413,49.9447461647737,40.5251617517517,63.5068014549605,9.19926102357228,26.3704459529944,47.8841379661105,56.0129851557819,14.9357479289981,21.818629444926,22.9816397032089,17.1711849294221,8.12884718967135,6.88288151592788,0,1,0,1,44.2065290189718,66.2575436817462,8.31310340799305,27.1477362195929,51.0031394315893,58.6274080348721,15.0140316910712,21.2002930672976,22.0510146627744,18.8346328115999,7.6242686032828,6.18626137622636,0,1,0,1,41.788356863137,63.9737355405312,9.83143489669285,27.8973193520722,48.6787881160575,56.0550015856891,14.9083545331246,22.0062835792779,22.1853786773943,18.0658844553793,7.37621346963162,7.09792904615328,0,1,0,1,40.2172664327848,65.2716450980577,10.8060640383218,28.9691925832648,48.7170844117538,57.1153419347455,16.3191440428649,22.482981472755,25.0543786652729,18.163128544943,8.39825752299168,6.16383742989008,0,1,0,1
