"seed","n","dgp","seed_cell_master","rng_kind","seed_data_hash","seed_fit_hash","model_seed_propensity","model_seed_mvbcf","model_seed_bcf1","model_seed_bcf2","model_seed_bart1","model_seed_bart2","model_seed_mvbart","fit_seconds_mvbcf","fit_seconds_bcf1","fit_seconds_bcf2","fit_seconds_bart1","fit_seconds_bart2","fit_seconds_mvbart","converged_flag","error_message","hostname","git_sha","session_hash","seq_phase","replication_seconds","mvbcf_pehe1","mvbcf_pehe2","mvbcf_bias1","mvbcf_bias2","mvbcf_ate1","mvbcf_ate2","mvbcf_crmse1","mvbcf_crmse2","mvbcf_atesq1","mvbcf_atesq2","mvbcf_crps1","mvbcf_crps2","mvbcf_cov501","mvbcf_cov951","mvbcf_cov502","mvbcf_cov952","mvbcf_wid501","mvbcf_wid951","mvbcf_wid502","mvbcf_wid952","bcf_pehe1","bcf_pehe2","bcf_bias1","bcf_bias2","bcf_ate1","bcf_ate2","bcf_crmse1","bcf_crmse2","bcf_atesq1","bcf_atesq2","bcf_crps1","bcf_crps2","bcf_cov501","bcf_cov951","bcf_cov502","bcf_cov952","bcf_wid501","bcf_wid951","bcf_wid502","bcf_wid952","bart_pehe1","bart_pehe2","bart_bias1","bart_bias2","bart_ate1","bart_ate2","bart_crmse1","bart_crmse2","bart_atesq1","bart_atesq2","bart_crps1","bart_crps2","bart_cov501","bart_cov951","bart_cov502","bart_cov952","bart_wid501","bart_wid951","bart_wid502","bart_wid952","mvbart_pehe1","mvbart_pehe2","mvbart_bias1","mvbart_bias2","mvbart_ate1","mvbart_ate2","mvbart_crmse1","mvbart_crmse2","mvbart_atesq1","mvbart_atesq2","mvbart_crps1","mvbart_crps2","mvbart_cov501","mvbart_cov951","mvbart_cov502","mvbart_cov952","mvbart_wid501","mvbart_wid951","mvbart_wid502","mvbart_wid952","mvbcf_ate_l951","mvbcf_ate_u951","mvbcf_ate_l952","mvbcf_ate_u952","mvbcf_ate_l501","mvbcf_ate_u501","mvbcf_ate_l502","mvbcf_ate_u502","mvbcf_ate_wid951","mvbcf_ate_wid952","mvbcf_ate_wid501","mvbcf_ate_wid502","mvbcf_ate_cov951","mvbcf_ate_cov952","mvbcf_ate_cov501","mvbcf_ate_cov502","bcf_ate_l951","bcf_ate_u951","bcf_ate_l952","bcf_ate_u952","bcf_ate_l501","bcf_ate_u501","bcf_ate_l502","bcf_ate_u502","bcf_ate_wid951","bcf_ate_wid952","bcf_ate_wid501","bcf_ate_wid502","bcf_ate_cov951","bcf_ate_cov952","bcf_ate_cov501","bcf_ate_cov502","bart_ate_l951","bart_ate_u951","bart_ate_l952","bart_ate_u952","bart_ate_l501","bart_ate_u501","bart_ate_l502","bart_ate_u502","bart_ate_wid951","bart_ate_wid952","bart_ate_wid501","bart_ate_wid502","bart_ate_cov951","bart_ate_cov952","bart_ate_cov501","bart_ate_cov502","mvbart_ate_l951","mvbart_ate_u951","mvbart_ate_l952","mvbart_ate_u952","mvbart_ate_l501","mvbart_ate_u501","mvbart_ate_l502","mvbart_ate_u502","mvbart_ate_wid951","mvbart_ate_wid952","mvbart_ate_wid501","mvbart_ate_wid502","mvbart_ate_cov951","mvbart_ate_cov952","mvbart_ate_cov501","mvbart_ate_cov502"
300,500,3,1,"L'Ecuyer-CMRG","10407_-1555837090_-11149745_-123239660_1937606311_786605125_1502390878","10407_1837240738_1504226317_27172567_1383507310_-16196319_-2103060839",1747196243,514514029,1707208572,857901271,1202728231,708265041,338383178,90.331,6.49099999999999,5.82599999999999,2.20399999999998,2.392,486.107,1,NA,"d7fd2b8c6425","not-a-git-build","bbd3d4119dab4c61438d29ca56ae93a0","confirmatory",621.242,7.64020896510122,8.75270522528961,-0.775873037067175,-3.39772315318514,19.5600490060775,15.9259252528629,58.372793030413,76.609848760812,0.601978969647842,11.5445226256904,4.41770889827132,4.97686899897203,0.591,0.998,0.439,0.986,13.0997293087661,40.1800228779494,11.9798152287731,35.8436917759832,8.39045473010788,8.13096581018029,-0.0857878049600984,-2.35186652757801,20.2501342381846,16.97178187847,70.3997305779898,66.1126050063209,0.00735954747987189,5.53127616354187,4.85628004284315,4.66829701598317,0.574,0.994,0.512,0.984,14.1476055516573,44.732636114454,12.4847284292974,37.864844172509,7.26993211958538,9.60688496485444,-0.547202777542765,-5.10854739792034,19.7887192656019,14.2151010081277,52.8519130233792,92.2922387279463,0.299430879750517,26.0972565167987,4.48818753422092,5.51527858086376,0.665,1,0.556,0.991,14.9909572715113,50.033601182543,14.8103640158311,48.6642662452593,7.14259764389998,8.55745464358294,0.989485872368398,-2.95478347054425,21.3254079155131,16.3688649355038,51.0167011026456,73.2300299769792,0.97908229161665,8.73074535780154,4.50066537100989,4.94409225142987,0.627,1,0.565,0.995,14.1696363549516,51.8773666889,14.1228992597218,47.1763812479783,8.02647426308578,31.0969035854381,4.24523017248736,27.8644743137939,15.847551420849,23.7354579664134,12.1295295463051,19.978806099841,23.0704293223523,23.6192441413065,7.88790654556443,7.84927655353588,1,1,1,1,8.54603369326904,31.5233133251827,7.00531895674557,27.5260675647492,16.0126104069392,24.4743315227235,12.8408189805561,20.9903326629193,22.9772796319137,20.5207486080036,8.46172111578426,8.14951368236319,1,1,1,1,8.18440900408758,30.5808019325634,2.60195156654546,25.2140966785976,15.9847236536197,23.5587215424406,10.2212519445408,18.0281928368999,22.3963929284758,22.6121451120522,7.57399788882091,7.80694089235908,1,1,1,0,9.29702712662685,33.7573217166354,5.64175444741809,27.5243061041533,17.2139208195349,25.5761626407014,12.1950967759105,20.6569643641596,24.4602945900085,21.8825516567352,8.3622418211665,8.46186758824906,1,1,1,1
301,500,3,1,"L'Ecuyer-CMRG","10407_338169913_1575716323_-996786281_-730451263_1100156961_-1123942966","10407_-1965015543_468742186_-1077869563_-1475017491_-1349907595_-1575797191",1707208572,857901271,1202728231,708265041,338383178,1537875285,1650423737,90.606,7.15299999999999,5.887,2.178,2.21899999999999,498.144,1,NA,"d7fd2b8c6425","not-a-git-build","bbd3d4119dab4c61438d29ca56ae93a0","confirmatory",634.145,17.0259946810645,8.34200988454025,-15.7505468257855,-3.10164389776036,4.09127837671303,16.9025512562375,289.884494879636,69.5891289137672,248.079725311261,9.62019486851406,10.936139650988,4.79903781835074,0.087,0.832,0.53,0.988,13.6053166520546,42.8665678826584,13.0122073244561,38.5766501162814,16.4591155556529,8.63046606362854,-14.8916897087854,-4.1411377649056,4.95013549371307,15.8630573890923,270.902484874335,74.4849444754439,221.762422382746,17.1490219879274,10.3094294190033,4.91838029717225,0.139,0.898,0.549,0.979,14.466969540527,44.0457530656683,13.050727074884,38.6565300063294,16.9766783704001,9.54471248649325,-15.303172381939,-5.61023941815573,4.53865282055949,14.3939557358422,288.207608492011,91.1015364498201,234.187084951341,31.4747863290283,10.3469835691711,5.79585428743539,0.18,0.923,0.664,0.996,17.3852344822088,54.1664433863209,19.1118056643061,59.7284369188097,15.4679156780985,6.94459059084792,-12.9161372921543,-0.252166939332287,6.92568791034418,19.7520282146656,239.256415424764,48.2273384744934,166.82660254978,0.0635881652922135,9.13239894381867,4.77277569240594,0.371,0.986,0.772,1,20.3159715119323,66.9376838699379,18.4807990888506,58.7936963621291,-6.40332727973991,15.4441724617553,4.25628613882248,29.750441431989,0.441649072811134,7.81583948018945,12.6191295963764,21.4419816558681,21.8474997414952,25.4941552931665,7.37419040737832,8.82285205949173,0,1,0,1,-5.06605297188659,15.2926270242621,5.27838796761239,26.9669626447882,1.03154596967832,8.73269012356562,12.1935745502831,19.5056562973732,20.3586799961487,21.6885746771758,7.7011441538873,7.31208174709012,0,1,0,0,-6.9108236365399,15.2592677692387,1.45035356606237,25.825359420405,0.766035362368135,8.15306633476149,9.95678814717296,18.6151612120856,22.1700914057786,24.3750058543426,7.38703097239336,8.65837306491261,0,1,0,0,-5.17173722410246,20.1342181846923,8.48850298303087,31.620372562667,2.25377809560352,11.1816503507635,15.927809770226,23.4416567317667,25.3059554087948,23.1318695796361,8.92787225515994,7.51384696154069,1,1,0,1
302,500,3,1,"L'Ecuyer-CMRG","10407_-843591145_-117583791_322191933_-1299266513_-1958290699_2086452945","10407_366054890_915475607_-1601584923_-760017293_415797821_1762613071",1202728231,708265041,338383178,1537875285,1650423737,814594125,2120369817,96.7379999999999,6.95799999999997,5.798,2.13900000000001,2.45100000000002,497.109,1,NA,"d7fd2b8c6425","not-a-git-build","bbd3d4119dab4c61438d29ca56ae93a0","confirmatory",635.107,10.6117607011129,8.2735479884257,-5.86509777762412,0.540112023435285,14.4275419581428,20.2273090606341,112.609465177685,68.451596316783,34.3993719410914,0.291720997859357,5.93231243338322,4.74654483312622,0.494,0.975,0.469,0.996,14.7171954201169,43.7520441652073,12.502991831112,38.2805025152794,9.10628588335542,8.65189349815772,-3.19583752449812,2.64303818096717,17.0968022112688,22.330235218166,82.9244425893983,74.8552611034638,10.2133774829903,6.98565082605023,5.21832602675356,4.98561802059731,0.597,0.997,0.604,0.996,15.3504394828056,47.1042747478145,15.1697767233405,43.8617789339295,14.9163183913246,12.8216029416012,-2.83061223904095,3.3384096829216,17.462027496726,23.0256067201204,222.496554351368,164.393501992077,8.0123656478084,11.1449792110247,7.98181969011887,7.4165771565652,0.612,0.981,0.594,0.993,22.7338823289876,69.6058820276905,22.0077452116502,68.3462970456123,11.1772689449752,12.6306855261488,0.178939045518895,4.56054385745828,20.4715787812858,24.2477408946571,124.931341068306,159.534216860464,0.0320191820112132,20.7985602758004,6.29603321088955,7.26612009779792,0.683,1,0.567,0.993,20.9812462460836,67.6832303957231,20.7594064579459,64.5436613621595,3.23222074667722,25.8613485098243,8.99985283267663,31.4338361476517,10.3027798168956,18.214765273035,16.2312243319648,23.9036603305029,22.629127763147,22.4339833149751,7.91198545613932,7.67243599853805,1,1,0,1,3.72989187422544,29.3494873401347,12.122334905103,33.6901159230556,12.5490518272575,21.9074762293884,18.0522995213376,26.2863161443228,25.6195954659092,21.5677810179526,9.35842440213086,8.2340166229852,1,1,1,1,2.97238057064961,31.4351130432705,9.52005426795751,37.1503358900566,12.8286906036359,22.0562265632746,18.3979878928319,27.1726708791116,28.4627324726209,27.6302816220991,9.22753595963874,8.77468298627971,1,1,1,1,5.83543682650524,33.3227504083459,11.7248788587762,37.5867278398049,16.4603037660808,25.0838153426233,19.7600748968732,28.6268037902345,27.4873135818407,25.8618489810287,8.62351157654247,8.86672889336123,1,1,1,0
303,500,3,1,"L'Ecuyer-CMRG","10407_588123890_-336124581_1122796045_-1803213282_-1522098921_-124138254","10407_982085495_-1392868632_735511709_-718003709_-230216922_203878649",338383178,1537875285,1650423737,814594125,2120369817,734981216,379400947,95.874,5.83799999999997,6.98599999999999,2.11000000000001,3.50200000000007,488.837,1,NA,"d7fd2b8c6425","not-a-git-build","bbd3d4119dab4c61438d29ca56ae93a0","confirmatory",626.837,8.48890687966256,9.19920946800514,3.44605597263555,-2.88963269551051,23.9360821017019,17.1145408635116,72.0615400115824,84.6254548362353,11.8753017665372,8.34997711496336,4.86335342295253,5.31273128584029,0.567,0.99,0.495,0.99,13.8359685715112,42.0287305087705,14.1502258159203,42.5059982855723,10.3124733107682,9.41906266783764,6.06685292537679,-2.20110395568372,26.5568790544431,17.8030696033384,106.347105785307,88.7187415406528,36.8067044181529,4.84485862372652,5.87982972660373,5.48616851619711,0.52,0.953,0.556,0.991,14.8422740341065,41.7165514359525,16.0384344556162,47.8412120867563,11.5315941471356,14.1562267340548,6.1592867648675,-0.0878611307072816,26.6493128939338,19.9163124283149,132.977663574251,200.398755345968,37.9368134518719,0.00771957828916203,6.68937029572026,8.13674841888771,0.54,0.991,0.577,0.99,18.3531177921869,56.7067032231837,24.4748795694302,71.9512744062623,10.0653543852421,13.7946353145132,4.65913164231695,-0.824484571205847,25.1491577713833,19.1796889878163,101.311358900512,190.291963460416,21.7075076604391,0.679774808156489,6.10066312804942,7.92536627986314,0.67,0.999,0.567,0.982,20.2495827952732,63.9442372583228,22.8440608882127,66.4957348944195,12.663874923534,35.0049220087084,7.50487996052195,27.4994699161026,20.1521467179764,28.0757951209597,13.0522366798845,20.7290790105816,22.3410470851744,19.9945899555807,7.9236484029833,7.67684233069712,1,1,1,1,15.083577412026,37.1723227628218,5.59357853058082,29.39043334809,22.8981557349667,30.3668510337523,13.4818345323535,22.3755814961984,22.0887453507959,23.7968548175092,7.46869529878557,8.89374696384487,1,1,0,1,16.0357782051901,37.3902553218169,7.43348480881987,32.5008614543861,22.8274275729052,30.4808091988124,15.4908935156763,24.3704875022213,21.3544771166268,25.0673766455662,7.65338162590716,8.87959398654498,1,1,0,1,13.1838360623842,36.451256096545,7.21029792592703,31.9316415546002,20.6737247369847,29.2438870073958,14.7304138445622,23.931486489047,23.2674200341608,24.7213436286731,8.57016227041111,9.20107264448473,1,1,0,1
304,500,3,1,"L'Ecuyer-CMRG","10407_-1163504717_500883748_1965951130_-1894184177_2117120198_1441718546","10407_1443993995_1008698435_-231736624_1638390257_1232924395_709068090",1650423737,814594125,2120369817,734981216,379400947,1280034576,247357664,95.4159999999999,6.83799999999997,7.28800000000001,2.19500000000016,2.13599999999997,491.86,1,NA,"d7fd2b8c6425","not-a-git-build","bbd3d4119dab4c61438d29ca56ae93a0","confirmatory",630.879,12.6448116538161,6.92534983077791,-9.20041624270007,5.59969986055819,11.3780412291398,25.7156496625558,159.891261760484,47.9604702786556,84.6476590389392,31.3566385283354,7.12810701878504,4.26665450977138,0.411,0.932,0.693,1,14.9304726057268,45.46726402657,15.7964046019265,44.6386483278114,12.1807463745431,11.8090809379168,-9.06115422801741,9.40951645843717,11.5173032438225,29.5254662604348,148.370582240945,139.45439259827,82.1045159439177,88.5389999815999,6.79462682725006,6.65660730258629,0.427,0.976,0.475,0.998,15.7856856299187,48.7178736800124,18.0212867837981,53.0784043867575,14.8919660365359,14.9398403931314,-6.49504618716437,7.89843222886392,14.0834112846755,28.0143820308616,221.770652433339,223.19883097224,42.1856249733985,62.3852316739563,7.92033733817692,8.44277792400992,0.57,0.968,0.56,0.976,20.6349694220266,60.4872992593488,21.9799941149327,66.9628009201813,17.7349278287218,14.2345405280139,-5.90161252631844,6.20687087953051,14.6768449455214,26.3228206815282,314.527665089971,202.62214404367,34.8290304107987,38.5252461151638,9.36016674572024,8.16321468168945,0.62,0.929,0.608,1,21.7559684940689,67.6865876953953,25.1314677156936,73.7753236546461,-0.914092597509236,23.2748386579319,13.2602414819195,37.3313810214202,7.57848894279582,15.3955085928274,21.6505851117684,30.3429157023814,24.1889312554411,24.0711395395007,7.81701965003158,8.69233059061299,1,1,0,0,-1.80075851727848,22.9565169725992,14.7795725383049,44.6615806665901,7.1639721070897,15.8291506817698,25.0564393757596,34.3535844353111,24.7572754898776,29.8820081282852,8.66517857468006,9.29714505955159,1,1,0,0,2.19533788133682,25.3652098730956,16.6885494274041,40.5939342276066,10.071652261983,18.4894661851278,23.2269464259951,32.3850405477763,23.1698719917588,23.9053848002025,8.41781392314477,9.15809412178124,1,1,0,0,1.73385352564205,27.9875321980936,12.4309116115031,38.9551671542009,9.93259773544665,19.0494200721279,21.6107184400954,31.1852704041339,26.2536786724516,26.5242555426978,9.11682233668126,9.57455196403849,1,1,0,0
305,500,3,1,"L'Ecuyer-CMRG","10407_-531506277_-1589668813_937659242_-1179799677_787230218_-1120151186","10407_-525707381_-985019071_-1842950994_-189698651_-666930516_114032518",2120369817,734981216,379400947,1280034576,247357664,1829350513,133344569,95.6399999999999,5.90300000000002,7.58999999999992,2.22499999999991,2.63300000000004,495.741,1,NA,"d7fd2b8c6425","not-a-git-build","bbd3d4119dab4c61438d29ca56ae93a0","confirmatory",634.089,8.50316577028256,9.56289113296187,1.26175788469351,3.1849264893156,21.2447290065993,23.2272592265298,72.303828116905,91.4488868208808,1.59203295958623,10.1437567423442,4.92069899179951,5.52628159887957,0.588,0.986,0.399,0.935,14.3591933347717,43.2895745035569,11.327062977028,34.8356827825677,9.20175489768504,10.1009308029414,2.90444520518102,4.25051691062809,22.8874163270869,24.2928496478423,84.6722931970707,102.028803085811,8.43580194989899,18.0668940075353,5.27846471574539,5.79123915227384,0.594,0.984,0.44,0.942,15.4405941176447,46.5313752196808,12.6625632725486,37.7846133472104,11.6494486584645,13.1303160418037,1.75694917673575,1.38788279143449,21.7399202986416,21.4302155286487,135.7096540462,172.405199357648,3.08687040963244,1.92621864276,6.78071197504348,7.46772909236921,0.624,0.99,0.464,0.954,21.0337402898017,65.7795567165019,18.2372664857747,53.505772736002,11.2605168590046,11.3583149023354,2.72341212790213,3.10040023276765,22.706383249808,23.1427329699819,126.799239931927,129.011317420613,7.41697361840439,9.61248160334573,6.57999494325445,6.51119929486536,0.591,0.985,0.475,0.974,18.7383340682733,61.5727023155654,15.1004745549733,49.3166609166933,9.6487887725939,32.3656259183702,12.1694663579668,34.4797832822806,16.9072199273244,25.5930438754544,19.4182403641373,26.669533461268,22.7168371457763,22.3103169243138,8.68582394813005,7.25129309713069,1,1,1,1,9.92178787167502,35.5477813563155,13.3718192752812,35.8344774671588,18.5166603168154,27.388150984042,20.3061290678228,27.9606475718732,25.6259934846405,22.4626581918777,8.87149066722656,7.65451850405045,1,1,1,0,9.62633510345784,34.4731006983209,9.83887144408502,31.6027308894865,17.0475564542716,26.2119033656055,17.6124246499525,25.5814264541167,24.8467655948631,21.7638594454014,9.16434691133392,7.96900180416421,1,1,1,1,9.85913153970163,35.6106510225815,10.2965590390204,33.7852111933267,18.4871335020989,26.8958950306826,19.2112396385526,27.3230051596504,25.7515194828799,23.4886521543062,8.40876152858374,8.11176552109773,1,1,1,1
306,500,3,1,"L'Ecuyer-CMRG","10407_1346080705_1957350648_-1183850057_419954596_406259988_850648416","10407_-640228904_1752689243_-1301923443_-1036603945_1785499139_-1386310512",379400947,1280034576,247357664,1829350513,133344569,385622906,255060353,97.2940000000001,6.08100000000013,7.27999999999997,2.19100000000003,3.43499999999995,493.116,1,NA,"d7fd2b8c6425","not-a-git-build","bbd3d4119dab4c61438d29ca56ae93a0","confirmatory",632.548,9.91128717179294,13.0633086170328,6.02667617268574,-10.0890677199227,26.1119894357382,9.58924381925758,98.2336134017473,170.650032023843,36.320825690418,101.789287457187,5.69876629087184,7.98801434480887,0.48,0.976,0.305,0.738,13.8079917803199,42.2076819622417,10.3774948154158,32.3550991354253,11.3674225791133,13.3310083730513,7.56487694519019,-10.0894824196628,27.6501902082426,9.58882911951746,129.218296092136,177.715784242365,57.2273631958701,101.797655496685,6.54634574721135,7.87705095141313,0.437,0.95,0.343,0.86,14.3995246835277,44.509775157382,13.2105351781629,39.7270322028609,9.43923720156324,15.1199860577732,5.6706330380114,-10.9459863820929,25.7559463010638,8.7323251570874,89.0991989473755,228.613978387255,32.1560790517864,119.814617876963,5.67711532699799,8.55123710283909,0.58,0.992,0.424,0.949,16.4161760005975,54.0827784770647,18.85050917992,58.073563971878,10.5289835573947,14.210679128288,6.55645880089133,-7.9146500750483,26.6417720639438,11.763661464132,110.859494751889,201.943401287161,42.9871520077854,62.6416858104621,6.20641506637319,8.28131230833585,0.568,0.991,0.448,0.948,17.0577424530221,61.4900835446664,18.6986017103434,56.8337130091301,12.9708944014931,37.8979894590436,0.728179161302988,20.2782083654501,21.6899628284111,30.7574453386663,6.15380558018763,12.6023620987264,24.9270950575505,19.5500292041471,9.0674825102552,6.44855651853877,1,1,0,0,17.3867681158172,39.0675389275222,-1.78262424976596,20.8900786473401,24.151717778775,31.0641160089362,5.8012281364915,13.3046176918539,21.680770811705,22.672702897106,6.91239823016117,7.5033895553624,1,1,0,0,15.8324585732941,37.2011121460143,-2.87393741145935,19.8346521871093,22.0063390101549,29.5912342045422,4.6405386472523,12.9510418029342,21.3686535727202,22.7085895985686,7.58489519438722,8.31050315568195,1,1,0,0,15.4383993128895,38.5870986967814,0.49295649579536,24.1976618525785,22.6362603005081,30.7472993582532,7.86114965852764,15.4983864409585,23.148699383892,23.7047053567832,8.1110390577451,7.63723678243088,1,1,0,0
307,500,3,1,"L'Ecuyer-CMRG","10407_988671172_-1482430568_-1799839965_-637335332_804707363_-1029628378","10407_-1556636403_-220992645_744008989_-1135485893_44428597_72883162",247357664,1829350513,133344569,385622906,255060353,627672202,187959247,95.278,7.90499999999997,5.66000000000008,2.89900000000011,2.18499999999995,491.146,1,NA,"d7fd2b8c6425","not-a-git-build","bbd3d4119dab4c61438d29ca56ae93a0","confirmatory",628.952,10.484102673903,7.16067073398959,-5.63345728255858,-2.885037721306,14.4185609372933,16.8976664627872,109.91640887694,51.275205360615,31.7358409544123,8.32344265335853,5.96519780305171,4.22422893799701,0.479,0.951,0.647,0.996,14.3445306587348,43.2740571991049,13.7778471356734,42.2209850206847,10.2251107815088,7.08969835822955,-4.47123104007333,-0.855362648001023,15.5807871797785,18.9273415360921,104.552890494127,50.2638228106827,19.9919070137152,0.731645259595322,5.80606404303984,4.25876169162148,0.507,0.978,0.664,0.999,14.7553639705485,44.1138915638971,14.4298347426531,43.823091656484,10.8764047318279,9.83959689243109,-4.37602459904992,-3.25129584004657,15.6759936208019,16.5314083440466,118.296179890528,96.8176670055395,19.14959129149,10.5709246395041,6.30886944878574,5.84927151198241,0.532,0.988,0.746,1,16.8351131488009,56.2562464566032,21.291480861479,62.9249721783094,11.5763651676393,10.7808162555774,-3.88714256178232,-2.93085584391605,16.1648756580695,16.8518483401771,134.012230494534,116.225999136522,15.1098772956196,8.58991597781684,6.59237007480398,6.12148552641795,0.52,0.978,0.558,0.998,16.9029428731356,55.7843801959812,18.2031007667974,56.9724317896822,2.35454812146893,25.3130874291601,5.32790054809691,27.2485991074946,10.7523788110159,18.7214195322186,12.8182769984117,20.9709129316406,22.9585393076912,21.9206985593977,7.96904072120269,8.1526359332289,1,1,0,1,5.77939131588623,26.2569256903649,7.49997265179936,30.8544573993934,11.9838737210207,18.8623403281212,15.0480170823585,23.074458871528,20.4775343744787,23.3544847475941,6.87846660710047,8.02644178916955,1,1,0,1,3.7997564513155,28.0453628622353,4.83172285800609,27.9164334338112,11.7768264390665,19.1665592878675,12.335314527872,20.3689570909825,24.2456064109198,23.0847105758051,7.38973284880093,8.03364256311057,1,1,0,1,3.63702012168541,28.4030668805462,5.39011507141269,28.6779917835407,12.0411155752981,20.7610358319197,12.8161542871537,21.0731837973169,24.7660467588608,23.287876712128,8.71992025662165,8.25702951016324,1,1,1,1
308,500,3,1,"L'Ecuyer-CMRG","10407_-819943001_972885732_1411229229_-441605639_535973028_977696288","10407_1508909439_-405718138_-1310823314_1189564179_1520920230_-1664215238",133344569,385622906,255060353,627672202,187959247,384154708,2130234736,97.6869999999999,6.11200000000008,7.71599999999989,2.19299999999976,2.15299999999979,497.228,1,NA,"d7fd2b8c6425","not-a-git-build","bbd3d4119dab4c61438d29ca56ae93a0","confirmatory",639.587,11.6129890768584,10.2111969811245,-7.01809257107137,6.70597438596108,13.522345945346,26.8348627155892,134.861515299232,104.268543787326,49.2536233361272,44.9700924651661,6.46042409848998,5.85239952116223,0.419,0.974,0.463,0.931,14.2698946132112,44.6997897013577,12.2097640141982,37.2051437393246,10.2282082103786,10.8230634836914,-6.04122159465461,7.98217566283016,14.4992169217627,28.1110639924583,104.616243194856,117.138703172013,36.4963583557212,63.7151283122781,5.84065584711226,6.27498398203696,0.456,0.956,0.426,0.965,13.2556851789968,40.5819722388414,13.6387914223006,42.220898144053,12.8169276773904,9.55553359191408,-8.65425977754787,5.42860865010543,11.8861787388695,25.5574969797335,164.273635087457,91.3082222261984,74.8962122972829,29.4697918759996,7.39678752172355,5.77543750775947,0.401,0.941,0.648,0.998,15.0154427452861,49.4404522601771,18.4824217226613,58.7111236107973,12.0321902707737,12.0755998946383,-8.1531011121565,7.70051532472263,12.3873374042608,27.8294036543507,144.7736027121,145.820112815388,66.4730577450476,59.2979362662881,6.9833243885535,6.94413916987147,0.412,0.984,0.488,0.972,16.0442001857793,57.3191035909805,16.4872189722797,54.5305241517579,-1.30226791792204,26.6387703724926,13.5686904172606,38.2975963173682,8.83010895053631,18.2726508453194,22.8743887065233,30.9400120727983,27.9410382904146,24.7289059001076,9.44254189478308,8.06562336627507,1,1,0,0,3.17504652573918,25.42717786851,14.9381070944013,40.1769296804374,10.6302760326542,18.3100723610007,24.0061736550237,32.2044860494728,22.2521313427709,25.2388225860361,7.6797963283465,8.19831239444903,1,1,0,0,0.615242388899471,23.2608577702419,13.2684017293441,37.3684235943426,7.87050734255048,15.5163395555609,20.956728853895,30.2936830623686,22.6456153813424,24.1000218649984,7.64583221301046,9.33695420847363,1,1,0,0,0.963165203007701,23.9795882322148,14.5594537344697,41.8636312903261,7.78221750205599,17.1804476961006,23.6802148636639,32.1726490640999,23.0164230292071,27.3041775558564,9.39823019404462,8.49243420043597,1,1,0,0
309,500,3,1,"L'Ecuyer-CMRG","10407_-1453081175_604008821_-2086070946_1992362223_2115060924_856466934","10407_645088783_2045377322_344243751_-824801863_1227984766_501857849",255060353,627672202,187959247,384154708,2130234736,760782112,216852311,97.172,5.92399999999998,7.64100000000008,2.15000000000009,2.57100000000037,500.282,1,NA,"d7fd2b8c6425","not-a-git-build","bbd3d4119dab4c61438d29ca56ae93a0","confirmatory",640.938,9.6704790233113,10.1345355840698,6.08078059520546,-3.95203811997438,25.9815549511323,15.7004416548765,93.5181645403038,102.708811504778,36.9758926470273,15.6186053017306,5.52888567252801,5.90293955163553,0.433,0.958,0.381,0.866,12.3127323438257,38.0346942657783,10.3423861064751,33.723200849602,9.41264779132129,11.1505129452199,6.13895584466441,-7.24910047724392,26.0397302005912,12.4033792976069,88.5979384434655,124.333938941516,37.6867788627393,52.549457729178,5.38023216066583,6.39505983590225,0.49,0.989,0.413,0.952,14.0601699652011,42.4798873005498,13.2076562574878,40.5634053427342,10.8294463370398,10.9892231829431,6.59690496574039,-5.961522392143,26.4976793216672,13.6909573827078,117.276907966824,120.763026164533,43.5191551270102,35.5397492320223,6.27152409897506,6.33223592776256,0.529,0.997,0.482,0.992,17.2312330632647,55.6330870253241,16.0632505219548,51.3376151245394,10.1612121555406,10.8868268289807,6.77907517485579,-4.58602020124778,26.6798495307826,15.0664595736031,103.250232469906,118.522998404213,45.9558602263461,21.0315812862527,5.89579552840195,6.34703457742801,0.489,0.999,0.512,0.985,15.2932004183136,52.9207570710171,15.7063514609768,54.8368451935587,16.0656833626883,36.6273196506799,6.3571425653701,24.9267219526117,22.3531661429044,29.5475624760665,12.6819620597423,18.6662511442581,20.5616362879916,18.5695793872416,7.19439633316209,5.98428908451587,1,1,0,0,15.5757537453163,37.368443711154,2.9486563190832,22.8847665511296,22.2488631193107,29.8512940712731,9.07455557631184,15.6485128784696,21.7926899658377,19.9361102320464,7.60243095196245,6.57395730215772,1,1,0,0,14.8373788197888,38.3706685918705,3.73963925754111,24.3772772795017,22.5638616805468,30.4044953120279,10.1390583132391,17.0969570298349,23.5332897720817,20.6376380219605,7.84063363148106,6.95789871659575,1,1,0,0,14.5068962547276,37.9629786343545,4.87662000736101,25.7417335860993,22.4936006656709,30.8952810714218,10.8979463213964,18.9427349242753,23.4560823796269,20.8651135787383,8.40168040575094,8.04478860287889,1,1,0,0
310,500,3,1,"L'Ecuyer-CMRG","10407_-2049078478_1864329003_-1064724190_-1097514556_1177355065_1088117555","10407_-204069679_180017399_1136778723_457645650_-2083374599_-1951503574",187959247,384154708,2130234736,760782112,216852311,1682169453,446293311,99.259,8.18100000000004,5.846,2.88099999999986,2.25399999999991,499.392,1,NA,"d7fd2b8c6425","not-a-git-build","bbd3d4119dab4c61438d29ca56ae93a0","confirmatory",640.508,6.77749838579733,9.25725293958477,0.0127084424781998,2.93555242180217,20.7719107605985,22.5102807905729,45.9344843694854,85.6967319874509,0.000161504510221713,8.61746802114861,4.13376979338625,5.36199045089361,0.67,1,0.38,0.958,14.3953592188328,43.997561915016,11.0415626993498,33.8252763994281,7.62994153869875,8.85631667889561,3.79894914955409,1.30490380245469,24.5581514676744,20.8796321712254,58.2160078839607,78.4343451168846,14.4320146408977,1.70277393366071,4.66868007618731,5.10892639297171,0.717,1,0.42,0.982,17.082058544662,50.2545794674023,11.7875118865709,35.3378143452185,8.37276318337546,9.07085170850817,-0.147905160245266,0.466928544536344,20.611297157875,20.041656913307,70.1031633248876,82.2803507177456,0.0218759364271777,0.218022265702829,5.48250822936918,5.24601572080246,0.785,1,0.462,1,21.0822502669005,65.9036272369875,13.6223019345449,44.1992871146505,8.45393947646351,9.68604736245413,1.06497904786369,2.1231088383329,21.824181365984,21.6978372071036,71.469092671708,93.8195135077045,1.13418037238865,4.50759113940726,5.48450475730227,5.63206154178436,0.774,1,0.531,0.998,21.2095872044748,65.1197826699785,15.8031146532573,49.3856832882915,9.11268078792,32.2188669752643,13.0621031023702,32.3519187405466,16.654542176725,25.3407603106453,19.4249042642325,25.9344718402507,23.1061861873443,19.2898156381764,8.68621813392027,6.50956757601827,1,1,1,1,12.27158476385,36.6437905052317,10.6930838882751,30.9638068327077,20.0512710131924,28.9696033942118,17.4905187483463,24.2663828698728,24.3722057413818,20.2707229444326,8.9183323810194,6.77586412152649,1,1,1,1,7.74918218885515,32.8007723119569,9.77015528929056,30.4961274023619,16.3641461261863,25.1833935550342,16.1707435403873,24.0925599643418,25.0515901231018,20.7259721130713,8.81924742884788,7.92181642395452,1,1,1,1,8.45243308348449,35.025869463466,10.8528537771321,32.6101383473011,17.199702179862,26.1293156537748,17.8039207511407,25.2542133427371,26.5734363799815,21.757284570169,8.92961347391287,7.45029259159639,1,1,1,1
311,500,3,1,"L'Ecuyer-CMRG","10407_-1191497658_-1002520477_-817403236_1199500740_341005539_-476411883","10407_-549895118_991015871_-2104389438_-1554728849_307754154_2045576163",2130234736,760782112,216852311,1682169453,446293311,576388404,824966827,100.069,5.9109999999996,7.51800000000003,2.19100000000026,3.66499999999996,494.887,1,NA,"d7fd2b8c6425","not-a-git-build","bbd3d4119dab4c61438d29ca56ae93a0","confirmatory",637.754,15.2244881140354,9.32471861164059,-12.3613895011803,2.58683088465528,7.88087592650767,23.3267419689518,231.785038334404,86.9503771862765,152.80395039989,6.69169402580644,9.3042641588402,5.39639224913032,0.231,0.726,0.352,0.938,11.6150970985184,36.1910234736841,10.0550198875089,31.7660586279109,14.5121923241571,10.0512736414048,-11.1949537999945,4.54529021297486,9.04731162769347,25.2852012972714,210.603726053323,101.028101814398,125.326990584011,20.659663120165,8.58763663985851,5.73936531377212,0.32,0.83,0.431,0.908,14.0365397026229,42.244298735625,11.6757365647303,35.8590631911555,15.4653681394626,9.59844159944968,-12.431556674653,2.20061992416924,7.81070875303491,22.9405310084658,239.177611689105,92.1300811380462,154.543601355111,4.84272805065064,8.97119068124476,5.51443903961446,0.316,0.911,0.426,0.967,15.6143390936175,52.7564545232442,12.1147549795515,42.5045009750497,14.7934548905953,9.75952546933381,-11.838979743516,2.9345113925631,8.40328568417192,23.6744224768596,218.846307600077,95.2483373865753,140.161441367383,8.61135711308264,8.41385187606237,5.68249730798973,0.389,0.959,0.499,0.999,17.7876883420606,56.9983797587421,14.9541197737642,51.4970179575896,-2.74878225297674,17.1080522723274,12.261148744156,32.6100880947647,4.54937907722754,11.3999201671287,20.0159464677084,26.9641320677642,19.8568345253041,20.3489393506087,6.85054108990115,6.94818560005573,0,1,0,1,-2.44127517012674,20.010777099085,14.9929418023796,35.8083685880923,4.9391679109713,12.8056224876351,21.7540274283736,28.8630791227483,22.4520522692117,20.8154267857127,7.86645457666377,7.10905169437468,0,1,0,0,-3.98484222438127,18.8030479271275,11.507353798785,32.9079744225898,3.89811356625953,11.1645972730692,19.315057913385,26.7893853882354,22.7878901515087,21.4006206238048,7.26648370680966,7.47432747485048,0,1,0,1,-4.915035518926,19.7815918267679,11.3317974548377,35.5001279303478,4.02011740310939,13.1389765771458,19.7845721334902,27.6192338905056,24.6966273456939,24.1683304755101,9.11885917403644,7.8346617570154,0,1,0,1
313,500,3,1,"L'Ecuyer-CMRG","10407_1096242262_1946465604_1971289743_-1556306354_-1669428347_-1826503495","10407_-1680723012_-1322391905_-581864528_868295776_1201129961_-2008462662",446293311,576388404,824966827,1257492146,326995081,1963608950,28459957,97.9500000000003,5.91300000000001,6.5630000000001,2.19599999999991,3.33899999999994,495.265,1,NA,"d7fd2b8c6425","not-a-git-build","bbd3d4119dab4c61438d29ca56ae93a0","confirmatory",635.909,6.71655998159047,12.4609236219742,-3.28857326325949,-8.53533700860972,17.0290791042224,11.6034827703255,45.1121779863026,155.274617512674,10.8147141078251,72.8519778505428,3.9692695676346,7.27076361562853,0.622,1,0.354,0.838,12.4027136004673,38.7205414346638,12.1614370338195,38.0372165410794,6.02137584976249,11.3882890451052,0.456368390666515,-6.3089891501087,20.7740207581484,13.8298306288265,36.256967124103,129.693127374864,0.208272107999545,39.8033440961893,3.69956001681558,6.51302939139048,0.716,1,0.437,0.897,13.5966834883522,40.5342983225562,13.6186911523302,39.3471488341052,5.99958868825642,13.8301580899676,1.03681726057437,-9.51648845543207,21.3544696280563,10.6223313235031,35.9950644282544,191.273272793495,1.07499003182493,90.5635525223719,3.90363954244707,7.87532768185519,0.779,1,0.428,0.917,15.0152110030707,46.7828777767374,16.2167635495639,52.4872368050566,7.30371671029719,14.8389154524733,-1.76536695919318,-10.8434711735535,18.5522854082887,9.29534860538166,53.3442777842744,220.193411805651,3.11652050061098,117.580867091686,4.67522462553956,8.50131560353763,0.763,1,0.387,0.922,17.2645857461603,56.3799976777155,16.5659905419329,53.3078625992271,7.82508277706043,27.4317647608192,0.125123447769826,23.3167579777547,13.6233223412936,20.3772489402691,7.98500634522979,15.1225252701368,19.6066819837588,23.1916345299849,6.75392659897548,7.13751892490706,1,1,1,0,11.1088362276452,30.4852313046758,2.99402012715072,24.0838984354578,16.5723661338946,24.836599654506,9.93995389487559,17.6349366017292,19.3763950770306,21.089878308307,8.26423352061135,7.69498270685361,1,1,1,0,9.8057570501015,32.5583849339674,-1.66710568438111,22.7568157512436,17.3428346664443,25.2713639621946,6.80355617895206,14.441886586794,22.7526278838659,24.4239214356247,7.92852929575028,7.63833040784189,1,1,1,0,5.85270060491072,31.9786058762605,-2.1445898206408,21.8914633297409,14.219652070394,22.7237244611907,5.11309534853595,12.8970587586348,26.1259052713498,24.0360531503817,8.50407239079669,7.78396341009885,1,1,1,0
312,500,3,1,"L'Ecuyer-CMRG","10407_-1217047831_1337974761_-1007508977_-782131178_-1852093831_-1558520230","10407_-1903904439_-1898783336_-1285445189_-926891179_-942654799_1488824534",216852311,1682169453,446293311,576388404,824966827,1257492146,326995081,96.4879999999998,5.95100000000002,7.67000000000007,2.19399999999996,2.41499999999996,499.204,1,NA,"d7fd2b8c6425","not-a-git-build","bbd3d4119dab4c61438d29ca56ae93a0","confirmatory",639.592,9.10073925160945,8.25946640273316,4.23613648016698,-0.522040193604003,23.8416840201252,19.8084685261383,82.823454925785,68.2187852578778,17.9448522786015,0.272525963738105,5.21607461556006,4.74571717856581,0.494,0.978,0.483,0.997,13.2055984079668,40.9457460894799,12.8716976087398,39.2301710330578,9.67815192979179,8.01779438192532,5.43333684205458,-0.153215489138717,25.0388843820128,20.1772932306035,93.6666247761325,64.2850267508332,29.5211492392276,0.0234749861120162,5.56943494891108,4.66885808416743,0.504,0.979,0.586,0.999,14.3447387001075,44.9597167768367,14.2799710956816,42.8036717841922,10.1040029918906,8.98210503766556,4.77171874292303,-0.274636830931183,24.3772662828813,20.0558718888111,102.090876460134,80.6782109076571,22.769299761563,0.075425388903923,5.87280351700135,5.41036522770069,0.57,0.994,0.593,0.999,16.8482872256736,55.7029108882042,16.3152449893097,57.1184604589087,7.61649356790523,10.2411862306153,2.18340776855921,-1.19799784886854,21.7889553085174,19.1325108708737,58.0109742699418,104.881895410144,4.76726948380469,1.43519884589366,4.56561937458705,5.9278904159959,0.539,1,0.508,0.964,12.5469887093474,49.2921689937205,14.9937752928461,50.7631736251842,14.1840081278685,34.7543048359146,8.22513691650523,30.7807740733762,20.0958948052254,27.3002911238875,15.4222091059555,23.7238971668721,20.5702967080461,22.5556371568709,7.20439631866203,8.30168806091664,1,1,0,1,14.1306512352026,36.5534952414117,9.28499503578807,32.5722659117283,21.1194298982139,28.908557045439,16.3611832010475,23.7759513108739,22.4228440062091,23.2872708759403,7.78912714722501,7.41476810982643,1,1,0,1,12.8721780375197,35.3930164137363,7.6367357155651,30.8912448431392,20.4190724175425,28.5551997103982,16.3035801210269,24.079957832968,22.5208383762166,23.2545091275741,8.13612729285572,7.77637771194117,1,1,0,1,10.3014632280959,32.8094111753679,8.48876692965746,30.5108946863963,17.8335816110634,25.7861561493281,15.2586178977754,22.9252778666235,22.507947947272,22.0221277567388,7.95257453826472,7.66665996884804,1,1,1,1
314,500,3,1,"L'Ecuyer-CMRG","10407_-1793986984_-619723861_-967966241_495837704_-1341278068_1032510561","10407_-1816509364_1312329252_140560011_-1731630269_190117247_306669687",824966827,1257492146,326995081,1963608950,28459957,1700589502,404540721,99.1090000000004,5.92599999999948,6.86400000000049,2.22199999999975,3.07800000000043,489.135,1,NA,"d7fd2b8c6425","not-a-git-build","bbd3d4119dab4c61438d29ca56ae93a0","confirmatory",630.837,11.529611153447,10.8293323811699,-5.75173894557114,7.40642359200324,14.5235660042953,27.4402470950391,132.931933349689,117.274439821854,33.0825008979998,54.8551104241822,6.58398723828621,6.22875888872933,0.456,0.929,0.46,0.966,14.6001219341217,42.7699207977031,13.8993410030788,42.240382802557,10.1809855328057,13.7290345527824,-2.32949313405662,10.4327946127455,17.9458118158099,30.4666181157814,103.652466419198,188.486389751493,5.42653826161693,108.843203431731,5.88987487604733,8.05016427866386,0.589,0.988,0.405,0.861,17.2343402866233,49.7137836991963,14.5818240181374,42.8017500554439,14.1960525618903,12.7984947884779,-4.70342972521377,6.66022529602809,15.5718752246527,26.694048799064,201.527908339953,163.801468850696,22.1222511800245,44.3586009938524,8.39722694127711,7.45743200945523,0.343,0.959,0.534,0.968,16.8212118626678,53.2847940940887,19.4502177951524,59.0499639563977,17.1057382145969,15.5818878122408,-5.72591543444617,7.64222448434393,14.5493895154203,27.6760479873798,292.606279866319,242.795227793259,32.7861075624289,58.4035950691058,10.168820457729,8.90158623331727,0.216,0.945,0.492,0.931,18.9532592394917,60.9518735501288,20.2660436557037,63.0843962595421,4.58980500023338,24.0938448221524,16.4090315986955,39.9012158226224,11.0128764271382,18.2732266757923,24.0119728259094,30.5985487973394,19.504039821919,23.4921842239269,7.26035024865417,6.58657597143004,1,1,0,0,8.27176231536875,28.4173102719044,18.5157436403157,41.9990504626655,14.4350254770214,21.3432730296008,26.6144031666197,34.896745934494,20.1455479565356,23.4833068223498,6.90824755257939,8.28234276787432,1,1,1,0,4.28615276697587,26.713697847386,14.3037942861879,39.073278193956,11.6836619122635,19.4105117533606,22.7555254807182,30.8092909877617,22.4275450804101,24.7694839077682,7.72684984109705,8.05376550704352,1,1,0,0,2.97402995028456,24.9500188895023,15.5939711279156,40.1497376355076,10.7533364851877,18.6496843224518,23.4375488028163,31.4745507647452,21.9759889392177,24.555766507592,7.89634783726406,8.03700196192893,1,1,0,0
315,500,3,1,"L'Ecuyer-CMRG","10407_-1730087762_-1582645168_921075630_-325371617_-2106733116_1965332375","10407_131826763_781264201_903045401_683505760_-1479912724_-726267542",326995081,1963608950,28459957,1700589502,404540721,1538484840,1687004826,97.2840000000006,6.01800000000003,7.54700000000048,2.21699999999964,3.14599999999973,501.79,1,NA,"d7fd2b8c6425","not-a-git-build","bbd3d4119dab4c61438d29ca56ae93a0","confirmatory",643.474999999999,10.5922225418853,7.83910956780093,1.27960523742221,-0.636670297886774,21.5581863924217,19.4772960781322,112.195178376823,61.4516388159881,1.63738956363836,0.405349068211233,6.07729586198669,4.48333066373052,0.528,0.979,0.552,0.999,16.6298720379608,49.7774318853919,12.9302555643864,39.0699419521409,12.2292190782848,7.58393154851973,2.01454436813277,0.0422601951430011,22.2931255231323,20.1562265711619,149.553799264684,57.5160177326329,4.05838901117548,0.00178592409352453,7.04663956503788,4.42696700487424,0.451,0.98,0.6,1,17.2902175380483,50.9456728234443,13.7085469470353,41.5566194075183,15.7813691759204,7.35247417169921,5.69499426293252,-0.43037004914969,25.973575417932,19.6835963268693,249.05161306669,54.0588764455039,32.4329596548343,0.185218379205107,8.93964088800282,4.51322727163852,0.38,0.928,0.643,1,18.9243331971234,58.5964531139301,15.2202618055388,49.3656554871053,12.6257862263388,9.71404093357655,5.53483325859949,1.36945697110775,25.813414413599,21.4834233471267,159.410477833206,94.3625912592007,30.6343792004991,1.87541239571561,7.07371744610476,5.70516032524167,0.612,0.997,0.587,0.997,20.5441969885382,63.7124354762796,16.720474817534,54.4701210636231,7.67117881085627,34.5625367006542,9.5838078474082,32.0435239128964,17.5455300773059,25.5889429838629,15.1652836326828,23.5422929211398,26.8913578897979,22.4597160654882,8.04341290655693,8.37700928845693,1,1,1,1,9.84610592956741,33.599621363846,8.10211287707429,31.4775353259704,17.6655437425244,26.7979486518624,16.196303795683,24.0799081511736,23.7535154342786,23.3754224488961,9.13240490933796,7.88360435549059,1,1,1,1,14.2365846140388,37.6732626565596,6.78643402143332,31.5714293568512,21.7241878702951,29.7967268474632,15.491012036307,23.7229691614573,23.4366780425208,24.7849953354179,8.0725389771681,8.23195712515037,1,1,0,1,13.6845619182752,38.8076479205037,10.2520998852418,33.1247926990887,21.5784332577975,30.1163655854912,17.6049156500465,25.7393761959286,25.1230860022285,22.8726928138469,8.53793232769369,8.13446054588214,1,1,0,1
316,500,3,1,"L'Ecuyer-CMRG","10407_1154048854_1540181682_-1008718038_-431039422_1829663812_1834999834","10407_-1740339791_491083245_646977014_-201703691_1237118633_-1173017753",28459957,1700589502,404540721,1538484840,1687004826,573816777,989755719,98.8530000000001,6.30799999999999,7.52700000000004,2.21500000000015,3.01400000000012,488.696,1,NA,"d7fd2b8c6425","not-a-git-build","bbd3d4119dab4c61438d29ca56ae93a0","confirmatory",630.897999999999,7.46396258997795,10.987745192067,-0.286256479145472,-2.13016521967212,19.417086194441,17.6167721278371,55.7107375445904,120.730544405793,0.0819427718527618,4.53760386310075,4.36333600241628,6.24056655287776,0.607,0.998,0.46,0.961,13.4145700845847,41.7117465018975,14.5433556929232,42.7573097913725,8.22437807496704,9.81616596886755,-3.89445295154546,-5.09636036003584,15.8088897220411,14.6505769874734,67.6403947199985,96.3571143283533,15.1667637918011,25.9728889193446,4.79039889466628,5.61061535406447,0.613,0.999,0.549,0.981,14.8329452164582,44.6176490952543,15.1705411078327,44.2204583722745,8.49719367139657,11.5761872433689,0.589006540390308,-3.58949315541861,20.2923492139768,16.1574441920906,72.202300289222,134.008111093537,0.346928704622559,12.884461112797,5.35608965359484,6.82287608186091,0.738,0.998,0.599,1,19.3038522973712,62.1174894947783,21.2549377978361,63.3138251034143,13.7489481551808,12.9928984038846,-0.499605607267018,-2.13903367165278,19.2037370663195,17.6079036758564,189.03357537385,168.815408933666,0.249605762812646,4.57546504846437,7.99307359034777,7.42458092243104,0.548,0.973,0.545,0.999,22.756290304167,67.2012126820941,20.9913792228499,63.3602790592141,9.74563936419558,28.8905684688593,7.55244912191303,28.4515598880395,15.7594330457393,22.9550319004231,13.7592493091045,21.2817078607974,19.1449291046637,20.8991107661265,7.1955988546838,7.52245855169288,1,1,1,1,6.52416623453383,25.380754372524,3.67383591360379,25.8493088661254,12.3359453407585,19.0282921661203,10.7052221121046,18.5068230924785,18.8565881379901,22.1754729525216,6.69234682536179,7.80160098037391,1,1,0,0,8.40869791079479,32.6455267394992,4.38272841626531,26.9432753941363,16.1847600470591,24.3104825842585,12.3592798288559,19.8879326721339,24.2368288287044,22.560546977871,8.12572253719938,7.52865284327801,1,1,1,1,7.59895180740721,30.3258155064544,5.52246531489636,28.63973510249,15.5951268448537,22.763168615976,13.6828519368113,22.1832650488672,22.7268636990472,23.1172697875937,7.16804177112235,8.50041311205599,1,1,1,1
317,500,3,1,"L'Ecuyer-CMRG","10407_1054459263_-2090487614_-1338163513_-1207573724_-1983059406_-1647769297","10407_1353890750_-716081098_-2080650541_-687611059_-95932024_-1069211124",404540721,1538484840,1687004826,573816777,989755719,916115124,517105681,98.0959999999995,6.73799999999937,6.91499999999996,2.14699999999993,2.14000000000033,487.673,1,NA,"d7fd2b8c6425","not-a-git-build","bbd3d4119dab4c61438d29ca56ae93a0","confirmatory",627.012,6.78980678762721,7.4306920765638,-2.64511428281507,-1.15635913843098,17.4143681476124,19.4206324459269,46.1014762133085,55.215184736708,6.99662956915228,1.33716645703283,4.12768850524772,4.39334943326978,0.684,1,0.662,0.995,14.6217346644894,42.8413642434597,14.4668720787285,43.203784091941,6.47581810412703,8.07177969456728,-0.910108298890592,-2.14082624275701,19.1493741315368,18.4361653416009,41.9362201177394,65.1536274376287,0.828297115709526,4.58313700167709,4.05928986049458,4.75176716627266,0.713,1,0.653,0.998,14.9866507700394,45.3757761704791,15.6837766828586,46.8397041713346,6.27717743086436,7.92953899007796,0.552747272736635,-1.81886150270027,20.6122297031641,18.7581300816576,39.4029564985529,62.8775885951666,0.305529547517788,3.30825716600509,4.22272043274257,4.9752094173235,0.78,1,0.764,1,16.31360979747,52.1453829740829,18.576490542716,56.9806846584135,7.8960835973855,11.7011197431494,-2.25674362378517,-3.26209171892421,17.8027388066422,17.3148998654337,62.3481361769003,136.916203243521,5.09289178349502,10.6412423826739,5.34248815462193,6.67322260379746,0.807,1,0.623,1,21.5998423643264,66.6932264020037,21.8905809877719,66.5058010536365,6.81746653078374,28.3177676091272,8.24841906821883,29.7318892254329,13.6011320756261,21.3848644757282,15.5304137091099,23.1488680033053,21.5003010783435,21.483470157214,7.78373240010209,7.61845429419535,1,1,1,1,6.62069631330656,30.9463855410271,6.21753763789915,28.915183711571,15.5032780528721,23.1189151949749,14.5048196490846,22.630728905915,24.3256892277206,22.6976460736719,7.61563714210284,8.12590925683041,1,1,1,1,8.70083770425575,32.2035805640229,7.42831222507358,31.0325847773355,16.8333847917371,24.3573882314608,15.0201810851831,22.5519578493164,23.5027428597671,23.6042725522619,7.52400343972376,7.53177676413336,1,1,1,1,5.75906581939944,30.6471576440694,5.1400932832346,29.9411908825599,13.8304834712593,21.8450174155342,12.6790936715237,22.077366947378,24.8880918246699,24.8010975993253,8.01453394427481,9.39827327585434,1,1,1,1
318,500,3,1,"L'Ecuyer-CMRG","10407_1237779812_426949153_1042627157_551600473_-1153657519_347404700","10407_-1820673652_-1081082894_-1414006163_201313761_-647100293_-2060769509",1687004826,573816777,989755719,916115124,517105681,235587765,446705483,95.6210000000001,6.50700000000052,7.63000000000011,2.22099999999955,2.22100000000046,487.981000000001,1,NA,"d7fd2b8c6425","not-a-git-build","bbd3d4119dab4c61438d29ca56ae93a0","confirmatory",628.073,7.75398669989176,10.7143599371978,-1.50090984039187,6.25964327800639,18.3691275886353,26.5657343082993,60.1243097420982,114.797508863829,2.25273034898514,39.1831339678906,4.50409129517717,6.10372956464768,0.612,1,0.447,0.936,14.0502774027543,41.8817686899582,13.151665442838,38.6769066709507,8.60330078361478,11.1641548164292,-0.667274385718692,6.94421537899838,19.2027630433085,27.2503064092913,74.0167843733467,124.638352765199,0.445255105836257,48.2221272299176,4.99574965576177,6.38263777789125,0.583,1,0.424,0.936,14.8544208075336,45.0173644323071,13.2268820382983,41.7296226811997,10.2738746054332,12.1756839780139,-4.37971967295779,6.70366504226482,15.4903177560694,27.0097560725577,105.552499408165,148.247280332464,19.1819444136935,44.9391249988834,6.04517471105626,7.01603317573092,0.557,1,0.49,0.949,17.8692881355084,55.7749385804173,16.9541001934737,54.9393832566353,9.2314778580957,11.5814126756187,-0.928959356904013,7.00719235326525,18.9410780721232,27.3132833835582,85.2201834445112,134.129119562982,0.862965486779517,49.100744675659,5.35967917004383,6.63278308035913,0.601,0.999,0.446,0.98,16.4432290743639,52.4892546435348,15.2003425963672,51.0073801095203,8.04196246855338,29.8963888711625,13.3922180583643,38.517964581739,14.042442721621,22.112636709962,22.2553357712851,31.0215294711638,21.8544264026091,25.1257465233747,8.07019398834105,8.76619369987871,1,1,1,0,8.67002079644409,30.350089299488,14.7559815035614,40.1188090020238,15.0994618900158,23.1982578677635,23.4333767650658,31.5050668996942,21.680068503044,25.3628274984623,8.09879597774773,8.07169013462834,1,1,1,0,4.24359533012953,25.9394704095488,14.8494303487518,38.2179841008189,11.8130432045049,19.5523747938953,22.93159812498,31.2022462586642,21.6958750794193,23.3685537520671,7.73933158939041,8.27064813368421,1,1,0,0,6.15356618018122,31.7425673700323,16.4957231817279,40.5839005824793,15.1102052588905,23.3001882031344,22.8768591361889,31.7226126604732,25.5890011898511,24.0881774007514,8.18998294424388,8.84575352428433,1,1,1,0
319,500,3,1,"L'Ecuyer-CMRG","10407_1674560433_-862386092_2108506375_-1672796160_-1480493394_-1561669379","10407_-658378509_415182779_-1773841101_-1956960204_-2095336172_-937013906",989755719,916115124,517105681,235587765,446705483,344732726,838453815,96.6210000000001,7.20200000000023,5.86599999999999,2.8720000000003,2.14099999999962,490.728,1,NA,"d7fd2b8c6425","not-a-git-build","bbd3d4119dab4c61438d29ca56ae93a0","confirmatory",628.721,12.5449981662734,12.7992151926699,8.19738829645916,9.66372033921231,28.1971803430752,29.6965915798452,157.376978991803,163.819909548271,67.1971748829255,93.3874907945056,7.38604107837523,7.46070306366826,0.412,0.967,0.38,0.871,16.4218258362443,47.5961998382856,13.4193233950753,39.9308744363838,10.9213109747228,15.5662013153338,7.12919690661153,12.2455510263275,27.1289889532276,32.2784222669604,119.275033406601,242.306623389501,50.8254485332394,149.953519938391,6.44139041378023,9.42854526934384,0.545,0.984,0.291,0.775,17.7725634283145,53.0285236661495,13.2588299282274,40.4425292752601,11.3808725551553,17.3710681433573,7.44715781162939,12.0710669217888,27.4469498582454,32.1039381624217,129.524260116688,301.754008441163,55.4601594713127,145.710656630303,6.77826533113545,10.3350922831277,0.51,0.998,0.361,0.846,19.7747823750774,61.4832294627085,18.3817662151643,55.7474194431269,11.9908410930505,15.0525747559121,9.54185219763429,11.5936071136045,29.5416442442503,31.6264783542374,143.780270118789,226.580006782323,91.0469433614983,134.411725904621,7.19546014569852,8.81875688706767,0.463,0.992,0.38,0.926,19.3390010316932,60.5651617344033,17.3030023636425,55.2704819262517,16.9645283563297,38.4083351211489,17.7906584481268,41.6155165663409,24.6181093114809,32.059222886169,25.3141879943769,34.0434704202468,21.4438067648192,23.8248581182141,7.44111357468805,8.72928242586997,1,1,0,0,15.027424157526,38.4121173218063,21.7263273655652,42.3617866386844,22.8137337737368,31.5446383366085,28.9342164107475,35.6061762263333,23.3846931642803,20.6354592731192,8.73090456287177,6.67195981558582,1,0,0,0,16.3496050463822,39.4365423875933,20.4107209585826,44.6251372125552,23.1644565265404,31.7715928823642,27.6888503859274,36.6081240444319,23.0869373412111,24.2144162539726,8.60713635582378,8.91927365850445,1,0,0,0,17.8309584301964,40.6397743511673,20.6863501560943,43.2259522598036,25.558435480911,33.4864997615738,27.8204428417277,35.5291114650943,22.808815920971,22.5396021037093,7.92806428066277,7.70866862336658,1,0,0,0
320,500,3,1,"L'Ecuyer-CMRG","10407_1168977299_952384753_207689920_1584081009_-157251935_-1993725941","10407_-1063503306_-213850519_1494644251_1128631192_-1658249790_-1879532171",517105681,235587765,446705483,344732726,838453815,432368131,188994215,95.7759999999998,8.04500000000007,5.70799999999963,3.27700000000004,2.16600000000017,490.687,1,NA,"d7fd2b8c6425","not-a-git-build","bbd3d4119dab4c61438d29ca56ae93a0","confirmatory",628.666999999999,9.75607077970995,5.1727870673716,-4.87868655924758,-1.8812403176281,14.4730672582569,17.8396851209419,95.1809170587104,26.7577260443669,23.801582543383,3.53906513266948,5.59822019293822,3.52188310760453,0.58,0.983,0.828,1,15.9692025696363,47.5182852574914,14.5694484426588,43.621209776063,9.15721092268305,4.82667725949006,-3.58402573131378,-2.24614333567761,15.7677280861907,17.4747821028924,83.8545118825057,23.2968133672785,12.8452404427192,5.04515988440895,5.22848212719686,3.43666103172447,0.623,0.992,0.863,1,16.2764142980295,48.1526822534509,15.1300640147734,43.6631091991994,9.82308309737195,9.43578944956012,-2.03351682332034,-0.550836024316158,17.3182369941841,19.1700894142538,96.4929615378745,89.0341225364301,4.13519067072686,0.303420325684431,5.64984418137225,5.691396591649,0.561,1,0.605,1,16.3316992110186,53.7263103064443,18.9036637474613,57.5344562815178,11.7429665301618,6.39655695705485,-5.33695210011725,0.0263511810143306,14.0148017173872,19.7472766195843,137.897262928501,40.9159409048468,28.483057718946,0.00069438474085002,6.70627425675519,4.7966297589941,0.674,0.993,0.894,1,21.6493745733129,64.4939987215871,21.5525638670547,63.791226409576,4.09582774311434,25.0689565136459,4.88450658037761,30.2402911540414,10.6501599633061,18.0598393681365,13.5709156685462,21.8220346098107,20.9731287705315,25.3557845736638,7.4096794048304,8.25111894126452,1,1,0,1,3.42050891470536,27.4755249152474,6.43528034945829,29.0349456975616,11.7033087565709,20.100656616075,13.7195028203079,21.3362575512191,24.0550160005421,22.5996653481033,8.39734785950411,7.61675473091124,1,1,1,1,4.73212902404782,28.5549719898762,6.9246888390498,30.6555181985962,13.5053702345183,21.6473482807467,15.0655149396838,23.5897225988168,23.8228429658284,23.7308293595464,8.14197804622842,8.52420765913298,1,1,1,1,0.421033480056818,26.9170280634414,7.45039299750822,32.6135759052877,10.1699881302986,18.3960877298103,15.3957939391181,23.8580592871779,26.4959945833846,25.1631829077795,8.22609959951174,8.46226534805977,1,1,0,1
321,500,3,1,"L'Ecuyer-CMRG","10407_-1456836860_-1745680404_1512479137_-1181292374_378815724_-673300596","10407_-1011118783_337021554_-1727883547_-1697649478_848295200_-1801479575",446705483,344732726,838453815,432368131,188994215,1668317698,805488154,96.9659999999994,7.01400000000012,5.63000000000011,2.15799999999945,2.13499999999931,496.050999999999,1,NA,"d7fd2b8c6425","not-a-git-build","bbd3d4119dab4c61438d29ca56ae93a0","confirmatory",636.652,13.9260831435455,9.31465491871687,-9.78889562415972,4.46638911043157,10.1881292254146,24.4381852698996,193.935791720943,86.7627962547763,95.8224775406933,19.9486316857817,8.24560096651974,5.38246387115757,0.365,0.894,0.449,0.997,15.8455314892268,47.4008028426869,13.1363419879888,40.6768193649918,15.7040231471401,9.38744440182602,-10.6423122658358,4.94151148263261,9.33471258373853,24.9133076421006,246.616343005911,88.1241123973747,113.25881036356,24.4185357329899,9.41409755955658,5.36985729339548,0.293,0.879,0.493,0.999,16.3477998121124,48.5324884208205,14.4502556868701,42.6267886104911,14.1904470160644,9.99755714306769,-5.97383910058653,4.67413616746154,14.0031857489878,24.6459323269296,201.36878651573,99.9511488289038,35.6867535996965,21.8475489119721,8.17442132292705,5.90457006478585,0.424,0.969,0.582,1,18.5985763029046,58.9639156802646,18.2092515815409,56.7238968648046,15.5476685926155,11.5611289962709,-7.18751306811915,7.50523007659721,12.7895117814552,27.4770262360652,241.729998665802,133.659703668416,51.6603441043836,56.3284785026594,8.92235922219712,6.58885745203949,0.436,0.981,0.516,0.998,21.2312030809019,63.2920363966853,19.4726081055096,59.1949719809506,-1.63347321474767,21.8810711411551,13.794201576223,35.4684715819803,5.87760673796122,14.1663936528849,20.9262218753739,27.8868328641631,23.5145443559027,21.6742700057573,8.28878691492372,6.96061098878922,1,1,0,0,-1.16640361860097,19.6095900718603,13.2454204854389,35.721860791188,6.03349583952946,12.7882172552386,21.5544282859459,28.496886985063,20.7759936904613,22.4764403057491,6.75472141570913,6.94245869911703,0,1,0,0,2.99896491665039,24.5329629434416,13.5651470669111,35.7230962675053,10.1225815745823,17.7732239941359,20.5579032306878,28.6044033539288,21.5339980267913,22.1579492005942,7.65064241955359,8.04650012324103,1,1,0,0,1.3838480671222,23.3274161351507,15.8898956231351,39.3724852753699,9.2530912830129,16.5564378939139,23.4800443399672,31.4540741655494,21.9435680680285,23.4825896522347,7.30334661090097,7.97402982558215,1,1,0,0
322,500,3,1,"L'Ecuyer-CMRG","10407_1350493980_782333296_-854659016_-1194518711_-378916986_-1704944687","10407_943621657_402896434_878378495_515566193_-1097955478_-1453729591",838453815,432368131,188994215,1668317698,805488154,1212977356,156008677,96.518,8.17500000000018,6.08899999999994,3.66100000000006,2.20700000000033,487.282,1,NA,"d7fd2b8c6425","not-a-git-build","bbd3d4119dab4c61438d29ca56ae93a0","confirmatory",626.044,9.63190685813526,7.87357767399851,5.83951475744996,-0.675964485916662,26.0221330375042,19.5944958085162,92.773629723793,61.9932253884878,34.0999326024758,0.456927986220577,5.45668731654939,4.56501410513471,0.559,0.991,0.554,1,15.2056496264907,43.7156666853752,13.4668182452405,40.0689859321319,11.2211007153788,8.05275548725713,7.60238892412235,4.01844843067938,27.7850072041766,24.2889087251123,125.913101264675,64.8468709375498,57.7963173536182,16.1479277900296,6.43943814626497,4.62434469520888,0.518,0.951,0.547,0.994,16.0686619442895,46.0723802590971,12.9150369717689,40.5318596903274,11.2186660747404,8.24473944866715,6.37803533121662,0.381080221246236,26.5606536112708,20.6515405156791,125.858468496532,67.9757285764082,40.6793346862475,0.14522213502508,6.38933305378198,4.98997945669359,0.628,1,0.654,1,20.0159235278884,60.8402787724187,16.2215638343578,52.8530337267287,10.2055894782981,9.3763320686976,5.91068973397924,-1.73940617915405,26.0933080140335,18.5310541152788,104.154056599549,87.915603062487,34.9362531313676,3.0255338560793,5.86550963058778,5.46847607023297,0.67,1,0.534,1,19.0800357220358,60.3501230263696,15.4685580142223,49.3738281788222,15.0157573756399,37.6021561067115,8.35788440163084,32.5453025477398,21.9172167027838,30.0050295150466,15.7765607507936,23.5657515292438,22.5863987310716,24.187418146109,8.08781281226279,7.78919077845018,1,1,0,1,16.577948639946,38.8317013154702,12.704530054432,34.3871622323812,23.7747923029411,31.6261660183937,20.8195923866037,28.1240205977285,22.2537526755242,21.6826321779492,7.85137371545261,7.30442821112484,1,1,0,0,15.3838355305385,37.8097747155287,8.22325447945963,32.997005500419,22.0849743157703,31.204256941688,16.9488879785856,25.1678856187202,22.4259391849902,24.7737510209593,9.11928262591769,8.21899764013459,1,1,0,1,11.1865802546208,40.276157285233,5.45562140007392,32.9962047232192,21.930804577201,30.5867903852886,14.1402640382152,22.6893563862501,29.0895770306122,27.5405833231452,8.65598580808759,8.54909234803488,1,1,0,1
323,500,3,1,"L'Ecuyer-CMRG","10407_-1678838216_-342603259_1894918939_-756083386_968998467_-341907765","10407_-1973225510_1341516638_-182008208_-1127768215_-644636655_-376323150",188994215,1668317698,805488154,1212977356,156008677,472953600,609414737,95.692,7.45499999999993,5.77300000000014,3.51299999999992,2.10399999999936,486.614,1,NA,"d7fd2b8c6425","not-a-git-build","bbd3d4119dab4c61438d29ca56ae93a0","confirmatory",623.25,16.4223929753465,8.57076792556496,-14.1971590044712,1.14732127969447,5.94842883972603,21.2685700589796,269.694991036711,73.458062833893,201.559323798238,1.31634611883975,10.5180858745946,4.91014435370535,0.178,0.669,0.427,0.953,11.7091158819584,37.3073985648523,11.3833790022488,33.1484637105616,17.4762552948664,9.67762613268687,-15.2213728210164,4.51921693753182,4.92421502318082,24.640465716817,305.419499131347,93.6564475640639,231.690190556377,20.4233217284745,11.1875260122889,5.49741206770602,0.163,0.705,0.453,0.94,13.0305856573062,40.206707361331,12.6427855932264,37.8389643937072,16.9698404505509,8.74880349681328,-14.3040546390274,0.969710807969435,5.84153320516985,21.0909595872546,287.975484917154,76.5415626258522,204.605979116281,0.940339051092734,10.1447850596373,5.07820668265559,0.268,0.905,0.503,0.986,17.1126567226651,55.8951149108501,13.3139286410605,46.6227969495981,16.7865067874677,7.92853074280402,-14.2124800657158,1.71450554068023,5.93310777848149,21.8357543199654,281.786810125699,62.8615997395884,201.994589618368,2.9395292490232,10.0109044455688,4.66548743673372,0.236,0.894,0.531,1,16.0900428241885,52.8645765242943,13.4205273099979,47.6596211697043,-5.12275391048226,18.233035313039,9.53419762694939,32.4623016126034,1.88217414721556,10.1470112482319,17.3487898424638,24.9986235648417,23.3557892235213,22.928103985654,8.26483710101636,7.64983372237788,0,1,0,1,-4.25813023376657,14.5359327160255,13.7056121815563,35.7416242520075,1.65628799113962,7.9085190311578,20.9480483640762,28.6694133959893,18.7940629497921,22.0360120704513,6.25223104001818,7.72136503191312,0,1,0,0,-6.55976022362821,16.7224370068622,9.42384423308329,31.7074885385946,1.77616786873235,9.79605480684751,17.6206142173309,24.5314698860334,23.2821972304904,22.2836443055113,8.01988693811516,6.91085566870254,0,1,0,1,-5.18878241888703,16.4083835600339,10.3838405043494,32.6118691970639,2.57085279015743,9.29454869587342,18.3517756128014,25.4248185966322,21.5971659789209,22.2280286927145,6.723695905716,7.0730429838308,0,1,0,1
324,500,3,1,"L'Ecuyer-CMRG","10407_912452355_-84341385_-861169812_376074776_21692646_-189869029","10407_75182298_-367498669_677221040_-555485665_-1782036837_476511536",805488154,1212977356,156008677,472953600,609414737,299348298,1775354149,99.9099999999999,7.73099999999977,5.85499999999956,2.50300000000061,2.17700000000059,484.097,1,NA,"d7fd2b8c6425","not-a-git-build","bbd3d4119dab4c61438d29ca56ae93a0","confirmatory",626.916999999999,9.60846488470116,13.6145018660899,5.94983134247927,7.33430764875882,26.0289429746427,27.4576916695073,92.3225974405353,185.354661061766,35.4004930039486,53.7920686866421,5.51648613613663,8.01845859320734,0.461,0.991,0.396,0.845,13.5123973226773,39.3943702601009,14.3082160638085,41.5318914755552,8.88011058957414,16.0770980837347,4.84277285735057,10.0725028297028,24.921884489514,30.1958868504513,78.8563640830668,258.473082794026,23.4524489478914,101.455313254371,5.17271554198893,9.72563389501894,0.557,1,0.317,0.757,14.4513544091787,44.7729236793433,14.277879298871,41.5660574692349,9.22995955214656,17.0027049313799,3.68752341330068,7.23048866947586,23.7666350454641,27.3538726902244,85.1921533342616,289.09197498357,13.5978289236407,52.2799663994188,5.47518210552929,10.1320019543502,0.612,0.999,0.323,0.857,16.5241139139975,53.8479019466711,15.6236360358155,52.8188627495121,9.7330611760403,18.4467565663206,4.32739785635912,6.72895981236438,24.4065094885226,26.8523438331129,94.732479856543,340.282827817092,18.7263722072215,45.2789001564149,5.70804831529973,11.4895925063549,0.525,0.999,0.226,0.739,15.6150138685346,54.2492066517411,14.0434901421259,47.7586028974554,13.8279250310391,37.0506367665892,16.0846847927479,39.5793360435982,22.4519646022657,29.9152480626171,23.406317646106,30.9853961007283,23.2227117355502,23.4946512508503,7.46328346035143,7.57907845462234,1,1,0,0,15.2216295371146,34.8990316186362,20.4846446486051,40.2142842619304,21.322228475628,28.392414135217,26.680734456032,33.5851112366214,19.6774020815216,19.7296396133253,7.07018565958909,6.90437678058939,1,0,0,0,11.2165112213505,34.6893954359515,16.0730243642021,39.6979938910656,19.9276400064717,27.6282702051191,23.3104955852567,31.4004401378553,23.4728842146011,23.6249695268635,7.70063019864748,8.08994455259853,1,1,1,0,13.4901027787362,35.1899317742496,15.4253338181181,37.2862491481916,20.5556564264427,28.7847616380253,22.9534779279687,30.8710162279998,21.6998289955134,21.8609153300735,8.22910521158264,7.91753830003108,1,1,0,0
325,500,3,1,"L'Ecuyer-CMRG","10407_312115174_-1910331594_960025844_-1024053918_-559540678_-338758301","10407_545162193_-1418625265_618134997_-1600290261_905466868_-162320990",156008677,472953600,609414737,299348298,1775354149,1634676980,1458725439,96.6719999999996,5.79699999999957,7.22899999999936,2.17399999999998,3.51699999999983,488.816000000001,1,NA,"d7fd2b8c6425","not-a-git-build","bbd3d4119dab4c61438d29ca56ae93a0","confirmatory",627.848000000001,8.65036558534583,8.96617253301924,-3.07021681298157,-2.15103066017647,17.2511805988908,17.760316829276,74.8288247601355,80.3922498918687,9.42623127871471,4.62693290101924,4.93386638653873,5.1971052692076,0.455,0.98,0.357,0.967,11.1207073947518,36.5754105560136,10.4991389647217,33.3469830367925,8.67372543402364,8.50661763259799,-3.26898559089747,-1.92569770900014,17.0524118209749,17.9856497804524,75.2335129048286,72.3625435472271,10.6862667934953,3.70831166644837,4.95557437592835,4.87925964542438,0.49,0.997,0.486,0.997,12.5174384788727,40.6530770372034,12.9555756824869,40.2566939186833,10.2090172015216,9.42976253367764,-3.28035801792768,-4.06388225036657,17.0410393939446,15.847465239086,104.224032220963,88.9204214415505,10.7607487257824,16.5151389448445,5.92254759006749,5.44326040221691,0.557,0.984,0.517,1,16.4677978127525,54.2154472707775,15.0880995906063,48.3001076109361,10.627408529355,9.60102464576075,-4.66789308003028,-2.69350149374402,15.653504331842,17.2178459957085,112.941812049808,92.1796742485054,21.7892258065946,7.25495029680126,6.15574730062228,5.59747207958997,0.423,0.978,0.509,0.997,13.9929036900847,50.6412630445444,14.7205030352228,51.464710821939,4.94370145163745,29.4082534245313,5.75223345200027,28.2303914822131,12.831681394796,21.4615759543541,14.4970784720112,21.4972459318721,24.4645519728939,22.4781580302128,8.62989455955806,7.00016745986092,1,1,1,1,6.55964593501607,27.7968545506348,6.90063819003355,29.5179224031511,13.6115721977953,20.4022502054815,14.4246177385073,21.6861656708269,21.2372086156187,22.6172842131175,6.79067800768612,7.26154793231959,1,1,1,1,6.14297478385805,29.5440722207916,4.77882863187595,27.3763390367499,12.7859033497788,20.9884398347753,11.5147998997994,19.7375347152741,23.4010974369336,22.5975104048739,8.20253648499647,8.22273481547465,1,1,1,0,3.8853531227225,28.2186033516538,5.43245254554622,29.1870914331943,11.1960419536606,20.0877912473151,12.88903030103,21.9024607080496,24.3332502289313,23.754638887648,8.89174929365444,9.01343040701966,1,1,0,1
326,500,3,1,"L'Ecuyer-CMRG","10407_2143952459_495055187_-887067712_-88824266_1329705589_-1517662803","10407_-531136594_-2094626637_1186634264_1621794912_1263133158_1478526625",609414737,299348298,1775354149,1634676980,1458725439,614138613,1888051919,97.2780000000002,6.9989999999998,7.90600000000086,2.25799999999981,2.15500000000065,494.439999999999,1,NA,"d7fd2b8c6425","not-a-git-build","bbd3d4119dab4c61438d29ca56ae93a0","confirmatory",635.777,10.3133828111852,10.6524878900014,0.921546217077712,7.29226899287307,20.903797179486,27.0328344967455,106.36586501005,113.475498246626,0.849247430210241,53.1771870644181,5.86001672598058,6.12222626484829,0.496,0.962,0.363,0.986,14.2691560329578,41.9023615801944,11.9969266878754,37.9550655754655,10.003870479978,11.8868139563564,0.161551007572928,8.52119379160652,20.1438019699812,28.2617592954789,100.077424580176,141.296346033029,0.0260987280478283,72.6107436341135,5.72283757351591,6.8942027219642,0.525,0.992,0.4,0.937,15.5235709299975,46.1804760277431,13.2005244356232,40.3126752261928,16.1237011613861,11.4493976143837,0.834207244976771,7.66063533204908,20.8164582073851,27.4012008359215,259.973739141682,131.088705732255,0.695901727571734,58.6853336906387,8.96273783650125,6.55724405579391,0.458,0.981,0.432,1,22.2919846645226,65.2643841285463,15.3874428172323,52.4014027264536,18.4216752625175,9.25608639281743,1.84722239515027,6.21071200676675,21.8294733575586,25.9512775106391,339.35811947765,85.6751353113,3.41223057714469,38.5729436309967,10.4646883241055,5.46217210769176,0.403,0.935,0.545,1,20.7722853353828,67.2949194915461,15.9372828881588,52.5188424872159,10.3128220353061,32.4914684418504,13.6265532190721,38.186863806933,16.9507375124235,24.6515583651644,23.1080304988671,31.4481363109821,22.1786464065442,24.5603105878609,7.70082085274097,8.34010581211498,1,1,1,0,9.51455796241465,31.3714555517177,17.7121478540607,40.2614175237539,15.9623735420949,23.9501763369618,23.9089469428162,32.1087661798901,21.856897589303,22.5492696696932,7.98780279486699,8.19981923707395,1,1,1,0,7.78009966230528,33.9268374546031,16.2029178058779,39.9414937976873,16.0989159407385,25.4230879466521,22.8320743499197,31.9365200107457,26.1467377922978,23.7385759918094,9.32417200591355,9.10444566082598,1,1,1,0,9.94513723450158,35.6663405897463,13.6476144165264,37.9255228222632,16.4828891265706,26.5824508863906,21.8330714599505,30.1372104402094,25.7212033552448,24.2779084057368,10.09956175982,8.3041389802589,1,1,1,0
327,500,3,1,"L'Ecuyer-CMRG","10407_1721543399_-1132480089_287081796_-349355324_-318000200_-1204972284","10407_2033159185_-753992885_-1372475027_683118770_-1192231110_-460682807",1775354149,1634676980,1458725439,614138613,1888051919,1543380979,1468641790,97.1419999999998,5.74200000000019,7.49699999999939,2.12099999999919,2.1200000000008,498.687,1,NA,"d7fd2b8c6425","not-a-git-build","bbd3d4119dab4c61438d29ca56ae93a0","confirmatory",640.213,14.1299765828199,12.5997535607616,-12.4502020037268,-10.0074262114144,7.7203890983301,10.5004108848265,199.656238231039,158.753789791924,155.007529933603,100.148579376903,8.55091368999288,7.49029603956103,0.242,0.89,0.318,0.92,14.3955302501728,42.6029750775598,12.0831169550843,36.8269244999573,13.3822966476001,10.6529423732238,-11.5492576694182,-7.09357366698124,8.62133343263867,13.4142634292596,179.085863564368,113.485181207227,133.385352714616,50.3187873688897,7.83516776485563,6.09606812427413,0.3,0.947,0.402,0.986,15.2524941464725,45.9339790298187,13.5231823706916,41.1011868219978,15.0377603494721,14.1760077995416,-11.9232076002456,-11.2709758506896,8.24738350181134,9.2368612455513,226.134236328155,200.959197132665,142.162879478553,127.034896626827,8.74607526354809,8.30192645243339,0.402,0.96,0.32,0.956,19.8447674986882,60.3585129293614,14.3878779181701,49.1595652970584,18.6267128031192,12.7550307618578,-15.1136277400158,-9.1794852306415,5.05696336204112,11.3283518655994,346.954429849885,162.69080973594,228.421743463774,84.2629490995655,10.5707264819563,7.25099165164674,0.377,0.967,0.435,0.993,23.2026604924419,71.6218442858763,17.345256837138,57.6999459625408,-1.90618537948734,19.5982574949796,0.374330517444186,23.3119448317154,3.46756001030681,11.4894309069769,6.28492942395956,14.5113169305157,21.5044428744669,22.9376143142712,8.02187089667009,8.22638750655613,0,1,0,0,-2.31300572744787,21.0128205674738,1.59743532761021,25.5867626293671,4.60948256798705,12.3373261333103,9.36605592528664,17.5209342870728,23.3258262949217,23.9893273017569,7.72784356532323,8.15487836178619,1,1,0,0,-3.61984157665854,21.1361895309372,-3.21665626501366,22.0601674593712,3.93660424647013,12.5994785897664,5.04886258694455,13.2763127515875,24.7560311075958,25.2768237243849,8.66287434329629,8.2274501646429,1,1,0,0,-8.15939030469842,18.4718493123244,-0.919669525226434,24.1089021211127,0.368293204333701,9.7570485903046,6.75914960789062,15.9667725397099,26.6312396170228,25.0285716463391,9.3887553859709,9.20762293181932,0,1,0,0
328,500,3,1,"L'Ecuyer-CMRG","10407_1291458643_1713223101_841003409_1334688959_-190854743_-1046445690","10407_23842378_1146047447_-1275165579_-1786621022_-1508815280_-2053862087",1458725439,614138613,1888051919,1543380979,1468641790,328947047,1993560082,97.5360000000001,6.89200000000164,6.41300000000047,2.19900000000052,2.15200000000004,491.420999999998,1,NA,"d7fd2b8c6425","not-a-git-build","bbd3d4119dab4c61438d29ca56ae93a0","confirmatory",632.190000000001,9.6049207834523,7.29301323978633,-5.51156005992932,-5.43978051305868,14.5470611232559,14.2672617005626,92.254503256394,53.1880421156986,30.3772942942081,29.591212030253,5.44188029594466,4.29970116318044,0.503,0.966,0.55,1,13.3249945850362,39.116781620892,13.2259375281092,38.543204939481,8.63132656325367,6.62995386092652,-4.03292596869963,-3.86135168478281,16.0256952144856,15.8456905288385,74.4997982415284,43.9562881980144,16.2644918690119,14.910036833575,4.93567594207304,4.099848562904,0.549,0.99,0.696,1,13.2423982983947,41.1316404435949,15.0169070100999,43.7471800933919,9.04285878106939,6.49190373775082,-5.11297948801875,-4.08428050445866,14.9456416951664,15.6227617091626,81.7732949343638,42.1448141402231,26.1425592449005,16.6813472391011,5.31233637664549,4.39082816887728,0.581,1,0.784,1,15.025705666328,50.5360194922001,17.4334556339725,53.2105768305728,8.18967732979231,6.21681032768995,-2.73154051919854,-3.9549890661494,17.3270806639866,15.7520531474719,67.0708147661142,38.6487306504725,7.46131360802343,15.6419385133613,4.8821894763588,3.97897495430211,0.592,1,0.757,1,14.0935513762081,51.0378817155528,15.360569475965,46.4402057356511,2.39598875577487,26.808509877474,3.87644208004745,25.2528537629971,10.4046522069081,19.0936768914598,10.1335654214779,18.1102288250379,24.4125211216992,21.3764116829496,8.68902468455176,7.97666340356002,1,1,0,0,4.22804086007844,28.4226020652728,4.70534317365697,26.7008822755136,11.8338713882474,20.5103791436221,11.9947706845316,19.7221982508654,24.1945612051943,21.9955391018566,8.67650775537462,7.72742756633383,1,1,1,1,2.24376103025696,28.062845963346,5.58965755961453,26.403981182706,10.7263535696909,19.5088882067438,11.6090573730687,19.3481135546978,25.8190849330891,20.8143236230915,8.78253463705295,7.73905618162907,1,1,0,0,4.30890128944002,30.9937150307404,4.35733083043686,27.6292980724986,12.8238556071964,22.0407825079007,11.4274902817901,19.6282520708859,26.6848137413003,23.2719672420617,9.21692690070429,8.2007617890958,1,1,1,0
329,500,3,1,"L'Ecuyer-CMRG","10407_-1368596795_639880192_-252236494_-491917570_-476328468_-2033159527","10407_-106993361_-1575288155_-570581918_740847128_-1847072655_-1675240164",1888051919,1543380979,1468641790,328947047,1993560082,72053900,1382008239,97.1169999999984,7.496000000001,5.96099999999933,2.97799999999916,2.07900000000154,485.597,1,NA,"d7fd2b8c6425","not-a-git-build","bbd3d4119dab4c61438d29ca56ae93a0","confirmatory",623.973,9.42321041612631,7.91382182136329,-3.93944435318783,1.10047283325597,15.7014220849906,21.0828222566516,88.7968945465914,62.6285758202858,15.5192218118635,1.21104045673443,5.33570573909353,4.53907353678153,0.489,0.945,0.493,0.995,12.2463842876173,39.0159064762347,12.223234223548,38.7261779272351,10.7639053833461,7.69191240985197,-4.97237798090496,1.94357856638604,14.6684884572734,21.9259279897817,115.861659101628,59.1655165208347,24.7245427849884,3.7774976437152,6.08272563113014,4.49033765660886,0.475,0.941,0.638,0.997,13.9789294432367,41.6666588594163,14.3783755181443,41.9828400594562,10.5264118903194,8.43389776653525,-3.63003310761651,1.86033932757519,16.0108333305619,21.8426887509708,110.805347284657,71.1306315363684,13.1771403623919,3.4608624137229,6.07654136622595,4.9070478231765,0.557,0.985,0.528,0.997,16.8177379560263,53.9491370298338,13.4878160195216,46.5929421957088,10.435554461915,6.92952331166459,-5.3498881531183,2.50828144846178,14.2909782850601,22.4906308718574,108.900796927595,48.018293326903,28.6213032508755,6.29147582469751,6.03681894623842,4.38386764040654,0.547,0.979,0.696,1,15.4696088474159,52.48521499165,14.8113540439745,50.8889037980776,5.82030586101117,25.5616451032976,11.456863560316,32.966680819171,12.2166029207626,19.339097008492,17.3179826982831,24.4218331995782,19.7413392422864,21.509817258855,7.12249408772931,7.10385050129511,1,1,0,1,4.3391994250925,25.5885933949245,10.5615768161974,33.4916407830455,10.7016041555411,17.9852783240496,17.5693818065556,26.1536248829337,21.249393969832,22.9300639668481,7.28367416850849,8.58424307637814,1,1,0,1,4.72563745552285,26.589634018856,11.1307614417076,32.4645845657734,12.1988755802505,19.5925383040781,17.8380517193669,25.8708022557703,21.8639965633331,21.3338231240657,7.39366272382764,8.03275053640345,1,1,0,1,3.87458911582922,25.8446620651137,10.3364362415064,33.7758512167632,10.0368088914146,18.8164106614083,18.3377372821369,26.4964790111135,21.9700729492845,23.4394149752568,8.77960176999369,8.15874172897657,1,1,0,1
330,500,3,1,"L'Ecuyer-CMRG","10407_633604454_1237126965_-1540348854_1300661641_-68650344_-1638135765","10407_-672264180_365311192_638630974_173119916_1980613685_750199264",1468641790,328947047,1993560082,72053900,1382008239,109864817,202759028,95.8500000000004,6.35400000000118,6.378999999999,2.18900000000031,3.14199999999983,478.99,1,NA,"d7fd2b8c6425","not-a-git-build","bbd3d4119dab4c61438d29ca56ae93a0","confirmatory",617.323,13.6528622869749,8.39837662846779,-11.9827755842697,-3.4609679045846,7.77069073424566,16.8485482951074,186.400648627103,70.5327299935939,143.58691070297,11.9782988365647,8.16801592600286,4.82109532176477,0.234,0.983,0.476,1,14.5154314901961,43.6519040577972,12.7542584137473,39.0424017904503,13.8154636551629,7.79602465172288,-12.3589752759058,-3.69208855030258,7.39449104260955,16.6174276493894,190.867036007127,60.7780003702708,152.744269870451,13.6315178632754,8.27977058325718,4.5548386135868,0.234,0.977,0.582,1,15.5189799739415,47.1553861930696,13.8195533910372,41.7427501589366,14.4674696091211,9.71943725284073,-13.0075626157398,-5.085557294674,6.74590370277559,15.223958905018,209.307676890844,94.4674605119082,169.196685202391,25.8628929974119,8.53536185362544,5.7229003357322,0.239,0.996,0.531,0.998,17.9658561207283,56.6841739742708,16.5078637072747,53.7953041648,14.6822032088303,10.1838643255701,-13.9190341989091,-6.21995302100342,5.83443211960628,14.0895631786886,215.567091065386,103.711092601619,193.7395130304,38.6878155834895,8.71811875989485,5.96495345769219,0.173,0.994,0.548,0.996,19.4837267410935,59.2805295683547,17.4379040356651,52.4710464572571,-3.92306292992831,20.4472323249007,5.62029983322932,29.0423140369897,3.64281648101081,11.5295922870547,12.5680448305619,21.0038457448552,24.370295254829,23.4220142037604,7.88677580604386,8.43580091429327,1,1,0,1,-5.74236562351254,19.0189335430607,4.73463282230071,27.7165182037005,3.66635193535239,11.2153006963253,12.824601825387,20.6856850878916,24.7612991665732,22.9818853813998,7.54894876097288,7.86108326250466,0,1,0,1,-4.03865463040241,18.8407464628703,3.41709658671604,27.1605381332185,2.53350871238432,10.6855678727876,11.6784355690933,18.9388607224571,22.8794010932727,23.7434415465025,8.15205916040331,7.26042515336376,0,1,0,0,-6.19848046791968,17.9793858226119,1.41571445379267,28.1181058855494,1.64876991411994,9.88261403545779,10.1385434063375,18.2725239454597,24.1778662905316,26.7023914317567,8.23384412133785,8.13398053912223,0,1,0,0
331,500,3,1,"L'Ecuyer-CMRG","10407_1712184910_-1851095936_-785170386_-1395288770_-1113566565_1934273101","10407_-85924137_-1564617333_593092056_-1020021367_-1573907754_1691346103",1993560082,72053900,1382008239,109864817,202759028,1056009145,1112261465,94.7530000000006,5.79999999999927,7.35399999999936,2.13699999999881,2.11800000000039,488.522999999999,1,NA,"d7fd2b8c6425","not-a-git-build","bbd3d4119dab4c61438d29ca56ae93a0","confirmatory",627.225,14.8618803460371,6.30022813522924,-12.4517970434551,-2.16525619517306,7.81160709821594,17.5256431235227,220.875487419923,39.6928745559341,155.047249611397,4.68833439073531,8.64894478050999,4.01274217625638,0.316,0.928,0.761,1,17.0318733685407,48.2604970679353,15.5044027463962,44.3073970315349,17.5883403284173,5.834276583713,-15.0692282553006,-2.00924981477886,5.19417588637048,17.6816495039169,309.349715508229,34.0387832552618,227.081640210349,4.03708481818888,10.5906922474344,3.83529206754783,0.227,0.817,0.812,1,16.4831802385184,47.7011011690249,15.8255019896606,45.5484775223212,17.7576487710871,7.30857121458386,-15.9600944256952,-3.52216654987009,4.30330971597584,16.1687327688257,315.334089877291,53.4152131986438,254.724614077107,12.4056572050238,10.6456945469737,4.72593213850388,0.199,0.941,0.797,1,17.9385975365384,58.2914201446121,18.5727048144297,55.5490024815852,18.682073448699,7.73796914003157,-13.6399916316113,-2.74688580000486,6.62341251005976,16.9440135186909,349.019868342583,59.8761664120809,186.049371710426,7.54538159826833,10.4842684119092,4.91198169446573,0.452,0.902,0.738,1,20.7242757042253,63.2949097635963,18.0373179228179,56.3929310201459,-5.40502001215324,21.7318590760143,5.90390261923154,31.7530313650554,3.23874794565338,12.6396521609372,13.3893604507439,21.3609200047921,27.1368790881676,25.8491287458239,9.40090421528379,7.97155955404817,1,1,0,1,-6.01558214002031,16.8594593132958,4.73900991911962,28.4364982543322,0.994943517456724,9.67054856120268,13.9423565574485,21.8576333244177,22.8750414533161,23.6974883352126,8.67560504374595,7.9152767669692,0,1,0,1,-7.44989910771294,15.161741041155,4.24462895044478,27.2862456232894,-0.123197290362875,8.65482271035213,12.4943816640232,20.1166217298479,22.6116401488679,23.0416166728446,8.778020000715,7.62224006582472,0,1,0,1,-6.03181234002292,20.5559092438488,5.4946309252346,28.2446385607827,2.00652972204364,10.7439012310856,12.9217227967893,21.1245701473821,26.5877215838717,22.7500076355481,8.73737150904196,8.20284735059286,1,1,0,1
332,500,3,1,"L'Ecuyer-CMRG","10407_-1165089000_-673418942_-850870115_1300980534_-1595484691_-429948941","10407_1630570153_230362616_-539525138_-1524736261_-360698726_-1729867216",1382008239,109864817,202759028,1056009145,1112261465,1449672452,1740739638,94.969000000001,6.25,7.38299999999981,2.19200000000092,2.86199999999917,486.317999999999,1,NA,"d7fd2b8c6425","not-a-git-build","bbd3d4119dab4c61438d29ca56ae93a0","confirmatory",624.359999999999,7.70412248268384,10.3416970812655,-3.14803389401793,-5.41298098490387,17.1034357225008,15.4937024544524,59.3535032281947,106.950698520654,9.91011739788568,29.3003631429308,4.4099002212607,6.03329353667853,0.579,0.99,0.374,0.898,12.7017068640822,38.0408664210732,11.2771698805406,33.9510329248838,7.46333876037318,10.0000894855949,-1.14367397651284,-5.28060452652183,19.1077956400059,15.6260789128345,55.7014254520887,100.001789719906,1.3079901645527,27.8847841655228,4.35089102248865,5.73062796053681,0.62,1,0.446,0.956,13.6885847918013,41.295623080831,12.6531563004268,37.3217067751874,8.54488073057675,10.6516355284152,-3.87531448003237,-6.36803816062055,16.3761551364864,14.5386452787358,73.0149866997819,113.457339430198,15.0180623191485,40.5519100151195,4.99253102487981,6.15008299804408,0.608,0.998,0.49,0.987,15.1338972240789,48.1644565971203,15.5374789353659,49.555391819294,7.47556562871216,10.0972484920173,-2.76996340630333,-4.9647069057279,17.4815062102154,15.9419765336284,55.8840814691827,101.954427109546,7.67269727225956,24.6483146597823,4.68131651936653,5.89468962093881,0.642,1,0.446,0.988,14.700783044762,53.2531829690519,13.1115925219161,47.9373802327982,4.35675507106685,30.6053462822806,5.47239418598078,27.2799243332836,12.4265955375521,21.0346877232456,11.6072882327773,19.2422842562722,26.2485912112137,21.8075301473028,8.60809218569347,7.63499602349499,1,1,1,0,7.77350381952145,31.8089157822337,5.5588806934142,27.1946547292417,14.9146203575238,22.9952161996056,11.669813803768,19.5207655967893,24.0354119627122,21.6357740358275,8.08059584208178,7.85095179302131,1,1,1,0,3.69313499947336,29.5662455143247,3.66519881332939,25.9910954268026,12.0729886325438,20.6830010521325,10.7324198591512,18.090188547909,25.8731105148513,22.3258966134732,8.6100124195887,7.3577686887578,1,1,1,0,4.11677559587351,30.9433295622284,5.38273108854592,27.8087843905122,13.1269842469278,21.946247384134,11.799412445673,19.6688270988038,26.8265539663549,22.4260533019662,8.81926313720626,7.86941465313079,1,1,1,0
333,500,3,1,"L'Ecuyer-CMRG","10407_1716648748_-735462823_300618416_-51909431_-108068709_-1034303492","10407_2066896381_1749334977_-1819078303_-878166418_1154435641_696674091",202759028,1056009145,1112261465,1449672452,1740739638,688523196,893617938,94.9500000000007,7.29000000000087,5.82099999999991,2.74799999999959,2.09000000000015,505.412,1,NA,"d7fd2b8c6425","not-a-git-build","bbd3d4119dab4c61438d29ca56ae93a0","confirmatory",642.329,9.37907504535815,6.00397325154789,-5.65111366115864,0.139307390848,14.741008652641,19.7507923914544,87.9670487064599,36.0476948053025,31.9350856113338,0.0194065491448774,5.38489587343829,3.80023417522208,0.58,0.979,0.75,1,15.1414378068168,44.1298665475505,14.5710784883538,43.4217928829523,8.92826839244169,7.30566535297591,-4.26891021338727,-0.478078149712896,16.1232121004124,19.1334068508935,79.7139764874733,53.3727462496726,18.2235944099622,0.228558717232906,5.21712019999296,4.33229534854148,0.635,0.998,0.642,0.999,16.0284740357438,48.8891547670643,13.9979820873049,41.8450000372824,8.49741989779313,6.30146165684406,-2.06061248203403,-0.28962170476813,18.3315098317656,19.3218632958382,72.2061449194106,39.7084190126758,4.24612380111445,0.0838807318727981,5.40894801883725,4.42041099926593,0.76,1,0.864,1,20.443725071284,62.2355638121377,18.5172278364192,57.0713919717941,8.38587477888068,8.94343916741009,-2.74299107379269,-0.339766543450018,17.649131240007,19.2717184571564,70.3228958070671,79.9851041411649,7.52400003090638,0.115441304047973,5.43286863607272,5.59540774563121,0.74,0.997,0.704,1,19.638164035677,64.670159762592,18.6652028395749,62.9423488353152,0.288967291338436,27.1608496789266,7.17141771544717,32.9950329145944,10.2690758917814,19.4998731135676,15.5191858581526,24.308859736529,26.8718823875881,25.8236151991473,9.23079722178626,8.78967387837638,1,1,0,1,3.51812034589831,28.8276549594881,8.33578091120299,30.0940966816328,11.7564308609486,20.5704435936489,15.313786549389,23.2094141233692,25.3095346135898,21.7583157704298,8.81401273270026,7.89562757398026,1,1,1,1,5.75913126598212,30.7500220693648,7.38963645901798,31.6100737967439,13.736445016897,22.881035432719,14.9337736877832,23.9808492840124,24.9908908033827,24.220437337726,9.14459041582193,9.04707559622915,1,1,1,1,5.29924563917639,30.0524801778661,4.43125396698289,32.7541312282896,13.3445660592131,22.3529747880756,15.3631665636834,23.7062217509606,24.7532345386897,28.3228772613067,9.00840872886252,8.34305518727712,1,1,1,1
334,500,3,1,"L'Ecuyer-CMRG","10407_2130559937_-1684583259_-1738578938_400002326_-122200838_-1135092396","10407_1583012810_1399153380_286632874_-112731084_1047364131_1486592658",1112261465,1449672452,1740739638,688523196,893617938,2021381623,1248178191,92.3629999999994,8.02599999999984,6.15799999999945,2.96899999999914,2.40400000000045,493.732999999998,1,NA,"d7fd2b8c6425","not-a-git-build","bbd3d4119dab4c61438d29ca56ae93a0","confirmatory",628.743999999999,7.4635760679135,8.88060002689072,3.92051292285585,0.214116837344942,23.5343930945076,20.5122972521561,55.7049677215312,78.8650568376115,15.3704215782797,0.0458460200346006,4.3960013878087,5.08161550100385,0.59,1,0.501,0.992,14.107393804908,43.6797621224917,13.3788533253111,40.3611127436294,8.28681540546134,9.75138125617754,1.89146855193844,1.6503138462556,21.5053487235902,21.9484942610667,68.6713095641914,95.0894364033306,3.57765328297209,2.72353579114294,4.86056731222657,5.57369977763269,0.608,1,0.523,0.989,15.3529457566819,46.3668973052089,14.7579148151616,44.991237882801,8.37686468589032,12.0467166878739,3.55892284137829,-1.23747069303444,23.17280301303,19.0607097217767,70.1718619657163,145.123382957899,12.6659317908841,1.53133371611913,5.08303637598159,7.00921610529024,0.626,1,0.576,0.988,15.3007288202813,53.4563189684972,20.338003876626,60.7951415356293,6.90250682341074,11.780084605578,3.93594695940712,0.131582730977442,23.5498271310589,20.4297631457886,47.6446004472319,138.770393314576,15.4916784672662,0.0173140150914819,4.87286600916102,6.75363950866898,0.816,1,0.597,0.997,19.5095594918847,62.33563068876,20.0331799322281,60.4504376960356,9.98598858526221,35.8330278874228,8.19542651219249,31.0768774764644,19.2697730876527,27.9591378820461,16.6176071553709,24.3642683509463,25.8470393021606,22.8814509642719,8.68936479439343,7.74666119557541,1,1,1,1,9.86977151185525,33.2835583192379,9.33672906715699,33.6403786189172,17.5708703506124,25.4976042283409,17.8873070915214,26.1365046821744,23.4137868073826,24.3036495517602,7.92673387772843,8.24919759065296,1,1,1,1,9.53277437880147,36.5610354629591,7.80686600228624,31.6345431567143,18.253455428518,27.7003347183759,14.8756205608368,22.9629689510404,27.0282610841576,23.827677154428,9.44687928985794,8.08734839020362,1,1,1,1,9.88492012856707,36.1693372665599,6.75341739835458,32.9718401897453,18.9026121878998,28.0981190458903,15.8651254278998,24.97405537397,26.2844171379929,26.2184227913907,9.19550685799046,9.1089299460702,1,1,1,1
335,500,3,1,"L'Ecuyer-CMRG","10407_-888177029_-1487547114_1618041645_-2038707499_-524384907_29715403","10407_-813705002_-1443149851_-372778782_1229163082_2007514092_-1445586886",1740739638,688523196,893617938,2021381623,1248178191,1045568322,1968606852,94.1620000000003,7.16400000000067,5.75,2.79800000000068,2.1239999999998,488.732,1,NA,"d7fd2b8c6425","not-a-git-build","bbd3d4119dab4c61438d29ca56ae93a0","confirmatory",623.271999999999,7.516861117707,7.71595558774695,2.26717668313901,-1.8371187219599,22.6399662134368,18.3636723451101,56.5032010628954,59.5359706320833,5.1400901125692,3.37500519857558,4.51012634004015,4.45142610610979,0.646,1,0.559,1,14.6050418780502,44.6828818961991,13.322622491229,38.9602699849016,7.10170133870088,7.61161426842056,3.10893443511339,-2.72082083068955,23.4817239654112,17.4799702363804,50.4341619041059,57.9366717712235,9.66547332183382,7.4028659927142,4.28688740311978,4.45595102358096,0.667,1,0.628,1,14.7412559298798,43.4012707227564,14.064123589045,42.4419271317586,8.27046530388863,8.37802120334285,1.40975508324145,-1.38336675801385,21.7825446135392,18.8174243090561,68.4005963428257,70.1912392836623,1.98740939472511,1.91370358717776,5.14200153646763,5.22541933812852,0.696,1,0.75,1,17.8737903985442,55.8952142142316,19.5169562017895,58.0349810389739,8.90474243472194,10.3776746238907,2.34162628748319,-0.639134057635889,22.714415817781,19.5616570094341,79.2944378287376,107.696130599344,5.48321367023229,0.408492343630116,5.4374669430099,6.06624327584592,0.679,1,0.598,0.999,17.8490828219143,57.1877294708942,18.3478059258828,55.4772329651801,12.698855051709,33.1889779848325,7.30103857858026,30.240373534673,19.0211499306094,26.0088965811405,14.4962950702037,22.3281343372377,20.4901229331235,22.9393349560927,6.98774665053111,7.83183926703399,1,1,1,1,12.4630849279335,33.5510775736853,7.60223634649216,28.741073765064,20.0770029026888,27.4369842917474,13.717636542236,21.024049960276,21.0879926457518,21.1388374185719,7.35998138905858,7.30641341803998,1,1,1,1,10.7254430233586,32.8708588602549,7.64047715397462,30.8356053655581,18.0616357921104,25.4182750991646,14.6127494172063,22.6757440421734,22.1454158368962,23.1951282115835,7.35663930705416,8.06299462496714,1,1,1,1,10.1623261802682,34.2404605468506,7.69785231999587,30.5194781123929,18.9074062417367,26.8659189523846,15.3450860788885,24.0020725090006,24.0781343665823,22.8216257923971,7.95851271064783,8.65698643011206,1,1,1,1
336,500,3,1,"L'Ecuyer-CMRG","10407_1422090859_-1563939937_261749064_-228136178_-672907838_-1738040507","10407_-981717338_433888078_1560901910_1699142125_-469447571_-1094826861",893617938,2021381623,1248178191,1045568322,1968606852,1131380644,1480014641,93.4439999999995,7.83300000000054,6.38500000000022,3.27899999999863,2.46299999999974,486.040999999999,1,NA,"d7fd2b8c6425","not-a-git-build","bbd3d4119dab4c61438d29ca56ae93a0","confirmatory",622.419,7.95304273861053,10.0619310230881,-5.28794517118992,-2.32461588970476,14.7018279999055,17.6661878285774,63.2508888021657,101.242455913383,27.9623641335108,5.40383903466785,4.54484841374849,5.78895602779693,0.58,1,0.377,0.945,13.2533361973068,41.4264198268803,12.1034415383105,37.8625520312722,5.6703471445352,11.281157944711,-0.543494972434324,-3.4425245796923,19.446278198661,16.5482791385899,32.1528367395385,127.264524573517,0.295386785061387,11.8509754817856,3.75565423246422,6.34084616283334,0.822,1,0.442,0.961,15.3846083547473,45.8349881243186,14.8367516012368,42.5140745786775,6.41016763566949,15.7395978178959,-1.37961011244122,-6.49526007166859,18.6101630586541,13.4955436466136,41.0902491173846,247.734939469112,1.90332406235008,42.1884033986123,4.63379384246539,8.5806905184677,0.878,1,0.446,0.95,19.6520132498626,61.0923581311988,19.7719802820165,57.5748580949231,6.94582784442085,15.4205828389091,-5.13059717020259,-5.21312035201794,14.8591760008928,14.7776833662642,48.2445244443319,237.794375091658,26.3230273228908,27.1766238046237,4.56406344635719,8.49274546294812,0.816,1,0.394,0.926,18.1906883474856,55.4607678030033,18.2532287674569,51.5312990883934,2.11157200419686,26.800602432233,6.2786856408612,29.1413725981916,10.6831045794456,18.6654530983269,13.6425524359841,21.6195159597213,24.6890304280361,22.8626869573304,7.98234851888123,7.97696352373717,1,1,0,1,8.64021484334436,29.3973820493984,5.77565796131114,26.0551345885246,16.0303843478154,22.8762753387496,13.0264314374442,20.3061266368166,20.757167206054,20.2794766272135,6.84589099093413,7.27969519937239,1,1,1,1,6.81383079007657,30.8849108077642,2.8140412758214,25.130673293391,14.557313667212,22.2690481191764,9.44804851496072,17.3838016909444,24.0710800176877,22.3166320175696,7.71173445196434,7.93575317598371,1,1,1,0,2.03071124013725,25.8334822619558,2.04666477822276,26.8375547960145,10.9141252098284,19.0319553236089,10.6246545759015,19.2053100140457,23.8027710218185,24.7908900177917,8.11783011378047,8.58065543814423,1,1,0,0
337,500,3,1,"L'Ecuyer-CMRG","10407_-181772926_-1240317340_-298051806_-1980416407_-520231261_459186745","10407_1266271819_1923212685_328806189_-1784938907_-1672330969_327662280",1248178191,1045568322,1968606852,1131380644,1480014641,726714741,493595820,95.5669999999991,5.78999999999905,7.42100000000028,2.09700000000157,3.60099999999875,489.103000000001,1,NA,"d7fd2b8c6425","not-a-git-build","bbd3d4119dab4c61438d29ca56ae93a0","confirmatory",627.028999999999,10.916103077914,13.3693913920037,5.56545607483226,8.4615020190903,25.7762071153394,28.5164376245293,119.161306407644,178.740626192582,30.9743013208873,71.5970164190693,6.26265773283196,7.78125458540986,0.454,0.955,0.337,0.84,14.1394512684058,45.256388173529,12.7435979776098,38.1689654850665,10.4444482761415,14.138735585973,4.70975293583649,8.99125270828977,24.9205039763436,29.0461883137288,109.086499792994,199.903843970059,22.1817727166204,80.8426252643281,5.94960879381387,8.32369465585508,0.497,0.97,0.367,0.814,14.5760212349331,46.0770917903628,13.8167206207959,40.6144424975021,10.5490271521517,14.1213961075065,4.9065661418623,8.3805514573574,25.1173171823695,28.4354870627964,111.281973856833,199.413828025101,24.0743913044695,70.2336427294152,6.3903087351505,8.09213278287733,0.599,0.989,0.425,0.899,18.3544968773068,62.0402466999342,16.0452899583589,49.0634106964893,11.3257254762108,16.4942152736217,4.62141958137936,10.2199516858247,24.8321706218865,30.2748872912637,128.27205756249,272.059137492577,21.3575189471566,104.447412460591,6.63382351461868,9.51706147923442,0.549,0.985,0.427,0.893,18.481126523284,59.0329458954812,18.8879927818806,58.5942090137921,13.8763364427737,39.0657704691137,17.8108605605983,39.636918166764,21.3625600375934,29.8574689518795,24.6756088030625,32.0965034857272,25.18943402634,21.8260576061657,8.49490891428609,7.4208946826647,1,1,0,0,14.2355026424054,36.5004009411392,18.3843920000451,41.4150969274155,20.8524090532283,28.6932258865343,24.598422845259,32.7662677349167,22.2648982987338,23.0307049273703,7.84081683330602,8.16784488965771,1,1,0,0,13.9627500515728,36.6602368009892,16.0829988919298,39.5843834521004,21.1598892106167,28.7425530498651,24.5187297344791,32.9023359139154,22.6974867494164,23.5013845601706,7.58266383924845,8.38360617943632,1,1,0,0,13.1458114089752,37.1447218629771,18.0532898944423,42.2220209436253,20.8503420280613,28.9824963765501,26.0180405138952,34.0801113320676,23.9989104540019,24.168731049183,8.13215434848876,8.06207081817249,1,1,0,0
338,500,3,1,"L'Ecuyer-CMRG","10407_654865144_-803277195_-648493473_642730531_1030296708_287634570","10407_-892689424_-394203274_-1330642243_-1960235014_-529907016_957702074",1968606852,1131380644,1480014641,726714741,493595820,888716214,1872965192,92.3420000000006,6.41100000000006,7.99599999999919,2.44099999999889,2.83100000000013,497.354000000001,1,NA,"d7fd2b8c6425","not-a-git-build","bbd3d4119dab4c61438d29ca56ae93a0","confirmatory",636.161,11.5006961378424,10.0497096377497,-10.0443186788026,-6.50862270311894,10.1331446033282,13.0648993070153,132.266011654983,100.996663803078,100.888337721342,42.3621694915552,6.67001656266268,5.77218409043262,0.344,0.994,0.413,0.949,15.4837541591589,45.9799059042016,11.8046479338252,36.8364633528531,10.3987881357678,9.05965804018618,-8.74693579561147,-5.08877899272515,11.4305274865193,14.4847430174091,108.134794692586,82.0774038051101,76.5088858125493,25.8956716368008,6.02258185951675,5.17412747765425,0.444,0.999,0.509,0.973,15.911957777221,46.3603323131056,13.3090894782213,38.5234939844406,10.3841043839701,9.99145325216903,-7.94700629876304,-5.97981482304752,12.2304569833677,13.5937071870867,107.829623857188,99.829138090279,63.1549091125794,35.7581853179388,6.25404792546022,5.88421101543532,0.637,1,0.603,1,21.0934071274982,62.5255220399992,18.3378945447005,57.3140237617285,9.66949307945346,11.169482819186,-6.76662229123663,-5.29275370753121,13.4108409908941,14.280768302603,93.4990964135984,124.757346448092,45.7871772322605,28.0132418085853,5.77351696831447,6.44223385169577,0.739,1,0.54,0.992,21.0489052906529,63.9215133309495,16.3803756744498,54.650223732398,-1.66937519573506,20.8236996577977,0.588394916175602,24.7819853958775,6.37362737707828,13.7038541896038,9.72438460157434,16.3287971060712,22.4930748535327,24.1935904797019,7.33022681252547,6.60441250449688,1,1,0,0,1.02731819881381,22.1940713731499,3.6422270713214,25.8144186599721,7.08133904224655,15.6926932123044,10.2159433696237,18.6306991686288,21.1667531743361,22.1721915886507,8.61135417005783,8.41475579900507,1,1,0,0,-0.358861078349268,23.9815007651811,2.24844228205892,24.2839021231394,8.04482802561673,16.5122501983778,9.54406590901537,17.6967943121937,24.3403618435303,22.0354598410805,8.46742217276104,8.15272840317836,1,1,0,0,0.509881679465199,27.281738301294,2.45661763893079,25.7002464416648,8.75702871351183,18.4702905235235,10.2935761520516,18.2113721904277,26.7718566218288,23.243628802734,9.71326181001169,7.91779603837609,1,1,0,0
339,500,3,1,"L'Ecuyer-CMRG","10407_-1165410654_1934365486_-356423383_1989863023_927460308_-1023880143","10407_-178729000_-1255743197_1194784737_1129091884_1678452384_827480663",1480014641,726714741,493595820,888716214,1872965192,435688580,55961268,93.2219999999998,7.51499999999942,5.93400000000111,2.48899999999958,2.10199999999895,499.201000000001,1,NA,"d7fd2b8c6425","not-a-git-build","bbd3d4119dab4c61438d29ca56ae93a0","confirmatory",634.128999999999,9.05381613592235,8.42927516441351,-4.03126732425402,-1.89389018117995,15.7747047939891,18.1490205718931,81.9715866230878,71.0526797973984,16.2511162395982,3.58682001836983,5.17712780175332,4.84009591970042,0.561,0.995,0.531,0.998,14.7602235877888,44.3316369091113,13.4824462690716,41.1344206821923,8.79856286244176,10.4317030802371,-3.87521718071849,-0.801617866846666,15.9307549375247,19.2412928862264,77.4147084443393,108.820429154228,15.0173081977357,0.642591204447799,5.05510530296132,5.95778547770936,0.544,0.995,0.522,0.98,14.1945554516397,41.9974998714445,15.7351566126625,45.9532414392195,8.81625226270068,12.0087405106157,-3.64043701920477,-4.423129565401,16.1655350990384,15.619781187672,77.7263039595749,144.209848651303,13.2527816907965,19.5640751523244,5.05303674476889,7.00671090055592,0.52,1,0.58,0.977,13.3061929174815,45.7498932721542,19.7803447395838,60.5936228198748,9.47087850086163,10.5806440129237,-3.86066348700073,-1.78754703350306,15.9453086312424,18.25536371957,89.697539578083,111.950027728218,14.9047225598606,3.19532439698559,5.51435658184557,6.10755765709716,0.533,0.998,0.544,0.996,14.5268504828171,50.3125892152941,17.6689844517376,56.8196043964045,2.4330892734485,29.7753650726749,5.72153485900905,29.5849184008601,10.9946653581304,20.6021658339193,14.0760028743659,22.2514598420563,27.3422757992264,23.8633835418511,9.6075004757889,8.17545696769044,1,1,1,1,2.69976846462078,29.1438750207617,8.08387058649708,31.5083486445189,10.6265144039074,20.7642006647018,14.7533205712342,23.3296914722443,26.4441065561409,23.4244780580219,10.1376862607944,8.57637090101012,1,1,1,1,3.86541846012348,29.0766700022547,2.22441836868522,27.1984198295739,11.5675882815075,21.3396864622356,11.4476159045197,19.9138074805994,25.2112515421312,24.9740014608886,9.77209818072804,8.46619157607973,1,1,1,0,4.68117494780096,27.6980201970822,7.06465137846148,29.7338610835142,11.8185271233959,19.9780889439057,14.3295387718151,22.5094089018464,23.0168452492813,22.6692097050527,8.15956182050988,8.17987013003129,1,1,1,1
340,500,3,1,"L'Ecuyer-CMRG","10407_-1945317541_-693280054_-93255609_1244811802_1297909260_1567838472","10407_562788282_841739949_-1090092754_1403917369_-1291463198_-434917384",493595820,888716214,1872965192,435688580,55961268,366938633,1695112644,92.8950000000004,6.3080000000009,6.95199999999932,2.45000000000073,2.46399999999994,492.822,1,NA,"d7fd2b8c6425","not-a-git-build","bbd3d4119dab4c61438d29ca56ae93a0","confirmatory",629.249,18.6851185208018,8.52997518099476,-17.5079366566058,-4.60392167902779,2.8231110925545,15.1474542083816,349.133654136409,72.7604765883865,306.527845971721,21.1960948266221,12.1518158409803,4.84515213939184,0.057,0.745,0.468,0.993,14.6812751943851,43.9504790617641,12.2855321071805,35.9141286949645,17.9665769658415,6.40973810061642,-16.5946892629963,-2.17707621700542,3.73635848616397,17.5742996704039,322.797887869506,41.0847425184938,275.383711735406,4.73966085465064,11.6499537394112,3.90434127973028,0.089,0.754,0.673,1,13.9506371087023,43.2628509376795,13.8516385701554,40.934619688561,19.5942745682483,7.35055039444856,-18.3747713102622,-3.02460190011773,1.95627643889814,16.7267739872916,383.935595855904,54.0305911013279,337.632220704434,9.14821665419578,12.500698956446,4.58615404351825,0.094,0.818,0.692,1,16.6792636041293,55.1027306468032,15.7568345634174,52.3781441066438,19.9239780841695,10.8359787190994,-19.1762006767178,-6.53727826815666,1.15484707244246,13.2140976192527,396.964902698467,117.418434800775,367.726672393754,42.7360071553134,13.0604976426624,6.16417984866479,0.016,0.802,0.46,0.994,14.9658122798042,52.2062580886434,15.710966873251,47.0640304773894,-8.86735290332089,14.8295244630632,2.52583327272945,27.0163697861718,-1.53311398015789,7.20268889849494,11.1275855727551,19.025447245013,23.6968773663841,24.4905365134423,8.73580287865283,7.89786167225787,0,1,0,0,-6.35462519508671,15.2390536057769,6.77611844071473,29.4007247699155,-0.0608623783379064,7.66907526221216,13.4659887593107,21.9573855436394,21.5936788008636,22.6246063292008,7.72993764055007,8.49139678432875,0,1,0,1,-10.9853532695416,13.177090746881,4.54828542409512,28.5593340898128,-2.07890462513804,6.56599434211325,12.8943543661641,21.1448545283975,24.1624440164225,24.0110486657177,8.64489896725129,8.25050016223343,0,1,0,1,-10.2023165633332,12.5635746480185,1.44446587324197,24.7493847885684,-2.65661785933893,4.93975704256847,8.83751459483771,17.2935043942349,22.7658912113518,23.3049189153264,7.5963749019074,8.45598979939717,0,1,0,0
341,500,3,1,"L'Ecuyer-CMRG","10407_1174930061_1046339383_-2099568461_1660034384_-407234880_-1629792316","10407_1058246275_-1654585672_1101325899_-1147734331_-1537943153_-110447958",1872965192,435688580,55961268,366938633,1695112644,1693818805,600259880,90.5399999999991,6.86100000000079,6.9950000000008,2.09199999999873,2.09000000000015,493.074000000001,1,NA,"d7fd2b8c6425","not-a-git-build","bbd3d4119dab4c61438d29ca56ae93a0","confirmatory",625.967000000001,15.6933361439466,8.82617925151852,12.9146829402143,-3.23359687301721,32.3898221149292,16.6759391583355,246.2807993269,77.901440179936,166.789035446263,10.4561487371867,9.52313323225375,5.09815106649404,0.24,0.838,0.433,0.997,13.8867454887562,42.7080067339458,12.9603589323035,38.513881015261,14.0473393561084,10.1139960603686,11.6756991431098,-6.3905092628389,31.1508383178247,13.5190267685138,197.327742985672,102.292916309151,136.321950480415,40.8386086384297,8.41068033368396,5.83300452408344,0.279,0.86,0.465,0.994,13.785286499912,42.2020620625156,14.3165995187002,42.6138106367833,12.7857180820376,9.26543687566107,10.1165939670488,-5.67107004274341,29.5917331417637,14.2384659886093,163.474586873343,85.84832049686,102.345473494128,32.1610354297018,7.45649396731506,5.43783455233369,0.362,0.97,0.596,1,15.8132906157042,51.9355177217755,16.1288249809382,51.9405871437647,15.227127827079,10.9875805582295,10.7359659054405,-5.55056022713235,30.2111050801554,14.3589758042204,231.865421862203,120.726926523583,115.260963922781,30.8087188350235,8.81151918240852,6.46447621392959,0.432,0.973,0.53,0.993,21.1546484329441,66.2870027309245,17.2845080139189,52.6509151293599,21.3013757418135,43.5735010130285,7.20750923700678,27.3830006809042,28.3110721231211,36.3139064821239,13.570808103983,19.6060452871609,22.272125271215,20.1754914438974,8.00283435900279,6.03523718317794,0,1,0,0,19.280706879054,42.0997054350181,1.37108578843855,24.7485483967948,26.9323330944384,35.5137539035422,9.54168436056451,17.9362613184115,22.8189985559641,23.3774626083562,8.58142080910385,8.39457695784696,1,1,0,0,18.3996200890794,40.4194186342665,2.00121378707986,24.9290608773428,25.6791499519435,33.60078916931,10.4574410448985,18.1459094963068,22.0197985451871,22.9278470902629,7.92163921736652,7.68846845140827,1,1,0,0,17.67049351342,41.8288355254334,1.38740599673478,25.303530386354,25.8348768497442,34.7573002757707,10.3239343282574,18.6118066441441,24.1583420120133,23.9161243896192,8.92242342602642,8.28787231588672,1,1,0,0
342,500,3,1,"L'Ecuyer-CMRG","10407_1599014170_-778004449_1078807366_-432509563_852424510_1717449872","10407_-626441973_1767487116_123983932_-955744070_1711422675_434107564",55961268,366938633,1695112644,1693818805,600259880,605628789,1485780512,94.1800000000003,7.04299999999967,6.38799999999901,2.76699999999983,2.43500000000131,490.518999999998,1,NA,"d7fd2b8c6425","not-a-git-build","bbd3d4119dab4c61438d29ca56ae93a0","confirmatory",627.841,9.41399803299934,13.0284104859639,-5.31073712131954,-8.81141922153423,14.7852451021652,11.4516212251077,88.6233589653154,169.739479790774,28.2039287717613,77.641108697623,5.36615566629568,7.54367727905315,0.502,0.969,0.393,0.848,13.5862680953466,40.4806235101949,13.9268422683226,40.3953348857003,13.3216504484735,11.6548273308099,-10.0373051282715,-6.45759597616551,10.0586770952132,13.8054444704764,177.466370671313,135.835000110994,100.747494238026,41.700545791389,7.73557036933433,6.63607786657095,0.385,0.869,0.425,0.951,14.4898009474834,43.7211613618065,14.4503937525844,44.1755869243762,15.0621323721878,15.4094525805616,-6.22824801576343,-10.5480650199676,13.8677342077213,9.71497542667433,226.867831597308,237.451228832577,38.7910733458611,111.261675665465,8.85763804298892,8.78950832294052,0.429,0.977,0.424,0.939,20.2579672110357,62.6009766066038,18.875642255673,59.4745870708617,14.938231010537,12.7396735622466,-7.97153721281188,-8.48354604773688,12.1244450106729,11.7794943989051,223.150745724169,162.299282472604,63.5454055352446,71.970553544072,8.39574142479399,7.23498968048701,0.468,0.978,0.488,0.962,18.8182279553014,62.3142784852764,16.7401964640831,54.3929263226551,1.16823949010105,26.4572355100492,-0.29834686249562,23.7022892892362,9.93422601048467,19.9096080804166,6.99159367596735,15.5309349058981,25.2889960199482,24.0006361517318,9.9753820699319,8.53934122993077,1,1,0,0,-1.99651538773932,21.1768482583446,3.64324136854657,24.9229535189241,5.96550247530185,13.9148350199083,9.97940971587279,17.694432892954,23.173363646084,21.2797121503775,7.94933254460648,7.71502317708119,1,1,0,0,0.244072784970721,27.6895893242198,-1.81429522548307,23.1976462385024,8.84518287297653,18.4923657096761,5.50602636889679,13.7993683963879,27.4455165392491,25.0119414639855,9.64718283669955,8.29334202749109,1,1,0,0,-0.581591716121366,24.8128309684906,-0.295710338213499,24.5194382361233,7.63496516717689,16.58271517358,7.18796973971928,16.1526160059204,25.394422684612,24.8151485743368,8.94775000640315,8.96464626620116,1,1,0,0
343,500,3,1,"L'Ecuyer-CMRG","10407_-443016572_698284613_1469865394_830023288_1689309894_-1407875095","10407_1657005628_784934418_-183528660_-997101928_-1524598611_-157762894",1695112644,1693818805,600259880,605628789,1485780512,31773189,1621788331,93.3799999999992,7.33600000000115,5.98199999999997,2.49599999999919,2.11599999999999,490.217000000001,1,NA,"d7fd2b8c6425","not-a-git-build","bbd3d4119dab4c61438d29ca56ae93a0","confirmatory",626.710999999999,8.53022554262011,10.1001139620579,-4.90404931190736,3.75734776021913,15.083877523857,24.0551358727738,72.7647478079686,102.012302046557,24.049699653619,14.1176621912237,4.92807482755936,5.74951497987912,0.533,0.993,0.481,0.95,13.6519727873074,42.5276520086942,13.6838629685185,39.9190291617094,6.1231537523962,10.8660108009362,-1.41817426107573,4.84522568823631,18.5697525746887,25.143013800791,37.4930118754836,118.070190726062,2.01121823477768,23.476211969945,3.92136473566357,6.16707881306918,0.748,1,0.463,0.932,15.0913830436283,45.6291378758747,13.6829254543061,40.6064047013982,7.78416548381192,9.18338851992578,-3.77347325621411,3.55284496302071,16.2144535795503,23.8506330755754,60.5932322793689,84.3346247079046,14.2391004153631,12.6227073312617,4.99696646437213,5.34159247371367,0.754,1,0.613,0.99,18.5584883097582,59.4577325909711,15.8108171133056,52.2595964226305,7.94363409187625,10.8054996180209,-3.12217954416993,4.41046140814302,16.8657472915944,24.7082495206977,63.1013225856186,116.75882199505,9.74800510603318,19.4521698327189,5.10006367076989,6.12385712820496,0.741,1,0.562,0.995,19.34614017502,59.2241598755903,17.0003306323254,53.140050795294,2.93956060451621,26.5295577249862,12.6306157182374,36.1968098662314,11.258333732138,19.1251473819106,20.0785034652984,27.87419883419,23.58999712047,23.566194147994,7.86681364977258,7.79569536889165,1,1,0,1,7.22834186957384,29.5409774074266,14.6529888393872,35.4207560817046,14.6065664390514,22.8133772188837,21.4658161113199,28.6981709974564,22.3126355378528,20.7677672423174,8.20681077983236,7.23235488613653,1,1,1,0,5.55733850867267,26.8050222683082,12.6356872287152,37.2570392824848,12.5683751086062,20.0945272681412,19.1714882343163,27.8935587919666,21.2476837596355,24.6213520537696,7.52615215953505,8.72207055765025,1,1,1,1,5.69653873276658,27.2244028322213,12.7577764385284,37.4332108935488,13.1165347139077,20.3525832774524,20.3759617597173,28.7807723296085,21.5278640994548,24.6754344550204,7.23604856354464,8.40481056989115,1,1,1,0
344,500,3,1,"L'Ecuyer-CMRG","10407_920875671_1582957605_1504762910_468243444_-1472628945_-39147380","10407_-590699392_2015796029_-2130849162_-1970547719_-1985018719_1462759029",600259880,605628789,1485780512,31773189,1621788331,1178938453,1007478810,93.5879999999997,6.22500000000036,7.59200000000055,2.41699999999946,3.29099999999926,489.834000000001,1,NA,"d7fd2b8c6425","not-a-git-build","bbd3d4119dab4c61438d29ca56ae93a0","confirmatory",626.817000000001,10.8243903731385,12.2428314671701,9.68904685840945,-7.09164464838421,29.6117386506498,12.8339043796367,117.167426950094,149.88692233353,93.8776290244541,50.2914238189563,6.45540357873113,7.2409536476814,0.324,0.982,0.347,0.846,15.072651097473,44.3682170460075,12.6919795044502,37.3141575007073,12.5827652527649,10.2041216045161,10.1929661416233,-3.69306213715802,30.1156579338636,16.2324868908628,158.325981406188,104.124097719753,103.896558764278,13.6387079489102,7.39298605719828,5.84122767328854,0.451,0.952,0.43,0.975,16.2378384082731,47.1634886190861,13.4391376247014,40.9404421038923,11.2186221898327,11.9640352705251,8.63532564975569,-5.80440577362811,28.558017441996,14.1211432543928,125.857483838207,143.138139954368,74.5688490773285,33.6911263849273,6.5083129361095,6.86525148606622,0.505,0.986,0.442,0.958,18.6125747931148,54.9865797201592,15.8543643748469,51.2319369399063,11.3135947496101,12.1334800165613,8.84575555081687,-4.19110402020818,28.7684473430572,15.7344450078127,127.997426158406,147.221337312292,78.2473912648075,17.5653529082052,6.77437580979157,6.95603360446361,0.572,0.99,0.441,0.96,20.1766961824195,59.6254585364086,15.7480852060241,52.1388857409483,18.7128447110841,39.2574643911925,2.45649213548956,22.7185465448597,25.9834694075269,33.420780758772,8.7436977363113,16.9913836279928,20.5446196801084,20.2620544093702,7.43731135124511,8.24768589168148,1,1,0,0,20.2986273069355,41.5045582489053,4.40441668663721,29.455656296705,26.5085627328924,33.5878172511366,11.764012549345,20.577877788215,21.2059309419698,25.0512396100678,7.0792545182442,8.81386523887003,0,1,0,1,17.5386432299926,39.3364917306818,2.08101977239221,25.1818073707008,24.4401957711317,32.6788856258562,10.0057945081658,18.0620404073479,21.7978485006892,23.1007875983086,8.23868985472451,8.05624589918203,1,1,0,0,17.080018195251,41.0766944294455,3.39708989239846,28.4040287177717,25.1229911440832,32.2246691757556,11.792966378566,20.0196265319281,23.9966762341945,25.0069388253733,7.10167803167237,8.22666015336208,1,1,0,1
345,500,3,1,"L'Ecuyer-CMRG","10407_800486504_1551021472_-821074278_1164802130_1864281198_1734853697","10407_1255503472_-961275041_230435052_2033460832_1014819160_-1521618544",1485780512,31773189,1621788331,1178938453,1007478810,193768467,327281006,94.6150000000016,7.04200000000128,5.83300000000054,2.41400000000067,2.10299999999916,488.107,1,NA,"d7fd2b8c6425","not-a-git-build","bbd3d4119dab4c61438d29ca56ae93a0","confirmatory",623.625,12.4026635505109,9.00184164523108,8.0049917361478,3.20853564349707,28.2551588701456,22.5455482576575,153.826063147171,81.0331530058166,64.0798926957946,10.2947009755911,7.10668038236003,5.22005384803582,0.41,0.908,0.544,0.995,14.7405196021973,43.1315773493721,14.8473005775467,43.9857755397384,14.1460708856635,8.49063676074271,9.01560778518802,1.31049900164805,29.2657749191859,20.6475116158085,200.111321502217,72.0909126028755,81.2811837363429,1.71740763332055,8.18923822451262,4.98709862083503,0.377,0.881,0.617,0.998,15.1839047110137,45.0579896453768,15.8395681253394,46.5177522471635,14.6017923498427,16.9454625646725,8.33881069040125,2.05414206454902,28.5889778243991,21.3911546787095,213.212339827926,287.148701530716,69.5357637303501,4.21949962134971,8.33744590905902,10.268503956596,0.406,0.905,0.239,0.951,17.3118279053941,52.749100618471,19.8781229915593,60.8419189173619,13.2632410756361,8.63879020032854,7.43210019279196,0.543069127841751,27.6822673267898,19.8800817420022,175.913563830441,74.6286961252924,55.2361132756983,0.2949240776148,7.56789757892091,5.17051937626107,0.468,0.927,0.572,0.999,17.2687963199784,52.7984893907299,15.4667672971424,51.9399721276075,17.6245647902758,38.4772586491953,11.9273312108847,33.6248451714991,24.1831164507951,32.5031091857361,18.7505925353747,26.0747842697541,20.8526938589195,21.6975139606144,8.31999273494106,7.32419173437944,1,1,0,1,19.121923720259,39.896711091071,9.51830809959941,32.5450473334691,25.4797840020707,32.8526203408137,16.7134925553714,24.5665116418535,20.774787370812,23.0267392338697,7.37283633874307,7.85301908648213,1,1,0,1,17.2294128755168,39.0966258112474,9.46198607314207,32.2662307759616,24.5846485580538,32.7603338084595,17.2594571312538,25.4499118071419,21.8672129357307,22.8042447028196,8.17568525040571,8.19045467588815,1,1,0,1,15.9549090368588,40.0082465414945,8.97011800507569,30.1018786277308,23.5519217503213,31.9050874706559,16.0974538265933,23.5440215169241,24.0533375046357,21.1317606226551,8.35316572033458,7.44656769033083,1,1,0,1
346,500,3,1,"L'Ecuyer-CMRG","10407_-922161908_477654418_-1018981413_-754342412_1796087059_-1317162676","10407_-1389350535_1340481445_1630302011_-2126397262_-729925956_-892470404",1621788331,1178938453,1007478810,193768467,327281006,1255280492,1863016181,92.2999999999993,6.42300000000068,7.81900000000132,2.3700000000008,2.60900000000038,486.037999999999,1,NA,"d7fd2b8c6425","not-a-git-build","bbd3d4119dab4c61438d29ca56ae93a0","confirmatory",624.382000000001,9.18594653743801,5.63482265834628,4.99644245312687,-1.18906402475642,25.3584423910598,19.3991497419215,84.3816137886693,31.7512263910126,24.9644371874085,1.41387325496994,5.37289951012162,3.78648955471895,0.581,0.988,0.815,1,15.3892997986512,45.6814992419446,15.6443378994269,46.3013087282946,10.4037241753366,7.62828638881132,6.72174203379751,-0.443322399684302,27.0837419717304,20.1448913669936,108.237476716484,58.190753229724,45.1818159689203,0.196534750061848,6.05342524630699,4.62984276664049,0.553,0.99,0.681,1,17.3348072674608,49.7487611321616,16.1378343290317,47.8068916591877,10.3702775644927,17.0481935016536,6.72936933973444,-2.349008456221,27.0913692776674,18.2392053104569,107.542656764621,290.640901669825,45.2844117105579,5.51784072739777,6.18298404349532,9.21298912830479,0.638,0.994,0.496,0.965,19.1602193505861,61.2660322189957,22.6594193702863,65.8471973660117,17.1421925141858,10.5172017687827,6.56466488158947,-0.115241237468815,26.9266648195224,20.4729725292091,293.854764193408,110.611533045286,43.0948250075741,0.0132805428133439,10.0994962014992,6.29116541824875,0.465,0.927,0.733,1,23.1188982440554,70.4979748473481,22.6620549838894,65.5196470176566,13.7916033318536,37.0585163363735,8.96136361353759,30.9760449498807,20.9721755637936,29.4447792176886,15.2055409936024,23.1807631868549,23.2669130045199,22.0146813363431,8.47260365389497,7.9752221932525,1,1,0,1,13.2901131882584,39.4827511651659,10.2987356162384,31.7229049508493,22.7717022023262,31.6550557027447,16.1993553011535,23.6797097870829,26.1926379769075,21.4241693346109,8.88335350041845,7.48035448592938,1,1,0,1,14.8530107795974,38.8315779079827,5.85527654230605,32.0235908259804,23.2617495513057,31.0433706216977,13.5145733862455,22.9697027441071,23.9785671283852,26.1683142836743,7.78162107039197,9.45512935786162,1,1,0,1,14.1431746988006,39.1514554300575,8.6672849815401,33.4727111511334,22.9341587899522,31.0090152310928,15.9353204258855,24.7601399737397,25.0082807312569,24.8054261695933,8.07485644114064,8.82481954785421,1,1,0,1
347,500,3,1,"L'Ecuyer-CMRG","10407_-1936632201_729004863_-338191954_398236852_1224508858_935669108","10407_-964615169_873097619_1195468948_1050340387_46111958_-280541484",1007478810,193768467,327281006,1255280492,1863016181,1879456658,175669677,93.485999999999,5.71100000000115,7.40900000000147,2.07699999999932,2.11599999999999,490.554,1,NA,"d7fd2b8c6425","not-a-git-build","bbd3d4119dab4c61438d29ca56ae93a0","confirmatory",627.012999999999,8.06629493805611,8.51893070608793,1.51124308117631,3.38364869608795,21.3279982201251,23.1572384148528,65.0651140277096,72.5721803751279,2.28385565040328,11.4490784985377,4.65808430731034,4.83152664407058,0.574,0.999,0.423,0.992,13.5084822718352,40.8863034017026,11.7352060351067,33.6812711559473,7.79334430531995,9.11377657249158,3.32452833137395,3.07438420006488,23.1412834703228,22.8479739188297,60.7362154612629,83.0609234132963,11.052488626108,9.45183820960855,4.57237346819809,5.21436144615111,0.635,0.999,0.432,0.981,14.3735586536925,45.1562417920073,12.5765797419522,37.0578175611393,9.5786449139767,9.13495334616267,0.916397273460252,2.06021899605209,20.7331524124091,21.8338087148169,91.7504383880518,83.4473726365687,0.839783962805383,4.24450231169388,5.96923528435927,5.29993663310456,0.759,1,0.504,1,22.8863963281587,66.141786512269,14.4635911497007,49.8208042834816,9.34656551580367,9.44749957585404,3.43902421253902,4.24789361310243,23.2557793514878,24.0214833318672,87.3582869412103,89.2552482357623,11.8268875344296,18.0446001482365,5.83404135346238,5.65795084062931,0.784,1,0.632,1,21.910889336045,68.3535742154409,18.0639971422638,61.5930857878083,10.1242676025238,33.1620576886051,11.9546589425688,34.1114530266175,17.5632485773202,25.2093904586807,19.2849655070427,27.1687326961722,23.0377900860812,22.1567940840487,7.64614188136053,7.88376718912945,1,1,1,1,12.2401269481025,33.9466554940412,12.5523189235434,33.1002866751404,19.3352398153315,26.7747621035193,19.5379575133743,25.9120221840332,21.7065285459387,20.547967751597,7.43952228818786,6.37406467065892,1,1,1,1,7.62275789253547,32.844653534028,11.6602960189761,32.9532509018805,16.3969972851641,25.7484232954701,17.9361558072346,25.4806134202581,25.2218956414926,21.2929548829044,9.35142601030594,7.54445761302355,1,1,1,1,10.8238411129598,35.9714374038711,12.7380380881839,35.6400746379754,18.9593866444759,27.3979563883117,20.0286500806817,28.146650257283,25.1475962909113,22.9020365497915,8.43856974383581,8.1180001766013,1,1,1,0
348,500,3,1,"L'Ecuyer-CMRG","10407_1879419573_-19094469_-1180807732_-1083091176_1606487628_1669573508","10407_146673149_1644094597_-1806078267_-119147599_108066933_2055589099",327281006,1255280492,1863016181,1879456658,175669677,1755870457,1313420908,98.860999999999,8.29099999999926,8.10299999999916,2.47500000000036,2.39199999999983,507.896999999999,1,NA,"d7fd2b8c6425","not-a-git-build","bbd3d4119dab4c61438d29ca56ae93a0","confirmatory",652.574000000001,9.58438989708304,9.71723692004834,-5.06827995475895,-0.223223942800885,15.1211920555327,19.6996354626517,91.8605296993075,94.4246933603505,25.6874616998114,0.0498289286395729,5.41083925430171,5.58228376864755,0.616,0.993,0.405,0.98,16.2111012251842,48.8680113617181,12.9519900373954,39.2773255153033,11.1749670096223,9.9790717775653,-7.33166513975478,-2.81673998053676,12.8578068705369,17.1061194249158,124.879887666148,99.5818735418002,53.7533137214954,7.93402411795424,6.3248015773279,5.67099871820533,0.538,0.993,0.455,0.984,17.3838873658911,51.8464196346629,14.0228130325584,42.067598396433,14.2915770145185,11.0360820357614,-8.15453142726616,-2.39811858842405,12.0349405830255,17.5247408170285,204.249173561915,121.795106700055,66.4963827982714,5.75097276414495,7.9582676238069,6.20034104109762,0.619,0.996,0.471,0.986,24.4954989191133,72.0370959754894,15.6690055582669,50.3587436098072,18.5212365765065,10.8713330349926,-9.4684942225902,-2.73893531717126,10.7209777877015,17.1839240882813,343.036204322922,118.185881957722,89.652382843224,7.50176667164802,9.7291273873233,6.31175312995843,0.528,0.979,0.562,0.989,24.3029146593,69.2476645730896,17.6727996505226,58.8847437356515,3.46939110188622,25.6394299951625,8.16411299271146,29.9804128692273,11.0987891711865,19.1660390541858,15.793188457718,23.3788381487912,22.1700388932762,21.8162998765159,8.0672498829993,7.58564969107321,1,1,0,1,0.241971865526701,25.5958550643276,5.937362153399,27.2449157983457,8.52142089262996,17.3192276471192,13.3655186129951,20.7872307498065,25.3538831988009,21.3075536449467,8.7978067544892,7.42171213681141,1,1,0,1,0.465404870785992,24.3594139398279,7.26770243324929,27.6449854929358,7.80410451889331,15.9827009477424,14.4809784623084,20.8557056033193,23.8940090690419,20.3772830596866,8.17859642884913,6.37472714101093,1,1,0,1,-2.36501166439459,23.4509202378185,4.23930272781556,29.0025480041491,6.87922464042252,14.3946802031584,13.1139809616469,21.1851901283956,25.8159319022131,24.7632452763336,7.51545556273586,8.07120916674866,1,1,0,1
349,500,3,1,"L'Ecuyer-CMRG","10407_1937405403_1798067319_175964552_-2013231549_913247447_1317049552","10407_1462427520_1436931365_-1644244637_-995128919_1548781376_-1323827736",1863016181,1879456658,175669677,1755870457,1313420908,720741349,934828904,96.8310000000001,6.09199999999873,7.57700000000114,2.13400000000001,2.09399999999914,495.93,1,NA,"d7fd2b8c6425","not-a-git-build","bbd3d4119dab4c61438d29ca56ae93a0","confirmatory",636.797,9.40706167816323,11.8138629973773,-6.18842280119651,-7.36966527044457,13.939818734544,12.5651109910726,88.4928094167672,139.5673589208,38.2965767663689,54.3119661983968,5.40243840792372,6.89940309568804,0.564,0.995,0.366,0.854,15.2211228899305,45.6639132619402,12.0490128101267,36.6343908491421,10.1540993525499,11.8918212400371,-5.09526797547105,-7.42701433020354,15.0329735602694,12.5077619313137,103.105733661455,141.415412404997,25.9617557418609,55.1605418610487,5.7314694218578,6.84980732872189,0.605,0.999,0.413,0.924,17.143137482559,51.7644183724116,13.8102898526813,41.1783687389148,12.555177579195,13.0680669820958,-5.15073679364414,-6.91496128774487,14.9775047420964,13.0198149737723,157.63248404512,170.774374648541,26.5300895173995,47.8166896110103,7.20427435029232,7.49305530666423,0.677,0.993,0.497,0.979,23.6216207876475,70.3895751263791,18.8309194492933,58.4491112443376,12.559838956151,12.5561140574313,-0.412936723020351,-7.80328574543873,19.7153048127201,12.1314905160785,157.749554604448,157.656000223224,0.170516737218786,60.8912684249673,7.06967285307609,7.2224576740041,0.656,0.999,0.481,0.967,23.1408694041407,71.2115489119561,17.541807310312,56.1868457248168,2.38873962000946,25.4608274546414,0.897763303302605,24.7390470659347,10.0091812280339,18.0528801127982,8.5313668865402,16.7465609361322,23.0720878346319,23.8412837626321,8.04369888476422,8.21519404959202,1,1,0,0,4.72871431370673,26.3882433367836,2.07927002269505,24.8145116119872,10.9877633095814,18.9923249171148,8.11843872154891,16.782120729837,21.6595290230769,22.7352415892921,8.00456160753339,8.66368200828812,1,1,0,0,2.58284642267213,27.9992557706342,2.08868779431528,23.9450345494309,10.4924470004731,19.1715819282689,8.89533549716346,17.3376562741967,25.4164093479621,21.8563467551156,8.67913492779587,8.44232077703329,1,1,0,0,6.98222071145995,32.1870991680682,1.0702115116203,24.4738247526237,15.4093311206892,24.1751675908397,7.994975548971,16.1956206959388,25.2048784566082,23.4036132410034,8.7658364701505,8.20064514696783,1,1,1,0
350,500,3,1,"L'Ecuyer-CMRG","10407_-1330813447_163360560_-782017336_-4121295_-1960435890_-1885259993","10407_-1091073457_-21682814_326198709_-1074107332_1157737093_-845774151",175669677,1755870457,1313420908,720741349,934828904,787038993,1583345850,96.7420000000002,6.35600000000159,7.75200000000041,2.18499999999949,3.79900000000089,503.059000000001,1,NA,"d7fd2b8c6425","not-a-git-build","bbd3d4119dab4c61438d29ca56ae93a0","confirmatory",643.829999999998,12.3417301634212,10.6104377886808,-4.07514087248179,-6.43748818522883,15.8682808024505,13.3433386943694,152.318303426701,112.581390067466,16.6067731305716,41.4412541349608,6.52344725845573,6.12421738620211,0.474,0.944,0.445,0.888,13.6419466225763,42.1314351082729,11.9180405668836,36.5591742573079,11.1723161225977,10.4323710162075,-1.92935236274377,-5.89768440944401,18.0140693121885,13.8831424701542,124.820647543257,108.834365019806,3.72240053962496,34.782681393399,5.98579062424763,5.94867686662937,0.504,0.988,0.445,0.943,14.8671235973667,44.8401163750452,12.8791643751491,38.9733495648811,16.8012701657442,11.7654873263985,-1.33922827496297,-7.08483585070827,18.6041933999693,12.6959910288899,282.282679182327,138.426692027644,1.79353237246029,50.1948990314812,8.68042571487167,6.68326055043511,0.462,0.931,0.435,0.96,18.0964011339032,56.9081136746396,13.913434246959,48.9686093474843,17.2797223131515,9.33264223871745,-2.44648674061843,-4.73346565153386,17.4969349343139,15.0473612280643,298.588803219626,87.098211155893,5.98529737202178,22.4056970742508,8.46287671182494,5.40754439072485,0.44,0.938,0.521,0.977,15.5205733783374,49.925067499798,13.6277253044739,45.2966449025362,4.5398089925669,27.9921548582077,1.20170129873361,24.5199157439866,12.2741451312742,19.3000723493688,9.53065820976089,17.4076311519872,23.4523458656408,23.318214445253,7.0259272180946,7.87697294222634,1,1,0,0,7.03990443728451,30.4860961355298,2.3844544981547,25.5691006127301,13.3362342334769,21.6320189892104,9.94175802449156,17.8461995109533,23.4461916982453,23.1846461145754,8.29578475573344,7.9044414864617,1,1,1,0,6.53849711123039,30.1233668511398,1.45288799735293,24.9714798476649,14.4659462616572,22.7619728167144,8.57889911730041,16.4167878731567,23.5848697399094,23.5185918503119,8.29602655505719,7.83788875585628,1,1,1,0,6.60257230574822,30.2385732621727,3.94397323297414,25.8971730762903,13.0615684533892,21.5832324015797,10.6862935866399,19.0983952345018,23.6360009564245,21.9531998433162,8.52166394819051,8.41210164786196,1,1,1,0
351,500,3,1,"L'Ecuyer-CMRG","10407_-1760469476_-609397950_-1254022339_-1561988266_-863963441_-930916851","10407_2059536160_-1104090876_1733451541_2114333190_1716039183_-1525167922",1313420908,720741349,934828904,787038993,1583345850,1428885473,883011433,98,6.01599999999962,5.95600000000013,2.14699999999903,2.78300000000127,490.956,1,NA,"d7fd2b8c6425","not-a-git-build","bbd3d4119dab4c61438d29ca56ae93a0","confirmatory",631.224999999999,12.9563180675058,5.17378440514508,-11.3888481114066,-1.65163856913352,8.55606726191929,18.5459904974946,167.866177866378,26.7680450709224,129.70586130469,2.72790996304941,7.86083628666442,3.31660634262725,0.245,0.882,0.784,1,13.2755105621113,39.5350723660142,13.0013287460123,38.3809269007501,9.83471108426358,4.20373254269011,-8.77606615709451,-1.22275115322934,11.1688492162314,18.9748779133988,96.7215421109369,17.6713672904719,77.0193371936996,1.49512038272367,5.73705939396895,3.1389391386986,0.383,1,0.912,1,14.8098439223932,44.2792425441802,14.2706716788419,41.4948169879578,10.3296977139963,7.76649566375552,-9.02922905781382,2.12799161293288,10.9156863155121,22.325620679561,106.70265486254,60.3184548951333,81.5269773784695,4.5283483047127,6.15445303510109,5.12300723984439,0.526,1,0.846,1,18.5183513951545,54.8516197908699,21.2542778397767,62.3839208521442,11.7075375642347,7.62031873516279,-8.46131947928104,1.04114923329733,11.4835958940449,21.2387782999255,137.066435817965,58.069257625473,71.5939273304607,1.08399172599562,7.0297663494623,4.99067985150995,0.529,0.997,0.826,1,20.1963236889552,63.4249716459615,20.3282091360831,60.2157666047723,-1.98612206238059,19.4129322052463,7.7258219393235,29.6508511247255,5.04103876460783,11.8897583268498,14.5418861270886,22.2536394452509,21.3990542676269,21.925029185402,6.848719562242,7.71175331816231,0,1,0,1,0.474545501262724,19.5936666638458,9.32358900641925,29.1030159194648,8.12783124154026,14.5766844585918,15.239134346642,22.1360280613299,19.119121162583,19.7794269130455,6.4488532170515,6.89689371468787,0,1,0,1,-0.286115473141618,22.5425680273842,10.2337640792575,35.0057718504224,7.0048162974765,14.7711240157494,18.3789581226287,26.6712252967649,22.8286835005259,24.772007771165,7.7663077182729,8.29226717413616,1,1,0,1,-0.0656694776661796,23.4025614893761,10.0041006640832,32.5106532932611,7.14332492852654,15.4805611659709,17.3726620070649,25.2877321520827,23.4682309670422,22.5065526291778,8.33723623744441,7.91507014501787,1,1,0,1
352,500,3,1,"L'Ecuyer-CMRG","10407_1797853948_2030233689_1018315655_-1875408780_1028549136_1887780565","10407_1358267993_846265309_462717366_1817272954_-1370455691_-1530381034",934828904,787038993,1583345850,1428885473,883011433,2016375544,1833323090,101.965,6.03800000000047,7.43599999999788,2.18499999999767,3.64000000000306,503.225999999999,1,NA,"d7fd2b8c6425","not-a-git-build","bbd3d4119dab4c61438d29ca56ae93a0","confirmatory",647.576000000001,8.0594008496913,9.92253739415549,2.49691092235039,3.97784997724576,21.9888026055166,23.9194072073393,64.9539420560048,98.456748338414,6.23456415415268,15.8232904414741,4.59996131291703,5.72733941391655,0.496,1,0.394,0.936,12.1906579155445,37.1291176661151,11.7045679615322,37.4870024536098,8.48704619402892,9.92999142261126,1.65156973527862,3.93038131135477,21.1434614184449,23.8719385414483,72.0299530995808,98.6047296531331,2.7276825904883,15.4478972526468,4.85404316180233,5.70373035774214,0.53,0.993,0.419,0.956,12.8535744596479,39.7236252328482,12.9773228199156,39.6537703353071,9.26950790479403,13.1186773668877,1.43766413186206,4.33773156199902,20.9295558150283,24.2792887920925,85.9237767970389,172.099695856492,2.0668781560427,18.8159151039625,5.40162774685658,7.46245028107168,0.542,1,0.534,0.977,15.2821832118317,51.3366748186745,20.0403140867379,61.1938736945436,12.4132219537222,10.3148781103018,4.51315166452792,2.37738678292176,24.0050433476942,22.3189440130153,154.08807927237,106.396710430383,20.3685379470311,5.65196791561108,6.98301635305721,6.14447367332349,0.568,0.998,0.624,0.999,19.5327941733288,63.4925005681485,18.5829315565834,59.9219719185189,10.4121402870441,32.6213577180866,12.5784350832247,35.847635497371,17.8839755361047,26.3672818809624,20.1408486410451,27.9406601444781,22.2092174310424,23.2692004141463,8.48330634485769,7.79981150343301,1,1,1,0,10.3739941654426,31.5335846354374,13.9765054224385,33.337768927788,17.5515883304271,24.9792739589145,20.3378702660979,27.5259284403235,21.1595904699948,19.3612635053495,7.42768562848737,7.18805817422555,1,1,1,0,9.39138237473369,32.624107732833,12.7910742118879,35.8708550652143,17.1541291374379,24.5396015335518,20.2822047468654,28.3589761044216,23.2327253580993,23.0797808533264,7.38547239611389,8.07677135755621,1,1,1,0,11.1476998200604,36.1283276523462,11.0564783728221,34.455263360782,19.7199132068328,28.548293466829,17.9303717773261,26.3557783825751,24.9806278322858,23.3987849879599,8.82838025999622,8.42540660524894,1,1,0,1
353,500,3,1,"L'Ecuyer-CMRG","10407_-1884097861_-1135351587_-962228240_1836862283_1818701427_558996173","10407_-5113886_850019945_501002956_1317625987_574029821_-1864333019",1583345850,1428885473,883011433,2016375544,1833323090,1138671864,689364080,101.538,7.13800000000265,6.0099999999984,2.45400000000154,2.17099999999846,502.601999999999,1,NA,"d7fd2b8c6425","not-a-git-build","bbd3d4119dab4c61438d29ca56ae93a0","confirmatory",646.553,12.1655689743618,5.64700068216437,-8.08057014994617,-1.93739501537485,11.7654691468094,17.6961774341377,148.001068469955,31.8886167043649,65.295613948201,3.75349944559933,6.9410418167668,3.60562053976837,0.432,0.954,0.741,1,15.6512976651554,47.2268846587072,13.9878307097432,40.7829903118464,12.541183818477,5.66698640442283,-7.66148305327983,0.983649528738368,12.1845562434758,20.6172219782509,157.281291568831,32.1147349079132,58.698322575694,0.967566395387214,7.21951946811554,3.63235992093315,0.46,0.952,0.786,1,16.4208255552098,48.6196871915179,14.3123183266769,42.6212943580042,13.1374649860941,6.60784265115442,-7.45068885152831,-0.662292233108399,12.3953504452273,18.9712802164042,172.592986260848,43.6635845024155,55.5127643622882,0.43863100203571,7.65284262078421,4.6138298818584,0.531,0.976,0.838,1,20.8295628530675,62.9309664706431,18.9988844368289,58.605401349917,13.6283199363,5.33431106286144,-6.6620716646733,-1.35314821935568,13.1839676320823,18.2804242301569,185.731104286153,28.454874515366,44.3831988652428,1.83101010354546,8.01164255520645,4.45882496064827,0.57,0.995,0.931,1,24.4810624553019,72.2878744069414,19.8796392756367,63.8964180940477,0.0699726647863002,22.7764443615121,7.11911695807378,28.8547182778102,7.76214914245569,15.7249925758723,13.8318052262785,21.5549365414587,22.7064716967258,21.7356013197364,7.9628434334166,7.7231313151802,1,1,0,1,2.26405208881956,22.4086464816582,9.93953291926371,31.2514210730256,8.46393844847726,15.751077034562,17.2395890855775,23.798188978493,20.1445943928386,21.3118881537619,7.2871385860847,6.5585998929155,1,1,0,1,2.00643679296665,24.221602847526,7.73729348165984,29.8380826832602,8.62880921817655,15.9535709220541,15.2137977251788,22.7129294985987,22.2151660545593,22.1007892016004,7.3247617038775,7.49913177341989,1,1,0,1,-0.0881044808865572,24.4741473718633,6.99721895406123,30.3078505225831,8.54098887539404,17.9006554949422,14.1377344739143,22.2615572083971,24.5622518527498,23.3106315685219,9.35966661954814,8.12382273448272,1,1,0,1
355,500,3,1,"L'Ecuyer-CMRG","10407_1593499385_-1035134294_-1841318195_1790081_733381406_-736415099","10407_-1418819190_-35880929_1709949679_-647022080_-301384766_-84233713",1833323090,1138671864,689364080,1642645038,1379888668,228907641,552494603,101.380999999998,7.73599999999715,6.00900000000183,2.98300000000017,2.15899999999965,499.954000000002,1,NA,"d7fd2b8c6425","not-a-git-build","bbd3d4119dab4c61438d29ca56ae93a0","confirmatory",644.503000000001,12.3853963629732,8.51762750394374,9.88322816120793,1.87000259914545,29.8221207105191,21.453337878489,153.398043067949,72.5499782959389,97.6781988864936,3.49690972081073,7.35019030123485,4.90747525068055,0.299,0.891,0.402,0.978,12.0633043135404,37.4181273257636,11.3351038494358,36.5712362684672,10.5466280898647,8.0225088599748,7.86402533284257,2.13942697425723,27.8029178821538,21.7227622536008,111.231364065923,64.3606484083742,61.8428944355896,4.57714777817943,6.04405336197227,4.59546937941173,0.446,0.987,0.527,0.994,14.5499746705779,44.5419371443251,12.7921251252098,39.2092962506612,11.9664953737904,9.33252932884528,6.94167391758728,1.0563009573502,26.8805664668985,20.6396362366938,143.197011530948,87.0961036737574,48.1868367781115,1.11577171249896,6.84471223439831,5.41067970294373,0.465,0.973,0.549,0.999,15.7687894525811,48.7684267871769,16.3309682438653,51.9055598620194,13.5090701146376,8.55734132982941,10.347867931762,0.843839563288601,30.2867604810732,20.4271748426322,182.494975362193,73.2280906352065,107.078370733188,0.712065208571096,7.70522231941318,5.10149565860677,0.44,0.971,0.519,0.998,19.145735890607,55.5816274645354,14.2674583173963,48.3057039612744,18.8093291584277,41.2817381698606,11.1983953538362,30.9310719130063,25.8528190721788,33.6112109595447,17.7189105793156,25.2166028062111,22.4724090114329,19.7326765591701,7.75839188736593,7.49769222689555,1,1,0,1,15.3855422821219,38.4570652641364,9.66251469155032,33.0254856163723,24.1311330720823,31.9356412130412,18.1333701011596,25.2691147244296,23.0715229820145,23.362970924822,7.80450814095888,7.13574462326996,1,1,0,1,15.9116426294528,36.9357106436718,8.63271992628634,31.2150469438697,23.6301842201906,30.4125772367287,16.9349118759276,24.5036320084494,21.024068014219,22.5823270175834,6.78239301653809,7.56872013252181,1,1,0,1,19.4308822489753,42.0529733161363,10.3110181618265,30.92870198042,26.0659026553833,34.6068031543619,16.6538328071136,24.1783149554304,22.622091067161,20.6176838185935,8.54090049897862,7.52448214831681,1,1,0,1
354,500,3,1,"L'Ecuyer-CMRG","10407_922642840_-1759743089_-2100009183_570570450_263192935_901818934","10407_233047569_1715740814_1464699823_-648634471_260156614_1551914917",883011433,2016375544,1833323090,1138671864,689364080,1642645038,1379888668,102.602999999999,7.18899999999849,5.94399999999951,2.24699999999939,2.2400000000016,503.68,1,NA,"d7fd2b8c6425","not-a-git-build","bbd3d4119dab4c61438d29ca56ae93a0","confirmatory",648.944000000003,8.58196247716141,8.61521958502051,-4.21612186510496,3.10484363547634,15.811148492679,22.9928071530375,73.6500799594064,74.222008498121,17.7756835814162,9.64005400075793,4.85604736693116,4.95404055236861,0.538,1,0.456,0.972,13.7243290063977,42.4706234848255,12.0932666129129,36.0091294495737,10.2041932359546,9.18058453652568,-4.39272986940646,4.05541398651251,15.6345404883775,23.9433775040737,104.125559596703,84.2831324322945,19.2960757055757,16.4463826020013,5.57017438155663,5.24630058059119,0.519,0.994,0.415,0.991,14.9501691147893,46.4026453885525,11.5595257587811,36.0957372489949,12.0129946353408,9.41188230131334,-3.05846121916965,3.59450707684821,16.9688091386143,23.4824705944094,144.312040108728,88.5835284537753,9.35418502916468,12.9204811255118,6.62146566728496,5.52205688209718,0.644,0.995,0.543,1,20.589894593656,61.3154342458673,16.108429109058,54.3183098652236,9.37213551498308,8.52304639193561,-4.47294223322193,2.10311001202733,15.554328124562,21.9910735295885,87.8369241112071,72.6423197990866,20.0072122217404,4.42307172268961,5.55800474360484,4.9679516965213,0.555,0.996,0.519,1,15.7156723802955,54.7082230955749,13.9249419167856,48.6263062308827,5.50760133743009,26.7616655465071,12.7070065146587,34.9162657311481,11.7546621740271,19.726214576241,19.3424231811106,26.6696315871852,21.254064209077,22.2092592164895,7.97155240221388,7.32720840607464,1,1,0,1,4.58124026347775,26.5987441523965,13.5771936755594,34.0795496401164,11.7843944274452,19.4451531764514,20.8057755243777,27.3944888134615,22.0175038889187,20.502355964557,7.66075874900616,6.5887132890838,1,1,0,0,5.0189721064274,28.3714279246456,12.3332739507838,35.2714702952302,13.1883106199539,21.2159882993542,19.5750512057024,27.614943627711,23.3524558182182,22.9381963444464,8.02767767940034,8.03989242200866,1,1,1,1,4.56327915202544,26.3471042244834,12.0156578857656,31.3614939772265,11.4555073110414,19.6198271690582,18.8320058515147,25.4676426923359,21.783825072458,19.3458360914609,8.16431985801686,6.6356368408212,1,1,0,1
357,500,3,1,"L'Ecuyer-CMRG","10407_-1966103018_1831046933_1655342004_-263700681_2032985617_983084211","10407_1222257188_-497579330_1360271912_-508548091_-2084226339_1491002261",1379888668,228907641,552494603,1661992164,1221281355,809282768,1603138593,103.059000000001,6.20500000000175,6.14999999999782,2.22000000000116,2.31599999999889,490.147000000001,1,NA,"d7fd2b8c6425","not-a-git-build","bbd3d4119dab4c61438d29ca56ae93a0","confirmatory",636.178,7.48151944786505,6.78865240707693,-0.714805728378828,-3.36030090451035,19.0315947924533,16.5375347374051,55.973133248783,46.0858015041114,0.510947229323186,11.2916221688531,4.34357886583165,4.17040267087615,0.604,1,0.689,1,13.3565939485422,40.1810019409744,14.8627001569931,44.8014218863049,10.194628901563,6.35562429402393,-0.856089391655193,-3.92171856422733,18.8903111291769,15.9761170776881,103.930458440583,40.3939601667871,0.732889046504558,15.3798764970053,5.8430854301445,3.98227383485793,0.457,0.995,0.743,1,14.7811542594132,43.9295075366608,15.1023561050068,44.9551519575465,11.9282549528883,10.2325482744236,-2.58447044842366,-4.72769281790445,17.1619300724085,15.170142824011,142.283266221105,104.705044188409,6.67948749877519,22.3510793804653,6.9961713109494,6.22600063849952,0.49,0.999,0.641,1,20.4464877963729,61.2536865668068,21.2313902810891,61.8939035331908,13.0658204649706,7.87846921519856,-1.36415914680796,-3.71239300377547,18.3822413740242,16.1854426381399,170.715664422844,62.0702771748314,1.86093017781982,13.7818618144811,7.53350288725139,4.86560021275862,0.444,0.988,0.674,1,18.092683661439,55.6565998404614,17.2655567941453,53.9311474441039,8.0941907547226,30.3194636045229,2.30165437171688,29.0259713040412,15.5179119797874,22.2569402064878,12.5076143531354,20.9558161410842,22.2252728498002,26.7243169323244,6.73902822670041,8.44820178794884,1,1,1,1,5.7877091858356,29.5370470241887,5.04222969229934,27.2761652033384,15.0590778324964,23.0467441485083,12.0019938990728,19.7226749238704,23.7493378383531,22.2339355110391,7.98766631601196,7.72068102479764,1,1,1,0,5.31352583210204,29.2960620020372,3.20625738114273,27.6215337664223,12.7459292046778,21.3850594518563,10.7571219071268,19.6156842126612,23.9825361699352,24.4152763852795,8.63913024717849,8.8585623055344,1,1,1,0,7.93051186445165,28.8155982747741,4.03462698857492,28.5839583943374,14.1467429915588,22.4441520594208,12.0090983092266,20.2403852524674,20.8850864103225,24.5493314057625,8.29740906786198,8.2312869432408,1,1,1,1
356,500,3,1,"L'Ecuyer-CMRG","10407_716032345_-1128394121_-493871611_-641962262_-804023598_-1493389638","10407_-274537480_1125814207_1554493082_-1715556229_-575251127_-1211703879",689364080,1642645038,1379888668,228907641,552494603,1661992164,1221281355,101.874,7.72699999999895,5.95100000000093,3.36100000000079,2.19599999999991,491.951000000001,1,NA,"d7fd2b8c6425","not-a-git-build","bbd3d4119dab4c61438d29ca56ae93a0","confirmatory",636.790000000001,8.77191754363559,10.7824480844177,-2.43000656802452,7.72850879684419,18.1907312807727,27.9174694004999,76.9465373923418,116.261186693163,5.90493192064233,59.7298482228981,4.97079697718616,6.25728499648665,0.481,0.982,0.389,0.975,11.63609986553,37.6263873470675,11.9997004015649,36.9514876519348,8.377887115584,13.876150344851,-1.19244218077837,11.7224278473651,19.4282956680189,31.9113884510208,70.1889925214684,192.547548392909,1.42191835449947,137.41531463668,4.78806226482415,8.26151119972631,0.505,0.997,0.301,0.894,12.2602755167169,40.1888860306196,14.5833104272657,43.1465508842328,8.92560155125794,11.6480058481368,-1.65599141745422,8.16891837981082,18.964746431343,28.3578789834666,79.6663630518182,135.676040238229,2.74230757468205,66.731227496011,5.25584030343176,6.65240692382003,0.59,1,0.478,0.998,15.4874551475591,52.7609531151153,16.7923380648525,52.6749874561799,10.7457932612322,11.677630816594,-3.50001701064069,9.5140103418147,17.1207208381565,29.7029709454704,115.472072813144,136.367061488667,12.2501190747742,90.5163927841571,6.04804784611261,6.72670491705326,0.531,0.984,0.417,0.999,16.1957546019015,53.0089465696165,17.0549931205715,55.3420688004975,6.72669112212791,30.2883407113897,16.4664452477327,38.8146701399604,14.5095223983955,21.9493624263486,23.77528080895,31.7011688452911,23.5616495892618,22.3482248922278,7.43984002795305,7.92588803634108,1,1,1,0,9.19216692316268,29.0018131551157,20.3471347813642,43.5432281585862,15.797829984894,23.063774662217,28.1253789737904,35.8217472910684,19.809646231953,23.196093377222,7.26594467732299,7.69636831727796,1,0,1,0,8.30684729814668,29.9790003988541,18.217884553285,39.0447522952023,15.1212770899662,23.1225628671752,24.1406238490881,32.4066393429332,21.6721531007075,20.8268677419173,8.00128577720898,8.26601549384505,1,1,1,0,6.19088879668723,28.29220033618,17.217012849296,41.533825636249,13.3025764102469,20.7264636508456,25.4210287034131,33.9748711246945,22.1013115394927,24.3168127869531,7.42388724059863,8.55384242128134,1,1,1,0
359,500,3,1,"L'Ecuyer-CMRG","10407_1568704912_822240513_-464096946_-1741236336_712617282_1792536786","10407_-1921079198_-1764758594_-286841084_1722493095_1909717947_-992129187",1221281355,809282768,1603138593,883997751,1306949440,249143730,776203578,99.7139999999999,6.17900000000009,6.55900000000111,2.1720000000023,3.13200000000143,502.149000000001,1,NA,"d7fd2b8c6425","not-a-git-build","bbd3d4119dab4c61438d29ca56ae93a0","confirmatory",644.689999999999,9.97815206071976,14.1892910275169,-4.30202088740526,-11.3571351408474,15.9539852388843,8.63235180826893,99.5635185468459,201.335979863571,18.5073837156711,128.98451860747,5.66067987555204,8.57349705408105,0.502,0.972,0.311,0.823,14.4200450011903,43.1817799449556,12.8300021210801,38.7973431048081,9.92417999361632,16.5260221030964,-1.5021491404917,-14.2043966622618,18.7538569857979,5.78509028685447,98.4893485456944,273.10940655203,2.25645204027996,201.764884538875,5.64138399311018,10.3068625046384,0.504,0.969,0.243,0.717,14.4050091422832,42.0127998743158,13.9442414693735,41.7625653446689,16.5960919857221,14.5284776314812,-4.03950511256172,-11.4339617273298,16.2165010137278,8.55552522178653,275.430269198549,211.076662288449,16.3176015544122,130.735480782042,9.8082045932168,8.45062143055522,0.332,0.848,0.35,0.909,16.631521390036,53.1584265108473,14.7116719180463,47.4883210584481,14.4378102407936,14.7491166468709,-7.4867474381212,-11.75592954684,12.7692586881684,8.23355740227626,208.450364549164,217.536441863003,56.0513872022144,138.201879510266,8.2361845236349,8.79263943495072,0.421,0.926,0.322,0.893,16.8040158188055,53.7170848826515,13.8153041970797,46.6616198271204,4.22408290540297,29.6843157740914,-3.08618615105963,21.1356862403575,11.5101645835474,19.7029013219515,4.68646589273245,12.405773465261,25.4602328686884,24.2218723914172,8.19273673840406,7.71930757252856,1,1,0,0,7.4893854551596,30.3234363478753,-7.34710197701209,18.2176459118301,14.3471717720431,23.1834961413778,1.46153976665134,10.4148090479169,22.8340508927157,25.5647478888422,8.83632436933462,8.95326928126555,1,0,1,0,4.95336212789447,28.0867566527266,-3.23919701980552,21.642202630361,11.9264940877117,20.4550716635685,4.49207683316126,12.2042619477753,23.1333945248321,24.8813996501665,8.52857757585675,7.712185114614,1,1,1,0,1.10805805432382,25.2933802620631,-3.72148896661745,19.8932953965831,8.32431317335088,17.2255046910935,4.09461839916657,12.5337437659894,24.1853222077393,23.6147843632005,8.90119151774258,8.43912536682282,1,0,0,0
358,500,3,1,"L'Ecuyer-CMRG","10407_1784827562_-1846500677_1029873611_-2002656501_-674636190_-2112049071","10407_1990160222_1728844847_-1426309228_543581949_1153673690_98641376",552494603,1661992164,1221281355,809282768,1603138593,883997751,1306949440,101.361999999997,7.8070000000007,5.88999999999942,2.9529999999977,2.08599999999933,504.306,1,NA,"d7fd2b8c6425","not-a-git-build","bbd3d4119dab4c61438d29ca56ae93a0","confirmatory",649.049999999999,9.17097317130032,8.10234532955774,5.84582981535025,0.103417435702749,25.8001782506787,19.9693808256206,84.1067489087102,65.6479998394062,34.1737262300379,0.0106951660073322,5.23674229901509,4.68629115367604,0.485,0.984,0.491,1,12.9445917359797,39.7757891908027,13.1371314523546,40.2431232151595,8.26951148708284,7.92390092405194,4.11799017520763,-1.24766577084028,24.0723386105361,18.6182976190776,68.384820234995,62.7882058541913,16.9578430831066,1.55666987572647,4.89167274140294,4.64133970960558,0.642,0.998,0.554,1,15.457292355233,46.5352857819627,13.8868376793538,42.8129443036244,11.3620361839517,9.97098333880138,7.33706998825632,-0.956241771481878,27.2914184235848,18.909721618436,129.095866245428,99.4205087426548,53.8325960125716,0.9143983255268,6.79808125009162,5.83714742290279,0.6,0.984,0.572,0.998,19.9793431386604,64.6080960330365,17.2751282010476,53.887717515894,8.96979996291147,9.78897909342299,6.35807213718061,1.60474083809946,26.3124205725091,21.4707042280173,80.4573113746466,95.8241116914723,40.4250813015924,2.57519315746416,5.50171470929305,5.70705153146875,0.595,0.998,0.588,1,15.8787834595893,57.5114179061182,17.088824799958,57.4819466124143,14.6452050214812,37.4927556092899,8.09390524748306,31.2006870993134,21.5112925961274,29.7945260373135,15.9872227435804,24.3320130474894,22.8475505878087,23.1067818518303,8.2832334411861,8.34479030390902,1,1,0,1,11.7523245027981,37.1245775360808,5.49572401974412,31.9235870565052,19.014292117309,28.9919112303981,14.4471124036887,22.8873078237102,25.3722530332828,26.427863036761,9.97761911308909,8.44019542002155,1,1,1,1,14.5649010575551,39.7623135075133,6.12857130870959,30.02663444159,23.0723567167215,32.092833236917,15.212435021327,23.0258826394008,25.1974124499582,23.8980631328804,9.02047652019552,7.81344761807382,1,1,0,1,13.8538415703504,37.2193780518686,8.82821728998777,32.9582287611175,22.5833646774936,30.4984402687511,17.4287238188214,25.7530334049681,23.3655364815182,24.1300114711297,7.91507559125747,8.32430958614662,1,1,0,1
361,500,3,1,"L'Ecuyer-CMRG","10407_1267793551_-2104590340_1801535252_-1015767087_1196206953_-93315488","10407_-1621630871_-1044881634_1652466814_-1404533929_-862790779_726186746",1306949440,249143730,776203578,958619081,2144521468,701607477,37125558,101.314999999999,6.41100000000006,7.09700000000157,2.20900000000256,3.12899999999718,505.222000000002,1,NA,"d7fd2b8c6425","not-a-git-build","bbd3d4119dab4c61438d29ca56ae93a0","confirmatory",649.313000000002,7.40158640862676,9.54024328120508,-2.68415053458895,-0.28353476733637,17.297006017454,19.1891954013424,54.7834813643684,91.0162418645786,7.20466409233415,0.0803919642884894,4.31187590648517,5.48084090602049,0.556,1,0.376,0.967,13.0445735286255,40.0318603616361,11.7094391412584,37.5890273485463,7.62133054196075,9.86731196050693,-2.04778821572163,2.17864434091193,17.9333683363213,21.6513745095907,58.0846792298237,97.3638453259632,4.19343657644838,4.74649116418758,4.59763565038339,5.6556638410472,0.68,1,0.449,0.983,15.8668563422762,47.3204111536221,13.9065197942081,41.1121398640357,6.83541199816655,13.0276394649394,-2.6703995208414,0.70803321772831,17.3107570312015,20.1807633864071,46.7228571846792,169.719390028446,7.13103360090998,0.501311037406705,4.87097615975928,7.33570889727835,0.816,1,0.527,0.985,19.9863141757844,61.8641800759934,20.2301875350497,61.0211222917254,7.33076036194854,13.749957978661,-0.365070062745886,1.05160204718297,19.6160864892971,20.5243322158617,53.7400474843159,189.061344414942,0.133276150713285,1.10586686563942,4.91332541629117,7.66393217090267,0.772,1,0.473,0.985,18.3229900947648,60.5471302659596,19.0948995186403,58.9651678719689,5.21088749412753,28.9095320170805,7.47491168170312,30.2261126334682,13.488214788998,21.643145409072,15.3710991863472,23.1683919305042,23.698644522953,22.7512009517651,8.15493062007396,7.79729274415708,1,1,1,1,3.94707234762607,29.7109756931346,9.64465263388195,34.3134738182787,14.1472771647085,22.2999685779206,16.9600691304326,26.1291715939388,25.7639033455085,24.6688211843967,8.15269141321206,9.16910246350621,1,1,1,1,4.31241067924809,30.6222522955775,8.2891683573022,33.2308725348644,12.2473914189658,22.1535591943208,15.4174028824541,24.5332872676019,26.3098416163294,24.9417041775622,9.90616777535503,9.11588438514783,1,1,1,1,7.01114427869418,32.4639506571577,7.37543577427545,33.298018188078,15.0710337773362,24.3775194938596,16.9153319844622,24.5105461101512,25.4528063784636,25.9225824138025,9.30648571652342,7.59521412568894,1,1,1,1
360,500,3,1,"L'Ecuyer-CMRG","10407_414716355_-1872064476_-537775132_1524518346_716809441_1309696015","10407_-933180295_-714068057_-1606716291_2033489164_-92860791_-761127931",1603138593,883997751,1306949440,249143730,776203578,958619081,2144521468,101.405999999999,6.5570000000007,7.78900000000067,2.24699999999939,2.12099999999919,499.267,1,NA,"d7fd2b8c6425","not-a-git-build","bbd3d4119dab4c61438d29ca56ae93a0","confirmatory",644.816999999999,8.53000083206584,7.16879315523526,4.23714396757975,3.00870107982492,24.2755376371612,22.9002276872111,72.7609141950439,51.3915953025479,17.9533890019975,9.05228218773962,4.99716034574726,4.26172201686983,0.573,1,0.626,1,15.6676102192779,47.6631336346418,14.0886017357463,41.945826970399,10.0033186466009,8.9156611301902,5.75191910425595,3.99438324191038,25.7903127738374,23.8859098492966,100.066383945434,79.4890133883843,33.0845733819045,15.9550974832545,5.70693608524196,5.14947213002167,0.53,0.993,0.588,0.992,15.7886899515297,47.9043479950311,15.4457071472797,45.5512006729178,7.91546205619348,11.0923695658929,2.35145188764201,1.9939881127652,22.3898455572235,21.8855147201514,62.6545395630387,123.040662586346,5.52932597989519,3.97598859384892,4.99881055828553,6.45435759905084,0.709,1,0.584,0.999,18.0175376328458,58.6542414165249,19.4065512160769,58.8688406649524,11.0122576637318,10.6734517262323,4.86285098268731,3.51614467164436,24.9012446522688,23.4076712790306,121.269818852421,113.922571752211,23.6473196798229,12.363273351933,6.48693179736666,6.28572896000019,0.501,0.999,0.617,0.999,18.2814476652956,58.7349950050533,20.3735934776661,59.8095489903821,13.0543047972456,34.8856592449306,12.9959651266681,32.726250028784,20.3906282499424,28.2405137171459,19.3867684773635,26.5679752203003,21.831354447685,19.7302849021159,7.84988546720347,7.18120674293685,1,1,0,1,15.9050815215449,34.5458164168214,11.8031521208764,35.0500480814897,22.1928721676735,29.385915265126,20.2571951746988,27.7884475079938,18.6407348952765,23.2468959606133,7.19304309745247,7.53125233329494,1,1,0,0,11.3219303859122,33.16998582826,9.90623081062266,34.6621571213249,18.6833135884234,26.1364863017852,17.5874204938161,25.4760433476684,21.8480554423478,24.7559263107022,7.4531727133618,7.88862285385233,1,1,1,1,11.2529774336124,35.7395837279029,10.7163914174427,35.4167422454821,20.986112658041,29.292865470918,19.2573183757713,27.4267251783356,24.4866062942905,24.7003508280394,8.30675281287701,8.16940680256434,1,1,0,1
362,500,3,1,"L'Ecuyer-CMRG","10407_1209799336_419696610_935813194_-806948059_890377765_482839422","10407_1082954565_724631387_-1449298798_-1938452182_210580848_524062141",776203578,958619081,2144521468,701607477,37125558,1411825424,142242616,100.709999999999,7.69099999999889,5.95599999999831,3.88400000000183,2.18500000000131,515.085999999999,1,NA,"d7fd2b8c6425","not-a-git-build","bbd3d4119dab4c61438d29ca56ae93a0","confirmatory",658.733,10.3626411079802,8.75314222605279,6.54587923800763,-1.50584938685477,26.8449819947457,18.3444296777633,107.384330732801,76.6174988295083,42.8485349985793,2.26758237589089,5.87954809986975,4.99777003523166,0.391,0.932,0.417,0.975,11.4071431820095,35.6000061575584,11.359557411546,35.6753244118793,10.5028380147608,8.62409544985463,6.66999358249734,-0.692251305640426,26.9690963392354,19.1580277589776,110.309606364304,74.3750223282033,44.4888143905557,0.479211870160874,5.99453486701604,4.97943510192835,0.403,0.923,0.561,0.997,11.9543939441587,36.9917658489624,14.5065395833767,43.6390917718233,10.0545821369697,9.63865963519337,4.72376055428744,-1.35618073514339,25.0228633110255,18.4940983294747,101.094621949069,92.903759563106,22.313913774242,1.83922618637407,5.74186254727825,5.93432262363493,0.498,0.978,0.696,0.999,13.7437449871404,46.671802613684,20.2798824045562,65.122640292669,10.0072530445648,7.13743282678476,5.81223072572365,1.18596145604092,26.1113334824617,21.036240520659,100.145113497952,50.9429473568647,33.782026009046,1.40650457521471,5.70363622715937,4.45385782813628,0.423,0.951,0.641,0.999,11.7163481850071,41.5637618801239,14.8796129389963,47.7945896687636,16.1810020368101,37.6757981746524,7.01412200872747,29.8655102512506,23.4598414802289,30.2745056249354,14.7174368641775,22.1656249315076,21.4947961378423,22.8513882425231,6.81466414470648,7.44818806733018,1,1,0,1,14.4109032850479,38.0390144624245,6.67998786832156,31.0276283546098,22.9536411328249,30.7280517555652,14.9189518011568,23.3298172902467,23.6281111773766,24.3476404862882,7.77441062274032,8.41086548908982,1,1,0,1,12.4739878291756,37.619804333213,6.63350767193168,30.6216415833468,20.7219522030434,29.0158788492831,14.202796992227,22.7024426287614,25.1458165040374,23.9881339114151,8.29392664623974,8.49964563653436,1,1,0,1,15.3964685639269,36.8643119957844,10.369360857446,31.6265342426818,22.3787935848807,29.7239073029068,17.2288798117754,24.9274562219533,21.4678434318575,21.2571733852359,7.3451137180261,7.69857641017791,1,1,0,1
363,500,3,1,"L'Ecuyer-CMRG","10407_356831255_1810982427_-497747639_-1527642676_-647313044_-1694298130","10407_-362049303_-162797588_772975724_854452043_761873381_-610592446",2144521468,701607477,37125558,1411825424,142242616,1033766002,45699323,100.923000000003,6.56599999999889,6.01299999999901,2.1919999999991,2.38699999999881,519.528999999999,1,NA,"d7fd2b8c6425","not-a-git-build","bbd3d4119dab4c61438d29ca56ae93a0","confirmatory",663.042000000001,13.3818291624369,12.0176344909973,-0.0946802357927545,8.49067944761048,20.107434481064,28.1166033974193,179.073351732646,144.423538759209,0.0089643470497716,72.091637482075,7.65482141178354,6.91420460486024,0.428,0.931,0.362,0.942,16.9119132851522,48.9045424112091,13.8162793703429,41.9011208366735,9.71532090470654,14.9979947454829,1.57803737025035,10.7374818004389,21.7801520871071,30.3634057502477,94.387460281428,224.939846385533,2.49020194190663,115.293515414756,5.60832855424841,8.78611010696543,0.573,0.988,0.361,0.894,16.4199554533417,49.0728994599672,15.953202971362,47.0583694874724,11.3845879991462,14.7233298491728,1.35862309823396,9.42380604570502,21.5607378150907,29.0497299955139,129.608843910304,216.776441847543,1.84585672305485,88.8081203870666,6.50454495743412,8.49029643782915,0.538,0.982,0.413,0.938,17.5071902569149,57.1039091040291,18.1529183666497,55.1176875328321,11.8594914753934,12.765651875209,0.427378984162928,7.27942227860601,20.6294937010196,26.9053462284149,140.647538054929,162.961867799026,0.182652796104136,52.9899887102655,6.81958117655996,7.36325724150877,0.594,0.984,0.491,0.96,19.3287871958247,63.7595921139807,18.3796273151263,57.2225007878016,8.49145970257037,30.0430723839451,14.9546964907128,39.8295682051204,16.3219293468036,23.8692701210103,23.7679340977209,32.370062271109,21.5516126813748,24.8748717144076,7.54734077420668,8.60212817338808,1,1,1,0,9.1910235290945,34.935024430444,16.8692812133615,44.6462560431394,17.4795909904024,26.0474855535766,25.6153643376451,34.7740470898373,25.7440009013495,27.7769748297779,8.56789456317419,9.15868275219222,1,1,1,0,8.91239136286553,33.3528714587386,16.9643271786963,40.944986789227,17.334114071197,26.3195458335916,24.6819661552324,33.3458513732162,24.4404800958731,23.9806596105306,8.98543176239468,8.66388521798378,1,1,1,0,6.75684999074462,32.6320132199003,16.1783328000116,38.7799130681381,16.3120664197979,25.0209541306954,22.7716709457177,31.1775992221306,25.8751632291556,22.6015802681265,8.70888771089749,8.40592827641284,1,1,1,0
365,500,3,1,"L'Ecuyer-CMRG","10407_-1635669236_-1268137398_-1378234144_-737312897_-1009890796_643758826","10407_57867788_-447482058_-1765089602_1269638166_1441234265_-1237480715",142242616,1033766002,45699323,462132023,153554864,1683151208,175356348,101.815999999999,6.40100000000166,6.22199999999793,2.17900000000009,2.54799999999886,493.642,1,NA,"d7fd2b8c6425","not-a-git-build","bbd3d4119dab4c61438d29ca56ae93a0","confirmatory",638.722999999998,13.2563085332955,9.54031462529813,-10.4724579476373,5.56756103529555,9.61646428147755,25.3955560163132,175.729715929924,91.0176031496774,109.672375465032,30.9977358817412,7.71320364887817,5.44071189289037,0.32,0.914,0.44,0.933,14.326224346986,43.0135808238093,11.9952249058704,36.0102800307854,13.6386944711596,11.6106646782502,-10.7984842408913,7.66625914108725,9.29043798822363,27.4942541221049,186.013986877639,134.807534270766,116.607261900777,58.7715292183039,7.95264391755042,6.77499651860758,0.319,0.916,0.408,0.862,15.1821080585447,44.856354556545,12.5033319562256,37.6768015159781,12.1346657873974,11.3681860657114,-8.84689275198906,6.16204477099556,11.2420294771258,25.9900397520132,147.250113771834,129.235654424635,78.2675113651965,37.9707957597537,6.90144197048371,6.54662203004033,0.375,0.981,0.459,0.959,14.082568187428,47.1210221195777,14.8617113100206,50.2822248683937,11.9490149737977,11.8402338808682,-7.79487332830253,8.43116410220091,12.2940489008124,28.2591590832186,142.778958844043,140.19113835366,60.7600502042821,71.0845281182412,6.69747870160302,6.78819304441587,0.439,0.99,0.359,0.976,15.6942651701936,52.4721243834984,12.5374768768444,45.0061491161717,-2.59806931780613,21.9704955697739,13.6668400787456,38.326773111917,5.32753060572878,13.7763309452847,21.1726956184478,28.9846957317289,24.5685648875801,24.6599330331714,8.44880033955591,7.81200011328107,1,1,0,0,-4.40995017259389,20.4592561781018,15.8771104509051,39.4058036467973,5.5263410390436,13.398847539603,23.2009630059856,31.6993053426169,24.8692063506957,23.5286931958921,7.87250650055943,8.49834233663132,1,1,0,0,-0.754234767574812,22.1290464672725,12.8195466372761,37.921386658161,6.88632849266535,15.5905642823442,21.3208225443535,30.5638610210791,22.8832812348473,25.1018400208849,8.70423578967882,9.24303847672556,1,1,0,0,0.341988403440751,25.4485699537588,16.1807863062341,42.2668835019418,7.77944955624534,16.8221267450656,23.4760246450028,32.6574704548026,25.1065815503181,26.0860971957077,9.04267718882028,9.18144580979986,1,1,0,0
364,500,3,1,"L'Ecuyer-CMRG","10407_1390639265_-1446369184_-861554125_88703432_767627975_-50521195","10407_1467670205_-1500716518_1718026820_1761515219_864248550_1647402671",37125558,1411825424,142242616,1033766002,45699323,462132023,153554864,103.363000000001,6.05400000000009,6.75500000000102,2.23800000000119,3.21199999999953,499.692999999999,1,NA,"d7fd2b8c6425","not-a-git-build","bbd3d4119dab4c61438d29ca56ae93a0","confirmatory",644.788,7.17985346189496,13.8308435457372,-0.430750045331102,-10.4364727924991,19.7834624321453,9.65981377148541,51.550295734285,191.292233186659,0.185545601552747,108.919964348574,4.21674279836381,8.46585198065647,0.612,1,0.316,0.69,13.3641121102057,41.2988767827547,10.9826720413722,33.117360040854,7.8049705593883,12.8314002057677,-1.47492174451068,-8.82374067594749,18.7392907329657,11.272545888037,60.9175654329182,164.644831240576,2.17539415243042,77.8583995163702,4.6013848698007,7.51355129401146,0.62,0.998,0.375,0.846,14.4399033462788,43.8837224008043,12.4396950629036,37.9159821907128,7.56592839431834,13.9010760220788,0.886198024144754,-9.22663803241031,21.1004105016211,10.8696485315742,57.2432724679525,193.239914571614,0.785346937998066,85.1308493811204,4.79025631415901,7.83409422224425,0.739,1,0.438,0.934,17.1961292378008,54.3845178490229,16.5395944790042,53.2603226194894,7.41537142382314,13.3681250861351,0.755995566963449,-9.09445514542689,20.9702080444398,11.0018314185576,54.9877333532528,178.706768318554,0.571529297268387,82.7091143921816,4.50916539800952,7.63798444455197,0.616,1,0.4,0.893,13.9579527228104,48.3821083908216,14.3417996385479,48.7753682105192,8.62610014703466,32.6835969966575,-0.904515698078936,19.9932957420525,15.785027447693,23.9714085486094,5.7606654659392,13.3143108473657,24.0574968496229,20.8978114401314,8.1863811009164,7.5536453814265,1,0,1,0,7.62093969045477,31.9532639015306,0.510831954968062,22.7568841881293,14.9514873825822,21.7598978584292,7.40226756085655,14.7036420375553,24.3323242110758,22.2460522331612,6.8084104758471,7.30137447669873,1,1,1,0,9.3213394759686,33.2067786835544,-0.872186287120346,22.10036637906,17.317293528788,24.9286717126958,6.89712753212052,15.0761327026448,23.8854392075858,22.9725526661803,7.61137818390778,8.17900517052432,1,1,1,0,8.91003174079752,32.2659463097219,-2.99745135244408,23.2322216175682,16.9072808435619,24.9935987899274,7.16120662476649,15.0816159067824,23.3559145689244,26.2296729700123,8.08631794636554,7.92040928201587,1,1,1,0
367,500,3,1,"L'Ecuyer-CMRG","10407_-618125643_-210646624_1360906868_528622909_-1654145665_-982243971","10407_-2032344322_1959949758_1332575897_-1944163884_-506717391_-307931425",153554864,1683151208,175356348,1588669055,2104754933,6499509,1433661568,99.9030000000021,7.60499999999956,6.31300000000192,2.2599999999984,2.15500000000247,482.276000000002,1,NA,"d7fd2b8c6425","not-a-git-build","bbd3d4119dab4c61438d29ca56ae93a0","confirmatory",624.351000000002,12.9963822954989,11.0702636087591,-8.61664535702001,-6.85031757826089,12.0095400986949,13.3533442338037,168.905952770756,122.550736367417,74.2465772086546,46.9268509230301,7.18186833449795,6.51800227544704,0.402,0.878,0.419,0.846,14.4129712509823,40.5550657462448,11.4187877747383,33.9759995070179,14.5452111279556,10.6141709857473,-8.99261906640367,-5.65781895071613,11.6335663893113,14.5458428613485,211.563166756803,112.660625714679,80.8671976734468,32.0109152790825,7.88478272076362,6.08940338675504,0.392,0.908,0.43,0.956,14.5276418861585,44.5477496134272,13.1470446414806,39.7027618449168,11.4997984017938,11.1108950968181,-7.98362865947309,-6.9767200129695,12.6425567962419,13.2269417990951,132.245363281898,123.451989852496,63.7383265723601,48.6746221393691,6.4289508570433,6.4429213202176,0.45,0.996,0.55,0.996,15.8229910341854,51.2554658820637,17.4111591440138,54.9177541589,19.4000050349361,9.37941142209292,-9.855769385656,-5.62601289397537,10.770416070059,14.5776489180893,376.360195355544,87.9733586248871,97.136190183234,31.6520210831771,9.89559115938214,5.61583799672689,0.464,0.905,0.579,0.999,17.6648355177865,57.0971378432465,16.5630480253804,53.8231701334234,1.39355233730824,23.3429060630344,3.14163260550433,24.7439162988023,8.05782359514853,16.2829111655512,9.26847320054049,17.219122394761,21.9493537257262,21.6022836932979,8.22508757040271,7.9506491942205,1,1,0,0,0.96556833081181,22.0578294009206,0.837801476714421,26.0636530925118,8.39521231623559,15.2380030837552,10.5239934741972,18.5593811544088,21.0922610701088,25.2258516157974,6.8427907675196,8.03538768021158,1,1,0,0,1.17216473609513,23.8325005283078,0.472302086486688,26.1406104024421,8.97341354909974,16.4410390953594,8.85720391618768,17.5919507170152,22.6603357922126,25.6683083159554,7.4676255462597,8.73474680082754,1,1,0,0,-0.684910009765576,22.236720376,0.502033382492519,26.347100308788,6.34199898437631,15.1730506350275,10.177054375467,19.0120703911142,22.9216303857656,25.8450669262955,8.83105165065119,8.83501601564727,1,1,0,0
366,500,3,1,"L'Ecuyer-CMRG","10407_-636578767_1048801680_-971103198_-750075173_1551625066_-2031505969","10407_-587971663_25340591_436693310_375526725_-1143133736_938561264",45699323,462132023,153554864,1683151208,175356348,1588669055,2104754933,98.6919999999991,5.95100000000093,7.83200000000215,2.25499999999738,2.47599999999875,483.448,1,NA,"d7fd2b8c6425","not-a-git-build","bbd3d4119dab4c61438d29ca56ae93a0","confirmatory",626.633000000002,8.56613267641898,7.3423184295167,1.60773046036816,-2.77113357671949,21.4116966479666,17.8178817274369,73.3786290300129,53.9096399204206,2.58479723319561,7.67918130002213,4.96416462062934,4.24692588745135,0.605,0.996,0.6,1,15.0263358049314,45.3244037441102,13.3149118275452,39.8524950543739,7.96910570878894,9.51156064914492,1.82074175966478,0.330049211056668,21.6247079472632,20.9190645152131,63.5066457978524,90.4697859823621,3.31510055538719,0.108932481719129,4.72603527298424,5.47267657015858,0.65,0.998,0.512,0.996,15.3384888006759,46.296733939844,15.0736759291088,44.8115559041901,9.49079415390508,10.137676056756,2.00238859761162,-1.77409616017447,21.80635478521,18.8149191439819,90.0751736717989,102.772475831723,4.00956009584502,3.14741718554581,5.56289845910261,6.22381671068164,0.6,0.998,0.656,1,16.72581443818,55.3495752479756,21.4244257287827,62.7449792640263,10.7417716539292,7.31679074340258,2.29358508002267,-0.340462749336005,22.0975512676211,20.2485525548204,115.385658265158,53.5354267827416,5.26053251930258,0.115914883685432,6.45297523817661,4.99933179611799,0.679,1,0.865,1,21.6289225758349,67.1359822881197,21.0928513361923,62.3569649185302,9.65207473587881,34.1530386986708,8.55918663403202,29.0262563745035,17.1083262442647,25.0730189574747,14.0482213659782,21.1887240140617,24.500963962792,20.4670697404715,7.96469271321,7.14050264808355,1,1,1,1,11.5219288519595,32.5389934907237,10.1896964601146,30.1490066282951,18.0370361184819,25.2861083016871,17.5412561455653,24.8869996127886,21.0170646387642,19.9593101681805,7.24907218320522,7.34574346722333,1,1,1,1,10.7005086498058,32.1192815151359,8.88803181947213,28.9369830514319,18.3279210606941,25.5251812613138,15.0872205740764,22.4932579452701,21.4187728653302,20.0489512319598,7.19726020061977,7.40603737119368,1,1,1,1,7.31525742272358,33.0672470804075,7.52833985816632,31.8499742704544,18.059429937943,26.5727451435354,16.1095514356943,24.5351260822064,25.751989657684,24.3216344122881,8.51331520559243,8.42557464651214,1,1,1,1
369,500,3,1,"L'Ecuyer-CMRG","10407_-222272750_-2064864159_-614003494_296552828_-1460012133_-30206463","10407_1473550609_888400033_-1599860834_1569250874_-1357756751_1056327845",2104754933,6499509,1433661568,1867119539,2072285391,2014198407,651828597,93.788999999997,6.99200000000201,6.88099999999758,2.20499999999811,2.13999999999942,486.371999999999,1,NA,"d7fd2b8c6425","not-a-git-build","bbd3d4119dab4c61438d29ca56ae93a0","confirmatory",622.968000000001,8.31134921579705,9.61315868337639,1.56162402395806,-0.946901470848339,21.2103996741523,19.1927922645603,69.0785257869302,92.4128198717748,2.43866959220298,0.896622395494747,4.80032977876516,5.46654765597444,0.582,0.999,0.438,0.967,14.6540373233194,42.6930761209828,12.8881950608254,38.9132382620453,8.21010606660123,8.65931279995993,0.193222453246761,0.779853778745426,19.841998103441,20.9195475141541,67.4058416248423,74.9836981675499,0.0373349164386969,0.608171916223521,4.77420263742655,4.97469076699333,0.6,0.997,0.508,0.99,14.6258718618097,43.8852675535461,13.1927322459611,40.1378487251482,9.63072219783782,10.60680853277,-1.36829844380574,-0.179056950597463,18.2804772063885,19.9606367848112,92.7508100519262,112.504387250842,1.8722406313212,0.0320613915572623,5.79238012403009,5.92975535888016,0.679,1,0.587,0.998,19.951735761127,60.1538790135249,18.1822636509992,54.0110941157032,7.86697853931806,9.13300751351193,-0.0308606257222337,-1.26155746219624,19.617915024472,18.8781362732124,61.889351338091,83.4118262418654,0.000952378219967792,1.59152723042302,4.78824659602833,5.33447991731107,0.669,1,0.542,0.997,15.5181672227021,51.7471419261326,15.4993246424209,51.3997701981251,10.4889170285837,31.6888604687206,8.40949548195083,31.1373055232427,16.9561950826027,25.1447733812354,15.2522264768624,22.6193250124239,21.1999434401369,22.7278100412918,8.18857829863277,7.36709853556156,1,1,1,1,8.97452488166895,28.6317110141459,9.41527057972289,32.2574583929941,16.586175119912,23.5375974204796,17.200769890445,24.8285075676588,19.657186132477,22.8421878132712,6.95142230056755,7.62773767721376,1,1,1,1,8.28197089257107,29.6830180354886,7.97420327000733,31.4680069044668,14.5013140705871,21.8092879637677,15.8923393508396,24.3386265477917,21.4010471429175,23.4938036344595,7.30797389318064,8.4462871969521,1,1,1,1,8.77424284554919,29.7065435170011,7.65417690377185,30.6203251394743,16.4123039410778,23.0676419016323,14.8650759826516,23.0173398124618,20.9323006714519,22.9661482357025,6.65533796055451,8.15226382981018,1,1,1,1
368,500,3,1,"L'Ecuyer-CMRG","10407_1807659345_1298825733_-1834495943_-1000807494_137086649_186809118","10407_238946373_1956037773_1277764504_690836888_1312784293_-1688332688",175356348,1588669055,2104754933,6499509,1433661568,1867119539,2072285391,97.1539999999986,7.35299999999916,5.52000000000044,3.02200000000084,2.05600000000049,488.605,1,NA,"d7fd2b8c6425","not-a-git-build","bbd3d4119dab4c61438d29ca56ae93a0","confirmatory",627.011999999999,6.44175368219638,8.49841461119042,-0.74067962920909,3.7540906639596,19.0176800032315,23.8832084460072,41.4961905020906,72.2230509036948,0.548606313125315,14.0931967132286,4.09309187482838,4.86608710258926,0.754,1,0.472,0.993,15.881906383848,46.6256695668089,12.3722887570143,37.6787847504585,7.02395497601298,11.2017636893864,-2.43483723090737,6.79102256895174,17.3235224015332,26.9201403509993,49.3359435050575,125.479509752855,5.92843234101268,46.1179875320118,4.37199968890301,6.37068895767997,0.72,1,0.483,0.931,16.4289561690119,48.0629840095811,14.392161354393,42.1837871503955,8.66542397017759,8.29553291227211,-2.75300430855972,3.38497057560848,17.0053553238808,23.5140883576561,75.0895725829284,68.8158662985898,7.5790327229484,11.4580257977352,5.50269382630949,5.15467815408955,0.782,1,0.74,1,21.4188188944724,65.1390741136986,18.7894987064522,58.1746243591026,10.4864685450139,9.762169151622,-2.09321848549874,3.24278143199443,17.6651411469418,23.371899214042,109.966022545566,95.2999465448802,4.38156362803363,10.5156314156878,6.05779880815555,5.71363668696635,0.667,1,0.59,1,19.8157159179104,66.0546885378407,17.3594347229564,57.3159829515743,6.43337189404477,30.427449469643,13.1914675202982,33.7639354407052,15.0863024664083,23.6323083889651,20.5791275006528,27.5717587305985,23.9940775755983,20.572467920407,8.5460059225568,6.99263122994568,1,1,1,0,5.35014514520897,28.4616148649118,16.4252174597258,37.283241058556,13.3308117574479,21.5733519248389,22.6820115827681,30.9676511090579,23.1114697197028,20.8580235988302,8.24254016739102,8.28563952628974,1,1,1,0,4.45403522235422,29.2355585119169,12.4807074911322,36.5500412709612,13.1329560076888,21.2713187488127,18.994257099697,27.4744545924982,24.7815232895627,24.069333779829,8.13836274112389,8.48019749280122,1,1,1,1,5.34302934976941,30.224276188604,10.8746658360745,36.3119856451539,13.0767964872004,21.8797472515935,19.2163581295521,27.2945575164391,24.8812468388346,25.4373198090794,8.80295076439315,8.07819938688705,1,1,1,1
371,500,3,1,"L'Ecuyer-CMRG","10407_-1527501266_1089298808_367534931_-580377743_739260775_753366305","10407_-1968263286_1050203983_593714084_-1086239927_1333743821_-32215942",2072285391,2014198407,651828597,1037379049,634203231,1764001772,1915173816,95.5960000000014,7.14800000000105,5.65999999999985,2.18100000000049,2.12800000000061,478.024000000001,1,NA,"d7fd2b8c6425","not-a-git-build","bbd3d4119dab4c61438d29ca56ae93a0","confirmatory",615.986000000001,10.2734452860405,7.74184592258508,-6.09544972181592,-0.945361127218806,14.3499658692243,18.3977071264628,105.543678045268,59.9361782890472,37.1545073111857,0.893707660856412,5.85347613853157,4.43321334732958,0.462,0.941,0.565,0.988,13.02164296766,40.3153962981288,12.4849225121101,37.6281048261748,9.42384582390336,8.01214134437785,-3.38147976610117,-1.28880188989514,17.0639358249391,18.0542663637864,88.8088701127008,64.1944089222889,11.4344054085516,1.66101031139728,5.36591901950114,4.62814673228001,0.5,0.981,0.58,1,13.5254839709929,40.9688398698364,13.6807293017107,40.5332318463546,10.7254034946488,10.0242046485462,-6.24753400606268,-2.46799868406173,14.1978815849776,16.8750695696198,115.034280123026,100.484678835935,39.0316811569096,6.09101750453043,6.25107458933677,5.81804798362845,0.58,0.992,0.62,0.994,17.8382627973906,59.3757427400314,17.8399761082175,55.3966782403418,12.8043062087573,7.33452865108874,-5.97609004380234,-1.40479975921745,14.4693255472379,17.9382684944641,163.950257487621,53.7953105336415,35.7136522116334,1.97346236349742,7.29562629925781,4.71566854494144,0.598,0.988,0.766,1,21.1489613968293,66.5651390515214,17.402249557339,56.35862343462,3.45827328119457,25.0326191244217,7.90074089761089,28.1307728453872,10.1599601610857,18.2585065856043,14.8252399694549,22.0932487653744,21.5743458432272,20.2300319477763,8.09854642451861,7.26800879591949,1,1,0,1,6.24377118559282,28.1484996591323,5.34415158757795,29.603707335088,12.8396292189674,21.1048271472762,13.9614890023263,22.294798895864,21.9047284735395,24.25955574751,8.26519792830882,8.33330989353773,1,1,1,1,1.74834881509383,26.616135718172,4.84801518747678,28.3862156976313,10.0306730975354,18.4031173564281,12.582670125155,21.2550273363606,24.8677869030781,23.5382005101545,8.37244425889273,8.67235721120566,1,1,0,1,1.42744517939228,26.0783301290838,5.86508131504826,30.0393182554394,10.3360891549846,18.9171212348419,13.9312695104433,21.6702941576383,24.6508849496916,24.1742369403912,8.58103207985738,7.73902464719496,1,1,0,1
370,500,3,1,"L'Ecuyer-CMRG","10407_1360389586_515775605_-1294779413_-2059425650_910903289_-65566803","10407_-1943496572_1390627742_-1211423272_1834827341_-502876688_930193652",1433661568,1867119539,2072285391,2014198407,651828597,1037379049,634203231,95.6759999999995,5.70500000000175,6.81400000000212,2.13300000000163,3.18599999999788,478.708000000002,1,NA,"d7fd2b8c6425","not-a-git-build","bbd3d4119dab4c61438d29ca56ae93a0","confirmatory",615.938000000002,8.11309440529088,14.2823705646299,-0.627947904757594,-11.8160048217991,19.5291723441368,8.62311922849679,65.8223008291621,203.986108945408,0.394318571089452,139.617969948779,4.68851020898645,8.84823741533156,0.595,0.998,0.302,0.727,14.2821247105434,42.9010444898204,12.202947315522,35.7616292642124,7.60672778530818,12.3758523061071,0.789549988663794,-9.68444526958724,20.9466702375582,10.7546787807086,57.8623075997796,153.161720302576,0.623389184598997,93.7884801796306,4.5510221038186,7.2702297639721,0.686,1,0.337,0.94,15.5500507463313,47.0496107665351,12.8078503395506,39.435414387487,11.8658369143058,13.1691653484721,1.71206788471603,-10.1574993225905,21.8691881336105,10.2816247277054,140.798085676901,173.426915975398,2.93117644187604,103.174792488426,6.63743911356991,7.76000162377322,0.69,0.991,0.362,0.885,21.002758776483,66.0352682389096,13.4664583351028,44.6021876670021,9.36588626430101,13.7577758498252,1.60600224897297,-11.0526670076281,21.7631224978674,9.3864570426678,87.7198255158224,189.276396334033,2.57924322370623,122.16144798151,5.38906757998451,8.29551703924772,0.564,0.993,0.298,0.819,14.839315682944,50.9137404760545,11.3124914398231,39.0276797368668,9.0206398624081,30.5406943241644,-2.59280274775978,19.6802106751104,15.5462911993803,23.1039532337067,4.77310040233945,12.9823620952722,21.5200544617563,22.2730134228702,7.55766203432648,8.20926169293279,1,0,1,0,10.770216434907,32.6717703893446,0.337082129648897,21.1645541952425,16.73659474305,24.4005650833071,6.79818467202174,14.6399841900171,21.9015539544377,20.8274720655936,7.66397034025712,7.84179951799535,1,1,1,0,10.5966375345273,35.1075920311155,-0.957797923168434,20.7932189306216,17.6215253947201,25.9361338242781,6.65138400705912,13.9255701562291,24.5109544965882,21.75101685379,8.31460842955795,7.27418614917003,1,1,1,0,10.7306783437753,33.1149954111462,0.0202267262366938,19.6731260243322,17.9733134707913,25.5468983987565,5.6722777608092,12.7349850412606,22.3843170673709,19.6528992980955,7.57358492796516,7.06270728045138,1,0,1,0
373,500,3,1,"L'Ecuyer-CMRG","10407_-2076369520_-1481185727_687574642_-644259949_-939877925_1320486360","10407_-1122469549_-693986122_-994740358_-1615454435_-664007479_-1023384352",634203231,1764001772,1915173816,2088929140,1131243390,744655758,1145783389,94.8330000000024,6.42600000000311,5.81700000000274,2.12099999999919,2.42799999999988,479.529999999999,1,NA,"d7fd2b8c6425","not-a-git-build","bbd3d4119dab4c61438d29ca56ae93a0","confirmatory",616.276000000002,7.32689236962333,9.04717662247501,0.675661190994393,1.98688048098851,20.7334096039247,21.6753405799452,53.6833517960446,81.8514048382583,0.456518045015962,3.94769404573313,4.28855436531502,5.19873694086561,0.584,1,0.388,0.981,13.0255850080572,39.2211724320937,11.4299383397272,35.2233672810089,7.14036737922374,9.57461821469312,0.702774719360196,2.3656706995498,20.7605231322905,22.0541307985064,50.9848463102825,91.6733139571333,0.493892306171802,5.59639785870845,4.33390379807214,5.50989791980343,0.688,1,0.401,0.969,15.0933594517919,45.5564667164747,12.0425100548244,37.7312042967726,6.39431023275846,8.90284789327776,1.06547998572976,0.645265430654323,21.1232283986601,20.333725529611,40.8872033527595,79.2607006108402,1.13524759999068,0.416367475997509,4.3341441031096,5.17063803966629,0.783,1,0.469,1,16.6127639213378,54.2091562942729,13.7028523109841,46.5328160061379,7.22527736273904,9.54275730364503,2.55480789663298,-0.0887143299127686,22.6125563095633,19.5997457690439,52.2046329685092,91.0642169562706,6.52704338869825,0.00787023233187155,4.44468538931012,5.48600417253524,0.634,1,0.409,0.986,14.6944964500955,47.3619510329253,12.9468538653688,42.9782160006565,8.50899194633999,33.891187722948,9.57588496951464,33.8757723212767,16.3841154186174,24.7384768057555,17.2289594178725,26.1767962477228,25.382195776608,24.299887351762,8.35436138713809,8.94783682985023,1,1,1,1,9.27297775768027,33.687864795755,10.016351428169,33.8713607681207,16.3853588849609,24.8262026954331,17.8195136912747,26.3461113287226,24.4148870380747,23.8550093399516,8.44084381047217,8.52659763744796,1,1,1,1,7.84010501779296,33.0718805637605,8.84844820508951,32.0978503361747,16.6385194541248,25.2533744475855,16.6211900590462,24.3380206488294,25.2317755459675,23.2494021310852,8.61485499346067,7.71683058978318,1,1,1,1,10.6880412221825,35.5139901870337,7.6821692772434,30.9252142751309,18.3608348976106,26.6661729597939,15.453925712195,23.8501248200476,24.8259489648512,23.2430449978875,8.30533806218328,8.3961991078525,1,1,1,1
372,500,3,1,"L'Ecuyer-CMRG","10407_474679766_-2065787904_21615355_1237554763_-1138733905_929190601","10407_-658351320_27447393_-2067199568_-73134792_958928453_-497864459",651828597,1037379049,634203231,1764001772,1915173816,2088929140,1131243390,95.1719999999987,5.68500000000131,6.91800000000148,2.06400000000212,3.22000000000116,477.858,1,NA,"d7fd2b8c6425","not-a-git-build","bbd3d4119dab4c61438d29ca56ae93a0","confirmatory",614.601999999999,7.41308706035077,9.72115863666179,2.38420384701146,-2.84211995211356,22.3696167507203,17.1239693715865,54.95385976434,94.5009252391442,5.68442798410423,8.07764582220198,4.37620084367251,5.64293342141365,0.607,0.996,0.352,0.934,13.7421024860039,42.256259451448,10.8620076952473,35.866003206453,8.8100295032032,10.3831829466078,5.59451073226007,-4.29477049424907,25.5799236359689,15.671318829451,77.6166198473108,107.810488102728,31.2985503333731,18.4450535982724,5.0961568818672,5.94881597947465,0.576,1,0.45,0.937,14.9852447421485,45.3415335365532,13.7888945174551,41.4782144536455,6.66183989611231,12.1081125423709,1.90644031531151,-5.35769997786087,21.8918532190204,14.6083893458392,44.3801108014337,146.60638933872,3.63451467584504,28.7049490527704,4.40792454628119,6.9737325948338,0.775,1,0.539,0.983,16.4219145239058,54.5443037247307,18.7342669094121,58.7305806248824,7.62005511105016,10.6285179880239,0.906689072420956,-3.62426238354933,20.8921019761298,16.3418269401507,58.0652398954417,112.965394621747,0.822085074047574,13.1352778248107,4.64408812688078,6.20907533011521,0.588,1,0.451,0.983,13.9689797847529,52.8417540615569,15.2113949941029,56.4012979614004,10.5429081210904,35.6803249356284,6.95653072210817,27.9925460370987,17.5656377847295,26.7947782547972,13.8655473048405,20.4597578312079,25.137416814538,21.0360153149905,9.22914047006769,6.59421052636735,1,1,1,1,12.6716713860094,37.3480849259595,5.63992392499604,26.3673752817973,21.1262683801312,29.946950132976,12.193617942536,18.9918092736384,24.6764135399502,20.7274513568013,8.82068175284478,6.79819133110237,1,1,0,0,9.83736980411307,33.7822039989302,2.81101038061142,25.2067912820929,17.8995217766936,26.188430930815,10.4884694667834,18.8633695888968,23.9448341948171,22.3957809014814,8.28890915412136,8.3749001221134,1,1,1,0,9.21773558097802,32.2799877664754,5.18810857964009,28.0200349840255,16.9309709057849,25.0634404894542,12.6865262623034,20.2409216701078,23.0622521854974,22.8319264043854,8.13246958366928,7.55439540780431,1,1,1,1
375,500,3,1,"L'Ecuyer-CMRG","10407_685410530_1817102545_1573624622_1051871689_922115760_1426021256","10407_-622731116_319007509_328798938_-876478853_-1459037566_320774803",1131243390,744655758,1145783389,614411281,972840688,1018718682,2106820922,96.1750000000029,7.37899999999718,5.70500000000175,2.50400000000081,2.14600000000064,489.240999999998,1,NA,"d7fd2b8c6425","not-a-git-build","bbd3d4119dab4c61438d29ca56ae93a0","confirmatory",626.281999999999,9.41552934287456,9.84225894354167,4.63074206513252,-2.1514701357379,24.4826860114699,17.6003926712327,88.6521928065319,96.8700611117259,21.4437720737878,4.62882374497205,5.39707936195493,5.64784968437773,0.59,0.999,0.43,0.962,15.9388087480716,47.1086882659604,12.8193260890379,37.5193082726113,10.854722386868,9.78085365600797,6.21099285589691,-2.21502489181703,26.0629368022343,17.5368379151536,117.824998095974,95.6650982402445,38.5764322560025,4.90633527136903,6.16053270336183,5.63943093375497,0.514,0.991,0.431,0.976,16.5063138549217,48.4460017301312,13.0759633809793,38.7251974950526,11.7372491181101,10.7544711734238,4.53169876095813,-2.54793367955921,24.3836427072955,17.2039291274114,137.763016860576,115.658650220003,20.5362936600694,6.49196603543216,6.83600424245795,6.24745313364037,0.6,0.999,0.56,0.992,20.7212349335523,63.053841781229,17.8374511684766,56.2402028260369,12.8126946775891,11.487664780317,7.07560970265566,-0.898421842509858,26.9275536489931,18.8534409644607,164.16514490112,131.966442104935,50.0642526643149,0.807161807098808,7.46801685021778,6.63708751912559,0.52,0.996,0.512,0.988,19.7790250243726,65.3511938940758,17.3726395620866,55.6636258317547,14.7419065827928,36.3193994265172,7.43469553869962,30.0567261315264,20.3996689381198,28.2527867901549,13.9315299592248,21.0393281589613,21.5774928437244,22.6220305928268,7.85311785203508,7.10779819973654,1,1,0,1,15.231214778214,37.1061115911556,5.84131722271116,29.2295141861689,22.1046303645667,29.9137088799076,13.9150768924962,21.1541737706314,21.8748968129416,23.3881969634578,7.80907851534091,7.23909687813518,1,1,0,1,11.9506264858386,36.5843044861437,7.00042904777708,28.2462473195318,20.3681572074713,28.7288744790087,13.3834974909157,20.7339522098717,24.633678000305,21.2458182717547,8.36071727153746,7.35045471895595,1,1,0,1,14.4402312340445,40.5877680768465,7.10155467262446,29.874706846745,22.4227911420156,31.2181297208085,14.8404855030945,22.66274942528,26.147536842802,22.7731521741205,8.79533857879297,7.82226392218556,1,1,0,1
374,500,3,1,"L'Ecuyer-CMRG","10407_164910488_-1824741466_2044956897_-1003497342_1726375533_1100755141","10407_43592100_-1878799451_-1122793929_893132093_1811564065_-1668960298",1915173816,2088929140,1131243390,744655758,1145783389,614411281,972840688,96.0850000000028,5.67499999999927,7.24299999999857,2.15799999999945,3.09700000000157,482.222000000002,1,NA,"d7fd2b8c6425","not-a-git-build","bbd3d4119dab4c61438d29ca56ae93a0","confirmatory",621.916000000001,13.1213270859405,9.53556549746243,-10.2204983932169,3.52730890330982,9.38672916411802,23.9446276418882,172.169224496235,90.9270093563958,104.458587405749,12.4419080993687,7.70150477654841,5.47986762254222,0.342,0.894,0.422,0.969,13.8206824984211,41.226270524659,12.3395070028515,37.3644088981713,13.5153518245887,9.75055789301167,-10.384898610154,4.21648272238625,9.22232894718093,24.6338014609647,182.664734942413,95.0733792249723,107.846119143178,17.7787265481818,7.86800399493094,5.58989546095826,0.366,0.91,0.46,0.98,14.8741830950596,44.5381677439849,13.6935375151937,40.67438876759,14.5721023454096,9.31849855071835,-9.06659815398318,4.23200461663415,10.5406294033517,24.6493233552126,212.346166765092,86.8344152397399,82.2032020858112,17.9098630752127,8.07206458552629,5.71597433382571,0.535,0.969,0.712,1,21.0767881104196,62.9533715413329,19.7947036047104,61.7845136913193,13.6426113568511,9.39326812011062,-10.7492436373262,1.2675729418496,8.8579839200087,21.684891680428,186.120844634082,88.2334859762865,115.546238774598,1.60674116290926,7.90723930852728,5.49169915281801,0.373,0.946,0.478,0.999,15.907823600674,53.7518939222654,14.0714001112737,50.0176522156135,-1.56186561570116,21.6698870021462,11.9169543703866,35.6818836918085,5.52972482889845,13.2235446893396,19.3520735253747,28.5324095007632,23.2317526178474,23.7649293214219,7.69381986044111,9.18033597538853,1,1,0,1,-1.99259948018143,20.7451847343187,13.7969357562225,37.1453931164566,5.52622227754096,12.9807665873784,20.3649842665516,29.019746709852,22.7377842145001,23.3484573602341,7.45454430983745,8.65476244330042,1,1,0,1,-0.721168751334245,21.6167824763467,11.5734032921368,37.0193800431292,6.1741134048595,14.3134371266773,20.3876108758391,29.2149001610208,22.337951227681,25.4459767509924,8.13932372181782,8.82728928518174,1,1,0,1,-3.94127802892786,21.0298258046029,7.97107657388181,33.1585683691978,4.71506640761905,13.2474810389491,17.4141853003763,25.9919476527335,24.9711038335307,25.187491795316,8.53241463133009,8.57776235235718,1,1,0,1
377,500,3,1,"L'Ecuyer-CMRG","10407_1629634720_-270464201_-1390042812_1555026162_288967539_-40077145","10407_1205160517_288681503_-732210029_-1717789070_-2004414977_1498917537",972840688,1018718682,2106820922,1795908326,104268507,1888454144,742627700,95.2489999999998,5.86699999999837,5.95999999999913,2.1820000000007,2.85399999999936,473.918000000001,1,NA,"d7fd2b8c6425","not-a-git-build","bbd3d4119dab4c61438d29ca56ae93a0","confirmatory",610.911,8.84724512135819,7.28249487984491,4.31303792734952,-4.84162337087166,23.9046766060392,15.2028290258308,78.2737462373963,53.0347316749674,18.6022961627554,23.4413168653707,5.07256236660556,4.39026943046303,0.542,0.999,0.63,1,14.8524105028197,43.9487719098842,14.6871969405514,42.6246751241619,10.6387401530424,6.36487242561458,5.73152402961943,-3.21054734837731,25.3231627083091,16.8339050483252,113.182792043956,40.5116009943488,32.8503677021049,10.3076142761726,6.08154304272164,3.98062366013782,0.49,0.976,0.734,1,15.1458874396856,45.3254243322305,14.7052127600232,43.9999125696176,12.4581088072698,13.1217450709625,6.37384670856321,-6.21734027803515,25.9654853872529,13.8271121186674,155.204475053774,172.180193707328,40.625921864262,38.6553201328782,7.09758237664539,7.44433077381604,0.59,0.968,0.588,0.954,19.7280066990164,58.1802999763114,17.1519883604784,55.3856910931977,9.26763859229189,7.72428118082638,3.40649426369075,-3.46558316599086,22.9981329423804,16.5788692307116,85.889125077338,59.6645197604685,11.604203168558,12.0102666803993,5.78823870592736,5.04681163078058,0.7,0.999,0.767,1,19.7926436222908,63.7330341348649,19.7817645455097,58.7998536692998,10.6924356304581,35.5329207098991,3.95811857740546,29.7095264451977,19.6163952642863,28.0565399971504,10.8802111414414,19.0621840010222,24.840485079441,25.7514078677923,8.44014473286412,8.18197285958073,1,1,0,0,15.2631691866505,35.9561355808855,4.59981186001836,29.7009171452959,21.6510369688996,28.7309773030496,12.6477199250041,20.8996949604895,20.6929663942351,25.1011052852775,7.07994033415003,8.25197503548548,1,1,0,1,15.966165166848,36.4950203608104,1.91399978922284,25.6706360400643,22.1027222859455,29.5496092216841,9.48683807568158,18.6180865159405,20.5288551939623,23.7566362508415,7.44688693573856,9.13124844025896,1,1,0,0,10.5286494747624,34.356427895244,2.52816783923604,29.9741885453593,19.0804890698724,27.2176843079952,11.6012262143075,21.3669601658997,23.8277784204816,27.4460207061232,8.13719523812278,9.76573395159226,1,1,1,1
376,500,3,1,"L'Ecuyer-CMRG","10407_1025747755_-257513156_1432366859_-489803676_873081957_385674754","10407_-644570417_-1450908269_-89605599_1154969578_1239863086_491647776",1145783389,614411281,972840688,1018718682,2106820922,1795908326,104268507,94.4550000000017,7.19700000000012,5.65699999999924,2.4539999999979,2.09199999999691,486.044000000002,1,NA,"d7fd2b8c6425","not-a-git-build","bbd3d4119dab4c61438d29ca56ae93a0","confirmatory",620.546999999999,6.41606259037866,9.95849368295306,0.307251265499183,3.67275893896578,20.485431486991,23.6159785200118,41.1658591636565,99.1715964334161,0.0944033401508492,13.489158223753,3.84520903465506,5.71461408317142,0.671,1,0.405,0.945,13.4967492236573,39.2212875154533,12.3175160495498,36.0990157771218,7.92749858439191,11.0523429950976,1.23310264421358,4.45025797842595,21.4112828657054,24.393477559472,62.8452338055357,122.154285681283,1.52054213116653,19.8047960745438,4.59881456301797,6.34401715718684,0.587,0.999,0.403,0.936,13.820861361577,41.996843048504,12.3215656756044,37.5224365453741,5.68817080473493,11.1280446215589,-2.31306191304743,4.44557412112432,17.8651183084444,24.3887937021704,32.3552871038388,123.833377099406,5.35025541359062,19.7631292664103,3.9921004062698,6.27625905092706,0.825,1,0.491,0.983,16.0966959363242,51.3203807349988,16.2024626280907,50.2339459408476,7.41145822881021,10.4504325223645,-1.07930779762966,3.20838325903191,19.0988724238622,23.151602840078,54.9297130773986,109.211539904494,1.16490532202419,10.2937231368362,4.75674950733568,6.01340599543727,0.678,1,0.531,0.993,16.0081708696931,55.8308521298391,16.0462217049904,50.3017100620777,8.25824408029843,31.4706268227202,13.1135638400126,33.4664181148357,16.8378892204269,24.297119718994,20.0683221754123,27.2945875326615,23.2123827424218,20.3528542748231,7.45923049856707,7.22626535724922,1,1,1,0,9.89643353247874,31.3704146526592,14.8086534601238,33.0633252856617,18.0423218766286,25.0799789774996,21.4838935049059,27.5197693084115,21.4739811201804,18.2546718255379,7.03765710087103,6.03587580350565,1,1,1,0,7.40520765585807,28.1917488004334,14.577881533268,34.1023083308328,14.0989644846483,21.710340058004,20.975043235068,27.5518124707604,20.7865411445753,19.5244267975648,7.61137557335572,6.57676923569241,1,1,1,0,7.51630530367743,29.8803263527603,13.8630520156523,32.9599934683578,15.4991447668504,22.7512876430782,19.6156068428868,26.4609209821807,22.3640210490829,19.0969414527055,7.2521428762278,6.8453141392939,1,1,1,1
379,500,3,1,"L'Ecuyer-CMRG","10407_-472387900_1996450718_332286204_760082322_-662178594_-316196808","10407_-1127253898_-2009808071_307850788_152575927_-2044578105_-729479471",104268507,1888454144,742627700,1638291586,193824052,1784049130,60885496,94.3370000000032,6.15100000000166,7.49800000000323,2.16700000000128,3.21600000000035,484.641,1,NA,"d7fd2b8c6425","not-a-git-build","bbd3d4119dab4c61438d29ca56ae93a0","confirmatory",622.681999999997,10.7793154357633,15.239447975062,-6.26279307286711,12.0012660185757,14.0811708113469,32.2588492293507,116.193641263686,232.240774584621,39.2225770735523,144.030386048619,6.01253416294193,9.15135150783161,0.39,0.948,0.301,0.741,13.0666095877643,39.6892547633521,13.3668712444408,39.1674317795595,11.6159179737782,17.7767923845318,-6.21987447837443,15.0122635597296,14.1240894058396,35.2698467705046,134.929550373544,316.014347482749,38.6868385267336,225.368057186784,6.67146866022408,11.2218093570907,0.45,0.925,0.208,0.679,14.2677172655164,43.4183631292939,13.3104654183915,40.7437769073512,12.7563534601251,16.48999825553,-5.56833466273248,11.8621060029387,14.7756292214816,32.1196892137137,162.724553599647,271.920042467383,31.006350916188,140.709558824953,7.24109050836824,9.68175750451909,0.458,0.944,0.374,0.878,16.6899440304936,51.8287659560265,18.0103308829546,55.1057754616868,8.77758814979089,19.2046209261628,-3.9611739826295,15.403786219243,16.3827899015846,35.661369430018,77.0460537273495,368.817464917611,15.6908993206609,237.27662988814,5.05227930963297,11.0862685255277,0.5,0.998,0.247,0.854,12.7264361675453,45.4866917504448,18.134429487645,51.2637685431189,2.50723643613824,24.9753832839424,20.7411542095632,43.7698893473595,9.99337684069027,17.8800248326866,28.2815320423136,36.4501723252685,22.4681468478042,23.0287351377963,7.88664799199632,8.1686402829549,1,0,0,0,2.83239739155377,24.4194096615269,23.8772375373606,45.9147105016105,10.456554333436,18.015964392764,31.2097692004091,39.2880697404643,21.5870122699731,22.0374729642499,7.55941005932808,8.07830054005522,1,0,0,0,2.79478683914659,26.5385748988888,20.694102149703,44.5116085718987,10.4989586946647,19.0616786901076,28.0637164314186,35.9359376526431,23.7437880597422,23.8175064221956,8.56271999544292,7.87222122122445,1,0,0,0,5.05540768856376,27.7290637754088,24.075226749316,47.366594465403,12.4315954511589,20.0157227252511,31.7158115697756,39.7152675667522,22.673656086845,23.291367716087,7.58412727409221,7.99945599697658,1,0,0,0
378,500,3,1,"L'Ecuyer-CMRG","10407_-671945553_1555190811_967835043_509027669_1474971921_-871325976","10407_1456656742_-1789676928_1238899893_-1851776278_1481317196_1753458522",2106820922,1795908326,104268507,1888454144,742627700,1638291586,193824052,94.6029999999992,5.65500000000247,7.09499999999753,2.11300000000119,2.41900000000169,490.347000000002,1,NA,"d7fd2b8c6425","not-a-git-build","bbd3d4119dab4c61438d29ca56ae93a0","confirmatory",626.821,8.62743978251059,8.99026478134568,4.79260081895891,1.09466401008972,25.2029810333183,20.6248732088127,74.4327172008464,80.8248608387046,22.9690226098856,1.1982892949857,4.90753063588281,5.19989351458905,0.532,0.996,0.385,0.963,12.9199850771814,38.6623406546183,11.0753657543257,32.9553694651398,8.94453297442053,9.18788380573655,3.44938306875482,-1.71868064234655,23.8597632831142,17.8115285563764,80.0046701304961,84.417208827716,11.8982435550124,2.95386315037674,5.10000930459427,5.30153271948513,0.523,0.995,0.402,0.978,13.4593498144681,41.6072127009314,11.402889747903,35.4650502470316,10.6351363395054,9.28090751575684,3.36322201671996,0.203153109772675,23.7736022310794,19.7333623084956,113.106124959869,86.1352443160318,11.3112623337499,0.0412711860103085,6.30655601414666,5.37509821984969,0.63,0.999,0.515,0.997,19.3873034785876,63.727285908351,14.7275095431843,46.4357996191514,14.5190784329611,9.24098688571731,6.50910764987615,-0.463550795117182,26.9194878642355,19.0666584036058,210.803638542477,85.3958386219992,42.3684823976762,0.214879339653772,7.8894062969388,5.42478914607311,0.461,0.971,0.506,0.999,18.6828836202406,62.4449654951811,14.5124670861589,50.86028777862,14.0083354297136,36.7961155516423,8.32463004078587,32.1530980525763,21.1902678944937,29.3049484166913,16.3659634837659,24.7233111616202,22.7877801219287,23.8284680117904,8.11468052219759,8.35734767785429,1,1,0,1,13.5169003637941,35.221867764081,6.63437426773529,29.5736243043645,19.8077983622549,27.8733344512929,14.3362392915517,21.6477375416353,21.7049674002868,22.9392500366292,8.06553608903797,7.31149825008357,1,1,1,1,10.2055379694276,37.9960548560968,8.80454182571512,30.9617097945118,18.9561889445122,28.4279128659155,15.5114115274846,24.0088082851569,27.7905168866692,22.1571679687966,9.4717239214033,8.49739675767227,1,1,1,1,14.6419488766318,40.1283934798927,6.35707879596874,31.9086595531606,22.1861273169445,31.2097509563167,14.8356084951807,23.1206799282332,25.4864446032609,25.5515807571919,9.02362363937219,8.28507143305248,1,1,0,1
381,500,3,1,"L'Ecuyer-CMRG","10407_-199728588_1186579955_-752358289_-1309603128_-2025388880_-823464951","10407_-815954920_-481695698_1299317331_1285742232_469420515_-1723020287",193824052,1784049130,60885496,2018250125,187866978,164371191,639199687,93.8230000000003,7.66400000000067,6.03999999999724,3.53600000000006,2.14800000000105,491.858,1,NA,"d7fd2b8c6425","not-a-git-build","bbd3d4119dab4c61438d29ca56ae93a0","confirmatory",626.967000000001,10.2493140392809,10.195237741674,-8.57089140701946,3.3738958220739,11.5530171729943,23.6677477349061,105.0484382758,103.942872609254,73.46017951092,11.3831730182077,5.95528602123054,5.8243438755498,0.346,0.988,0.422,0.943,13.1641211219752,39.7330096326943,12.6184774198859,37.7014441736682,10.4762128388275,11.2835920659704,-8.90624765482427,4.64241392340778,11.2176609251895,24.93626583624,109.751035444415,127.319449911231,79.3212472890629,21.5520070362504,6.09228269682736,6.42361674978909,0.389,0.994,0.435,0.928,14.7676311314248,42.9289289269205,13.9284684924762,40.9071630469805,12.3245809988627,10.2282862053824,-10.3767425727744,1.09830839377074,9.7471660072394,21.3921603066029,151.895296797527,104.617838699215,107.676786421628,1.20628132782725,7.2268414217017,5.99999336105017,0.346,0.994,0.601,0.996,15.8275463155203,51.4113753450742,18.0357588278633,57.8708003135365,12.0221389575984,12.2619705246163,-9.52441197494324,5.056089707559,10.5994966050705,25.3499416203912,144.531825115806,150.355921146558,90.7144234684422,25.5640431308841,6.94045188720347,6.99972263649788,0.437,0.999,0.511,0.973,17.1716790514259,58.7799075002492,17.7810095515776,56.2654299127711,1.77744984421252,21.868229518839,13.4579800535953,34.9534487964577,7.72148384265882,15.2331073882349,19.9088006453407,27.3894145503969,20.0907796746264,21.4954687428624,7.5116235455761,7.48061390505612,1,1,0,1,1.19597312391269,21.008970443606,13.9471867863063,36.8038088135042,7.94076180001011,14.4568605512392,21.327293217262,28.720451185988,19.8129973196933,22.8566220271979,6.51609875122907,7.39315796872596,1,1,0,0,-1.46302021676657,21.301187688739,8.92054463546225,32.7918453316532,5.74898970832213,13.3767001979662,17.5176260959677,25.749967524616,22.7642079055056,23.8713006961909,7.62771048964407,8.23234142864824,1,1,0,1,-1.40849500176814,21.881201046184,14.9345837785415,36.735974915475,6.81374833650482,14.6796890926971,20.961677269884,29.8952426916961,23.2896960479521,21.8013911369335,7.86594075619232,8.93356542181213,1,1,0,0
380,500,3,1,"L'Ecuyer-CMRG","10407_-1819708078_-1944467878_-1774399386_1663419663_-1945566954_-1898661655","10407_-1273726267_862487699_1194148672_-977094028_-1135170660_-87052089",742627700,1638291586,193824052,1784049130,60885496,2018250125,187866978,92.3149999999987,5.93299999999726,7.41800000000148,2.08500000000276,2.06199999999808,484.037,1,NA,"d7fd2b8c6425","not-a-git-build","bbd3d4119dab4c61438d29ca56ae93a0","confirmatory",619.687000000002,9.63857589763284,9.92062216367623,0.374879614415313,4.9206033851047,20.1632779494807,24.9832026346685,92.9021453344286,98.418744114424,0.140534725304174,24.2123376735038,5.60042441134408,5.61420929386588,0.616,0.992,0.447,0.99,16.7056357125757,48.5944593456506,13.6462593650272,42.5111652775765,13.5483044217063,10.0268123611389,1.44068420448475,5.94090986065287,21.2290825395502,26.0035091102167,183.556552703228,100.536966125488,2.07557097705185,35.2944099724025,7.74102283636334,5.70498204300086,0.448,0.962,0.509,0.99,17.6471717068801,51.0145848318795,15.123307153338,45.2864322433035,17.8475477698063,9.85536324998931,0.0989498483951898,5.96537573710777,19.8873481834606,26.0279749866716,318.534961395517,97.1281847892399,0.00979107249743105,35.5857076848741,10.6731447910681,5.84439582086466,0.249,0.895,0.674,1,17.4284249691013,56.3017024181523,19.3034071187932,59.7212009450728,17.8447606118034,12.9601485042152,0.116320638183652,4.94849326913977,19.9047189732491,25.0110925187036,318.435481292569,167.965449251311,0.013530490867452,24.4875856347217,10.5380952648315,7.3732941702541,0.282,0.916,0.467,0.972,18.7523345626918,57.8817624398451,17.526189569414,54.98380381106,8.55976265585139,31.9783553593706,13.2070698803179,35.9021827788386,16.3515819731892,23.9931364680698,21.3440833184873,28.7929866002143,23.4185927035192,22.6951128985206,7.64155449488061,7.44890328172701,1,1,1,0,8.22495707292297,32.3665396961472,15.061552211449,37.5527755004841,17.3877821180052,25.2595512917669,22.0536292054817,29.9271995041163,24.1415826232242,22.4912232890351,7.8717691737617,7.87357029863454,1,1,1,0,8.48236596511554,31.7001274334293,15.0521492031324,37.1818800245011,15.8119500816399,23.7632269731191,22.2546242913839,30.0498999148313,23.2177614683137,22.1297308213686,7.95127689147919,7.79527562344737,1,1,1,0,8.60086168454459,31.5406895677916,13.7508718149782,36.1650546681742,15.9827156184356,23.6916031235269,20.8043797028485,29.2469624094985,22.939827883247,22.414182853196,7.70888750509139,8.44258270664994,1,1,1,0
383,500,3,1,"L'Ecuyer-CMRG","10407_-1202612740_236321290_1660128461_-2007924360_1871915317_472223904","10407_-1731078494_-771483305_-443689361_824167588_-1460675486_2080319482",187866978,164371191,639199687,308289261,1478689931,972159597,635211101,98.0839999999989,6.77500000000146,7.27300000000105,2.2029999999977,2.15999999999985,490.670000000002,1,NA,"d7fd2b8c6425","not-a-git-build","bbd3d4119dab4c61438d29ca56ae93a0","confirmatory",631.131000000001,9.85498491907844,4.95258569608268,-6.39770421827799,1.45746599411109,13.9873549762618,21.3914130273625,97.1207277552635,24.5281050770428,40.930619264572,2.12420712399023,5.63509873275885,3.32697633390452,0.541,0.996,0.807,1,15.316097053933,45.7410783940968,13.330930792608,40.9121704201996,9.97704982426987,4.75624786202876,-6.84156849571385,0.0442209102966977,13.5434906988259,19.9781679435481,99.5415231959634,22.6218937250532,46.8070594815443,0.00195548890746859,5.73989804254319,3.26164178549808,0.472,0.98,0.845,1,14.0099095166862,42.6559146586003,13.5834030901018,40.4359050018694,9.24175988210506,9.72395330708513,-5.07119075775447,0.501798202936349,15.3138684367853,20.4357452361877,85.4101257184864,94.5552679183719,25.7169757015343,0.25180143647015,5.29574343880808,5.67255780525674,0.512,1,0.457,0.991,13.7760432911819,46.5426812388895,14.2919929534041,48.2111805711716,9.82599093543284,7.51711171810274,-5.44632908421664,-0.540584449459431,14.9387301103231,19.393362583792,96.5500978632083,56.5069685824375,29.6625004935841,0.292231546997356,5.69739042760343,4.86525566154449,0.539,1,0.737,1,15.4942168498772,54.1219036578219,18.1674590224199,54.6433000101838,2.38266679835251,25.1441237397492,9.78051505738159,31.522978276662,9.511124514779,18.5272552549918,17.6187804560675,25.2618641747586,22.7614569413967,21.7424632192804,9.01613074021278,7.64308371869111,1,1,0,1,2.3129221017285,25.4834607284247,10.2213198421734,30.2643098483525,9.27129050914913,17.5269651716515,16.318680050021,23.3016671593758,23.1705386266962,20.042990006179,8.25567466250234,6.9829871093548,1,1,0,1,4.34044255516892,27.1569430399022,9.55864700813583,31.0963285761357,10.7983524598417,19.3927595479287,17.1798896763375,23.4954970442359,22.8165004847333,21.5376815679998,8.594407088087,6.31560736789843,1,1,0,1,3.57112498279821,28.5461078712406,7.97072470458301,29.8191514408631,10.525834863758,19.0743549271004,15.6381876287349,23.2180628717551,24.9749828884424,21.8484267362801,8.54852006334241,7.57987524302023,1,1,0,1
382,500,3,1,"L'Ecuyer-CMRG","10407_-368124248_1197080756_879754869_-1339209976_1282915072_1728660733","10407_-46702877_-366583913_-932275598_-1660712074_-1455903800_380740922",60885496,2018250125,187866978,164371191,639199687,308289261,1478689931,96.2560000000012,7.31399999999849,5.55099999999948,2.77400000000125,2.09100000000035,489.147999999997,1,NA,"d7fd2b8c6425","not-a-git-build","bbd3d4119dab4c61438d29ca56ae93a0","confirmatory",626.162,6.27556193658329,7.6423471347323,-3.40390923986175,1.55907436674961,16.807409754632,21.5185648289359,39.382677619893,58.405469727751,11.5865981132162,2.43071288105569,3.88456444859352,4.42123305093414,0.71,1,0.514,0.993,13.6505053498327,43.0778987939334,11.9331409582183,37.5761771596908,6.89297458432243,7.45895594221047,-4.59325825525665,1.4808197178952,15.6180607392371,21.4403101800815,47.513098620115,55.6360237478369,21.0980213994834,2.19282703690721,4.24242443327075,4.43562253257242,0.724,1,0.668,0.998,15.3885661642276,46.8684504481472,14.5483068584783,43.2582270452012,7.07828880669987,15.6802437140735,-3.20740174060326,2.74379611234891,17.0039172538905,22.7032865745352,50.1021724310527,245.870042932742,10.2874259256248,7.52841710614099,4.6306987133837,9.04876626259846,0.809,1,0.393,0.924,18.1439602688351,58.27383379571,18.96275464943,58.5920042589158,9.49829286685148,10.450327318937,-1.76741459314444,0.830969587714506,18.4439044013493,20.7904600499008,90.2175673844817,109.209341072922,3.12375434405992,0.690510455706416,5.64019740343156,6.12032971021825,0.746,0.999,0.597,0.994,20.2469955606875,65.2998344101465,18.3647943490457,58.0054991400265,5.37985747406172,28.2516328373339,10.4790251612091,31.6963965161269,13.2428697365303,20.5348445072288,18.0173476503414,25.2624860427081,22.8717753632721,21.2173713549177,7.29197477069858,7.24513839236666,1,1,1,1,5.78246057642913,26.0548082254846,11.0635605057212,32.7279272336914,12.0569096336407,19.2054176895833,17.7466484930918,24.8351727084155,20.2723476490555,21.6643667279702,7.14850805594251,7.08852421532376,1,1,0,1,5.36703329929895,28.7378495546129,12.0709396842169,32.4911093981233,13.0228223707153,21.2455560302069,18.9657037074924,26.5127585423952,23.370816255314,20.4201697139064,8.22273365949157,7.5470548349028,1,1,1,1,5.88575318904936,32.0069703754728,10.2244777515545,32.7258252163123,14.4408307454205,22.4607537322835,16.8050655144594,24.593357223943,26.1212171864234,22.5013474647578,8.01992298686302,7.7882917094836,1,1,1,1
385,500,3,1,"L'Ecuyer-CMRG","10407_-500282504_-1072800156_1413102673_-885081069_1372000634_1257127571","10407_-488117323_900942816_958488400_-2011988523_1450490946_-10746831",1478689931,972159597,635211101,1829936049,1826841837,2092109959,1575683931,96.8149999999987,6.35299999999916,7.32900000000154,2.13099999999758,2.17399999999907,481.692999999999,1,NA,"d7fd2b8c6425","not-a-git-build","bbd3d4119dab4c61438d29ca56ae93a0","confirmatory",620.423000000003,10.6358439333758,8.72883339325255,-8.09134223934009,-3.99718807885339,12.2705321187481,15.8451137072808,113.121176175128,76.1925324071609,65.4698192341292,15.9775125377277,6.11646813590975,5.03197984108862,0.469,0.981,0.586,1,15.0653679565281,47.0672802588344,15.3209610089085,44.4133132730638,10.7005036226056,9.82780892683236,-6.69248247576759,-3.43505771040617,13.6693918823206,16.407244075728,114.500777777395,96.5858283023259,44.7893216884563,11.7996214738209,6.06445374475508,5.6056247340472,0.506,0.969,0.564,0.987,15.1915183995492,46.1988378038153,15.5654291929193,45.9697273415229,10.6179871525402,12.9264665653051,-7.16998783573312,-7.10465124970636,13.1918865223551,12.7376505364278,112.741651171509,167.093537863951,51.4087255645609,50.4760693799541,6.41079241622695,7.34195777685988,0.589,0.993,0.552,0.979,19.8214423950286,60.7406098018621,20.0751861487535,60.2306415812108,12.4840042615667,9.92365117610903,-8.92768248202156,-5.58924902351756,11.4341918760667,14.2530527626166,155.850362402815,98.4788526650901,79.7035144997946,31.239704646892,7.02058958776373,6.02745766880475,0.498,0.994,0.655,0.998,18.746001668947,61.1118467392164,19.1490430560818,60.4879894524632,0.273521194732732,24.7997404622341,2.9831002839827,29.9396482411434,7.75446715573964,16.8173125226201,11.0697847136654,20.0220090616161,24.5262192675013,26.9565479571607,9.06284536688041,8.95222434795067,1,1,0,1,2.70163092791949,25.6906426421251,4.80773489174726,27.5833914936851,9.27116728607064,17.9330752351565,12.3483375034498,20.4310025381919,22.9890117142056,22.7756566019378,8.66190794908587,8.0826650347421,1,1,0,1,-0.42972987744723,26.9550198951357,2.813957514158,23.8538427260415,9.31359906348642,17.3819364084063,8.63072220489781,16.2235406428315,27.3847497725829,21.0398852118835,8.06833734491986,7.59281843793364,1,1,0,0,0.0933818310781008,25.5600136730186,1.61312382742349,25.2062642895326,7.14529214585483,15.4227069299903,9.97325432320739,18.3554775175725,25.4666318419405,23.5931404621091,8.27741478413549,8.38222319436512,1,1,0,0
384,500,3,1,"L'Ecuyer-CMRG","10407_-1900373402_-1506194599_-995073188_-2097158313_1450163978_-798243549","10407_1995848311_1808633883_854609096_-617441803_-2033695218_1282228573",639199687,308289261,1478689931,972159597,635211101,1829936049,1826841837,95.663999999997,5.96600000000035,6.01699999999983,2.17599999999948,2.74699999999939,486.901999999998,1,NA,"d7fd2b8c6425","not-a-git-build","bbd3d4119dab4c61438d29ca56ae93a0","confirmatory",624.833999999999,12.1561928471067,6.14704668723221,-9.42150233102493,-2.83958503931922,10.5795086292435,17.2793921860122,147.773024536049,37.7861829750125,88.7647061735082,8.06324319552556,7.03361648559693,3.99877797462383,0.369,0.968,0.798,1,15.1021881044,45.4019432186573,16.0552125227215,45.9562110579642,14.5039261097744,6.68460970472982,-12.4709476075211,-2.18582585113687,7.53006335274731,17.9331513741946,210.363872597797,44.6840069045681,155.524534229536,4.77783465149822,8.71903522560519,4.22416231862012,0.26,0.909,0.725,1,15.3627529678024,46.2006191956788,16.122190147276,47.1998694238031,14.6543999424686,8.20818861557052,-12.2939615883989,-3.93883695079452,7.70704937186952,16.1801402745369,214.751437673824,67.3743603487816,151.141491537027,15.5144365249442,8.70063015886829,5.36032714823545,0.372,0.986,0.817,1,20.5414836627044,65.8577418108029,21.2958184488796,63.5143704978917,14.4185228253281,7.99147060920399,-11.7938265195493,-3.1551686835468,8.20718444071911,16.9638085417846,207.893800464507,63.8636024977711,139.094343973224,9.95508942163445,8.49279010799219,5.32121178437897,0.366,0.984,0.775,1,19.6277483762903,62.3789916103001,20.7599086674015,63.4676834121498,1.23593475578334,20.901665570116,6.23999904857779,30.0956318356968,6.55220765132945,14.0774463339398,12.7971453713531,21.4262387701478,19.6657308143326,23.855632787119,7.52523868261038,8.62909339879472,1,1,0,1,-3.31459457013865,18.4587669067185,7.03057042479604,29.6586554173144,3.75448133196603,11.3895625413529,13.8626079155694,21.8750970962422,21.7733614768571,22.6280849925184,7.63508120938691,8.01248918067281,0,1,0,1,-4.05967485542793,20.629862205562,3.97113861162762,28.8395091010816,3.35589083562287,11.8145867949844,12.0960666640007,20.1375120323912,24.6895370609899,24.868370489454,8.4586959593615,8.04144536839057,1,1,0,1,-4.0103241046782,20.3505039802616,5.31050071903509,28.7557060667166,4.11342652183563,12.0109573880119,12.6865262291363,21.3642419564889,24.3608280849398,23.4452053476815,7.89753086617628,8.67771572735267,1,1,0,1
387,500,3,1,"L'Ecuyer-CMRG","10407_-2059527146_1166029022_-152076320_-516021730_2044252427_-1623538370","10407_1354742881_-1605483562_1615569265_639065063_-616374417_2049562557",1826841837,2092109959,1575683931,1789608674,105337173,623242536,417353999,94.3950000000004,6.16300000000047,7.35699999999997,2.15600000000268,2.49500000000262,483.455000000002,1,NA,"d7fd2b8c6425","not-a-git-build","bbd3d4119dab4c61438d29ca56ae93a0","confirmatory",622.049999999999,7.30692915779559,7.55348180944541,0.817397467978108,-1.16884389156666,21.1911471384575,19.2125304413977,53.3912137170434,57.0550874456228,0.668138620657021,1.3661960428527,4.28711044194568,4.34474102610021,0.589,1,0.514,0.996,13.1905978148466,41.9583292955198,12.2862007728107,36.6886609614681,7.91900141859119,8.56404336182219,3.06739997309492,-0.229130437836517,23.4411496435744,20.1522438951279,62.7105834676493,73.3428387031707,9.40894259494271,0.0525007575431539,4.64902755982648,4.96961056786952,0.646,1,0.576,0.996,15.1108461217289,45.6195106411696,14.6075669658979,43.3730782057789,9.99967602545804,11.5539560362018,3.96355017187298,-0.989175066509119,24.3372998423524,19.3921992664553,99.9935206141204,133.493900086484,15.7097299649544,0.978467312203321,5.96705306815598,6.71760640670293,0.64,1,0.568,1,18.9734746174218,60.3644717208354,19.9286929747513,59.6598611003086,8.03918311085475,9.0441483397134,3.0138388241289,0.755894119380162,23.3875884946083,21.1372684523446,64.6284650898523,81.7966191907406,9.08322445782667,0.571375919713511,4.71368901353162,5.18661576693196,0.522,0.999,0.435,0.998,12.4735357432386,46.8450314528238,12.529857689255,41.9429091953475,8.87381240386525,32.5914818715636,7.58245536452861,29.7502857420765,17.4637251126345,25.2701806430874,15.9249360346357,23.0884003277381,23.7176694676983,22.1678303775479,7.8064555304529,7.16346429310237,1,1,1,1,12.0547741595907,34.9636535582833,10.10572236791,31.5760514301658,19.287867312556,27.6232284488514,16.2201055932203,23.9537881417525,22.9088793986926,21.4703290622558,8.33536113629533,7.73368254853217,1,1,1,1,12.3099671646579,38.1013440584895,7.79804073520899,31.0168294444634,19.4216010447602,28.8737317074115,15.1462716391684,23.299911863529,25.7913768938316,23.2187887092544,9.45213066265134,8.15364022436054,1,1,1,1,9.64766506240573,35.0560003160294,9.04414364816612,34.4261053476713,19.1231660694343,28.1040240618083,16.7169710295046,25.375744440352,25.4083352536237,25.3819616995051,8.98085799237392,8.65877341084738,1,1,1,1
386,500,3,1,"L'Ecuyer-CMRG","10407_701453435_-625128877_1873063553_1177469909_-1481968784_1180300633","10407_25844096_9980324_1579653274_-1675500949_794545382_-746527151",635211101,1829936049,1826841837,2092109959,1575683931,1789608674,105337173,95.4480000000003,5.67599999999948,7.45000000000073,2.10000000000218,2.10099999999875,485.734,1,NA,"d7fd2b8c6425","not-a-git-build","bbd3d4119dab4c61438d29ca56ae93a0","confirmatory",626.041000000001,7.14873876498486,12.2606298726932,4.74376824081725,-9.22071002659772,24.5047243934526,10.8810864701954,51.1044659299973,150.323044875177,22.5033371225864,85.0214933945997,4.27612367727687,7.09803541009599,0.662,1,0.353,0.955,14.3491407263802,43.1063530761798,13.3789749188618,41.6845468420935,6.59109766906645,10.6024183341183,3.22468070781902,-9.02837528457075,22.9856368604544,11.0734212122223,43.4425684831732,112.411274531647,10.3985656673802,81.5115602790481,4.20790264533834,6.16145085003651,0.757,1,0.361,0.996,15.9682649925136,48.7085821072238,14.9430549825144,43.780850104793,5.57814607197292,14.3651158822029,0.682138879089983,-10.814303552853,20.4430950317253,9.28749294394007,31.1157136002669,206.356554309117,0.465313450366139,116.949161333249,4.0746342233113,8.43795019802449,0.876,1,0.412,0.978,17.2614318337069,53.9956255761714,19.0195844251901,58.1282529730479,6.10759351027065,11.8247601197998,2.89370987783327,-9.61338916644524,22.6546660304686,10.4884073303479,37.3026984867002,139.824951890808,8.37355685706984,92.4172512655267,4.50239342721207,6.99105232573652,0.858,1,0.478,0.999,19.1894602335011,60.2756366536851,19.3266363395229,59.4179729983599,14.0239987544194,35.625443899758,-0.649636976806671,23.6701531841612,20.3872194448779,28.2578782264182,6.75536243080178,14.5944886721752,21.6014451453386,24.3197901609679,7.87065878154035,7.83912624137342,1,1,0,0,12.0703764831945,34.5724914971086,-0.235143591845147,23.4784267829951,18.9614390227661,27.1963655179591,6.92519197757976,14.8535075486404,22.5021150139141,23.7135703748402,8.23492649519296,7.92831557106063,1,1,1,0,8.99595641612106,32.215075589583,-3.26422289982573,22.6313040557161,16.0456778555785,24.8227485614442,5.12630423316772,13.4234619923977,23.219119173462,25.8955269555418,8.77707070586579,8.29715775922997,1,1,1,0,10.9844533513358,34.9584018029873,-2.86866919815359,24.9600878149734,18.3951226978621,26.9006840872225,5.49033984617866,15.4920805208131,23.9739484516516,27.828757013127,8.50556138936034,10.0017406746345,1,1,1,0
389,500,3,1,"L'Ecuyer-CMRG","10407_1711373746_437326481_-2035633411_-626489193_-1151501318_-1331486541","10407_-161685126_1329320763_-2143919187_-1511654501_-944668169_1569509455",105337173,623242536,417353999,1248569960,1711196545,1807380010,1655101595,95.8600000000006,7.76199999999881,5.8080000000009,3.28499999999985,2.22400000000198,481.991999999998,1,NA,"d7fd2b8c6425","not-a-git-build","bbd3d4119dab4c61438d29ca56ae93a0","confirmatory",618.585999999999,7.82925099099753,6.09298204667644,-4.15099411303719,2.38626543550649,16.1133687210372,22.4316105097852,61.2971710800358,37.1244302211214,17.2307521264694,5.69426272869298,4.66298115687409,3.89343253639902,0.66,1,0.748,1,15.7312639659628,47.3760083888635,14.7171925585747,44.4522005299331,8.19157175703023,5.76558554890716,-5.06951241634443,1.71912360860395,15.19485041773,21.7644686828827,67.1018478505754,33.2419767217671,25.6999561394703,2.95538598165948,4.99166338617611,3.82569048954073,0.658,1,0.814,1,16.7455161768346,49.7997939278065,15.0727996685642,47.1857182267093,11.5411062257269,6.43322506633671,-3.85235713661309,2.73490304437773,16.4120056974613,22.7802481186564,133.197132913513,41.386384754143,14.8406555080138,7.47969466214656,6.93196885490177,4.71152591992231,0.613,0.999,0.859,1,23.5019465194861,67.9057710343342,19.9996950032338,62.3922443546466,13.059406214275,10.2393992935558,-2.86311733539832,2.16427324657932,17.4012454986761,22.209618320858,170.548090669445,104.845297892872,8.19744087625836,4.68407868585898,7.54096103511937,6.07977378977763,0.449,0.998,0.777,1,20.5445654502301,65.5958071789092,22.1578954837083,67.2121245841766,4.92332933015324,28.0970760494379,10.5721797372285,33.4473232806788,11.829285609222,20.2329156230183,18.6279790638144,26.3118948881675,23.1737467192847,22.8751435434503,8.40363001379627,7.6839158243531,1,1,0,1,4.77107779696239,26.8269028584691,10.3105058885477,33.0453249468002,10.860407794504,19.1318194385629,18.1846958457795,25.6710965541084,22.0558250615067,22.7348190582525,8.27141164405888,7.48640070832898,1,1,0,1,4.5288202783279,27.3173808569935,10.0372352491258,34.8992662634447,12.6067108062676,20.5715971023051,18.2032801338834,27.0998224845661,22.7885605786655,24.8620310143189,7.96488629603746,8.89654235068266,1,1,1,1,6.583199757879,28.9900705770912,9.14450870156306,35.5435358078081,13.6157465341097,21.0634861296891,17.6323265087104,26.3701501493456,22.4068708192122,26.3990271062451,7.44773959557942,8.73782364063521,1,1,1,1
388,500,3,1,"L'Ecuyer-CMRG","10407_307326009_1432450553_1281973978_-1192873017_1361190642_-2097609827","10407_1365907070_1364350869_1419598960_893153483_1629360400_729335544",1575683931,1789608674,105337173,623242536,417353999,1248569960,1711196545,95.3389999999999,7.41599999999744,5.57900000000154,3.01699999999983,2.09100000000035,483.627999999997,1,NA,"d7fd2b8c6425","not-a-git-build","bbd3d4119dab4c61438d29ca56ae93a0","confirmatory",619.243000000002,12.6541536718746,8.61542778976075,9.37938215297515,3.77635049465479,29.5279798267229,23.8271522614762,160.127605151418,74.2255960005818,87.9728095715488,14.2608230584795,7.38323070155553,4.98032221622108,0.327,0.85,0.505,0.997,12.5206838371856,38.7901118550027,13.3047148184737,39.4787256408839,13.450241194637,8.41924577372682,9.95052426602336,4.04805827293757,30.0991219397711,24.0988600397589,180.908988193909,70.8836993984169,99.0129331687198,16.3867757810983,7.81437655708204,4.85777323905132,0.34,0.841,0.569,1,13.0948244942103,41.4508247154406,14.2970270981462,43.2045220358589,14.6115453034951,7.6335971509071,10.4036551624138,2.33180979621315,30.5522528361616,22.3826115630345,213.497256156089,58.271805462337,108.23604073842,5.43733692571561,8.26056377523649,4.72490323795362,0.351,0.874,0.716,1,14.907450433378,48.4819902654529,16.8256427342728,53.33664746113,15.4452741653171,9.25557775107567,11.885922449854,2.92217042300533,32.0345201236017,22.9729721898267,238.556494041811,85.665719506207,141.275152483942,8.53907998108717,9.05226283010265,5.35992380651492,0.272,0.83,0.412,0.988,12.4627941989811,49.0408574980397,12.1792695496681,41.7686439985694,18.0661941970515,41.5038466074157,11.3878738568219,36.4722029692265,25.8906414027825,33.2981090850426,19.4276896873472,28.2578629426602,23.4376524103643,25.0843291124046,7.40746768226015,8.83017325531307,1,1,0,1,20.4207468308566,41.2896317545342,11.8894401509366,36.5658026961178,26.1899622095365,33.6654427675778,19.6531659329668,28.1490075301935,20.8688849236776,24.6763625451812,7.47548055804128,8.49584159722674,0,1,0,1,19.014547866012,41.5070586909971,8.42143183286005,34.7220056384129,26.5611921389546,34.6389228589629,18.4278384928105,26.3777172898671,22.4925108249851,26.3005738055528,8.07773072000827,7.94987879705662,1,1,0,1,20.7326443314161,44.2526107186162,11.4831131341179,33.8480406192393,27.4415496220257,36.453334513491,18.9940918378373,27.2853169305701,23.5199663872001,22.3649274851214,9.01178489146526,8.29122509273277,0,1,0,1
391,500,3,1,"L'Ecuyer-CMRG","10407_-1878002046_1209867064_-92600914_-1081145784_-1365193409_2046621209","10407_1337476087_1922282690_-1229794213_1518759269_454105248_531294210",1711196545,1807380010,1655101595,1196918616,123978268,118606298,1002142885,95.9880000000012,7.12900000000081,7.45699999999852,2.1820000000007,2.13200000000143,488.5,1,NA,"d7fd2b8c6425","not-a-git-build","bbd3d4119dab4c61438d29ca56ae93a0","confirmatory",627.620000000003,9.42582360936395,16.2113294556468,-6.16552887643001,-13.7877603928195,13.8665546980181,5.76308405711592,88.8461507148429,262.80720271952,38.0137463260923,190.102336649802,5.36221139392263,10.2067538587272,0.499,0.987,0.225,0.706,13.3410624029143,41.5205092205787,12.4211047218026,38.1330283867769,10.2935428923191,16.8278793882847,-8.65274209198734,-13.6736572168442,11.3793414824608,5.8771872330912,105.957025276013,283.177524706656,74.8699457104495,186.968901683756,5.99280807734842,10.2631011748509,0.481,0.997,0.269,0.757,17.0209177565264,50.407871249143,14.4782772030046,42.9353576281173,11.2813463408366,19.0831990679256,-7.88266770085543,-15.5428785435506,12.1494158735927,4.00796590638477,127.268775261907,364.168486666075,62.1364500821094,241.581073419567,6.60113842145202,11.2857790224056,0.677,1,0.313,0.844,22.450379676596,66.8313666634693,18.6716795799037,58.103311583968,10.4671689968225,19.2529473410893,-7.4743990080407,-16.623146702525,12.5576845664074,2.9276977474104,109.561626808042,370.675981318759,55.8666405313999,276.329006293668,5.99855880405063,11.8612078048365,0.652,0.999,0.219,0.747,20.1063550826108,59.0974875863024,15.9634899080627,51.0285192901426,1.45153628208035,24.6678275643691,-5.75815675161585,16.3419065187602,9.90533702626697,18.045520924427,1.4749457263631,10.199023896325,23.2162912822888,22.1000632703761,8.14018389816001,8.72407816996193,1,0,0,0,-1.57933437834348,22.909813755565,-5.27704864128974,16.4402688953681,7.04161342553657,16.1430239783312,1.9085967865457,9.68812302730637,24.4891481339085,21.7173175366578,9.10141055279464,7.77952624076067,1,0,0,0,-1.14076164877341,24.903772500509,-8.28177560220012,14.8203670567698,7.79345089934896,16.2030317387677,0.0578066554056487,8.0248774289077,26.0445341492824,23.1021426589699,8.40958083941874,7.96707077350205,1,0,0,0,0.77611275245169,25.9778213120182,-9.20608555739,13.8856285668896,8.0894378373799,16.8210129204137,-0.952964389907027,6.95871705900089,25.2017085595665,23.0917141242796,8.73157508303384,7.91168144890792,1,0,0,0
390,500,3,1,"L'Ecuyer-CMRG","10407_-516713415_2051922822_-2130370339_-1540627687_1711411590_531039801","10407_-1349199369_2079494027_522969392_110567280_351910667_-556126324",417353999,1248569960,1711196545,1807380010,1655101595,1196918616,123978268,93.9320000000007,5.78900000000067,6.97800000000279,2.10099999999875,2.05299999999988,492.023000000001,1,NA,"d7fd2b8c6425","not-a-git-build","bbd3d4119dab4c61438d29ca56ae93a0","confirmatory",627.935999999998,10.0621215597674,12.1491569839779,-7.02201398652527,-8.44983859375083,13.3016073950735,11.7736379061394,101.246290283537,147.60201542134,49.3086804269565,71.3997722604411,5.69915931372819,7.29313447266747,0.434,0.991,0.325,0.734,12.8315527161085,39.8378668802137,10.0820245389355,32.2671094176023,10.9969365796487,13.0885259813947,-8.1292309760571,-9.75122551669216,12.1943904055417,10.4722509831981,120.932614136815,171.309512365643,66.0843962620863,95.0863990773884,6.33302811191467,7.81520927773253,0.452,0.977,0.353,0.797,14.6077222894049,44.8697439107246,12.3659512318532,37.0505718454573,12.3719563229561,13.1983496932886,-9.54695576280048,-9.68258741151011,10.7766656187983,10.5408890883801,153.065303257134,174.196434626331,91.1443643368693,93.7524989815341,7.25370787164745,7.64500812538891,0.521,0.982,0.387,0.92,19.9689604401179,63.3452034810673,14.4050316820655,49.9996009934185,11.7087660652917,13.3316412211089,-9.49910226384482,-9.69117409731437,10.824519117754,10.5323024025759,137.095202771726,177.732657648371,90.2329438189817,93.918855384457,6.87394059999039,7.75941897783555,0.425,0.985,0.341,0.908,16.3248159220118,57.0875495451246,13.3306504427462,45.8866350573705,2.17287438378643,24.4132129457668,1.07222882160658,20.8521761562292,9.36357088245493,17.2839893956834,8.6011512271459,15.1553003284392,22.2403385619804,19.7799473346226,7.92041851322849,6.55414910129334,1,1,0,0,0.611685297812622,22.3962920181519,0.109231180892999,21.4014469452681,8.50955588784216,16.317940144455,6.22295267231886,14.3802812464695,21.7846067203393,21.2922157643751,7.80838425661284,8.15732857415059,1,1,0,0,-0.616481306479493,24.1653816055091,-2.07785223501365,22.8650977089268,6.45562172183665,14.5854332672266,6.12667192415783,14.5179415187321,24.7818629119886,24.9429499439405,8.12981154538994,8.3912695945743,1,1,0,0,-2.17485118379442,21.9105748771032,-1.17928731328898,21.9487363043057,7.01498284871777,14.8663952642515,6.52033063268887,14.3915408861338,24.0854260608976,23.1280236175947,7.85141241553375,7.87121025344489,1,1,0,0
393,500,3,1,"L'Ecuyer-CMRG","10407_1707716061_1765349435_399837618_921904183_-54323928_1003821237","10407_-2108864130_-1410142556_-1842133436_-596076123_139337832_-1847210681",123978268,118606298,1002142885,142826988,1237016114,714673881,1390103939,96.4130000000005,7.7489999999998,6.40300000000207,2.21800000000076,2.20699999999852,482.713,1,NA,"d7fd2b8c6425","not-a-git-build","bbd3d4119dab4c61438d29ca56ae93a0","confirmatory",620.541000000001,12.8480959303731,7.4296103071749,3.32073456268499,-1.73394190251433,23.2999224491836,18.866562972046,165.07356903607,55.1991093164795,11.0272780358107,3.00655452129502,7.40027975794671,4.3168448857616,0.372,0.97,0.585,0.994,15.7814758748711,47.1868483691272,12.7809830582603,38.7631432268682,15.0513853057592,7.67985991975069,1.23480593981996,-2.4059221406553,21.2139938263186,18.194582733905,226.544199622424,58.980248386993,1.52474570901465,5.78846134689539,8.70231551284387,4.4651979077657,0.393,0.896,0.61,1,17.2712818495272,50.6246887063557,13.7528183198861,41.6297457390021,20.4710917963262,11.354576171908,2.1471902061262,-4.64334493517759,22.1263780926249,15.9571599393827,419.065599333614,128.926400043662,4.61042578128426,21.5606521870394,12.2034079665824,6.52473504698857,0.254,0.814,0.584,0.992,17.3560749469745,54.1860611082611,19.1577666394737,58.3655235155318,19.5348117032185,7.15802633168132,3.78725178667962,-4.28054771163161,23.7664396731783,16.3199571629287,381.608868280202,51.2373409650432,14.343276095708,18.3230887115546,11.7936487302599,4.59350507630739,0.2,0.888,0.729,1,17.9449436337666,59.2482862921467,16.1130352441927,52.8206612236454,12.8571922151729,34.7366542542285,7.97421408182741,31.3992835623409,19.0554778689023,27.3594665676763,14.8461481646771,22.5210341113758,21.8794620390556,23.4250694805135,8.30398869877397,7.67488594669862,1,1,1,1,9.24142744545933,31.8909345060123,5.47103372706005,29.517278411634,17.3874412381799,25.656007093326,14.5509668076805,22.1643975996247,22.6495070605529,24.0462446845739,8.26856585514612,7.61343079194418,1,1,1,1,11.5906273741912,34.1181286325911,4.83619499702471,26.0190723990256,18.2785812791304,25.9906819381316,12.3417320060209,19.7681541297507,22.5275012583999,21.1828774020009,7.71210065900121,7.42642212372977,1,1,1,0,11.0306121471327,35.7684750656522,4.58834351691841,28.4337319747091,20.0203594908055,27.5965889267392,12.4252822960946,20.4863740816138,24.7378629185195,23.8453884577907,7.57622943593372,8.06109178551914,1,1,0,0
392,500,3,1,"L'Ecuyer-CMRG","10407_-1582189922_-585833378_-64144869_1912901479_1766491900_1294414624","10407_-1401512008_1484439927_-1612799725_-1147076033_-1174576755_131535696",1655101595,1196918616,123978268,118606298,1002142885,142826988,1237016114,95.4150000000009,7.05900000000111,5.78299999999945,2.15500000000247,2.11299999999756,489.367000000002,1,NA,"d7fd2b8c6425","not-a-git-build","bbd3d4119dab4c61438d29ca56ae93a0","confirmatory",626.835999999999,6.75464081772016,6.33420671462294,-3.0069025521943,2.41193942030801,17.1452630129636,22.5814726583494,45.6251725764112,40.1221747035743,9.0414629583926,5.81745176723572,4.30997181459089,3.89544578069546,0.802,1,0.688,1,17.0725061948833,50.2007892312418,14.0421693516122,41.3733068219694,5.78762770890341,5.93048068489651,-3.9762272560257,2.78695136219543,16.1759383091322,22.9564846002369,33.4966344968665,35.1706011539306,15.8103831915617,7.76709789524297,3.95657642489046,3.76316860909708,0.82,1,0.775,1,16.4068270161401,48.2138739730923,14.5512553066413,42.3491389186768,9.70304023855703,6.6706285764479,-3.69667269005587,1.92665074585299,16.455492875102,22.0961839838944,94.1489898710569,44.4972856049233,13.6653889774049,3.71198309649588,5.91391929560185,4.68717315232595,0.616,0.999,0.888,1,19.539560178246,59.0974108826191,19.6170932850803,61.4257599696275,7.38127346035246,6.72934553527926,-4.74957108831978,1.15510867816746,15.4025944768381,21.3246419162089,54.4831978965036,45.2840913331829,22.5584255230032,1.33427605837777,5.16803613742262,4.58130988567487,0.799,1,0.807,1,20.6738251463083,64.7666796371068,18.3903360109137,57.521861206996,4.08124331267664,29.8570671653597,12.3149080278226,33.5718658502422,12.7129249578659,21.7651640780987,18.2889614405965,26.5507161077322,25.775823852683,21.2569578224197,9.0522391202328,8.26175466713568,1,1,1,1,3.5908666868961,26.8671939072966,10.8998685601755,33.1775537467488,12.4120317368411,19.9565860869798,19.0924475779795,27.0560413413239,23.2763272204005,22.2776851865733,7.54455435013865,7.96359376334434,1,1,0,1,5.17056544316887,27.0139975654443,11.4588915100643,32.9070567600198,12.5141016739874,20.4171507219092,18.3717383259218,25.8094466765379,21.8434321222754,21.4481652499555,7.90304904792175,7.43770835061608,1,1,1,1,3.86800809468904,26.9900981238238,9.63357476028692,32.3336548214838,11.3815312433051,19.4226700119449,17.6993610748283,25.4448679045202,23.1220900291347,22.7000800611969,8.04113876863981,7.74550682969183,1,1,0,1
395,500,3,1,"L'Ecuyer-CMRG","10407_407493213_320637858_1238928604_1429132806_1919043556_996742468","10407_755630319_-1269440063_671102462_2005053520_280499776_-1885884448",1237016114,714673881,1390103939,953534393,1402956380,186974579,102076567,95.4560000000019,6.14899999999761,7.53899999999703,2.25,3.14999999999782,488.131000000001,1,NA,"d7fd2b8c6425","not-a-git-build","bbd3d4119dab4c61438d29ca56ae93a0","confirmatory",626.446,9.71325651860428,12.3763050873405,5.84867060429821,9.03438187185805,25.9678234316924,28.8849153108328,94.3473521962086,153.172927614931,34.206947837582,81.6200558065574,5.55490635248771,7.24776434293715,0.44,0.953,0.365,0.867,11.7819084521225,38.4444498042207,11.9228234814787,39.4812063931834,11.1864857629332,14.2202770658452,7.84688377829234,9.11003845970864,27.9660366056865,28.9605718986834,125.137463724308,202.216279829404,61.5735850300275,82.9928007373706,6.40314624504277,8.27717021368734,0.423,0.934,0.41,0.846,13.4788109895067,42.6878735311403,15.8739926541262,46.9167730559547,12.5737105504882,18.8514601991719,7.73620267926719,8.98137002303083,27.8553555066613,28.8319034620056,158.098197007458,355.377551640963,59.8488318947008,80.6650074905968,7.22197423651347,11.3359797717077,0.437,0.931,0.279,0.83,15.520174439814,52.2996250522902,17.7240203096401,55.189630483974,11.5302613049147,14.2580995898261,7.59903556107095,8.27029303912096,27.7181883884651,28.1208264780957,132.946925759613,203.293403913401,57.7453414584209,68.3977469529326,6.51601684011889,8.33208937159608,0.431,0.966,0.42,0.959,13.5253764281762,45.1641695980041,18.4456283179267,54.8585783040511,14.6580932879023,37.0370827266419,18.3728758449053,39.7809261738731,22.1061218124933,30.0287246297919,25.5375105072385,32.4707152824078,22.3789894387397,21.4080503289679,7.92260281729865,6.93320477516934,1,1,0,0,16.3996900619122,40.1376036337139,18.2020946679574,40.5486422718951,24.1615132756292,31.8700442010207,24.3759144000987,33.481735948524,23.7379135718016,22.3465476039377,7.70853092539148,9.10582154842531,1,1,0,0,16.5210216355811,39.0049097526509,17.5924544188484,39.5312557771919,23.9384898581763,31.8339280965158,24.8799192140424,32.8016896253992,22.4838881170698,21.9388013583435,7.89543823833957,7.92177041135682,1,1,0,0,15.4877643785641,39.1384935140853,14.6981822185785,39.832491197715,23.8191380808321,31.8326127280838,23.9999806458327,32.4664175911445,23.6507291355213,25.1343089791365,8.01347464725168,8.46643694531176,1,1,0,0
394,500,3,1,"L'Ecuyer-CMRG","10407_796938225_-2042470408_-964103666_1376851800_1236646234_2141652748","10407_1738905389_-1583399922_-22139349_1458109176_368023133_-105646416",1002142885,142826988,1237016114,714673881,1390103939,953534393,1402956380,93.630000000001,7.4330000000009,5.66700000000128,2.4419999999991,2.13899999999921,473.724999999999,1,NA,"d7fd2b8c6425","not-a-git-build","bbd3d4119dab4c61438d29ca56ae93a0","confirmatory",607.778000000002,6.67813964119207,9.58582718432224,-2.14872723552038,2.33516659860608,17.6425397184582,22.7769777438071,44.597549067261,91.8880828076912,4.61702873266707,5.45300304324547,4.03564539785129,5.53279042593332,0.681,1,0.387,0.945,13.9604416784735,41.9624696836633,12.1738020415303,36.1696076106568,8.61939797944969,9.49761062029586,-0.459799765903089,1.9043570185984,19.3314671880755,22.3461681637994,74.2940215281414,90.2046074947566,0.211415824724535,3.62657565428499,4.95967344645564,5.48289817505076,0.575,1,0.384,0.963,14.5683707585086,43.276135403767,11.4925696727463,35.6066393979885,11.6533363373989,9.52719353671881,-1.76707918496756,1.20056915809076,18.024187769011,21.6423803032918,135.800247792542,90.7674166860967,3.12256884594562,1.44136630335875,6.74582424468852,5.48042324231906,0.499,0.993,0.448,0.996,17.9109305750316,55.1855024545794,13.8117585550984,44.7662400489035,11.5565215118153,10.8180484945667,0.107208639777749,4.51670266425253,19.8984755937563,24.9585138094536,133.553189453049,117.030173230797,0.0114936924429951,20.4006029572659,6.74350646059498,6.19667344205883,0.457,0.996,0.492,0.996,18.5914894792484,58.0069851941997,16.1016466872574,53.2686488456575,6.72537681245103,28.9052855521517,11.5347607137293,35.2047231014973,13.943783911257,21.4100254130221,18.3793611408871,26.8514280450883,22.1799087397006,23.669962387768,7.46624150176514,8.47206690420121,1,1,1,1,8.24546445200334,29.6308432382613,12.1656070763071,31.8508298177188,15.6477911698674,23.1782444112051,19.2562615595688,25.6072011886864,21.3853787862579,19.6852227414117,7.53045324133771,6.35093962911757,1,1,1,1,5.53480998984292,30.0925762982222,10.5045088188907,33.7962503893017,14.0507550092135,22.0089167073197,17.616791255595,25.2738384896344,24.5577663083793,23.291741570411,7.9581616981062,7.65704723403932,1,1,1,1,6.62217630132788,31.2804050897028,12.3812575458669,37.6920333640209,15.478963575997,24.1898563408402,20.6209991674895,28.932333657386,24.658228788375,25.310775818154,8.71089276484316,8.31133448989656,1,1,1,0
397,500,3,1,"L'Ecuyer-CMRG","10407_-1137703939_1646968803_-344023744_1630995951_-649484647_-1481474871","10407_1609602314_1057723141_389780772_-1139817352_-1749283688_-1671797946",1402956380,186974579,102076567,2127226535,1854105018,2008250644,422808661,95.773000000001,6.3279999999977,6.82300000000032,2.18400000000111,2.16500000000087,478.591,1,NA,"d7fd2b8c6425","not-a-git-build","bbd3d4119dab4c61438d29ca56ae93a0","confirmatory",615.796999999999,9.70439481072062,8.70803842534063,-2.3174209990012,2.97186711874318,17.6381011402967,23.3383728601744,94.1752786423413,75.8299332172089,5.37044008661174,8.83199417146689,5.41068471802644,4.9766366638086,0.494,0.963,0.493,0.989,13.2288939956699,42.0803923453285,13.145958099048,40.3927289526801,9.45446198658519,8.66493256910321,-3.04257129145088,3.81063506600249,16.9129508478471,24.1771408074337,89.3868514557844,75.0810564271055,9.25724006356105,14.5209396062478,5.32285916947985,4.99145438037297,0.509,0.973,0.53,0.984,13.3151854174169,41.5669477701505,13.5132542038708,40.7996431264166,13.9110040525279,9.46360877742639,-2.21028121860702,3.39981882270226,17.7452409206909,23.7663245641335,193.516033749448,89.5598910921818,4.88534306532691,11.5587680272006,7.60278225258621,5.5290966025813,0.571,0.98,0.512,0.999,20.7909511400525,64.9248128102852,14.8146243954596,50.7587963477201,13.2421908813258,8.53297311350381,-3.128060914812,3.85565964465056,16.8274612244859,24.2221653860818,175.355619337467,72.811630155779,9.78476508677449,14.8661112953869,7.15466955361773,5.0981085059523,0.51,0.969,0.588,1,18.4091950601403,59.7845166303005,15.6759295599356,52.4818514245555,6.02670472984025,28.6402447895613,12.0927890770947,34.9700789092254,14.1686702189402,21.4873940249616,19.269856539866,27.3511316702999,22.613540059721,22.8772898321307,7.31872380602141,8.08127513043386,1,1,1,1,6.30547548606106,27.447894292584,14.1101861841086,32.5276735286304,12.9157755032025,20.6117597985319,21.1511567201715,27.5614023881987,21.142418806523,18.4174873445218,7.69598429532945,6.41024566802717,1,1,1,0,7.08508737057029,28.5582644152056,11.6302347727003,36.4156708376161,13.734894548966,21.5356779600448,19.8155855310091,27.5566612587325,21.4731770446353,24.7854360649158,7.80078341107882,7.74107572772339,1,1,1,1,3.84939692463027,29.4790213549507,13.3411115139469,35.192667353656,12.2172938982603,21.1257612589792,20.2197266120121,27.9904298434026,25.6296244303204,21.851555839709,8.90846736071888,7.77070323139057,1,1,1,1
396,500,3,1,"L'Ecuyer-CMRG","10407_-1498797382_210217018_2125131436_-1064395269_-1872796554_1327994294","10407_-872913577_872256208_1416249148_595118131_509189513_-432537567",1390103939,953534393,1402956380,186974579,102076567,2127226535,1854105018,95.9850000000006,5.70500000000175,7.32200000000012,2.22699999999895,2.49499999999898,488.838,1,NA,"d7fd2b8c6425","not-a-git-build","bbd3d4119dab4c61438d29ca56ae93a0","confirmatory",627.185000000001,6.40252554323254,9.37208682257219,-1.92266129004588,6.34575688372595,18.1538261981674,26.3144889568272,40.9923333317451,87.8360114098314,3.69662643624089,40.2686304273552,3.92468884124198,5.38462078129218,0.705,1,0.442,0.999,13.9002839990177,42.3766551865496,12.6506348601277,39.0590500157883,6.19578647233209,7.82792163346701,-1.17991431690562,4.9455611785861,18.8965731713077,24.9142932516874,38.3877700107334,61.2763570997008,1.39219779523886,24.4585753711379,3.99620820697458,4.54496071994654,0.784,1,0.588,1,15.8354228842226,46.0683940793127,13.9895640007838,42.7361446156252,11.1524433203541,8.51443221863002,-0.140547863622189,5.36399455672925,19.9359396245911,25.3327266298305,124.376992013712,72.495556005645,0.0197537019687613,28.7724376046211,6.85530362758308,5.18628923586836,0.616,1,0.727,1,23.458821312,66.4427518297684,18.6890546287163,56.5887247520052,7.13305186497543,8.82699220503076,-0.228375625627365,5.56834887376704,19.848111862586,25.5370809468683,50.8804289084295,77.9157913876737,0.0521554263806903,31.0065091799827,4.81779950125781,5.33973089056694,0.808,1,0.573,1,18.0683501695199,62.029510148153,16.0133212338495,56.9057270888996,6.31531614472506,29.6803556405928,14.8326468301918,36.6146236277891,13.9788998928451,22.3600776730059,22.9181262338363,29.9765482298827,23.3650394958677,21.7819767975974,8.38117778016086,7.05842199604639,1,1,1,0,7.33159731030016,30.4871394550471,12.4544109063795,35.9151160105983,14.521564560064,22.9454911038031,20.9066617491777,29.3944488801397,23.1555421447469,23.4607051042189,8.42392654373904,8.48778713096198,1,1,1,0,7.22039487150923,34.2616262442022,13.4092848652881,37.0799500797613,15.152927777474,24.3382582575737,21.2899095873765,29.3882969189808,27.041231372693,23.6706652144732,9.18533048009962,8.09838733160425,1,1,1,0,7.50671250983064,32.0064324626837,13.6970299815281,37.1953925499284,15.3547963848435,24.0182708676208,21.4279195644304,29.8752863273341,24.499719952853,23.4983625684003,8.66347448277737,8.4473667629037,1,1,1,0
399,500,3,1,"L'Ecuyer-CMRG","10407_1309282455_-397564543_1341862798_1466960030_-1422285605_-620294468","10407_-747399493_-711107256_-494569900_-421120621_-935834442_-783077279",1854105018,2008250644,422808661,193033248,1046827778,1158493692,2015772371,95.3489999999983,7.73800000000119,6.23499999999694,2.32600000000093,2.16200000000026,484.275000000001,1,NA,"d7fd2b8c6425","not-a-git-build","bbd3d4119dab4c61438d29ca56ae93a0","confirmatory",620.708999999999,5.69396299342909,10.1365097756184,0.0172848451707885,-1.66467103464266,19.9406453176131,18.2134775703415,32.42121457054,102.748830431207,0.000298765872578132,2.77112965357825,3.73940951177574,5.76256711268098,0.796,1,0.432,0.961,14.9123479715291,44.8890340397355,12.7014040989819,38.4277681665502,6.70465705263311,8.78825563401178,-0.751663396927459,-0.293511628341204,19.1716970755149,19.5846369766429,44.9524261934229,77.2334370887398,0.564997862280526,0.0861490759715048,4.10222021428153,5.04976825456457,0.673,1,0.549,0.999,14.2822703876424,43.856785867521,14.9576372544113,44.8403695414515,8.33428649362723,9.91007729347851,-0.610887582788624,-0.953566234738091,19.3124728896537,18.9245823702461,69.4603313578573,98.2096319627183,0.373183638805328,0.909288564032579,5.18618362381182,5.79665182720593,0.653,1,0.573,1,18.2592676657468,54.98643932134,18.7775676811691,55.4652953680286,7.74801223384778,10.3151019405433,0.883806318699399,-0.0845927289510264,20.8071667911417,19.7935558760331,60.0316935758549,106.4013280438,0.781113608972984,0.00715592979138182,5.13380413149091,5.95162885830351,0.746,1,0.602,0.999,19.6572297478774,62.0624705945953,18.8708044194673,57.2415613261539,7.27452221514651,30.9522106392905,7.5871830243865,28.2279078942965,16.2512820712457,23.9660926518159,14.4445023889278,22.1940550248157,23.677688424144,20.64072486991,7.71481058057022,7.74955263588787,1,1,1,1,9.19534275320894,29.7091445009848,8.85008292843123,31.9273849464342,15.2722866881814,22.976832035054,15.7024315100363,23.0683947310977,20.5138017477759,23.077302018003,7.70454534687266,7.36596322106131,1,1,1,1,8.19263024333439,29.301524231511,8.06802067042675,30.7413372143766,15.5481044031812,22.9778456817963,15.0547413625559,22.5637597680964,21.1088939881766,22.6733165439499,7.42974127861509,7.50901840554051,1,1,1,1,10.4083288017302,32.6951387903153,9.85962569340821,30.5194361025538,16.8952043271563,24.6686210149934,16.0933664264061,23.352354108707,22.2868099885851,20.6598104091456,7.7734166878371,7.2589876823009,1,1,1,1
398,500,3,1,"L'Ecuyer-CMRG","10407_1782659951_-1820535108_-1492051874_980305339_-622839287_1263719458","10407_212272702_572467201_1757820002_-1276102537_927861881_1808749547",102076567,2127226535,1854105018,2008250644,422808661,193033248,1046827778,96.0780000000013,6.38700000000244,6.35399999999936,2.08500000000276,2.09400000000096,478.934000000001,1,NA,"d7fd2b8c6425","not-a-git-build","bbd3d4119dab4c61438d29ca56ae93a0","confirmatory",614.612000000001,8.71319039789123,9.43776787044478,-0.950848222438939,-2.22866507866291,19.0941561776926,18.3620898491127,75.919686909904,89.0714623763999,0.90411234211529,4.96694803285157,4.99331657136501,5.43443549598244,0.538,0.997,0.435,0.979,13.8443666691146,42.1412146821674,12.7549960105485,38.8279101880844,9.48514108870442,11.0149253128301,-1.34028510362509,-5.24762420219364,18.7047192965064,15.343130725582,89.9679014726289,121.328579647225,1.79636415899931,27.5375597674484,5.43518438160989,6.31846806911275,0.592,0.995,0.418,0.973,16.181425901161,48.4061925296169,14.3750224208909,43.6043595650641,12.9781363116976,12.7305946694865,-0.687781753193402,-4.52567529769898,19.3572226469381,16.0650796300766,168.432022125003,162.068040638757,0.47304374002579,20.4817369002028,7.45263448876452,7.30019471652733,0.512,0.995,0.503,0.982,20.8881760386855,64.3177566474994,18.8262349183692,56.970221257897,10.739550602604,10.4216350894336,-0.643836025018324,-2.84019152186232,19.4011683751132,17.7505634059133,115.337947145893,108.610477937313,0.414524827111396,8.06668788085858,6.27379664737861,6.21847959450522,0.653,1,0.57,0.997,20.276052253708,65.6196674189428,18.9855571898503,61.3126962267864,6.89261084226228,28.8828035323183,6.18220222382173,29.8505952065413,15.7313926340544,23.2299763940015,14.7528167016092,22.5639474635222,21.990192690056,23.6683929827196,7.49858375994704,7.81113076191294,1,1,1,1,8.72069163179461,30.1311316768323,2.01889215693932,27.5279368916933,14.818075489973,22.4953911736967,11.2512922582511,19.7699318139073,21.4104400450377,25.509044734754,7.67731568372373,8.51863955565621,1,1,1,0,7.05573224659988,32.4802232804248,3.43930584709249,28.3284623637796,15.1917894414023,23.195525776958,11.8616812599073,20.4672783975509,25.4244910338249,24.8891565166871,8.00373633555568,8.60559713764365,1,1,1,0,6.65657698900949,31.556125189854,3.87042485927957,31.5096580798525,15.0847326035465,23.9685719897401,12.8458464548088,22.7306716699243,24.8995482008445,27.639233220573,8.88383938619359,9.88482521511549,1,1,1,1
