"seed","n","dgp","seed_cell_master","rng_kind","seed_data_hash","seed_fit_hash","model_seed_propensity","model_seed_mvbcf","model_seed_bcf1","model_seed_bcf2","model_seed_bart1","model_seed_bart2","model_seed_mvbart","fit_seconds_mvbcf","fit_seconds_bcf1","fit_seconds_bcf2","fit_seconds_bart1","fit_seconds_bart2","fit_seconds_mvbart","converged_flag","error_message","hostname","git_sha","session_hash","seq_phase","replication_seconds","mvbcf_pehe1","mvbcf_pehe2","mvbcf_bias1","mvbcf_bias2","mvbcf_ate1","mvbcf_ate2","mvbcf_crmse1","mvbcf_crmse2","mvbcf_atesq1","mvbcf_atesq2","mvbcf_crps1","mvbcf_crps2","mvbcf_cov501","mvbcf_cov951","mvbcf_cov502","mvbcf_cov952","mvbcf_wid501","mvbcf_wid951","mvbcf_wid502","mvbcf_wid952","bcf_pehe1","bcf_pehe2","bcf_bias1","bcf_bias2","bcf_ate1","bcf_ate2","bcf_crmse1","bcf_crmse2","bcf_atesq1","bcf_atesq2","bcf_crps1","bcf_crps2","bcf_cov501","bcf_cov951","bcf_cov502","bcf_cov952","bcf_wid501","bcf_wid951","bcf_wid502","bcf_wid952","bart_pehe1","bart_pehe2","bart_bias1","bart_bias2","bart_ate1","bart_ate2","bart_crmse1","bart_crmse2","bart_atesq1","bart_atesq2","bart_crps1","bart_crps2","bart_cov501","bart_cov951","bart_cov502","bart_cov952","bart_wid501","bart_wid951","bart_wid502","bart_wid952","mvbart_pehe1","mvbart_pehe2","mvbart_bias1","mvbart_bias2","mvbart_ate1","mvbart_ate2","mvbart_crmse1","mvbart_crmse2","mvbart_atesq1","mvbart_atesq2","mvbart_crps1","mvbart_crps2","mvbart_cov501","mvbart_cov951","mvbart_cov502","mvbart_cov952","mvbart_wid501","mvbart_wid951","mvbart_wid502","mvbart_wid952","mvbcf_ate_l951","mvbcf_ate_u951","mvbcf_ate_l952","mvbcf_ate_u952","mvbcf_ate_l501","mvbcf_ate_u501","mvbcf_ate_l502","mvbcf_ate_u502","mvbcf_ate_wid951","mvbcf_ate_wid952","mvbcf_ate_wid501","mvbcf_ate_wid502","mvbcf_ate_cov951","mvbcf_ate_cov952","mvbcf_ate_cov501","mvbcf_ate_cov502","bcf_ate_l951","bcf_ate_u951","bcf_ate_l952","bcf_ate_u952","bcf_ate_l501","bcf_ate_u501","bcf_ate_l502","bcf_ate_u502","bcf_ate_wid951","bcf_ate_wid952","bcf_ate_wid501","bcf_ate_wid502","bcf_ate_cov951","bcf_ate_cov952","bcf_ate_cov501","bcf_ate_cov502","bart_ate_l951","bart_ate_u951","bart_ate_l952","bart_ate_u952","bart_ate_l501","bart_ate_u501","bart_ate_l502","bart_ate_u502","bart_ate_wid951","bart_ate_wid952","bart_ate_wid501","bart_ate_wid502","bart_ate_cov951","bart_ate_cov952","bart_ate_cov501","bart_ate_cov502","mvbart_ate_l951","mvbart_ate_u951","mvbart_ate_l952","mvbart_ate_u952","mvbart_ate_l501","mvbart_ate_u501","mvbart_ate_l502","mvbart_ate_u502","mvbart_ate_wid951","mvbart_ate_wid952","mvbart_ate_wid501","mvbart_ate_wid502","mvbart_ate_cov951","mvbart_ate_cov952","mvbart_ate_cov501","mvbart_ate_cov502"
333,100,1,1,"L'Ecuyer-CMRG","10407_1716648748_-735462823_300618416_-51909431_-108068709_-1034303492","10407_2066896381_1749334977_-1819078303_-878166418_1154435641_696674091",202759028,1056009145,1112261465,1449672452,1740739638,688523196,893617938,22.68,2.645,2.593,1.50399999999999,0.822999999999993,113.31,1,NA,"3835e552db3f","not-a-git-build","bbd3d4119dab4c61438d29ca56ae93a0","confirmatory",167.615,8.25050724579418,9.50533667727918,1.35922021816175,-2.91742466125366,21.2582045697457,17.0424239424477,68.0708698129022,90.3514253484287,1.84747960145967,8.51136665409102,5.66215227776582,6.01784027025691,0.849,1,0.752,1,24.4893497117766,69.915125945498,23.3609478451927,68.1790829221824,9.64801622213659,9.51062440626247,4.78503144356411,-2.66504104695303,24.684015795148,17.2948075567483,93.0842170226108,90.4519765969953,22.8965259158972,7.10244378194451,6.71968941675794,6.18346825345013,0.856,1,0.808,1,28.8140650440524,85.361757560394,25.4439040473661,72.0652956270168,10.6960716946768,11.2865825756855,3.37963023272134,-5.28732658124572,23.2786145843053,14.6725220224556,114.405949697666,127.386946237767,11.4219005099241,27.9558223767476,7.22691684536572,7.57901316181049,0.818,1,0.834,1,29.7064693866262,89.3714495951671,31.7948343647453,92.1427109168991,10.5911895481781,10.565913299951,4.23412489944623,-2.81821314455092,24.1331092510302,17.1416354591504,112.173296045437,111.638523862082,17.9278136641105,7.94232532811961,7.64125793851969,7.61549493797782,0.899,1,0.871,1,33.7107145772413,100.534998181395,32.6095643601011,101.05154575741,-10.0851871677754,52.1620037824484,-13.2328482582392,45.5060679788302,10.6637125642253,32.6784160824517,7.22294849185178,27.1326195687889,62.2471909502238,58.7389162370694,22.0147035182264,19.9096710769371,1,1,1,1,-15.1908573197523,61.2882041104126,-14.1419379464983,47.3516731792523,12.9632296129636,36.764862062482,6.86332547381725,28.3066884162151,76.4790614301649,61.4936111257506,23.8016324495184,21.4433629423979,1,1,1,1,-4.36481503903488,52.4729164902209,-20.2143053988654,48.7696656748659,13.0059941291327,32.72655550379,2.97206438343772,25.9748459124432,56.8377315292558,68.9839710737313,19.7205613746573,23.0027815290054,1,1,1,1,-7.98399810719374,56.6856193190367,-14.1116006126034,47.7591506601249,12.5439753612596,35.3998377530363,5.94451681658074,28.4225483323661,64.6696174262304,61.8707512727283,22.8558623917767,22.4780315157853,1,1,1,1
334,100,1,1,"L'Ecuyer-CMRG","10407_2130559937_-1684583259_-1738578938_400002326_-122200838_-1135092396","10407_1583012810_1399153380_286632874_-112731084_1047364131_1486592658",1112261465,1449672452,1740739638,688523196,893617938,2021381623,1248178191,23.191,2.666,2.56099999999999,1.60000000000001,0.841999999999999,116.584,1,NA,"3835e552db3f","not-a-git-build","bbd3d4119dab4c61438d29ca56ae93a0","confirmatory",172.244,9.36580832565239,24.1646820402753,-5.42641441851449,21.9513413476047,14.4142306388569,41.5240268643022,87.7183655928595,583.931858107605,29.445973441462,481.861386959059,5.93573082838776,15.1709997151886,0.761,1,0.157,0.809,22.7403967026624,66.2213429547361,21.4815290920317,63.174569407837,9.12618303895804,29.6615781342288,-4.49586228537075,28.1258360879173,15.3447827720006,47.6985216046148,83.2872168605655,879.809217412961,20.2127776890191,791.062655644389,6.27668143723205,20.124701588656,0.875,1,0.024,0.575,27.5356411516097,77.7104063380705,21.4837250006328,62.6214694897031,11.051318404529,24.9810216371021,-4.05226270493572,22.7218624160765,15.7883823524357,42.294547932774,122.131638478282,624.051442033364,16.4208330298129,516.28303165511,7.18237660263214,14.939334561682,0.788,1,0.254,0.971,28.2673263377759,84.2920379653205,29.6352754937173,86.4921916551498,11.7280312134842,23.1493380900681,-4.25375108442243,21.166473073934,15.586893972949,40.7391585906315,137.54671614446,535.891854008278,18.094398288225,448.019582389575,8.09135508104353,13.666584414359,0.874,1,0.293,0.998,34.0508036985804,102.012011831623,29.7926201493695,92.2881238624273,-13.0046671983921,39.5946416408796,16.7400293019369,65.5939211875738,5.20281942979581,23.5524295633848,33.7403452291504,49.9722837001191,52.5993088392717,48.8538918856369,18.349610133589,16.2319384709687,1,1,1,0,-18.3886967580794,47.5985527758022,24.7965653573385,72.7103196236316,3.86783820697813,27.2866115310495,38.7994147644678,56.6753311863229,65.9872495338817,47.9137542662931,23.4187733240713,17.875916421855,1,0,1,0,-10.1627021118994,42.5485309806723,14.6558082974367,72.0184255945366,6.377465772326,25.2641585814846,32.5028025161157,51.9226666777445,52.7112330925717,57.3626172970999,18.8866928091586,19.4198641616288,1,1,1,0,-18.5298082980672,50.4216770060725,10.3371422243016,72.5645001392347,3.2961859269898,27.8000991674978,30.8584949048486,50.8263524554009,68.9514853041397,62.227357914933,24.503913240508,19.9678575505523,1,1,1,0
335,100,1,1,"L'Ecuyer-CMRG","10407_-888177029_-1487547114_1618041645_-2038707499_-524384907_29715403","10407_-813705002_-1443149851_-372778782_1229163082_2007514092_-1445586886",1740739638,688523196,893617938,2021381623,1248178191,1045568322,1968606852,25.87,2.55500000000001,2.68000000000001,0.939000000000021,0.824999999999989,113.244,1,NA,"3835e552db3f","not-a-git-build","bbd3d4119dab4c61438d29ca56ae93a0","confirmatory",169.185,8.88144466269199,10.0248466520523,5.85164636531523,4.15341980263398,26.1585326838304,24.6008142872573,78.88005929646,100.497550397165,34.241765184707,17.2508960569121,5.58076058022826,5.84895536393933,0.733,1,0.563,0.999,21.31887952177,62.5349093280016,17.1958547463784,52.7170302252487,9.47450671668516,10.9616590150178,6.82174292470079,5.65852286373407,27.1286292432159,26.1059173483574,89.7662775245123,120.157968361521,46.5361765307053,32.0188809994012,6.18818811444482,6.47872290619227,0.811,1,0.64,1,25.2164712406676,73.2940968500611,21.4312828781452,62.0229256475875,7.52152485129419,10.2917142758079,3.8581482715616,3.8457967935789,24.1650345900767,24.2931912782023,56.5733360886361,105.919382734868,14.8853080853538,14.7901529775018,6.42479686247009,6.5508207725783,0.968,1,0.756,1,30.3675350698032,92.1537702452779,24.6174408800765,74.9873543179435,9.08875885745613,10.9384616196446,5.81038122560926,3.8538465938719,26.1172675441244,24.3012410784952,82.6055375689873,119.649942604439,33.7605299869126,14.852133569098,7.10862529398188,7.02984244296309,0.935,1,0.791,1,32.5607672392497,96.7115171508354,27.6656515346724,81.8182309059428,3.01474387831747,50.956455337762,4.35431894292639,45.3902939434828,17.7655889584789,34.9548801222631,17.4131488426411,31.5162254867131,47.9417114594446,41.0359750005564,17.1892911637842,14.103076644072,1,1,1,1,-3.87591212026958,54.3212258070366,1.30962467867829,51.1745984032242,17.0173346334115,38.6506841984072,17.6091687731722,34.5001926975829,58.1971379273061,49.8649737245459,21.6333495649958,16.8910239244107,1,1,1,1,-0.98084125059932,51.2481600529185,-0.0155970448863655,50.2938833181967,15.3589218731746,32.4736022417784,15.3251223238241,32.8555388029624,52.2290013035178,50.3094803630831,17.1146803686038,17.5304164791382,1,1,1,1,1.19113679860593,53.6679466589834,-1.50496543154766,49.2989255403633,16.208022042129,35.2523084552936,14.9763475973386,32.8497141495816,52.4768098603774,50.803890971911,19.0442864131646,17.873366552243,1,1,1,1
336,100,1,1,"L'Ecuyer-CMRG","10407_1422090859_-1563939937_261749064_-228136178_-672907838_-1738040507","10407_-981717338_433888078_1560901910_1699142125_-469447571_-1094826861",893617938,2021381623,1248178191,1045568322,1968606852,1131380644,1480014641,25.54,2.54799999999997,3.78700000000001,0.864000000000004,0.852000000000004,115.84,1,NA,"3835e552db3f","not-a-git-build","bbd3d4119dab4c61438d29ca56ae93a0","confirmatory",168.716,16.7338379350853,15.8030957842562,-14.864020046258,-12.6263490157076,4.96189544726251,7.18187006888295,280.0213320377,249.737836366377,220.939091935561,159.424689466461,9.78347396513824,9.14646285198691,0.426,1,0.491,0.997,26.5350849143348,73.8650947251774,24.2071735016469,66.4033721527518,14.3753812646577,16.4793752010761,-11.9952621034041,-13.681566192642,7.83065339011647,6.12665289194861,206.651586504271,271.569807017844,143.886312929362,187.185253483643,8.42693432126594,9.56853480025033,0.502,1,0.459,0.999,24.5954741867152,73.7655220053982,24.8004225903371,73.7557135294539,22.4261812536476,15.4527076047068,-20.1343167901897,-12.0806854328316,-0.308401296669157,7.72753365175896,502.933605621455,238.786172316562,405.390712607715,145.94296052703,13.196838289543,9.01255586273582,0.346,0.99,0.542,1,31.8364362471995,94.39239796612,25.5616035127197,77.7648777711399,24.7184682266874,18.022315428796,-22.2424141900576,-12.9161849226798,-2.41649869653702,6.89203416191079,611.002671473757,324.803853415018,494.724989002074,166.827832956861,14.5390989884113,10.7425097503722,0.322,0.994,0.59,0.997,34.8038815078392,105.004162688784,32.5151463392382,99.3721431530969,-26.4046812819057,35.0682586066219,-22.3086161128955,35.9747117558508,-6.84383143618311,17.1091166557869,-2.99411850969947,17.4741442547318,61.4729398885276,58.2833278687463,23.95294809197,20.4682627644312,1,1,0,0,-23.5823788519987,37.6072592039132,-28.1263668228898,35.9179166472226,-2.09701152219194,17.8209682947437,-3.54582244200588,17.1479924125908,61.1896380559119,64.0442834701124,19.9179798169357,20.6938148545967,1,1,0,0,-29.6944482938931,29.3680780406332,-21.788423811679,34.6860539635975,-10.2804429791755,10.0383957737531,-1.47500597002642,17.9265794638015,59.0625263345263,56.4744777752765,20.3188387529286,19.4015854338279,1,1,0,0,-33.6143971941632,27.5409126396112,-22.5473032263568,35.5235730625484,-12.6545616407477,8.11390350337308,-3.54418274860194,17.1611043722535,61.1553098337744,58.0708762889052,20.7684651441208,20.7052871208555,1,1,0,0
337,100,1,1,"L'Ecuyer-CMRG","10407_-181772926_-1240317340_-298051806_-1980416407_-520231261_459186745","10407_1266271819_1923212685_328806189_-1784938907_-1672330969_327662280",1248178191,1045568322,1968606852,1131380644,1480014641,726714741,493595820,24.9299999999999,2.66800000000001,3.13799999999998,0.879000000000019,0.82000000000005,114.441,1,NA,"3835e552db3f","not-a-git-build","bbd3d4119dab4c61438d29ca56ae93a0","confirmatory",168.07,10.7100384980592,18.9083122614757,-7.44691924353924,15.8268006969211,12.8378519548658,36.2261575484771,114.704924629911,357.524272577473,55.456606219795,250.487620300063,6.58281142792195,11.0215677159725,0.711,1,0.354,0.999,23.4888584771173,70.3060179109267,21.2653249150263,68.0595614622232,10.9089611982682,27.1024395364912,-7.56400985588299,25.2321045431927,12.7207613425221,45.6314613947486,119.005434425322,734.542228829162,57.214245099895,636.659099678604,6.69191118800399,16.793277064658,0.676,1,0.155,0.928,23.6125231655607,68.9559083044186,28.2798269484471,77.3285950000149,12.2156365111559,16.3637829518035,-7.02917080253497,12.765786991678,13.2556003958701,33.1651438432339,149.221775372685,267.773392493735,49.4092421712101,162.965317516895,8.42513604298177,9.54264275343404,0.822,1,0.542,1,34.6524656888516,105.620233700225,27.6615320790601,83.8234736597593,10.5455968472716,21.7434689243287,-5.24328821122651,18.4306036683518,15.0414829871785,38.8299605199077,111.209612865185,472.778440863248,27.4920712659869,339.687151579863,8.04381787987447,12.6130724298075,0.888,1,0.431,1,34.6694079943491,109.454130989034,32.4983745009008,103.785682505417,-19.0327416362816,42.6425125628732,5.41272917190593,62.3313112568364,3.57620094738195,22.9268779614506,28.8003609337816,44.4147216913328,61.6752541991548,56.9185820849305,19.3506770140687,15.6143607575512,1,1,1,0,-13.618644346675,39.2202551349781,10.2683381746544,76.1348842768345,2.95329449622931,23.1273380994296,33.6819863855692,58.4162823723415,52.8388994816531,65.8665461021801,20.1740436032003,24.7342959867723,1,1,1,0,-18.0407768629066,48.7223734793068,6.14289219841835,65.1535180623458,2.31077488851188,22.8660352441444,23.5482303768623,42.3757260790616,66.7631503422134,59.0106258639274,20.5552603556326,18.8274957021993,1,1,1,0,-19.9205105852708,52.5096915774437,2.66902189601952,71.724890099479,2.83944968328667,27.217699668825,27.9905463751185,50.1815415202832,72.4302021627145,69.0558682034595,24.3782499855383,22.1909951451648,1,1,1,0
338,100,1,1,"L'Ecuyer-CMRG","10407_654865144_-803277195_-648493473_642730531_1030296708_287634570","10407_-892689424_-394203274_-1330642243_-1960235014_-529907016_957702074",1968606852,1131380644,1480014641,726714741,493595820,888716214,1872965192,25.352,3.34199999999998,2.50100000000003,0.843999999999994,0.83299999999997,113.863,1,NA,"3835e552db3f","not-a-git-build","bbd3d4119dab4c61438d29ca56ae93a0","confirmatory",167.306,8.65439661354551,9.98248880375011,1.45737415000222,3.01866389967145,21.6628697276391,23.3588995038843,74.898580744548,99.6500827169963,2.12393941309468,9.11233173917964,5.79423950548159,6.10757267309553,0.828,1,0.676,1,24.7636857948694,68.924012737997,21.5408868309058,64.6423202926783,8.67094773639275,11.0561070787707,1.60583225433281,5.96082127775964,21.8113278319697,26.3010568819725,75.1853346472545,122.237503737243,2.57869722905561,35.5313903053921,6.29934030693203,6.89473415796614,0.884,1,0.742,1,27.8973359109456,82.0166286479869,25.9905900630742,75.51463405562,9.45095429935054,11.9555643330877,1.17148675417259,3.06532395825044,21.3769823318095,23.4055595624633,89.3205371684125,142.935518522599,1.37238121520183,9.39621096902414,6.93811516115895,7.75475559952969,0.896,1,0.779,1,31.0081066149674,90.893186256641,30.3075995351299,92.6227989337467,10.367789168053,14.9741843629476,-0.588003393663961,5.99176641829301,19.6174921839729,26.3320020225059,107.491052233197,224.226197335545,0.345747990960335,35.9012648113838,8.01267048478995,9.47071651391775,0.934,1,0.778,1,36.326652258193,110.53736858206,36.1433206882354,110.489351185503,-6.33541753631042,52.1118883922002,-2.71631017358062,51.7675798581611,10.4282054757169,33.2203554710171,13.8763369103445,32.6627358086166,58.4473059285106,54.4838900317417,22.7921499953002,18.7863988982722,1,1,1,1,-14.3949787189088,58.69273134628,-2.92659835942677,61.0438897232953,9.26091167420336,33.5959493102376,14.7382199063061,37.5641638827761,73.0877100651887,63.970488082722,24.3350376360342,22.8259439764701,1,1,1,1,-10.3436426202686,53.8597987009456,-3.71721535559175,51.992367277519,9.2986006517649,32.1503641800058,12.8991315242684,32.8661065682998,64.2034413212143,55.7095826331108,22.8517635282409,19.9669750440314,1,1,1,1,-14.8271757489633,52.7637786340312,-10.9576300183775,57.482158384566,7.5715025776474,32.8566364178962,14.82221671897,38.4908295661239,67.5909543829945,68.4397884029435,25.2851338402488,23.6686128471539,1,1,1,1
339,100,1,1,"L'Ecuyer-CMRG","10407_-1165410654_1934365486_-356423383_1989863023_927460308_-1023880143","10407_-178729000_-1255743197_1194784737_1129091884_1678452384_827480663",1480014641,726714741,493595820,888716214,1872965192,435688580,55961268,26.6750000000001,2.6099999999999,3.22399999999993,0.861999999999966,0.822000000000003,113.226,1,NA,"3835e552db3f","not-a-git-build","bbd3d4119dab4c61438d29ca56ae93a0","confirmatory",168.048,10.2235885205089,16.7255192019649,-6.81241171152726,-14.3425633426407,13.4468377422464,5.87941482528838,104.521762236682,279.742992575297,46.4089533273538,205.709123237661,6.22928763857335,9.82435877485831,0.692,1,0.369,0.98,22.0855015326251,67.2596108356109,20.9582060772774,62.028849387301,9.10497939959628,15.0849115496366,-4.8719106334999,-12.221884215326,15.3873388202738,8.00009395260307,82.9006498670726,227.554556460359,23.7355132208094,149.374453772835,6.03586109330314,8.67732702962261,0.791,1,0.433,1,23.9818628692825,73.12162831531,20.8390151820042,61.8913560881226,11.336218950496,18.0023286040138,-8.28984209325903,-15.9946805582568,11.9694073605147,4.22729760967234,128.509860093584,324.083835166893,68.7214819311692,255.829806160677,7.50427558249744,10.4731648594188,0.773,1,0.395,1,30.0978065146098,89.3063812877982,29.2864295704961,85.4942842046118,10.1053148069623,16.9243237939729,-5.67208905625016,-13.8744386833649,14.5871603975235,6.34753948456416,102.117387347812,286.432735883238,32.1725942620329,192.500048778453,7.55886926811208,9.98729697982208,0.911,1,0.535,1,33.7369281273813,101.064259692779,29.3524941559491,95.4563971299584,-16.0659915547738,39.8649381805071,-20.9348547585277,31.7704672612688,4.81881815871127,22.3632256280111,-2.0545928177766,14.4138778458938,55.930929735281,52.7053220197966,17.5444074692998,16.4684706636704,1,1,1,0,-15.1256969856272,45.1168195270919,-14.8649519084923,32.4220202645157,6.11611478289112,25.5243979113958,0.016351164726481,15.8988896119316,60.2425165127191,47.286972173008,19.4082831285047,15.8825384472051,1,1,1,0,-16.1845921403037,43.4495286970134,-17.992237206213,30.2162904319575,2.57513865858323,21.7438893562081,-4.93555379319417,12.0140128489577,59.6341208373171,48.2085276381705,19.1687506976249,16.9495666421519,1,1,1,0,-14.9924661275705,43.7937079119893,-22.4745067752154,34.2385502504923,4.8959816294621,24.0914096973358,-3.30938017887537,15.8667727975142,58.7861740395597,56.7130570257077,19.1954280678737,19.1761529763895,1,1,1,0
340,100,1,1,"L'Ecuyer-CMRG","10407_-1945317541_-693280054_-93255609_1244811802_1297909260_1567838472","10407_562788282_841739949_-1090092754_1403917369_-1291463198_-434917384",493595820,888716214,1872965192,435688580,55961268,366938633,1695112644,26.967,3.72700000000009,2.47900000000004,0.850000000000023,1.49900000000002,116.233,1,NA,"3835e552db3f","not-a-git-build","bbd3d4119dab4c61438d29ca56ae93a0","confirmatory",172.494,11.5141035092651,27.0922715037036,8.22286666719691,25.6513433126157,28.207780158073,45.824633157695,132.57457962207,733.99117523039,67.615536226498,657.991413741674,6.76198246416582,18.0749207552957,0.635,1,0.021,0.733,21.8933186711584,64.2961343813764,20.2867570258574,60.6575795645962,21.9810617468552,38.2031658012271,20.4540091569519,37.1670470362917,40.438922647828,57.340336881371,483.16707551906,1459.48187723604,418.366490592674,1381.38938539792,13.419414347817,28.436995060517,0.153,0.967,0,0.285,23.769536587241,68.9710008888886,20.8918763901507,62.2871230122714,14.6582071153855,34.6555196001412,11.2631356474021,33.1892948294225,31.2480491382782,53.3625846745017,214.863035837538,1201.00503875577,126.858224611779,1101.52929127433,8.72084394676136,23.2785958951546,0.653,1,0.022,0.719,29.7252819296266,87.3862700514825,26.8726832202028,78.0206022045291,11.004024305838,33.8279449897305,6.7897604833687,32.3311961795784,26.7746739742448,52.5044860246577,121.088550923473,1144.32986222823,46.1008474215151,1045.30624640239,7.66660941628741,22.0290071342781,0.843,1,0.028,0.817,31.1929891854637,99.6005784594472,27.6791220461437,85.5714616677793,0.758788589260612,55.7405294133529,19.9867523600487,69.6535617232379,19.7641088143556,36.8394690754417,37.2813997257965,54.0178461520935,54.9817408240923,49.6668093631892,17.0753602610861,16.736446426297,1,1,1,0,13.0767225071926,65.3210844882989,31.8193022090352,84.1444805237509,31.6723410701037,50.401538300683,49.2759858103718,65.7414373241081,52.2443619811063,52.3251783147156,18.7291972305793,16.4654515137364,1,0,0,0,2.00091356427028,62.7985091735801,28.2376630710916,77.465169416803,20.5540950513368,41.0190608251349,44.9053781047526,62.297275659881,60.7975956093098,49.2275063457114,20.4649657737981,17.3918975551283,1,0,0,0,-2.95498100377968,57.5767170773086,28.4818609554453,77.6263707591556,15.7965852408764,37.0135338566828,44.4240246229581,60.8347809900195,60.5316980810883,49.1445098037103,21.2169486158064,16.4107563670614,1,0,1,0
341,100,1,1,"L'Ecuyer-CMRG","10407_1174930061_1046339383_-2099568461_1660034384_-407234880_-1629792316","10407_1058246275_-1654585672_1101325899_-1147734331_-1537943153_-110447958",1872965192,435688580,55961268,366938633,1695112644,1693818805,600259880,24.8440000000001,2.91499999999996,3.94299999999998,1.495,0.845000000000027,115.175,1,NA,"3835e552db3f","not-a-git-build","bbd3d4119dab4c61438d29ca56ae93a0","confirmatory",172.005,11.654385579317,10.5196748912673,8.31904391995316,5.34643852883618,28.1396562004773,25.1977380915699,135.824703231392,110.663559817959,69.2064917421096,28.584404942624,6.92026722415182,6.47754576143735,0.615,1,0.726,1,22.8244807510195,66.3426263155683,24.2438153786919,67.6469829104947,15.8442316309018,17.1355909145816,13.2956165330192,14.6726789047329,33.1162288135434,34.5239784674666,251.039675973671,293.628475991892,176.773418993094,215.287506241393,9.2038101168126,9.94519556265464,0.441,0.997,0.391,1,23.9191291646432,71.7496760699325,23.7004742410709,71.1809962466477,13.2647997152799,12.1978884206985,8.86772974678193,4.1255403503258,28.6883420273061,23.9768399130595,175.954911486489,148.788481923812,78.636630861961,17.0200831821663,8.16004006287075,7.8999772178307,0.743,1,0.776,1,30.7317440995532,87.5883082048234,30.3957286385921,94.7974234090881,14.9716442540141,13.4395955838403,10.8944857117437,4.998349036084,30.7150979922679,24.8496485988177,224.150131668752,180.622729457178,118.689818923388,24.9834930865219,9.33777472463224,8.84164004466018,0.75,1,0.81,1,34.7111010327333,103.756578968766,34.9500097440986,106.850293618862,2.15463628153165,52.0103919653948,-3.38405946792674,54.670339208928,19.0862812938439,37.5893860356435,15.1886701689533,35.3321233443387,49.8557556838632,58.0543986768547,18.5031047417996,20.1434531753854,1,1,1,1,4.92533725776344,62.741972042328,6.38624352508615,64.0917320456281,23.6644804657215,43.1496977385899,24.7477860880368,44.3576069053524,57.8166347845645,57.705488520542,19.4852172728685,19.6098208173156,1,1,0,0,0.738671573747105,55.0794906094038,-6.60522983638476,53.4337286270756,18.868126528662,38.8286930131401,14.5321111662964,34.3030565551478,54.3408190356567,60.0389584634604,19.9605664844781,19.7709453888514,1,1,1,1,1.19632006533965,62.743354644921,-9.46173571359775,56.9171117987762,20.6464123328566,40.9428905321154,13.7608307203407,35.7547447997162,61.5470345795814,66.3788475123739,20.2964781992588,21.9939140793755,1,1,0,1
342,100,1,1,"L'Ecuyer-CMRG","10407_1599014170_-778004449_1078807366_-432509563_852424510_1717449872","10407_-626441973_1767487116_123983932_-955744070_1711422675_434107564",55961268,366938633,1695112644,1693818805,600259880,605628789,1485780512,26.008,2.79199999999992,2.71300000000008,1.04399999999998,0.822000000000003,114.882,1,NA,"3835e552db3f","not-a-git-build","bbd3d4119dab4c61438d29ca56ae93a0","confirmatory",172.396,8.61253733067271,10.4206201487379,-2.38875299778743,5.92165058849683,17.2087558767067,25.5839792440663,74.1757992722309,108.589324284282,5.70614088443842,35.0659456922448,5.46258024402815,6.0373249266674,0.752,1,0.604,1,20.9024929791756,60.9420741397078,19.7297878598993,52.789895346933,8.90870664020787,16.4252593351209,-2.92921370166702,14.0606818957633,16.6682951728271,33.7230105513328,79.3650540012837,269.789144225978,8.58029291003379,197.702775373847,5.74714976284158,9.6599937276617,0.771,1,0.349,0.955,22.2450583153313,68.0426322137452,20.0821022166087,58.4770973075049,9.01186895937165,13.1911186520762,-1.98707371194991,9.45935979863631,17.6104351625442,29.1216884542057,81.2137821408863,174.005611293153,3.9484619367224,89.4794878000567,6.31696434478082,7.83759845415969,0.866,1,0.594,1,26.7840582298761,81.2996120020467,24.6102142359978,76.1584590663862,13.6821045218738,12.1166817495803,-8.96251841479098,7.37359780526213,10.6349904597031,27.0359264608316,187.19998414748,146.813976620612,80.3267363354673,54.3699445937664,8.66081400411489,7.76277658843259,0.752,1,0.729,1,32.4685606082367,101.135048190508,28.8327892937813,90.6587044532871,-7.94733433586517,41.1106090253075,4.00339330901505,47.4708497883256,8.99709052674338,25.5483211342807,17.8156279936328,34.873037456545,49.0579433611726,43.4674564793105,16.5512306075373,17.0574094629122,1,1,1,1,-6.17263370588871,45.9555444934861,14.1287541372934,58.574578235923,7.36014246792972,25.2094441708386,25.46720235521,41.2116747406692,52.1281781993748,44.4458240986296,17.8493017029089,15.7444723854592,1,1,1,0,-7.33729700729439,43.355581679641,6.16116620195827,53.0817371900621,8.17621531928613,28.1147723564649,21.4584125362159,36.9354760042107,50.6928786869354,46.9205709881038,19.9385570371788,15.4770634679948,1,1,1,0,-16.0829920902381,37.2610322686523,0.727207735701456,53.9014928318814,0.827704801061671,20.1614398145441,18.428570038033,35.6220657189207,53.3440243588904,53.1742850961799,19.3337350134824,17.1934956808876,1,1,1,1
343,100,1,1,"L'Ecuyer-CMRG","10407_-443016572_698284613_1469865394_830023288_1689309894_-1407875095","10407_1657005628_784934418_-183528660_-997101928_-1524598611_-157762894",1695112644,1693818805,600259880,605628789,1485780512,31773189,1621788331,23.85,3.04999999999995,2.56200000000001,0.829000000000065,1.13199999999995,115.872,1,NA,"3835e552db3f","not-a-git-build","bbd3d4119dab4c61438d29ca56ae93a0","confirmatory",171.284,13.8731226660007,16.1344816190597,11.2434983870455,13.9773655584904,31.1550909796871,33.8789996348375,192.463532505903,260.321497115776,126.416255979496,195.366747955675,8.09885977609026,9.39963955707888,0.517,1,0.413,1,23.3195763365492,71.2257564654178,25.0866770563578,70.7141557247653,16.1700809005374,19.7546924198418,13.6765373528785,18.1801025389636,33.58812994552,38.0817366153107,261.471516329926,390.247872602555,187.047673964681,330.516128327232,9.46531091722802,11.9800796517788,0.477,0.994,0.209,0.952,25.7615617439292,76.552229810056,21.5091936020213,66.6029215739823,14.3007882986468,13.8228873805328,6.6530856484165,10.9415956554148,26.564678241058,30.8432297317619,204.512545962714,191.072215534892,44.2635486451656,119.718515486592,8.770875767735,8.68756509178154,0.702,1,0.715,1,31.1294963798548,92.821563906212,32.4264928176781,94.9577454172265,19.4961208702241,16.3178444308597,2.14143690948903,13.8124781133181,22.0530295021306,33.7141121896652,380.098728986386,266.27204686974,4.58575203732191,190.784551630892,11.6000562629209,10.2184430546274,0.557,1,0.685,1,36.8418178337533,111.334487011041,36.5017035914688,111.60409430137,1.52531958841162,60.0625753845063,2.49095825584279,60.9047034541668,22.6944926634595,40.5858243838142,22.1882998577215,44.9710838925806,58.5372557960946,58.413745198324,17.8913317203547,22.7827840348591,1,1,0,0,6.56090630179988,66.9745761776813,10.7139239189496,63.3776790908974,23.2183383327318,42.3975134913429,29.2690826419997,46.1530435025429,60.4136698758815,52.6637551719478,19.1791751586111,16.8839608605431,1,1,0,0,0.331746945640038,56.3001493580154,1.40229212807287,55.5316146932795,17.3560256390714,35.5178665358628,22.0659632771503,40.3028601623526,55.9684024123754,54.1293225652066,18.1618408967914,18.2368968852022,1,1,1,0,-6.18796351878474,47.8752681192786,-0.144587969316114,67.4251502726767,13.4402479083227,30.6017062636596,22.4328069637257,44.9288277568024,54.0632316380633,67.5697382419928,17.1614583553369,22.4960207930767,1,1,1,0
344,100,1,1,"L'Ecuyer-CMRG","10407_920875671_1582957605_1504762910_468243444_-1472628945_-39147380","10407_-590699392_2015796029_-2130849162_-1970547719_-1985018719_1462759029",600259880,605628789,1485780512,31773189,1621788331,1178938453,1007478810,25.522,2.56000000000006,4.01199999999994,0.866999999999962,0.860000000000014,119.058,1,NA,"3835e552db3f","not-a-git-build","bbd3d4119dab4c61438d29ca56ae93a0","confirmatory",172.321,8.82530191542739,20.5525152811122,4.36978610968844,18.3635874060332,24.4142587500292,38.3449219946093,77.8859538984464,422.405884380349,19.0950306444261,337.221342419023,5.50379277833791,12.3623065972074,0.746,1,0.234,0.976,20.7678363180757,60.7863276377494,21.5552634658267,64.9586674480593,8.39567575421937,25.5073531842465,3.55699519718173,23.6075603416527,23.6014678375225,43.5888949302287,70.487371369987,650.625066465889,12.6522148327739,557.316905284771,5.26889453899545,15.8605477846976,0.765,1,0.137,0.954,20.1599956508599,58.854842337505,24.250999283621,71.8913109364747,11.8448309094253,21.1312327324813,8.07758182507503,18.2603992600882,28.1220544654158,38.2417338486642,140.300019272878,446.52899679429,65.2473281407824,333.442181137831,7.36219175829628,12.21264305692,0.727,1,0.375,0.99,26.6556030352639,82.6746017168751,28.2830067252024,88.1706566548462,9.70462232218617,18.1140540211183,5.00864384275767,15.5981323963548,25.0531164830984,35.5794669849308,94.1796944162741,328.118953079993,25.0865131435944,243.301734254213,6.79796067729239,10.6257947863752,0.835,1,0.519,1,26.8667112939174,90.6880356846621,31.6006163565692,95.612846470825,1.53644573581566,48.2673038688284,9.02500464044019,63.3214992860099,15.8150877106054,33.6695039458824,29.5560766499445,47.9806438591697,46.7308581330128,54.2964946455697,17.854416235277,18.4245672092252,1,1,1,0,2.48210055253177,45.627228810213,13.4041204049718,66.9078618511695,16.7940681662131,30.6909623863544,35.0259959883188,52.9367361051517,43.1451282576812,53.5037414461977,13.8968942201413,17.9107401168329,1,1,1,0,4.69274163410577,52.2206092748457,12.8111837061573,62.4202056549675,20.1595407842684,35.8913667790486,29.8165616117985,46.7832905038596,47.5278676407399,49.6090219488102,15.7318259947802,16.9667288920611,1,1,0,0,1.86746258914823,50.7376290426833,5.94500774911337,65.7627194580472,16.5972354419223,33.8746147691756,25.9342252669292,45.1964900492675,48.870166453535,59.8177117089339,17.2773793272532,19.2622647823382,1,1,1,0
345,100,1,1,"L'Ecuyer-CMRG","10407_800486504_1551021472_-821074278_1164802130_1864281198_1734853697","10407_1255503472_-961275041_230435052_2033460832_1014819160_-1521618544",1485780512,31773189,1621788331,1178938453,1007478810,193768467,327281006,25.3,2.85400000000004,3.2360000000001,0.843000000000075,0.841000000000122,116.092,1,NA,"3835e552db3f","not-a-git-build","bbd3d4119dab4c61438d29ca56ae93a0","confirmatory",170.48,11.374694318017,11.6632141709562,7.90022947420797,7.89647446911885,27.6633502110344,27.7831971492997,129.383670828327,136.030564797594,62.4136257451444,62.3543090414458,6.69890013946461,6.73209157860395,0.584,1,0.541,1,21.0676866301493,63.4103623621772,19.5761199688951,57.1774172630462,11.472955077273,15.6748858242562,8.46065685212825,13.0443811987374,28.2237775889547,32.9311038789183,131.628698205124,245.702045603468,71.5827143694647,170.155880857974,6.8389558860142,9.10983011784872,0.655,1,0.432,1,23.5237038215744,67.1925503473335,23.8327116933925,68.7159011578692,12.886348177364,11.9494623578887,9.42764348562556,6.92138817349514,29.190764222452,26.808110853676,166.057969348251,142.7896506426,88.8804616920581,47.9056142481984,7.72578253847154,7.50229658263784,0.628,1,0.736,1,25.8733860743956,78.4980653428265,27.2129790010372,84.3965127462765,9.73282289340187,11.4925623919582,6.14030394141202,6.65169276143589,25.9034246782385,26.5384154416168,94.7278414743275,132.078990333052,37.70333249292,44.2450165925386,6.92322497708998,7.64482100013736,0.846,1,0.759,1,28.6587759330172,90.6963814005108,29.8168230650091,92.409307597202,-0.775704755090302,54.3942838363756,5.08190596024598,49.8989408917639,19.585840728038,36.3016987412646,19.8097262166352,35.7434623725744,55.1699885914659,44.8170349315179,16.7158580132266,15.9337361559392,1,1,1,1,2.57202320933549,55.8901650702507,0.968390637089942,58.7462762199363,17.7673817378165,38.092185775218,23.2688769302873,43.5089634912801,53.3181418609152,57.7778855828464,20.3248040374015,20.2400865609929,1,1,1,0,4.12266601681395,54.2082698954227,0.879239234843087,52.9086005471249,21.6106515839507,37.3003931262746,18.2971518756455,35.9511305013124,50.0856038786088,52.0293613122818,15.6897415423239,17.6539786256669,1,1,0,1,-3.23611607254205,55.3913220608304,-4.78485649394826,60.2318381283624,15.3829083336403,35.8207625845326,15.4534510477379,36.8397751431479,58.6274381333724,65.0166946223106,20.4378542508923,21.38632409541,1,1,1,1
346,100,1,1,"L'Ecuyer-CMRG","10407_-922161908_477654418_-1018981413_-754342412_1796087059_-1317162676","10407_-1389350535_1340481445_1630302011_-2126397262_-729925956_-892470404",1621788331,1178938453,1007478810,193768467,327281006,1255280492,1863016181,23.8630000000001,2.471,2.49599999999987,0.850999999999885,1.07300000000009,120.153,1,NA,"3835e552db3f","not-a-git-build","bbd3d4119dab4c61438d29ca56ae93a0","confirmatory",175.31,7.59229106095027,36.0726216321269,1.40537360192089,-34.894245062785,21.3991118132764,-15.1708400239499,57.6428835541854,1301.23403141459,1.9750749609761,1217.60833850169,4.99025620896625,26.3097461976024,0.787,1,0,0.374,20.105924451336,59.3709206853303,21.5345723758242,62.4345974445005,7.67001412694099,39.4957907406334,-1.16144734542837,-38.370297409339,18.8322908659272,-18.6468923705039,58.8291167074743,1559.91748622791,1.34895993620262,1472.27972328113,5.26015274490215,28.936245503639,0.833,1,0,0.365,22.2029124499901,66.5375861749772,23.4836295502676,68.0329407027718,11.3210222097774,40.7052759148032,-7.94332528210998,-39.5480248568798,12.0504129292455,-19.8246198180447,128.165543874272,1656.91948730025,63.0964165374077,1564.04627008038,7.44137555003073,28.3874605237607,0.781,1,0,0.547,29.559305528286,89.48289350031,27.0669524472539,83.649107355515,8.25097624782878,41.3376224307096,-2.03286414252844,-40.1150030779229,17.9608740688271,-20.3915980390878,68.0786090422348,1708.79902822391,4.13253662197787,1609.21347194176,6.63918387522329,28.7790980030587,0.932,1,0,0.591,30.4817448394985,93.4045207359081,28.6569400857426,85.7497724970447,-2.0816285625118,46.3095062553144,-43.423044270424,14.9470413357603,12.3406328774149,29.3336278535031,-25.1020749541035,-5.04554245007695,48.3911348178262,58.3700856061843,16.9929949760881,20.0565325040266,1,0,1,0,-5.71797190701374,46.1784804957539,-47.0828318666705,10.1138598632702,9.23504407151174,27.6500307542686,-28.9334627128855,-8.5544633891224,51.8964524027676,57.1966917299406,18.4149866827568,20.3789993237631,1,0,1,0,-13.2288440640183,40.0730468966237,-48.3273893471209,7.56653587739114,2.41304829904393,20.7236143554938,-29.5359576719799,-10.0051268218415,53.301890960642,55.8939252245121,18.3105660564499,19.5308308501385,1,0,1,0,-7.34960803240123,42.0104120820322,-48.3343383106459,6.99954412098514,8.84479294060656,27.2399272434731,-30.628372601309,-10.1014603627446,49.3600201144334,55.333882431631,18.3951343028665,20.5269122385643,1,0,1,0
347,100,1,1,"L'Ecuyer-CMRG","10407_-1936632201_729004863_-338191954_398236852_1224508858_935669108","10407_-964615169_873097619_1195468948_1050340387_46111958_-280541484",1007478810,193768467,327281006,1255280492,1863016181,1879456658,175669677,23.799,2.82899999999995,3.91100000000006,0.953999999999951,0.861000000000104,120.868,1,NA,"3835e552db3f","not-a-git-build","bbd3d4119dab4c61438d29ca56ae93a0","confirmatory",173.307,16.4591825166044,22.3963794876481,14.4604881439103,20.5820731628892,34.6131512416397,40.7507718084491,270.904689114895,501.597814154745,209.105717360171,423.621735682524,9.60408235980002,13.6829321948492,0.357,0.992,0.192,0.951,23.5060510048275,65.5128918416785,23.7141822134593,65.0845577445575,20.8969686544345,28.3525251255746,19.4458370576777,26.8176038880172,39.5985001554072,46.9863025335771,436.683298944417,803.86568099634,378.140578873753,719.183878294593,12.6702569467856,18.7386352197144,0.171,0.964,0.036,0.688,23.0931828511289,68.5355790062349,22.3177729355708,66.3538398361842,20.0577795727253,24.9413236417641,17.9649678413914,23.0624634075874,38.1176309391209,43.2311620531473,402.314521388038,622.069625003223,322.740069542228,531.877218426306,11.8170589572568,15.0085619310074,0.311,0.997,0.198,0.967,27.7308608994582,85.5687207314452,27.529180556789,83.7818878952144,20.4211294951255,27.9926072661376,18.3321772705937,25.8198858367144,38.4848403683232,45.9885844822743,417.022529856683,783.586061556222,336.068723480474,666.666504620964,12.0960777880991,16.4996500156656,0.399,1,0.234,0.998,33.0375532652504,103.25047850707,34.7354534462038,104.917527758315,7.23696563570206,61.7626677224274,13.3818108131667,68.556747881879,25.0763978975838,44.8532916987996,30.9768146136274,50.4860401518201,54.5257020867253,55.1749370687123,19.7768938012158,19.5092255381927,1,1,0,0,15.1042175776083,63.6786425020557,22.1211648552511,73.2557459828914,30.9666098145378,49.6634055575603,38.6102669055257,55.768168249256,48.5744249244474,51.1345811276403,18.6967957430225,17.1579013437303,1,0,0,0,12.2164752257229,60.0440694820018,18.3956242501404,72.2360224955838,30.5107402951213,46.7465435775149,34.4730251648826,51.9478325178008,47.8275942562789,53.8403982454434,16.2358032823936,17.4748073529182,1,1,0,0,11.0423143743623,65.6522165951202,17.4800364348151,77.5357607083179,30.0774896630261,46.9239173988082,35.6481503619422,56.3203251957458,54.6099022207579,60.0557242735028,16.8464277357821,20.6721748338036,1,1,0,0
348,100,1,1,"L'Ecuyer-CMRG","10407_1879419573_-19094469_-1180807732_-1083091176_1606487628_1669573508","10407_146673149_1644094597_-1806078267_-119147599_108066933_2055589099",327281006,1255280492,1863016181,1879456658,175669677,1755870457,1313420908,24.913,2.47399999999993,3.30700000000002,0.830000000000155,0.853000000000065,121.071,1,NA,"3835e552db3f","not-a-git-build","bbd3d4119dab4c61438d29ca56ae93a0","confirmatory",173.691,11.9905537997014,11.3257893827219,8.41494840577158,-6.6958719301416,28.7135445857105,13.8081992175393,143.773380423534,128.273505141777,70.8113566717977,44.8347009048581,6.99457777197896,6.67286652781754,0.625,0.999,0.606,1,21.8795279981384,64.5047035891085,21.6297786740415,62.5640044055985,12.7352936128644,10.4834370501753,8.79372673462401,-2.28980834690605,29.0923229145629,18.2142628007749,162.187703405865,109.902452384987,77.3296298832411,5.24322226556062,7.39589066306525,6.24924024857417,0.614,0.998,0.639,1,22.3436539384121,66.7005919840464,21.0458967916726,62.32508175363,17.4918164103601,18.869448727403,7.22431057094683,-9.24440455887073,27.5229067508857,11.2596665888102,305.963641333742,356.056095276092,52.1906632254941,85.45901564807,10.2751161884739,10.7354939379352,0.622,1,0.54,0.999,32.0643150807527,96.7576875778383,29.1272024166545,85.1158387728241,15.8363527735169,16.6233673893887,8.34070829648102,-6.57739496846646,28.6393044764199,13.9266761792145,250.790069167277,276.336343362591,69.5674148869873,43.2621245712079,9.4464509648382,9.97251187091392,0.68,1,0.654,1,32.1068355334527,97.4045908610578,33.5733077620438,102.842472360312,3.08863944463647,55.2768662292628,-11.9370214755125,38.8744398063267,20.150446647949,37.0562758519986,5.44660627068665,23.1789026042208,52.1882267846263,50.8114612818392,16.9058292040497,17.7322963335341,1,1,1,1,5.05988268753788,54.5712327124637,-4.92494339021215,38.9438659923801,19.9337795358542,37.7010724602029,10.2965246098025,26.7538766655737,49.5113500249258,43.8688093825923,17.7672929243487,16.4573520557712,1,1,1,1,-1.63757884676718,55.8878995334682,-15.1913201110727,37.5356783759456,18.3597717036546,35.7034306374562,1.7995365478855,19.9666062438353,57.5254783802354,52.7269984870183,17.3436589338015,18.1670696959498,1,1,1,0,1.12405170141266,55.3229318089718,-16.8595398386877,47.9811161317608,19.5153970655783,37.5809292543975,3.30642899058855,23.9431017830011,54.1988801075591,64.8406559704485,18.0655321888192,20.6366727924126,1,1,1,1
349,100,1,1,"L'Ecuyer-CMRG","10407_1937405403_1798067319_175964552_-2013231549_913247447_1317049552","10407_1462427520_1436931365_-1644244637_-995128919_1548781376_-1323827736",1863016181,1879456658,175669677,1755870457,1313420908,720741349,934828904,24.9390000000001,2.83899999999994,2.80399999999986,1.52999999999997,0.857000000000198,119.956,1,NA,"3835e552db3f","not-a-git-build","bbd3d4119dab4c61438d29ca56ae93a0","confirmatory",174.906,23.8920858790712,11.0428586222483,22.4225426199895,-5.92341883875207,42.2903770536349,13.7693453022685,570.831767652913,121.944726550964,502.770417545247,35.0868907392829,15.0362753196194,6.48839308602643,0.106,0.834,0.646,1,22.7511885490174,65.2197051250316,21.9515373855046,60.7207945437735,28.0223722349233,11.031181158929,26.761355384498,-4.33148379187704,46.6291898181434,15.3612803491435,785.253345672602,121.68695776111,716.170142015402,18.7617518392935,17.9492832046901,6.72670121350245,0.039,0.866,0.697,1,25.7097207947942,73.5941392519297,23.787087246603,71.8972978479342,28.0446100342513,14.867939902047,26.7146793616481,-8.50238794375794,46.5825137952934,11.1903761972626,786.500151973227,221.055636930881,713.674093395665,72.2906007461603,17.3470145100773,8.92999373272062,0.077,0.981,0.684,1,28.0763340804918,86.6075808586833,30.8172665336496,91.9040371114163,27.2531266517738,13.0581381470419,25.8613871376126,-4.86815281255295,45.729221571258,14.8246113284676,742.732912297625,170.514971867232,668.811344681473,23.6989118063672,16.1375768721275,8.48148465897863,0.164,1,0.791,1,35.9324974370296,109.514514554948,33.2741742429819,101.828763580303,17.0822480259133,68.8553774326745,-10.3377927464379,38.1408730049094,32.3123381134985,51.5573885731486,4.61369188232857,23.1477972963059,51.7731294067612,48.4786657513473,19.2450504596502,18.5341054139773,1,1,0,1,16.4106828341064,75.1960539315975,-12.7565010876694,46.9855481995739,36.0432913696125,57.3368654355375,6.44335110122279,24.8649699956865,58.7853710974911,59.7420492872433,21.293574065925,18.4216188944637,1,1,0,1,19.5186251069128,72.1573399733083,-19.1100378898236,40.2122651638414,37.966878965701,55.7765242009007,1.53600033766842,20.887899778898,52.6387148663955,59.322303053665,17.8096452351996,19.3518994412296,1,1,0,1,11.6723476150964,77.3440099370451,-14.2231908139597,46.885796954443,34.9370159087511,56.9126780047025,3.56278862264235,25.765985914279,65.6716623219487,61.1089877684027,21.9756620959514,22.2031972916367,1,1,0,1
350,100,1,1,"L'Ecuyer-CMRG","10407_-1330813447_163360560_-782017336_-4121295_-1960435890_-1885259993","10407_-1091073457_-21682814_326198709_-1074107332_1157737093_-845774151",175669677,1755870457,1313420908,720741349,934828904,787038993,1583345850,24.7610000000002,2.5,2.44100000000003,1.41000000000008,0.840999999999894,115.31,1,NA,"3835e552db3f","not-a-git-build","bbd3d4119dab4c61438d29ca56ae93a0","confirmatory",170.256,14.1472681338378,18.9428571500806,11.9864922691196,-16.832200962217,31.7894573801249,2.89233402365157,200.145195650701,358.831837008359,143.675996917665,283.322989232459,8.22463317872745,11.4753625980274,0.47,1,0.24,0.924,23.3556563529729,69.4031496851053,18.681537186591,58.0342109745738,20.6268503454539,16.7952814752396,19.2437280874303,-14.4152772883282,39.0466931984356,5.30925769754037,425.466955173752,282.081479832527,370.321070702953,207.800219299391,12.241440368032,9.78474401650354,0.225,0.998,0.385,0.991,26.4068491403142,75.0080471173956,22.2004818682936,66.6101181903189,14.796782491813,17.8336391262429,12.8109541313485,-15.571411245266,32.6139192423538,4.15312374060252,218.944772110024,318.038684485061,164.120545755516,242.468848169198,9.00715605823749,10.4183862181272,0.586,1,0.402,0.996,29.7280573817431,91.7086114112443,26.073872872389,78.5095074561137,10.7554990872656,17.490186725254,8.87183883430703,-15.2549517552965,28.6748039453123,4.46958323057206,115.680760616172,305.906631684253,78.7095243019183,232.713553056424,7.31204798810845,10.2226835136963,0.79,1,0.411,1,29.1235268783008,89.5397231122261,25.1616669474623,79.6415965064669,2.05615047144224,59.8230106583009,-21.7689677896647,27.8345391463898,22.3802481490773,42.1925734513905,-4.58913086428517,11.1488398363797,57.7668601868586,49.6035069360545,19.8123253023132,15.7379707006648,1,1,0,0,10.5786575739483,71.7192083397812,-21.07603263327,33.3554474064342,27.9973959417276,49.6238153318548,-3.76536618216213,14.1101531512554,61.1405507658329,54.4314800397041,21.6264193901273,17.8755193334175,1,1,0,0,-1.28286027785298,61.4059124972346,-21.3959398730661,29.1590378060081,22.20499467637,44.1907941889755,-4.47534594556564,13.3645231004559,62.6887727750876,50.5549776790742,21.9857995126055,17.8398690460216,1,1,0,0,-1.84448111791463,61.5639574631562,-20.2902957477777,30.8722006799518,17.5011536526605,38.9480712946404,-5.15997478854401,13.9217111800718,63.4084385810708,51.1624964277295,21.4469176419799,19.0816859686158,1,1,1,0
351,100,1,1,"L'Ecuyer-CMRG","10407_-1760469476_-609397950_-1254022339_-1561988266_-863963441_-930916851","10407_2059536160_-1104090876_1733451541_2114333190_1716039183_-1525167922",1313420908,720741349,934828904,787038993,1583345850,1428885473,883011433,25.5630000000001,4.24600000000009,2.64100000000008,0.840999999999894,1.03999999999996,112.465,1,NA,"3835e552db3f","not-a-git-build","bbd3d4119dab4c61438d29ca56ae93a0","confirmatory",167.657,13.4666723273803,15.3851287242854,10.2572531337737,12.5801269499526,30.3220674266929,32.7880756857544,181.35126357303,236.702185862833,105.21124185031,158.259594076923,7.95772167192577,8.89243223673609,0.598,1,0.449,1,24.9750477204251,77.8674819709822,22.5231912015576,64.826473051525,19.7513994720036,15.4952907841554,16.9487757673126,12.6888816618042,37.0135900602319,32.8968303976061,390.117781102663,240.104036485531,287.261000010644,161.007717827272,11.4235580156934,8.97906621650088,0.352,0.989,0.434,0.999,26.5887321586091,77.2218486730721,22.7987542278918,66.6987260823424,19.0807045682812,16.4278612458353,11.1997048682372,12.8769649435787,31.2645191611564,33.0849136793805,364.073286822026,269.874625112416,125.433389135615,165.816226158155,10.9680609064833,9.59161099346798,0.571,1,0.569,1,32.2205151726873,96.4629140959382,29.7184823124441,89.2885585300539,21.9375119813782,21.1475188860408,13.6721538211865,15.9112874963579,33.7369681141057,36.1192362321597,481.254431933111,447.217555035454,186.927790110185,253.169069791755,12.6564935610383,12.1974644556031,0.58,1,0.555,1,37.9603413148149,114.998586077112,36.3632621954936,106.743548574095,-2.81370487257407,59.5401650553357,6.17017147838325,59.4706397133299,19.9317368721545,40.7984332174033,23.5012244225802,41.9852990098275,62.3538699279097,53.3004682349466,20.8666963452487,18.4840745872473,1,1,1,0,4.75627494391162,63.6342342975839,5.38906823296363,58.1248439790404,27.0166202201802,47.35025389127,23.9259643813886,42.2995615025713,58.8779593536723,52.7357757460768,20.3336336710897,18.3735971211827,1,1,0,0,2.58175807153639,59.4497944270972,4.71484354809056,62.3331624427331,22.3308381793124,41.0942384070864,23.5120229603463,42.4108324734709,56.8680363555609,57.6183188946425,18.763400227774,18.8988095131246,1,1,0,0,1.59496585959465,66.2406596764314,6.7992699014948,68.1193328220017,22.3765688884715,44.9146682885123,25.7265173108616,45.7568648496385,64.6456938168368,61.3200629205069,22.5380994000408,20.0303475387768,1,1,0,0
352,100,1,1,"L'Ecuyer-CMRG","10407_1797853948_2030233689_1018315655_-1875408780_1028549136_1887780565","10407_1358267993_846265309_462717366_1817272954_-1370455691_-1530381034",934828904,787038993,1583345850,1428885473,883011433,2016375544,1833323090,25.885,2.44599999999991,4.03500000000008,0.857999999999947,0.828999999999951,112.587,1,NA,"3835e552db3f","not-a-git-build","bbd3d4119dab4c61438d29ca56ae93a0","confirmatory",167.66,28.3883347017241,11.7438386649392,27.183610275629,6.98776930502842,47.2392430097767,27.2220746241359,805.897547137111,137.917746588121,738.948667617281,48.8289198602973,19.4230343133665,6.73498525192553,0.013,0.65,0.513,1,20.6062608007304,59.5365619627232,17.3905289506156,51.6233368591386,34.1913061270674,17.8125063895687,33.0342880734207,15.0736859427512,53.0899208075685,35.3079912618587,1169.04541467484,317.285383878425,1091.26418851775,227.216007900694,24.3047049084929,10.577736167924,0.001,0.432,0.346,0.885,22.4511991938422,63.8232991225385,18.8245095883712,58.2331038313671,37.3938129712859,15.4602993097399,33.566389139761,12.4470912826296,53.6220218739088,32.681396601737,1398.29724853151,239.020854746745,1126.70247988187,154.930081398113,24.3414827733728,8.97899844301192,0.123,0.608,0.503,0.995,27.8869488351693,80.2187604083186,23.9695158621803,76.0226510064962,37.9824217942941,17.4683066938241,33.3268831913755,14.0480059861684,53.3825159255233,34.2823113052759,1442.66436535967,305.1417387495,1110.68114325159,197.346472187424,23.6671602646128,10.2203006071287,0.224,0.713,0.533,0.999,32.9517325777547,97.8468923467327,29.5695725085972,91.1931362663786,23.9531196710343,69.8412120237831,7.90325616510452,47.8617643058378,39.5344574467023,55.8634710296108,20.7488928621262,34.0384645969437,45.8880923527488,39.9585081407333,16.3290135829085,13.2895717348175,0,1,0,0,28.9105347838497,76.8476834648193,14.8819254230139,56.1228985477198,43.9108645069194,61.8656556284732,27.4613803103594,42.1564935969332,47.9371486809696,41.2409731247059,17.9547911215538,14.6951132865738,0,1,0,0,27.7259768385225,74.8649112640553,11.3687869039548,54.3330599981156,46.039792042708,61.4920660574337,25.5305408426437,39.9095116825387,47.1389344255328,42.9642730941608,15.4522740147257,14.378970839895,0,1,0,0,24.6789125936911,77.4282949066588,9.75130039477868,60.0143117480602,44.861949312667,62.4362353057258,25.5801671404824,43.2293847555006,52.7493823129677,50.2630113532815,17.5742859930588,17.6492176150182,0,1,0,0
353,100,1,1,"L'Ecuyer-CMRG","10407_-1884097861_-1135351587_-962228240_1836862283_1818701427_558996173","10407_-5113886_850019945_501002956_1317625987_574029821_-1864333019",1583345850,1428885473,883011433,2016375544,1833323090,1138671864,689364080,25.5720000000001,3.79700000000003,2.59799999999996,0.842000000000098,1.51099999999997,116.874,1,NA,"3835e552db3f","not-a-git-build","bbd3d4119dab4c61438d29ca56ae93a0","confirmatory",172.222,10.4591975193381,16.7650759880458,-3.63611663310737,-14.2457220463193,16.570007548606,5.82560839480702,109.394812748529,281.06777288495,13.2213441695601,202.940596620987,6.43769574945947,9.81628561824867,0.712,1,0.365,0.966,22.9961882650938,70.1405422461607,20.2741976511136,59.4805851782334,13.475813773201,20.5699810766314,-6.09069986693602,-18.6743579393615,14.1154243147774,1.39697250176483,181.597556849994,423.124121492972,37.0966248690944,348.731644447393,7.81152886158863,12.5637821507416,0.624,0.999,0.216,0.932,24.8635031090392,72.2479121998244,20.6401932189543,59.7804864764884,19.9210601149627,17.8960739747825,-7.6590291257789,-15.8514823508963,12.5470950559345,4.21984809023002,396.848636103956,320.269463710886,58.6607271495295,251.269492720777,11.4488474149012,10.4500646058315,0.598,0.997,0.394,1,34.976615815132,102.05416959991,26.0898229710285,77.3468346018945,16.6528545681767,18.6099105621277,-4.45281857924417,-16.7783183828201,15.7533056024692,3.29301205830621,277.317565268844,346.328771130391,19.8275932996621,281.511967755279,10.1866705580636,10.9055684084584,0.663,1,0.395,1,34.8342808232112,105.517920101053,29.4677902643894,90.739731486967,-9.7813568789008,43.1061979949813,-19.691745778744,30.1892952771172,6.82214652069985,25.0247157741846,-2.80453410168549,14.4684644140334,52.8875548738821,49.8810410558612,18.2025692534848,17.2729985157189,1,1,1,0,-7.61740384057202,36.9725346232405,-22.0739318503939,24.6059284621418,5.3715776560635,23.0025744660806,-7.2307350685792,9.97560884675894,44.5899384638125,46.6798603125357,17.6309968100171,17.2063439153381,1,1,1,0,-15.1205424692803,40.4775260772833,-21.5143093174099,28.3513022912158,2.46870077740106,22.2201385382555,-3.6470058623516,13.0228586112163,55.5980685465636,49.8656116086256,19.7514377608544,16.6698644735679,1,1,1,0,-13.5412657098449,44.4494672142685,-24.3363119667989,35.4327884881909,6.50683509896063,25.0493075000533,-6.50762748256298,12.6321226497767,57.9907329241135,59.7691004549898,18.5424724010927,19.1397501323396,1,1,1,0
354,100,1,1,"L'Ecuyer-CMRG","10407_922642840_-1759743089_-2100009183_570570450_263192935_901818934","10407_233047569_1715740814_1464699823_-648634471_260156614_1551914917",883011433,2016375544,1833323090,1138671864,689364080,1642645038,1379888668,25.7940000000001,2.52600000000007,3.68600000000015,0.837999999999965,0.848999999999933,115.855,1,NA,"3835e552db3f","not-a-git-build","bbd3d4119dab4c61438d29ca56ae93a0","confirmatory",168.849,14.9820792891911,8.58278697224588,12.7797683166655,0.382965779615592,32.6418636945568,20.4894770679228,224.46269982761,73.6642322109535,163.322478227648,0.146662788356578,8.68656139244312,5.27014176192177,0.405,0.999,0.702,1,22.346990409145,61.7414553690428,19.7239135733875,55.0066106615803,21.5537730882089,10.3224637591324,20.0428554434845,5.97381381314601,39.9049508213758,26.0803251014532,464.565134337999,106.553258058602,401.716054328417,35.6864514741341,13.2860411775341,6.24424155727014,0.132,0.881,0.674,1,21.7246930799605,64.2484772322055,21.6790618999167,64.5095491178517,17.5919584665455,11.2473633296544,15.379324326353,1.20797999188953,35.2414197042443,21.3144912801968,309.477002688662,126.503181869255,236.523616735153,1.45921566080544,10.1903407043909,7.53611405730798,0.394,1,0.824,1,25.8274075748567,81.2204122444575,30.3331834259202,92.9367389658733,17.0690177077027,12.1484760756507,13.8181592482722,0.835360601260195,33.6802546261634,20.9418718895674,291.351365505869,147.585470960658,190.941525010609,0.697827334137795,10.2097518502598,8.06754583203189,0.602,1,0.812,1,32.6389635059094,102.503496170863,32.3270156637286,98.2884800543611,10.6803596907754,55.9047816973881,-1.78043777411175,42.1580642332243,23.5571722634964,42.1557563680871,12.0306032480703,28.4967846663391,45.2244220066127,43.9385020073361,18.5985841045908,16.4661814182689,1,1,0,1,16.86905763649,67.4180923449224,2.3090331003643,54.9580922925397,31.2477316822595,47.9310010179843,17.0098429802886,35.1294634413552,50.5490347084324,52.6490591921754,16.6832693357249,18.1196204610665,1,1,0,1,8.43530322853418,61.4899844334101,-3.40271972415829,45.1293445945064,26.361487396531,44.8583299640106,13.1268314120478,29.5014647276805,53.0546812048759,48.5320643186647,18.4968425674797,16.3746333156327,1,1,0,1,2.34218582767054,63.0620412601333,-5.19949174596256,49.5157013418157,24.1930106801091,43.1945975104961,12.8080381828667,29.4591339821404,60.7198554324628,54.7151930877783,19.0015868303871,16.6510957992737,1,1,0,1
355,100,1,1,"L'Ecuyer-CMRG","10407_1593499385_-1035134294_-1841318195_1790081_733381406_-736415099","10407_-1418819190_-35880929_1709949679_-647022080_-301384766_-84233713",1833323090,1138671864,689364080,1642645038,1379888668,228907641,552494603,26.4850000000001,2.75900000000001,3.17999999999984,0.83199999999988,0.827999999999975,112.172,1,NA,"3835e552db3f","not-a-git-build","bbd3d4119dab4c61438d29ca56ae93a0","confirmatory",167.807,15.7507449142808,13.3084515135796,13.6260353178384,-9.66209939642905,33.6472999331774,10.4138219034526,248.085965354743,177.114881689299,185.66883848298,93.3561647464747,9.15687138644336,7.725377323881,0.388,1,0.532,1,22.2404238561227,65.3075881206391,22.262261881977,65.4633792283834,18.4883945916151,13.203313093928,16.459473047707,-9.17411982384183,36.4807376630461,10.9018014760399,341.820734575261,174.32747665629,270.914253008195,84.1644745422077,10.8769191044301,7.91367543850717,0.319,0.985,0.646,1,23.9025334176534,72.7487657613181,27.6898542173191,77.5519039785394,17.3678482158987,15.1408770998476,15.8535407215845,-11.0443865070702,35.8748053369235,9.0315347928115,301.642151650495,229.24615935269,251.334753410938,121.978473317554,10.2939015019384,8.85207470412387,0.438,1,0.577,1,29.1451007350321,88.4167578346038,26.9226389445944,79.0103528624159,12.5909211060418,17.36929905432,9.20604060144388,-13.6172707495877,29.2273052167829,6.45865055029399,158.53129429857,301.692549638403,84.7511835554332,185.430062667577,7.94580967557884,10.1268569622167,0.714,1,0.546,1,28.6783936252391,89.6962865262847,30.7262059584053,93.2556744757009,5.52814174791496,58.8862960451114,-17.2901208680158,37.7456889990429,23.8906122798183,43.3805850557019,0.998093633955963,19.5705606655748,53.3581542971964,55.0358098670587,19.4899727758835,18.5724670316189,1,1,0,0,7.74015198790625,68.7584075056048,-19.3255330573295,45.9639341842004,25.6664706665429,45.892001400814,-2.30170515084714,22.7620876120957,61.0182555176985,65.28946724153,20.225530734271,25.0637927629428,1,1,0,1,8.90573586491058,70.1934890293352,-20.8062487800325,36.5354783299594,24.6124582180307,45.9796524923311,-1.21998019281905,18.6692301388432,61.2877531644246,57.3417271099919,21.3671942743005,19.8892103316623,1,1,0,0,-0.882102423300026,61.2433810732632,-24.6823143049089,41.8832804911117,18.1169795497445,39.1986437622152,-4.04123975083195,17.7627762339037,62.1254834965632,66.5655947960206,21.0816642124708,21.8040159847357,1,1,1,0
356,100,1,1,"L'Ecuyer-CMRG","10407_716032345_-1128394121_-493871611_-641962262_-804023598_-1493389638","10407_-274537480_1125814207_1554493082_-1715556229_-575251127_-1211703879",689364080,1642645038,1379888668,228907641,552494603,1661992164,1221281355,26.115,3.43600000000015,2.52000000000021,0.814000000000078,0.892000000000053,111.191,1,NA,"3835e552db3f","not-a-git-build","bbd3d4119dab4c61438d29ca56ae93a0","confirmatory",166.203,15.0649077391169,29.2016146311082,-12.8197978130202,-27.8395579540571,7.31909581777079,-7.47542063640466,226.951445188103,852.734297063755,164.347215966717,775.040987077306,8.81097095381869,19.9229501127274,0.358,0.97,0.011,0.577,19.2379868897238,56.2662241519327,20.9902526408197,61.902580286509,12.893877706901,31.8623786480166,-9.33092804239758,-30.6679797882203,10.8079655883934,-10.3038424705678,166.25208232052,1015.21117310959,87.0662181324015,940.524984290686,7.54757637999637,21.6073453707837,0.577,1,0.004,0.664,22.8061220619925,65.2506717956989,23.8453351524473,70.03914687968,16.5274980247316,32.1578490802116,-11.3568982194014,-30.4443330922665,8.78199541138956,-10.080195774614,273.158190957508,1034.12725746567,128.979137165843,926.857417432875,9.6275393070506,20.3957130631238,0.535,0.992,0.066,0.889,26.4381730436998,80.6278359364365,28.953646886062,90.5861028189533,15.7674190441604,31.7728861179031,-11.0746861792692,-30.1930967519062,9.06420745152175,-9.82895943425368,248.611503314152,1009.51629226124,122.648673969296,911.623091469967,9.53486552031509,19.7554662495507,0.609,1,0.089,0.94,29.6129526608157,96.0177463865924,32.1747046891963,95.784961813615,-13.6369962401589,28.8740570832427,-32.7518789513066,18.8842311142376,0.00347708173586904,14.6215276837278,-16.2654069809617,0.537221866139296,42.5110533234016,51.6361100655442,14.6180506019919,16.802628847101,1,0,0,0,-11.5275079761437,36.9592610581679,-38.198836172666,17.715379847347,1.41577129941442,18.9860681855881,-20.2889664607085,-0.430823096432855,48.4867690343116,55.914216020013,17.5702968861737,19.8581433642756,1,0,0,0,-13.8010463485515,30.6171524255686,-38.3865576314192,17.0321965002991,1.00265683982053,16.0565252300939,-18.5779529259414,-0.779027038414447,44.4181987741201,55.4187541317183,15.0538683902734,17.798925887527,1,0,0,0,-19.6742403108937,34.7682861493977,-39.3155040757896,19.5143392071597,0.944708108172918,17.6313386419641,-19.36350380642,0.0884534995429799,54.4425264602914,58.8298432829493,16.6866305337912,19.451957305963,1,0,0,0
357,100,1,1,"L'Ecuyer-CMRG","10407_-1966103018_1831046933_1655342004_-263700681_2032985617_983084211","10407_1222257188_-497579330_1360271912_-508548091_-2084226339_1491002261",1379888668,228907641,552494603,1661992164,1221281355,809282768,1603138593,25.9929999999999,2.63900000000012,3.00399999999991,0.876999999999953,0.852000000000317,114.325,1,NA,"3835e552db3f","not-a-git-build","bbd3d4119dab4c61438d29ca56ae93a0","confirmatory",170.274,12.0736542812026,18.8000281989338,-8.19823258165997,-16.3987403731814,12.001662679265,3.72267907965141,145.773127702002,353.441060280705,67.211017462991,268.918685827011,6.97900444855175,11.3711565947118,0.533,0.997,0.238,0.902,19.1287787117781,59.4033571614425,17.6509378487339,56.0773607136691,11.9867074685216,19.0928273136282,-7.73400738641272,-16.6640947542747,12.4658878745123,3.45732469855813,143.681155935912,364.536054828029,59.8148702530865,277.692053979446,7.06046610124459,11.3566405081372,0.622,1,0.273,0.941,22.2549293041251,66.0135786092246,19.8172106745897,63.6976144600316,16.966860395621,25.2313822482852,-10.9416488009393,-22.5904996229448,9.25824645998568,-2.46908017011201,287.874351684491,636.622650159079,119.719678483097,510.330673214271,9.815987116584,15.2690373400137,0.543,0.988,0.203,0.941,27.0357835868254,81.5036504072602,24.7274046885203,79.9525361627959,17.0741341638223,25.405452811871,-10.8830127318749,-22.4941335606179,9.31688252905011,-2.37271410778509,291.526057444204,645.437032576203,118.439966122151,505.986044642918,10.1016075865915,15.0611368898717,0.594,0.999,0.28,0.987,31.2647474997665,94.8702319340015,30.0846142044353,90.5622918276506,-11.58230880092,37.0672887669041,-18.5024989049732,27.6765445922681,4.55169577523772,19.5791172246316,-3.81005677718183,11.1517398221524,48.6495975678241,46.1790434972412,15.0274214493939,14.9617965993343,1,1,0,0,-15.8110139515547,38.1645866818973,-21.4992986613636,29.2434764262596,4.09011496946412,20.6706956038842,-4.22870367083793,11.1534753546802,53.975600633452,50.7427750876233,16.5805806344201,15.3821790255182,1,1,1,0,-12.6161824665759,33.2588395515467,-23.2471543678438,19.0875652477124,1.06789206608221,17.6068140177591,-9.47376438764833,4.91433787177606,45.8750220181226,42.3347196155562,16.5389219516768,14.3881022594244,1,0,0,0,-15.0264554958782,36.2059627195843,-30.0327829957231,25.5572627163407,0.114760460365136,18.2691405838043,-12.337114424729,6.33691055729039,51.2324182154625,55.5900457120639,18.1543801234392,18.6740249820194,1,1,0,0
358,100,1,1,"L'Ecuyer-CMRG","10407_1784827562_-1846500677_1029873611_-2002656501_-674636190_-2112049071","10407_1990160222_1728844847_-1426309228_543581949_1153673690_98641376",552494603,1661992164,1221281355,809282768,1603138593,883997751,1306949440,26.357,2.73900000000003,2.8130000000001,0.829999999999927,0.818000000000211,115.169,1,NA,"3835e552db3f","not-a-git-build","bbd3d4119dab4c61438d29ca56ae93a0","confirmatory",168.859,8.78993482243057,9.09272842625889,-3.43597693492929,-1.0991502080882,16.7527764817302,18.9888677527353,77.2629541825776,82.6777102336965,11.8059374973661,1.20813117994033,5.4448949419738,5.44026511858672,0.743,1,0.628,1,20.795426744651,57.7278355122171,18.3528722302653,52.2661520915199,8.4806997789959,9.27832996699688,1.8781745088119,0.672078117408176,22.0669279254714,20.7600960782317,71.9222687414611,86.0874069764724,3.52753948555083,0.451688995898919,5.32040023817447,5.79502714036422,0.732,1,0.722,1,19.6886154222203,59.8364979742075,21.6282042320968,63.0523457246878,9.44360189539623,11.4759499546565,-1.2088893608942,-5.01090096192025,18.9798640557653,15.0771169989033,89.1816167587314,131.697427361781,1.46141348688318,25.1091284501733,6.12686175183321,7.07402837253749,0.777,1,0.709,1,24.159702203123,72.1521578892573,25.2645576212721,78.472086898294,15.6290637946113,11.3430266926324,2.86095319246055,-2.75019441915607,23.04970660912,17.3378235416675,244.26763509603,128.664254549772,8.18505316945019,7.56356934315718,9.58747543384587,7.67289961981941,0.723,1,0.811,1,34.4037267835055,102.607767290445,30.5039317443951,95.8423565627685,-9.04515791696197,39.4337128494478,-1.78307373496478,38.365515081534,8.65427869418732,25.7751665253041,11.4545459639422,26.7774279760284,48.4788707664097,40.1485888164988,17.1208878311168,15.3228820120862,1,1,1,1,0.976086300755086,44.9378232396995,-7.28094585995664,43.5311947568536,14.6215339534967,29.8651131926457,12.0499836683268,30.3507357822129,43.9617369389444,50.8121406168102,15.243579239149,18.3007521138861,1,1,1,1,-3.19215306392361,40.7441027784073,-10.6845537303344,40.1259451541628,11.8221089750451,26.4724004130198,7.02821081355135,22.7255592707756,43.9362558423309,50.8104988844972,14.6502914379746,15.6973484572243,1,1,1,1,1.05847074317471,45.8249013776701,-6.08108832373709,44.4423220684444,15.4234123980765,30.7988181964237,9.09916066896773,25.0993789173985,44.7664306344954,50.5234103921815,15.3754057983472,16.0002182484308,1,1,1,1
359,100,1,1,"L'Ecuyer-CMRG","10407_1568704912_822240513_-464096946_-1741236336_712617282_1792536786","10407_-1921079198_-1764758594_-286841084_1722493095_1909717947_-992129187",1221281355,809282768,1603138593,883997751,1306949440,249143730,776203578,26.4580000000001,2.60699999999997,4.01600000000008,0.838000000000193,0.824999999999818,114.157,1,NA,"3835e552db3f","not-a-git-build","bbd3d4119dab4c61438d29ca56ae93a0","confirmatory",168.961,8.32035756419571,8.56376333066899,-2.41720200276144,2.63266629265622,17.7567099672294,22.7114921025876,69.2283499960688,73.3380423837108,5.84286552215393,6.93093180848825,5.95710241278552,5.64034058370872,0.893,1,0.793,1,27.2098760270534,75.6133919397137,22.5390232658243,68.106862713158,9.00652943235086,11.1752405557149,-3.09346757966865,7.82709296540603,17.0804443903222,27.9059187753374,81.1175724158024,124.886001478095,9.56954166646102,61.2633842891086,6.22811043403983,6.98328085028317,0.845,1,0.715,1,25.5691339773634,79.5486766710269,26.2785234678641,75.6714523890371,8.3532050915636,8.86478373933449,-1.02229119698764,6.49546042296524,19.1516207730032,26.5742862328966,69.776035301724,78.5843907451692,1.04507929143842,42.1910061063077,6.53198582480141,6.70233884698458,0.933,1,0.939,1,30.4374603927328,89.3481216332048,30.1905177987808,89.4483797150775,8.85000047307058,9.92076576257741,-4.05956112987137,6.90423179996439,16.1143508401195,26.9830576098957,78.3225083733495,98.4215933159282,16.4800365671625,47.6684167476395,7.40749530883059,7.36481433159622,0.948,1,0.912,1,34.834991504246,105.904460863689,32.4168807426183,98.1744456966754,-12.2033029646954,49.7074269164749,-6.03607020160578,49.2789083962169,6.47536115081669,29.2045103781553,14.109606664952,31.5902936194353,61.9107298811702,55.3149785978227,22.7291492273386,17.4806869544833,1,1,1,1,-17.0554880293572,45.2251870819484,-1.96452000017847,56.7900119044221,7.18453929211736,27.8972407668319,17.0646905963822,38.335725477422,62.2806751113056,58.7545319046006,20.7127014747145,21.2710348810398,1,1,1,1,-9.10888886922545,47.3718529683983,-1.34174554431038,56.4299617125247,9.93360378378971,29.0488210328398,15.6966524036265,37.2219405214315,56.4807418376238,57.7717072568351,19.1152172490501,21.525288117805,1,1,1,1,-14.6088650485675,48.8524946796547,-3.64952668688506,56.3504638489177,4.64571749772723,27.9953960139276,16.8228966652519,37.9308780059691,63.4613597282222,59.9999905358028,23.3496785162004,21.1079813407172,1,1,1,1
360,100,1,1,"L'Ecuyer-CMRG","10407_414716355_-1872064476_-537775132_1524518346_716809441_1309696015","10407_-933180295_-714068057_-1606716291_2033489164_-92860791_-761127931",1603138593,883997751,1306949440,249143730,776203578,958619081,2144521468,26.8609999999999,3.77100000000019,2.50999999999976,0.86200000000008,0.824999999999818,115.411,1,NA,"3835e552db3f","not-a-git-build","bbd3d4119dab4c61438d29ca56ae93a0","confirmatory",170.474,14.4002272677901,11.9468394666884,12.0539833544024,-8.21549792578993,31.6097892183471,11.3238355960785,207.366545364006,142.726973242823,145.298514708209,67.4944061686586,8.38021258183342,7.01259487795075,0.477,1,0.6,1,23.7077717971734,67.2712047120942,21.9777781725212,64.5741620039285,21.0365261729067,10.8884348039761,19.5247418887112,-6.26889893294553,39.080547752656,13.2704345889229,442.535433423387,118.558012480439,381.215545820795,39.2990938314857,12.6124818885005,6.6247132076895,0.19,0.998,0.692,1,25.1786123142462,72.1196231952313,24.1830972743546,67.4155758020547,15.2141459086869,14.8470069269843,12.7722736352461,-7.3273964208261,32.3280794991909,12.2119371010423,231.470235730813,220.433614689919,163.130973813604,53.6907383079352,9.03538282906397,9.00072189847201,0.539,1,0.687,1,27.4660457317808,84.4650512403802,31.5831444498162,93.852353539402,17.4559683987841,15.8790134598296,15.3597431090877,-8.52333771516041,34.9155489730324,11.015995806708,304.710832739351,252.14306845745,235.921708377167,72.6472858066759,10.4837381242506,9.83946954476047,0.511,1,0.678,1,32.0075526342856,101.09757428893,34.6278905111315,106.66648054372,4.23499069839526,59.9909787203099,-12.4318379248545,38.8220458573184,22.1025825312148,41.0471767659602,2.37081057275247,19.2789308116326,55.7559880219147,51.2538837821728,18.9445942347454,16.9081202388802,1,1,0,0,9.60558091806438,66.7636402492891,-11.728318998221,38.6636897491749,29.0471802848445,49.5546555527438,3.98371646289705,22.1200718737528,57.1580593312247,50.3920087473959,20.5074752678993,18.1363554108558,1,1,0,1,4.60116790183968,57.6816640523597,-12.9461953095414,39.282727055761,23.0396721524457,41.3394497095383,4.81777577277092,19.9944396061311,53.0804961505201,52.2289223653024,18.2997775570926,15.1766638333602,1,1,0,1,5.58963507818838,62.4951863460515,-13.9220332896743,34.1680466309503,25.2812365499093,45.7611045399835,2.28701011660817,19.2789550655864,56.9055512678631,48.0900799206246,20.4798679900741,16.9919449489782,1,1,0,0
361,100,1,1,"L'Ecuyer-CMRG","10407_1267793551_-2104590340_1801535252_-1015767087_1196206953_-93315488","10407_-1621630871_-1044881634_1652466814_-1404533929_-862790779_726186746",1306949440,249143730,776203578,958619081,2144521468,701607477,37125558,26.2440000000001,3.00800000000027,2.85600000000022,0.839999999999691,0.826999999999771,116.925,1,NA,"3835e552db3f","not-a-git-build","bbd3d4119dab4c61438d29ca56ae93a0","confirmatory",170.793,18.0062080593915,10.6820683248155,-16.4489720249403,-5.59092904190907,3.40147362904972,14.1634256286499,324.223528678094,114.106583696026,270.56868067727,31.2584875516622,10.8597535036122,6.26437120224538,0.196,0.944,0.632,1,19.9107035557199,57.248415324159,19.6346658017699,58.7688627965625,18.7014345937258,10.1173862358275,-16.885325120279,-4.66932871190004,2.96512053371108,15.085025958659,349.743655863405,102.361504244912,285.114204417525,21.8026306197741,11.0665388811524,6.13359856779233,0.273,0.992,0.689,1,23.5825714124392,68.1714283388475,21.862822391209,63.5866765327899,19.220617516594,10.5682830390201,-17.6093759501312,-2.9543784508528,2.24106970385892,16.7999762197062,369.432137719198,111.68860639284,310.090121353058,8.72835203086337,11.283689357754,7.05252389268763,0.277,0.998,0.808,1,25.2433637396504,82.183873699124,27.6119339905226,86.9313899226115,20.2183242723998,11.2459302468968,-18.5388895380486,-3.51072227714171,1.31155611594146,16.2436323934173,408.780636383912,126.470947118069,343.690425303968,12.3251709072191,11.849870850228,7.89171935660992,0.338,1,0.857,1,30.9635734512128,98.0168251022654,32.4330682959534,102.44105947975,-19.1515654027031,26.9296434594535,-9.58462190959569,37.0310814119802,-4.85552750838457,11.2808757872424,6.70866226842374,21.6614433313212,46.0812088621567,46.6157033215759,16.136403295627,14.9527810628975,1,1,0,1,-24.1771945286266,30.3991816167562,-10.6208389626838,37.813273419902,-7.00941802861548,13.1659751934673,6.80808924293259,24.5881425348234,54.5763761453828,48.4341123825858,20.1753932220828,17.7800532918908,1,1,0,1,-23.6000384142209,28.3251909771098,-7.70320017619668,47.9075845375889,-5.71695323850607,10.7958993939862,7.6477887526244,25.1673084428293,51.9252293913307,55.6107847137856,16.5128526324922,17.5195196902049,1,1,0,1,-26.3623767457738,28.5035151056975,-12.2656816637125,45.0640204105542,-8.30641317781848,11.1330168916969,5.17523315126589,26.8297694529046,54.8658918514713,57.3297020742667,19.4394300695154,21.6545363016387,1,1,0,1
362,100,1,1,"L'Ecuyer-CMRG","10407_1209799336_419696610_935813194_-806948059_890377765_482839422","10407_1082954565_724631387_-1449298798_-1938452182_210580848_524062141",776203578,958619081,2144521468,701607477,37125558,1411825424,142242616,25.3890000000001,2.52799999999979,2.49499999999989,0.849999999999909,1.38999999999987,114.283,1,NA,"3835e552db3f","not-a-git-build","bbd3d4119dab4c61438d29ca56ae93a0","confirmatory",169.733,20.6204470497269,16.2110073816546,-19.0111293295521,-13.4935912529901,0.584546072107702,6.16225199134586,425.202836530593,262.796760328058,361.423038384956,182.077004902771,12.8819603128712,9.41562680651189,0.143,0.848,0.412,0.977,19.757754623633,56.4004609648588,21.9145454708283,63.386649459185,19.474595441821,15.4128723855799,-17.6848014177018,-12.5327128646876,1.91087398395801,7.12313037964832,379.259867622595,237.556635174173,312.752201183547,157.068891748707,11.5884506595572,8.89468708891617,0.244,0.966,0.403,0.994,24.1245307974878,66.8177451485902,20.0792292145223,58.7810007352159,23.5201567556413,19.1586380557882,-21.012488898888,-16.7797801188126,-1.41681349722816,2.87606312552332,553.197773809938,367.053412152698,441.52468972589,281.561020835699,14.173560483914,11.1715073470804,0.27,0.959,0.366,0.996,27.8658899563524,82.2311183756668,26.2813565567397,79.75867179289,25.609470805709,22.381866343437,-24.0933668777504,-20.7296798315882,-4.49769147609061,-1.07383658725223,655.844994948464,500.947941015477,580.49032750588,429.719625920154,15.4210053517472,13.2560632790884,0.14,0.994,0.212,1,29.066147607244,91.9175684360558,27.2213972080577,86.0423611725191,-24.3981437964049,18.7432325182276,-23.5977700053016,28.4354425178683,-6.75685380193995,8.34917610144678,-2.33257993265289,15.2625444052418,43.1413763146325,52.0332125231699,15.1060299033867,17.5951243378947,0,1,0,0,-23.7299998493283,27.958487201928,-13.3109054787124,29.1731322056813,-7.6754513989577,12.3476977769062,-0.221198745299828,14.8206599324162,51.6884870512563,42.4840376843937,20.0231491758638,15.041858677716,1,1,0,0,-27.0723805851181,22.3686946206338,-25.5872672566221,27.9018446112572,-10.1054904525051,7.03043550945763,-6.24593004805312,12.7021182278448,49.4410752057518,53.4891118678793,17.1359259619627,18.9480482758979,1,1,0,0,-30.8513190510016,21.1187099349365,-27.5760776078125,21.7760861296814,-13.1874678135629,4.57503743250991,-8.95833678840343,7.1808182093217,51.970028985938,49.3521637374939,17.7625052460728,16.1391549977251,1,1,0,0
363,100,1,1,"L'Ecuyer-CMRG","10407_356831255_1810982427_-497747639_-1527642676_-647313044_-1694298130","10407_-362049303_-162797588_772975724_854452043_761873381_-610592446",2144521468,701607477,37125558,1411825424,142242616,1033766002,45699323,26.4209999999998,2.87800000000016,2.48699999999963,0.851000000000113,1.26899999999978,114.291,1,NA,"3835e552db3f","not-a-git-build","bbd3d4119dab4c61438d29ca56ae93a0","confirmatory",170.125,15.7398903638247,8.99575693753552,-13.4627105569797,-2.18033146969187,6.49745399751996,17.8389134142727,247.744148665221,80.9236428792184,181.244575541011,4.75384531772872,9.13870493261267,5.72775362319662,0.465,1,0.743,1,25.8044151951665,71.7109989936938,22.904107267119,64.0723810226273,13.382391029315,8.75368535452231,-10.6400773979169,1.60079071095586,9.32008715658268,21.6200355949204,179.088389661491,76.6270072859783,113.211247033663,2.56253090028255,8.02982785972006,6.05312636285393,0.65,1,0.887,1,28.1580652189802,78.8535168582832,27.2293372106274,74.030228875499,15.2288746297924,9.63066475499031,-11.9353675956477,0.0155504964431046,8.02479695885186,20.0347953804076,231.918622489935,92.7497036230126,142.452999643238,0.000241817939627008,9.39758909087119,6.61531780253904,0.653,1,0.819,1,33.0331603716884,97.9683649337417,27.467218482429,82.8671116098597,16.3281195823388,11.0530152195935,-13.0656850787398,-0.693265398185979,6.89447947575984,19.3259794857785,266.607489095155,122.169145444565,170.712126576803,0.480616912321964,10.1769714375716,7.83887157825809,0.68,1,0.834,1,36.4016357139665,109.716320802759,32.7811306716325,99.8461118461806,-23.2065545534018,38.2479743542581,-7.21060531009966,46.515510308036,-5.0361444713495,16.7774529101293,7.73854708585199,27.1004527316294,61.4545289076599,53.7261156181357,21.8135973814788,19.3619056457774,1,1,0,1,-21.3528361226763,43.5237018162968,-6.62791432433086,54.6822583473284,-2.24834743134039,21.3483328570296,9.79662021125561,32.8093298867703,64.8765379389732,61.3101726716593,23.59668028837,23.0127096755147,1,1,1,1,-27.0767805925964,39.7010470115733,-5.3526222855766,46.8271725537149,-2.90356846999971,20.3369423356128,11.0513085678192,28.4979231403507,66.7778276041697,52.1797948392915,23.2405108056125,17.4466145725314,1,1,1,1,-26.5213738777979,44.9885893949178,-8.59797447985496,50.681997968815,-6.09258552483187,18.897943160293,8.17460372313127,29.9090761670678,71.5099632727157,59.27997244867,24.9905286851248,21.7344724439366,1,1,0,1
364,100,1,1,"L'Ecuyer-CMRG","10407_1390639265_-1446369184_-861554125_88703432_767627975_-50521195","10407_1467670205_-1500716518_1718026820_1761515219_864248550_1647402671",37125558,1411825424,142242616,1033766002,45699323,462132023,153554864,28.0990000000002,2.54199999999992,3.66600000000017,0.846999999999753,0.815000000000055,117.631,1,NA,"3835e552db3f","not-a-git-build","bbd3d4119dab4c61438d29ca56ae93a0","confirmatory",175.422,8.49190993385159,9.28702187963389,-1.65392666890237,2.82991211288764,18.2912544616218,22.6532846023813,72.1125343246473,86.2487753927987,2.7354734261065,8.00840256666817,5.54955455705039,6.04994641058034,0.824,1,0.781,1,22.9661035060154,65.6407485820694,24.023180753485,70.5572209833578,11.3822947043976,18.1654749340118,3.3672011124835,15.8357081241189,23.3123822430077,35.6590806136126,129.556632737757,329.984479578212,11.3380433319101,250.769651792286,6.84911320884721,10.5688693596652,0.724,1,0.422,1,24.4997448029124,71.1602239532132,27.5057733588367,79.2562891793077,11.0524851663601,10.6979639973681,-2.76675735235088,3.87486425103194,17.1784237781733,23.6982367405256,122.157428352611,114.446433688985,7.65494624678765,15.0145729639253,7.6566069399131,7.72190350415407,0.861,1,0.88,1,32.7321529536593,96.9698266379778,34.7388825682965,99.550530668836,25.6341617640938,13.8650932549257,-9.57673222310329,5.52046793995363,10.3684489074209,25.3438404294473,657.110249347726,192.240810967786,91.7138000730248,30.4755662760558,14.6878523071068,9.10477556928313,0.493,0.98,0.8,1,36.1277254293142,105.737986684132,36.3117143811508,108.209481135396,-7.26748992114729,42.535576962118,-6.04165988857316,53.6726837983713,9.47977803486342,26.8815725761781,12.2923838092615,32.5819885892051,49.8030668832653,59.7143436869444,17.4017945413147,20.2896047799436,1,1,1,1,0.228601591666803,50.5279355474347,1.37363960092523,69.3894121840403,13.741952494189,31.7261223051835,24.1346682257639,47.9576108099264,50.2993339557679,68.0157725831151,17.9841698109946,23.8229425841625,1,1,1,0,-11.3834435395727,48.6951476238281,-10.3900519101946,56.2713290996082,6.11094804892933,27.6844466834956,11.9976684916153,35.2878138776615,60.0785911634008,66.6613810098027,21.5734986345662,23.2901453860461,1,1,1,1,-18.1766106242579,38.4054445974885,-12.2360715687365,59.892627018686,0.723024681693659,20.0496183348213,12.9478026591274,38.5270127497514,56.5820552217463,72.1286985874225,19.3265936531277,25.579210090624,1,1,1,1
365,100,1,1,"L'Ecuyer-CMRG","10407_-1635669236_-1268137398_-1378234144_-737312897_-1009890796_643758826","10407_57867788_-447482058_-1765089602_1269638166_1441234265_-1237480715",142242616,1033766002,45699323,462132023,153554864,1683151208,175356348,24.7000000000003,2.85199999999986,2.6880000000001,1.57000000000016,0.837999999999738,117.571,1,NA,"3835e552db3f","not-a-git-build","bbd3d4119dab4c61438d29ca56ae93a0","confirmatory",173.419,7.99394333900137,12.881149680025,-1.87307709985199,10.0562432236205,18.0489144192551,30.078910767044,63.9031301071644,165.924017079209,3.50841782198994,101.128027772613,5.28110617767515,7.5916671346863,0.804,1,0.565,1,22.0863240002336,62.0211254286922,23.670095626407,71.597778540251,8.01512679467217,16.3551970045655,-1.41024433121652,14.7182583021499,18.5117471878906,34.7409258455735,64.2422575346718,267.492469058148,1.98878907372833,216.627127448804,5.411729118263,9.53895157245892,0.807,1,0.418,1,22.0822928550835,67.0616813577254,25.4538308306446,75.8322397408167,8.44693968906513,9.48325671864086,-4.35947323483844,7.49929260402667,15.5625182842686,27.5219601474502,71.3507901107038,89.932157991647,19.0050068852727,56.2393895608091,5.80499921667062,7.10166834564429,0.816,1,0.906,1,23.7785616128333,72.9562005066919,31.3503203852939,93.9330282794448,9.03020935066875,10.1877136473646,-2.53084994734321,5.73030056982651,17.3911415717639,25.7529681132501,81.5446809169053,103.7895093607,6.40520145596715,32.836344620554,6.86775824820911,7.73993888619817,0.944,1,0.899,1,31.1671438269428,92.642491820355,35.2897407240229,103.965173451642,-5.33083174354677,44.3463041637356,-1.46047349200005,57.2985878785777,8.53412950495602,27.5582515657959,19.4854092252371,39.8073068178208,49.6771359072824,58.7590613705777,19.0241220608399,20.3218975925836,1,1,1,1,-9.12625568216514,44.6702867306751,7.22612638455519,68.9241451920054,8.87488224059225,27.9705500980729,24.9508401340569,43.3747449997156,53.7965424128403,61.6980188074502,19.0956678574807,18.4239048656587,1,1,1,0,-10.3868850518146,41.5566860563509,-1.22610957720977,56.6977299644318,7.41188304052617,24.0013703967909,18.7637036028819,36.2865506284857,51.9435711081656,57.9238395416416,16.5894873562647,17.5228470256038,1,1,1,1,-8.2061323505144,44.0761328424639,-0.575276703141675,54.4689594415168,8.36512947023792,25.8244794593872,15.3716176101667,36.0550293021484,52.2822651929783,55.0442361446585,17.4593499891493,20.6834116919817,1,1,1,1
366,100,1,1,"L'Ecuyer-CMRG","10407_-636578767_1048801680_-971103198_-750075173_1551625066_-2031505969","10407_-587971663_25340591_436693310_375526725_-1143133736_938561264",45699323,462132023,153554864,1683151208,175356348,1588669055,2104754933,26.6459999999997,3.92200000000003,2.49800000000005,0.863000000000284,0.83199999999988,121.101,1,NA,"3835e552db3f","not-a-git-build","bbd3d4119dab4c61438d29ca56ae93a0","confirmatory",178.542,7.83884014737787,13.9621704721717,0.277397371089492,-11.565748564289,20.7272404837499,8.89889836609043,61.447414856143,194.942204293983,0.0769493014873614,133.766539852354,5.21675087246335,8.06210904399499,0.831,1,0.481,1,22.4112176371365,61.8454855325172,22.3853823714356,63.7934453254675,8.38442524472637,11.1838918411312,1.78096316563581,-7.50957271528147,22.2308062782962,12.955074215098,70.2985866844049,125.079436714122,3.17182979735154,56.3936823660999,5.77799558238307,6.75469425727075,0.874,1,0.683,1,25.3131695341596,71.2399473813126,24.2496506257079,68.4780896669699,9.92857921508714,16.4815666881555,-2.32803734124321,-14.0067848017911,18.1218057714172,6.45786212858835,98.5766852302603,271.642040496119,5.41975786222277,196.190020483686,7.04488272029152,9.59518461703097,0.895,1,0.502,1,31.3127102132251,89.4792707664728,27.753588619989,83.2541146096601,11.6472966870969,19.3136344339936,1.60017478976273,-17.0415424341189,22.0500179024232,3.42310449626051,135.659520117259,373.016475049943,2.56055935779219,290.414168533877,8.34283093335012,11.4800833448484,0.889,1,0.514,1,36.2054564964127,108.663270329216,35.0559285597131,106.759094568037,-4.04332170346685,45.5234411052953,-17.8441312707525,35.743229672903,11.3168542395385,30.0077122290679,-1.2581587257447,18.9327781239111,49.5667628087622,53.5873609436556,18.6908579895294,20.1909368496558,1,1,1,0,-4.49489084531954,52.2212173399305,-15.533362824813,41.4611821611847,11.6149538254392,32.3278207516357,3.08074625416724,23.3082328243439,56.7161081852501,56.9945449859977,20.7128669261965,20.2274865701766,1,1,1,1,-9.61736484478771,48.0319687560998,-21.7780188502331,36.7276468478917,7.63410478185717,28.9634625018075,-3.80352333378014,15.90701293097,57.6493336008875,58.5056656981248,21.3293577199504,19.7105362647501,1,1,1,0,-15.4173978492361,58.9200733759068,-32.83167894391,39.4715194611213,11.2930674967074,33.1086899887159,-8.91372327744422,16.9583932191084,74.3374712251429,72.3031984050314,21.8156224920085,25.8721164965526,1,1,1,0
367,100,1,1,"L'Ecuyer-CMRG","10407_-618125643_-210646624_1360906868_528622909_-1654145665_-982243971","10407_-2032344322_1959949758_1332575897_-1944163884_-506717391_-307931425",153554864,1683151208,175356348,1588669055,2104754933,6499509,1433661568,26.3600000000001,3.18299999999999,2.84700000000021,0.846999999999753,0.855000000000018,115.742,1,NA,"3835e552db3f","not-a-git-build","bbd3d4119dab4c61438d29ca56ae93a0","confirmatory",172.312,8.12028561051418,19.5195668243916,-1.76603600545505,-17.9009532559353,18.5387973414728,2.27273021313579,65.9390383963236,381.01348901189,3.11888317256363,320.444127471181,5.57342810244327,11.8537017012928,0.868,1,0.219,0.92,24.4491470395985,69.8440034773773,20.9669416455729,62.1084886893098,7.80562014148598,19.4139469168435,0.0441791271302208,-17.6604685220515,20.3490124740581,2.51321494701959,60.9277057931717,376.901334890017,0.00195179527398821,311.892148418372,5.81349606104558,11.8169754644441,0.913,1,0.22,0.92,26.7874122414516,77.2898165391368,20.5016710426851,60.6118283434611,7.84399558004544,18.3383565764857,-1.11579077775059,-16.5639550216953,19.1890425691773,3.60972844737584,61.5282666597723,336.295321926337,1.24498905971327,274.364605960744,6.21259953222737,10.7369445949605,0.948,1,0.3,1,29.0502681941575,85.3031658082735,24.5470285197214,76.4620447032212,8.1588057276691,15.135313863599,0.12491591299764,-12.2540037116663,20.4297492599255,7.91967975740477,66.5661109018461,229.077725749651,0.0156039853200339,150.160606965532,7.01402640300241,9.17036255337963,0.971,1,0.619,1,33.0303614814995,101.963368369277,30.4614182928785,95.0918686577338,-12.4147431511502,48.1574982449266,-25.7175252484228,25.3894262356229,8.42826485904845,28.0293838773783,-6.17877741210656,11.6964627399521,60.5722413960768,51.1069514840457,19.6011190183299,17.8752401520587,1,1,1,0,-12.0316797389172,52.5177840409869,-21.3086641784743,26.1569844692812,8.12669537516975,32.2296084230322,-6.16131638576908,10.5561278995178,64.5494637799041,47.4656486477555,24.1029130478624,16.7174442852869,1,1,1,0,-10.6772735949076,49.7533042388551,-23.0881453401149,29.3341440791629,8.17621917082632,29.9183858107138,-4.43107024308254,11.3847177729485,60.4305778337627,52.4222894192777,21.7421666398875,15.8157880160311,1,1,1,0,-13.3441943590412,51.58665958434,-22.0978009151647,37.262145554407,10.455915138397,30.785801581437,-1.61948509569287,18.3988571854482,64.9308539433812,59.3599464695718,20.32988644304,20.018342281141,1,1,1,0
368,100,1,1,"L'Ecuyer-CMRG","10407_1807659345_1298825733_-1834495943_-1000807494_137086649_186809118","10407_238946373_1956037773_1277764504_690836888_1312784293_-1688332688",175356348,1588669055,2104754933,6499509,1433661568,1867119539,2072285391,25.8230000000003,2.60500000000002,3.38000000000011,0.820999999999913,0.851999999999862,114.628,1,NA,"3835e552db3f","not-a-git-build","bbd3d4119dab4c61438d29ca56ae93a0","confirmatory",168.152,9.73005387211749,9.83701046133327,-6.13147792329935,3.69375436733957,13.7765987486446,23.6331134226912,94.6739483543086,96.7667748163803,37.5950215239073,13.6438213262401,5.97023204287625,5.76551439435213,0.705,1,0.551,1,21.2605117161449,64.2819702344115,16.9531138912375,53.3801866898957,8.09148780961722,13.7424211658028,-1.78239893244026,10.0256883731812,18.1256777395037,29.9650474285328,65.472174973184,188.854139498306,3.17694595436419,100.51442735614,5.42743711582932,7.83680884645102,0.799,1,0.505,0.987,21.379803366294,65.8538393466388,19.5613726946109,55.0970512434923,9.55079450944831,10.3078500280544,-5.03353453204444,4.13860989451592,14.8745421398995,24.0779689498675,91.2176757617081,106.251772200861,25.3364698852838,17.128091858985,6.62325952798519,6.3302124023621,0.838,1,0.705,1,27.5699598884821,84.1331980660318,23.1949699706422,67.8149872547402,9.71144813375269,12.7856624766341,-4.88158814605273,7.94310020339037,15.0264885258913,27.882459258742,94.3122248545686,163.473164966408,23.8299028276825,63.0928408411001,7.08392179299494,7.65327618406054,0.874,1,0.633,1,30.3195803866947,93.6238402579506,25.2847334391369,79.8112210381453,-10.880802617816,41.2816721178993,1.60799081876482,45.1077561954618,3.83315110403667,22.732163819655,16.986577956195,30.1697370189275,52.1624747357153,43.4997653766969,18.8990127156183,13.1831590627325,1,1,1,1,-11.7249093010196,45.1856205616941,9.6907412824932,53.180497350816,9.34418447464346,26.6826348059117,21.9767133973206,37.7920631578834,56.9105298627137,43.4897560683228,17.3384503312683,15.8153497605628,1,1,1,0,-10.4835269390921,40.0141883155005,2.99732651329888,44.7737840195776,5.80909815719724,24.2927368607337,16.0869404192135,31.6473738497963,50.4977152545925,41.7764575062787,18.4836387035365,15.5604334305828,1,1,1,1,-13.9491507441886,44.2290776415316,0.421391549922475,51.1321040858932,5.64924847659375,24.1145140513817,20.3185331630047,35.9303216228624,58.1782283857202,50.7107125359707,18.465265574788,15.6117884598577,1,1,1,0
369,100,1,1,"L'Ecuyer-CMRG","10407_-222272750_-2064864159_-614003494_296552828_-1460012133_-30206463","10407_1473550609_888400033_-1599860834_1569250874_-1357756751_1056327845",2104754933,6499509,1433661568,1867119539,2072285391,2014198407,651828597,24.5410000000002,3.27100000000019,2.77300000000014,0.869000000000142,1.39600000000019,116.499,1,NA,"3835e552db3f","not-a-git-build","bbd3d4119dab4c61438d29ca56ae93a0","confirmatory",171.444,9.69857709610953,9.69191552430411,4.68848812595709,0.502344692109148,25.0550246888142,20.7195064369002,94.0623976891804,93.933226530247,21.9819209072406,0.252350189690234,6.32520499892692,6.19965997229585,0.795,1,0.746,1,25.0167059460828,75.647067258736,24.1509298287879,70.6260135097038,10.8913273510033,11.2434378016371,6.91470104860559,5.68395691926458,27.2812376114627,25.9011186640556,118.621011466713,126.414893599282,47.8130905915873,32.3073662600558,6.85102085336379,6.67670573878094,0.773,1,0.603,1,27.0499779042612,76.1639728713606,21.5690473351887,65.2773605100796,13.104677079681,11.5735658711965,7.47576008028738,0.526061394867479,27.8422966431445,20.7432231396585,171.732561362715,133.947426974924,55.8869887780184,0.276740591169918,8.47647555931397,7.32073313794096,0.774,1,0.749,1,32.3707463706683,99.8157997007743,27.5700086183362,83.1041491253271,14.0478978501103,12.9592639557348,9.4929713101171,-0.418064624830915,29.8595078729742,19.7990971199601,197.343434007133,167.942522274406,90.1165042947064,0.174778030535014,9.04623083439803,8.40337019938597,0.776,1,0.797,1,35.4738786649555,106.752406887097,33.3692042448563,98.7441170668285,-6.52954704159281,58.2568840927704,-12.6760697304887,49.542758884391,14.32169538396,35.6470385735655,11.6594123634685,31.7168376583031,64.7864311343632,62.2188286148796,21.3253431896055,20.0574252948346,1,1,1,1,-3.3410520511563,60.6676775611673,-3.2421590467263,49.5779360325783,15.0398695844552,38.4518522615834,17.6241766664193,34.9168071577865,64.0087296123236,52.8200950793046,23.4119826771282,17.2926304913671,1,1,1,1,-3.99709171991389,60.4524629621638,-5.20163787578295,47.2485181109,16.0254784129846,38.9606056375599,10.2364957914163,30.754413412998,64.4495546820777,52.450155986683,22.9351272245752,20.5179176215817,1,1,1,1,-2.95174199636369,64.220441897807,-8.961016787824,52.5002086526515,16.7257776008761,42.1933512714661,9.30921771088595,29.7508576056107,67.1721838941707,61.4612254404754,25.4675736705901,20.4416398947247,1,1,1,1
370,100,1,1,"L'Ecuyer-CMRG","10407_1360389586_515775605_-1294779413_-2059425650_910903289_-65566803","10407_-1943496572_1390627742_-1211423272_1834827341_-502876688_930193652",1433661568,1867119539,2072285391,2014198407,651828597,1037379049,634203231,26.181,2.98900000000003,2.54300000000012,0.855000000000018,0.86200000000008,116.968,1,NA,"3835e552db3f","not-a-git-build","bbd3d4119dab4c61438d29ca56ae93a0","confirmatory",171.252,16.1233236635092,20.2769997671163,-13.6063355697472,-19.2573229394277,6.66592232431374,1.06996824997106,259.961565958274,411.156719555634,185.132367636568,370.844486793408,9.32056060769333,12.297696670465,0.373,0.999,0.119,1,21.8313801013573,65.2273619786085,22.3890033163207,67.9099135549207,10.771693080233,20.6970670483353,-6.07440732884165,-19.7299333447507,14.1978505652193,0.597357844648037,116.02937181474,428.368584403285,36.8984243966851,389.270269788306,6.82022607026421,12.4907308626354,0.77,1,0.11,0.997,26.5784385216728,77.6349992887783,24.2928364282592,69.3272251849713,17.7411765088532,19.4542496929186,-12.5994326287205,-18.5777758508083,7.67282526534046,1.74951533859041,314.749343918285,378.467831114423,158.745702565667,345.133755562878,10.3098348108143,11.4840217172223,0.543,1,0.176,1,29.6426689334307,90.8724646092497,27.52684660667,86.3408567221651,21.1076041842331,23.6271640087367,-11.7558318280793,-22.6634165807541,8.51642606598162,-2.33612539135539,445.530954398255,558.242879095742,138.199581970083,513.630451112801,12.5172134093155,14.0516970283667,0.67,1,0.306,1,40.8546340522748,124.907873314016,37.4598234836048,112.165858830505,-19.560204100083,29.1611409398318,-23.7818802485,28.4889368463721,-0.881693395783183,14.828719035118,-8.68392438654943,10.367533399111,48.7213450399149,52.2708170948721,15.7104124309012,19.0514577856604,1,1,0,0,-15.3910548219016,47.3128316950482,-24.83597692247,25.1729888620502,3.37256684884784,24.3366717180781,-8.83554396665299,9.54907103976154,62.7038865169498,50.0089657845201,20.9641048692303,18.3846150064145,1,1,1,0,-19.9793021059792,39.0208540533761,-23.7478352237502,28.5019684164896,-1.76237293385504,16.4197196831507,-6.36619570534505,9.35398232483211,59.0001561593553,52.2498036402397,18.1820926170058,15.7201780301772,1,1,0,0,-23.7600670800462,39.06371373417,-31.9027384047646,25.8883784834052,-4.07100985140136,20.3745928868191,-13.0826403637527,6.83553311857192,62.8237808142163,57.7911168881698,24.4456027382205,19.9181734823246,1,1,1,0
371,100,1,1,"L'Ecuyer-CMRG","10407_-1527501266_1089298808_367534931_-580377743_739260775_753366305","10407_-1968263286_1050203983_593714084_-1086239927_1333743821_-32215942",2072285391,2014198407,651828597,1037379049,634203231,1764001772,1915173816,27.0929999999998,2.88099999999986,3.94999999999982,0.876999999999953,0.861000000000331,117.621,1,NA,"3835e552db3f","not-a-git-build","bbd3d4119dab4c61438d29ca56ae93a0","confirmatory",174.295,16.2307089501807,12.338501098767,-14.2843216693234,8.61219898108231,5.83681284076721,28.84614213829,263.435913025476,152.238609364275,204.041845552701,74.1699712897552,9.48452436712951,7.13917334680499,0.319,0.995,0.551,0.998,21.4046281040454,67.1386750996598,20.7231200122008,60.3163363070358,15.0387993831481,18.4501255012015,-12.821811788572,16.2411024603687,7.29932272151854,36.4750456175764,226.165486886575,340.407131010085,164.398857541565,263.773409128193,8.71487675835537,10.9385439128195,0.443,1,0.33,0.974,23.0713343990318,67.939105798554,22.1164184299599,64.2787677647697,15.0905216584859,13.1272301392667,-12.2764489929967,9.64577277509598,7.84468551709382,29.8797159323037,227.723843925231,172.324171129271,150.711199877651,93.0409324287828,8.76685259931529,7.98029166804349,0.517,0.999,0.631,1,25.2530667507585,76.8386821455756,26.8393893537914,81.0303350704931,17.1755139336219,15.4013865328179,-13.2230477845769,12.1962283211784,6.89808672551363,32.4301714783861,294.998278884038,237.202707133266,174.848992713205,148.747985262313,10.1950118927591,9.26292704065535,0.607,1,0.596,1,32.584332777295,98.4891423250481,29.8742095807634,89.5244593063018,-23.3506778477015,32.3079208807363,2.53058348874846,53.5471826660239,-2.64395095066094,15.134685485663,20.9348634031626,37.4215020772492,55.6585987284377,51.0165991772755,17.7786364363239,16.4866386740866,1,1,0,0,-17.8661702131053,36.4593694059586,11.6559362177085,61.4786226229211,-2.0769255499759,16.0553572191033,27.3355869550834,45.7810294577621,54.3255396190639,49.8226864052126,18.1322827690792,18.4454425026787,1,1,0,0,-18.831658511534,33.2876895474214,2.70412181307213,55.7710003915641,-0.352369718490098,16.2384098700526,20.3608466654118,39.4668697625893,52.1193480589554,53.066878578492,16.5907795885427,19.1060230971775,1,1,0,0,-21.6857367048897,35.6503367633412,6.81819227595737,61.4424314264168,-3.09605476949,16.2120048969511,23.2921941115966,41.7308164024232,57.3360734682308,54.6242391504594,19.3080596664411,18.4386222908266,1,1,0,0
372,100,1,1,"L'Ecuyer-CMRG","10407_474679766_-2065787904_21615355_1237554763_-1138733905_929190601","10407_-658351320_27447393_-2067199568_-73134792_958928453_-497864459",651828597,1037379049,634203231,1764001772,1915173816,2088929140,1131243390,25.0010000000002,2.51600000000008,2.48399999999992,0.831000000000131,1.31899999999996,117.685,1,NA,"3835e552db3f","not-a-git-build","bbd3d4119dab4c61438d29ca56ae93a0","confirmatory",174.101,8.15345323939183,13.0722357884983,-1.38107140058668,9.38284777524519,18.4776663075939,29.3022896818533,66.4787997269491,170.883348510095,1.90735821351847,88.0378323734235,5.79451060166911,7.47440019994957,0.846,1,0.488,0.993,23.9633576508255,75.2491617360353,18.4930209059112,57.0202911700953,9.35730639879582,15.6629967211873,5.1798476737697,12.5073880256742,25.0385853819503,32.4268299322823,87.5591830409452,245.329466287924,26.8308219234574,156.434755224778,5.95608887982155,9.04470686084318,0.771,1,0.469,0.987,23.1850394879381,68.3528962505979,22.796937058186,66.1365221014333,7.97185252015818,14.8183115636472,-0.885779598256732,11.6017435488015,18.9729581099238,31.5211854554097,63.5504326031523,219.582357597322,0.784605496687858,134.600453372158,6.21162411004238,8.63710522510286,0.923,1,0.55,1,28.1439309444376,85.6271922275688,25.234307768787,73.418450080272,8.09794283518728,17.3319411160087,-1.62952848103231,14.3703482671427,18.2292092271482,34.2897901737509,65.576678161961,300.396182848795,2.65536307049547,206.506909318972,6.98425939985032,10.1589594358644,0.979,1,0.513,1,33.1654280459263,101.002176143998,28.5021013066129,90.2084927796751,-15.877492490604,55.1455225399689,5.14489791170766,54.2664275090976,7.54311192774549,28.2803527737408,21.5090562785001,37.4031004236822,71.0230150305729,49.1215295973899,20.7372408459954,15.8940441451821,1,1,1,0,-1.28857981137011,52.4737232759057,4.68278870760259,59.0820968386007,15.7796470680342,34.9448510269372,23.1696023656205,40.9249739900984,53.7623030872758,54.3993081309981,19.1652039589029,17.7553716244779,1,1,1,0,-12.9764006344089,50.6731339615193,7.56168845978154,58.2432539941849,7.71374351106237,28.9265239518173,22.9726929300197,39.6386595937903,63.6495345959283,50.6815655344034,21.212780440755,16.6659666637706,1,1,1,0,-15.0034681364511,54.0179911325469,3.61312342296868,59.248348104063,7.42791934209367,29.1897166858535,26.2621433518966,44.19098959839,69.021459268998,55.6352246810943,21.7617973437598,17.9288462464934,1,1,1,0
373,100,1,1,"L'Ecuyer-CMRG","10407_-2076369520_-1481185727_687574642_-644259949_-939877925_1320486360","10407_-1122469549_-693986122_-994740358_-1615454435_-664007479_-1023384352",634203231,1764001772,1915173816,2088929140,1131243390,744655758,1145783389,25.9780000000001,4.22799999999961,2.72600000000011,0.851000000000113,1.28099999999995,115.669,1,NA,"3835e552db3f","not-a-git-build","bbd3d4119dab4c61438d29ca56ae93a0","confirmatory",171.717,9.74368382645205,19.1719947581102,-7.54582813932684,-16.929750338852,12.6077451487719,3.23858898693007,94.9393745098633,367.565383005006,56.9395223082568,286.616446535859,6.09379946920383,11.6055125091807,0.71,1,0.25,0.934,23.0345483121742,67.4954107838424,19.2297129095148,59.3473404132784,7.12953875818029,14.7430435350684,-3.30878271907984,-11.4742235130939,16.8447905690189,8.69411581268819,50.830322904395,217.357332676923,10.9480430820814,131.657805228436,5.31450674368687,8.5292229743706,0.919,1,0.47,0.999,24.1896158503721,70.1479961042811,21.2538968211564,62.8881724310885,8.52629799257805,17.23414388211,-5.05028964570441,-14.4977368354911,15.1032836423943,5.67060249029098,72.6977574582404,297.015715349269,25.5054255055092,210.184373351155,6.63692103843793,10.0327001491149,0.937,1,0.362,0.987,30.9348166508973,90.3356898431794,21.1533592714429,70.2376046834816,13.013726243235,19.3641098479006,-8.67925431731977,-15.5324213269334,11.474318970779,4.63591799884861,169.357070733864,374.968750201559,75.3294555047138,241.256112277377,8.78350103916062,11.3825377295274,0.842,1,0.468,0.997,36.0914709560112,109.555167084443,29.9183079713069,97.0335098332801,-14.0570046082583,38.2176538052073,-20.5688040752313,27.8694456867539,3.78426672855789,21.8407893060342,-4.41677553502912,11.3987140135545,52.2746584134656,48.4382497619852,18.0565225774763,15.8154895485836,1,1,1,0,-8.66602666214456,43.8744521554994,-16.0823942264552,34.0404324424554,7.90156175898928,24.7090501867331,0.532881170125026,17.0261428004831,52.540478817644,50.1228266689106,16.8074884277439,16.4932616303581,1,1,1,0,-12.9282128314187,40.8384247476481,-21.783318314793,28.6237661923526,6.31170869611148,23.8369624527275,-2.02197112096817,13.7766969835074,53.7666375790668,50.4070845071457,17.5252537566161,15.7986681044756,1,1,1,0,-16.4484093211653,41.0305672768295,-20.0058087689379,32.7359324750557,1.12795416765324,20.8523860871107,-4.20601026887027,13.3433720979897,57.4789765979948,52.7417412439937,19.7244319194575,17.54938236686,1,1,1,0
374,100,1,1,"L'Ecuyer-CMRG","10407_164910488_-1824741466_2044956897_-1003497342_1726375533_1100755141","10407_43592100_-1878799451_-1122793929_893132093_1811564065_-1668960298",1915173816,2088929140,1131243390,744655758,1145783389,614411281,972840688,27.0839999999998,2.4699999999998,3.60399999999981,0.861999999999625,0.847999999999956,116.764,1,NA,"3835e552db3f","not-a-git-build","bbd3d4119dab4c61438d29ca56ae93a0","confirmatory",171.761,16.6119536386647,8.89648362650714,-15.1290553798678,-2.8562260776468,4.92037491100753,17.0071098526354,275.957003693145,79.1474209167097,228.888316687108,8.1580274066296,9.80917725060917,5.7925128811095,0.264,0.999,0.788,1,21.5809178399189,64.8396230840788,23.7223174096286,67.596083082134,12.782026591415,9.24943399991023,-10.9963142853597,1.34903014633933,9.05311600551571,21.2123660766215,163.380203783641,85.5520293186954,120.918927862405,1.81988233573231,7.50646698424388,6.27401932036363,0.504,1,0.826,1,23.0028875962768,65.0593422409491,26.1443917978934,77.5561497786682,18.6121227617344,11.5938013422546,-17.0412277904136,1.68366569068296,3.00820250046181,21.5470016209652,346.411113697872,134.416229563665,290.403444604764,2.83473015798293,10.9190337738283,7.45906561978513,0.37,1,0.697,1,29.9500804778489,89.7163858790376,28.2891226370934,86.4208455266231,17.1452310262803,14.7462548889008,-15.4579831703172,-1.69157113056129,4.59144712055816,18.1717647997209,293.958946944525,217.45203324843,238.94924369381,2.8614128897484,10.185734873838,9.20077541296688,0.502,1,0.715,1,30.6061665969004,94.5551379727828,33.9878522023994,101.958335385253,-22.7299407594204,29.4001711499893,-9.99294502003231,45.6929475512605,-4.0884381916751,14.2058403361774,7.51361226756947,26.3353093533651,52.1301119094097,55.6858925712928,18.2942785278525,18.8216970857957,1,1,0,1,-14.2055639542187,35.3294602652694,-13.9294093109733,49.5249898854587,-0.171465588565255,17.151923466121,11.9961843550628,31.9183569646776,49.535024219488,63.454399196432,17.3233890546862,19.9221726096149,1,1,0,1,-24.202780668471,30.2629469939628,-3.58051254421104,46.6782629467827,-6.38324100198735,12.4434536665652,12.7323476142812,30.1788786907402,54.4657276624338,50.2587754909937,18.8266946685525,17.4465310764591,1,1,0,1,-26.3382535692735,31.5109566775612,-9.71080482825128,47.9495605862414,-4.23650446399811,14.1036324273515,8.7768263196402,26.7153959123572,57.8492102468347,57.6603654144927,18.3401368913496,17.938569592717,1,1,0,1
375,100,1,1,"L'Ecuyer-CMRG","10407_685410530_1817102545_1573624622_1051871689_922115760_1426021256","10407_-622731116_319007509_328798938_-876478853_-1459037566_320774803",1131243390,744655758,1145783389,614411281,972840688,1018718682,2106820922,25.3609999999999,2.80600000000004,2.80499999999984,1.02000000000044,0.86200000000008,117.706,1,NA,"3835e552db3f","not-a-git-build","bbd3d4119dab4c61438d29ca56ae93a0","confirmatory",173.221,10.8035523179934,9.3613795277851,7.60944183646632,-2.95522537128663,27.4651123515089,16.9059651505859,116.71674268762,87.635426663234,57.9036050625639,8.73335699509622,6.56158381863364,5.54906857796222,0.672,1,0.62,1,22.2339778646436,67.55311828367,18.4377726933733,53.0690743475872,14.1844349437719,9.64693276413773,11.7442877231689,3.42854173869633,31.5999582382115,23.2897322605688,201.198194674098,93.063311755794,137.928294124575,11.7548984539828,8.29821766374527,5.7984822471721,0.54,1,0.655,1,24.945758811224,71.0698415134144,19.7253690389285,58.2644232415433,12.1950470734873,9.52733616022487,8.85396497790459,-0.458514132707311,28.7096354929472,19.4026763891652,148.719173124572,90.7701343099284,78.3926958299609,0.210235209892338,7.8615793223938,6.26440690368998,0.765,1,0.796,1,30.1927589023334,90.5985066963771,25.0260636072811,74.4753039532963,9.94661400303323,10.4435637719999,5.51769202562511,-2.98382094714089,25.3733625406677,16.8773695747316,98.9351301253368,109.068024259829,30.4449252896469,8.90318744459677,7.29033003564991,7.1428443990605,0.861,1,0.828,1,31.1038231392458,97.8511217334222,29.3925805218694,89.0907607019697,-0.162155465013291,57.604735396054,-3.72820096117529,37.6883706479558,17.7090517675846,36.438340344552,9.28289034358473,24.1680536441872,57.7668908610673,41.4165716091311,18.7292885769674,14.8851633006024,1,1,1,1,3.41704351587501,62.2203026794393,0.067708881035024,47.3796613175555,20.9719575870507,40.2516158599323,15.4849865309952,31.1761934267796,58.8032591635642,47.3119524365204,19.2796582728815,15.6912068957843,1,1,0,1,0.226033795439174,55.3037828632676,-4.55014135558908,42.5537287737576,17.7542763959608,39.4599191750192,9.82286073486521,28.9814431254722,55.0777490678284,47.1038701293467,21.7056427790585,19.158582390607,1,1,1,1,-4.16475952914127,55.6354201886444,-12.4166607847308,46.2145224866985,15.1093633268995,35.2083392190635,7.1679373628892,27.1718089571603,59.8001797177856,58.6311832714293,20.098975892164,20.0038715942711,1,1,1,1
376,100,1,1,"L'Ecuyer-CMRG","10407_1025747755_-257513156_1432366859_-489803676_873081957_385674754","10407_-644570417_-1450908269_-89605599_1154969578_1239863086_491647776",1145783389,614411281,972840688,1018718682,2106820922,1795908326,104268507,25.6660000000002,2.93899999999985,2.52399999999989,0.880000000000109,1.53999999999996,115.661,1,NA,"3835e552db3f","not-a-git-build","bbd3d4119dab4c61438d29ca56ae93a0","confirmatory",171.124,21.2316741239538,19.1898600692924,19.5537366661293,-17.2027000890538,39.3192893888281,2.59363864811508,450.783986105769,368.250729479025,382.348617608331,295.932890353933,12.588533532703,11.6277314786723,0.254,0.99,0.225,0.916,26.9463423819262,77.3038690990295,19.7682560949443,57.3462803732038,27.1698206221144,19.7909489082621,25.9663930497645,-18.0010321172413,45.7319457724633,1.79530661992764,738.199152637871,391.681658689443,674.25356801486,324.037157285952,16.8763287941024,11.6884668308434,0.087,0.954,0.275,0.999,26.9549567613644,84.2605244607778,25.1723318807959,72.8934262412317,27.8628324629168,22.5472001181178,25.759482580854,-20.7020501938176,45.5250353035528,-0.905711456648643,776.337432856572,508.376233166452,663.550942833322,428.574882227342,16.7445349815667,13.6130748780842,0.206,0.967,0.191,0.952,32.9410505940499,94.9029968234161,23.8898105495861,73.6591574939423,31.5468616229634,20.3292288028459,29.3154228072483,-18.5531465790539,49.0809755299471,1.24319215811505,995.2044782584,413.27754371846,859.394014367735,344.219247983858,18.6352683052906,11.9802239118867,0.209,0.999,0.367,1,39.3917920423231,119.601433243326,31.156779763319,98.7211458095418,11.6625608281895,72.6057245952904,-21.2783054932568,26.3294839292079,27.7352922259706,49.4482009108046,-6.03150404581375,10.8603193460512,60.9431637671009,47.6077894224647,21.712908684834,16.891823391865,1,1,0,0,14.2874315515607,81.0563513381234,-29.8707558248395,33.9241522023938,34.8143915953495,56.3055166824824,-9.0542516613045,12.7609598588689,66.7689197865627,63.7949080272333,21.4911250871329,21.8152115201734,1,1,0,0,18.1406390939415,76.3191365290073,-27.8503742611023,24.5503658280401,35.7275299298468,54.9669943896441,-9.34504055649057,7.75419534175529,58.1784974350658,52.4007400891424,19.2394644597974,17.0992358982459,1,1,0,0,16.0854578142005,81.1672011110502,-29.776846107288,33.2823193980196,38.8588621451494,58.5996570858549,-10.0155657289157,12.3458415214157,65.0817432968496,63.0591655053076,19.7407949407056,22.3614072503314,1,1,0,0
377,100,1,1,"L'Ecuyer-CMRG","10407_1629634720_-270464201_-1390042812_1555026162_288967539_-40077145","10407_1205160517_288681503_-732210029_-1717789070_-2004414977_1498917537",972840688,1018718682,2106820922,1795908326,104268507,1888454144,742627700,25.5339999999997,3.55799999999999,2.6869999999999,0.856999999999971,1.41300000000001,114.515,1,NA,"3835e552db3f","not-a-git-build","bbd3d4119dab4c61438d29ca56ae93a0","confirmatory",169.444,8.36303761297968,11.2250528651578,-3.51257122064261,6.67400625326953,16.9555838349614,27.070641277093,69.9403981161129,126.001811825588,12.3381565800867,44.5423594686808,5.85908923728138,7.04581077009213,0.835,1,0.704,1,25.0094607627639,76.1248645336266,25.5268788738003,79.174410696103,7.57080701504226,14.9816423907651,-1.25242470758694,12.2520991851072,19.2157303480171,32.6487342089307,57.3171188590131,224.449608724771,1.56856764817423,150.113934441704,6.2043613812382,9.19460228619877,0.968,1,0.625,1,30.6309895699076,87.1017645694683,32.3490240707529,95.0139301010176,7.83265454387942,9.34379646091606,0.291023743293653,1.76750979210012,20.7591787988977,22.1641448159236,61.350477203755,87.3065323030274,0.0846948191606502,3.12409086516981,6.1134731051467,7.43063303766605,0.923,1,0.964,1,26.8894836774887,85.7895563601415,34.962645969618,102.116369902063,11.4052568792973,10.3540886192149,-6.96562345005623,3.55211213825008,13.5025316055478,23.9487471620736,130.079884482758,107.207151134556,48.5199100479733,12.6175006427036,8.17875032735994,8.32252767884013,0.854,1,0.972,1,34.2988768354673,107.533990863778,39.2813531044197,115.301428012731,-15.5074341343797,49.8576654948787,-5.85820608888156,62.1345924087159,6.0372248248731,28.4982263166396,15.0889626790036,38.1662729452538,65.3650996292584,67.9927984975974,22.4610014917665,23.0773102662503,1,1,1,1,-18.3458319720741,59.3152581679099,-12.3931296086005,72.2725277705514,5.92730479263032,31.6281475539244,18.7679775030576,47.5983775253148,77.661090139984,84.6656573791518,25.7008427612941,28.8304000222573,1,1,1,1,-10.1996128444749,52.7701232296491,-19.3927264522657,63.3518956021917,10.0261909856356,30.591090464687,7.73650690760386,36.2579599760959,62.969736074124,82.7446220544574,20.5648994790514,28.5214530684921,1,1,1,1,-24.4848818737388,50.5907193137261,-18.1837310277981,66.7976736036416,0.567297424260053,26.5974666913851,9.35964307847638,38.5324185176938,75.0756011874649,84.9814046314397,26.030169267125,29.1727754392174,1,1,1,1
378,100,1,1,"L'Ecuyer-CMRG","10407_-671945553_1555190811_967835043_509027669_1474971921_-871325976","10407_1456656742_-1789676928_1238899893_-1851776278_1481317196_1753458522",2106820922,1795908326,104268507,1888454144,742627700,1638291586,193824052,26.8920000000003,2.48300000000017,3.36799999999994,0.838999999999942,0.826999999999771,112.942,1,NA,"3835e552db3f","not-a-git-build","bbd3d4119dab4c61438d29ca56ae93a0","confirmatory",167.081,26.8585252606191,10.423021448812,25.4776425951211,4.87964499351074,45.543825031367,24.8370669601025,721.380379175317,108.639376122395,649.110272204726,23.8109352626944,18.5117776389533,6.23290007347279,0.022,0.561,0.655,1,17.6967988644285,53.6624133554258,21.4988669388791,61.6890059083964,32.5565480223186,14.0112031913158,31.3401108849633,10.5048052635225,51.4062933212093,30.4622272301143,1059.92881912954,196.313814868339,982.202550281797,110.350933624531,23.5786653741558,8.03792097895892,0.001,0.299,0.5,0.997,18.7308730472627,56.501915326544,20.5300890188259,62.5694995239025,30.8017177860905,12.3855101557905,29.368894690481,6.8149037865058,49.435077126727,26.7723257530976,948.745818573962,153.400861819191,862.531975340565,46.4429136193311,20.9797793402771,7.46704543532245,0.019,0.605,0.676,1,21.6132908491815,65.4964369470506,25.2334115096108,78.1805494839582,24.5678398846053,12.9645396158837,22.3578362843658,6.92515980678601,42.4240187206117,26.8825817733778,603.578756595601,168.079287451818,499.872843318504,47.9578383495244,14.6820568857465,8.11679543888674,0.211,0.976,0.737,1,27.4463888469482,84.453711079788,29.541114845931,91.5397811929483,26.6983637916183,66.2870975349277,-2.31024016622835,50.3104992267014,39.2821580521768,52.1581946518935,15.8222894495892,34.9941421906784,39.5887337433093,52.6207393929298,12.8760365997167,19.1718527410892,0,1,0,1,30.3601302787306,72.0918089847531,5.45499297015651,57.6855646087569,44.3250392568524,58.273045034741,21.9721967528313,38.6754475380665,41.7316787060225,52.2305716386004,13.9480057778886,16.7032507852351,0,1,0,0,30.0955577095055,69.2528557485894,2.16558944863976,53.4498734261472,42.6257365379295,56.1983338871348,18.1839687145401,34.6387687247786,39.1572980390839,51.2842839775075,13.5725973492052,16.4548000102386,0,1,0,1,22.0829326326904,64.0327389683013,-1.52646504152285,55.0020531447844,34.1105448079358,50.1649224872876,16.7844211193477,37.0092765766033,41.9498063356109,56.5285181863073,16.0543776793519,20.2248554572556,0,1,0,1
379,100,1,1,"L'Ecuyer-CMRG","10407_-472387900_1996450718_332286204_760082322_-662178594_-316196808","10407_-1127253898_-2009808071_307850788_152575927_-2044578105_-729479471",104268507,1888454144,742627700,1638291586,193824052,1784049130,60885496,26.6990000000001,2.74699999999984,3.14200000000028,0.867999999999938,0.840000000000146,114.45,1,NA,"3835e552db3f","not-a-git-build","bbd3d4119dab4c61438d29ca56ae93a0","confirmatory",169.421,13.5625270383121,9.0859458555106,10.8909864523479,2.68625100434032,30.2318890570619,22.032195601127,183.942139664948,82.5544120892703,118.613585905226,7.2159444583194,7.89053248730391,5.75688383847161,0.51,0.999,0.724,1,21.7276857392775,64.6775136544052,21.3745193618378,65.5745348981642,17.1977312922537,15.793330612534,14.9768333308662,13.0602231932508,34.3177359355802,32.4061677900374,295.761961600562,249.429291836804,224.305536620544,170.569429857526,10.0321279222202,9.19556874788859,0.333,0.977,0.452,1,22.6066763507045,63.6416234251092,24.7857375299202,78.600010591737,18.1857604804922,10.7283346046545,15.633408656421,5.97353732616223,34.974311261135,25.3194819229489,330.721884253833,115.097163389426,244.40346621866,35.6831481870534,10.5939860299468,7.11285205188488,0.442,0.999,0.788,1,28.2060830808745,84.2279399122545,28.2943510586111,84.6251918513196,17.0897310619609,9.6081351876308,13.3439755847071,3.45188774791395,32.684878189421,22.7978323447006,292.058907770153,92.3162617837891,178.061684405258,11.9155290241985,10.1925102059445,7.03577908112111,0.602,1,0.885,1,32.1178460872375,101.895408155676,30.553199339837,93.7125098814967,3.24806337846849,56.2337035295354,-6.18107141853298,48.700504693519,21.4962195677272,39.2555013748356,13.0502363506375,30.8368254179846,52.9856401510669,54.881576112052,17.7592818071084,17.7865890673471,1,1,0,1,10.811235802152,59.6856740189972,-5.0328688767808,63.5814425501658,25.9842830180245,42.4768490736526,21.86586413946,43.6016992105418,48.8744382168451,68.6143114269466,16.4925660556281,21.7358350710817,1,1,0,0,8.99498097536718,63.6516806156895,-4.77104801904134,57.4886524591156,25.1203344203648,44.6113622212485,15.4733623085511,35.3393849091209,54.6566996403223,62.2597004781569,19.4910278008838,19.8660226005697,1,1,0,1,1.39523236484757,63.7925130564117,-11.1832531786516,55.3091609394836,22.4713041140561,43.4015445655328,11.7268324679895,33.77053926466,62.3972806915641,66.4924141181352,20.9302404514766,22.0437067966705,1,1,0,1
380,100,1,1,"L'Ecuyer-CMRG","10407_-1819708078_-1944467878_-1774399386_1663419663_-1945566954_-1898661655","10407_-1273726267_862487699_1194148672_-977094028_-1135170660_-87052089",742627700,1638291586,193824052,1784049130,60885496,2018250125,187866978,26.817,2.87100000000009,2.45800000000008,0.826000000000022,1.55200000000013,114.564,1,NA,"3835e552db3f","not-a-git-build","bbd3d4119dab4c61438d29ca56ae93a0","confirmatory",170.844000000001,13.7000985360594,28.9647976838131,9.83261099096703,-27.8964527387712,30.4679430054041,-7.19928346965483,187.692699897736,838.959504864223,96.6802388996856,778.212075406498,7.8736236155907,20.1255952363263,0.525,1,0.002,0.557,21.761443314873,61.9679985056553,19.6133945852718,57.9867871409738,18.9197292896405,25.8758184109611,16.2914201108292,-24.7600429887644,36.9267521252662,-4.06287371964802,357.95615639328,669.557978437036,265.410369227529,613.059728805463,11.1540050869027,17.0407383003933,0.318,0.938,0.028,0.765,22.6204496902937,63.3606761898363,21.1720672259811,63.5759883372475,21.3260425346674,28.7079725712616,17.0395655964826,-28.0069894159692,37.6748976109197,-7.30982014685277,454.800090190443,824.147689152311,290.346795716834,784.39145614621,12.2841796536921,18.4598996095954,0.427,0.989,0.012,0.987,30.0237060174027,90.6157918691872,26.1700429674388,78.493991630273,23.2655287503712,26.5786346076882,17.5330749710387,-25.6491550211603,38.1684069854758,-4.95198575204388,541.284828034347,706.423817608999,307.408717940064,657.879153299512,13.3992776255441,16.0514719918226,0.474,0.996,0.136,0.996,34.5359666381629,103.917105302886,33.8343530409955,100.121734786291,4.75626569250288,55.1306033744432,-28.654438350446,16.7882617887238,22.1804493585727,38.5471341564345,-14.9705157289018,0.488439799334363,50.3743376819403,45.4427001391697,16.3666847978618,15.4589555282361,1,0,0,0,13.07393280256,61.8331522363419,-30.5699234973232,20.9346326130028,28.0763084695118,45.6566584186987,-12.3486749983297,4.6591664652864,48.7592194337819,51.504556110326,17.5803499491869,17.0078414636161,1,1,0,0,10.313718159549,64.7858928530504,-31.6814196065571,17.7999365801572,30.152911397756,46.1470584843277,-15.7690551117732,0.962354207013885,54.4721746935014,49.4813561867143,15.9941470865717,16.7314093187871,1,0,0,0,9.83930015490976,64.7851113885561,-34.5832822190394,19.4963002633983,28.0210906998926,47.7769092043159,-13.2735720064581,4.84822108005423,54.9458112336464,54.0795824824377,19.7558185044233,18.1217930865124,1,0,0,0
381,100,1,1,"L'Ecuyer-CMRG","10407_-199728588_1186579955_-752358289_-1309603128_-2025388880_-823464951","10407_-815954920_-481695698_1299317331_1285742232_469420515_-1723020287",193824052,1784049130,60885496,2018250125,187866978,164371191,639199687,26.0299999999997,2.97800000000007,2.57200000000012,0.868000000000393,0.962999999999738,111.09,1,NA,"3835e552db3f","not-a-git-build","bbd3d4119dab4c61438d29ca56ae93a0","confirmatory",166.854,10.2572864560068,9.38653526134561,-6.62797611157167,1.49734526072087,13.6981622988049,21.7530174134501,105.211925440581,88.1070442124845,43.9300673355647,2.24204282980324,6.37125712284949,5.69923620943504,0.718,1,0.678,1,23.9264009301113,69.4521284996545,20.1867217614292,59.1290517708501,8.12658655206209,11.5493490111826,-1.70577612663078,6.85889163028546,18.6203622837458,27.1145637830147,66.0414089881565,133.387462582104,2.90967219418352,47.0443943959999,5.7101898200486,6.70957588048043,0.876,1,0.608,0.995,25.541256626144,72.2087906808129,20.192145670283,59.5625684230214,9.32160309656179,9.52586116182886,-3.44938701708951,0.762514748785502,16.8767513932871,21.0181869015147,86.8922842898304,90.7420308744394,11.8982707936657,0.581428742115418,6.83073010471293,6.22848687276252,0.899,1,0.788,1,30.0866589205833,90.9384047114656,24.5935348927351,73.9604248415567,13.6627759601581,11.4590741693227,-5.64520519901299,1.64835256561827,14.6809332113636,21.9040247183475,186.671446937473,131.310380818038,31.8683417389633,2.71706618058035,8.85434724274343,7.42240603996315,0.78,1,0.783,1,34.3784838558232,104.016251665238,29.2155206678378,87.2843481961039,-13.1129740504289,43.234713455197,-5.05905908495247,45.1155343196706,3.5652812464188,23.2828814616861,13.4559272375644,30.1072676206423,56.3476875056259,50.1745934046231,19.7176002152673,16.6513403830779,1,1,1,1,-8.37533096368458,47.8873277601608,5.1156966111911,51.188493952234,9.03749149406478,28.8842510255812,19.6092046189912,34.5368790316185,56.2626587238454,46.0727973410429,19.8467595315164,14.9276744126273,1,1,1,1,-8.87655198962572,44.4055132396529,-2.82144516848912,43.3839357460132,7.3741709803495,26.3144038655585,12.6251844071855,29.1095192091486,53.2820652292786,46.2053809145023,18.940232885209,16.4843348019631,1,1,1,1,-13.5650480484365,42.9142402079658,-0.404946390616894,48.296920381084,5.30945974191623,23.7511353037168,12.4160952001717,30.2164345040678,56.4792882564023,48.7018667717008,18.4416755618006,17.8003393038961,1,1,1,1
382,100,1,1,"L'Ecuyer-CMRG","10407_-368124248_1197080756_879754869_-1339209976_1282915072_1728660733","10407_-46702877_-366583913_-932275598_-1660712074_-1455903800_380740922",60885496,2018250125,187866978,164371191,639199687,308289261,1478689931,26.6019999999999,2.52100000000064,3.67600000000039,0.875,0.841000000000349,113.882000000001,1,NA,"3835e552db3f","not-a-git-build","bbd3d4119dab4c61438d29ca56ae93a0","confirmatory",168.58,8.24242722472902,9.66632936562393,-1.48287498982008,-3.01718034738592,18.0574824524626,16.5344342104391,67.9376065549541,93.4379234047236,2.19891823543389,9.1033772486518,5.41079323472404,6.03831628435632,0.794,1,0.736,1,22.1717672386063,64.5848132466321,23.0318812337285,65.2051012756786,9.34050358136196,9.44838556089819,4.63533950923856,-1.48906518716713,24.1756969515212,18.0625493706579,87.2450071534356,89.2719897073894,21.486372365908,2.21731513163307,6.1412860249052,6.00652236301546,0.798,1,0.765,1,24.57891954763,73.664223003868,23.1715796332988,66.9872526625746,8.42520867450951,10.3642134571539,2.18930501202719,-0.435123649939296,21.7296624543099,19.1164909078857,70.9841412090302,107.416920585451,4.79305643568738,0.189332590736495,6.25830581564296,6.68572284435562,0.89,1,0.751,1,26.6844242838159,84.1355904538163,25.617163055604,78.1414878066794,8.45442886792359,14.7990758488568,2.80988206230014,-4.74227971044882,22.3502395045828,14.8093348473762,71.4773674827797,219.012645980216,7.89543720403607,22.4892168521345,7.26636198153416,9.26928724876497,0.966,1,0.744,1,33.9602600282287,105.198789299114,34.7487999543698,106.091643476181,-5.31629449316666,45.2092646395849,-11.2113056305702,42.8811191957151,9.06454911468869,26.8867855644814,6.99256030915653,26.3470006352808,50.5255591327516,54.0924248262853,17.8222364497927,19.3544403261243,1,1,1,1,-5.36040678558095,52.2354696946904,-10.2319271642245,41.5921186879406,14.6498710848545,33.4004144449492,9.63654519575507,27.8656402721643,57.5958764802714,51.8240458521651,18.7505433600947,18.2290950764092,1,1,1,1,-7.97065327881469,49.9230160467161,-5.43855642300547,45.0916637362048,11.7070815408731,31.3017476724719,11.2860470997878,27.2534968745694,57.8936693255308,50.5302201592103,19.5946661315989,15.9674497747815,1,1,1,1,-5.67436658477456,54.6581932171118,-16.8427497255104,42.4459720346932,11.2110697246768,32.744619936148,4.33144753778828,25.557030260434,60.3325598018863,59.2887217602036,21.5335502114712,21.2255827226457,1,1,1,1
383,100,1,1,"L'Ecuyer-CMRG","10407_-1202612740_236321290_1660128461_-2007924360_1871915317_472223904","10407_-1731078494_-771483305_-443689361_824167588_-1460675486_2080319482",187866978,164371191,639199687,308289261,1478689931,972159597,635211101,25.2979999999998,2.88200000000052,2.86700000000019,1.04400000000078,0.859999999999673,116.137000000001,1,NA,"3835e552db3f","not-a-git-build","bbd3d4119dab4c61438d29ca56ae93a0","confirmatory",170.846,16.5719906334693,15.390825450654,-14.2236618889363,13.3902009489184,5.36233825239936,32.9159339287051,274.630873555793,236.877508052499,202.312557530779,179.297481452416,9.6091968138781,8.94825476927081,0.375,1,0.414,1,23.9473020652909,73.5036411057841,22.9642074284482,65.3149944945396,16.7800048316744,17.0197731879466,-14.4061501798805,15.4382841695481,5.17984996145516,34.9640171493348,281.568562151015,289.672679369147,207.537163005271,238.340618099719,9.76408930395026,9.99895858767445,0.402,0.999,0.36,1,24.6743533659685,71.1544147613628,24.9790200620464,71.3210498835646,22.8318471207318,18.1612891929341,-18.6342929803773,17.0327576356853,0.951707160958317,36.558490615472,521.293242944471,329.832425149384,347.23687487854,290.114832675995,13.2533560217603,10.751673994698,0.414,0.987,0.368,1,31.9463721932857,97.8158763139681,29.9934872544927,90.8246233672598,21.4275099737659,20.9414486181273,-16.7070783920148,19.4563075812247,2.87892174932086,38.9820405610114,459.138183675836,438.544270225667,279.126468396928,378.547904695222,12.4557312743258,12.4056008197948,0.503,0.994,0.317,1,34.3162298288243,101.704950161518,32.2201410671154,98.4913348892088,-22.868591071261,39.2100757802985,7.11751280711395,60.7920656068728,-4.56152095937197,14.9774532895449,23.3918057696844,42.8435902177221,62.0786668515595,53.6745527997588,19.5389742489169,19.4517844480377,1,1,0,0,-20.7960356679351,34.0122005712156,4.99020229145344,63.0437811651047,-5.02041230075252,15.2198070663245,24.2341659713736,44.433068543561,54.8082362391507,58.0535788736513,20.240219367077,20.1989025721874,1,1,0,0,-26.8177939883534,28.9876110889616,6.63942308535956,64.4125541597036,-8.82303105312832,10.3487371792628,25.9767984255409,46.9261808200847,55.805405077315,57.773131074344,19.1717682323911,20.9493823945438,1,1,0,0,-27.1796091944165,31.1774008153218,10.426823321649,70.1362126074651,-6.36131650987757,12.8362822035362,29.1594440752203,49.1288679650249,58.3570100097383,59.7093892858161,19.1975987134137,19.9694238898046,1,1,0,0
384,100,1,1,"L'Ecuyer-CMRG","10407_-1900373402_-1506194599_-995073188_-2097158313_1450163978_-798243549","10407_1995848311_1808633883_854609096_-617441803_-2033695218_1282228573",639199687,308289261,1478689931,972159597,635211101,1829936049,1826841837,26.3650000000007,3.10400000000027,2.45299999999952,0.844000000000051,1.54699999999957,111.661,1,NA,"3835e552db3f","not-a-git-build","bbd3d4119dab4c61438d29ca56ae93a0","confirmatory",166.476,24.3521160571647,8.86241511014745,23.105433593579,2.371443133994,43.3566590698148,22.6399661419193,593.025556461619,78.5424015845699,533.861061547289,5.62374253776728,15.7421268739403,5.67288212884859,0.054,0.843,0.765,1,21.3239835121546,61.062499761237,22.4750730521683,65.129304252758,27.5657726515052,10.9527848904301,26.3508879394185,6.80597755472694,46.6021134156544,27.0745005626523,759.871821874473,119.963496856033,694.369295195793,46.3213304754469,18.4006193818464,6.55259317438498,0.04,0.69,0.659,1,21.4920424878902,64.0983419643417,22.5310015314816,66.455237718624,28.3743857599444,9.34651328608261,26.7706599249877,5.37311090483501,47.0218854012235,25.6416339127603,805.105767254134,87.3573106069188,716.668232819341,28.8703207956569,17.6990978048547,6.76275927640434,0.094,0.902,0.857,1,27.2031554487735,83.727962960874,29.3530505414665,88.0002527012759,31.064344458212,10.0631328395194,29.1459274471405,3.56819314655182,49.3971529233763,23.8367161544771,964.993496618444,101.266642545814,849.485086753975,12.7320023310994,19.0861104226706,7.40366909239778,0.084,0.949,0.88,1,30.5981154201717,94.4099218134037,31.0991066220773,99.2973049691827,20.1421423428283,65.266178476872,-1.6304086866986,47.8263826279077,34.6845917941815,52.2183748816589,13.0278005854085,31.7485288211945,45.1240361340437,49.4567913146063,17.5337830874774,18.720728235786,1,1,0,1,25.3526560753747,68.6885949303078,2.38582089973967,50.6566799472578,39.0927115943934,54.3209924829139,18.128809486531,36.0680228349569,43.3359388549331,48.2708590475181,15.2282808885206,17.9392133484259,0,1,0,1,23.1553259667638,72.0242469254107,-0.236091584470179,50.5475228725909,38.637634200243,54.7828595118955,15.822197344314,35.2089246679022,48.8689209586469,50.7836144570611,16.1452253116525,19.3867273235882,0,1,0,1,22.39366635874,76.7553373721158,-7.12023988455602,54.1927794080763,40.7045072906513,58.3964202240298,13.8851210244623,34.1459040975716,54.3616710133758,61.3130192926323,17.6919129333786,20.2607830731093,0,1,0,1
385,100,1,1,"L'Ecuyer-CMRG","10407_-500282504_-1072800156_1413102673_-885081069_1372000634_1257127571","10407_-488117323_900942816_958488400_-2011988523_1450490946_-10746831",1478689931,972159597,635211101,1829936049,1826841837,2092109959,1575683931,26.0990000000002,3.47700000000077,2.58200000000033,0.878999999999905,1.29699999999957,114.638000000001,1,NA,"3835e552db3f","not-a-git-build","bbd3d4119dab4c61438d29ca56ae93a0","confirmatory",169.919,11.0275829717532,12.2893545295927,-7.82399379621419,-8.76545263951783,12.262489716872,11.3790664769742,121.607586198902,151.028234754022,61.2148789231981,76.8331599756301,6.6111864893864,7.05323795378895,0.65,1,0.523,1,22.2706517785205,64.945829505546,18.9285145816038,55.4919258292727,12.4921905427387,9.88412884850542,-9.148377486415,-4.49232269335985,10.9381060266712,15.6521964231322,156.054824556091,97.6960030938571,83.6928106339448,20.1809631812759,7.37596260110505,5.83593456707376,0.571,1,0.608,1,22.5704400384358,70.5138512337965,18.6963371269709,56.0603385392043,10.8960308666298,13.0009858798519,-6.54208913045153,-8.18855618350836,13.5443943826347,11.9559629329836,118.723488646549,169.025633848109,42.798930190772,67.052452370473,7.00036065331778,7.61547628910292,0.766,1,0.624,1,26.4730422375002,81.315534329333,24.7147795640766,71.3643677113726,10.7778439609674,12.6544406115517,-3.76285528006548,-8.23629282120455,16.3236282330208,11.9082262952875,116.161920446962,160.134867191289,14.1590798587167,67.8365194366256,7.78086937562606,7.75606202466586,0.895,1,0.695,1,33.7569387108884,103.201089076841,27.6129833192486,83.5897253618424,-14.3368887834935,37.2459472593869,-12.384247439801,33.4815384293999,1.85614944220864,21.8876011803055,3.73223844946496,19.0855100494644,51.5828360428803,45.8657858692009,20.0314517380968,15.3532715999995,1,1,1,0,-16.2755624028943,39.6402343299858,-9.28262231559077,36.9888838967331,2.27879184688994,19.8701598966291,8.2931559363018,23.6049469125403,55.9157967328801,46.2715062123238,17.5913680497391,15.3117909762385,1,1,0,1,-13.9361240486199,41.7050042446368,-14.1642019542474,36.7725186799951,4.27043446801478,22.9603739860829,3.50713881022554,20.3688791186951,55.6411282932568,50.9367206342425,18.6899395180681,16.8617403084696,1,1,1,1,-15.4915208732627,47.475852025148,-12.1153830132996,36.6551712737027,5.2565852658604,27.3879243439131,2.81674618354355,20.5413936867709,62.9673728984107,48.7705542870023,22.1313390780527,17.7246475032273,1,1,1,1
386,100,1,1,"L'Ecuyer-CMRG","10407_701453435_-625128877_1873063553_1177469909_-1481968784_1180300633","10407_25844096_9980324_1579653274_-1675500949_794545382_-746527151",635211101,1829936049,1826841837,2092109959,1575683931,1789608674,105337173,27.4039999999995,2.50799999999981,2.56800000000021,1.3159999999998,0.846000000000458,118.664,1,NA,"3835e552db3f","not-a-git-build","bbd3d4119dab4c61438d29ca56ae93a0","confirmatory",175.125,13.7119245829144,10.577768040821,-11.2839287500852,5.77101803985928,8.368376684368,25.4201072445424,188.016875767534,111.889176725415,127.327048036999,33.3046492163812,7.92474156261699,6.24239779261466,0.437,1,0.656,1,20.6568489705107,60.2089497880266,20.8624339051649,60.6839446702804,13.1550613091075,16.4323531007805,-10.6830892672812,13.8091754821747,8.96921616717195,33.4582646868578,173.055638046377,270.02222842873,114.1283962927,190.693327497496,7.59988682895948,9.56248242546077,0.485,0.998,0.388,0.969,20.7329999710614,60.379488760154,21.2212012067246,61.6069941463711,12.5485574241083,12.3810141867977,-9.38210659129959,8.1729305747624,10.2701988431536,27.8220197794455,157.466293426143,153.289512293685,88.0239240905073,66.7967941798861,7.54451207454835,7.48690293369407,0.634,1,0.656,1,25.3101523729717,77.4878963801675,25.7828564383457,77.8303852663867,14.7553114959121,13.13174402438,-11.4726647332136,8.45308361864897,8.17964070123963,28.1021728233321,217.719217341395,172.44270112184,131.622036080722,71.4546226638715,9.04296495245361,8.27478430769108,0.639,1,0.724,1,29.755702261938,97.3321372819656,30.2079862718314,93.2768580835125,-15.8901441313061,31.7074057202417,-0.770037153814605,50.5817105936287,-0.199864295394478,17.0474421009751,16.7446452337251,34.7503657860894,47.5975498515478,51.3517477474433,17.2473063963695,18.0057205523644,1,1,0,1,-12.1131041654937,32.4675735752994,10.0886904381642,59.5230578411398,0.684611900185309,16.337239176666,24.3880055924621,42.4821739482943,44.5806777407931,49.4343674029756,15.6526272764807,18.0941683558322,1,1,0,0,-12.2953324654973,34.6715489671657,1.23280294788417,53.5673349643251,1.91893491439425,18.3160689500231,19.1030785224965,36.9593746495111,46.966881432663,52.334532016441,16.3971340356289,17.8562961270145,1,1,0,1,-15.3918477888189,30.8570375856305,-1.82432844056678,54.5070830513106,-0.563061292692033,16.8682799150514,18.1434776431814,38.7182294212756,46.2488853744494,56.3314114918774,17.4313412077435,20.5747517780941,1,1,0,1
387,100,1,1,"L'Ecuyer-CMRG","10407_-2059527146_1166029022_-152076320_-516021730_2044252427_-1623538370","10407_1354742881_-1605483562_1615569265_639065063_-616374417_2049562557",1826841837,2092109959,1575683931,1789608674,105337173,623242536,417353999,25.6720000000005,2.84400000000005,3.79999999999927,0.881000000000313,0.864000000000487,114.19,1,NA,"3835e552db3f","not-a-git-build","bbd3d4119dab4c61438d29ca56ae93a0","confirmatory",169.302,10.2016050192993,29.7851301522641,4.66536848241887,28.3445488234945,24.5010180764304,48.1906641294914,104.072744969793,887.153978187313,21.7656630767474,803.413448007461,6.33735284088616,20.3522137897731,0.707,1,0.019,0.58,22.3960863188987,69.4472000717391,21.1833394143904,62.4952657553609,11.48042248398,37.1947175086042,6.3906116202364,36.0177207782867,26.2262612142479,55.8638360842836,131.800100410674,1383.44701054486,40.8399168807005,1297.27621006262,6.96022636512031,27.8704890042196,0.679,1,0,0.271,24.2267315900823,72.425732667603,19.4031649320678,58.2159284205099,12.7575147918445,31.6047997528255,4.67481021267427,30.2635206283983,24.5104598066858,50.1096359343952,162.754183664131,998.863367416199,21.8538505245237,915.880680825488,8.01275732846357,20.7474603033568,0.743,1,0.027,0.793,29.8278887166875,89.6867535185947,25.8194307604485,78.6942457990788,11.5581188711775,36.5202496573833,4.264525393859,35.2396355335826,24.1001749878705,55.0857508395795,133.59011184027,1333.7286350376,18.1861768348683,1241.83191253974,7.67531449852646,24.9955867180372,0.816,1,0.005,0.678,31.0649798362392,92.655282980781,25.2536266344714,80.033543629271,-4.75759977069176,49.2074468402498,22.2802138835977,72.5433549310157,15.7618756302521,34.4358696340846,39.2296651226497,57.2160050448398,53.9650466109415,50.263141047418,18.6739940038326,17.9863399221901,1,0,1,0,-0.170804094654722,52.442304398225,33.8900380293007,79.9957190405299,16.5824695617067,34.9090779729726,47.8797647914433,62.7416654001242,52.6131084928797,46.1056810112292,18.3266084112659,14.8619006086809,1,0,1,0,-3.07654705892421,49.059296503409,27.1183125429377,75.3995796541756,15.8318028595874,33.6685205494495,41.8408652889846,57.4904965096935,52.1358435623332,48.2812671112379,17.836717689862,15.6496312207089,1,0,1,0,-3.91066491057658,52.0693238616711,30.0917005174825,83.071651811997,14.3240338697861,34.6023052810638,45.8304253886073,64.9232190952515,55.9799887722477,52.9799512945145,20.2782714112777,19.0927937066442,1,0,1,0
388,100,1,1,"L'Ecuyer-CMRG","10407_307326009_1432450553_1281973978_-1192873017_1361190642_-2097609827","10407_1365907070_1364350869_1419598960_893153483_1629360400_729335544",1575683931,1789608674,105337173,623242536,417353999,1248569960,1711196545,26.2190000000001,2.47799999999916,2.53300000000036,0.904999999999745,0.854999999999563,117.504,1,NA,"3835e552db3f","not-a-git-build","bbd3d4119dab4c61438d29ca56ae93a0","confirmatory",173.333,8.71770550564285,18.175027007479,-0.979267548941106,16.0070184282304,19.0343383455262,35.9511927783529,75.9983892831157,330.331606722592,0.958964932409122,256.224638961706,5.5819318358761,10.7268527055412,0.764,1,0.324,0.967,21.8664237146477,64.8317071653273,21.912416316619,63.7340831208097,10.0248689971179,25.2811336334782,5.13694659480613,23.684071048323,25.1505524892735,43.6282453984455,100.497998409375,639.135717793781,26.3882203178903,560.935221422012,6.05288918548476,15.9223158216638,0.713,1,0.098,0.839,21.5445084648171,62.8324431907352,24.0087875522365,68.9323761277869,10.6335858612716,22.2736192557311,0.551800891888821,19.5499062074203,20.5654067863562,39.4940805575428,113.073148269036,496.114114749275,0.304484224289298,382.19883271893,6.86577636167358,13.0160588391449,0.784,1,0.35,0.99,26.5080587994596,80.8398402007574,30.4844476393241,94.331690021357,11.7630109721409,24.2237386533002,-0.160280254438106,21.8825216983964,19.8533256400292,41.826696048519,138.368427130708,586.789514343391,0.0256897599627441,478.844755880791,7.74418861137121,14.4349842219386,0.766,1,0.234,0.974,29.3714674804646,96.3078223393587,29.0922954811615,90.9427828036875,-7.38255450430913,46.9180716644628,10.2598649740146,61.2766607070027,9.56532751758126,27.8551922144436,26.5824592087324,44.7539743926119,54.300626168772,51.016795732988,18.2898646968623,18.1715151838795,1,1,1,0,0.826864822227911,48.1461579893596,17.9362853732342,71.5710405625773,16.129369483116,34.8499372717034,33.8102313051619,53.522016743753,47.3192931671317,53.6347551893431,18.7205677885874,19.7117854385911,1,1,1,0,-5.59776626536583,46.5161161615967,10.0148305169061,66.6561906099311,12.0003126083169,29.9147720312218,30.3809893224463,48.8871528284878,52.1138824269625,56.641360093025,17.9144594229049,18.5061635060415,1,1,1,0,-8.99768363471193,48.3595838199341,12.3985140473546,70.0064356349785,9.96151106089082,29.2033203633689,32.2123732964964,51.8905807911759,57.3572674546461,57.6079215876239,19.241809302478,19.6782074946794,1,1,1,0
389,100,1,1,"L'Ecuyer-CMRG","10407_1711373746_437326481_-2035633411_-626489193_-1151501318_-1331486541","10407_-161685126_1329320763_-2143919187_-1511654501_-944668169_1569509455",105337173,623242536,417353999,1248569960,1711196545,1807380010,1655101595,25.6750000000002,3.94999999999982,2.84299999999985,0.95299999999952,1.23899999999958,115.053999999999,1,NA,"3835e552db3f","not-a-git-build","bbd3d4119dab4c61438d29ca56ae93a0","confirmatory",171.074,8.23511371652469,9.17460354570535,-0.827403900019533,4.62683528089625,18.6874632591674,24.2148472358042,67.8170979240931,84.1733502208693,0.684597213767533,21.4076047165463,5.39875250490164,5.83079989158801,0.795,1,0.789,1,22.3437123913066,63.2663244730089,23.1256131126344,65.9667880045235,8.61200562929705,13.3804283066701,3.03962638310288,10.8694104877611,22.5544935422898,30.457422442669,74.166640959044,179.035861669939,9.23932854885508,118.144084351451,5.32384121572086,7.85018385730553,0.73,1,0.503,1,20.2031404022781,55.7346032471259,23.6618686147681,69.2642571128917,8.14239743625579,10.8315019121731,2.01228497116944,7.02824528247364,21.5271521303564,26.6162572373816,66.2986360099448,117.321433673408,4.04929080519441,49.396231750613,5.73787800870512,7.5286702566931,0.853,1,0.843,1,23.8475778566885,74.3015155527908,31.5584590152658,94.6339140327141,8.87876363351682,12.4903202567466,0.475717390035928,7.89993320361592,19.9905845492229,27.4879451585238,78.8324436598608,156.008100116093,0.226307035182596,62.4089446215933,6.97878921535786,8.76917360864482,0.923,1,0.818,1,30.9026120996791,97.2825630867954,36.4048992895768,109.876127019806,-6.62240543524755,48.4235992091145,-2.75096167117822,52.4009836427925,9.35270967307931,27.8190674249875,14.1445979528621,34.2540577357769,55.046004644362,55.1519453139707,18.4663577519082,20.1094597829148,1,1,1,1,1.47536500685789,44.6296107086209,0.930539678520683,58.8533086463099,14.4375198117155,30.4061656761896,20.6841213372623,40.4036805318244,43.154245701763,57.9227689677892,15.9686458644742,19.7195591945621,1,1,1,0,-1.39962821956423,48.1102966952179,-1.04417826589123,52.674473358822,13.4256923215659,29.1383686699256,17.502474772475,36.592268189374,49.5099249147821,53.7186516247133,15.7126763483597,19.089793416899,1,1,1,1,-7.07074300601596,47.654259970073,-0.323417997543684,56.340834101782,10.5846914851824,29.2700565137584,17.941625975897,36.7267301902609,54.725002976089,56.6642520993256,18.685365028576,18.7851042143639,1,1,1,1
390,100,1,1,"L'Ecuyer-CMRG","10407_-516713415_2051922822_-2130370339_-1540627687_1711411590_531039801","10407_-1349199369_2079494027_522969392_110567280_351910667_-556126324",417353999,1248569960,1711196545,1807380010,1655101595,1196918616,123978268,26.7669999999998,3.97199999999975,2.44700000000012,0.84900000000016,0.864000000000487,115.819,1,NA,"3835e552db3f","not-a-git-build","bbd3d4119dab4c61438d29ca56ae93a0","confirmatory",171.994,10.0574577813017,9.71204033775163,6.50381154658438,2.19643903872879,26.4012219279046,22.1261754037167,101.152457022667,94.3237275221147,42.2995646334843,4.82434445085187,6.48892518498068,5.89136150122141,0.782,1,0.683,1,25.1766168306503,75.6090560742154,20.6384289557983,60.968666810883,11.8550979367378,11.7272969865059,8.89892913382079,6.61215651551791,28.796339515141,26.5418928805059,140.543347089645,137.52949460971,79.1909397287644,43.720613785706,7.27376880688782,6.88654966830663,0.686,1,0.616,1,26.233470887244,77.2199724080268,21.8078340296329,64.6318736827576,12.0201287399707,12.841987089938,9.20086964158168,3.71314081704578,29.0982800229019,23.6428771820337,144.48349492547,164.916632418134,84.6560021613794,13.7874147272114,8.04717353083146,7.78379788965857,0.825,1,0.688,0.998,33.2006790649607,96.9680645114632,26.6367040509819,82.1983193496438,11.7697847600542,12.2666108280509,8.11591603844167,2.2215821000777,28.0133264197619,22.1513184650657,138.527833298003,150.469741206856,65.8680931430348,4.93542702738566,8.2733848230302,7.70368702413095,0.861,1,0.742,1,34.8098225061074,108.668409065772,28.6781500999405,86.2115177882398,-5.332034662961,57.6477017573409,-1.74844744517506,45.2572678414624,16.0523807438271,36.5869535295761,13.1883249222622,29.9516592874831,62.9797364203019,47.0057152866375,20.534572785749,16.7633343652209,1,1,1,1,-6.21025098890466,58.3702025175456,3.55446524522539,50.0438649015698,18.1305952529155,39.8900355703392,18.3116277458223,35.0364186912533,64.5804535064502,46.4893996563444,21.7594403174237,16.724790945431,1,1,1,1,-0.982858100807727,62.4764292673251,1.73243064957334,47.1336456090139,17.5544859669241,40.2341223295509,16.3711480205963,31.3488145846087,63.4592873681328,45.4012149594405,22.6796363626268,14.9776665640124,1,1,1,1,-4.25942334960108,62.3267288047604,-4.0681328831598,46.3417950866492,15.4466786602292,39.3241999807862,13.920247251861,30.8614752992662,66.5861521543615,50.409927969809,23.877521320557,16.9412280474052,1,1,1,1
391,100,1,1,"L'Ecuyer-CMRG","10407_-1878002046_1209867064_-92600914_-1081145784_-1365193409_2046621209","10407_1337476087_1922282690_-1229794213_1518759269_454105248_531294210",1711196545,1807380010,1655101595,1196918616,123978268,118606298,1002142885,25.8620000000001,2.91699999999946,3.93099999999959,0.947000000000116,0.833999999999833,117.604,1,NA,"3835e552db3f","not-a-git-build","bbd3d4119dab4c61438d29ca56ae93a0","confirmatory",172.333000000001,8.34282821096689,11.46999449214,3.88466166313891,-7.73094488982421,23.8330692841568,12.2157776203903,69.602782557705,131.560773649722,15.0905962370612,59.767508889499,5.32235676654842,6.72808208000188,0.748,1,0.59,1,20.1463170206902,61.9608713517078,20.2057650068852,63.4851512649083,13.6817484271168,10.390042166658,11.4178152983011,-6.41359402394531,31.3662229193189,13.5331284862692,187.190240022913,107.952976224932,130.366506186119,41.1341883039869,8.11743046352943,6.59295735429367,0.537,1,0.73,1,25.5569721487375,75.1739164977907,24.7718776962213,75.5620300290838,10.3486743736262,13.0033797739621,5.03970018084958,-9.052582438728,24.9881078018674,10.8941400714865,107.095061291347,169.087885545888,25.3985779128552,81.9492488099666,6.86667923494022,8.07301495426401,0.814,1,0.702,1,27.62386377439,82.8329594824205,28.6768486914971,88.4215141585348,13.8107541404129,13.9095575618932,7.84882920724985,-9.10542840852668,27.7972368282677,10.8412941016878,190.736929926931,193.475791567621,61.6041199245784,82.9088265028047,8.41635244803652,8.48711463561341,0.687,1,0.696,1,29.4166932113406,88.7814735126191,30.4616965205827,93.6994108404409,-0.506570208940287,46.7763328517207,-14.1838613142282,39.947287811903,15.8056405993996,32.021441167759,3.85139783349652,20.6716962701394,47.282903060661,54.1311491261312,16.2158005683594,16.8202984366429,1,1,1,1,-3.04511994978227,60.8541497464758,-17.9267103509806,45.0921359684768,20.8042528809321,42.0645903007647,3.82820071746657,23.8681508376172,63.8992696962581,63.0188463194573,21.2603374198327,20.0399501201507,1,1,0,1,-4.95424768968399,51.0820214170821,-20.3133167586391,39.2176880211004,15.4765301873257,34.1706798451771,1.58647228454643,20.1533639432362,56.0362691067661,59.5310047797395,18.6941496578514,18.5668916586897,1,1,1,1,4.18243428431541,53.5103096096333,-18.2981912097487,45.6078894445308,18.259473141824,37.2140236414723,0.217935943615949,20.1161664494328,49.3278753253179,63.9060806542795,18.9545504996483,19.8982305058169,1,1,1,1
392,100,1,1,"L'Ecuyer-CMRG","10407_-1582189922_-585833378_-64144869_1912901479_1766491900_1294414624","10407_-1401512008_1484439927_-1612799725_-1147076033_-1174576755_131535696",1655101595,1196918616,123978268,118606298,1002142885,142826988,1237016114,26.0889999999999,2.42900000000009,3.93199999999979,0.842999999999847,0.832999999999629,118.929,1,NA,"3835e552db3f","not-a-git-build","bbd3d4119dab4c61438d29ca56ae93a0","confirmatory",172.931,8.39858851250963,10.9317402119916,2.20276532227344,6.6447181321622,22.1282780952225,26.6493158310468,70.5362890024587,119.502944062473,4.85217506501041,44.1522790558851,5.65579695848693,6.56711395091204,0.834,1,0.641,1,23.2216934752551,69.5995022722842,22.1294237438579,66.5738645912013,13.0854832738222,15.4530310478421,4.84525108814689,12.7451264113384,24.770763861096,32.749724110223,171.22987250948,238.796168565573,23.4764581071886,162.438247240995,7.83807366863826,8.96195951298067,0.637,1,0.494,1,26.7167428091739,77.0086762242194,23.5368781710674,67.8177128899062,22.9680093684016,12.4237332066576,8.26434135539018,8.77222917881626,28.1898541283393,28.7768268777009,527.529454346985,154.349146790207,68.2993380384124,76.9520047656753,13.2713388959475,7.61433382682687,0.369,1,0.642,1,34.7861622679833,102.062735182199,25.9725469961803,82.9155330683376,26.633399279696,14.0945590341572,1.18436778018636,10.2246069014798,21.1098805531355,30.2292046003644,709.337957191713,198.656594367342,1.40272703874357,104.542586289788,15.8459714152804,9.221469200209,0.368,1,0.787,1,41.5262491647437,123.197868856014,35.4511769618462,109.501955438118,-0.681249502764132,47.3517006418108,-0.0172663897459725,53.8101846362438,13.5423782883451,30.306632804438,18.1027276347167,35.1544156670669,48.0329501445749,53.8274510259897,16.7642545160929,17.0516880323502,1,1,1,1,1.2538638918881,51.480686799178,7.00494586849366,60.1421282528155,16.0714691950604,32.7012902300188,23.1307921621467,41.8870519202732,50.2268229072899,53.1371823843218,16.6298210349584,18.7562597581264,1,1,1,0,4.07708836399567,52.2327431656595,6.07831282626324,53.7995123455035,19.5854649042277,36.9481180377724,19.4315548600911,37.7278653482038,48.1556548016639,47.7211995192403,17.3626531335446,18.2963104881127,1,1,1,1,-3.47391471176282,51.227898804666,0.852336091981736,57.872767792752,11.272598230253,29.9032805415938,20.3274804089015,39.6824853184202,54.7018135164288,57.0204317007703,18.6306823113408,19.3550049095187,1,1,1,0
393,100,1,1,"L'Ecuyer-CMRG","10407_1707716061_1765349435_399837618_921904183_-54323928_1003821237","10407_-2108864130_-1410142556_-1842133436_-596076123_139337832_-1847210681",123978268,118606298,1002142885,142826988,1237016114,714673881,1390103939,25.3829999999998,2.8760000000002,2.83199999999943,1.3119999999999,0.844000000000051,115.396,1,NA,"3835e552db3f","not-a-git-build","bbd3d4119dab4c61438d29ca56ae93a0","confirmatory",171.194,10.3184462017479,9.19220393224692,5.6886391830154,3.24622203226217,25.5502643970897,22.947676870996,106.470332018365,84.4966131320157,32.3606157545381,10.5379574827443,6.35761137094821,5.68934063441965,0.735,1,0.715,1,23.5279590922081,68.2361107903043,21.5317557996512,60.4783534188935,12.2619331412622,9.76200956210679,8.56971408721684,4.95934691151443,28.4313393012911,24.6608017502482,150.355004360783,95.2968306906644,73.4399995366428,24.5951217887477,7.2746456300418,6.05088792683145,0.638,0.999,0.71,1,24.1773113107722,68.6063241014653,22.0469642293956,64.7979674992696,13.0768641268397,9.07598525967905,5.55805013969988,1.69241744301161,25.4196753537742,21.3938722817454,171.004375391828,82.3735084339114,30.8919213554179,2.86427680140996,8.01918073391854,6.3520438769315,0.706,1,0.847,1,28.6914050609892,86.1827670373789,26.5239124339887,81.931382930091,13.9294901807098,9.80603215001265,4.03690759452947,-1.70521505472859,23.8985328086038,17.9962397840052,194.03069669449,96.1582665270818,16.2966229267697,2.90775838287304,8.94348821499942,7.21415480241509,0.774,1,0.892,1,34.3361560181098,105.097122941046,30.8715943998516,96.312333010349,3.22220079455318,57.0324673241584,-4.08600553950517,46.1573376610136,15.9538657706948,33.3404218373412,14.2503657472141,30.9893535775957,53.8102665296052,50.2433432005187,17.3865560666464,16.7389878303817,1,1,1,1,3.66561195921541,54.5618169979197,1.9270941066402,49.3857879299545,18.6801782371918,37.8581901916698,15.7529723507775,33.2226887623675,50.8962050387043,47.4586938233143,19.178011954478,17.46971641159,1,1,1,1,-1.93385853478438,49.6506842720427,-4.93527622923068,45.2275666513991,16.2693167010746,35.0124675514474,12.6372779612737,30.3923646086171,51.5845428068271,50.1628428806297,18.7431508503728,17.7550866473434,1,1,1,1,-6.40134012450842,52.1767745205459,-13.7444577726705,49.4542884971226,13.6034937038868,33.7015616968603,8.45415186147997,28.2444130445641,58.5781146450544,63.1987462697932,20.0980679929735,19.7902611830841,1,1,1,1
394,100,1,1,"L'Ecuyer-CMRG","10407_796938225_-2042470408_-964103666_1376851800_1236646234_2141652748","10407_1738905389_-1583399922_-22139349_1458109176_368023133_-105646416",1002142885,142826988,1237016114,714673881,1390103939,953534393,1402956380,26.3670000000002,2.53099999999995,2.71599999999944,1.01000000000022,0.835000000000036,119.111,1,NA,"3835e552db3f","not-a-git-build","bbd3d4119dab4c61438d29ca56ae93a0","confirmatory",174.367999999999,11.2463149501724,20.2942565696754,8.00456736298596,-18.2287801505903,28.5019284194346,2.31137630323025,126.47959995847,411.856849715814,64.0730986685799,332.288425778555,7.08051949128355,12.2195053694923,0.751,1,0.246,0.979,27.9244290168079,78.1226153372307,21.2996963290535,67.2228090416787,14.1381508360276,23.012241229345,11.7003820919763,-21.1214329044801,32.197743148425,-0.581276450659569,199.887309062267,529.563246397564,136.89894109824,446.114927938455,8.54085133602226,14.1802373115955,0.634,1,0.186,0.96,29.2113208072323,85.5233280414327,22.9971623138745,67.4637345662818,11.0901085843745,24.2182435308274,7.41595021355557,-22.1051899555956,27.9133112700043,-1.56503350177503,122.990508413218,586.523319718465,54.9963175699349,488.639422972963,7.82295843589519,14.548704097609,0.852,1,0.221,0.966,32.4957233880045,101.499121616903,26.3458442423713,83.3176535849257,12.6007988643666,23.5847820714465,8.37862207480662,-21.5067058349487,28.8759831312553,-0.966549381128123,158.780132020223,556.241945357626,70.2013078724368,462.538395871015,8.57963744631145,14.0205772826079,0.841,1,0.273,0.996,34.8644440415833,109.256076206988,28.0899304392754,87.8896138711437,-5.77308712952619,58.6580531444766,-26.9882573555821,29.0305793430998,16.3220698653564,40.8823641488879,-7.04747239890209,11.4011252058427,64.4311402740028,56.018836698682,24.5602942835314,18.4485976047448,1,1,1,0,-3.32388638027892,69.9967369617359,-26.6222278055788,29.5542439616952,20.9550920064918,44.7582660410227,-9.85884638461249,8.18692491779069,73.3206233420149,56.176471767274,23.8031740345309,18.0457713024032,1,1,0,0,-1.76504876713352,60.0712252043995,-26.3507233130152,22.7497080246444,17.3995194780654,37.2232557687505,-9.43134179493731,6.16681835265247,61.8362739715331,49.1004313376597,19.823736290685,15.5981601475898,1,1,1,0,-3.90582994196898,62.3454327216653,-28.685070235607,28.6468296368528,16.3814973722616,39.7682422543659,-10.6644187252781,8.15355581088156,66.2512626636343,57.3318998724598,23.3867448821043,18.8179745361596,1,1,1,0
395,100,1,1,"L'Ecuyer-CMRG","10407_407493213_320637858_1238928604_1429132806_1919043556_996742468","10407_755630319_-1269440063_671102462_2005053520_280499776_-1885884448",1237016114,714673881,1390103939,953534393,1402956380,186974579,102076567,24.4369999999999,3.48599999999988,2.94300000000021,1.00200000000041,0.947000000000116,114.299,1,NA,"3835e552db3f","not-a-git-build","bbd3d4119dab4c61438d29ca56ae93a0","confirmatory",170.225,17.0036282501813,10.768122091473,15.02168747422,6.2323952550068,35.23552642245,26.387165480671,289.123373670364,115.952453376869,225.651094573139,38.8427506146313,9.90262610501875,6.34802931384431,0.353,0.999,0.626,1,23.4576058312204,70.2704471552299,20.562231885725,59.8506578806182,19.488666368344,14.8150114806579,18.0240384313892,12.1116625873694,38.2378773796191,32.2664328130336,379.808116816621,219.484565172026,324.865961376195,146.692370630283,11.5954478938348,8.55902570313735,0.241,0.995,0.403,0.999,24.3866101746308,67.8172794714268,20.3733348476349,60.3095433298238,14.9976121119892,11.8015739379801,12.6796300376135,8.73133747833271,32.8934689858434,28.8861077039969,224.928369061685,139.277147413611,160.773017890749,76.2362541605374,8.88927385416959,7.1872626878255,0.56,1,0.638,1,27.6798398665833,85.2715178739318,24.8875200347828,74.8003808117178,17.8971168128065,13.4577091090716,14.1237092930986,8.59539362583928,34.3375482413285,28.7501638515035,320.306790211241,181.109934464388,199.479164195959,73.8807915831185,10.5554506355132,8.17761803752229,0.576,1,0.708,1,32.2118592557239,95.1429770234268,28.7367730566466,86.5509539788919,4.4057814869182,63.5898306322717,2.85057804013553,52.9028133417017,25.6606382646402,45.2804242222909,17.3774188771486,35.3828904565895,59.1840491453535,50.0522353015661,19.6197859576507,18.0054715794409,1,1,0,1,11.688362749577,65.232868807638,7.31017691508915,57.5917435474326,27.6712352914919,48.427505887915,23.9171581312889,40.6218946832464,53.544506058061,50.2815666323435,20.7562705964231,16.7047365519575,1,1,0,0,6.6699948491159,63.0826647949137,2.32584407153008,52.8999185880304,23.9281350072033,42.5428807508621,20.139353570809,37.7518258814579,56.4126699457978,50.5740745165003,18.6147457436588,17.6124723106489,1,1,0,1,4.56691371708439,64.6387574928791,1.60623199776608,54.8983769354095,23.9915790882703,45.2999573688553,19.3565930083047,38.1523097580057,60.0718437757947,53.2921449376434,21.3083782805851,18.795716749701,1,1,0,1
396,100,1,1,"L'Ecuyer-CMRG","10407_-1498797382_210217018_2125131436_-1064395269_-1872796554_1327994294","10407_-872913577_872256208_1416249148_595118131_509189513_-432537567",1390103939,953534393,1402956380,186974579,102076567,2127226535,1854105018,24.2759999999998,2.45899999999983,2.48900000000049,0.868999999999687,0.926000000000386,119.781,1,NA,"3835e552db3f","not-a-git-build","bbd3d4119dab4c61438d29ca56ae93a0","confirmatory",174.632000000001,26.1521335037952,11.0651465376136,24.8962390542526,-6.03755398999,44.7504243679865,14.1711593660528,683.934086800328,122.437467898863,619.822719046491,36.4520581820441,17.6251268370791,6.36466077077207,0.027,0.655,0.497,0.988,19.3569295833358,56.233381665205,16.1382014075526,47.3706201661609,27.7399634710188,11.3143601654244,26.5247110810056,-5.98296734612417,46.3788963947395,14.2257460099187,769.505573373455,128.014745952942,703.560297930824,35.7958982647881,18.5503873907478,6.5281207785619,0.021,0.723,0.555,0.986,21.6261652488042,62.3400007848674,18.144882517296,52.0966384981717,25.6741540148599,12.7230733612878,24.128466776672,-6.06574124998624,43.9826520904059,14.1429721060566,659.162184378748,161.87659575671,582.182908992966,36.7932169117846,15.7312594058815,7.44816738824317,0.118,0.981,0.606,0.996,26.3576416783544,83.7127884283282,22.7568319216355,67.3219794610222,26.7958244469857,13.3695363845487,25.1155544155652,-5.55272872093152,44.9697397292991,14.6559846351113,718.016207793678,178.74450313777,630.791073601218,30.8327962482578,16.0865003790965,8.15384579149256,0.155,0.995,0.694,1,30.751325526717,94.8047332293148,28.6350310746999,86.7508163497584,21.0013365573525,68.57295007631,-4.73222523123459,32.8450345491333,36.4279171588014,53.0402146238718,7.62871370735091,20.3935722392329,47.5716135189574,37.5772597803679,16.6122974650704,12.764858531882,0,1,0,1,23.0426806402643,70.5063715712098,-5.04082434647023,32.5527668090083,36.8087098207133,55.8802695360214,7.64887322548217,20.9914172348943,47.4636909309455,37.5935911554785,19.0715597153081,13.3425440094122,0,1,0,1,18.2944968857237,69.5347633852722,-4.81386175749254,33.3978357503583,36.2658259940676,51.6124663521008,7.68481605086039,20.4847593303807,51.2402664995485,38.2116975078508,15.3466403580332,12.7999432795203,1,1,0,1,16.7554136802698,72.5048949188432,-7.06439009402169,36.4372178912552,36.4019959994402,53.7068639549411,6.32198737823475,22.6511747500518,55.7494812385733,43.5016079852769,17.3048679555009,16.329187371817,1,1,0,1
397,100,1,1,"L'Ecuyer-CMRG","10407_-1137703939_1646968803_-344023744_1630995951_-649484647_-1481474871","10407_1609602314_1057723141_389780772_-1139817352_-1749283688_-1671797946",1402956380,186974579,102076567,2127226535,1854105018,2008250644,422808661,24.4210000000003,2.87100000000009,2.95300000000043,1.07600000000002,0.935999999999694,118.456,1,NA,"3835e552db3f","not-a-git-build","bbd3d4119dab4c61438d29ca56ae93a0","confirmatory",173.335,9.03040315059132,14.2380168492759,4.66872315119198,11.6624275573494,24.4653100550495,31.2136414372309,81.5481810622096,202.721123800265,21.796975862476,136.012216530422,5.70740575115717,8.24050648532943,0.759,1,0.427,1,22.0773580204922,63.7695290662142,21.1991836461661,63.2659812333959,12.654266612747,15.7761345761255,9.9101444577105,13.4472504115976,29.7067313615681,32.9984642914791,160.130463506484,248.886422164021,98.2109631726902,180.828543632212,7.47802595648182,9.15176026213707,0.601,1,0.435,1,24.4435626411529,70.2272753120053,24.4795795525946,71.2356169240687,10.2710248595922,15.4667777233305,5.62429454365741,13.7221177745632,25.420881447515,33.2733316544448,105.493951666362,239.221213142912,31.6326891138145,188.296516218985,6.90852036265097,9.33843789022256,0.816,1,0.598,1,28.2725371281002,85.4899817812794,30.7941037912351,92.0057889412378,11.2281522575699,17.1788703259989,7.84045300724819,14.795653122086,27.6370399111057,34.3468670019676,126.071403119171,295.113585677486,61.4727033588671,218.911351309095,7.5088469975944,10.276041471078,0.78,1,0.508,1,28.4148588644866,93.7017558618839,30.5041955588833,94.9949901037753,-2.59620856395684,50.0543925360864,2.39778971950195,54.8289932288003,14.8132259406435,34.2220858570539,23.1097572254527,40.9355070256916,52.6506011000432,52.4312035092983,19.4088599164104,17.8257498002389,1,1,1,0,2.38613609552016,58.2140243839778,1.93362214253806,61.5771856608821,19.1741057344941,40.031474059082,23.193907820149,42.4798767731124,55.8278882884576,59.6435635183441,20.8573683245879,19.2859689529633,1,1,1,0,-1.2185407978768,53.7846287160035,6.70123263546651,62.4982147053599,16.0598007792717,35.0681134653038,24.2963232211216,41.7748939872378,55.0031695138803,55.7969820698934,19.0083126860321,17.4785707661162,1,1,1,0,-1.76743564183485,57.6196520636622,6.6873439979104,63.7999081453098,18.2307425796268,37.1897172465984,24.4212577502785,44.3576913944654,59.387087705497,57.1125641473994,18.9589746669716,19.936433644187,1,1,1,0
398,100,1,1,"L'Ecuyer-CMRG","10407_1782659951_-1820535108_-1492051874_980305339_-622839287_1263719458","10407_212272702_572467201_1757820002_-1276102537_927861881_1808749547",102076567,2127226535,1854105018,2008250644,422808661,193033248,1046827778,24.808,3.29799999999977,2.5059999999994,0.84900000000016,1.27700000000004,121.491,1,NA,"3835e552db3f","not-a-git-build","bbd3d4119dab4c61438d29ca56ae93a0","confirmatory",175.615,8.8660677001681,9.65659443730791,-3.33101515795012,-3.61622502077281,16.4922890838169,16.3766605068846,78.607156463964,93.2498161266461,11.0956619824935,13.0770834008633,5.8124450823203,6.19130903102148,0.817,1,0.764,1,24.1010900244985,67.7916917410526,23.8256572028165,71.7808735945988,9.83475299705463,9.42880967233295,-1.88483225072518,-2.45846291408875,17.9384719910418,17.5344226135686,96.722366513075,88.9024518370794,3.55259261337373,6.04403989994974,6.43256444110556,6.41326692027661,0.808,1,0.853,1,26.3103266247567,76.0082071478473,27.6601787137044,77.9415450112198,15.8184033021119,13.474114627904,-6.90707510144501,-5.89515228176422,12.916229140322,14.0977332458932,250.221883028264,181.551765005896,47.7076864570016,34.7528204251899,9.53347660633375,8.50946606022504,0.71,1,0.762,1,34.186167083494,100.594848140928,32.1924916253211,95.6551593420966,20.5406272750503,15.1995098065598,-10.3024033002607,-7.60282408084933,9.52090094150628,12.3900614468081,421.917368852541,231.025098359707,106.139513761223,57.8029340043424,12.2018209149561,9.83525298499716,0.649,1,0.774,1,40.6700987930673,119.116652423623,38.3005532830313,115.633439662411,-11.2161704784168,42.9867787981365,-14.1574712079192,44.5941012296814,7.0188507315708,26.2224336533858,6.84040370822775,26.9845995744775,54.2029492765533,58.7515724376006,19.203582921815,20.1441958662498,1,1,1,1,-12.5528843859486,44.6699459255193,-17.7391410698712,46.8928597703793,9.19334313655607,28.521493010162,5.17163730852258,30.1281213810648,57.2228303114679,64.6320008402505,19.3281498736059,24.9564840725422,1,1,1,1,-16.4987987407554,40.6051233034946,-16.7566400240684,45.5837242686297,3.25703333432792,23.0876392464168,3.17639834591307,25.3713209076756,57.10392204425,62.3403642926981,19.8306059120889,22.1949225617625,1,1,1,1,-19.3119046709556,43.4043246530959,-16.0693369203072,41.9767650763453,-0.531250332652094,18.9394000499957,2.12581681018327,23.0028473270023,62.7162293240515,58.0461019966525,19.4706503826478,20.8770305168191,1,1,0,1
399,100,1,1,"L'Ecuyer-CMRG","10407_1309282455_-397564543_1341862798_1466960030_-1422285605_-620294468","10407_-747399493_-711107256_-494569900_-421120621_-935834442_-783077279",1854105018,2008250644,422808661,193033248,1046827778,1158493692,2015772371,23.5419999999995,3.6840000000002,2.8700000000008,0.942000000000007,1.27000000000044,121.378,1,NA,"3835e552db3f","not-a-git-build","bbd3d4119dab4c61438d29ca56ae93a0","confirmatory",175.506,13.6512730404014,9.96127945573215,-11.3229862212231,4.16716119845771,9.23635424094526,24.741076871392,186.357255623591,99.2270883951914,128.210016966009,17.3652324539315,8.03010151635833,6.09949185215551,0.592,1,0.685,1,25.3996901821125,71.3261818923247,21.2789700959655,65.0839777418231,10.0228645889442,11.5809851174935,-6.27491565531328,7.63149613565584,14.2844248068551,28.2054118085901,100.457814568311,134.119216291605,39.3745664812956,58.23973326853,6.21720746204596,6.72577509484147,0.711,1,0.586,1,22.9939522317805,67.2119816508602,20.6102995544218,59.5765382866875,14.4749950110159,10.3331063530678,-10.458591276309,5.50215443838577,10.1007491858594,26.07607011132,209.525480568936,106.773086903811,109.382131484887,30.2737034638482,8.5858233929032,6.41423489743138,0.622,1,0.719,1,27.6916335540335,84.9251141926566,23.1252374824253,69.7531600074945,14.2217232849932,10.2322816664239,-4.16261878020129,3.56764650258084,16.3967216819671,24.1415621755151,202.257413194919,104.699588101035,17.3273951092845,12.7281015673773,9.15019625878173,7.17325003307383,0.814,1,0.878,1,35.4339807927764,111.418559364574,30.7176328624856,91.6657050629124,-20.2262734479773,38.9912334403375,-1.79241619418522,53.4218500533644,-1.39681260235428,19.7547670389696,15.2250631287798,34.2131760594707,59.2175068883149,55.2142662475496,21.1515796413239,18.9881129306909,1,1,0,1,-9.65110386481412,38.5145974682124,5.31569528260649,50.3337679373651,5.48089630389137,22.8664633771314,20.0810128483676,36.3997860558797,48.1657013330265,45.0180726547586,17.3855670732401,16.3187732075121,1,1,1,1,-13.3472761845731,35.6753010936365,2.043238855266,49.6735981741341,0.0498458096849036,19.5237055349297,18.7179605629385,33.6002180017775,49.0225772782096,47.6303593188681,19.4738597252448,14.882257438839,1,1,0,1,-7.72127221853468,42.2111731188441,-1.07989435583824,51.2485540538509,8.04578786839801,24.5583912560857,14.8652219207471,33.3920859843647,49.9324453373788,52.3284484096892,16.5126033876877,18.5268640636176,1,1,1,1
400,100,1,1,"L'Ecuyer-CMRG","10407_1209010469_112770973_-260206374_-1534084850_1341726467_770337829","10407_-174014066_957441428_-2009988366_-1884975610_13684604_1540715216",422808661,193033248,1046827778,1158493692,2015772371,1076657670,262823759,24.6169999999993,3.69900000000052,2.53600000000006,0.876000000000204,0.86200000000008,118.22,1,NA,"3835e552db3f","not-a-git-build","bbd3d4119dab4c61438d29ca56ae93a0","confirmatory",172.755999999999,9.75863266675748,16.9963814010456,-5.65289806400915,-14.2171886879688,14.2380024501836,5.46775635411761,95.2309115247063,288.876980729808,31.9552565220784,202.128454189309,5.86166601504804,9.90558239744957,0.66,1,0.368,0.979,19.702002835955,59.0389686541043,20.5727783147822,62.3903531755716,11.0430589982486,20.3020500160252,-7.17645211238951,-18.1103621546939,12.7144484018032,1.57458288739249,121.9491520388,412.173234853187,51.5014649214198,327.985217374171,6.70878360031429,12.1217847175266,0.695,1,0.274,0.959,24.3126806073005,68.3298687324969,22.8906730663068,68.4746549682493,12.7992286444535,20.4044741193786,-8.40963757892168,-17.2054915048046,11.481262935271,2.47945353728186,163.820253892999,416.342564088391,70.7220042088116,296.028937921902,7.70374001641531,11.8617372918743,0.63,1,0.378,0.991,25.3477628243649,79.3204118304728,27.5244868164353,86.245884421512,13.912976026414,17.4116330523964,-10.4130674486062,-14.0587220469154,9.47783306558647,5.62622299517101,193.570901911571,303.164965551303,108.431973689223,197.647665592426,8.47571824459256,10.1193103151757,0.646,1,0.491,0.999,27.938128605157,92.4326060903531,27.8782023596066,85.3081687975382,-5.82064868496858,38.464466604385,-20.2850961397816,33.022251851605,6.06072126656462,21.4808756931544,-2.77694011318032,14.5479186901111,44.2851152893536,53.3073479913865,15.4201544265898,17.3248588032914,1,1,1,0,-14.3223993094151,39.9340866606224,-28.3858176174218,27.2992402337079,2.47967773916168,23.2202176133598,-7.8431760160678,10.8601171978596,54.2564859700375,55.6850578511296,20.7405398741981,18.7032932139274,1,1,1,0,-12.7094156109676,39.8614072878182,-22.0797939246939,30.516128244317,3.31302655383564,19.2484186091523,-6.40156663879624,10.9110299114557,52.5708228987859,52.5959221690108,15.9353920553166,17.3125965502519,1,1,0,0,-22.1856158942753,40.1061379575137,-24.669237199219,34.7228864006304,-0.933445959905101,19.7186252999623,-3.94587038061918,15.8207366831242,62.291753851789,59.3921235998495,20.6520712598674,19.7666070637433,1,1,0,0
401,100,1,1,"L'Ecuyer-CMRG","10407_-279433737_-91735510_-2047632209_-219928090_-112102314_1452390422","10407_1014065577_826648117_1039518932_-1569800446_630190869_814112914",1046827778,1158493692,2015772371,1076657670,262823759,1004232551,521226529,24.1639999999998,3.72900000000027,2.88599999999951,0.960000000000036,1.20100000000002,115.617999999999,1,NA,"3835e552db3f","not-a-git-build","bbd3d4119dab4c61438d29ca56ae93a0","confirmatory",171.147999999999,17.5882001491107,10.3858712949518,-15.4765381747119,-5.28540557529196,4.58423522176171,14.6488805062455,309.344784485176,107.866322555303,239.523233873314,27.9355120953273,10.492972763858,6.16654529406142,0.245,0.931,0.641,1,18.815465120298,57.0411705906416,20.0626420319572,61.1958061264143,13.8687512254087,10.6057071932451,-10.9990058551191,-6.16077791818405,9.06176754135445,13.7735081633534,192.342260552275,112.481025068851,120.978129800945,37.9551845571842,7.98709145341806,6.41915603780138,0.469,0.999,0.673,1,20.6006083719331,61.7766530117508,22.5991198473073,65.5013246333427,17.3650515120314,11.0836370713396,-14.6227385451319,-5.98179508178396,5.43803485134165,13.9524909997535,301.545014015503,122.847010729174,213.824482559287,35.7818724004547,10.1408340272833,7.01117606403916,0.421,0.999,0.709,1,25.9619743232293,81.3036390957292,25.7049002162231,80.0442304294137,15.8321063435664,11.0066576926253,-12.6934904167618,-6.34484174095803,7.36728297971177,13.5894443405795,250.655591273997,121.146513562628,161.124698960424,40.2570167178033,9.23544750243425,7.4057202752083,0.518,1,0.786,1,26.0878638768578,84.8718056818335,29.01145034547,92.0593151827465,-17.8705871173006,27.1031279983575,-9.01483109021478,40.7178267212702,-2.91831932733774,11.7200220742903,6.2026991587562,23.1296709420534,44.9737151156581,49.7326578114849,14.638341401628,16.9269717832972,1,1,0,1,-14.0006936500416,33.0283498354254,-11.2747206046607,40.497009558396,0.568995330592063,16.8959826828378,4.09053567483242,23.0547414836123,47.029043485467,51.7717301630568,16.3269873522457,18.9642058087799,1,1,0,1,-18.506199848435,28.6180654906173,-8.3995833870555,37.3525738747444,-2.43688140082148,13.8014794480468,5.96510992193136,22.0125304548848,47.1242653390523,45.7521572617999,16.2383608488682,16.0474205329535,1,1,0,1,-16.6101683028191,31.9179589880715,-14.3488438059503,42.0794767967858,-0.588658328672916,15.628230597207,4.1218701869816,22.3498740936231,48.5281272908906,56.4283206027361,16.2168889258799,18.2280039066415,1,1,0,1
402,100,1,1,"L'Ecuyer-CMRG","10407_-374822534_-1250713686_-1483101277_447173119_-1715758244_1669172358","10407_122543838_947897031_328835736_1369611814_-2126274849_-1585242015",2015772371,1076657670,262823759,1004232551,521226529,1868419747,1976514595,25.5500000000002,2.4429999999993,3.40099999999984,0.835999999999331,0.831000000000131,116.146,1,NA,"3835e552db3f","not-a-git-build","bbd3d4119dab4c61438d29ca56ae93a0","confirmatory",168.834000000001,7.64249445106287,13.5150056511323,0.325448892164406,9.75491379900352,20.2639351362387,29.8176421274866,58.4077214345267,182.655377750139,0.105916981411039,95.1583432259893,5.58698088364424,7.91652450431054,0.9,1,0.574,1,25.4383467555732,73.1023777467347,24.2561422326387,68.8948368479953,12.1928570058687,22.0219327777912,9.53531159003359,19.7199712404818,29.4737978341079,39.7826995689649,148.665761965561,484.965523269554,90.9221671190289,388.877265725429,7.24280530314482,13.3527665058908,0.623,1,0.201,0.952,23.8659499047317,70.3665873773538,22.3442446708979,66.1324850560615,8.20637009961097,16.6608079811638,0.813567082157892,12.636417668516,20.7520533262322,32.699145996999,67.344510211789,277.58252258521,0.661891397170906,159.679051493183,6.40247361094175,9.68094393597204,0.912,1,0.517,1,28.3976808728066,89.2840492773216,27.1035002165911,83.5597129808204,8.72377387151648,15.838200061892,-0.14569226977861,11.0143487462318,19.7927939742957,31.0770770747149,76.1042305613537,250.848581200517,0.0212262374732434,121.315878303618,7.43623549957148,9.76130856339703,0.968,1,0.658,1,35.6964441463603,106.886199735699,33.9441989897445,104.453273028083,-11.6300588814184,48.003325335654,-0.572137274125847,59.5195966415655,9.80193465810378,31.4778831762513,20.1678613255068,40.2928791939899,59.6333842170724,60.0917339156913,21.6759485181475,20.1250178684831,1,1,1,0,2.8732480391075,58.1214874036536,10.3776312781159,62.5375818789118,19.6839928639729,38.803218218831,31.819858083038,48.9713936243886,55.2482393645461,52.1599506007958,19.1192253548581,17.1515355413506,1,1,1,0,-4.74907503704703,48.1403882574109,5.28199175275381,56.6372589648257,11.0509685242768,29.4510295083209,24.3328904667742,41.4142695602738,52.889463294458,51.3552672120719,18.4000609840441,17.0813790934996,1,1,1,0,-9.65673537907428,53.112813991993,2.58982069018305,61.6991522041602,8.23755043671642,30.4382675693645,21.5792660144865,40.1265239901107,62.7695493710673,59.1093315139771,22.200717132648,18.5472579756242,1,1,1,0
403,100,1,1,"L'Ecuyer-CMRG","10407_293181195_-1873674827_-653856516_1134652860_870022468_1670926393","10407_-985682030_1135657240_-1921270367_-874724367_2026133231_658707302",262823759,1004232551,521226529,1868419747,1976514595,950360933,1334194331,25.2419999999993,3.12899999999991,2.82600000000002,0.953999999999724,0.975000000000364,117.933,1,NA,"3835e552db3f","not-a-git-build","bbd3d4119dab4c61438d29ca56ae93a0","confirmatory",174.603,7.84377851193676,13.2773204282692,-0.0650331866474865,9.44478090927776,19.8438207023395,29.2909831794126,61.5248613443209,176.287237754934,0.00422931536552681,89.2038864242577,5.21609329132552,7.61140390017407,0.782,1,0.525,0.993,20.3873484591248,63.3742010229531,20.6355286061682,58.1191718513259,11.9810064822815,19.8208289983953,9.28060409695349,17.3224859259478,29.1894579859405,37.1686881960827,143.544516328471,392.865262183629,86.1296124043898,300.06851865466,7.23563130813905,11.7297709453678,0.667,1,0.301,0.972,24.8042088985538,74.3339338777707,22.8175637847667,71.1798848796613,8.47938396809413,17.1801318771132,-1.45075772919092,12.6356661357554,18.4580961597961,32.4818684058902,71.8999524783717,295.156931314999,2.10469798880719,159.660058694276,6.42748069940104,9.95091633091655,0.888,1,0.534,0.996,28.4423285761374,86.0672337814854,28.7105554594646,84.2817672322048,9.53914815932966,19.7949787803404,-0.0225909171470136,14.7355687111268,19.88626297184,34.5817709812617,90.9953476056425,391.841184914127,0.000510349537543231,217.13698524034,7.45893850065216,11.4824539283152,0.936,1,0.548,0.995,33.7941098106441,102.828885563872,33.417598449202,102.22715487761,-4.67168127188257,45.9066530630359,6.3798624297711,52.6969350523681,11.8085212502276,27.3651125189871,19.9880610000152,37.6204638867383,50.5783343349185,46.317072622597,15.5565912687595,17.632402886723,1,1,1,0,-0.162214124264145,62.1770438196234,6.43832851486703,65.3912807588634,19.0855898617179,38.5920482940885,28.1060775760835,46.4723905451058,62.3392579438875,58.9529522439963,19.5064584323706,18.3663129690223,1,1,1,0,-6.5834800904695,46.0130757080445,8.90316594610488,58.5665504333292,8.57281846265576,28.4102192480731,23.6421125175758,41.6438805600945,52.596555798514,49.6633844872244,19.8374007854174,18.0017680425187,1,1,1,0,-9.20512823226616,47.3271233336705,6.3888217587024,64.970761847262,9.91306445407684,29.8879354223885,24.7917518217751,45.1834028578898,56.5322515659367,58.5819400885596,19.9748709683116,20.3916510361147,1,1,1,0
404,100,1,1,"L'Ecuyer-CMRG","10407_328395940_1864042965_709773383_77244992_-1892000852_720345634","10407_1371133090_-449190050_-1921602411_589443949_1116683995_35650087",521226529,1868419747,1976514595,950360933,1334194331,1855652962,530669318,26.3669999999993,2.48700000000008,2.45800000000054,1.72499999999945,0.84900000000016,118.212,1,NA,"3835e552db3f","not-a-git-build","bbd3d4119dab4c61438d29ca56ae93a0","confirmatory",173.443,25.8423776430471,12.9841655692768,-24.7392415994736,9.79256125265739,-4.71682868833653,29.6815285926232,667.828482245863,168.588555530392,612.030074917125,95.8942558870469,16.595773939223,7.51910306820929,0.041,0.886,0.509,1,23.6203816725848,67.5355976147182,20.2845962881171,59.4615744297471,29.424494691337,16.819498610839,-28.3485205652038,14.5042064111732,-8.32610765406669,34.393173751139,865.80088784052,282.895533520015,803.638618235781,210.372003617917,19.0429837129222,9.88051774926091,0.02,0.906,0.353,0.967,26.1737435476872,77.4322222042377,21.091075048315,59.6104894975185,30.8242706520606,13.1240024642175,-29.3297105378546,8.76630213799708,-9.30729762671749,28.6552694779629,950.135661231482,172.239440680787,860.231920234337,76.8480531746521,19.1220704215322,8.09821197299962,0.076,0.945,0.694,1,30.5190153589235,95.4978608946242,28.9306504921384,87.7787883974784,32.3164265779071,15.1592826841893,-30.8404320125186,11.6193764708575,-10.8180191013816,31.5083438108233,1044.35142676526,229.803851499162,951.132246718785,135.009909571518,20.0048585648379,9.1669488919996,0.078,0.973,0.626,1,33.4988336957692,101.343691073492,30.4648782526393,94.4920577258313,-32.7475845842629,22.7906933322186,8.49516954125857,53.651902430249,-14.1270075429693,4.98694350640295,21.1689452904247,37.7181136677469,55.5382779164815,45.1567328889904,19.1139510493723,16.5491683773222,1,1,0,0,-38.8560347066103,24.5524702659052,11.7652767235801,56.6675222175691,-18.6708246772676,1.49909872870956,26.1911918823964,42.8358766474175,63.4085049725155,44.9022454939891,20.1699234059772,16.6446847650211,1,1,0,0,-37.6411818033977,17.784581786559,1.02308731553964,58.9492018355934,-19.3223430217085,1.00938072547278,19.7744030215536,37.7015395915719,55.4257635899567,57.9261145200537,20.3317237471813,17.9271365700183,0,1,0,1,-40.6942608541966,18.8167509457556,1.22478157235661,59.0057376941633,-20.6310722200791,-1.76078008674471,21.6374729798069,41.8534010499449,59.5110117999523,57.7809561218067,18.8702921333344,20.2159280701381,0,1,0,0
405,100,1,1,"L'Ecuyer-CMRG","10407_-70694971_-843318121_-995634264_785499361_-318312930_1512238894","10407_1374862279_-2090239121_152785487_817363542_513229382_1408696103",1976514595,950360933,1334194331,1855652962,530669318,649073358,811817998,24.6230000000005,2.8769999999995,3.77800000000025,1.0010000000002,0.923999999999978,116.977,1,NA,"3835e552db3f","not-a-git-build","bbd3d4119dab4c61438d29ca56ae93a0","confirmatory",171.183,18.3698570375361,9.24719955852305,-17.0465237886041,1.64842847059703,2.69273445526255,21.3654995929195,337.451647579513,85.510699675149,290.583973275446,2.71731642267487,10.949842155193,5.6243720788921,0.193,0.993,0.649,1,21.9201688272189,64.8667576287341,19.6664643685899,59.3113894462436,13.5872564962604,12.1943577559628,-12.0761020547723,8.09532687991857,7.66315618909435,27.812398002241,184.613539095169,148.702361080409,145.832240837276,65.5343172927321,7.96173013029813,7.04367990085675,0.493,1,0.556,1,22.9638699847521,68.3358183763086,20.1605031267387,59.7063438252406,17.6054745463674,9.14960698305962,-16.49978630323,-0.342256788667946,3.23947194063667,19.3748143336545,309.952734002791,83.7153079444534,272.242948052256,0.117139709389295,10.3680289791766,6.10699115476118,0.327,1,0.783,1,26.3939684535586,84.3262504263723,24.5556331823827,72.5578665569085,19.5162638394107,10.7833707410747,-18.6192023796698,-1.06857810036846,1.12005586419682,18.648493021954,380.884554249491,116.281084539465,346.674697255103,1.14185915658707,11.548496123826,7.23783070868332,0.314,1,0.793,1,30.718694616471,97.5003002461595,29.1672448962935,88.5705723183542,-24.5626854645022,27.8571631513456,-2.95839359644595,47.1898642538825,-5.95695410815405,10.9058461788304,12.6819510812888,29.7023589361376,52.4198486158479,50.1482578503284,16.8628002869844,17.0204078548487,1,1,0,1,-20.8307250980071,33.9707339137445,1.8667905052235,51.7792992658514,-0.283187277575507,16.3155107817314,19.5785931645633,36.4330271976501,54.8014590117517,49.9125087606279,16.5986980593069,16.8544340330868,1,1,0,1,-24.8755457479564,29.6710344224653,-4.92361115482208,47.6779574638693,-5.59650028060839,12.6815724209499,10.4268463734514,26.9947964042002,54.5465801704217,52.6015686186914,18.2780727015583,16.5679500307488,1,1,0,1,-25.6180926006192,27.4330757228037,-11.699445103271,45.7584454091518,-8.48153172549298,10.2140744253964,9.20129023000083,29.0154060820084,53.0511683234228,57.4578905124229,18.6956061508894,19.8141158520076,1,1,0,1
406,100,1,1,"L'Ecuyer-CMRG","10407_38990068_-1434696995_-224883648_540857526_1980957804_1232011611","10407_-603793528_-1777083552_-998726654_339417950_-251844379_177464196",1334194331,1855652962,530669318,649073358,811817998,1606050829,1495090128,25.1280000000006,2.95899999999983,2.45300000000043,0.859999999999673,1.45799999999963,118.958000000001,1,NA,"3835e552db3f","not-a-git-build","bbd3d4119dab4c61438d29ca56ae93a0","confirmatory",173.974,9.35612208095146,11.0686770156199,-6.04194998135016,-6.74677594187894,14.0242797609673,13.272570117862,87.5370203936675,122.515610876111,36.5051595771372,45.5189856099164,6.03708831003312,6.77479995171243,0.794,1,0.686,1,23.3523969786395,69.724514738556,24.4085292485356,71.1600949470099,8.32223842653315,9.25038813235975,-3.72259432781987,2.50166199942984,16.3436354144975,22.5210080591708,69.259652428065,85.5696805993022,13.8577085295166,6.25831275939128,5.75825266850048,5.9349463091513,0.843,1,0.791,1,24.8629697817309,72.4891322167934,24.5349654582974,66.4172205710909,8.55077248762357,10.1590961148768,-4.19988642518317,-4.47265037826552,15.8663433171342,15.5466956814755,73.1157101351002,103.207233871304,17.6390459844379,20.0046014061987,6.53742155117701,6.75925495390003,0.904,1,0.804,1,28.8323008765405,90.0803694521359,27.9268659141664,81.2024849378775,11.5076684230611,11.2288349292663,-8.35547091825287,-5.63844533418546,11.7107588240645,14.3809007255555,132.426432535118,126.08673386871,69.8138942657694,31.7920657865978,7.81365429672151,7.47445185959595,0.836,1,0.791,1,31.3283716181698,98.8022295486317,29.3657570272359,92.5126307958229,-17.0626959089331,39.4445315895875,-17.0951322005014,45.1120901664076,5.80263633359999,23.8692639499333,2.24374757469383,23.2650162238847,56.5072274985206,62.2072223669091,18.0666276163333,21.0212686491908,1,1,1,1,-13.1377863210121,42.8014330720525,-5.75118635550712,49.2806025833562,5.87590960599243,26.5857069325134,11.9385771569139,32.812485488752,55.9392193930646,55.0317889388633,20.709797326521,20.8739083318382,1,1,1,1,-17.0872844909816,45.3366061187736,-11.8689928683914,45.6462375548839,5.42451988672315,25.8725270636002,4.38082059488643,26.1563638664199,62.4238906097552,57.5152304232753,20.4480071768771,21.7755432715335,1,1,1,1,-20.9915731588245,42.3631394116668,-13.2861457536609,49.7396205819478,0.347853098648942,22.9579639829351,3.10029964955766,23.6646563787549,63.3547125704912,63.0257663356088,22.6101108842862,20.5643567291972,1,1,1,1
407,100,1,1,"L'Ecuyer-CMRG","10407_-1741358282_562738392_306453477_1361274494_1093384713_-1972177491","10407_667235349_-1020693190_45831960_-1260274709_-382642861_1261705436",530669318,649073358,811817998,1606050829,1495090128,1499095592,2112882146,23.2740000000003,2.89600000000064,2.85999999999967,1.58500000000004,0.922999999999774,117.022,1,NA,"3835e552db3f","not-a-git-build","bbd3d4119dab4c61438d29ca56ae93a0","confirmatory",172.691000000001,10.9958517576748,8.20901897830306,6.89456648276656,1.58107931224816,27.136786875851,21.8645085756088,120.90875587676,67.3879925861398,47.5350469852881,2.49981179161911,6.65307313862467,5.3223232706189,0.68,1,0.775,1,23.6430826245664,66.0577698099863,21.145791686197,62.2501178458071,12.1186409983686,8.56772082687389,8.93876017917438,3.12714787943923,29.1809805722588,23.4105771427999,146.86145964734,73.4058401672486,79.9014335407937,9.77905385988128,7.21992485846134,5.72202955472345,0.649,1,0.814,1,24.2343292406567,70.1817816364219,23.2506183108845,69.3386514964083,8.43507216637703,8.20528992042221,2.32005057617325,-1.97994633882326,22.5622709692577,18.3034829245374,71.1504424519886,67.3267826781823,5.38263467600184,3.92018750461964,6.11001601623786,5.87756320662791,0.89,1,0.87,1,26.3649804496333,81.0009975386063,24.8301783588165,76.9586407763142,13.6235275166615,7.6833777543981,7.45108990495983,-1.5071390070906,27.6933102980442,18.77629025627,185.600501997232,59.0342937167796,55.5187407717942,2.27146798669405,8.65487106718645,6.54142300883209,0.753,1,0.961,1,31.6889869751827,102.073926391211,30.2968544963282,94.8276087879381,-1.27114419227416,54.4611546102274,-3.49724806941692,46.3342827736938,17.4023751556166,36.9074416786674,13.0802217715984,30.4997039513923,55.7322988025016,49.8315308431107,19.5050665230508,17.4194821797939,1,1,1,1,2.97908488838599,56.2426636307412,-6.03969235381326,50.4863567114776,19.0294216002917,38.6269502093233,14.3326858557108,33.8535896940855,53.2635787423552,56.5260490652908,19.5975286090316,19.5209038383746,1,1,1,1,-7.64378158322709,52.1952611512814,-8.38515513353351,44.861618681211,12.6962272462151,31.2228429555235,8.96828656095317,27.4497456506476,59.8390427345085,53.2467738147446,18.5266157093084,18.4814590896944,1,1,1,1,-0.917906489823469,56.9192392966149,-9.57653372862393,49.59205106467,17.1155482833219,38.4285352771567,8.92362714244539,28.4203728283495,57.8371457864384,59.168584793294,21.3129869938348,19.4967456859041,1,1,1,1
408,100,1,1,"L'Ecuyer-CMRG","10407_2137799609_-1403876999_366416069_1508360133_729462882_681187795","10407_1617583035_1165390393_114414656_-191781799_-1951920433_2146438446",811817998,1606050829,1495090128,1499095592,2112882146,848485326,1726967332,25.4409999999998,3.02799999999934,2.49200000000019,0.840000000000146,0.854999999999563,116.848999999999,1,NA,"3835e552db3f","not-a-git-build","bbd3d4119dab4c61438d29ca56ae93a0","confirmatory",170.621999999999,10.9100049622406,10.858133068939,-6.38579781586653,-6.69100017617731,13.3260774882173,12.8623408205395,119.028208276114,117.899053742786,40.7784137451258,44.7694833576048,6.7088395248049,6.69827493520622,0.698,1,0.697,1,23.6876071844828,73.3504453784276,23.8926829787754,72.7935973306191,11.2150575230561,10.7762445187371,-6.83886601071648,-5.92614663706376,12.8730092933673,13.6271943596531,125.777515245457,116.12744592761,46.7700883125331,35.1192139639822,6.9761297521099,6.74867853733756,0.712,1,0.724,1,25.5439919569204,76.952239390757,26.1235635745409,72.3691843472053,16.0619688737803,12.6690839755275,-12.3475108326813,-8.11806281210985,7.36436447140251,11.435278184607,257.986844102287,160.505688778967,152.461023763182,65.9029438213609,9.71324013507465,8.17406275062856,0.579,0.999,0.706,1,30.8162360511787,95.5662542980905,30.9645929535153,93.1392592170795,17.5983484013548,13.6571557176349,-14.3940993615972,-8.00641762809428,5.31777594248657,11.5469233686226,309.701866455468,186.517902295727,207.190096431534,64.1027232354588,10.821483710806,9.22136146709128,0.585,1,0.752,1,35.5625432758009,112.681604413653,35.2723262042705,111.67203586617,-15.6625767516461,42.6968814762416,-17.9547796526289,42.6647215415047,3.9937123969742,22.1569569334995,2.73549960246158,23.2415755837015,58.3594582278877,60.6195011941337,18.1632445365253,20.5060759812399,1,1,1,1,-16.4895847423731,43.9171630117763,-14.5984671381723,41.6394242348034,2.01369288261083,23.0135243809106,3.46628058560694,23.985075802803,60.4067477541494,56.2378913729757,20.9998314982997,20.518795217196,1,1,1,1,-19.8716740362801,37.7591696915529,-16.9352135442561,39.6922012933721,-2.95488910303618,16.6337079224541,1.23176748099509,22.0923384555887,57.630843727833,56.6274148376282,19.5885970254903,20.8605709745936,1,1,0,1,-26.71302128523,37.456960099321,-15.6642135876138,43.3667936057986,-7.09374158647995,17.3056522948884,1.10126697234562,21.6489708108216,64.1699813845511,59.0310071934124,24.3993938813683,20.547703838476,1,1,0,1
409,100,1,1,"L'Ecuyer-CMRG","10407_1825825304_-162952747_1179960800_-2063072001_-1482588152_1235778633","10407_-326594769_-930501374_-2013378914_-1464343640_713688305_-604939844",1495090128,1499095592,2112882146,848485326,1726967332,1291124141,1980508576,25.3849999999993,3.79699999999957,2.80199999999968,0.985999999999876,1.59400000000005,115.447,1,NA,"3835e552db3f","not-a-git-build","bbd3d4119dab4c61438d29ca56ae93a0","confirmatory",172.411,10.998470637275,11.1692376973353,7.72252409319673,7.41884351847966,27.7738513890114,27.5127970423582,120.966356359,124.751870739577,59.637378370004,55.0392391516877,6.57913802391899,6.67867215202845,0.648,1,0.636,1,22.3681813350705,64.6812326916984,22.9518422197756,65.4450106619368,16.1588081209547,12.802543115305,14.2019441545053,9.55023830789054,34.2532714503199,29.6441918317691,261.107079889833,163.905110219243,201.695217767686,91.2070517374999,9.4667027440835,7.65146600420207,0.506,1,0.61,1,28.3935506530332,80.151183522329,25.916074935979,73.9572712920784,12.5238735207806,9.70959015010125,8.98914390659069,2.7450349450876,29.0404712024054,22.8389884689661,156.84740796451,94.2761408829432,80.8047081733966,7.53521684975206,8.11837937500584,6.92234873502923,0.8,1,0.88,1,32.5616829455913,94.5275000476594,29.2621337265125,90.1319996923455,13.5130664165897,10.2610522573485,9.16513746362414,2.8290733305486,29.2164647594388,22.9230268544272,182.602963979165,105.289193428036,83.9997447271268,8.00365590962134,9.00618741728577,7.55683586253243,0.822,1,0.887,1,35.3228900197968,111.413514532988,32.0333660361704,101.562545471893,1.49485081127845,53.6207145310931,-0.290642949045006,54.2489500005247,17.9639684177475,37.4856796779871,17.483982231006,37.7709900821409,52.1258637198147,54.5395929495697,19.5217112602395,20.2870078511349,1,1,1,1,3.63185890709458,73.2443314325562,-1.87714796403391,61.3248093816328,21.2723163058223,46.1449186271119,18.4841368863841,41.3858540220332,69.6124725254616,63.2019573456668,24.8726023212896,22.9017171356492,1,1,0,1,-5.43188325641007,60.6817732760197,-8.40628144449173,54.5817444434829,17.8759125806986,40.6419324544736,11.09346052015,33.7622667949241,66.1136565324298,62.9880258879746,22.7660198737749,22.6688062747741,1,1,1,1,-6.71973015408521,65.7400103356198,-7.81671235559391,56.4860281275264,16.9270374682094,42.3835195449288,11.0046404085209,33.7293816268612,72.459740489705,64.3027404831203,25.4564820767194,22.7247412183403,1,1,1,1
410,100,1,1,"L'Ecuyer-CMRG","10407_70730824_-423025884_-1977972597_-2100501192_-763401359_863036145","10407_2134004603_2067241053_-1315301442_1101246776_-158960397_503136325",2112882146,848485326,1726967332,1291124141,1980508576,293560182,268035457,25.4430000000002,2.48900000000049,2.61099999999988,1.09600000000046,0.839999999999236,118.739,1,NA,"3835e552db3f","not-a-git-build","bbd3d4119dab4c61438d29ca56ae93a0","confirmatory",172.839,12.7408233976269,15.7126677100822,-9.89533568878445,13.136678300202,9.61033312824748,32.4431026398778,162.328580849517,246.887926567461,97.9176683937312,172.572316762997,7.43247323380033,9.13602689633716,0.595,1,0.398,0.996,23.0983304860574,64.5067628275397,21.3098946955746,61.1968725299686,13.5821658038284,19.9819142204541,-10.9407585318077,17.8002658152235,8.56491028522425,37.1066901548994,184.475227922687,399.276895913587,119.700197251322,316.849463092614,7.83623919617811,12.0974871580275,0.458,0.994,0.253,0.913,20.5337182134895,58.2360486324973,21.0494712864329,60.4992832867498,13.7632913833213,14.8801427049321,-10.476950782395,11.8081114014465,9.02871803463697,31.1145357411224,189.428189702207,221.418646919144,109.766497696726,139.431494868971,8.19717374884111,8.6429861806117,0.624,1,0.519,1,26.6225336707463,81.2506310808291,25.1514594029166,73.0215104847568,16.1570830746063,14.1109018957347,-13.5428142657003,10.1610733067587,5.96285455133163,29.4674976464346,261.051333479729,199.11755231105,183.407818235255,103.247410745324,9.47703729523795,8.35027348105257,0.49,1,0.612,1,26.9497961321111,86.126217526651,26.2724854424208,83.8837848501083,-17.1564975125811,34.4990360723178,4.85482046756384,55.2282754408432,-0.309976541196684,20.5225013551208,23.7416389109342,41.2892716952766,51.6555335848989,50.3734549732794,20.8324778963175,17.5476327843424,1,1,1,0,-13.4833352545013,31.8555271941387,13.3519237995419,60.7820584194357,0.414740459544258,17.1543150420362,28.1440076084108,45.715073862896,45.33886244864,47.4301346198938,16.7395745824919,17.5710662544851,1,1,0,0,-16.2791360573726,33.742564337068,3.87695614049638,56.984600663443,0.19356723523868,18.2662733112916,21.9461828011227,40.5689687440912,50.0217003944406,53.1076445229467,18.0727060760529,18.6227859429684,1,1,0,0,-21.8482309215665,35.6059079883309,4.34732583387651,58.2082470428284,-2.78885134809485,15.0442606046262,20.3220853409242,38.5423084331691,57.4541389098974,53.8609212089519,17.8331119527211,18.2202230922449,1,1,0,0
411,100,1,1,"L'Ecuyer-CMRG","10407_1291062689_275151259_-2067027892_-1002138582_-1542607123_559630683","10407_-1507507973_-1155412020_1818419650_242526707_-1356354536_-833434369",1726967332,1291124141,1980508576,293560182,268035457,2081860646,1800722097,24.8270000000002,2.87700000000041,3.35699999999997,1,0.923000000000684,116.072999999999,1,NA,"3835e552db3f","not-a-git-build","bbd3d4119dab4c61438d29ca56ae93a0","confirmatory",171.104,21.3111757593377,9.48405480732002,19.6962728222784,-3.70273206167708,39.6411502506197,16.2292373954495,454.166212245382,89.9472955882499,387.943163089624,13.7102247205714,13.1279990030513,5.91109030048122,0.155,0.955,0.689,1,21.4363532235345,63.4149540884641,21.2555399367587,66.4353504177602,27.9607948390256,9.68948643398211,26.7577378051726,3.59668303931059,46.7026152335139,23.5286524964372,781.806048030083,93.8861473543234,715.976532450365,12.9361288852645,17.9810036992844,5.91335541962946,0.04,0.849,0.672,1,25.2595101993669,74.6264462724444,20.9728397195746,61.1116016825004,28.0760510003262,8.54492703766921,25.9846230845652,-1.08057579225614,45.9295005129065,18.8513936648705,788.264639772916,73.0157780790903,675.200636846919,1.16764404281,16.9157934639202,6.18161844263069,0.186,0.958,0.885,1,31.9013792628969,94.1941756117227,25.8200431188485,83.0492427769373,26.2578654771186,9.19186693217796,23.9120189819663,-2.65113117821116,43.8568964103076,17.2808382789154,689.475499414455,84.4904176988667,571.784651793918,7.02849652408329,15.5809688242833,6.4676393842152,0.268,0.969,0.817,1,31.4735012975464,100.144877404202,26.0164031282887,84.0480534576342,15.7008964477048,65.3042797437281,-10.3161775583516,44.9444597269002,30.7742355017975,47.7680707177975,7.36531512669653,24.9336897087386,49.6033832960233,55.2606372852517,16.9938352159999,17.5683745820421,1,1,0,1,20.0781580185776,74.9154744056185,2.069448957646,47.5549954470693,36.4234796287046,56.9198154108529,14.0215883635739,32.4595710183453,54.8373163870409,45.4855464894233,20.4963357821483,18.4379826547714,0,1,0,1,17.1142025315674,74.1745640958415,-8.24027792874221,43.7976794595176,36.4959382029727,55.8806386745665,10.8546890392104,26.2818879418138,57.0603615642741,52.0379573882598,19.3847004715938,15.4271989026034,1,1,0,1,16.0961265613519,74.5445549461633,-6.60641164872601,44.085079290808,33.9990478791697,53.6890735505265,8.19531074506477,26.1994396536545,58.4484283848114,50.691490939534,19.6900256713568,18.0041289085897,1,1,0,1
412,100,1,1,"L'Ecuyer-CMRG","10407_-1426867955_-380159047_1521693635_1059414252_-4465641_1794457362","10407_-1198744300_1131986289_-2039356911_320880858_-2104376975_731563550",1980508576,293560182,268035457,2081860646,1800722097,348228262,782088951,24.2300000000005,2.52999999999975,2.49600000000009,0.830999999999221,0.82799999999952,120.054,1,NA,"3835e552db3f","not-a-git-build","bbd3d4119dab4c61438d29ca56ae93a0","confirmatory",174.005,24.3169437660974,11.6464942677513,22.672484741692,-7.00422018448656,42.3886990194625,12.8987762216107,591.313754123543,135.640828728764,514.041564362257,49.0591003927689,15.5074111342452,6.93928163648403,0.091,0.856,0.632,1,20.2859952596087,64.4298341766568,23.6243351616441,66.523492998108,28.6341964674632,10.2548473261179,27.1205517845147,-4.02009883159021,46.8367660622852,15.882897574507,819.917207337284,105.161893681987,735.524329096541,16.161194615753,19.2735331508935,6.25356697439903,0.03,0.607,0.682,1,21.0094980356712,61.6966505963776,22.1335824566685,65.5249285094988,27.6761858473175,12.5546633997335,24.8473445829477,-6.64159179562365,44.5635588607183,13.2614046104736,765.971263055256,157.619573080609,617.390532823743,44.1107415796953,16.6837737980321,7.69052835011169,0.208,0.893,0.661,1,28.928271575924,88.0967117799999,25.8643637184323,80.0988418084982,22.8551909835998,16.611282848098,18.8743811119314,-11.8275329129107,38.5905953897019,8.07546349318659,522.35975489682,275.934717859515,356.242262358434,139.890534805985,13.1230703431582,9.967093357848,0.399,0.994,0.559,1,32.3994104169944,107.650671245167,29.4724479734962,95.9960924813566,18.8943437762664,66.4022420563996,-16.5709668370291,40.3603538553983,34.2533474177851,51.2111756911515,2.76007768851849,23.5326039737251,47.5078982801332,56.9313206924274,16.9578282733664,20.7725262852066,1,1,0,1,26.82184537612,69.1788215047898,-13.4620853750845,38.3027142628075,39.689632729393,54.178187366337,6.75650798550326,25.6361133817004,42.3569761286698,51.764799637892,14.4885546369439,18.8796053961971,0,1,0,1,21.1888288289083,67.557364253783,-12.4004214260076,36.6242641853496,35.9416321977254,52.8333702970609,5.3185308630895,21.6133938945707,46.3685354248746,49.0246856113572,16.8917380993354,16.2948630314812,0,1,0,1,11.9599070046766,62.7332448308383,-19.4227580406982,36.384450166802,29.764314786522,47.5538500411558,-0.632706231169344,16.9303437569043,50.7733378261618,55.8072082075002,17.7895352546339,17.5630499880737,1,1,0,0
413,100,1,1,"L'Ecuyer-CMRG","10407_-289215445_776962094_434211297_-2055032780_-562975647_-617890598","10407_1580852487_-984661714_-1425653187_-286114728_-1606386456_957784392",268035457,2081860646,1800722097,348228262,782088951,492556602,185365557,23.0279999999993,2.90999999999985,2.86300000000028,1.58199999999943,0.944999999999709,120.335,1,NA,"3835e552db3f","not-a-git-build","bbd3d4119dab4c61438d29ca56ae93a0","confirmatory",174.397,8.07578148744374,10.8576282246129,-2.0754752218134,-6.474066361019,17.5425814442497,13.1857904915907,65.2182466329391,117.888090663912,4.30759739636138,41.9135352468778,5.45177148002703,6.38376580474407,0.858,1,0.639,1,23.6377598451656,65.8691732210589,21.0838055740461,58.9740531464451,7.94831050212508,10.0210436363613,-1.15585149323167,-5.1671151499094,18.4622051728314,14.4927417027003,63.1756398381919,100.421315561858,1.33599267440587,26.6990789724233,5.5873836870578,6.18601884277484,0.878,1,0.717,1,24.2994117098235,71.7734203124219,22.6397234401553,66.9786058601539,12.4825226871977,12.0648044827544,-4.72500589232094,-8.34785368590857,14.8930507737422,11.3120031667012,155.813372636405,145.559507207091,22.3256806824676,69.6866611613372,8.05415779608889,7.29417819350361,0.801,1,0.624,1,31.6222113663594,94.2468923732906,24.7086843418277,74.990548743334,11.9895048355866,13.2810163747402,-4.67068776940622,-10.0481972089833,14.9473688966569,9.61165964362642,143.748226202554,176.385395946116,21.8153242392809,100.96626715062,8.19016581990497,8.1016282683429,0.856,1,0.642,1,33.2068639723653,104.312247722305,27.2252910115489,87.4077120955771,-8.29019061494604,43.5600968434722,-11.958693993119,38.1098285798701,8.06450236058918,27.1335819337513,4.25107472147189,21.955729974878,51.8502874584183,50.0685225729891,19.0690795731621,17.7046552534061,1,1,1,1,-7.2645143216445,46.020590312746,-13.2992354840395,41.5887856957537,9.22749147171159,26.9081086192795,4.95418830107667,23.9753966167319,53.2851046343905,54.8880211797932,17.6806171475679,19.0212083156552,1,1,1,1,-9.0134579711682,43.6606382254969,-15.2637519418253,38.4930166756031,5.55200840682598,23.3671939625531,2.38548611221699,19.5518215389791,52.6740961966651,53.7567686174284,17.8151855557271,17.1663354267622,1,1,1,0,-17.2581394468657,42.658956774537,-19.7436814750493,37.7107204085082,6.0537145850497,25.4987130775545,1.18757225028056,18.8542873248972,59.9170962214028,57.4544018835575,19.4449984925047,17.6667150746167,1,1,1,0
414,100,1,1,"L'Ecuyer-CMRG","10407_1970629652_767954164_-1809869606_-871019932_-501122211_-211234334","10407_-1374730897_544418204_1361880719_-1154778485_-12964060_117485104",1800722097,348228262,782088951,492556602,185365557,480954659,151196321,25.0469999999996,3.59499999999935,2.47600000000057,0.884000000000015,1.05199999999968,123.687,1,NA,"3835e552db3f","not-a-git-build","bbd3d4119dab4c61438d29ca56ae93a0","confirmatory",177.242999999999,9.51031222556587,13.3646747431002,-6.24517058521081,-8.90690725106157,13.971538106211,11.4002307502041,90.4460386277476,178.614530988862,39.0021556383823,79.3329967790132,6.23307685101889,7.66956582755435,0.821,1,0.507,0.997,26.2636198459138,73.8271692791878,19.6044871255682,58.3636328417171,8.87225221759256,14.253292622368,-4.85126361539503,-10.2561009580958,15.3654450760267,10.0510370431698,78.716859412576,203.156350578851,23.5347586660557,105.187606862654,6.2057813817547,8.17205707787546,0.857,1,0.5,0.994,27.0243886853106,78.9610058623092,21.573291235006,61.6347793161324,13.4840258103177,17.2610713944369,-10.5266910207629,-12.769959715307,9.69001767065886,7.53717828595859,181.818952053314,297.944585683848,110.81122384661,163.071871130565,8.65236968846889,9.93259660942551,0.722,1,0.445,0.973,32.4466275623768,99.3165465898035,22.7520155250546,71.8965405992912,13.646630223577,15.9130484977176,-5.35401031527989,-10.5205217212038,14.8626983761419,9.78661628006185,186.230516459046,253.225112490713,28.6654264561235,110.681377286321,9.47625795529327,9.43195246519949,0.85,1,0.57,1,40.2775699444648,118.292499506101,28.7060486831294,87.9965575825068,-14.955208088165,44.7720584586373,-12.5799296389472,33.6999487806649,3.26826889673619,24.368041582047,3.42458290781252,19.2192509330956,59.7272665468023,46.2798784196121,21.0997726853108,15.7946680252831,1,1,1,0,-14.0541309854106,47.1147816913212,-15.6714016901066,35.4920832053515,4.26729771773305,26.8053099031335,0.880495564376094,19.8002992662025,61.1689126767318,51.1634848954581,22.5380121854004,18.9198037018264,1,1,1,0,-19.5831108933941,40.7956542663945,-15.4944742479152,31.4597830727208,-0.190121102764203,19.1176643665886,-0.378736536881105,15.2163995336655,60.3787651597887,46.9542573206361,19.3077854693528,15.5951360705466,1,1,0,0,-20.8499241088448,44.8086520226,-16.6683504839986,36.2804346890139,4.38178539848387,26.8961529442734,0.569364239897282,18.6984040786395,65.6585761314448,52.9487851730125,22.5143675457895,18.1290398387423,1,1,1,0
415,100,1,1,"L'Ecuyer-CMRG","10407_-1772991506_20123840_-1341466001_1486462776_454169286_-456284721","10407_1709120932_-1390095263_471864430_-1623343224_-744840246_-898947412",782088951,492556602,185365557,480954659,151196321,1936987346,485891084,22.9040000000005,2.93299999999999,2.875,1.02599999999984,0.937000000000808,120.093999999999,1,NA,"3835e552db3f","not-a-git-build","bbd3d4119dab4c61438d29ca56ae93a0","confirmatory",174.521,11.5115553634425,14.7851683595174,-8.17876743742135,11.8421339419937,11.6342757099957,31.6772090111604,132.515906885602,218.601203419274,66.8922367954237,140.23613630012,7.07887857882071,8.55119064634071,0.719,1,0.471,0.998,26.6831652258332,75.3599641836865,22.5628126819215,68.5846450666602,9.94307158325129,20.5742806309089,-5.09012758683354,18.4235980905043,14.7229155605835,38.2586731596709,98.8646725096593,423.301023479394,25.9093988502438,339.428966600433,6.42592425287398,12.1605414250018,0.784,1,0.287,0.986,25.8702697168136,73.1842475606667,25.477256263726,73.8736390978205,11.4486778858511,19.4691987844363,-5.50163240067607,16.3541971342385,14.3114107467409,36.1892722034051,131.072225333976,379.049701307894,30.2679590721687,267.459763905534,7.52974568494009,11.2595078360852,0.793,1,0.417,0.999,29.9897887575887,89.6085232337837,27.7066162234295,83.8841455873614,12.8552939210649,19.697235470583,-3.79140127111538,14.9830407696137,16.0216418763016,34.8181158387803,165.258581796968,387.981085183595,14.3747235986153,224.491510703905,8.48180453005856,11.4233041232168,0.784,1,0.561,1,34.105824726739,99.688726330611,32.7845019506939,98.8720149336643,-18.0748594191794,45.2980035495646,4.15426634573716,58.3569896201437,0.707292006066063,22.0982161520577,22.9629833720462,40.844871624199,63.3728629687439,54.2027232744065,21.3909241459917,17.8818882521528,1,1,1,0,-11.9493331540292,44.4997242871678,8.17546819938069,71.7321936073132,4.75458862028149,23.7144320795989,27.655106226303,48.314141979664,56.449057441197,63.5567254079325,18.9598434593174,20.659035753361,1,1,1,0,-12.2540568425741,40.2925272579597,10.6721999548684,64.598461548507,5.65044165997314,23.0883315968544,26.1583973831288,45.5376605111656,52.5465841005337,53.9262615936386,17.4378899368812,19.3792631280368,1,1,1,0,-12.9199062646246,46.6670511598042,4.4478676558867,65.2333520546258,5.94006084891936,26.2882272265182,24.1428261554825,45.7135505811595,59.5869574244288,60.7854843987391,20.3481663775988,21.570724425677,1,1,1,0
416,100,1,1,"L'Ecuyer-CMRG","10407_-195935523_1701874344_1235136783_1499717903_263442344_588765131","10407_1575060033_701373205_1194652661_-1143538403_314643304_918220366",185365557,480954659,151196321,1936987346,485891084,2069455286,1711665512,24.0970000000007,2.47500000000036,2.44900000000052,0.835000000000036,1.37100000000009,122.736,1,NA,"3835e552db3f","not-a-git-build","bbd3d4119dab4c61438d29ca56ae93a0","confirmatory",177.121,25.7773614627236,12.7294533938353,24.6255835940902,-9.4765117386654,44.5430902768049,10.2856924617268,664.47236397991,162.038983705826,606.419367349522,89.8042747330632,16.8785469581916,7.4287902345253,0.034,0.794,0.563,1,21.5772099300476,63.5087908616869,22.5614336765422,66.5831095602842,32.3017984842176,12.9035075490062,31.2789399086194,-9.64434984463094,51.1964465913342,10.1178543557613,1043.406185315,166.50050706726,978.372081807022,93.0134839256328,22.577716881028,7.66505034466165,0.002,0.551,0.622,1,21.6068317714283,65.7593034497053,25.7239702840262,74.3274213668768,29.3641209283569,14.6279428619872,28.1028794756808,-11.1070285540506,48.0203861583955,8.65517564634169,862.251597895168,213.976712373563,789.771834824639,123.366083300494,18.5749992016381,8.73761251754575,0.063,0.917,0.588,1,28.010572360431,82.2650889995273,28.747296322004,86.745225530546,32.9085299039794,15.8265406146663,31.8629829698468,-13.1382815563529,51.7804896525616,6.62392264403936,1082.9713404411,250.479387827683,1015.24968373675,172.614442254002,20.9720454826569,9.47892075975427,0.022,0.955,0.558,1,30.4998705967414,93.6964596591628,29.9744647709816,93.5121476091525,20.7841417348657,71.4273203000905,-17.7035771623858,39.5092296807598,34.6627478269164,53.8505287201837,0.107004443731188,20.2066225962665,50.6431785652247,57.2128068431456,19.1877808932672,20.0996181525353,0,1,0,1,25.6149845622648,76.9405166385372,-24.1292439035612,41.0357510878206,42.4533344394622,60.103601759024,-1.66276875568636,20.6399957187875,51.3255320762724,65.1649949913819,17.6502673195619,22.3027644744739,0,1,0,1,19.3242658545534,74.7706413967886,-20.0239728293353,35.7512345924522,38.3575937217467,57.7077470142266,-1.58470912790527,18.5187242439234,55.4463755422351,55.7752074217875,19.3501532924799,20.1034333718287,1,1,0,0,23.8926964413306,78.6684329448691,-21.2032015396281,36.5623227803992,42.417015146375,62.291894002224,-2.60731367486745,15.5865442374951,54.7757365035384,57.7655243200272,19.874878855849,18.1938579123625,0,1,0,0
417,100,1,1,"L'Ecuyer-CMRG","10407_-415465283_-592605761_1693949590_1836277258_-1407079152_-1080229671","10407_-1456335079_-1933635524_-2023826769_-273137701_1331184670_1668868134",151196321,1936987346,485891084,2069455286,1711665512,1633853822,574862026,24.1350000000002,3.50900000000001,2.82099999999991,0.949999999999818,1.28200000000015,121.454,1,NA,"3835e552db3f","not-a-git-build","bbd3d4119dab4c61438d29ca56ae93a0","confirmatory",176.229,7.34497255340809,8.5862520793413,1.53980720075953,2.14192187333903,21.7701806621359,22.3601411977708,53.9486218103181,73.7237247699928,2.37100621551091,4.58782931148818,5.09389079212648,5.53760565557936,0.845,1,0.776,1,21.3117708079699,64.5286164413899,22.2825639754479,63.0296452041491,12.2513198581691,14.6612352198307,9.35397528816518,11.840508308003,29.5843487495415,32.0587276324348,150.094838267169,214.951818171205,87.4968536916048,140.197636991889,7.39852363069305,8.48089918277257,0.688,1,0.489,1,26.1902805040332,75.7606614069472,22.8822257695103,66.8934878219075,11.3592259618756,10.8266016086544,4.29078944829277,5.46477419650311,24.5211629096691,25.6829935209349,129.032014452949,117.215302392518,18.4108740895805,29.8637570187662,7.66992433674441,6.87624014470118,0.812,1,0.724,1,30.9513637271248,94.2171871350258,25.9292901726497,79.4392784284528,13.0812718340147,12.1767531126537,4.4410482613986,6.91123799834998,24.6714217227749,27.1294573227817,171.119672795388,148.273316366522,19.7229096600715,47.7652106698367,8.83976252104114,8.03862618351725,0.82,1,0.772,1,35.5007933464977,108.81358662259,30.9532362001764,97.390090835593,-1.81333405695161,47.5028567430126,-5.12597898716662,47.2461863156236,13.8857119262481,29.3278563104586,13.3840852854694,32.1698759643556,49.3161907999642,52.3721653027902,15.4421443842105,18.7857906788862,1,1,1,1,1.79475117730116,61.7582623266095,2.72668014067954,60.2164668493331,18.3786824613244,40.0799695381525,22.1462031241545,42.4712306048811,59.9635111493084,57.4897867086536,21.701287076828,20.3250274807266,1,1,1,0,-2.14506376804084,52.5094437519467,0.767620070940779,52.1232240632166,15.2106055819065,34.3154451731081,16.6609454714343,34.9328252315927,54.6545075199876,51.3556039922758,19.1048395912016,18.2718797601585,1,1,1,1,-4.87923018945777,52.3149688878205,2.45505364931958,55.0259727438244,14.7662146490162,34.1961531325643,16.6102103452151,35.9634846614502,57.1941990772782,52.5709190945048,19.4299384835481,19.3532743162351,1,1,1,1
418,100,1,1,"L'Ecuyer-CMRG","10407_1843818417_1704915389_443858705_-48948625_-1005360507_522771804","10407_701036790_1682585832_-1748113815_-483274818_-2100936745_416311944",485891084,2069455286,1711665512,1633853822,574862026,604371396,876169125,23.1779999999999,2.71500000000015,2.45199999999932,0.850999999999658,1.3779999999997,123.964999999999,1,NA,"3835e552db3f","not-a-git-build","bbd3d4119dab4c61438d29ca56ae93a0","confirmatory",177.108999999999,16.3948232568167,12.8581452466735,14.3477350803934,8.72813284136216,34.378995448226,28.8363269096237,268.790229622259,165.331899184553,205.857501937151,76.1803028964646,9.51580723805234,7.40440117341329,0.418,0.999,0.534,0.998,24.8756542704315,73.4418126171739,20.4654786614565,62.0756653724771,19.7680136335946,14.4748214243907,18.2749531132478,10.7184974143392,38.3062134810805,30.8266914826007,390.774363017981,209.520455268001,333.973911291407,114.886186821195,11.6926817019672,8.31080995121744,0.276,0.997,0.479,0.998,25.7221805326759,75.7775398871577,21.4322582698253,65.2465944403973,16.7605378113875,15.3047359936119,11.8575470127446,8.9010556876461,31.8888073805773,29.0092497559076,280.91562772695,234.23494383416,140.601421159449,79.2287923545769,9.78133340250881,8.91491690044414,0.682,1,0.63,1,34.1936889687022,98.0785218530376,28.1229470723372,83.6769621624372,21.5802522867193,19.2104520106795,16.6663999622102,12.760432965617,36.6976603300429,32.8686270338785,465.707288758454,369.041466454621,277.768887700361,162.828649470006,12.7613421222601,11.1654939782028,0.666,1,0.584,0.999,43.1596487599852,124.84581829739,33.2765465964089,100.56814135656,6.1877199531287,63.7828101304623,4.92749352303439,50.7488559200858,23.8186105891639,44.4568925242036,21.2771714447643,36.5944277893885,57.5950901773336,45.8213623970514,20.6382819350397,15.3172563446242,1,1,0,0,8.28828242993356,65.4906600650303,5.43473208231144,54.4405067954367,28.5996084923196,48.8418518732449,23.4216939432786,38.9146843021139,57.2023776350967,49.0057747131253,20.2422433809252,15.4929903588354,1,1,0,0,5.41535970842689,59.6184740372134,6.51486097300323,52.6006564906466,22.4345855264818,40.7698926519077,21.4961491891689,35.9225320903064,54.2031143287865,46.0857955176434,18.3353071254258,14.4263829011375,1,1,0,0,6.76422317873826,67.3365640456945,9.38597956196051,54.5661850428791,26.6801233859042,46.7060301235099,24.9557501806999,40.62739040833,60.5723408669562,45.1802054809186,20.0259067376057,15.6716402276301,1,1,0,0
419,100,1,1,"L'Ecuyer-CMRG","10407_-288656027_1190239343_1955344461_-651238335_1991816448_-1004215624","10407_2033554777_1951179315_1746389873_-1312510912_-1900808847_-439153643",1711665512,1633853822,574862026,604371396,876169125,954582449,1698884949,22.6660000000002,4.0619999999999,2.8730000000005,0.942000000000007,1.52400000000034,121.098,1,NA,"3835e552db3f","not-a-git-build","bbd3d4119dab4c61438d29ca56ae93a0","confirmatory",174.651,8.69138335059072,10.8348802241533,-1.5398383375878,-6.35250218398557,18.8468737701302,14.0241250876807,75.5401445469255,117.394629471748,2.37110210590515,40.3542839975415,6.06175395658303,6.61392178642014,0.871,1,0.707,1,27.468923064748,76.3037358895918,24.1363040428005,67.4351921094992,9.28839819027471,8.754328326281,1.81783099588727,-0.274314166701398,22.2045431036053,20.1023131049649,86.2743409410986,76.638264444326,3.30450952960849,0.0752482620530824,6.33783111538397,5.87806634614351,0.853,1,0.821,1,26.7643222658149,79.8561993766437,23.9217451592123,72.9903889290397,16.2465569044981,12.600190306899,-0.924889316569253,-8.8984552551507,19.4618227911488,11.4781720165156,263.950611251096,158.764795770072,0.85542024790394,79.182505927919,10.0475310045313,7.74601316799426,0.72,1,0.653,1,36.5928210225995,111.582443717414,27.2799617269163,83.1806907653085,15.765572607004,13.5620778629575,-0.22579565201832,-6.81319678926646,20.1609164556997,13.5634304823998,248.553279626714,183.929955960923,0.0509836764703782,46.4196504892708,9.93270636606854,9.05436544024413,0.758,1,0.856,1,37.3441372124524,112.981585996464,38.9623751632318,109.687704605386,-12.550117990675,51.5076415494912,-16.4449448715819,41.6272104032715,7.21038797157555,30.2079485177914,3.81772694665053,24.0275196178748,64.0577595401662,58.0721552748534,22.9975605462159,20.2097926712243,1,1,1,1,-9.72941828189612,57.3031746926425,-13.4705779818631,49.475333766545,12.3376361305424,31.9320813706664,11.5525072922077,29.8647118091286,67.0325929745387,62.9459117484081,19.594445240124,18.3122045169209,1,1,1,1,-13.9202893087359,50.7352288171066,-19.3653806628528,39.9230787393517,8.86829811829108,31.2334514010428,1.47144890636153,21.3421802187921,64.6555181258426,59.2884594022045,22.3651532827518,19.8707313124306,1,1,1,1,-12.9385200391552,53.4670523983762,-22.1980123421946,48.7770163555299,8.57770081057295,31.2552104333393,-0.533543103481846,27.1673821908132,66.4055724375314,70.9750286977244,22.6775096227664,27.7009252942951,1,1,1,1
420,100,1,1,"L'Ecuyer-CMRG","10407_-476613405_1757143402_-997212705_1261581874_1540723607_-349622591","10407_-209030020_953194917_-907350299_1131444264_295942919_-664955420",574862026,604371396,876169125,954582449,1698884949,338103830,1894589427,23.6729999999998,2.47900000000027,2.4369999999999,0.841000000000349,0.9399999999996,119.956,1,NA,"3835e552db3f","not-a-git-build","bbd3d4119dab4c61438d29ca56ae93a0","confirmatory",173.27,20.5957687545664,11.8190546166646,19.1193377414063,-7.51670988480982,39.0538254013639,12.3494438747531,424.185690591575,139.690052031701,365.549075669965,56.5009274923976,12.582847493448,7.04307040048606,0.152,0.974,0.636,1,21.4410032798835,65.6356449282899,23.1816477791816,69.207763168154,25.0671695973337,10.7124815380995,23.9693794166405,-5.58801788536996,43.9038670765981,14.2781358741929,628.362991621492,114.757260704123,574.531149618869,31.2259438872146,15.8005123598895,6.57933506627821,0.049,0.957,0.705,1,24.3204989964056,69.9454906509644,24.1945769734131,71.3512671685621,26.2238514616107,11.0213974776849,25.1916625199301,-6.36128858703754,45.1261501798877,13.5048651725253,687.690385480621,121.471202361119,634.619860518052,40.4659924875741,16.1911640819015,7.0387593695174,0.073,0.989,0.75,1,27.6960430136857,84.5098797313376,27.1168842674781,81.8617906871322,21.6538580058656,11.4385451198728,20.1773545567989,-6.71792966211435,40.1118422167565,13.1482240974485,468.889566538191,130.840314459365,407.125636910775,45.1305789451158,12.9879404116342,7.39549500323047,0.222,0.987,0.746,1,25.2821003557108,83.0166621834974,29.0524852709987,87.4705427025786,11.2862325970649,63.8310732588233,-17.9844290668833,42.7034521002329,30.365672989868,47.9996903409579,3.26802102234797,22.5498456368195,52.5448406617584,60.6878811671161,17.6340173510899,19.2818246144716,1,1,0,1,14.0852317256489,71.1181321204603,-14.5247188695853,43.4172097181572,34.4338935116342,54.2541959233978,3.22857212238498,24.5924844929279,57.0329003948114,57.9419285877425,19.8203024117636,21.3639123705429,1,1,0,1,21.4199932702643,68.2962803512816,-12.0218583439153,43.7601914951214,37.2419921967481,53.560226358762,3.30158997874723,22.8509093637654,46.8762870810173,55.7820498390367,16.3182341620139,19.5493193850181,0,1,0,1,15.6642934815238,67.7922244120919,-14.1313108852203,43.8310640630208,30.3966100254466,48.482532288631,2.02627432892171,22.2245336383821,52.1279309305681,57.9623749482411,18.0859222631845,20.1982593094604,1,1,0,1
421,100,1,1,"L'Ecuyer-CMRG","10407_-1500712536_-816121441_-2062823242_303344704_-1678506180_-625256883","10407_-211920865_1279347383_-1923933582_-88521089_193981664_-1051659212",876169125,954582449,1698884949,338103830,1894589427,1592666461,1520438966,23.2870000000003,3.33799999999974,2.86599999999999,0.923999999999978,0.939000000000306,119.625,1,NA,"3835e552db3f","not-a-git-build","bbd3d4119dab4c61438d29ca56ae93a0","confirmatory",173.536999999999,8.96746608864399,9.51286677990445,4.9206416413962,-2.91872944881692,25.1975660436583,17.3871075838859,80.4154480509799,90.4946343722096,24.2127141630423,8.51898159539113,5.76200812173757,6.48208609491254,0.778,1,0.833,1,22.3894862705406,67.3338615382427,27.838788748769,79.4937868573438,9.96878073024163,9.55268531970703,5.68910519714287,-1.60903239492407,25.966029599405,18.6968046377787,99.3765892476369,91.2537968173463,32.365917944158,2.5889852479151,6.40872427651848,6.46539069809446,0.779,1,0.822,1,25.5499316286598,73.5545823756827,26.7804408516524,79.1353624424935,10.387417650482,13.7222371901836,2.86522944997428,-5.2063177193953,23.1421538522364,15.0995193133075,107.898445445545,188.299793503657,8.20953980099993,27.1057441952894,7.24700092940416,8.94936919700833,0.875,1,0.799,1,32.031513026971,91.411389005808,35.741964228847,105.748788056203,10.2090628889842,19.291052211503,5.41691506277052,-10.2247463824292,25.6938394650327,10.0810906502736,104.224965071235,372.144695426934,29.3429687972702,104.545438584999,8.06181030821737,11.9574868183023,0.922,1,0.74,1,35.6504900327971,113.443483056769,44.1038125158552,132.051411891676,-3.3939034006419,52.2034228940097,-17.2155567116383,50.9895447192324,16.1761219051289,34.5490064716663,5.00666536347207,29.5945107689644,55.5973262946516,68.2051014308707,18.3728845665374,24.5878454054923,1,1,1,1,-3.03102694632913,55.0770635068793,-13.7685879326097,49.0394903039487,15.7152201164069,36.3116653416477,7.29480177810995,29.9150401706396,58.1080904532084,62.8080782365584,20.5964452252408,22.6202383925297,1,1,1,1,-4.04883509184947,50.2498664013756,-16.5802407734355,54.8612453733349,13.0426821654857,33.2360221489555,2.23365463299244,26.1940641428292,54.298701493225,71.4414861467704,20.1933399834698,23.9604095098367,1,1,1,1,-5.73254697925922,57.3276576313805,-29.6904715679845,51.0110714525371,14.7418770584478,36.6776088058944,-2.38259482330147,23.7449190083996,63.0602046106397,80.7015430205216,21.9357317474465,26.1275138317011,1,1,1,1
422,100,1,1,"L'Ecuyer-CMRG","10407_-889811051_1548648567_1471678403_-377661158_-1199487669_1621843281","10407_386751955_-423184202_1030398205_1523012154_240983638_-1616332036",1698884949,338103830,1894589427,1592666461,1520438966,505058611,1274362706,24.3429999999998,3.94500000000062,2.45399999999972,0.820999999999913,0.832999999999629,127.037,1,NA,"3835e552db3f","not-a-git-build","bbd3d4119dab4c61438d29ca56ae93a0","confirmatory",179.705999999999,14.8485205831179,12.6163854300291,-13.0242628476956,9.0955937446731,6.76844354401396,28.9727916164208,220.478563507275,159.17318131905,169.631422725865,82.7298255681364,8.63210606452671,7.31059608162159,0.408,1,0.565,1,22.2116672366517,67.5929769783203,22.0080772892623,62.3323477383648,14.3871108318963,13.9891942277425,-12.607852457132,10.8084507246438,7.18485393457761,30.6856485963915,206.988958089267,195.697555141504,158.957943580809,116.822607067054,8.52153255361138,8.12624080477591,0.496,1,0.508,1,25.3407511361156,75.6150034088947,22.3475446612077,66.1108775286302,14.8259335211444,14.322157458017,-12.5146523087295,10.959892283284,7.27805408298015,30.8370901550317,219.808304773394,205.124194252231,156.616522408388,120.119238861188,9.03006735978556,8.38276822509794,0.628,1,0.581,1,31.1831153516846,92.7145632472301,26.7055501544297,74.9733482561828,17.0646400883647,15.1087554892232,-14.8913428608964,11.0923874578244,4.90136353081318,30.9695853295721,291.201941345425,228.274492433132,221.752092200771,123.041059514501,10.1572866504024,9.10543840240594,0.489,1,0.645,1,30.3119558335273,95.0773767073336,30.9280789585577,93.499716687958,-24.4404992619247,34.3790041951384,1.73358161959903,53.4213585394286,-1.73817731946158,16.7718269048685,19.8352131488065,38.4831574421252,58.8195034570631,51.6877769198296,18.51000422433,18.6479442933187,1,1,0,1,-21.7359892553685,39.8885088053635,3.60168225821333,60.5381725322955,-2.59253978513553,16.3695926923237,21.5297704874814,39.4870468684976,61.624498060732,56.9364902740822,18.9621324774592,17.9572763810163,1,1,0,0,-21.4216514202876,36.3861980715157,5.37733944210897,55.8529012179644,-2.27689404749471,16.9164926246946,21.8994482981383,40.0941739397324,57.8078494918033,50.4755617758555,19.1933866721893,18.1947256415941,1,1,0,0,-22.0702276392782,38.0422749838987,0.885583199298075,60.4038192957575,-6.040030713407,14.7144319397826,21.3897806462668,41.4707691103951,60.1125026231769,59.5182360964594,20.7544626531896,20.0809884641283,1,1,0,0
423,100,1,1,"L'Ecuyer-CMRG","10407_-1902657997_-1932631546_-565904770_-2141853725_2062388485_362194366","10407_1058958513_-1038031721_-1631130730_184516397_135305622_69065570",1894589427,1592666461,1520438966,505058611,1274362706,2061050839,665648602,23.2910000000002,2.52099999999973,3.51199999999972,0.932999999999993,0.952000000000226,122.209000000001,1,NA,"3835e552db3f","not-a-git-build","bbd3d4119dab4c61438d29ca56ae93a0","confirmatory",174.005,13.2845947575659,14.042527150469,11.0669511529197,-11.2722576342684,31.0466506888665,8.6286865301936,176.480457872746,197.192568771658,122.477407821112,127.063792173323,7.67712849419172,8.17592306646575,0.457,1,0.486,0.999,20.59397047483,59.8454912287492,21.5845104048853,65.5838499277786,21.3490597493771,12.9404243397743,19.9855353892776,-9.35825565439292,39.9652349252243,10.5426885100691,455.782352182474,167.454582093424,399.421624796065,87.5769488929771,13.2071318724929,7.57651913326101,0.113,0.915,0.561,1,21.3009148808568,63.0236605073806,23.4426014915834,69.7883657746779,15.9542231663593,17.6851230192749,13.9329164748509,-14.1377887981671,33.9126160107976,5.76315536629492,254.537236841996,312.763576206886,194.126161495172,199.877072101579,9.36031357859045,10.3562447150669,0.454,1,0.474,1,26.0131743421803,81.2689962521598,27.799493906672,83.9849216889865,17.3197693812987,16.9576920624004,15.7831405704228,-12.6393186809116,35.7628401063695,7.26162548355039,299.974411421372,287.563320083196,249.107526265725,159.752376717642,10.4187684941508,10.1883553817863,0.537,1,0.629,1,32.8768343325531,101.3542086161,33.821151175512,102.40218503336,8.68708182245323,52.9344589859789,-19.7756898310413,34.3564077896616,23.742432400668,38.4820643920606,0.328041008246142,18.5616296196319,44.2473771635256,54.1320976207029,14.7396319913926,18.2335886113858,1,1,0,0,17.7076828253829,64.2518127279948,-13.9438541888446,37.2352819111305,32.1477365560629,47.2203029631617,1.09208784813552,19.4663391119956,46.5441299026118,51.1791360999752,15.0725664070988,18.37425126386,1,1,0,0,11.1068888449791,58.1335402938956,-16.9932406071602,31.4417260837373,26.4427145687775,41.3309829711027,-2.66065092141603,14.3395416632717,47.0266514489165,48.4349666908975,14.8882684023252,17.0001925846877,1,1,0,0,8.77729620894404,61.090036556491,-19.2840049287226,35.4063938795276,26.55980242012,45.5045518926098,-2.56948651222121,16.3908653753618,52.312740347547,54.6903988082502,18.9447494724898,18.9603518875831,1,1,0,0
424,100,1,1,"L'Ecuyer-CMRG","10407_-1982395307_-386241238_-1589102118_1948005993_-1829284460_1116928170","10407_464940191_1141505239_1462067816_-1525063975_-1157009030_-1640477315",1520438966,505058611,1274362706,2061050839,665648602,130779769,1266146221,23.9870000000001,2.51199999999972,2.44599999999991,0.906999999999243,0.820999999999913,123.079,1,NA,"3835e552db3f","not-a-git-build","bbd3d4119dab4c61438d29ca56ae93a0","confirmatory",175.287,8.70619826972553,8.90763128039086,-2.72120456707936,-1.23669594611274,17.4261722506403,19.1270280025631,75.7978883117717,79.3458950273976,7.40495429589356,1.52941686313169,5.82160070599209,5.57935093874441,0.833,1,0.724,1,24.8135076584346,69.9982483123528,21.0478557037709,61.4181884318894,8.10294700898989,9.28199858645168,-0.146260625918881,0.181499745704102,20.0011161918008,20.5452236943799,65.6577502304982,86.1554977588909,0.0213921706941828,0.0329421576906536,5.6237693905244,6.33240929877156,0.866,1,0.844,1,24.2570292988884,71.1767611227783,26.9710202135779,77.3365700988426,9.51381605435294,10.4399091580424,-3.45205812144886,-2.55542305451972,16.6953186962708,17.8083008941561,90.5126959160638,108.991703228177,11.916705273861,6.5301869875709,7.15090393374016,7.05790939404752,0.899,1,0.813,1,30.689992987107,97.4187606246456,28.2703723719451,87.5747022677392,11.4390478826036,11.8737445748871,-5.80511627848651,-1.07630458201055,14.3422605392331,19.2874193666653,130.851816460498,140.985810229661,33.6993750067491,1.1584315532569,8.2994622434164,8.31757960724955,0.87,1,0.842,1,35.101652158807,109.604498954544,35.1517908965043,105.605802143516,-8.48949830626027,49.3723864900591,-4.98320492640567,40.7386040677009,6.97689130461173,27.5615232165909,10.7996381557848,27.7605094450565,57.8618847963193,45.7218089941066,20.5846319119792,16.9608712892717,1,1,1,1,-7.85183045828611,45.4214500696954,-8.80019691076133,55.8543361102606,11.4048019290193,28.6759969587848,8.9781713971947,30.6070165819793,53.2732805279815,64.654533021022,17.2711950297655,21.6288451847846,1,1,1,1,-15.8618090734766,47.0422158053185,-11.9264248518901,45.4500191402026,5.42481347268282,28.2049713265066,7.8870568161907,27.3070124287642,62.9040248787951,57.3764439920927,22.7801578538238,19.4199556125735,1,1,1,1,-20.1932011068994,44.8765289123531,-11.9772254971837,53.2534310258606,1.98328660000088,25.616230843565,9.08162496076611,30.2912325220991,65.0697300192525,65.2306565230442,23.6329442435641,21.209607561333,1,1,1,1
425,100,1,1,"L'Ecuyer-CMRG","10407_-1903292580_652119392_-2000366898_1450694234_999969435_222516504","10407_262694426_-1087829251_-1120391646_437627906_2105937698_206859597",1274362706,2061050839,665648602,130779769,1266146221,1188714716,768035927,23.4580000000005,2.51800000000003,3.47500000000036,0.867000000000189,0.925999999999476,123.58,1,NA,"3835e552db3f","not-a-git-build","bbd3d4119dab4c61438d29ca56ae93a0","confirmatory",175.603,11.8616033909688,28.466642733779,-8.35315999838493,27.402717228365,11.521948865639,47.2522920828395,140.697635004642,810.349748532613,69.7752819586181,750.908911497734,6.97736024472114,18.1369825441303,0.61,1,0.024,0.963,21.8671985062541,63.3624140623657,26.5540554114883,78.9238657073896,13.0338169147455,29.6037763978375,-10.0312827678948,28.6533919004833,9.84382609612921,48.5029667549577,169.880383367106,876.38357701316,100.626633969462,821.016867402681,7.66429065934355,19.3089066638904,0.558,1,0.01,0.873,23.5618801193367,69.721201518995,25.7362486935546,76.4620710573831,11.70490312311,30.5163528415952,-6.2374848224971,29.0085269949158,13.6376240415269,48.8581018493902,137.00475712139,931.247790752735,38.9062169108817,841.494638414756,7.7361571305984,18.3320389393454,0.786,1,0.121,0.987,30.4833538093356,92.5999602931049,35.2072633854504,108.479562731018,14.4018240358205,32.3597296833612,-9.59213414073264,31.7511513269708,10.2829747232913,51.6007261814452,207.412535558736,1047.15210518021,92.0090373738088,1008.1356105882,9.48614715008462,19.8005671909088,0.755,1,0.02,0.998,36.5907638170906,111.891688440882,35.9679522191416,115.642717162098,-16.1090073051973,34.9079992791601,8.56041637054778,76.1041052384396,2.72175799288728,21.0797442734565,36.5961766036122,59.4033229743559,51.0170065843575,67.5436888678918,18.3579862805692,22.8071463707437,1,1,1,0,-17.8385053970539,37.8814981955416,15.7263997745893,78.0904204614437,0.124401358493522,19.2323872059634,38.90066212219,59.0967707454234,55.7200035925955,62.3640206868544,19.1079858474699,20.1961086232335,1,1,0,0,-16.9545256112002,45.2530837253206,19.7387954133314,83.9207606581468,2.64104044831396,24.8516754456895,38.5071211383411,58.2204333180143,62.2076093365208,64.1819652448154,22.2106349973755,19.7133121796732,1,1,1,0,-22.440654453891,50.2186396760654,19.1573063301061,83.2380815409115,-1.86263327462807,21.2270908465637,40.6742682031152,62.0067074700161,72.6592941299564,64.0807752108053,23.0897241211918,21.3324392669009,1,1,1,0
426,100,1,1,"L'Ecuyer-CMRG","10407_1239261194_-1861322748_-300571531_698289392_546502593_-1317546246","10407_-775390385_1829005833_-206964307_-290280550_-130646083_1795868718",665648602,130779769,1266146221,1188714716,768035927,403059360,537107251,23.4440000000004,2.45100000000002,2.47999999999956,0.86200000000008,0.829999999999927,121.962,1,NA,"3835e552db3f","not-a-git-build","bbd3d4119dab4c61438d29ca56ae93a0","confirmatory",174.905,14.1375532984927,8.95068823378671,11.8146484804635,-2.28210625772428,31.9126500164185,17.8025860779694,199.870413267723,80.1148198584479,139.585918716919,5.2080089715443,8.23722329037936,5.73912030736421,0.477,0.996,0.79,1,22.1691545645148,64.8079388436255,23.1534783275141,65.1432267305664,19.296365439229,8.95722222163292,17.7768551162731,1.2136400192696,37.874856652228,21.2983323549632,372.34971916427,80.2318299277147,316.016577824964,1.47292209637273,11.4609160505133,5.64062532216142,0.273,0.987,0.683,1,25.0238642246978,70.6333629437745,20.1007228145756,63.8900688724641,15.7403409182091,9.72397219209935,14.2280044314614,-0.918514599346217,34.3260059674164,19.1661777363474,247.758332221447,94.5556351927214,202.436110101686,0.843669069212142,9.48076721636515,6.68119302758443,0.539,1,0.831,1,29.8638033901522,90.82557080464,27.4567265432911,84.3590501794846,15.7740966483614,10.6504216896117,13.7474593565678,-2.95759771622475,33.8454608925228,17.1270946194689,248.822125071845,113.431482166552,188.992638760485,8.74738425101788,9.50941681643307,7.16727707323485,0.564,1,0.826,1,29.7280469460983,94.3013848373973,29.3455794041503,86.9368040220765,5.58369282844819,60.5111159753426,-8.74939228988579,43.9273212214879,22.6625067285833,41.1902967048958,7.6216706004428,28.3057309153841,54.9274231468944,52.6767135113737,18.5277899763125,20.6840603149413,1,1,0,1,12.2198650777714,71.4883035957553,-5.30509829493078,46.7916475155969,26.78531879857,49.3236711562579,14.5260551957721,28.5958815068341,59.2684385179839,52.0967458105277,22.5383523576879,14.069826311062,1,1,0,1,4.00500522864512,62.2294132926116,-6.70330038200708,47.665278290281,23.8027729162934,44.6030257716728,9.62924112875833,28.0655574487122,58.2244080639665,54.3685786722881,20.8002528553794,18.4363163199539,1,1,0,1,1.93944460120146,64.2436287042395,-10.9482584907501,47.7183347364008,23.8290963130341,44.3379451851069,6.62883427420713,26.7045222193199,62.304184103038,58.6665932271509,20.5088488720728,20.0756879451128,1,1,0,1
427,100,1,1,"L'Ecuyer-CMRG","10407_-70986900_-975494834_-1912931385_-1592387701_-1385530580_163991347","10407_-336194249_53560408_-1781600564_-620056126_1932195137_-1688780184",1266146221,1188714716,768035927,403059360,537107251,2122968996,983644305,22.884,2.5619999999999,3.08600000000024,0.908000000000357,0.920999999999367,122.258,1,NA,"3835e552db3f","not-a-git-build","bbd3d4119dab4c61438d29ca56ae93a0","confirmatory",173.238,13.0732644116428,11.7652561590704,-10.0946584315283,-7.6136773579194,10.4575126070918,12.6417750870773,170.910242376726,138.421252488545,101.902128849225,57.9680829104945,7.68554034998308,7.05927997293062,0.549,1,0.628,1,22.9643060293142,67.3951343806576,24.0829672148523,70.3328964301319,12.1822045211595,11.874256414721,-8.60783338786563,-7.76249892465498,11.9443376507545,12.4929535203417,148.406106995358,140.997965402542,74.0947956332542,60.2563895552697,7.25578244903313,7.35129144885854,0.646,1,0.701,1,24.3570676371565,70.5679816702194,26.4934760834902,78.9235265638837,13.0794761682249,14.9182932697473,-9.87299716019083,-10.0810975901997,10.6791738784292,10.174354854797,171.072696835163,222.555474082187,97.4760729251362,101.628528623131,8.22061974559752,9.38062137751217,0.73,1,0.735,1,30.9467026208998,91.477230092086,34.89644063215,104.549699836885,11.8120733222942,12.2915985657798,-7.47767886357849,-4.73772588144064,13.0744921750416,15.5177265635561,139.525076171255,151.083395302279,55.9156811868085,22.4460465276725,7.98922553087718,8.18851986658484,0.8,1,0.812,1,31.7223155031372,99.6140879682914,32.3815310309957,99.0062583569229,-17.3824969488254,38.67552336019,-15.8488692238714,46.2038707052531,0.867422193977229,19.4005858517231,1.69874445075167,23.370783075251,56.0580203090154,62.0527399291244,18.5331636577459,21.6720386244993,1,1,0,1,-15.1872662992512,40.9911082266362,-24.5694942105372,43.3368227924441,1.92074096663448,22.2271560469289,2.00365339196817,24.4263946910161,56.1783745258874,67.9063170029814,20.3064150802944,22.4227412990479,1,1,1,1,-19.8022083827257,41.8166561505125,-25.2012425116073,40.5776552282874,-0.509403950285095,21.8088958015911,-1.2901863180175,22.8157665153916,61.6188645332381,65.7788977398947,22.3182997518762,24.1059528334091,1,1,1,1,-20.7712532256465,47.9348766455191,-18.0787509911909,49.6828447021018,2.04621714426353,24.3623385085629,4.73112688680199,26.9400354962499,68.7061298711655,67.7615956932927,22.3161213642994,22.2089086094479,1,1,1,1
428,100,1,1,"L'Ecuyer-CMRG","10407_-1799656041_2111947406_502913743_-681499127_788337369_-338450994","10407_1904838632_1450689952_1620603186_1390346861_681060031_793093050",768035927,403059360,537107251,2122968996,983644305,690568592,1918945769,23.7349999999997,2.46400000000085,2.45300000000043,0.877000000000407,0.989000000000487,124.007000000001,1,NA,"3835e552db3f","not-a-git-build","bbd3d4119dab4c61438d29ca56ae93a0","confirmatory",176.904,9.87020198377768,12.1710807735122,-4.87947514665174,-8.96453001092537,15.2791806725334,11.3836357427676,97.4208872005688,148.135207195358,23.8092777067921,80.3627983167816,5.75937136988211,7.01293348273528,0.624,1,0.515,1,18.1378514749733,53.957435548428,19.356251741217,55.4893840617178,9.17058265558216,9.65878720513025,-3.51500497090806,-5.62457853534521,16.6436508482771,14.7235872183478,84.0995862428643,93.2921702739878,12.3552599455083,31.6358837002661,5.49633881385697,5.80369602869403,0.683,1,0.664,1,18.9623701385686,54.5959105589293,19.9708250508446,57.9493907623959,9.11204106607694,12.0869168381385,-1.71743871656703,-9.42043988292883,18.4412171026181,10.9277258707641,83.0292923898727,146.093558652076,2.94959574516342,88.7446875878762,6.27550252683819,7.41217096271884,0.83,1,0.657,1,25.8182138932708,79.9051790112602,25.7197331014317,80.1338306697215,12.5361762630941,12.8355667677338,-2.61460701675102,-9.9431013267879,17.5440488024342,10.4050644269051,157.155715299364,164.751774248952,6.83616985204365,98.8652639947713,7.60784198978745,7.93527577023974,0.697,1,0.656,1,26.3637627152792,84.7338066799556,27.3183572599916,85.2557420700637,-5.80470099771177,35.8490347397969,-9.41161598379326,34.1435174398514,7.77092793642323,22.8583970103353,2.78483385488247,19.617949771208,41.6537357375086,43.5551334236446,15.0874690739121,16.8331159163255,1,1,1,0,-3.65243978092965,36.0799792736324,-8.85677928678976,37.0326653607179,9.9687103598819,24.1113688174252,7.40325635563845,22.8854034324173,39.7324190545621,45.8894446475077,14.1426584575433,15.4821470767788,1,1,1,1,-1.5729315568665,40.4475748589986,-11.9180017084488,36.0301390929698,11.0062321832555,25.4041648424376,2.71121073473405,18.3627556629522,42.0205064158651,47.9481408014185,14.3979326591821,15.6515449282181,1,1,1,0,-5.51061101436712,39.7700919910347,-15.9100141388661,37.776685721531,10.2090364734988,25.5792931078869,2.65724050786876,18.6128574712854,45.2807030054018,53.6866998603971,15.3702566343882,15.9556169634166,1,1,1,0
429,100,1,1,"L'Ecuyer-CMRG","10407_-2124506726_125414717_-1708784324_-89906165_1751026880_1465897437","10407_317830569_1256841144_1455625643_1188348788_-1042924513_-408206330",537107251,2122968996,983644305,690568592,1918945769,1300272474,497857761,23.3939999999984,2.6760000000013,2.50900000000001,1.27299999999923,0.938000000000102,122.795,1,NA,"3835e552db3f","not-a-git-build","bbd3d4119dab4c61438d29ca56ae93a0","confirmatory",174.839,8.14545223191441,9.04262084233911,1.22062874710599,-2.18059728019387,21.429423314628,18.2577128278975,66.3483920623994,81.7689916983057,1.48993453826154,4.75500449838891,5.23017542801412,5.68394000210587,0.768,1,0.749,1,20.824433657471,61.0089920975658,22.5892334763773,61.9797261065851,7.9300561190132,10.9024783241561,0.92749770860074,-6.05754724640328,21.1362922761227,14.3807628616881,62.8857900506987,118.864033608695,0.860251999459623,36.693878642408,5.29576984487666,6.81863469894072,0.812,1,0.711,1,22.0071074697799,64.1430522923363,25.8931527209817,74.1688183291957,10.558539500922,9.40129747284883,-2.66868590910521,-2.47282404640946,17.5401086584167,17.9654860616819,111.482756392531,88.3843941729939,7.1218844814567,6.11485876450086,6.82116145642747,6.6494029944878,0.78,1,0.867,1,25.8558521536698,80.2236754160133,28.4035863754692,86.1935151238763,10.1815061476957,10.6320141245694,-1.89928021503587,-4.2792095906676,18.3095143524861,16.1591005174237,103.663067435564,113.039724345044,3.6072653352267,18.3116347208616,7.12383225513188,7.55352380353663,0.832,1,0.852,1,28.0404264693751,93.4608711285342,31.7838596368327,98.2906479253166,-3.78882313568471,45.7742775066054,-6.09810008472661,44.136642371516,12.5201157115516,29.8131086275712,8.71511886053151,27.1368751866823,49.5631006422901,50.2347424562427,17.2929929160196,18.4217563261508,1,1,1,1,-3.60268957432946,48.0548184205951,-14.7275703107597,46.5718656022778,11.3395689682702,29.6887417733799,2.59739086480498,25.923978559383,51.6575079949246,61.2994359130376,18.3491728051097,23.3265876945781,1,1,1,1,-7.1844468370253,40.9341168684982,-11.376813789547,44.3668387591079,9.17052701019669,26.3548083775932,7.78385180570374,27.8400243342488,48.1185637055235,55.7436525486549,17.1842813673965,20.056172528545,1,1,1,1,-11.1231175014912,43.1755179347172,-16.6985336466615,46.2114004033118,10.1344716485748,27.0270183050647,5.58106388853486,27.1844071221982,54.2986354362085,62.9099340499733,16.89254665649,21.6033432336633,1,1,1,1
430,100,1,1,"L'Ecuyer-CMRG","10407_-1729853252_492656108_-1584191522_-1410056432_-1385093008_-1389328131","10407_-233788296_-600612960_345499744_-288155169_1933801674_1936671215",983644305,690568592,1918945769,1300272474,497857761,1446680747,981802317,22.7110000000011,2.47899999999936,2.48700000000099,0.847999999999956,0.813000000000102,125.952000000001,1,NA,"3835e552db3f","not-a-git-build","bbd3d4119dab4c61438d29ca56ae93a0","confirmatory",179.005999999999,10.144911365922,10.9236358623784,6.2738055667075,6.954025649073,26.4239368817254,27.1496343536955,102.919226622413,119.32582045384,39.36063628885,48.3584727279652,6.63548389675287,6.82703738317146,0.78,1,0.691,1,26.5650962591545,78.4402223938101,24.4303129353312,75.9458277830061,17.6499601047605,18.0912523200614,15.6278207938223,15.767391362235,35.7779521088402,35.9630000668576,311.521091699638,327.293410508126,244.228782763826,248.610630369884,10.2299041303802,10.552295252982,0.379,1,0.365,0.985,26.0481680493141,75.1226156290294,24.7957262438062,70.5994685614441,15.3936521641379,15.7099138131396,11.9592418166239,12.3208135931429,32.1093731316418,32.5164222977654,236.964526950468,246.801392016273,143.023464828486,151.802447596974,9.31906858738998,9.43323402709535,0.637,1,0.601,1,31.9358476800854,96.9948064126078,30.4632232208013,93.3763439699968,15.039206005534,19.6149191057048,11.7226959798035,13.7733123808574,31.8728272948213,33.9689210854799,226.17771727689,384.745051523345,137.4216010349,189.70413394068,9.36993238608384,11.3672641741495,0.699,1,0.594,1,34.2830123907858,102.133715533626,35.2993703033267,104.770286025763,-9.60911723464937,56.2069198534585,-2.20862824055251,59.06822094533,16.2861912909463,38.6198997288943,16.8650780740542,37.0171211843059,65.8160370881079,61.2768491858825,22.333708437948,20.1520431102518,1,1,1,1,5.45810921007167,66.4122400940562,9.12529409843588,64.0458615152494,25.0565561826153,45.8519294805769,26.6918928933184,45.332831945395,60.9541308839845,54.9205674168135,20.7953732979616,18.6409390520766,1,1,0,0,-0.225233827205557,63.7377506464245,3.02123672459424,61.0258730999323,21.6475867593297,43.6719872877488,22.9817570581232,42.5660797687139,63.9629844736301,58.0046363753381,22.0244005284191,19.5843227105907,1,1,0,0,1.14140812602983,63.4136355686165,5.03129240755751,67.7310510855135,21.9445929589757,42.7130493267627,22.6940326467603,44.6838712502557,62.2722274425867,62.699758677956,20.7684563677869,21.9898386034954,1,1,0,0
431,100,1,1,"L'Ecuyer-CMRG","10407_-812438376_217629109_-2011844306_1467178124_1998263919_1196880788","10407_-561829528_733483984_-777068086_-1142460149_1688742820_-1797962648",1918945769,1300272474,497857761,1446680747,981802317,1057074775,286326478,24.4979999999996,2.70200000000114,3.0619999999999,0.856999999999971,0.838999999999942,126.284,1,NA,"3835e552db3f","not-a-git-build","bbd3d4119dab4c61438d29ca56ae93a0","confirmatory",179.860000000001,9.73674466412118,18.072451123564,-5.1190445342635,15.0787669609443,14.9298608989741,35.2076649086927,94.8041966542923,326.613489613609,26.204616943773,227.369213062466,5.87043200098225,10.72457018385,0.711,1,0.307,0.905,20.8255881808893,60.74228554787,19.2152971244541,57.2595314807368,10.380874378623,19.8967684195523,-5.3318706214426,17.3258210690719,14.717034811795,37.4547190168202,107.762552864751,395.881393541292,28.4288443238027,300.184075717495,6.35360831501394,12.2137309406352,0.72,1,0.255,0.838,23.017357400123,68.2535757024773,19.3811070394787,56.2800663696508,15.0451647615689,20.7665886275446,-0.688317168221477,14.6594314261252,19.3605882650162,34.7883293738736,226.356982702753,431.251203225666,0.473780524068433,214.898929737268,9.04557494061127,12.1416735351699,0.706,1,0.471,0.963,31.6614775547861,94.2918709492436,28.8567923836867,87.6065458770153,13.5696728419664,20.6986086690565,0.963475958265978,16.2176715237767,21.0123813915036,36.346569471525,184.136021038001,428.432400834739,0.928285922156544,263.012869653116,8.74685860391375,12.1961741458509,0.775,1,0.398,0.974,34.2543974907162,100.653313637857,29.0032671951469,88.4183737273985,-6.03162217233992,38.7114472611802,14.5595138493979,57.5560570724054,7.49259358912527,22.9630616473723,27.2876644786911,42.6309237183766,44.7430694335201,42.9965432230075,15.470468058247,15.3432592396855,1,1,1,0,-9.45948693669248,40.9541687374166,16.132204932049,56.8813320957072,5.52148383836713,23.7058191792474,31.1763374361272,44.5045829993366,50.4136556741091,40.7491271636582,18.1843353408803,13.3282455632095,1,1,1,0,-3.5888257757469,40.0367439499439,12.949656774479,54.6485980900181,10.837385930858,27.9347348286488,27.3937818288921,42.6418054358698,43.6255697256908,41.6989413155391,17.0973488977908,15.2480236069776,1,1,1,0,-5.48170528431779,46.4167859226432,16.520659805419,57.1530550474086,12.6639593164659,29.659394015001,28.6639309515522,44.4625396006826,51.898491206961,40.6323952419897,16.9954346985352,15.7986086491304,1,1,1,0
432,100,1,1,"L'Ecuyer-CMRG","10407_-2029580984_-164062319_1163686976_-681476013_-1328605768_898267014","10407_557447845_1522449663_1321971901_-430223744_-1529140161_-1982949885",497857761,1446680747,981802317,1057074775,286326478,362381927,1031999540,23.737000000001,2.44000000000051,2.40200000000004,1.50300000000061,1.07899999999972,123.793000000001,1,NA,"3835e552db3f","not-a-git-build","bbd3d4119dab4c61438d29ca56ae93a0","confirmatory",175.773000000001,17.1185994773894,10.1953885684075,-15.3163244067374,-3.10877944864139,4.54271620451395,16.8904384364317,293.046448067276,103.945948060814,234.58979333242,9.66450966029508,10.0672861963813,6.18557314650399,0.323,0.979,0.659,1,22.7503576024035,64.5591213602693,21.5872624145538,63.8871545468735,15.7080813094411,10.6606460616086,-13.8149258777364,3.55387513729427,6.04411473351493,23.5530930223674,246.743818424014,113.649374450891,190.852177007352,12.6300284914784,9.20897924304586,6.52551809738155,0.347,0.99,0.674,1,21.3821036337588,61.3953548818843,23.0785461891087,69.2969817856044,19.1834184786758,11.0383917269704,-17.5295552007959,-0.688039303999108,2.32948541045542,19.311178581074,368.003544528002,121.846091918049,307.285305537752,0.473398083847577,11.3863945943732,7.1039276832923,0.192,0.998,0.784,1,21.8219114826639,73.108203526039,27.9295401602883,81.3102483459186,18.6141871204124,12.427051678152,-16.6971076271996,0.392473958465793,3.16193298405173,20.3916918435389,346.487962153728,154.431613411461,278.793403114288,0.154035808073809,10.9438044852769,8.3826929825706,0.422,1,0.838,1,30.2150547696632,91.4596019033734,34.5941151139794,102.43955736681,-22.9600150749475,29.8296790038443,-7.39879134198292,41.2396098499759,-4.64803279971922,14.0636267733113,7.93071495802138,25.3988467483333,52.7896940787919,48.6384011919588,18.7116595730306,17.4681317903119,1,1,0,1,-17.6376999883786,28.4790237919066,-6.13537484331513,50.5079299455145,-1.97761120841998,14.7641704586422,14.5122104076172,32.7027571948216,46.1167237802852,56.6433047888296,16.7417816670622,18.1905467872044,1,1,0,1,-20.310815009566,25.5220551457209,-5.4856013918955,44.5759971267111,-4.99863694827544,9.18833947693675,9.65101099084632,28.5318976655528,45.8328701552869,50.0615985186066,14.1869764252122,18.8808866747065,1,1,0,1,-23.6358950899942,27.8238998501778,-9.4112014262887,48.4758066066737,-6.95213572887664,12.7579894797075,10.744723214985,30.640760986399,51.459794940172,57.8870080329624,19.7101252085841,19.896037771414,1,1,0,1
433,100,1,1,"L'Ecuyer-CMRG","10407_1179027074_-1724367717_-886639027_-1893936386_1544949826_-160221416","10407_612667410_1212168880_675594290_465431823_-730142073_475541554",981802317,1057074775,286326478,362381927,1031999540,1178194949,354666022,24.1290000000008,2.76299999999901,2.65400000000045,0.829999999999927,0.951999999999316,122.668,1,NA,"3835e552db3f","not-a-git-build","bbd3d4119dab4c61438d29ca56ae93a0","confirmatory",175.581,13.5295742691795,14.1422073637854,-10.9496101838971,-11.2485822569414,9.18181445545274,9.0736075521135,183.049379905245,200.002029120305,119.893963179304,126.530602791178,7.79408627233336,8.15856945193797,0.519,1,0.466,0.998,22.0086238230565,64.8509594818699,21.305444016128,61.8836975821113,14.1017790792132,13.7120446276468,-10.7245424867598,-10.6343979813701,9.40688215259008,9.68779182768482,198.860173198936,188.020167870576,115.015811550316,113.090420426169,8.01978842705996,8.11778501965181,0.543,1,0.587,1,23.3293407620764,68.3389007549142,26.4796602030553,75.7130052809828,12.2598093404175,14.4116998158538,-9.21934057246966,-11.6061986946412,10.9120840668802,8.71599111441379,150.302925063388,207.69709158228,84.9962405911851,134.70384813949,7.57054023742592,8.58215837983594,0.715,1,0.576,1,27.9662376755999,82.1054984879068,26.9743251870245,82.0179813493486,11.4602042819665,13.0854764182188,-7.78360157330903,-10.8260160117911,12.3478230660408,9.49617379726386,131.336282184403,171.229693091761,60.5844534520189,117.202622687557,7.76204612369738,8.37133790845552,0.835,1,0.746,1,32.0383676325974,96.5181192582225,32.1168265566492,96.3174967700018,-17.0564363095875,35.7647825056338,-17.9486775748004,35.0117893074843,0.24362531230059,18.234425832269,-0.311261811458337,17.3673468321017,52.8212188152213,52.9604668822847,17.9908005199684,17.6786086435601,1,1,0,0,-14.291507081796,34.4946448658355,-21.7271503007865,43.2623547952304,0.433394105176097,18.5676639855674,-0.70209804001335,20.3266479409424,48.7861519476315,64.9895050960168,18.1342698803914,21.0287459809558,1,1,0,1,-16.1051549564979,38.3564919115356,-15.9865796068772,35.950642962437,2.1482748103644,19.9309024963174,-0.238456715256417,17.5916889672418,54.4616468680336,51.9372225693142,17.782627685953,17.8301456824982,1,1,0,0,-16.42396139368,36.3443327296864,-18.86167432179,41.9760621350947,2.77272232890805,22.3286794809578,-1.68147820576295,19.2917748440219,52.7682941233664,60.8377364568847,19.5559571520498,20.9732530497849,1,1,1,0
434,100,1,1,"L'Ecuyer-CMRG","10407_-466344698_-1644824604_1860879508_1460780430_-1150345123_-1984880636","10407_-403891989_1399928470_1160515815_1062822788_-1178593389_1413048279",286326478,362381927,1031999540,1178194949,354666022,768591267,747419050,23.6539999999986,2.46899999999914,2.44000000000051,1.25400000000081,0.836999999999534,120.097,1,NA,"3835e552db3f","not-a-git-build","bbd3d4119dab4c61438d29ca56ae93a0","confirmatory",170.118,15.4137893807285,9.05258321775114,13.4010993895231,-3.61017402891557,32.9678258443778,16.2388544007826,237.584903073458,81.9492629143096,179.589464847876,13.0333565190564,8.96366607266068,5.86438721683979,0.44,1,0.803,1,23.8700180620975,67.7347943443186,24.0353468471569,67.8334388786027,16.2866775203345,8.4893697139151,14.4170562210117,-0.800218767345278,33.9837826758665,19.0488096623529,265.255864651369,72.069398139539,207.851510079813,0.640350075611596,9.49179610959185,5.62848857527227,0.377,1,0.822,1,23.9568476623783,69.6500752279891,23.4368231604684,66.1690793065549,17.0925966917079,8.86003285191211,14.3506148113289,-3.49974121079146,33.9173412661836,16.3492872189067,292.156861665383,78.5001821369619,205.940145463132,12.2481885425121,10.1029142641402,6.2598121995698,0.531,1,0.835,1,30.8175231438804,91.7567586767715,25.8260008824953,80.4864843859644,13.4913116851145,9.51812447121031,10.694759893384,-3.44895869344973,30.2614863482387,16.4000697362484,182.015490984907,90.5946934494526,114.377889177135,11.8953160691225,8.59604043263127,7.05546562515071,0.699,1,0.887,1,31.087867970704,99.6301298407123,30.4817391262163,93.6476441323257,4.92894077395429,59.4770523387026,-10.6182565876936,43.4664780319287,22.7600022303908,42.7075652208925,6.409762951607,26.7175864183896,54.5481115647483,54.0847346196223,19.9475629905017,20.3078234667826,1,1,0,1,6.49627880892479,62.5437208643094,-7.3795779423289,48.5017893175554,24.1367294081716,43.6556362708412,9.41914620186462,29.2236871154397,56.0474420553846,55.8813672598843,19.5189068626697,19.8045409135751,1,1,0,1,4.30058480372689,60.2373058013816,-12.7970281505012,45.8102403228748,24.7892045666267,44.4727848844551,6.88724211271736,25.9841875659981,55.9367209976547,58.6072684733761,19.6835803178284,19.0969454532807,1,1,0,1,-1.55447576472016,62.108828099254,-14.1770111391334,47.6313135294503,19.5405182539508,41.3731057510619,6.06458618510983,27.4507670805264,63.6633038639742,61.8083246685837,21.8325874971112,21.3861808954166,1,1,1,1
435,100,1,1,"L'Ecuyer-CMRG","10407_1233392064_-334704035_-1090012847_926495698_-425345057_-1732282135","10407_-466860147_-309249859_-314487516_298906038_-64947130_-1447115256",1031999540,1178194949,354666022,768591267,747419050,1373017997,2132631588,24.8680000000004,2.57700000000114,2.93199999999888,0.938999999998487,0.925999999999476,122.386,1,NA,"3835e552db3f","not-a-git-build","bbd3d4119dab4c61438d29ca56ae93a0","confirmatory",176.860999999999,27.9472236670956,9.59928693101848,26.9332477527248,-3.65509816200078,46.3141521587425,15.8155667959562,781.047310698671,92.1463095840222,725.399834509656,13.3597425738615,18.3568754578027,6.0572137498197,0.021,0.827,0.731,1,24.3828792528906,68.9005631169202,22.4025722105186,69.1816647989013,34.3799338955325,9.65822376031346,33.6354144374167,-2.68255188697108,53.0163188434344,16.7881130709859,1181.97985466118,93.2812862042834,1131.34110437678,7.19608462629212,24.2493037759859,6.15211147973516,0,0.574,0.756,1,22.5161748385709,69.5537860981761,23.7990739909216,70.037244577309,30.5393292260124,10.5579053969315,29.632730636731,-3.93313765220428,49.0136350427486,15.5375273057527,932.650629574773,111.469366370556,878.098724989056,15.469571791187,19.1449850355767,7.13695978212219,0.025,0.99,0.829,1,30.8552075405538,93.1229426936037,29.2656679913523,88.3987530755302,30.8093116391486,13.2934384088533,28.6653597941093,-4.59460713482331,48.0462642001269,14.8760578231336,949.213683678179,176.715504729977,821.702852125736,21.1104147233692,18.4825311909541,8.59139914089881,0.194,0.997,0.744,1,35.8200760601676,109.498339368384,31.9591017194551,101.286109870618,20.0549980889367,74.2349736884992,-11.7364201683334,44.4260327627968,36.2496245108362,56.3100914514696,7.23543279943881,24.3869135218078,54.1799755995625,56.1624529311302,20.0604669406334,17.151480722369,0,1,0,1,22.3245305408364,79.1210055043712,-11.1506358975532,42.3349410074421,44.4880907242298,61.7465627672299,7.28935168389607,27.3382083970438,56.7964749635348,53.4855769049953,17.2584720430001,20.0488567131477,0,1,0,1,21.2086235992192,79.0195913200371,-9.71386365311301,45.1420410461965,39.1994481941241,58.7271364563647,5.70740118835404,24.282286463084,57.8109677208179,54.8559046993095,19.5276882622406,18.57488527473,0,1,0,1,18.8661069096363,81.5234877877095,-10.8049900822652,45.1558565701433,37.3749731025306,57.9785794455312,3.9669185371509,25.5948301130359,62.6573808780732,55.9608466524085,20.6036063430005,21.627911575885,1,1,0,1
436,100,1,1,"L'Ecuyer-CMRG","10407_-720147577_1292751297_1838470560_-840311642_-691845369_1716320187","10407_-340621996_1121740527_661910035_992072470_2016164570_2028458825",354666022,768591267,747419050,1373017997,2132631588,1504634164,478862853,23.8410000000003,2.50299999999879,2.43799999999828,0.923000000000684,0.820000000001528,120.915000000001,1,NA,"3835e552db3f","not-a-git-build","bbd3d4119dab4c61438d29ca56ae93a0","confirmatory",174.520999999999,8.92990991826372,10.2142197279341,-2.2360447835099,4.83587622416559,17.9064413571429,25.0105408938009,79.7432911483047,104.330284650518,4.99989627386184,23.38569885545,5.85886420435314,6.15926874933763,0.814,1,0.68,1,24.1217239224739,69.0724062091908,21.7775774787323,63.1273364360734,9.84768122868958,11.0996727273152,-1.88249146977502,6.49122226625501,18.2599946708778,26.6658869358903,96.9768255818851,123.202734653506,3.5437741337757,42.1359665099248,6.3039114988188,6.68770834823894,0.792,1,0.671,1,25.0918891251202,71.9111891980008,22.5564270231877,68.5465196937809,11.9496468402517,10.109523151893,-4.14374097936631,3.30112382509897,15.9987451612865,23.4757884947343,142.794059606737,102.20245835866,17.1705893040797,10.897418508636,7.52772398309518,6.39330259359195,0.753,1,0.746,1,27.9378214995745,86.2538434805625,24.4695568451353,72.1244532999582,16.4129146468321,10.4485599004555,-1.48922302580336,0.949945916868941,18.6532631148495,21.1246105865042,269.383767204195,109.172403993407,2.21778522058291,0.902397244975973,10.0482064093068,7.10717906511665,0.716,1,0.802,1,36.3654023981001,106.654926320271,28.1176906181018,89.6934957438719,-11.7692496052115,44.9686820352349,-3.26346223291298,50.0833406838418,8.04681440296036,27.2803593709818,16.5889334614557,33.7934299427453,56.7379316404464,53.3468029167548,19.2335449680214,17.2044964812896,1,1,1,1,-8.56586969537435,43.7702970591021,-1.42804060207119,55.4982140195772,8.56934311089495,27.9950188617348,18.0153901553843,34.8755875775508,52.3361667544765,56.9262546216484,19.4256757508398,16.8601974221665,1,1,1,1,-12.0135404616996,41.2627471310962,-0.567988114841949,48.2818520758598,6.50933762868353,25.9134263731767,14.4634835881923,31.9860405851654,53.2762875927958,48.8498401907017,19.4040887444932,17.5225569969731,1,1,1,1,-8.34245632466196,45.7758054427219,-2.73932304724626,47.3583423797782,8.33724605314067,28.4126303163529,12.3521757637905,29.7009286411066,54.1182617673838,50.0976654270244,20.0753842632123,17.3487528773161,1,1,1,1
437,100,1,1,"L'Ecuyer-CMRG","10407_297275023_-1910764318_-1694495975_-595940853_-828518681_-1574951053","10407_-879045728_-482155518_-1658406940_627605252_151307955_407031599",747419050,1373017997,2132631588,1504634164,478862853,486668360,1404753946,24.8680000000004,3.60499999999956,2.78299999999945,0.983000000000175,1.00400000000081,118.321,1,NA,"3835e552db3f","not-a-git-build","bbd3d4119dab4c61438d29ca56ae93a0","confirmatory",173.788999999999,28.7802356901972,14.5299886456671,27.4821778559623,10.408204880408,47.9566539486881,31.0898286256445,828.301966383301,211.120570043214,755.270099706745,108.33072883255,18.7251019543142,8.39730700457775,0.035,0.832,0.537,0.992,24.5931823881452,71.3900845281457,22.2421181579991,65.9994516167061,35.0468862441796,21.0723282669977,33.7577103268825,18.2937738161376,54.2321864196082,38.9753975613741,1228.28423541247,444.04301859211,1139.58300651371,334.662160436001,24.1932412015478,12.4934431733217,0.008,0.597,0.318,0.916,24.6754986052086,73.3759504295779,23.7890007420368,69.3899456499755,30.8167808566724,16.1548029015799,28.2793265334149,12.0988572996892,48.7538026261407,32.7804810449257,949.673982368169,260.977656788893,799.720309183506,146.382347958242,18.8265046230671,9.50060253138286,0.167,0.896,0.603,1,31.99662068902,97.868206268775,29.6919467846722,90.9188661868146,36.3288864314938,15.9782443482771,34.6569257736001,11.3081923574671,55.1314018663259,31.9898161027036,1319.78798935238,255.30429245325,1201.10250407683,127.875214393478,23.0630970915099,9.51644898084184,0.035,0.879,0.63,1,31.4627128334859,101.327973008428,30.770743979675,96.4585666020689,20.4861713755865,75.1860015337329,6.3509054411737,56.7068419319412,37.8966933333366,57.7866699066804,21.9046631331609,40.3833528694025,54.6998301581464,50.3559364907675,19.8899765733438,18.4786897362415,0,1,0,0,25.8818665873859,81.4283109916088,12.4542281844836,67.8158681039151,44.4387505080751,64.1892235179654,29.3301447925031,49.8940457665662,55.5464444042229,55.3616399194315,19.7504730098903,20.5639009740632,0,1,0,0,23.1571605248406,74.809236088952,2.54524306416459,61.6028872177967,40.5546234269241,57.1748331480479,22.695926406362,42.656873410475,51.6520755641114,59.0576441536321,16.6202097211238,19.9609470041131,0,1,0,0,27.2918860047511,81.0758985725923,0.0691967062107079,61.8475798516992,46.2457788916736,63.4955597565688,20.8267885380389,42.915384770563,53.7840125678413,61.7783831454885,17.2497808648952,22.0885962325242,0,1,0,0
438,100,1,1,"L'Ecuyer-CMRG","10407_-163689721_831469627_-1272448703_1866774708_-1214332609_-403424881","10407_-2022363584_5213387_-1918611471_-1791825876_-790961514_-1482780700",2132631588,1504634164,478862853,486668360,1404753946,412151088,1206863524,22.8020000000015,3.18099999999868,2.46500000000015,0.834000000000742,1.41899999999987,121.311,1,NA,"3835e552db3f","not-a-git-build","bbd3d4119dab4c61438d29ca56ae93a0","confirmatory",173.897999999999,8.087651040027,8.99739420826231,3.2549651175661,2.65237977131905,22.8666167801178,22.1263122811949,65.4100993452498,80.9531025388722,10.5947979165721,7.0351184513025,5.42770105982133,5.83478623098579,0.822,1,0.749,1,21.8405633911521,66.9689436480344,21.9908877812752,71.0331925729976,9.84014498941251,11.7496472120982,4.91947236900396,7.57353228937841,24.5311240315556,27.0474647992543,96.8284534126601,138.054209608767,24.2012083893934,57.3583913382574,6.15732616144104,7.09956553986377,0.766,1,0.672,1,23.6617217823016,67.7052763877157,24.9164232660519,72.8985247316349,10.5253079223454,11.0206260240883,4.37479883330261,1.38792929298264,23.9864504958543,20.8618618028585,110.782106860186,121.454197962811,19.1388648318659,1.92634772231929,6.68060435177309,7.45953972362141,0.747,1,0.809,1,25.0468277803738,74.9110698556873,30.6346320253158,91.9615811323527,11.2959661649786,10.8047604466025,2.53044184625421,3.89350013162066,22.1420935088059,23.3674326414965,127.598851600342,116.742848308466,6.40313593727441,15.1593432749301,7.71245999056473,7.87294750980068,0.851,1,0.906,1,31.4622239394327,96.9755243204827,34.2083181167235,104.55143493813,-4.01025230014302,50.2089126714161,-9.92892996614703,51.4185006991993,13.8240488756272,31.4334408569878,13.4860175468651,31.3476225998606,54.2191649715591,61.3474306653463,17.6093919813607,17.8616050529955,1,1,1,1,-0.604883372592847,50.1284932662743,-4.39878976784131,54.3797518979139,15.7052809263442,33.5266606069065,16.1401377253241,37.4453878138102,50.7333766388671,58.7785416657553,17.8213796805623,21.3052500884861,1,1,1,1,0.274397988640454,47.7330253735783,-9.24662217465639,56.4270802561777,15.6977466584845,32.9878788503504,9.80518342655613,30.9662361347558,47.4586273849378,65.6737024308341,17.290132191866,21.1610527081997,1,1,1,1,-3.98137838571107,51.1109764071024,-9.05590413096913,57.2418106422782,12.0863241885314,31.3567040857687,11.9093114149105,34.0505937487188,55.0923547928135,66.2977147732473,19.2703798972372,22.1412823338083,1,1,1,1
439,100,1,1,"L'Ecuyer-CMRG","10407_-678130849_-589278587_772831541_-1374306069_-1202795347_-937622235","10407_1487414035_-568605901_-1363629173_-432516067_-556828169_117322481",478862853,486668360,1404753946,412151088,1206863524,1192114219,1231133832,24.4829999999984,2.49300000000039,3.82599999999911,0.932000000000698,0.92200000000048,120.979000000001,1,NA,"3835e552db3f","not-a-git-build","bbd3d4119dab4c61438d29ca56ae93a0","confirmatory",174.951999999999,10.7541370304189,9.16315652489621,-6.73924021722639,3.57224742850455,13.1826013496676,23.5724237692086,115.651463269028,83.9634374997481,45.4173587054816,12.7609516904573,6.33702700925772,5.90488207423525,0.653,1,0.753,1,20.920613997174,61.5591225175565,23.1637721821789,69.8786564767489,9.6028757770988,9.02556222698607,-4.22266488885754,-0.706115253248971,15.6991766780364,19.294061087455,92.2152231903909,81.4607735131978,17.8308987635902,0.498598750870858,6.03730965349402,5.86551646869652,0.766,1,0.785,1,22.5362647705635,68.6456646582441,23.5712383473688,68.2434588160059,11.1403778559675,9.25063802391792,-5.91118784057191,0.212625070057616,14.0106537263221,20.2128014107616,124.108018773732,85.574303849556,34.9421416865253,0.045209420417006,7.10037167744097,6.64720124353065,0.767,1,0.896,1,26.4834337308668,83.2028496623032,29.3101460838351,85.8448246278294,13.3639992392072,11.0067559078467,-5.12108286842815,2.96675414030544,14.8007586984658,22.9669304810094,178.596475665531,121.148675614918,26.2254897453083,8.80163012901945,8.46904460025702,7.94886172115362,0.764,1,0.854,1,32.4171192457139,95.9490011184147,33.3590606883266,104.762878291308,-9.08359067905748,37.4372788467259,-8.61177299204422,52.6511447674471,5.1318041712388,21.2326308578602,13.3606979113146,33.3635620406533,46.5208695257834,61.2629177594914,16.1008266866214,20.0028641293387,1,1,1,1,-9.42319906872413,41.3960127441575,-7.60695625397976,43.7436620231851,7.12835230515652,24.1896131173076,11.0788289033033,28.7614471471168,50.8192118128816,51.3506182771648,17.0612608121511,17.6826182438135,1,1,1,1,-11.5774610954765,40.0001591746662,-6.209790385839,45.484999575503,5.59655628258975,22.3556584485161,11.2967283602657,29.2705903188179,51.5776202701427,51.694789961342,16.7591021659263,17.9738619585522,1,1,1,1,-13.1824951893865,41.0911867970962,-8.24028174774041,53.8979830599727,5.8509746762351,23.4902892658106,13.3802906247902,32.901177168334,54.2736819864827,62.1382648077131,17.6393145895755,19.5208865435438,1,1,1,1
440,100,1,1,"L'Ecuyer-CMRG","10407_-349513357_-968410455_1138272528_706274751_769527263_-1615670594","10407_615725059_-1732511170_-242816539_-846934496_587498517_-1188270888",1404753946,412151088,1206863524,1192114219,1231133832,412659026,586738949,24.3529999999992,3.51399999999921,2.43100000000049,0.833000000000538,0.832999999998719,121.553999999998,1,NA,"3835e552db3f","not-a-git-build","bbd3d4119dab4c61438d29ca56ae93a0","confirmatory",174.027,15.4007203954868,8.85943573715661,-13.4744487506585,-1.27398258247379,6.24776804415849,18.5094782029584,237.182188699964,78.4896015808076,181.560769134123,1.62303162044659,8.96686322335037,5.47415110400868,0.357,0.998,0.674,1,21.5719848028564,62.6158509340533,19.422303060807,58.6886059559568,13.9800536260209,9.30399979324641,-11.422682265787,1.55652825033236,8.29953452903001,21.3399890357646,195.441899386419,86.5644121527292,130.477670145125,2.4227801940827,8.08161873225454,5.7205428036342,0.523,1,0.679,1,23.5644009473989,68.7448649682719,20.54045525603,61.6299680381568,14.8418071515707,9.55187805726956,-12.1107875288275,-0.733499782437217,7.61142926598953,19.049961002995,220.279239524415,91.2383744209478,146.671174568404,0.538021930835445,8.66321123667829,6.31939178906707,0.526,1,0.789,1,25.3204880573622,78.0807867348351,24.9159064562765,76.4753556414519,15.2819096088307,11.4243700270669,-10.9163457237494,0.958817554069871,8.80587107106759,20.7422783395021,233.536761292472,130.516230515345,119.166603960423,0.919331101992529,9.48470896472203,7.70450953324059,0.707,1,0.803,1,33.663273755198,107.458782525077,30.0906239307808,96.3561954718526,-18.0388680347805,31.5488164300499,-5.49890794162974,43.5030631117642,-2.30204467866393,15.2326760442674,10.5935199962671,26.6571900261836,49.5876844648305,49.001971053394,17.5347207229313,16.0636700299165,1,1,0,1,-16.6658283866973,33.9065895033445,-1.02441902055781,44.9682376279712,-0.703715671830643,17.4957023623071,13.5029483616801,29.6550482648615,50.5724178900418,45.992656648529,18.1994180341377,16.1520999031814,1,1,0,1,-13.7546112492975,30.9664778859981,-4.2319851549514,42.0741159405026,-0.0476924720919445,15.5052260619362,10.7057779494402,27.0540622898996,44.7210891352955,46.306101095454,15.5529185340281,16.3482843404594,1,1,0,1,-18.7990218858901,35.0511140971436,-4.38487731640802,45.5288505488061,0.317138472301749,17.7247552044056,12.352286281993,29.4279226137985,53.8501359830336,49.9137278652142,17.4076167321038,17.0756363318054,1,1,0,1
441,100,1,1,"L'Ecuyer-CMRG","10407_-393830723_-944485474_1446772781_811104750_1887640787_-1120704311","10407_-177426947_1881920315_1938396123_-275339984_509414497_-332834756",1206863524,1192114219,1231133832,412659026,586738949,301498023,1015624871,25.2639999999992,2.70199999999932,3.39600000000064,0.942999999999302,0.929000000000087,119.296,1,NA,"3835e552db3f","not-a-git-build","bbd3d4119dab4c61438d29ca56ae93a0","confirmatory",175.164000000001,8.60238891929458,18.0961124630847,-3.61822271578542,-15.7237349109556,16.2172953901312,4.41144752872181,74.0010951188022,327.469286276611,13.0915356210256,247.235839550004,5.60317035001491,10.8231800392993,0.798,1,0.312,0.911,22.7706476161844,66.4409569012457,19.8529289043741,57.7800017201776,10.4933131784011,11.8665832586001,6.86125071590866,-7.59145248334578,26.6967688218253,12.5437299563316,110.109621460006,140.815798233287,47.0767613865571,57.6301508068968,6.36323866926342,7.10172677427173,0.725,1,0.642,1,23.5743931170664,65.0343251102447,23.8161417276892,69.5608107665694,8.89583497785275,21.1660041448297,2.31404428474502,-18.594701509798,22.1495623906616,1.5404809298794,79.1358799531884,447.999731458947,5.35480095176109,345.762924238484,6.25611364888401,12.50306254463,0.857,1,0.317,0.98,26.2692386467517,79.7855387575221,26.1696978120413,79.5641796714552,7.88276721830881,22.5951408417911,-0.700904716476895,-20.2332242598318,19.1346133894397,-0.098041820154397,62.1380190180441,510.540389660377,0.491267421579557,409.383363948646,6.29539175470013,13.3716354649479,0.943,1,0.225,0.979,29.1993588260781,88.4639014620493,24.5348498771065,84.1233972050304,-12.0846026085316,47.2847351751993,-19.5209367142122,28.2304052139862,5.80168578429178,25.8843264431895,-4.08195930884846,13.2869455222223,59.3693377837309,47.7513419281984,20.0826406588977,17.3689048310708,1,1,1,0,0.352839914279895,55.3969158459729,-16.2430135460127,41.8182223958634,15.710683721664,36.9780296599592,2.36868325666078,23.2961759469605,55.044075931693,58.061235941876,21.2673459382952,20.9274926902997,1,1,1,1,-6.80558772565387,49.8497782258293,-22.3297441644397,26.0526230837373,13.4087214592739,31.3995953236475,-7.67224059342385,9.51889217107213,56.6553659514832,48.3823672481769,17.9908738643736,17.191132764496,1,1,1,0,-7.96798467115601,49.8912943414525,-24.9961849832721,24.1111120611717,8.54144205925941,29.6517756011122,-8.16657669486134,8.15207501690395,57.8592790126085,49.1072970444438,21.1103335418528,16.3186517117653,1,1,1,0
442,100,1,1,"L'Ecuyer-CMRG","10407_1495617860_137974631_-979596721_-1505839839_856827000_33688861","10407_203292418_985034443_-1169204215_2064837032_-1574780383_-1014222556",1231133832,412659026,586738949,301498023,1015624871,1888743192,862736078,24,2.51999999999862,2.89899999999943,0.828999999999724,0.828000000001339,117.144,1,NA,"3835e552db3f","not-a-git-build","bbd3d4119dab4c61438d29ca56ae93a0","confirmatory",168.406999999999,10.702257059053,11.9846766100973,6.65336646193536,-6.99425122319458,26.949980637038,13.3501266149133,114.538306158049,143.632473448613,44.2672852768063,48.9195501731589,6.58740800505394,7.05922444379781,0.716,1,0.625,1,24.0792756461005,71.1196493861299,22.673518904523,67.5845385863745,20.2704534579758,9.66108568362432,17.3215423601462,0.396635591210977,37.6181565352489,20.7410134293189,410.891283391963,93.3365765863307,300.035829734341,0.157319792215281,11.7901908752537,6.15899102115677,0.342,0.981,0.735,1,25.2422288082714,73.6945168290201,23.4851669489303,69.7417391029254,19.0623482820487,10.9723693331488,10.2228511288968,-4.33333216798435,30.5194653039994,16.0110456701235,363.373122026123,120.392888783025,104.506685203587,18.777767678088,11.1411107945428,7.02047940439861,0.614,1,0.734,1,34.1570155295749,104.27684943777,26.2552121400686,82.5899666299413,22.4860785927635,13.2293957296827,11.3555718137807,-5.74953800307688,31.6521859888834,14.594839835031,505.623730479938,175.016911372546,128.949011217932,33.0571872488253,12.9206551178497,8.91743851274991,0.557,1,0.812,1,36.1790954708471,109.567627005754,35.3202524695851,109.664015682684,-1.37534123373959,56.5619733708357,-16.7507242709977,39.4824494939828,17.6650057920597,36.1344338507501,4.54504608447049,22.8895124941787,57.9373146045753,56.2331737649804,18.4694280586904,18.3444664097082,1,1,1,1,7.21438894013046,65.9401078422162,-10.7097423102277,49.1802122090971,28.4561742522719,46.7604333462433,11.2329936046072,31.8432094558384,58.7257189020857,59.8899545193247,18.3042590939714,20.6102158512312,1,1,0,1,-0.5401034612428,63.707236149909,-9.08625873559868,43.84862945096,21.4655501411033,40.2604001939267,5.76542092183863,25.232737488291,64.2473396111518,52.9348881865587,18.7948500528234,19.4673165664523,1,1,0,1,2.49748301139989,63.1440467502778,-17.0777474100243,47.5086461418929,21.9278212108211,41.6094349577468,3.10734631683685,25.3672238453189,60.6465637388779,64.5863935519172,19.6816137469257,22.2598775284821,1,1,0,1
443,100,1,1,"L'Ecuyer-CMRG","10407_1808700932_-1474434823_-842295733_685600089_1912902920_-501095209","10407_-1944742525_-1108774699_920879355_-2120462959_-497407049_1987862751",586738949,301498023,1015624871,1888743192,862736078,1931144896,164568920,25.2659999999996,2.82899999999972,3.07500000000073,0.940000000000509,0.94800000000032,117.938,1,NA,"3835e552db3f","not-a-git-build","bbd3d4119dab4c61438d29ca56ae93a0","confirmatory",173.838,14.4140117619012,10.1276060889706,-12.1547722701464,-4.22561139323579,7.75837937355714,15.7183667234855,207.763735072227,102.568405093354,147.738488939121,17.8557916466441,8.32734207355371,5.98736838891691,0.408,0.996,0.622,1,20.5613682030972,59.6879348830492,19.843500133956,57.4633407022021,13.9075881851099,9.74135494605515,-10.9837797369799,-2.93208851322881,8.92937190672373,17.0118896034924,193.421009126608,94.8939961850331,120.643417310489,8.59714304940831,7.9867221005666,5.78700869290316,0.457,0.997,0.591,1,20.4330759432089,59.1692618606337,18.8622667325458,55.7502219656627,16.7755258664531,11.4870471548229,-13.8704956122416,-4.91135105480912,6.04265603146199,15.0326270619121,281.418268096036,131.952252337125,192.390648529213,24.1213691835746,9.6512828225348,6.83135857263263,0.44,0.997,0.627,1,25.1222170395133,75.9761174207923,22.2601753923006,66.9465069013073,20.5147035342983,12.4092550205929,-17.7557600068332,-6.15059671545194,2.15739163687036,13.7933814012693,420.853061100151,153.989610166111,315.267013420258,37.8298399561283,12.015364548712,7.78293963525533,0.392,0.996,0.709,1,29.9198680228392,96.2610731459987,27.8914797489097,88.3947722146774,-16.2245443631422,30.617273772657,-7.70327665195264,39.608793707318,-0.557100464915948,15.6035617256669,7.05204323023435,24.706377972886,46.8418181357992,47.3120703592706,16.1606621905829,17.6543347426516,1,1,0,1,-11.6120042098663,30.2273657913433,-5.06107198142898,40.1776858723923,1.52712133523214,16.2450292458865,9.22607407867456,25.0203281374327,41.8393700012096,45.2387578538212,14.7179079106543,15.7942540587582,1,1,0,1,-16.7505128138509,26.972503027628,-6.38072965882595,37.2127192377058,-1.4551480560069,13.9637160509993,7.20246581222905,22.5232832493577,43.7230158414789,43.5934488965317,15.4188641070062,15.3208174371286,1,1,0,1,-20.5179791080696,26.9149329905155,-12.9314141279017,41.2433598664211,-6.42604178957001,10.5608238401971,5.58633158606561,22.7732004987567,47.4329120985851,54.1747739943228,16.9868656297671,17.1868689126911,1,1,0,1
444,100,1,1,"L'Ecuyer-CMRG","10407_-1203724484_-1027822971_-1512925796_1909427976_-1689996826_-1333175705","10407_-200401222_-1867536805_-21381744_-874252761_-1195622532_784425181",1015624871,1888743192,862736078,1931144896,164568920,1809873016,1810355390,25.0329999999994,2.45100000000093,2.52500000000146,1.19000000000051,0.835999999999331,116.780999999999,1,NA,"3835e552db3f","not-a-git-build","bbd3d4119dab4c61438d29ca56ae93a0","confirmatory",170.712000000001,10.9449131336058,15.5511692583549,5.55312369796943,-12.5133758864281,25.3406417567015,7.48281464297651,119.791123502178,241.838865302004,30.8371828049497,156.58457607504,6.92958515355912,9.01111376097006,0.791,1,0.439,0.995,27.5911392394147,78.3392622720589,21.5542342989812,62.6537889735866,16.887512486395,10.2019608419766,11.3324732218835,-4.10851516815462,31.1199912806156,15.88767536125,285.188077978146,104.080005021224,128.424949324707,16.8798968869566,10.0866126045958,6.2693238841337,0.613,1,0.679,1,32.284353810273,91.8120639184462,22.0574115800553,66.3988866000941,22.0847348994082,17.8552112182782,11.2010209943098,-13.5073569383551,30.9885390530419,6.48883359104951,487.735515577139,318.808567649329,125.462871314969,182.448691460129,12.919746655653,10.4651381406669,0.539,0.999,0.538,1,38.1908469035467,111.700143963754,30.5287703906711,90.3655130036811,21.8573987983611,18.1127026372929,14.6208496193004,-12.7237429700052,34.4083676780325,7.27244755939936,477.745882230597,328.069996826999,213.769243590196,161.893635166757,12.8667980813489,10.7887623643032,0.592,1,0.553,1,40.0476906921135,116.686962633953,31.5508882859413,97.7230720694077,-6.29438725558905,55.1150214957359,-19.6066429459992,34.7566683178082,13.6653629580752,36.4723287060179,-2.02530753554021,16.551869999277,61.409408751325,54.3633112638074,22.8069657479427,18.5771775348172,1,1,1,0,-3.89111730653914,75.2040466605962,-11.7488605200355,45.1769149015541,17.2281056180368,43.7533379234788,6.67582728771434,25.0821795370652,79.0951639671353,56.9257754215896,26.525232305442,18.4063522493508,1,1,1,1,-3.05923855109443,70.7247800642999,-20.5778853266451,37.1567383760665,19.0981332350564,43.0613391554662,-3.44126703569058,16.1404473327171,73.7840186153943,57.7346237027116,23.9632059204099,19.5817143684077,1,1,1,0,0.496293639987992,69.1774288005737,-23.6360130525577,38.723029759021,21.4846873917451,46.698554080933,-3.45373573646595,18.1401215459581,68.6811351605857,62.3590428115787,25.2138666891879,21.593857282424,1,1,0,0
445,100,1,1,"L'Ecuyer-CMRG","10407_1309348470_863643788_1253174531_-1161371518_-699541792_3620222","10407_-638442977_757634420_214849374_374935868_1598037111_-683125519",862736078,1931144896,164568920,1809873016,1810355390,298639932,127335717,25.7150000000001,2.86800000000039,3.92900000000009,1.01499999999942,0.940999999998894,123.644,1,NA,"3835e552db3f","not-a-git-build","bbd3d4119dab4c61438d29ca56ae93a0","confirmatory",179.535,14.8050440704928,8.64216088439442,-12.5125616865671,1.1726160820469,7.9231262763252,21.7021043382442,219.189329929234,74.686944751757,156.564199960146,1.37502847587501,8.64831146152321,5.37120107633559,0.373,0.977,0.704,1,20.4461407329461,57.7045402780101,19.2097592760303,59.4811808358827,11.1330588351784,10.5187192247926,-7.88167814746512,6.04128446189578,12.5540098154271,26.5707727180931,123.944999027543,110.643454130022,62.1208504202292,36.4971179495434,6.55336443281534,6.51410365213216,0.651,1,0.733,1,21.7740684694545,61.1308677756578,23.5760850503089,71.6854136044934,15.1034376486895,10.2494550465859,-11.8012478979378,4.38126525546422,8.63444006495442,24.9107535116615,228.113828807852,105.051328751984,139.269451948582,19.195485238738,9.01237666481118,6.73941654894169,0.59,1,0.802,1,28.8736036877735,87.6159458074243,27.0267417937169,80.2702908430679,16.9907365329969,10.2359081812259,-14.3097345809859,4.39835338785642,6.12595338190634,24.9278416440537,288.685127933715,104.773816294487,204.768503778264,19.3455125244681,10.0397135010172,7.29111815957233,0.545,1,0.858,1,31.4718456491991,94.52739834155,30.5173388298708,95.3386392334532,-15.3610991040034,30.3443954146862,-3.27291811800632,48.2081261020849,-1.17663772187201,16.6133482040562,13.2347551866135,29.5860451613365,45.7054945186897,51.4810442200912,17.7899859259282,16.351289974723,1,1,0,1,-12.0869918642581,37.4476312832566,-2.9959600342458,59.8896981364524,3.47648086004752,20.696043812798,16.8771859479134,35.8485236314608,49.5346231475147,62.8856581706982,17.2195629527505,18.9713376835474,1,1,1,1,-16.6404231575436,34.0060463414761,-0.126801619173362,49.3729180418106,0.25046747671269,16.5854203434975,16.7941187299601,33.6186846533234,50.6464694990197,49.4997196609839,16.3349528667848,16.8245659233632,1,1,0,1,-20.0293028072045,36.3851310024433,-5.10341274642848,55.2342744222137,-3.92892136019687,15.4601457210812,15.1610987322574,35.1124463569049,56.4144338096478,60.3376871686422,19.3890670812781,19.9513476246475,1,1,0,1
446,100,1,1,"L'Ecuyer-CMRG","10407_1006789746_-1881509187_-1792346962_1502107122_1898888050_1818111840","10407_-1656729493_1404101405_-1661467699_1833216352_5564390_924039751",164568920,1809873016,1810355390,298639932,127335717,1951967879,537366890,26.0560000000005,2.96599999999853,2.45600000000013,0.869000000000597,1.57799999999952,122.380999999999,1,NA,"3835e552db3f","not-a-git-build","bbd3d4119dab4c61438d29ca56ae93a0","confirmatory",177.154,11.8441570245634,17.8492150019793,9.02880624402782,15.6024668065995,29.3701952729488,35.7765232822821,140.284055622515,318.594476186883,81.5193421921957,243.43697045104,6.87123021198546,10.4518253820506,0.586,1,0.339,0.983,20.6533876138067,60.3045372623331,22.196395831261,62.6217811522173,19.467142685248,21.0954737717324,17.9038234015781,19.1495092600962,38.2452124304991,39.3235657357788,378.969644327805,445.019013653849,320.546892394895,366.70370490251,11.8151187894587,12.6575348971833,0.191,0.933,0.25,0.98,20.7870183929077,60.7420594516335,24.0390464667554,68.7211518635241,16.280060248261,21.7433651350344,13.680978546742,18.0649189217491,34.022367575663,38.2389753974317,265.040361687009,472.773927395431,187.169173996415,326.341295649368,9.45690850253308,12.6923047457491,0.47,0.996,0.416,0.982,25.765218021926,77.7296589939665,30.1453004568314,92.9486984588524,13.40517178373,23.5190699935308,10.5242226715675,19.8328435738909,30.8656117004885,40.0069000495735,179.698630551311,553.146653360601,110.759262840735,393.341684226426,8.28527149961571,13.7468124808157,0.67,1,0.385,0.982,28.528427561551,89.7571284635864,32.2039923769887,94.5833957486627,4.9981123325386,55.0647996416229,9.762054924263,64.8039200541697,20.2510791257591,38.095779556525,25.8359041835638,45.4750964139018,50.0666873090843,55.0418651299067,17.8447004307659,19.6391922303379,1,1,1,0,15.7624179364258,64.1783676855317,9.95955872006711,67.6758822688101,29.3037645683911,46.6627179853149,29.3117152293847,49.6746591806528,48.4159497491059,57.716323548743,17.3589534169237,20.3629439512681,1,1,0,0,10.3740684102172,57.9656702068154,12.9380911037746,62.7287431644461,25.1924606221996,42.4082020851643,29.6617509913016,46.4165529699486,47.5916017965983,49.7906520606714,17.2157414629647,16.754801978647,1,1,0,0,3.20409497983836,56.106099055007,11.7222764237615,65.8601572942446,21.752394621048,39.9339658242755,30.6673752393478,48.673529560145,52.9020040751686,54.1378808704831,18.1815712032274,18.0061543207971,1,1,0,0
447,100,1,1,"L'Ecuyer-CMRG","10407_204798025_1159572269_435655642_-977627020_1089320827_-869797719","10407_-1932148845_-1367372151_988069204_109511020_-1466341269_-1501937358",1810355390,298639932,127335717,1951967879,537366890,2036572079,950191946,25.119999999999,3.35699999999997,2.88700000000063,0.961999999999534,0.90099999999984,114.553,1,NA,"3835e552db3f","not-a-git-build","bbd3d4119dab4c61438d29ca56ae93a0","confirmatory",170.766,10.4248714410078,10.2772137932474,6.50764205881725,4.9468107448883,26.9291507861782,25.4369928384839,108.677944561541,105.621123352115,42.3494051656872,24.4709365457423,6.43622458739325,6.23554117316534,0.735,1,0.687,1,24.6343447887268,68.0063123706876,21.6341682582073,63.7401772959395,15.8246118102714,15.7438032182759,13.7721206231863,13.2059501290862,34.1936293505473,33.6961322226817,250.41833894578,247.867339775794,189.671306459595,174.397118811911,9.20789897140883,9.13444859173303,0.412,1,0.397,0.997,23.8820333721249,70.2704786883707,21.7700038796306,63.891651395112,15.9272198901037,12.3474256694632,13.6179681693569,9.69185932290545,34.0394768967178,30.182041416501,253.676333427715,152.45892066292,185.449057061617,93.9321371349893,9.38178898047558,7.7388921174884,0.544,1,0.705,1,29.1445582130293,84.5172984609093,28.0248065307284,86.6200330659141,15.6791801226501,11.1482358406963,13.1748283249071,7.77494682873561,33.596337052268,28.2651289223312,245.836689318507,124.283162359785,173.576101390774,60.4497981896659,9.43592612817359,7.8308488959856,0.62,1,0.866,1,31.8783563093364,97.9589338408604,32.9009765593479,101.078410212674,-3.70933535687486,55.7627359893815,0.828237427535568,52.76406609672,16.0292340298056,37.5232868713115,15.9310566260949,34.7068763671673,59.4720713462564,51.9358286691844,21.4940528415059,18.7758197410725,1,1,1,1,3.33932145830756,61.3318392076461,9.22436078690435,55.8543126367917,25.1493537871087,45.0863592437806,26.0458689668869,42.740954735895,57.9925177493385,46.6299518498874,19.9370054566718,16.6950857690081,1,1,0,0,9.10881623388885,61.9484071243075,2.01106674081738,57.3611495981078,23.9013749833159,43.3748551711339,21.1512622872871,38.7113607082607,52.8395908904187,55.3500828572904,19.4734801878181,17.5600984209736,1,1,0,0,4.03491578507853,63.6652957110052,-2.85960338333237,61.6869351425849,22.5830198000442,44.1024989020697,17.2254434327867,38.5000594439733,59.6303799259266,64.5465385259173,21.5194791020256,21.2746160111866,1,1,0,1
448,100,1,1,"L'Ecuyer-CMRG","10407_-75336214_-2140957757_-872836145_799797810_-2131037463_-566622433","10407_-230783890_1152236745_589482393_339284951_2097543822_-26628368",127335717,1951967879,537366890,2036572079,950191946,1549797346,278251130,24.9079999999994,2.53499999999985,2.47900000000118,0.836999999999534,1.29399999999987,112.608,1,NA,"3835e552db3f","not-a-git-build","bbd3d4119dab4c61438d29ca56ae93a0","confirmatory",166.821,10.7758681529491,17.1208672528936,7.40895516506393,14.3128874848134,27.3450549388371,34.4156563444895,116.119334449743,293.124095491203,54.8926166379275,204.858748152929,6.33499792350849,10.0471251179126,0.637,1,0.367,0.925,20.3007279299006,58.9414589040153,20.100163596685,56.6738098328314,15.4038189415301,22.7879680532996,13.3487433749846,20.797146961258,33.2848431487577,40.8999158209341,237.277637983441,519.291487998204,178.188949691194,432.521321728162,8.98209625219212,14.1934809040966,0.388,0.999,0.174,0.864,22.8849591587771,67.7133609063359,21.7803597895731,62.4278933830078,14.894651170009,18.8489185240359,10.532779854277,14.9305681449698,30.4688796280502,35.0333370046458,221.85063347625,355.281729525743,110.939451458664,222.921865131586,8.77872006817102,10.8008888264507,0.582,1,0.494,0.993,27.6068591092112,80.8160313637391,28.814421079626,87.6177491459686,13.3735266181667,21.6618948511611,9.67638175981708,18.1486386860982,29.6124815335902,38.2514075457743,178.851214206814,469.237688542761,93.6323639617207,329.373086158541,8.56714041687838,12.4518087945434,0.714,1,0.409,0.995,31.9807598006499,94.7802007696572,31.1852851820263,95.9750671415146,3.95069097583742,52.3529667754533,12.9205634876455,56.7946922901036,19.11692260783,35.2340918528917,25.766083422166,42.7620897330438,48.4022757996159,43.8741288024582,16.1171692450616,16.9960063108778,1,1,1,0,5.0458794777896,58.438089258179,16.47009289567,64.0869527019765,24.7309546936411,43.1338950856974,31.4691448072917,50.0563846861112,53.3922097803894,47.6168598063065,18.4029403920563,18.5872398788195,1,1,0,0,3.63515694673142,53.556502805467,7.01310498847212,62.5806802324888,21.7526505987927,39.3112379391173,25.9014894345133,45.1832720662505,49.9213458587356,55.5675752440167,17.5585873403245,19.2817826317372,1,1,0,0,2.39518982518097,57.3598113121877,8.7671601794703,69.0197933993886,19.2130512796827,39.4553235789753,27.5918389555675,48.039186942884,54.9646214870067,60.2526332199183,20.2422722992926,20.4473479873165,1,1,1,0
449,100,1,1,"L'Ecuyer-CMRG","10407_1853061301_1630947941_-56293188_-846269227_-1091126629_-1197268992","10407_462950996_-1814877894_-2101527798_2109275527_-557628526_1211266222",537366890,2036572079,950191946,1549797346,278251130,92322885,235155193,25.5969999999998,2.87300000000141,3.73599999999897,0.891999999999825,0.83600000000115,116.844000000001,1,NA,"3835e552db3f","not-a-git-build","bbd3d4119dab4c61438d29ca56ae93a0","confirmatory",172.142,7.80601602024182,9.34534790429075,2.27554000367439,2.99271253896508,22.135301749858,22.9293774230779,60.9338861082719,87.3355274522315,5.17808230832244,8.95632834087884,5.42176906338107,5.63124641501059,0.875,1,0.616,1,23.2042984068439,68.3189934506854,18.7598181734411,56.564596029208,9.76942652915024,15.9299277038806,6.39577302232421,13.4008026871269,26.2555347685078,33.3374675712398,95.4416947084644,253.762596650861,40.9059125530901,179.581512659308,6.62333586074445,9.25833807085361,0.825,1,0.419,0.999,27.0272982578992,82.425570348976,21.4599775213959,63.2453346154279,9.5622865180303,11.1052164857756,3.2986298702682,7.55995021197236,23.1583916164518,27.4966150960852,91.437323452904,123.325833195941,10.8809590210256,57.152847207501,6.73756989657424,6.79566560141464,0.84,1,0.642,1,28.1595250208683,87.5402640235613,23.6920874519838,72.1831848841347,11.1735498646767,11.9063748121404,4.86855121146249,8.83834082731127,24.7283129576461,28.7750057114241,124.848216578416,141.761761167172,23.7027908986329,78.1162685797173,8.03700538328591,7.49343866733404,0.851,1,0.68,1,33.7301768226812,104.737043695455,27.6402304219696,83.7074002337514,-4.68384768077261,50.6176582829506,1.30459860095587,45.6698381120602,12.158501170679,30.9890731262152,15.127437529362,30.6596817813565,55.3015059637232,44.3652395111043,18.8305719555362,15.5322442519944,1,1,1,1,-3.37927338833984,63.2444713278632,6.51175587971253,57.9386465473796,14.3751382767221,37.1650401771735,25.3819646082227,41.9900527740319,66.623744716203,51.4268906676671,22.7899019004513,16.6080881658093,1,1,1,0,-2.0823857795883,50.3607887653955,5.5652190775742,50.707596422312,14.006064485701,31.5856453526277,18.2132199231592,35.3784463304658,52.4431745449838,45.1423773447378,17.5795808669267,17.1652264073066,1,1,1,1,-3.75775801616,53.120426465988,3.03811432244345,54.5137772546725,14.9984597441571,35.8255956993158,19.8374040108833,37.7443987826185,56.878184482148,51.475662932229,20.8271359551587,17.9069947717352,1,1,1,1
450,100,1,1,"L'Ecuyer-CMRG","10407_512393422_-1938674655_-1455980064_152744367_1089897250_-838211389","10407_-812879846_-130500529_-1291574729_-440899003_-1771606106_360212762",950191946,1549797346,278251130,92322885,235155193,115773617,898772280,25.8429999999989,2.50400000000081,2.70000000000073,1.06400000000031,0.829999999999927,114.245999999999,1,NA,"3835e552db3f","not-a-git-build","bbd3d4119dab4c61438d29ca56ae93a0","confirmatory",169.591,12.4555022100614,10.1195367162953,9.42214407622634,-5.7300059271996,29.4314549974652,14.1145123223707,155.139535304844,102.405023352448,88.7767989931671,32.8329679257425,7.34749343328444,6.07827980465825,0.611,1,0.674,1,23.2269165074038,67.1509227958543,21.3107379377639,61.3818352227956,15.7309830730403,9.38292276605523,13.1918172583982,-3.15566280545433,33.2011281796371,16.688855444116,247.463828444279,88.0392396337576,174.024042578974,9.95820774172789,9.12586790108048,5.87323109414131,0.434,1,0.751,1,23.6002082910239,71.6139199108412,21.971601680014,65.5112497217757,13.5788380966809,10.9076219341822,9.66520480616305,-6.13766608187075,29.6745157274019,13.7068521676996,184.384844055873,118.976216259052,93.4161839450773,37.6709449325466,8.06186619932647,7.09284344076112,0.61,1,0.79,1,25.5287161367884,80.2394786831203,28.1274138671647,83.2508070019942,13.7588172911883,13.8284744938914,10.0303990479427,-9.54778918072395,30.0397099691816,10.2967290688464,189.305053252303,191.226706828206,100.608905060969,91.1602782395493,8.89347462532809,8.75080687298026,0.776,1,0.735,1,34.7501111713192,104.407427345223,32.6001942369439,101.104010963423,2.66220781462784,59.1222148156415,-10.8166666855254,37.7137518851177,19.1689650189794,38.6679620968748,5.32802632376296,23.1755114210176,56.4600070010137,48.5304185706431,19.4989970778954,17.8474850972546,1,1,1,1,5.3471437256045,61.973267039548,-6.71580347194743,42.4045057702864,23.4272832779859,41.8264569156748,7.69517752495765,25.4936705393864,56.6261233139435,49.1203092422339,18.3991736376888,17.7984930144288,1,1,0,1,4.42877804326467,56.7467209508254,-11.7956138589105,40.1576261578557,20.9723203527831,38.2937232160218,3.66622028073695,22.6605791890658,52.3179429075607,51.9532400167661,17.3214028632388,18.9943589083289,1,1,0,1,-0.537714052405665,61.4024018946402,-18.8168240991731,39.0758463780425,19.8879339145331,39.8087007823492,0.544116169390419,19.4325183938973,61.9401159470458,57.8926704772156,19.9207668678161,18.8884022245069,1,1,1,0
451,100,1,1,"L'Ecuyer-CMRG","10407_1667044610_-266394052_1351983163_-1588928853_-312994357_115147028","10407_1961993283_-750595667_-2076572792_-134321877_-1770713039_718764100",278251130,92322885,235155193,115773617,898772280,768634389,975376803,25.0400000000009,3.01800000000003,2.85800000000017,0.84400000000096,0.831000000000131,114.15,1,NA,"3835e552db3f","not-a-git-build","bbd3d4119dab4c61438d29ca56ae93a0","confirmatory",170.722,10.7818720033111,9.33334802685567,6.59378132758418,2.91006616270547,26.5881695731083,22.8569654223419,116.248763895783,87.1113853904105,43.4779521959978,8.46848507132331,6.63567239275025,5.91092676024758,0.714,1,0.754,1,24.350140666391,70.2083268795209,22.8584179884077,65.725450704142,17.4105027709566,11.7929566084532,15.1685974128878,7.04749683610315,35.1629856584118,26.9943960957396,303.125606737488,139.073825568861,230.086347474265,49.6672116548839,10.1787933672529,7.02574986483661,0.335,0.993,0.62,1,23.4383593196452,65.5402489747494,22.7696117774842,66.4313976318031,11.2783463008428,9.77450505328279,6.38845894965572,2.03906888309471,26.3828471951798,21.9859681427311,127.201095281735,95.5409490366507,40.8124077514363,4.1578019100051,7.15119015826782,6.81898959891619,0.757,1,0.835,1,26.9849460759615,81.8355787099504,28.7537057919008,86.6200475386166,13.1109090494322,10.2648256205998,6.77466186982933,-1.61148541514245,26.7690501153534,18.335413844494,171.895936102484,105.366645021321,45.8960434505195,2.59688524321684,8.56881810867036,7.36754269268703,0.813,1,0.87,1,33.153650020459,102.357053099083,31.6967721834922,96.232310530992,-2.32075900176334,57.5451768099572,-5.8404393027048,50.3625486058744,16.2802537114262,36.5703735647548,12.0895380152361,32.7205081967675,59.8659358117205,56.2029879085792,20.2901198533286,20.6309701815314,1,1,1,1,9.10603680597853,58.424195727491,0.698058021350369,54.3787085422724,26.2571678269018,44.1240269264321,17.308696809144,36.5128891128895,49.3181589215125,53.680650520922,17.8668590995303,19.2041923037455,1,1,0,1,1.36546957406909,52.6067593019497,-8.8738897474843,54.4390330288777,17.5484894315983,34.6360476675495,11.9171428972991,31.3391372151088,51.2412897278806,63.312922776362,17.0875582359512,19.4219943178097,1,1,1,1,-0.550998669609561,56.5827701343147,-13.7683222984597,51.5501017034614,16.7919070680915,35.998357859436,7.53011960190078,28.8429965561178,57.1337688039243,65.3184240019211,19.2064507913444,21.312876954217,1,1,1,1
452,100,1,1,"L'Ecuyer-CMRG","10407_1955184617_317036783_286416376_312306320_-759065075_1116057498","10407_-442316084_-1836187080_-916289262_273270830_-1220810764_-106946416",235155193,115773617,898772280,768634389,975376803,1773372796,264280580,26.7649999999994,3.85900000000038,2.496000000001,0.855999999999767,0.854999999999563,110.497000000001,1,NA,"3835e552db3f","not-a-git-build","bbd3d4119dab4c61438d29ca56ae93a0","confirmatory",165.755000000001,19.4685189906751,27.84660811061,17.8589084821231,-26.5483626503511,38.1434670076528,-6.23893896421083,379.023231690278,775.433583265888,318.940612172848,704.815559414556,11.6715880353562,18.7704641343838,0.236,0.979,0.005,0.675,23.4218070207586,67.2283043570339,19.9692411897719,62.1899012268159,22.6632999771001,26.2066913276021,21.5095706039357,-24.7228488034014,41.7941291294655,-4.41342511726116,513.625165852027,686.790670340217,462.661627565696,611.219252955847,13.9481801428346,16.4830844905147,0.128,0.97,0.074,0.905,24.6081437045438,71.1512424798403,24.5311985263971,72.9190097014582,16.5660969379139,28.8900559140978,14.981016422483,-27.3674801510028,35.2655749480128,-7.0580564648625,274.435567756361,834.635330719696,224.430853050706,748.97896981553,9.8080200965857,18.2556078828095,0.429,1,0.057,0.914,27.7641841869054,86.1131035614753,26.7122171015284,79.4671849175365,24.3117827497324,30.5234899626452,23.353387168265,-29.0815538297785,43.6379456937948,-8.77213014363824,591.062780470183,931.683439499704,545.380692230886,845.736773154304,14.5214169420755,18.6838303163309,0.153,1,0.114,0.978,31.0689199259062,95.1580753263903,32.5356973890504,102.070953162433,11.3923519556902,63.4279635550638,-30.3311540373624,20.2430976605377,28.2682795736065,47.8928060794705,-14.6749820161078,1.79801210508055,52.0356115993736,50.5742516979001,19.624526505864,16.4729941211883,1,0,0,0,15.4156518742439,70.2042827331314,-32.9356113366554,24.3046113069977,30.4864961785831,51.9624076804898,-15.5877483080805,6.1637731239886,54.7886308588875,57.2402226436531,21.4759115019068,21.7515214320691,1,1,0,0,6.0167996381152,62.4246198028939,-33.2995043533141,20.4992968642742,25.516954997269,45.1616436627413,-16.0832412755436,1.54470771714761,56.4078201647787,53.7988012175883,19.6446886654723,17.6279489926912,1,1,0,0,11.9490917261626,75.251360030796,-41.4537551746952,28.1148436945388,33.0280364866595,53.910882984422,-20.4241739711967,1.92108788877672,63.3022683046334,69.5685988692339,20.8828464977625,22.3452618599735,1,1,0,0
453,100,1,1,"L'Ecuyer-CMRG","10407_871746285_635285185_-837040687_-2040312206_-1778794022_149936320","10407_-977121661_1388250414_111671076_911667219_-957171129_1753191801",898772280,768634389,975376803,1773372796,264280580,580458156,2156840,26.7019999999993,2.98099999999977,2.625,0.833000000000538,0.848999999998341,112.520999999999,1,NA,"3835e552db3f","not-a-git-build","bbd3d4119dab4c61438d29ca56ae93a0","confirmatory",167.790000000001,17.2787075619136,12.9123087326099,-14.9825740215629,-9.31734941427216,5.46581106144753,11.1251158257176,298.553735010131,166.727716806235,224.477524311612,86.8130001076378,10.2944894034903,7.42075634497962,0.279,0.921,0.484,0.989,19.1817788903528,55.2447399418875,18.2145947283531,52.6657981888803,14.8913929167976,12.7913864803304,-12.1529578028124,-8.84905699393719,8.29542728019804,11.5934082460526,221.753583002451,163.619568089179,147.694383356939,78.3058096819488,8.63548742689691,7.36659972112696,0.471,1,0.536,0.993,23.1552182482676,69.8291652784992,20.6108338571877,60.8144601428736,19.2066329659461,12.6409977922201,-17.1598796808549,-6.77101830741065,3.28850540215552,13.6714469325791,368.894749888568,159.794825182912,294.461470661418,45.8466889192901,11.3333807564271,7.60195308400471,0.251,0.993,0.679,1,22.5681378686364,70.8529792484525,26.3170519080898,77.4813285003285,21.6612135483109,14.6697251556809,-18.785073110953,-9.50958439703377,1.6633119720574,10.932880842956,469.208172385528,215.200836143217,352.878971783851,90.4321954043081,12.5371967652661,8.67494746043801,0.365,0.993,0.617,0.999,29.5764401434066,94.1473602984107,27.4347985556635,84.4782401953722,-15.3439889838285,26.5255263361646,-10.5708344530373,31.1381546398022,-2.44643428378074,12.9691656768159,4.09652232438899,18.0880185403903,41.8695153199931,41.7089890928394,15.4155999605967,13.9914962160013,1,1,0,0,-23.2694318034429,34.1144551899201,-12.1619321937721,34.3786090900005,-0.607513790758309,17.2122264328466,3.56217903608186,19.2358313197756,57.383886993363,46.5405412837726,17.8197402236049,15.6736522836937,1,1,0,0,-20.1944297713674,27.3741529041716,-7.04299062227383,35.5376108864267,-4.4408903848753,11.5476785862925,6.27435171441941,20.7460687499682,47.568582675539,42.5806015087005,15.9885689711678,14.4717170355488,1,1,0,1,-22.7967290738732,25.4620464591786,-12.1559909566474,31.4414326667153,-6.74599160818966,10.1980059123364,3.47798686679495,18.485249902338,48.2587755330517,43.5974236233627,16.943997520526,15.0072630355431,1,1,0,0
454,100,1,1,"L'Ecuyer-CMRG","10407_-73412556_1504683085_-1872484329_519199981_-156785357_-1952136173","10407_879591944_566126003_-1407143177_1568249608_631824355_1203845210",975376803,1773372796,264280580,580458156,2156840,2097967916,236842377,26.7129999999997,2.53999999999905,2.55600000000049,0.935999999999694,0.843999999999141,116.979000000001,1,NA,"3835e552db3f","not-a-git-build","bbd3d4119dab4c61438d29ca56ae93a0","confirmatory",173.210999999999,23.5639071402901,13.7353821504014,-22.4168777658664,-10.088700028384,-2.81628988123578,9.30943033712392,555.257719716214,188.660722817566,502.516408769795,101.781868262716,14.6769389098146,7.8295685025937,0.088,0.958,0.467,0.989,24.6031184832744,69.5473943842238,17.5400999568183,54.5840621130311,24.2472929878268,13.9876126491515,-23.2055522132377,-10.8295941698674,-3.60496432860705,8.56853619564053,587.931217237516,195.653307622703,538.497653521299,117.280109884026,14.9449396284332,8.00528070897606,0.075,0.981,0.51,0.997,25.2869215650668,75.1821596005078,20.8290683930174,59.2653926221781,26.3857542224147,16.3305728207257,-25.506740352935,-11.83505765041,-5.90615246830435,7.56307271509798,696.208025885676,266.687608653024,650.593803432041,140.068589588527,15.9777806286784,9.38726604430897,0.081,1,0.533,0.99,31.4833612948982,92.2871310048841,25.623303262897,79.1156662808786,27.4976706488284,17.2566364325066,-26.0751770567225,-10.7473133916942,-6.47458917209184,8.6508169738137,756.121891111437,297.791500963715,679.914858539425,115.50474513929,16.3030716404049,9.97285092824425,0.187,1,0.611,0.994,34.73500198501,107.447871322502,30.5143539984933,91.8373768595443,-31.2092621781542,24.7295257393881,-14.2726120715301,32.3343886534785,-13.0618642641968,7.96320121326461,1.2540727568793,15.8348045375914,55.9387879175424,46.6070007250087,21.0250654774614,14.5807317807121,1,1,0,0,-38.8946888271425,26.5314817247016,-15.8813268899908,33.8674081486136,-14.1282971718141,6.43236260271766,-0.111599833980902,17.4652473181722,65.4261705518441,49.7487350386044,20.5606597745318,17.5768471521531,1,1,0,0,-36.0573050787725,25.0944180595577,-16.0607271111491,32.033259121653,-15.4537007732402,3.5368680184987,-0.693356555781108,15.8808899026499,61.1517231383303,48.0939862328022,18.9905687917389,16.574246458431,1,1,0,0,-40.5477870182355,26.3209568667684,-15.8160768173099,33.3989898821348,-16.8884976017029,3.73361380064951,0.404257707648349,16.5180471665499,66.8687438850039,49.2150666994447,20.6221114023524,16.1137894589016,1,1,0,0
455,100,1,1,"L'Ecuyer-CMRG","10407_381801083_1876760065_-1585782357_-1202163956_1239095949_755933001","10407_-1291215988_2045751584_612536023_-497702903_949676715_1313873255",264280580,580458156,2156840,2097967916,236842377,1056153111,648524421,25.7389999999996,3.06500000000051,2.82300000000032,0.897000000000844,0.885000000000218,114.011,1,NA,"3835e552db3f","not-a-git-build","bbd3d4119dab4c61438d29ca56ae93a0","confirmatory",169.822999999999,11.8911354625374,15.1434297196868,7.35586204260863,-12.6807320276926,27.4625474094931,7.50192403741254,141.399102588414,229.323463675093,54.1087063898905,160.800964758148,6.97802163156502,8.76494908836134,0.626,1,0.468,1,22.4042002697599,64.8169934420824,23.7050517628843,68.2463663912688,13.7023971388997,18.0937612089084,10.1753616381673,-16.0344627357016,30.2820470050518,4.14819332940346,187.755687352127,327.384194685,103.537984467487,257.103995222605,8.00960531391832,10.5355542596963,0.591,1,0.401,1,24.7735852499087,71.3039463388537,26.670294117327,76.1174838748863,15.0306084832817,20.079240842813,7.78240848204934,-16.5878345337416,27.8890938489338,3.59482153136352,225.919191377701,403.175912823691,60.5658817814735,275.15625451879,9.17471105497581,11.6476531701177,0.72,1,0.486,0.999,33.4775576382543,96.7759216256361,33.2635618500854,101.340505688797,17.1655828450142,20.4403765200988,8.16555589169112,-16.7003603642528,28.2722412585756,3.48229570085228,294.657234409047,417.808992283407,66.6763030203316,278.902036295907,10.7098918129673,12.2219209175924,0.712,1,0.583,1,38.3756969153915,119.778968819879,39.1532582432002,118.864174761287,1.95584623996718,50.7342428473216,-20.3454777629862,33.6229472941061,18.3860816707902,36.3341958602208,-1.84585059891973,17.2334925023661,48.7783966073544,53.9684250570922,17.9481141894307,19.0793431012858,1,1,1,0,2.33815388294034,57.9843986156726,-25.753104903161,33.7394813162146,21.0171011094796,39.866916170211,-7.49006948687594,15.8364875227513,55.6462447327322,59.4925862193757,18.8498150607313,23.3265570096272,1,1,0,0,1.35933852847927,54.3887573452573,-26.0074503189322,33.3945012172226,18.0695137736059,37.9452447410105,-5.77444540070609,12.9444070392183,53.029418816778,59.4019515361548,19.8757309674046,18.7188524399244,1,1,1,0,1.10123241737538,58.8231664119415,-27.6227569894299,38.7468878601243,17.6846956408597,37.7511586440022,-9.25542044932606,15.2229010026573,57.7219339945661,66.3696448495541,20.0664630031425,24.4783214519834,1,1,1,0
456,100,1,1,"L'Ecuyer-CMRG","10407_2094089327_-1063044362_881448391_1426933317_-48171479_-567404641","10407_312014044_1785384100_-148781592_302444485_-1723506601_-1112333545",2156840,2097967916,236842377,1056153111,648524421,275129037,1339095431,26.7160000000003,3.76599999999962,2.46800000000076,0.872999999999593,0.856999999999971,114.306999999999,1,NA,"3835e552db3f","not-a-git-build","bbd3d4119dab4c61438d29ca56ae93a0","confirmatory",169.932999999999,8.75171822221056,13.8004744285281,4.43491567011116,-11.1397085865421,24.6030213040186,9.1309700708609,76.5925718409724,190.453094452459,19.6684770009975,124.09310739308,5.85648692002302,7.96351997119487,0.826,1,0.473,1,23.8662380469775,72.426194945233,20.8937565815553,60.813417185776,9.28564592682694,10.8663533900689,5.8724404893388,-7.20648993770154,26.0405461232463,13.0641887197015,86.2232202783978,118.077635997861,34.4855573008257,51.9334972221935,6.03984238499524,6.50242952951316,0.766,1,0.666,1,23.9520195565806,70.2515543297639,22.5948219899351,65.3662712216265,7.06196430535638,13.4672229038877,0.0270978016061569,-10.1249691024208,20.1952034355136,10.1457095549822,49.8713398501276,181.366092742997,0.000734290851886641,102.514999324976,6.20751581382541,7.84623616152771,0.971,1,0.554,1,29.3565835219476,90.1614764801889,24.1015340521697,70.951560517309,10.291864215384,15.2438047291603,-3.83391725088748,-11.6344667012482,16.33418838302,8.63621195615485,105.922469027901,232.37358262077,14.6989214866526,135.360815422452,7.76656467013428,9.27634038712834,0.902,1,0.691,1,34.5635746816799,104.032552152988,32.6013939162884,97.8509872550663,-3.22788508937436,54.8007454636362,-14.009221863844,32.4761274959302,15.99411311646,33.8047738623168,0.126191596451117,18.4787158016062,58.0286305530105,46.4853493597742,17.8106607458568,18.352524205155,1,1,1,0,2.03922271435217,51.8043339845387,-12.5464360637787,37.3050254017642,16.9858188256342,35.0799433195271,3.76659831838667,22.7206542855846,49.7651112701866,49.8514614655429,18.0941244938929,18.954055967198,1,1,1,1,-8.06230906139821,46.4004690995136,-14.9374985534548,36.2715295905747,11.1132712170233,29.4514061367418,1.70010576896618,18.1716633300606,54.4627781609118,51.2090281440295,18.3381349197185,16.4715575610945,1,1,1,0,-11.5704085751567,42.5027933269576,-20.6452909583803,37.5549000773212,7.80003207995165,25.4352691757912,-1.10890576745359,18.7604066709459,54.0732019021143,58.2001910357015,17.6352370958395,19.8693124383995,1,1,1,0
457,100,1,1,"L'Ecuyer-CMRG","10407_-49645530_-1235209829_561075347_-769960321_2095509342_1822668853","10407_1931047861_-1047662728_1540712422_361946109_1700767985_-1508567049",236842377,1056153111,648524421,275129037,1339095431,1638891224,1524863907,26.7739999999994,3.125,2.91699999999946,0.860000000000582,0.85399999999936,118.252999999999,1,NA,"3835e552db3f","not-a-git-build","bbd3d4119dab4c61438d29ca56ae93a0","confirmatory",175.235000000001,8.45227265993375,8.04945695201108,4.158970617234,0.0124782818057625,24.1644009919498,19.9881417528316,71.4409131178636,64.7937572222795,17.2970365950158,0.000155707516824023,5.25495130500366,5.27012236949208,0.762,1,0.797,1,19.9124653894398,57.903732991578,21.6673177129502,61.2986645672004,9.9847155421645,9.99564460433846,6.71755580018553,6.03188200616631,26.7229861749014,26.0075454771922,99.6945444579413,99.9129110562406,45.1255559286062,36.3836005363129,5.95189378524879,6.24039556005716,0.669,1,0.704,1,20.0319645229392,59.9907039406915,22.7330580556458,68.029163710456,10.1327087431865,8.61789378945992,6.93157870914646,2.38880418382861,26.9370090838623,22.3644676548545,102.671786474248,74.2680933664118,48.0467834010925,5.70638542867708,6.5803678970407,6.3268492237039,0.776,1,0.889,1,25.1890283472849,77.7377901484272,27.7270277707476,84.1346172822786,11.9273188878318,8.67930787036342,8.66281411871219,2.86820247639469,28.668244493428,22.8438659474206,142.260935852029,75.3303851085524,75.0443484553592,8.22658544559661,7.39292827427103,6.49635262784048,0.678,1,0.891,1,25.9889248142871,78.9316750702423,28.3927745872243,88.1036782733759,2.03129570820716,48.2909589156709,-5.09308249548728,43.0998230803574,15.0059081021769,32.7907297183639,11.5248133733114,28.8472627990846,46.2596632074637,48.1929055758447,17.784821616187,17.3224494257731,1,1,1,1,3.69864478441404,49.8562330911692,-0.813462388627612,55.3906341944407,18.9659457613345,34.3328461382226,16.6789291058824,34.8119453024133,46.1575883067552,56.2040965830683,15.3669003768882,18.133016196531,1,1,1,1,3.22415960425214,52.7340022790883,-3.63795279955693,48.1428903259155,18.7105296816825,35.7592114827869,13.1369646969924,31.7123419821194,49.5098426748361,51.7808431254725,17.0486818011044,18.575377285127,1,1,1,1,3.71460056554451,50.6304469683349,-3.75720914436449,49.9380734528544,21.6467175015902,36.4946971730325,12.7665076104378,33.4216765408933,46.9158464027904,53.6952825972189,14.8479796714423,20.6551689304556,1,1,0,1
458,100,1,1,"L'Ecuyer-CMRG","10407_285055534_1746299180_1279690304_1399120443_1040266852_-659657562","10407_-822166110_1838058449_1469860605_1451508828_-1006449828_-641143058",648524421,275129037,1339095431,1638891224,1524863907,1233876415,1119322947,26.9439999999995,2.52999999999884,3.91100000000006,0.871999999999389,0.841999999998734,116.155999999999,1,NA,"3835e552db3f","not-a-git-build","bbd3d4119dab4c61438d29ca56ae93a0","confirmatory",171.859999999999,8.95092580774295,21.2945540939623,-4.45060914010972,-19.522746986784,15.1516975144785,0.0383573477901594,80.1190728157189,453.458034060688,19.8079217180282,381.137649909982,5.74204907109175,13.2203409930238,0.809,1,0.169,0.868,23.689533838245,64.4923079908986,20.4041999451325,59.2193961193592,7.92181388687805,19.4008447812476,0.169405906433461,-17.2955989895207,19.7717125610217,2.26550534505338,62.755135258334,376.392778226063,0.0286983611345425,299.137744406311,5.42641461629669,11.5332996586818,0.818,1,0.283,0.948,22.3976501643538,67.950243767158,21.9588302249553,65.3273884864178,9.78219867761873,19.9333700984079,1.68288068991345,-17.0267252657266,21.2851873445017,2.53437906884753,95.6914109684056,397.339243480102,2.83208741648356,289.909373274532,6.78106104388031,11.6427798751532,0.849,1,0.385,0.982,28.2938951752079,86.2367394665478,26.8922895130707,79.5849371037397,9.95499765472195,20.2334201590067,3.12396619544909,-17.5657980845027,22.7262728500374,1.99530625007145,99.1019783055195,409.391291330898,9.75916479030866,308.557262345518,7.81394320450288,11.7453369273116,0.932,1,0.419,1,35.2814296269752,107.78532273866,30.4191852789199,92.3114782442984,-10.5465961920611,40.2497157858973,-24.2571919932671,25.5429387844647,6.08285387491296,25.0567682967919,-7.80607545388823,7.38211919382775,50.7963119779583,49.8001307777318,18.9739144218789,15.188194647716,1,1,1,0,-6.91684497987998,48.569062367291,-23.2439538282186,25.645509058354,10.5992927660004,27.9298296089172,-6.31214898629333,11.0952210600648,55.485907347171,48.8894628865725,17.3305368429168,17.4073700463581,1,1,1,0,-4.39048368089044,49.9800930941725,-20.9655488251001,24.4216323639017,12.5343969442035,30.6607794689361,-5.15083671357255,10.7882405115946,54.3705767750629,45.3871811890018,18.1263825247326,15.9390772251671,1,1,1,0,-10.1319474717319,54.6004452771982,-25.2985802383722,28.2454858080036,13.2353448545178,33.2179083193017,-8.01347499709827,11.9755409506171,64.7323927489301,53.5440660463758,19.9825634647839,19.9890159477154,1,1,1,0
459,100,1,1,"L'Ecuyer-CMRG","10407_-218082090_-139811571_182520914_-1624244512_-1446665697_-1242815420","10407_-1081314413_516809639_746800833_751578057_-412737559_583596340",1339095431,1638891224,1524863907,1233876415,1119322947,1276461664,598763634,26.7120000000014,2.86100000000079,3.77900000000045,0.860999999998967,0.863999999999578,116.495999999999,1,NA,"3835e552db3f","not-a-git-build","bbd3d4119dab4c61438d29ca56ae93a0","confirmatory",172.174999999999,7.22888326348543,10.8193003400949,-0.401214762976512,6.28323428834799,19.5203389731484,26.1166290573232,52.2567532370998,117.057259849178,0.160973286030298,39.4790331222718,4.96937883697695,6.53886942915535,0.831,1,0.658,1,20.6890795242068,62.9500261919739,23.629688038126,64.5473887695364,7.65936990526526,11.7331837237371,-0.404990132035284,7.38407887389518,19.5165636040896,27.2174736428704,58.6659473456831,137.667600294968,0.164017007045957,54.5246208159052,4.9574947117035,6.91838890639323,0.799,1,0.622,1,20.197964467823,57.2233495449659,22.8302443589667,64.6153703155359,8.0281859478888,13.5289394544435,0.0833177292855289,7.90246422849442,20.0048714654105,27.7358589974697,64.4517696138792,183.032202761999,0.00694184401329669,62.4489408826339,6.11832530216184,8.18366708848625,0.905,1,0.642,1,27.1699725324423,83.3064805317738,27.5339339891734,83.7207127149927,7.86895200140836,12.9845360103917,0.930468708269039,8.06032593639158,20.852022444394,27.8937207053668,61.9204056004686,168.598175405159,0.865772017067855,64.9688542008668,6.25694847563105,7.98726555065441,0.918,1,0.662,1,27.8888043559081,87.7992853150567,27.5289519392749,86.5157048620105,-5.584206587998,47.235455284341,-0.0207831705622508,54.3524438375679,10.846296372698,27.5314545511547,16.0660534908542,35.985035154713,52.819661872339,54.3732270081302,16.6851581784567,19.9189816638588,1,1,1,1,-3.11391560232308,38.4499254462799,3.01730474387199,56.1158695162538,12.5359498464611,27.4009765051991,17.4576664523137,35.4681077557601,41.563841048603,53.0985647723818,14.865026658738,18.0104413034463,1,1,1,1,-4.66669481225397,46.7889605612399,3.68489645642422,52.9662787848858,10.8629257188232,29.0694648333351,19.1483900445046,36.1564363447956,51.4556553734938,49.2813823284616,18.2065391145119,17.008046300291,1,1,1,1,-7.29221523704625,49.0339677329931,0.377521290120875,52.3454540966196,10.5079955427541,30.3299850901535,18.8017454410215,36.9882922352703,56.3261829700393,51.9679328064988,19.8219895473995,18.1865467942488,1,1,1,1
460,100,1,1,"L'Ecuyer-CMRG","10407_1668682042_-1078549891_914353329_552356435_81884981_100812699","10407_527397133_997656418_-1873458481_269702357_-286606749_-1695570990",1524863907,1233876415,1119322947,1276461664,598763634,1123183602,1111022863,27.1219999999994,2.51900000000023,2.45299999999952,0.903000000000247,0.826999999999316,111.947,1,NA,"3835e552db3f","not-a-git-build","bbd3d4119dab4c61438d29ca56ae93a0","confirmatory",167.554,16.7532752851286,9.26580598812057,14.5611436898133,2.60369562297238,34.3864366365284,22.3383855457069,280.6722327793,85.855160609491,212.02690555539,6.77923089708552,9.93829130393941,5.73261170081713,0.297,0.961,0.696,1,19.5205655850361,57.6487584377756,21.28677805866,61.9959903689017,24.5536093841286,11.0387074479229,23.2926200408479,6.81442887523633,43.1179129875631,26.5491187979708,602.879733788368,121.853062120828,542.54614836731,46.4364408956547,15.8492220446481,6.51319127510755,0.069,0.814,0.587,1,21.5099379877205,62.6504272631533,20.7001319284769,62.8449679963351,17.988107331985,10.4179483050387,15.4297011564681,3.55116257066387,35.2549941031832,23.2858524933984,323.572005387014,108.53364688646,238.075677777913,12.610755603284,10.5375359268827,6.7830284111711,0.402,0.997,0.782,1,26.9558289172869,81.5451372154469,26.0064868295528,81.539755199587,18.4928052953372,11.2057789941776,15.5727104319707,5.35419849528415,35.3980033786858,25.0888884180187,341.983847691252,125.569482866352,242.509310198009,28.667441526903,10.9210850059033,7.36009328511454,0.421,1,0.768,1,28.2239288229295,91.8126690399458,27.9790821951684,89.1662020524758,10.6991163320682,55.9800773927208,-6.20708330335846,47.3915846552135,27.159446625632,41.6841303731394,14.283055371514,32.1808880446156,45.2809610606526,53.5986679585719,14.5246837475074,17.8978326731015,1,1,0,1,17.9199153611879,68.5345888195307,1.8753268826959,50.5646445164635,34.7150389789745,51.3057750885042,18.6697461391054,34.7649471410199,50.6146734583428,48.6893176337676,16.5907361095297,16.0952010019145,1,1,0,1,9.3162490073078,60.6729675032734,-3.76925017521284,50.2707859746564,26.1366582153426,44.6574804362504,13.5820785612859,32.915270497376,51.3567184959656,54.0400361498692,18.5208222209077,19.3331919360901,1,1,0,1,6.47695095657798,63.3283591925357,-1.74265560780119,54.8721396922267,25.9937845639125,44.8026788963317,15.4642206711967,34.774174518925,56.8514082359577,56.6147953000279,18.8088943324192,19.3099538477283,1,1,0,1
461,100,1,1,"L'Ecuyer-CMRG","10407_-145742063_297613930_-300422531_-37753164_347268226_-1588899750","10407_-97987139_-632202984_-2109440775_582428993_-1492437734_-350271480",1119322947,1276461664,598763634,1123183602,1111022863,1481072793,546634411,27.2960000000003,2.58699999999953,2.52100000000064,1.48100000000159,0.828999999999724,113.030999999999,1,NA,"3835e552db3f","not-a-git-build","bbd3d4119dab4c61438d29ca56ae93a0","confirmatory",169.735000000001,21.557396099116,11.4788618995695,19.8457422342578,7.10471010224541,39.5101004356355,26.7443743816379,464.721326574181,131.764270509388,393.853484828605,50.4769056369479,13.3511394656781,6.79107483353454,0.15,0.903,0.629,1,21.0925285650115,61.8926880613758,22.0964156387452,64.3876801017065,27.5776463810136,14.8781173774951,26.2521533868028,11.6742083107534,45.9165115881805,31.3138725901459,760.526579916232,221.35837669852,689.175557444221,136.287139682864,18.5960325359017,8.73135354077899,0.022,0.682,0.53,1,19.9889332358095,61.3227935042516,25.2310380538565,80.4583386103977,23.4254058186226,18.076424927654,21.1921528987414,13.1883613907279,40.8565111001191,32.8280256701204,548.749637767159,326.75713816511,449.107344483632,173.932876172441,13.8161095741898,10.7396882955443,0.222,0.986,0.599,1,27.3437554624286,89.9806532264638,34.2501492791922,106.174791459686,25.1375546102567,14.667939811565,22.9886778677368,10.8166740115707,42.6530360691145,30.4563382909632,631.896651783637,215.148458315692,528.479310106574,117.000436672589,14.7962938587987,9.25857267837482,0.29,0.999,0.743,1,33.8559671356741,100.128844292883,34.9455402351364,103.101746866492,16.3036963557794,61.7318396436649,1.75988906756968,57.1972701010161,31.1490079454449,48.0037311834297,16.5284487480102,35.1563367647924,45.4281432878856,55.4373810334465,16.8547232379849,18.6278880167823,1,1,0,1,21.5011813513556,66.4426080141164,-5.556915743044,62.8574606357767,38.661111690434,53.7827259853214,22.6272517082808,41.4558332485793,44.9414266627608,68.4143763788206,15.1216142948874,18.8285815402985,0,1,0,0,17.3507043844395,63.5194782331595,4.94038006254952,62.0860420645658,32.1847391875932,49.0861589984397,22.2510284963838,43.0308280518287,46.16877384872,57.1456620020163,16.9014198108465,20.7797995554449,1,1,0,0,12.024113719676,73.9103111061488,-1.94591465015545,65.8049282692635,31.4437151642615,53.5297378831391,17.3801638088364,42.9114326888277,61.8861973864728,67.7508429194189,22.0860227188776,25.5312688799913,1,1,0,1
462,100,1,1,"L'Ecuyer-CMRG","10407_-1368541392_-785396139_713746554_2060858331_-327637237_1529010833","10407_-2077741402_-1126962209_768970488_1936863951_1022693339_1258552983",598763634,1123183602,1111022863,1481072793,546634411,253712325,47854408,27.4009999999998,2.52499999999964,3.99099999999999,0.859999999998763,0.837999999999738,113.991,1,NA,"3835e552db3f","not-a-git-build","bbd3d4119dab4c61438d29ca56ae93a0","confirmatory",169.895,17.0347594067041,36.5923434148076,-14.980133353648,-35.3356947091622,5.38871436793905,-15.1182123242564,290.183028044292,1338.99959658721,224.404395293076,1248.61132057911,9.94635516809343,25.8218362665185,0.348,0.991,0.002,0.449,23.9012172652519,65.5149746466529,24.51029881146,70.4293481452924,10.4400107677621,37.9344959252377,-5.43063536089018,-36.5449981249494,14.9382123606968,-16.3275157400436,108.993824830989,1439.02598110188,29.4918004229508,1335.53688795255,6.6291698376677,25.7806895187622,0.78,1,0.008,0.606,26.8012147841007,74.4649774809701,28.9435471425889,83.1734862721948,21.0523638870699,41.9562462572714,-17.0334350734745,-40.3335310394396,3.33541264811254,-20.1160486545338,443.202025233604,1760.3266000008,290.13791040227,1626.79372610944,12.2740702861345,28.0770738824643,0.521,0.998,0.021,0.698,35.3744152546477,103.54642153191,32.922723173174,96.6457359200359,19.5502437335476,37.3226493236112,-10.636389758857,-34.6710817359451,9.73245796273006,-14.4535993510393,382.212030041118,1392.98015253326,113.132787102317,1202.08390874059,11.3958840340423,23.1357981566231,0.655,1,0.159,0.902,37.6230674604098,110.384816383644,38.3215771780011,112.377617186428,-18.7075508053577,30.8034990998327,-44.3420648280234,10.4307460517254,-4.65425440458732,14.7626992777579,-23.8379383205394,-4.70634719532982,49.5110499051904,54.7728108797488,19.4169536823452,19.1315911252096,1,0,0,0,-12.4003320838536,46.9092076974445,-52.291277171199,15.8798449367424,3.63549630399982,25.8875874606126,-28.6123912702488,-3.98609811685212,59.3095397812981,68.1711221079414,22.2520911566128,24.6262931533967,1,0,1,0,-34.1361065228435,35.9264691776981,-55.4823785329792,10.1771573034834,-7.55410192405844,14.0419649827167,-31.1960496457248,-7.66844660115323,70.0625757005416,65.6595358364625,21.5960669067751,23.5276030445715,1,0,0,0,-24.3039129449746,40.1624058470411,-48.9863921363093,19.1429975265497,-1.3304247954405,19.8545354447513,-26.1921019839523,-1.92214898335236,64.4663187920156,68.129389662859,21.1849602401918,24.2699530005999,1,0,0,0
463,100,1,1,"L'Ecuyer-CMRG","10407_-78506701_66304739_-906040561_1779011222_1063104116_1548541017","10407_-1133319528_1672051271_1794795689_-631773459_-847033772_-1849396271",1111022863,1481072793,546634411,253712325,47854408,1665994080,1690377233,26.973,2.73699999999917,2.76900000000023,0.899999999999636,0.845000000001164,114.032999999999,1,NA,"3835e552db3f","not-a-git-build","bbd3d4119dab4c61438d29ca56ae93a0","confirmatory",168.478000000001,9.23057119306569,9.70583234385888,-5.47178995687485,-3.77612845419839,14.3742414060458,16.0580655100325,85.2034445502541,94.2031814870971,29.9404853321565,14.2591461026067,5.78982451542092,5.87939524312636,0.736,1,0.668,1,21.5707075429751,64.1542535490924,20.5168886570474,59.8327039707223,8.40772504568003,9.10139483173053,-2.80292669319717,1.75132496120599,17.0431046697235,21.5855189254369,70.6898404437553,82.8353878830513,7.85639804743723,3.06713911974317,5.88660304130759,5.58077598023849,0.861,1,0.66,1,24.9250522694157,75.2378708139877,20.1743989102799,59.930495470205,10.0933821622199,8.5110074860882,-7.09652684932551,0.148830026255727,12.7495045135951,19.9830239904866,101.876363472618,72.4372484282493,50.3606933231979,0.0221503767152803,7.29294313973234,5.71886621949898,0.891,1,0.843,1,32.7980783229091,95.0296142690666,24.4634390381851,68.8533821423721,9.05777181319542,9.1824745000807,-6.74385098568685,-2.51099418777375,13.1021803772338,17.3231997764572,82.0432302199175,84.3178379446323,45.4795261171496,6.30509181103354,6.97640024852883,6.4169084718296,0.884,1,0.872,1,29.2005577757797,96.539493504819,28.5366769658923,81.3267465186831,-8.9695998610356,37.7509613535662,-9.27304153170876,41.2932417221147,5.75402736296948,22.6970295416501,7.31408085352931,25.0380673751886,46.7205612146018,50.5662832538235,16.9430021786806,17.7239865216593,1,1,1,1,-13.5164521030305,45.8919723257281,-3.75275504148318,43.5841422585051,8.4960000927779,26.5007766027873,13.8311199775818,30.5243841165188,59.4084244287587,47.3368972999883,18.0047765100094,16.6932641389369,1,1,1,1,-14.3787970106868,39.1926819939932,-4.21813824774608,44.1693952894789,3.39437920651803,22.7784782264399,11.3175397462972,28.7345584062587,53.57147900468,48.387533537225,19.3840990199218,17.4170186599615,1,1,1,1,-14.5962137509869,43.1166621966485,-11.5087194888947,46.1145858259855,3.10772675303224,23.1634676676512,6.59291380919465,27.6469953838805,57.7128759476354,57.6233053148802,20.0557409146189,21.0540815746859,1,1,1,1
464,100,1,1,"L'Ecuyer-CMRG","10407_1527228566_1291100644_33219976_1576383571_-321752375_660337136","10407_1879117246_65410838_211724708_41295118_1982592695_-948069435",546634411,253712325,47854408,1665994080,1690377233,2111972843,986713120,27.7739999999994,2.85499999999956,2.48899999999958,0.887000000000626,1.50900000000001,112.544,1,NA,"3835e552db3f","not-a-git-build","bbd3d4119dab4c61438d29ca56ae93a0","confirmatory",168.957,13.6720978636457,10.937708149906,-11.1334151182529,-6.42252541153948,9.01601557252771,13.6344992785505,186.926259993104,119.63345957252,123.952932195343,41.2488326618703,7.95307752624518,6.51095446862729,0.472,1,0.636,1,21.1894192367169,64.2058783175317,21.4419986355674,64.2262122459743,15.115182262539,9.23522506967751,-12.9726259892934,-1.22488406578276,7.17680470148726,18.8321406243073,228.468734829775,85.2893820875999,168.28902505809,1.5003409746085,8.8999845913141,6.17341660983186,0.436,1,0.815,1,23.1239468939141,68.8709966305055,25.0671246611488,75.0149678344532,16.4850958130192,9.8151901378591,-14.763731946816,-2.90259679989318,5.38569874396464,17.1544278901968,271.758383964424,96.3379574423265,217.967780997436,8.42506818275012,9.65003298103336,6.83377673008548,0.437,1,0.843,1,26.6833720208562,78.2735064140969,29.4987149568843,85.187143470745,20.3635358102438,10.8184377276739,-19.3809843852431,-5.99798681549654,0.76844630553752,14.0590378745935,414.673590695081,117.038594867557,375.622555741038,35.9758458388704,12.0802230418693,7.79895194682721,0.322,1,0.854,1,32.2666366937991,105.559064337139,33.1978691118763,102.272946848119,-15.271783257201,34.3963221796484,-14.3320871645192,38.0540506952257,0.447406162484448,17.8419852571948,5.77107955305523,22.2672711505123,49.6681054368494,52.3861378597449,17.3945790947104,16.4961915974571,1,1,0,1,-18.1770042846681,32.9715567501261,-16.5804756174378,47.2536975031107,-1.73109501189292,16.4423477237427,8.9648995467859,30.34775908177,51.1485610347942,63.8341731205485,18.1734427356357,21.382859534984,1,1,0,1,-19.9802157369432,27.5209300462073,-7.68192316007551,46.4721030582491,-3.43463725876881,14.1921018298712,7.24892254143909,26.7997799784861,47.5011457831505,54.1540262183246,17.62673908864,19.550857437047,1,1,0,1,-28.2145043280654,29.814006684092,-18.2798674226682,42.7143950956418,-7.81356280665249,10.529023489731,4.9679250245234,24.5802368165464,58.0285110121573,60.9942625183101,18.3425862963835,19.612311792023,1,1,0,1
465,100,1,1,"L'Ecuyer-CMRG","10407_521668227_-2125931791_1714894135_972518204_-31130054_548908837","10407_-762995081_-71349889_1633394347_340494672_1162789497_75159276",47854408,1665994080,1690377233,2111972843,986713120,898854976,1717954885,27.2959999999985,2.59000000000015,2.56599999999889,1.49499999999898,0.84400000000096,112.216,1,NA,"3835e552db3f","not-a-git-build","bbd3d4119dab4c61438d29ca56ae93a0","confirmatory",169.011999999999,22.961464252865,22.8759723164206,-21.7492348770074,21.3659739984874,-1.7713220067889,41.422331689883,527.228840635597,523.310109421639,473.029217735234,456.504844904038,14.0040754298092,14.2711390740114,0.089,0.999,0.146,0.905,24.1124718306698,75.5102032144519,22.3049014415343,66.1261674723092,17.8651185114779,32.1701801333861,-16.345072215972,31.0331706524559,3.63284065424645,51.0895283438515,319.162459429151,1034.92048981451,267.161385745341,963.057680744447,10.4805007979415,21.7332715122073,0.371,1,0.001,0.728,27.1161250212524,78.8869453927006,24.161322989099,72.8536633628119,20.3673871322919,26.0595098136711,-17.8042900453051,24.1885756659631,2.17362282491338,44.2449333573588,414.830458596648,679.098051728822,316.992744017351,585.087192748023,11.9664429467004,15.5665148387155,0.39,0.999,0.211,0.991,30.5075956114697,95.0989968086317,31.351603697523,98.9020580918878,22.5360596550884,29.5153565361275,-19.3403075249137,27.839246416481,0.637605345304766,47.8956041078766,507.873984777704,871.156271454723,374.047495158234,775.023641037547,13.3586657729534,17.6952111780978,0.523,1,0.171,0.997,40.5889236328577,124.356522110247,35.5675125760308,109.04671354087,-33.1935530004617,33.7632644332151,13.522289833169,69.3572641054103,-12.1891919072056,7.12868640160837,32.3201329980884,49.9575457394885,66.9568174336768,55.8349742722413,19.3178783088139,17.6374127414,1,1,0,0,-31.3055761026524,32.2733474543303,21.1694475445802,81.8871944889513,-5.74644241620744,14.5010307131932,40.8436787841602,61.2686054297456,63.5789235569826,60.717746944371,20.2474731294006,20.4249266455854,1,0,0,0,-30.6934648433534,36.1432577354094,15.0592669392708,76.6098188533862,-8.28550226371143,11.9724194389424,31.6426548719851,54.8165431474619,66.8367225787628,61.5505519141154,20.2579217026538,23.1738882754768,1,1,0,0,-34.6739754349804,33.4615484016552,17.487437337181,81.7930261864608,-10.5115290516769,13.8231757041121,36.834175839412,58.558205286112,68.1355238366356,64.3055888492798,24.334704755789,21.7240294466999,1,1,0,0
466,100,1,1,"L'Ecuyer-CMRG","10407_956611294_-270558343_-853963651_1764938887_269108153_797059381","10407_-862652904_1731563396_842351000_1208188437_-997564353_-759692510",1690377233,2111972843,986713120,898854976,1717954885,512630446,1935403220,27.1769999999997,2.53499999999985,3.94100000000071,0.905000000000655,0.852999999999156,116.297,1,NA,"3835e552db3f","not-a-git-build","bbd3d4119dab4c61438d29ca56ae93a0","confirmatory",172.558999999999,7.82284834458235,12.0573655329374,0.396983023045138,-8.59063464696053,20.5589193007091,11.5896569106869,61.1969562223348,145.380063594867,0.157595520586056,73.7990036375586,5.02158567594954,6.91431285036641,0.751,1,0.539,1,19.3556601824213,58.045327363644,19.4505399313683,54.7025378137979,11.2464848922961,8.58149828857585,8.10628574236243,-2.31165572047915,28.2682220200264,17.8686358371683,126.483422432645,73.6421128768303,65.7118685368284,5.34375217002397,6.64954322006844,5.56296438475903,0.619,1,0.795,1,21.6529818775636,62.7131332448353,22.4505562840687,65.4994973959784,8.36777150176249,9.60525084535808,3.02206948634025,-5.34402715572552,23.1840057640042,14.8362644019219,70.0195999057085,92.2608438022521,9.1329039802688,28.5586262411318,6.12257104635867,6.04425499103988,0.876,1,0.741,1,26.0739705086665,81.7787025242662,22.8577417199384,68.5787312628065,8.58758198757479,9.40125483851663,4.68448652316702,-6.00311154826046,24.846422800831,14.177180009387,73.746564393319,88.3835925387324,21.9444139857334,36.0373482608581,6.65987596988681,7.1585646594795,0.9,1,0.889,1,28.5748802249082,93.2638637565292,30.7001019326374,98.5585552362358,-5.994166555763,45.0634044208709,-10.086637895388,34.4859842349388,12.909479681732,28.8240785601934,3.10633100912854,19.2956305495018,51.0575709766339,44.5726221303268,15.9145988784614,16.1892995403732,1,1,1,0,3.88808967859981,52.4307556342894,-8.17221379908393,45.2101151037234,18.9673763192875,37.0164265734549,9.16550783064649,27.0616475594327,48.5426659556896,53.3823289028073,18.0490502541673,17.8961397287862,1,1,1,1,-3.65225502102836,48.3772839459683,-8.11925003297123,38.3354762785472,13.7487806726887,32.7876069619206,7.8695285089656,21.9143071439888,52.0295389669966,46.4547263115185,19.038826289232,14.0447786350231,1,1,1,1,-4.26282923531756,56.6879515592642,-11.7354520574903,43.1894749427751,14.8139487145136,34.556390233732,4.14780276932782,24.4288800501849,60.9507807945818,54.9249270002655,19.7424415192184,20.2810772808571,1,1,1,1
467,100,1,1,"L'Ecuyer-CMRG","10407_-1164862284_935352394_-942604241_-738325408_808237956_-311568804","10407_503009755_-258006214_2127082965_-1925466559_1672558297_1601471208",986713120,898854976,1717954885,512630446,1935403220,1072562921,1071108872,26.8289999999997,2.86599999999999,3.06600000000071,0.855000000001382,0.837000000001353,115.565000000001,1,NA,"3835e552db3f","not-a-git-build","bbd3d4119dab4c61438d29ca56ae93a0","confirmatory",170.639000000001,11.7287569763241,13.4415702244637,-9.09229439520678,9.7790271976111,10.5270701072203,29.377548183628,137.56374020967,180.675810099189,82.6698173691087,95.6293729316177,6.751740648522,7.79605544968715,0.503,0.996,0.509,1,18.0989269422241,53.8282391422549,21.2013899760069,65.8869677032813,9.64465595138952,18.4464954557219,-6.64934795062893,16.092239365895,12.9700165517982,35.6907603519119,93.0193884206733,340.273194597968,44.2138281685331,258.960167809259,5.77242237216772,10.9873028601798,0.658,1,0.312,0.899,19.5397402584548,59.2237053646591,21.7219450278395,59.6349322005739,9.28660232252579,13.2319722006161,-6.49865133911826,9.38472799250572,13.1207131633089,28.9832489785226,86.2409826967414,175.085088317876,42.2324692274236,88.0731194933204,6.49087671133748,7.86242194649536,0.835,1,0.596,1,27.3136242190015,82.9102613541554,24.5829652339182,75.8321528091052,10.7731501741523,13.4024114641563,-8.51187940022308,9.28287300480585,11.107485102204,28.8813939908228,116.060764674837,179.624633054549,72.4520909239421,86.1717312233532,6.88672715535401,8.31797287530589,0.718,1,0.673,1,25.3754682435245,82.3172312431673,29.3123608720913,89.5924469207799,-10.4200906923088,31.9575042083599,0.600177192026065,59.83817352152,3.37663166951731,18.0078347626193,19.393107810083,38.0805744924024,42.3775949006687,59.237996329494,14.6312030931019,18.6874666823194,1,1,0,1,-10.4558486313713,36.1588929328695,13.90496292287,61.2400551301601,5.38089654031735,20.6626036539773,25.5196605435405,45.2541610509575,46.6147415642408,47.3350922072902,15.28170711366,19.734500507417,1,1,1,0,-11.4180721875031,35.9942734575856,4.39646381490085,57.0592771579603,5.3397800806417,21.6984158712044,20.4589074434333,37.1175642077242,47.4123456450888,52.6628133430595,16.3586357905627,16.6586567642909,1,1,1,0,-11.3635346215265,35.4757654448246,-0.10691443866148,59.4376889289438,3.40203181990857,18.5207392935437,18.9549021082784,37.9466781892588,46.839300066351,59.5446033676053,15.1187074736351,18.9917760809804,1,1,0,1
468,100,1,1,"L'Ecuyer-CMRG","10407_-195088949_-432064818_-1120361571_292451600_1094320171_882655636","10407_-1723152388_958658406_-1804183242_2125883343_-1002207985_-1615229467",1717954885,512630446,1935403220,1072562921,1071108872,636015730,979083838,27.7530000000006,2.51100000000042,2.49700000000121,1.48400000000038,0.831000000000131,116.886999999999,1,NA,"3835e552db3f","not-a-git-build","bbd3d4119dab4c61438d29ca56ae93a0","confirmatory",173.702000000001,7.94211933463221,14.4543977383735,-1.58505757279946,11.7024285786838,18.172683222778,31.3646707637024,63.0772595255387,208.929613979097,2.5124075090889,136.946834639196,5.24626460919176,8.45634054465651,0.81,1,0.528,1,21.4629621313337,63.4243432233243,25.0565231951516,71.0174306294544,7.8454332134572,21.88223981036,-0.567836123401435,20.2952770726863,19.189904672176,39.9575192577049,61.5508223068174,478.832419118105,0.322437863039569,411.898271457107,5.37068248871875,13.2193469735883,0.822,1,0.216,0.994,22.1044044110786,67.6932921770235,25.6697332505489,73.047971989121,9.56207667681711,16.2573668908072,-2.3385206467078,12.0472316208361,17.4192201488696,31.7094738058547,91.4333103733298,264.301978222314,5.46867881507868,145.135789726073,6.59498330706884,9.95192106097175,0.87,1,0.651,1,28.1047580411041,82.6735307188355,33.6572467874145,104.42712975864,9.67323028346797,16.4880447209304,-0.110660901047879,13.7741324275415,19.6470798945296,33.4363746125601,93.5713841170018,271.855618719401,0.0122458350207285,189.726724131451,7.37906964601805,10.2187426357023,0.909,1,0.622,1,33.4522241703061,100.094373517495,33.7285378237256,109.029001294312,-5.87539100088599,46.9165896777487,0.482294536095245,63.7211431228012,8.93132917318089,26.8639132183896,21.296261733022,43.4058882589944,52.7919806786346,63.2388485867059,17.9325840452087,22.1096265259724,1,1,1,0,-7.50149325682298,46.1459254022427,10.0827491828849,68.3920557536559,9.78325284247513,27.9319072842236,28.5345793321755,50.1233468008357,53.6474186590657,58.3093065707709,18.1486544417484,21.5887674686602,1,1,1,0,-8.96968390028625,43.8175922529499,3.02537750895229,61.3101798194335,8.4588382874399,26.3394245369498,22.2845041157339,41.1671994881605,52.7872761532361,58.2848023104812,17.8805862495099,18.8826953724266,1,1,1,0,-9.79714780870317,51.4365817150586,2.62647152518686,63.492041943412,8.77345888270144,30.707585622966,23.3847390501409,43.6251756726263,61.2337295237618,60.8655704182251,21.9341267402645,20.2404366224854,1,1,1,0
469,100,1,1,"L'Ecuyer-CMRG","10407_-2028830298_327851207_98586083_2095415335_-1129171076_459489674","10407_-778052750_1806095231_-557536181_-461812086_2050595057_853090897",1935403220,1072562921,1071108872,636015730,979083838,1491560473,65969341,26.6920000000009,2.85900000000038,2.69700000000012,1.6770000000015,0.836999999999534,113.841999999999,1,NA,"3835e552db3f","not-a-git-build","bbd3d4119dab4c61438d29ca56ae93a0","confirmatory",171.003000000001,12.3791348352329,8.67315401832606,-10.182124119547,-0.382557833057461,9.52708588100704,19.1344373492046,153.242979268876,75.2236006256055,103.675651585861,0.146350495633621,7.22403551780707,5.29757028896121,0.488,0.998,0.648,1,19.880542890464,58.283081166029,18.4277235805394,55.4498847829706,7.40799619344003,12.1496610443339,0.018410057981157,6.59145850058044,19.7276200585352,26.1084536828425,54.8784076020219,147.614263492205,0.000338930234869563,43.4473251648742,5.07470226142646,6.988656218288,0.819,1,0.56,0.997,20.6522034107668,64.434705606146,20.3733472759086,61.8098980094525,8.40607874347697,12.1085425297498,-3.61927401864085,2.53548315527284,16.0899359819132,22.0524783375349,70.6621598415354,146.616802194761,13.0991444220087,6.42867483067229,5.90376379589271,7.3092814804355,0.861,1,0.688,1,24.713946898605,75.7934003540426,25.4057167371435,76.2604048451429,11.2367414609112,15.268903721465,-7.01130046610536,1.08473141095489,12.6979095344487,20.6017265932169,126.264358659362,233.139420855366,49.1583342260092,1.1766422339122,8.07167201719714,9.24144760466802,0.852,1,0.666,1,33.094840829566,105.498427190919,31.854775611656,97.3071764272274,-11.9599166130018,31.624054393005,-1.78550451210437,43.2717768308105,2.09668912810767,16.6208699518535,11.2274592722342,26.2656867120375,43.5839710060068,45.0572813429149,14.5241808237458,15.0382274398033,1,1,0,1,-3.74194878643737,44.6837356814393,3.43256115457264,49.1018354549479,12.561147939246,27.7174479282009,18.7801759442002,33.1363290664485,48.4256844678767,45.6692743003753,15.1562999889549,14.3561531222483,1,1,1,1,-7.47736803299907,38.399619756785,-1.13079086462269,46.7889566531444,8.06973702206724,23.2622509902078,13.4207070434478,30.1098047913658,45.8769877897841,47.9197475177671,15.1925139681405,16.689097747918,1,1,1,1,-13.2031050184953,41.4383627048577,-3.81879013603058,49.3129531901487,2.46467156814224,22.273068318892,10.9687073279911,29.2793117831572,54.641467723353,53.1317433261793,19.8083967507498,18.3106044551661,1,1,1,1
470,100,1,1,"L'Ecuyer-CMRG","10407_22690514_1988185907_2141544106_693553435_-380760452_-1313762438","10407_-1821289730_1087364951_1490924448_1079281361_641214143_-200153711",1071108872,636015730,979083838,1491560473,65969341,1929149291,507612458,26.6540000000005,3.27499999999964,2.46000000000095,0.843999999999141,1.26599999999962,114.302,1,NA,"3835e552db3f","not-a-git-build","bbd3d4119dab4c61438d29ca56ae93a0","confirmatory",170.565000000001,14.3602120503778,21.8691434038985,-11.4404181080883,19.7416281117519,8.22110512212654,39.1111575159316,206.215690131816,478.259433220277,130.883166487874,389.731880502712,8.32440192717787,13.3853518221587,0.519,0.997,0.194,0.935,24.0622628357199,68.1964861547859,21.3997795111,63.6753465034376,16.8494481018432,30.7489315425266,-14.6316028780973,29.0750841216497,5.02992035211749,48.4446135258294,283.903901336707,945.496791006987,214.083802782345,845.360516681007,9.75744408509006,20.4360616107066,0.384,0.997,0.038,0.728,24.2002591167243,70.783464875918,23.5272136560055,69.8564600050831,16.8847992844328,27.5068002155854,-14.0588552935378,23.8609003801038,5.60266793667699,43.2304297842835,285.096446875582,756.624058100127,197.651412164636,569.342566949238,9.76741166947799,16.4403682608596,0.455,1,0.272,0.862,25.8876813580524,83.131630347212,29.1295972743117,88.1361591744003,18.4042292704963,25.706450567257,-15.6377927071698,22.0883017672108,4.02373052304502,41.4578311713904,338.715655040992,660.821600766827,244.540560752412,487.893074959366,10.8170490585119,14.9717427130241,0.5,1,0.366,0.965,31.8273639042072,98.5183823640978,34.2949992514984,105.028344719467,-18.2789429096008,34.1282850076636,11.4645847689543,62.6072503842272,-1.64697818596124,17.8050870256814,31.1975717712239,47.9065877884851,52.4072279172644,51.1426656152729,19.4520652116426,16.7090160172612,1,1,0,0,-20.8524424181915,33.6452978190962,19.0297261594015,72.6520598560337,-5.25037408928976,14.8933799516144,38.6037966564023,58.462099783718,54.4977402372877,53.6223336966323,20.1437540409042,19.8583031273157,1,1,0,0,-17.7227656194801,33.8337776064172,17.3325502737279,69.1405686094184,-2.64574099648495,13.4926605500622,33.4998382408061,53.9957033529102,51.5565432258973,51.8080183356905,16.1384015465472,20.4958651121041,1,1,0,0,-21.9629644184441,34.042963020635,10.2745335004258,72.3962991638917,-6.34049869268624,14.3509325332637,30.4421573917517,51.4675977015787,56.0059274390791,62.1217656634659,20.69143122595,21.0254403098271,1,1,0,0
471,100,1,1,"L'Ecuyer-CMRG","10407_-1964421122_1774647416_-159258547_-914969711_953828656_551004343","10407_1514602893_382919604_673344581_-838329376_-1110178928_-1297432424",979083838,1491560473,65969341,1929149291,507612458,1589740218,1747776769,26.018,3.68000000000029,2.82499999999891,0.886000000000422,0.831000000000131,115.960999999999,1,NA,"3835e552db3f","not-a-git-build","bbd3d4119dab4c61438d29ca56ae93a0","confirmatory",171.740000000002,9.6455483376373,11.2560346911806,5.52828494318374,-7.27061302343949,25.7358530821692,12.9714682334379,93.0366027336978,126.698316969061,30.5619344130321,52.861813736608,6.15595383687248,6.73884488619815,0.764,1,0.659,1,24.4965892363997,70.0444386517202,23.095700383515,66.6332826144699,11.2970303422083,8.18829943015151,8.20834668011278,-1.46183347724666,28.4159148190983,18.7802477796307,127.622894552774,67.0482475578195,67.3769552209185,2.13695711519907,7.00408312381978,5.46767969355756,0.716,1,0.824,1,26.4634793432266,75.0164378745991,23.1090462117737,64.8628255947003,10.5224755712158,11.7967522401628,1.59638539267913,-9.00485463296907,21.8039535316646,11.2372266239083,110.722492146834,139.163363415785,2.54844632195931,81.0874069609046,7.18264336797401,7.43366610912098,0.844,1,0.733,1,29.384487150014,90.3595244400048,27.4438647051231,84.1969773959015,13.7153476813958,12.2838837030376,1.66792241231359,-8.53095257381969,21.8754905512991,11.7111286830577,188.11076202157,150.893798829752,2.78196517349799,72.7771518167607,9.07482368910774,8.36160568637522,0.838,1,0.8,1,36.4837922732437,111.108680213624,33.6381671685841,103.582120053276,-6.4376104976302,52.7678501926148,-17.1097545312652,41.6944692353259,16.6449973152223,36.0842767644518,2.65674550240332,22.6063921803341,59.205460690245,58.8042237665911,19.4392794492294,19.9496466779308,1,1,1,1,-2.39208258353809,55.1412901790552,-10.081554170091,46.3722637671294,17.0497637811662,40.3725964967239,8.07526095729237,28.3569984045725,57.5333727625933,56.4538179372204,23.3228327155577,20.2817374472801,1,1,1,1,-3.60815701191254,49.7293217172313,-20.6894296738332,39.6603406411197,11.997640436464,31.5653481339832,1.04016673156762,21.4591330710983,53.3374787291438,60.3497703149529,19.5677076975193,20.4189663395307,1,1,1,1,-8.53498335858039,52.2214435657071,-19.4650527463717,44.3020410973155,10.6708271063954,32.0404574830493,0.901738546935864,21.8381292790228,60.7564269242875,63.7670938436872,21.3696303766538,20.936390732087,1,1,1,1
472,100,1,1,"L'Ecuyer-CMRG","10407_249523795_2067456403_663811605_1964900063_680655578_-136467042","10407_1360444122_415774465_-1983986649_-2059428501_307214947_-940196029",65969341,1929149291,507612458,1589740218,1747776769,532759443,1354408257,26.9529999999995,2.54900000000089,3.55099999999948,0.870999999999185,0.840000000000146,115.071,1,NA,"3835e552db3f","not-a-git-build","bbd3d4119dab4c61438d29ca56ae93a0","confirmatory",170.191999999999,13.1638320357002,13.4917746526383,-10.6498615657091,10.9754974241648,9.43747742327358,30.9018544308218,173.286473864126,182.027983277574,113.419551368769,120.461543707847,7.59280279294224,7.83170317157041,0.513,1,0.521,1,21.1472786314932,60.3476397541583,22.6573657769299,65.0793013792714,13.8542812439702,16.7451536155717,-11.3675447572581,14.9023811166053,8.71979423172458,34.8287381232623,191.941108787024,280.400169609093,129.221073808267,222.080962944555,8.12131238863116,9.79710376793358,0.551,1,0.357,1,24.4895508918389,70.0557664677449,22.7117549390607,69.3655887270391,15.5631375411966,12.0582437396196,-13.332087468192,9.74054420752162,6.75525152079073,29.6669012141786,242.211250126202,145.401242084075,177.744556259522,94.8782014586829,9.11988611063527,7.69527073124377,0.535,1,0.756,1,27.591441436115,78.7462176375433,29.0446323104856,87.9049823997959,14.4441170043463,11.4898383119541,-10.9835022345349,8.52972282857213,9.10383675444779,28.4560798352291,208.632516035246,132.016384434848,120.637321336034,72.7561715322646,8.80271173019074,7.82450943591632,0.627,1,0.818,1,28.808641235503,93.4054165856269,32.3836314602808,96.4260765592063,-13.8279602820396,33.3410561463479,4.5217695514803,56.9308690803843,0.863706015157922,17.8964773876896,21.7087949548078,39.9262957541055,47.1690164283875,52.409099528904,17.0327713725317,18.2175007992977,1,1,0,0,-21.6110377450616,35.1740623256088,10.1951488372053,63.1671974771112,-1.30053977753963,19.7665236076704,25.8674172886893,43.5108611791464,56.7851000706703,52.9720486399059,21.06706338521,17.643443890457,1,1,0,0,-20.2623606553055,33.0611454539657,4.96470295622793,57.8764509009252,-2.85557835846785,16.1517040171161,19.7130305183939,38.4899038494884,53.3235061092712,52.9117479446973,19.007282375584,18.7768733310945,1,1,0,1,-17.9818181734597,35.4738627424154,1.2408631312389,56.1984826106931,0.812034312003857,17.5812746018597,18.7396454725596,38.1366195064871,53.455680915875,54.9576194794542,16.7692402898558,19.3969740339275,1,1,0,1
473,100,1,1,"L'Ecuyer-CMRG","10407_-1580820727_-1987198916_-1395606709_-837093776_-1893933786_-809270772","10407_-1259512606_374537697_1859472965_1672812345_-880599692_1526205211",507612458,1589740218,1747776769,532759443,1354408257,1771060802,330996132,26.9209999999985,2.89300000000003,3.82200000000012,0.875,0.838999999999942,116.198,1,NA,"3835e552db3f","not-a-git-build","bbd3d4119dab4c61438d29ca56ae93a0","confirmatory",173.203,8.79643620583866,10.565918747362,4.14025471905805,-6.00108631676332,24.7678502423139,14.9700387988804,77.3772899233893,111.638638975855,17.1417091386825,36.0130369812439,5.86155593718516,6.48942862447958,0.811,1,0.68,1,23.8686402742067,70.879595731431,23.1157408816773,68.3745222911306,8.24777025048303,11.3838433793851,3.33697899301503,-7.86113788173758,23.9645745162709,13.1099872339061,68.0257141047529,129.591890086369,11.1354287998236,61.7974887956896,5.66743615575548,6.79517739581669,0.837,1,0.633,1,23.3163345114858,71.9177386909846,23.7027547784552,66.3024858288511,7.41229819250339,12.5153475848359,1.90193293477342,-9.45197560406511,22.5295284580293,11.5191495115786,54.9421644945891,156.633925169257,3.61734888837582,89.339842819842,6.00518302593302,7.61203469942849,0.93,1,0.61,1,26.8400339357719,85.2408760949248,26.1029473987,79.1714579746907,10.1456709606493,13.6204119496254,3.44804505990867,-10.6923338795719,24.0756405831645,10.2787912360718,102.934639241763,185.515621677499,11.8890147351606,114.326003792241,7.6362194782025,8.4135407747493,0.875,1,0.665,1,32.6135673052623,103.655835671234,30.7418916457133,92.1581953675758,-5.56993908137525,51.6499630080943,-15.977312446331,42.5962274596472,15.7893243924284,34.4160469175841,4.41589527459649,25.8885219950128,57.2199020894695,58.5735399059782,18.6267225251558,21.4726267204163,1,1,1,1,-4.27932103855827,52.8247368221614,-12.0666453252949,41.2614027027872,14.8065586500223,32.3478799014687,2.76822214586543,23.2039702308605,57.1040578607196,53.3280480280821,17.5413212514464,20.4357480849951,1,1,1,1,-7.65039074572851,51.0633677576028,-18.6367237066013,38.8413313531796,13.4796343235966,32.708907954292,2.60432030044151,20.941524685736,58.7137585033313,57.4780550597809,19.2292736306954,18.3372043852945,1,1,1,0,-9.67052184575639,53.5225477609917,-19.8684087664679,41.1531571083661,13.2322668152147,34.6105398215404,-1.24720267053302,21.3324392414713,63.1930696067481,61.021565874834,21.3782730063257,22.5796419120043,1,1,1,1
474,100,1,1,"L'Ecuyer-CMRG","10407_1901168176_-571710448_408791046_-1592969608_-17678363_1929015588","10407_-1301485075_1755415054_-1565246007_-1900559037_-968447089_1393287541",1747776769,532759443,1354408257,1771060802,330996132,920430727,330201991,27.1569999999992,2.55499999999847,2.52500000000146,0.876000000000204,1.00400000000081,114.773000000001,1,NA,"3835e552db3f","not-a-git-build","bbd3d4119dab4c61438d29ca56ae93a0","confirmatory",171.453,16.6770840853035,29.1679381589094,-15.2029307809252,27.7774777610965,4.68056095157308,47.4515373435107,278.125133588282,850.768616441963,231.129104329602,771.588270768212,9.87847030290066,19.9881040759402,0.291,0.988,0.017,0.579,21.4445784437402,61.2230842721873,20.4761020503159,61.3439740333238,12.941695804492,39.7183819681641,-10.6378794896095,38.7329994586626,9.24561224288871,58.4070590410768,167.487490296007,1577.54986616898,113.164480035455,1500.24524706476,7.50352791415906,29.7572578938847,0.493,1,0,0.263,21.3372957168667,61.8894612334716,22.0160147432497,63.6541463729367,14.7647469447856,31.6348444746237,-12.3286045673813,30.3454077778263,7.5548871651169,50.0194673602405,217.997752343556,1000.76338493363,151.994490578856,920.84377320256,8.72463448124475,20.7484343803084,0.593,1,0.029,0.761,28.0211934566271,82.3095484075374,26.1813003289049,78.5368920888887,15.7617342629149,32.2691282390291,-12.2713000839095,30.8586419921799,7.61219164858875,50.5327015745941,248.432266974747,1041.2966373069,150.584805749357,952.255785601529,9.55594704220899,20.3911992585516,0.633,1,0.038,0.945,32.6962969174892,99.8612388136191,30.0599630805004,91.7680982160113,-19.3917330722983,27.1443490823306,23.9529781073564,71.5067602082539,-3.25146523682527,12.906299983679,38.8017701535244,56.1512569759495,46.5360821546289,47.5537821008975,16.1577652205043,17.3494868224251,1,0,0,0,-13.5194975012897,31.0029158050407,32.9715465839908,83.3738269130407,2.21266761684601,16.4874977173495,49.9147507349077,67.5793396058195,44.5224133063304,50.4022803290499,14.2748301005034,17.6645888709119,1,0,0,0,-16.8401302509108,32.1902969414182,26.2722755223006,76.1356942669364,-0.307648348538575,15.6743402592815,40.8746496704105,59.1071090811301,49.0304271923289,49.8634187446358,15.98198860782,18.2324594107196,1,0,0,0,-19.1676246071586,34.3406232141102,25.3211048647449,76.0847611634283,-1.93959369332771,16.7242524671026,41.5545185845201,60.6121113502821,53.5082478212687,50.7636562986834,18.6638461604303,19.057592765762,1,0,0,0
475,100,1,1,"L'Ecuyer-CMRG","10407_669719286_1907506445_1608973053_-847202985_-1827182619_-1867308332","10407_-1298610638_1284321647_-234757568_-1540543369_1881660656_1304768656",1354408257,1771060802,330996132,920430727,330201991,1119632972,717706103,26.4529999999995,2.87599999999838,2.503999999999,1.56500000000051,0.858000000000175,115.118,1,NA,"3835e552db3f","not-a-git-build","bbd3d4119dab4c61438d29ca56ae93a0","confirmatory",171.821999999998,11.9107855564487,12.9441711645499,-8.57142723800413,8.95182443170329,11.1928342039546,28.7142722367608,141.866812571706,167.551567137166,73.469364896399,80.13516065604,7.19307650706305,7.66614373432268,0.685,1,0.586,1,25.863490184472,71.1767239555488,23.8597214478653,74.756791045026,14.2063702661092,18.5203885588009,-10.4919648679133,15.8705512815432,9.2722965740454,35.6329990866007,201.820956137793,343.004792368963,110.081326789527,251.874397980091,8.65038213083186,10.7525836039181,0.642,1,0.381,0.995,28.9919210736025,88.4959863015133,24.1166936845064,73.5325400861973,18.7918913293329,14.1329660864477,-13.7566939318469,10.1867148399011,6.00756751011181,29.9491626449586,353.135179733455,199.740730400681,189.246627934513,103.769159229461,11.3253531844597,8.49311302255704,0.581,1,0.639,1,36.3971890246215,107.922264610892,28.9103295588962,85.7135930309933,22.8188493461408,20.4690145628598,-14.3051125763906,18.0993748410057,5.45914886556814,37.8618226460632,520.699885481868,418.980557174567,204.636245823207,327.58736963523,14.0149297496455,12.0768763417707,0.578,1,0.501,1,45.7537735431195,132.474055237154,34.9539412569198,110.290480997123,-17.2472829664057,39.851761401989,-6.04666741785087,56.8674401889483,1.49333188339204,21.4625544567036,19.1835419471476,39.5614645745298,57.0990443683947,62.9141076067992,19.9692225733115,20.3779226273822,1,1,1,1,-26.166980164292,44.5562603015302,6.22434230816334,68.981760758471,-1.44326346937462,20.7743757259663,26.1184076526904,45.3075939884054,70.7232404658222,62.7574184503076,22.2176391953409,19.1891863357151,1,1,1,0,-29.4228705234682,37.8553196907315,0.830693456075865,59.6581171009646,-4.87064153815428,18.6658969346038,19.3490105367428,40.924196602156,67.2781902141997,58.8274236448888,23.536538472758,21.5751860654132,1,1,0,1,-29.7961676427479,44.726589332494,2.64743314535292,75.8127037578695,-8.27740063045745,17.7446668752361,25.3283794996108,49.1288020537812,74.5227569752419,73.1652706125166,26.0220675056936,23.8004225541704,1,1,0,0
476,100,1,1,"L'Ecuyer-CMRG","10407_691195671_736414946_293063862_804887432_1407300354_1800138191","10407_-606847674_1433498394_-1072162929_51158752_117329098_-865275164",330996132,920430727,330201991,1119632972,717706103,1309835876,2030274184,26.9740000000002,2.77099999999882,2.63500000000022,0.854999999999563,0.825000000000728,117.681,1,NA,"3835e552db3f","not-a-git-build","bbd3d4119dab4c61438d29ca56ae93a0","confirmatory",172.588,9.49292899543798,8.84297395985996,-5.23316857546908,-1.46768452194808,14.7137305856823,18.5096266554967,90.1157009124271,78.1981884547613,27.3860533392771,2.15409785596595,5.73798891201981,5.47032060653336,0.69,1,0.706,1,20.0794093355988,59.3523325164198,20.2411933661853,58.1789500622741,8.7728244568088,8.82778178557619,0.389650523637506,0.372753940345063,20.3365496847889,20.3500651177899,76.9624489499827,77.9297312537508,0.151827530570983,0.138945500042771,5.59848278907895,5.57166827323663,0.78,1,0.69,1,22.1033386865233,63.2308488141224,20.1843060118366,62.8847201787164,11.0122385579557,11.0288936402013,-2.32849466457969,-4.88014360195949,17.6184044965717,15.0971675754853,121.269398057325,121.636494926873,5.42188740297608,23.8158015757461,7.15220017188509,6.87525224318739,0.776,1,0.714,1,27.4836781853645,83.2075675869932,24.6202198934957,75.806402437913,11.6088787643279,10.4161786812543,-1.55647503446458,-1.21735472485981,18.3904241266868,18.759956452585,134.766066164864,108.496778319817,2.42261453291152,1.48195252613851,7.91186344414887,7.17225717798845,0.816,1,0.823,1,32.1444319861976,97.2195569303967,29.0220164114493,91.2173796862142,-6.9806075283059,36.0398274053814,-3.02971980334408,41.8520301306069,6.42136007913499,22.0794523169433,10.4572204720547,26.5045614607843,43.0204349336873,44.881749933951,15.6580922378083,16.0473409887296,1,1,1,1,-4.35228625580603,44.5844794899743,-7.87107397024973,44.5324804967362,12.4141876999771,27.9011909037366,13.0091919759558,27.9846413620729,48.9367657457803,52.403554466986,15.4870032037596,14.9754493861172,1,1,1,1,-6.19384779825282,43.1085785362647,-7.95487721564864,41.4541289082201,8.10684179642468,26.7122346263075,7.04422422019985,23.0299347935847,49.3024263345176,49.4090061238687,18.6053928298828,15.9857105733848,1,1,1,1,-7.94816966598499,47.7531615132985,-7.39516809774539,47.6679223013654,8.87992230666786,28.0030929585702,9.38741341440747,28.3461760496915,55.7013311792835,55.0630903991108,19.1231706519023,18.958762635284,1,1,1,1
477,100,1,1,"L'Ecuyer-CMRG","10407_-542015663_-208098356_656960346_2036717455_1751440383_-758504171","10407_716898851_824340931_1317200665_-2016353711_-1465484062_-2141808801",330201991,1119632972,717706103,1309835876,2030274184,1787481111,562192037,26.5570000000007,3.82400000000052,2.66400000000067,0.885000000000218,0.844999999999345,117.789999999999,1,NA,"3835e552db3f","not-a-git-build","bbd3d4119dab4c61438d29ca56ae93a0","confirmatory",174.004000000001,17.568415755097,12.1412403886905,15.4677947464101,-7.86996551125371,35.0020472991692,11.8763611339506,308.649232143939,147.40971817597,239.252674317073,61.9363571483229,10.289916113065,6.99269952386389,0.296,0.98,0.553,1,21.7072531615681,64.8486312668103,19.3485983859739,59.4516571474228,20.2920818439479,9.7127765011047,18.449690902812,-3.53517285843736,37.983943455571,16.211153786767,411.768585561482,94.3380273604117,340.391094409304,12.4974471390322,12.2785330554202,5.78649167030822,0.18,0.943,0.639,1,20.7454098421004,62.8777319963399,19.0510503059879,57.1987432039492,19.9648967901419,11.1010695797933,17.5319193520871,-5.67482225519886,37.0661719048462,14.0715043900055,398.597103841019,123.233745815412,307.368196168088,32.2036076281002,11.654279307683,6.81490903046856,0.34,0.992,0.683,1,26.9310976293658,81.6376432491781,23.5727133593704,75.262485945903,21.9863822439853,11.7685385248376,19.4987493670076,-6.46440560456469,39.0330019197667,13.2819210406396,483.40100417863,138.498499010586,380.201226877381,41.7885398203274,12.7985638319816,7.46946877249905,0.366,1,0.765,1,31.9150250127346,98.2092618259018,28.3133227858023,85.503113681697,10.5388112046294,60.5208187316014,-12.2168797229891,39.2964618627602,27.3983024206156,43.5637881428479,4.1583124595837,19.3591204644585,49.982007526972,51.5133415857494,16.1654857222323,15.2008080048748,1,1,0,0,16.4145971630743,60.4094456267856,-6.02609529882419,36.9783853632679,30.3738425159022,45.5597857062169,9.56728102802341,23.4099565078778,43.9948484637113,43.0044806620921,15.1859431903147,13.8426754798544,1,1,0,1,11.8262183479099,61.6041088619768,-8.80312289559842,35.4932840357139,28.3142846558649,45.7210813947522,5.60193643476626,22.0448838649013,49.7778905140669,44.2964069313123,17.4067967388872,16.442947430135,1,1,0,1,8.33005322124546,67.4053212888907,-11.4166859761021,39.2054104301616,28.9112859408699,49.2325987059446,4.21293530981195,22.2275197265355,59.0752680676452,50.6220964062637,20.3213127650747,18.0145844167235,1,1,0,1
478,100,1,1,"L'Ecuyer-CMRG","10407_-1031579403_-255172062_-531215908_116430456_704235643_-309777739","10407_-955368321_2081667638_-1081007471_144034767_1943401866_1805560228",717706103,1309835876,2030274184,1787481111,562192037,900415534,1430577339,27.3639999999996,2.50700000000143,3.48199999999997,0.851000000000568,0.820000000001528,118.678,1,NA,"3835e552db3f","not-a-git-build","bbd3d4119dab4c61438d29ca56ae93a0","confirmatory",174.726000000001,10.0572007274968,8.53259155622582,5.51339961199514,0.0961062379695079,26.1172980542269,20.6018502704416,101.147286473161,72.8051186653762,30.3975752815482,0.00923640897665168,6.18131812359714,5.30596117687041,0.708,1,0.686,1,22.299564647244,65.4355556313614,19.0331428911022,58.5796187457761,13.3948055054185,9.26289662328007,10.5307487659193,0.448100288560319,31.1346472081511,20.9538443210324,179.420814527991,85.8012538535734,110.896669570911,0.200793868607841,7.73246487570351,6.3073890655551,0.48,0.995,0.796,1,20.4462163473728,60.4288326572711,24.8092871565828,79.0918933179578,11.1612387581383,11.5073645775634,6.59503657560016,-0.741956928454332,27.1989350178319,19.7637871040178,124.573250616169,132.419439520961,43.4945074335039,0.550500083681387,7.12426283621073,7.37154505922846,0.764,1,0.78,1,26.6155957308247,81.3174411318088,28.415704254747,85.4422282200429,13.2511298234664,13.4650841947663,6.57985955039587,2.27601681860104,27.1837579926277,22.7817608510731,175.59244159836,181.308492372146,43.2945517029357,5.18025255855481,8.60081966499649,8.80079571075935,0.789,1,0.798,1,32.9161111362796,101.555122115455,34.7372804090215,104.49751886608,-2.47711209030081,51.5624426366607,-3.48705248923438,45.8390668144433,17.6428166020828,35.9317381653146,13.0451375573868,27.6802609788723,54.0395547269615,49.3261193036777,18.2889215632318,14.6351234214855,1,1,1,1,10.1466055260403,51.0712856124818,-8.27418347498496,59.178787022305,24.1052751265188,37.8933826060061,9.49607171487606,29.6263569587775,40.9246800864415,67.4529704972899,13.7881074794873,20.1302852439015,1,1,0,1,-2.3472808125721,54.8108191062826,-9.60933191988441,42.1941394964623,18.1271952634176,36.0896824271474,10.3081459883145,29.3960100353434,57.1580999188547,51.8034714163468,17.9624871637298,19.087864047029,1,1,1,1,1.48905778819643,54.5271196683649,-4.34563356330701,56.2663281274784,16.9746178538421,36.9222965293161,11.661225015992,33.4114888083207,53.0380618801685,60.6119616907854,19.947678675474,21.7502637923287,1,1,1,1
479,100,1,1,"L'Ecuyer-CMRG","10407_1934862358_184832264_395349802_-1780360958_-586249032_-1579199061","10407_-1000632333_-830219133_370370558_-547901775_795530051_-1364518263",2030274184,1787481111,562192037,900415534,1430577339,77148167,985690636,26.905999999999,2.86499999999978,3.0010000000002,0.861000000000786,0.82799999999952,113.322,1,NA,"3835e552db3f","not-a-git-build","bbd3d4119dab4c61438d29ca56ae93a0","confirmatory",168.316000000001,12.6844126186961,22.3972574022836,10.4214504856171,-19.9994020885158,29.8853297844472,-0.488497040029901,160.894323481337,501.637139144148,108.606630224169,399.97608389813,7.46243592187152,14.3639732590838,0.565,1,0.161,0.65,22.9337829992771,63.8204267320593,17.7721985063984,51.5253420333899,15.6711220102115,24.6041215911884,13.6947511422751,-22.323926788488,33.1586304411053,-2.81302174000206,245.584065058934,605.362799273985,187.546208848846,498.357707257771,9.15391786673033,15.9738703280958,0.38,0.999,0.132,0.634,22.286533271031,66.2486759916346,18.9775465506503,55.0435956753706,14.5047373061105,23.9250360961068,11.2926087763299,-19.4683920502537,30.7564880751601,0.0425129982322538,210.387404319274,572.407352200013,127.523012975244,379.01828902238,8.48857703282877,14.2256095670237,0.555,1,0.307,0.862,25.1520855437184,78.3087076941821,24.789407840996,76.3129285099329,14.9133147504056,24.5017034147787,10.7189841863706,-19.9338443947038,30.1828634852008,-0.422939346217889,222.406956844666,600.333470225779,114.896621987664,397.358152352264,9.06647340899764,14.4447877831189,0.618,1,0.31,0.912,29.6506667691938,96.4391659429508,26.9592147027503,81.207130947652,6.64701785541939,55.8897120390626,-21.5085860826826,18.1743530300774,19.5986866691067,39.5548416322749,-8.20286772481294,6.77796752602333,49.2426941836432,39.68293911276,19.9561549631682,14.9808352508363,1,0,0,0,7.89739824995658,56.5707961198056,-23.4912295311713,18.0926346623997,24.3669289540476,41.5761668219699,-10.246536914628,4.90346544881732,48.673397869849,41.583864193571,17.2092378679223,15.1500023634453,1,0,0,0,6.927260271398,55.1017365364199,-20.4589687348087,21.9961754982832,22.7711286381857,39.1502792519744,-6.6507754585239,7.13366302089961,48.174476265022,42.4551442330919,16.3791506137887,13.7844384794235,1,1,0,0,5.87317897419927,54.5418363764637,-22.2777570233171,22.4839445875001,21.8896460348633,37.6149559834413,-8.02250164698308,7.64999724736145,48.6686574022645,44.7617016108173,15.725309948578,15.6724988943445,1,1,0,0
480,100,1,1,"L'Ecuyer-CMRG","10407_1846631762_-884643519_1426512408_1200435472_186056689_-2095776031","10407_-1179595509_-1598160332_-2020866791_1595112896_1189308117_1073661400",562192037,900415534,1430577339,77148167,985690636,1971781513,1628401784,27.2839999999997,2.47099999999955,2.49700000000121,1.48199999999997,0.843999999999141,111.209000000001,1,NA,"3835e552db3f","not-a-git-build","bbd3d4119dab4c61438d29ca56ae93a0","confirmatory",167.672,11.3983809303656,12.4565823433943,8.20623874689466,9.14709427116353,27.9874585018713,29.2518756983129,129.923087833723,155.166443677763,67.3423543710353,83.6693336055527,6.8401938624926,7.25219641584444,0.68,1,0.604,1,24.1990224408229,67.0647571119513,22.8078780632094,62.3644679410287,15.4487763618674,17.7529126312977,13.4543979289532,15.6874047204599,33.2356176839298,35.7921861476092,238.664691078993,315.16590689449,181.02082363062,246.094666863508,8.99188247171407,10.4824576083918,0.481,1,0.282,0.967,25.9610036014651,75.0152154484982,20.7100916221972,63.8356785860774,11.596302596677,14.5012801399287,8.26475490995951,10.472296880214,28.0459746649361,30.5770783073634,134.474233913697,210.287125696689,68.3061737216998,109.66900194734,7.61558228957422,8.6998663278477,0.794,1,0.667,1,30.2543367194239,90.5813356670545,28.9513428158175,88.5799570324387,13.0628215443871,14.706208685813,9.52380219403328,11.6105969782945,29.3050219490099,31.7153784054439,170.637306700503,216.272573910681,90.7028082310732,134.805962192382,8.41977954853171,8.98618666919147,0.774,1,0.681,1,32.9405335226229,97.4939426014208,31.14871027334,96.0110937762282,-1.43668876168719,56.4761893260708,3.10562030527178,55.8990766546136,16.9227030905817,38.2004918558641,19.7700337962931,38.0668032292458,57.912878087758,52.7934563493418,21.2777887652824,18.2967694329528,1,1,1,1,1.36590211107882,64.0519931485502,13.5173227315661,62.8082655792249,21.6922780894892,45.4558142853842,27.6332903085093,43.0640942749482,62.6860910374714,49.2909428476588,23.763536195895,15.4308039664389,1,1,0,0,-0.988818648879293,55.5922256184708,1.81177137221108,57.2516576755301,18.0706783451902,38.2220445909298,21.5798554661457,40.0929673841667,56.5810442673501,55.439886303319,20.1513662457396,18.513111918021,1,1,1,0,-3.14683183462885,57.798771496534,1.54245151433553,60.2648327828575,18.3778425517489,40.1182721769285,22.3181876036663,41.6242647839158,60.9456033311629,58.722381268522,21.7404296251797,19.3060771802496,1,1,1,0
481,100,1,1,"L'Ecuyer-CMRG","10407_-1497184151_-462584733_-1091516458_-630301505_-2070656037_-287635751","10407_-999387152_-1557193328_-1414794791_1278311252_1901518645_-371595398",1430577339,77148167,985690636,1971781513,1628401784,852974558,731599521,27.4809999999998,2.90199999999822,2.55299999999988,0.927999999999884,0.828999999999724,114.224,1,NA,"3835e552db3f","not-a-git-build","bbd3d4119dab4c61438d29ca56ae93a0","confirmatory",171.625,9.58062724644552,12.8908172388387,-5.49639946063717,-8.63936446883449,14.276041933703,11.0502933735098,91.7884184353343,166.173169085141,30.2104070308926,74.6386184253599,5.97224006669184,7.42277756837773,0.759,1,0.574,0.997,22.1577815775309,64.9733319818514,21.1444997862492,60.7515991886003,9.33632598430883,12.5837121161209,-2.35199681088969,-7.77946105740511,17.4204445834505,11.9101967849392,87.1669828852803,158.349810621409,5.53188899843529,60.5200143436826,5.82805989918053,7.33266544188683,0.746,1,0.632,1,21.9989038435016,64.1727462973252,23.4992057071678,67.0270851812211,11.217336032435,16.5250052036596,-5.51515871394767,-11.9551962130848,14.2572826803925,7.73446162925949,125.828627664564,273.075796980977,30.4169756400329,142.926716493358,7.34407016478146,9.53546348915179,0.813,1,0.548,0.998,29.13901345501,87.9303916259507,27.6394770590392,82.3132580919347,12.5195662443605,15.9178912981163,-4.46998633122142,-11.062243427757,15.3024550631188,8.62741441458738,156.739538946931,253.379263378647,19.9807778013063,122.373229654952,8.42911572225596,9.45893178929863,0.835,1,0.621,1,34.2987925201609,105.746018214845,30.3131271221916,97.2827694667616,-13.1960824826429,39.708649777156,-13.8453940367537,34.0932435469138,5.88030010898607,23.5692979412582,2.75721368899148,19.4412910452146,52.9047322597988,47.9386375836675,17.6889978322722,16.6840773562231,1,1,1,0,-6.26765068183456,40.5550073026542,-14.5639021530647,36.8301412321108,9.6317858134982,25.3178780119101,2.7316288765051,21.1712406773336,46.8226579844887,51.3940433851755,15.6860921984119,18.4396118008285,1,1,1,1,-14.1219479533873,38.4840127452948,-15.0565712338758,32.8756081668169,5.22783536799183,23.8159366723121,-0.923313760046476,16.6110389964172,52.6059606986821,47.9321794006926,18.5881013043203,17.5343527564637,1,1,1,0,-14.1066560169988,44.9182974267596,-20.1204295234399,34.4009794961344,5.41329783067681,25.9715766762546,0.295611408637318,17.6628064098872,59.0249534437584,54.5214090195743,20.5582788455778,17.3671950012499,1,1,1,0
482,100,1,1,"L'Ecuyer-CMRG","10407_1534453889_-128591028_202633837_-2147393689_1663870002_-1138513634","10407_-134179078_-1687205811_-1141913584_-1664257700_-1219034816_528292665",985690636,1971781513,1628401784,852974558,731599521,722708070,982999075,26.9570000000003,2.53900000000067,3.33300000000054,0.850000000000364,0.814000000000306,116.053,1,NA,"3835e552db3f","not-a-git-build","bbd3d4119dab4c61438d29ca56ae93a0","confirmatory",171.395999999999,11.8504238323351,9.29513604943906,9.03627056207815,3.12414834377605,28.9970229035638,23.1669616817999,140.432545005975,86.3995541775815,81.6541856710801,9.76030287391865,6.92072255583804,5.61473587502762,0.538,1,0.672,1,20.7312478394493,60.0804479895616,19.5191028414357,57.7563386145845,10.4340729659231,12.5004635118138,7.25874024276969,8.9880398401035,27.2194925842554,29.0308531781274,108.869878658208,156.261588010187,52.6893099120042,80.7848601672878,6.1515924711484,7.22545837847175,0.599,1,0.545,0.999,19.4481157189643,57.4109835112165,19.9883174296924,58.6393766555905,12.1268529871743,11.4744366508353,8.47084382673717,5.41556666489464,28.4315961682229,25.4583800029185,147.060563372539,131.662696454031,71.7551951369712,29.3283623019181,7.51452177708591,7.16977036801323,0.699,1,0.746,1,27.3135175593455,81.4314037727624,26.6475251516249,79.5488327959394,16.3294581617747,12.5477764977605,14.514487913421,7.02734242044719,34.4752402549067,27.0701557584711,266.65120385715,157.44669503775,210.670359388843,49.3835414942166,9.62893838585025,7.70336838948958,0.39,1,0.709,1,25.5778255012814,83.0996819070545,27.1027597473296,83.1036217320124,4.03183956814902,52.2990702997437,0.407500818501715,46.8389935067038,20.4245230244268,37.54368704848,14.5862636196815,31.1967030109481,48.2672307315947,46.4314926882021,17.1191640240531,16.6104393912666,1,1,0,1,8.2391264932729,48.9126200709816,4.8422468896219,53.1301994654966,20.0493115905675,34.0911363791545,21.658708062535,37.0002668112528,40.6734935777087,48.2879525758747,14.0418247885869,15.3415587487178,1,1,0,0,4.37583076162631,52.8482285778,-0.722650001223602,48.2182028300024,20.3311718858511,36.8512341491267,17.1143378074112,34.4898898926956,48.4723978161737,48.940852831226,16.5200622632756,17.3755520852844,1,1,0,1,10.5490323472709,56.2366853302144,0.226516038756361,52.7177113652903,25.8396515837828,42.8702941975398,18.1990720540324,35.5105717576114,45.6876529829435,52.491195326534,17.030642613757,17.311499703579,1,1,0,1
483,100,1,1,"L'Ecuyer-CMRG","10407_-1851200136_-1306692354_1526678577_-497719847_-1849135208_1843023421","10407_1614496316_545918621_-1913228459_762398334_1689571247_762957465",1628401784,852974558,731599521,722708070,982999075,746335240,1469500759,26.4269999999997,2.85699999999997,3.23999999999978,0.835000000000946,0.822000000000116,115.233999999999,1,NA,"3835e552db3f","not-a-git-build","bbd3d4119dab4c61438d29ca56ae93a0","confirmatory",169.592999999999,8.58640840570872,9.59599375002364,-3.32633173273996,4.35890784250864,16.2681915414277,24.0682172478011,73.7264093096254,92.0830960504929,11.0644827962328,19.0000775794833,5.76616453430954,5.86001128943081,0.827,1,0.707,1,23.8848817962094,70.4343695947997,21.7786341495809,60.4616080919656,8.40940294124761,12.5520109145419,-3.29530043757089,9.05695877645838,16.2992228365968,28.7662681817508,70.718057828264,157.55297799878,10.8590049738549,82.0285022784664,5.72881594225522,7.34625593957962,0.845,1,0.601,1,23.8817673016387,71.2502645381443,23.4098620675889,65.6838219372427,7.94567339909579,11.6725940457447,-1.54553054667676,6.45476176693062,18.0489927274909,26.1640711722231,63.1337257650984,136.249451756754,2.38866467071096,41.6639494678293,6.22667106193263,7.29571239414029,0.925,1,0.718,1,28.3773282471609,85.7269438570367,26.5262349965052,81.3874337938662,8.83281263681886,10.5222393705725,1.75040644854609,2.23578079464017,21.3449297227137,21.9450901999326,78.0185790771469,110.717521371627,3.06392273511173,4.99871576168185,7.20017985461462,7.44234816373713,0.954,1,0.871,1,34.269957850726,100.037216334617,31.9509322672337,95.4532076483361,-15.4302193108256,44.3099056263295,-1.91439689871652,49.877400557227,6.9168866256695,26.6524434024215,14.7623755290906,33.141007893482,59.7401249371551,51.7917974559435,19.735556776752,18.3786323643914,1,1,1,1,-12.4592343529718,44.7448298498762,2.15231580443943,57.5834758710093,6.85661523757597,26.492231742028,18.9248377706664,37.9879564619,57.204064202848,55.4311600665699,19.6356165044521,19.0631186912335,1,1,1,1,-10.418611009514,47.8491694353678,-0.414696683843486,54.1402397960205,8.42797398476228,27.2145667983687,16.8286152082791,34.8292431786821,58.2677804448818,54.554936479864,18.7865928136064,18.000627970403,1,1,1,1,-12.1648077101963,53.0753868424624,-5.3684700969868,50.7623709768514,11.1357996005374,32.3797185884765,12.5206678370836,31.9869445288798,65.2401945526588,56.1308410738382,21.2439189879392,19.4662766917963,1,1,1,1
484,100,1,1,"L'Ecuyer-CMRG","10407_1108671370_761398046_-892080524_-1105938366_-124591194_1337840285","10407_-43400127_241108014_1346126415_-1851260780_-1493067604_1306531195",731599521,722708070,982999075,746335240,1469500759,1976923720,1062086681,27.7960000000003,2.51800000000003,2.44200000000092,1.49699999999939,0.822000000000116,118.630999999999,1,NA,"3835e552db3f","not-a-git-build","bbd3d4119dab4c61438d29ca56ae93a0","confirmatory",175.578,19.6837057590824,21.7729601447201,-17.8400273914275,19.9026700859806,2.35660623393828,39.9935566820387,387.448272410134,474.061793463568,318.266577326882,396.116276551386,11.7077429612381,13.3826027711185,0.248,0.968,0.17,0.951,23.244940900365,67.8609973208965,21.603353023568,63.4280040557178,21.8494772114032,31.6837098067874,-20.0373830953004,30.4844474209646,0.1592505300653,50.5753340170228,477.399654411627,1003.85746712072,401.496721307832,929.301534561557,13.0939541358611,21.6402571000553,0.202,0.955,0.005,0.586,25.121254001887,72.1763558582858,24.1086301781123,67.0457685949093,21.4882913642467,25.3877911609814,-19.5951639672897,23.6327890809367,0.601469658076076,43.7236756769948,461.746665754758,644.539940033605,383.970450904967,558.50871974404,12.5689382702256,15.3145910822591,0.281,1,0.173,0.973,28.7286623979608,85.8161763827513,27.7527417793991,84.4557964286143,25.8069454080763,23.6250136094036,-24.1587565501222,20.9972019780031,-3.96212292475641,41.0880885740612,665.998431295429,558.141268044507,583.64551804807,440.882490905056,15.2352917031114,13.9773015198417,0.239,1,0.354,0.983,34.0760764474559,105.214309607262,33.6763610418159,101.29626314571,-25.8056475721371,28.3689285399674,12.2263897153344,64.5499413562976,-7.33743797775908,11.8021254840901,31.2296520432212,48.6214852340363,54.1745761121045,52.3235516409632,19.1395634618492,17.3918331908151,1,1,0,0,-27.6720796069043,27.9423572394002,24.7797310660813,78.2704026213355,-9.36849093664875,10.2004718540682,40.4820425476981,60.9468569773154,55.6144368463045,53.4906715552542,19.568962790717,20.4648144296173,1,0,0,0,-30.0406610767508,28.9521663451978,15.127941357956,72.1587501956087,-9.21635765507166,11.0952500121077,33.9283513205711,53.467675203808,58.9928274219486,57.0308088376527,20.3116076671793,19.539323883237,1,1,0,0,-37.1571036839578,26.5444772712244,10.3195496184374,71.2428493114433,-14.2804532373142,7.10651985098455,30.645066454771,51.3402289883535,63.7015809551822,60.9232996930059,21.3869730882987,20.6951625335825,1,1,0,0
485,100,1,1,"L'Ecuyer-CMRG","10407_-1750135245_-1094724903_-41499242_-1332875141_-1534189116_-577863902","10407_289987324_-778226748_1279133359_-122581236_-2042774642_1462408964",982999075,746335240,1469500759,1976923720,1062086681,897065637,1775792788,25.7870000000003,2.83000000000175,2.88799999999901,1.59200000000055,0.861000000000786,118.617,1,NA,"3835e552db3f","not-a-git-build","bbd3d4119dab4c61438d29ca56ae93a0","confirmatory",174.719000000001,7.89046688862139,12.5891073451552,1.02759405361795,8.27301360391142,20.8702266951186,28.093521449172,62.2594677204305,158.48562374784,1.05594953903096,68.4427540905034,5.32178919865859,7.22104061384608,0.828,1,0.457,0.991,22.3811049097932,65.5434849089046,16.8792851053561,51.0926162102219,10.6628449601152,16.4732328500028,6.97481073362348,13.4906770073433,26.8174433751242,33.3111848526039,113.696262643453,271.367400530411,48.6479847698693,181.998366116461,6.59837616414437,9.73116518863198,0.709,1,0.348,0.909,23.9164270979955,71.6142775537888,18.3194474414853,53.3559718332852,9.48229109157681,13.9282836827377,3.27548658284433,9.05163266275022,23.118119224345,28.8721405080108,89.9138443453969,193.997086346816,10.7288123543932,81.9320538613667,6.62911905833594,8.18039839375364,0.864,1,0.579,1,28.2115669569215,84.9845015129115,24.5992444512639,76.5079004267256,9.82539737543694,13.5189582009201,4.39941095384474,8.67532203385344,24.2420435953454,28.495829879114,96.5384335852432,182.762230838225,19.3548167408091,75.2612123910631,7.512414201509,8.0740608668366,0.908,1,0.622,1,32.1929453164704,104.0680321439,25.772775390438,79.099525576821,-6.16079855674822,45.6497701653486,7.10403211586387,48.7000563738143,11.3291094717854,30.9934962570191,21.110527189382,34.7566704785448,51.8105687220968,41.5960242579505,19.6643867852336,13.6461432891628,1,1,1,0,-1.2352292370862,59.3313060546823,11.4269109874147,54.4197514412178,16.5466863524127,36.2168769970796,25.7916523064783,40.9937652236628,60.5665352917685,42.9928404538031,19.6701906446669,15.2021129171844,1,1,1,0,-6.03982492384006,48.7102216845277,4.46630532465409,51.939773733441,13.9100063847371,32.4612197253297,21.2892286308795,36.872903717662,54.7500466083678,47.4734684087869,18.5512133405925,15.5836750867825,1,1,1,0,-5.22873777665719,56.4319820797507,3.2904385975355,54.6356223685702,14.4585597057593,33.8739970544576,19.9728658695386,37.2128890258381,61.6607198564079,51.3451837710347,19.4154373486983,17.2400231562995,1,1,1,0
486,100,1,1,"L'Ecuyer-CMRG","10407_2126502757_-772537030_-236701899_-565953963_1920509787_1927860188","10407_-260800586_890725624_-1575631665_-1091984373_-1127772261_-1491312880",1469500759,1976923720,1062086681,897065637,1775792788,915963876,1953356093,26.2919999999995,2.49599999999919,2.47699999999895,0.938000000000102,0.841999999998734,114.675999999999,1,NA,"3835e552db3f","not-a-git-build","bbd3d4119dab4c61438d29ca56ae93a0","confirmatory",171.743,22.5997932999967,10.2968752028502,-21.4932973745781,-2.68725797968824,-1.75257177380956,16.9602289710546,510.750657202574,106.025638943071,461.961832032047,7.22135544939812,13.9546454691748,6.13829164352499,0.095,0.972,0.613,1,23.8699679227702,69.1725396760146,20.5336776078104,60.6908752606391,28.4346737493352,9.67418035487396,-27.4435534927785,0.34792671165696,-7.7028278920099,19.9954136623998,808.530671231131,93.5897655386293,753.148628310993,0.121052996684426,17.8827245018336,6.02955185633607,0.039,0.944,0.695,1,28.338737515406,82.6602319832305,22.094782343946,65.6241039548025,24.1483190926003,11.0697647173219,-23.0589263987737,-3.30269718058268,-3.31820079800512,16.3447897701602,583.141314998045,122.539690896865,531.714086664062,10.9078086666288,14.5401438657893,6.86370693935224,0.13,0.999,0.727,1,29.3544205877632,85.2018426663785,24.5727708245843,75.5934657261848,23.2098760329907,13.1429020121267,-22.4431886234467,-1.96916463692081,-2.70246302267817,17.678322313822,538.698345466797,172.735873300364,503.696715587609,3.87760936729947,13.7625657706028,8.35851827860091,0.281,1,0.756,1,36.0840827590822,108.202621518767,31.4066348820673,95.4464320529256,-30.139295352945,27.405684325871,-6.87520797151366,42.9984541926565,-11.9630863087583,7.45884359054406,8.23099284912634,24.7471532769105,57.544979678816,49.8736621641701,19.4219298993024,16.5161604277841,1,1,0,1,-44.1303580137906,27.6472673376639,-6.03654381605791,48.6910149786688,-19.6746725778281,4.33665698581624,10.1457876797205,29.621820977332,71.7776253514545,54.7275587947267,24.0113295636444,19.4760332976115,1,1,0,1,-33.2118281683523,25.5066777798412,-8.41100429788588,43.8904431980417,-13.9187391723182,7.34233959652296,7.67535394664906,24.2030088655656,58.7185059481935,52.3014474959276,21.2610787688412,16.5276549189166,1,1,0,1,-35.6068084205902,29.8525421198023,-13.9304944125163,42.8661304896166,-13.1189501945792,7.33066340227632,8.27396951150747,27.9272451987137,65.4593505403925,56.7966249021329,20.4496135968555,19.6532756872063,1,1,0,1
487,100,1,1,"L'Ecuyer-CMRG","10407_1667853138_-1627715772_1690008336_-717336125_592900920_2047975179","10407_-1245399171_1188063382_1759923615_912535095_1857951398_-1108405454",1062086681,897065637,1775792788,915963876,1953356093,585207068,1056100175,26.7950000000001,2.85800000000017,2.66699999999946,0.893999999998414,0.962999999999738,112.652,1,NA,"3835e552db3f","not-a-git-build","bbd3d4119dab4c61438d29ca56ae93a0","confirmatory",168.699000000001,19.7659566110238,13.1532564090626,17.6279740142744,-9.82769696012018,37.7624756874942,10.3761907282876,390.693040748877,173.008154162547,310.745467847934,96.5836275399554,11.725816114746,7.62147744558602,0.273,0.974,0.508,1,23.8417513806032,67.7346352456849,21.2503337790884,62.8166338609817,23.9918271284569,11.1881620134139,22.1126281015119,-6.86801433228025,42.2471297747317,13.3358733561276,575.607768961763,125.174969238397,488.968321555774,47.169620868407,14.5060663453505,6.63859002726655,0.194,0.946,0.636,1,27.36331455195,75.8513737186511,21.301558702489,63.6255414197453,19.2314035236283,12.9447328898688,15.6369910329874,-8.46831905491418,35.7714927062072,11.7355686334936,369.846881488623,167.566109590051,244.51548856573,71.7124276158227,11.0667087192223,7.76835809569961,0.523,1,0.637,1,31.7629267089286,91.5081051703426,25.3654628272035,78.9964368117931,18.6529576927198,14.9776236247838,12.1125923063535,-9.11147742774441,32.2470939795733,11.0924102606634,347.932830686396,224.329209445681,146.714892379934,83.0190209162958,11.0098654925225,9.33741807464125,0.654,1,0.658,1,37.1624422794703,110.160937420201,31.9861865616932,101.294210940876,9.47404298170594,63.82220165935,-17.2319975777424,39.450783309385,27.8577980753694,47.0043933621768,1.81465358529798,18.799629929302,54.3481586776441,56.6827808871274,19.1465952868074,16.984976344004,1,1,0,0,13.1563995915361,71.7760798785597,-12.6779977671601,42.2558804843912,30.4390103445943,52.7723078560991,4.6495939402056,21.9401533312458,58.6196802870236,54.9338782515513,22.3332975115049,17.2905593910402,1,1,0,1,6.729363245939,62.280276114486,-13.1473874125076,36.7497916726225,26.0390307300677,44.751080800055,3.4118322030154,19.8063567824729,55.550912868547,49.8971790851301,18.7120500699873,16.3945245794575,1,1,0,0,1.01614914351592,60.6757148449354,-17.2939267460773,41.1082828405041,21.7252187772953,43.2866859442347,0.427483277770903,21.2067448664244,59.6595657014195,58.4022095865814,21.5614671669395,20.7792615886535,1,1,0,1
488,100,1,1,"L'Ecuyer-CMRG","10407_-1302645410_-1397998785_-1543939673_535564692_51485428_-843722029","10407_-975014855_-407569714_1523606142_-241876497_-301391245_1722434547",1775792788,915963876,1953356093,585207068,1056100175,567621947,1951435202,26.6319999999996,3.50099999999838,2.47400000000016,0.842000000000553,0.831000000000131,110.495999999999,1,NA,"3835e552db3f","not-a-git-build","bbd3d4119dab4c61438d29ca56ae93a0","confirmatory",165.468000000001,21.8957748772811,12.811601615249,-20.3759273892832,9.54875510743643,-0.52510805772891,29.3343538773821,479.424957476576,164.137135947852,415.178416973343,91.1787241017934,13.5515374503141,7.50364952935911,0.121,0.935,0.607,1,21.7440108450338,63.4396485039188,24.4226394623198,65.5202380772709,21.1464884004447,20.2722555663242,-19.6835124347066,18.1866084482434,0.167306896847778,37.9722072181891,447.173971670143,410.964345746364,387.440661767248,330.752726849719,12.6750835115595,11.9397888612516,0.194,0.998,0.308,0.998,25.3595898111445,72.9088044405498,26.5017068445031,76.5924411059929,23.0364945540527,12.3490353483849,-21.4730549464145,7.4781423899013,-1.62223561486015,27.263741159847,530.680081338902,152.498674035659,461.092088731735,55.9226136036387,13.6313211851988,7.59749955136871,0.21,1,0.689,1,29.7226576374526,88.2404703185275,26.4679491977351,82.6755363891732,25.2973711906423,14.6268677599561,-23.6882719101274,10.4744249028578,-3.83745257857305,30.2600236728034,639.956989157141,213.945260467244,561.13422608813,109.713577045607,15.0421416412876,8.84095863418631,0.195,1,0.651,1,31.8887201603608,97.0432811413416,29.7479514170138,93.0669527838611,-24.1527397570031,27.7611707347504,4.73094844534237,57.8708030784331,-9.53880211655304,8.09206212364958,18.5757585020079,40.0006843520328,51.9139104917535,53.1398546330907,17.6308642402026,21.4249258500248,1,1,0,1,-28.7801493872781,29.8921124121363,3.24675747201635,70.6196120170567,-10.3941658978871,10.680225767775,26.5968243054361,49.4204702460391,58.6722617994144,67.3728545450403,21.0743916656621,22.823645940603,1,1,0,0,-28.240875983625,27.2863547224405,-1.85336441588499,55.5844919246707,-12.7977993118235,8.50067115834377,17.3961184521307,37.4896585515246,55.5272307060655,57.4378563405557,21.2984704701673,20.0935400993939,1,1,0,1,-34.79941269908,27.8090028578854,-0.935405670461774,57.7648876180874,-15.4579976694033,7.13142934430966,20.5531678236901,40.5077424048907,62.6084155569655,58.7002932885491,22.589427013713,19.9545745812006,1,1,0,0
489,100,1,1,"L'Ecuyer-CMRG","10407_209807903_-377914187_979129646_-1241828799_564955085_1292189228","10407_-650152668_2015386385_-468743260_1619171560_1491348963_-1413505837",1953356093,585207068,1056100175,567621947,1951435202,1024073506,1170178763,27.6370000000006,2.95800000000054,3,0.853000000000975,0.822000000000116,116.023000000001,1,NA,"3835e552db3f","not-a-git-build","bbd3d4119dab4c61438d29ca56ae93a0","confirmatory",174.126,18.5620043602948,9.83497242825882,-16.9316361645573,-4.98375674816279,2.87814608508498,14.7247733622849,344.548005871602,96.7266826646111,286.680303208943,24.8378313248581,10.9876606604003,5.88829154257226,0.259,0.993,0.668,1,23.3858142431351,66.7856126556293,20.5779831865559,59.2353736597729,21.6615243828543,8.30270288930809,-20.3985691981507,-1.35100735356223,-0.588786948508439,18.3575227568855,469.22163858899,68.934875268125,416.101625331741,1.82522086937921,13.1119257480426,5.44554427238645,0.15,0.974,0.806,1,23.9430035119834,73.6720340254202,22.3520854459806,63.6505703495441,17.8768036724936,8.97484985346423,-15.9923053899836,-3.20658360902134,3.8174768596586,16.5019465014264,319.580109544879,80.5479298922269,255.7538316865,10.2821784416443,10.5195994228065,6.18351272500504,0.411,1,0.843,1,28.5593552320633,87.1565245989581,26.1094237038001,77.7062165541456,21.2622034860405,11.7006246892036,-19.1972712199991,-4.79787386653895,0.6125110296431,14.9106562439088,452.081297081792,136.9046181176,368.535222294207,23.0195936392174,12.5965984474818,8.01464661661529,0.462,1,0.828,1,37.2988347725073,116.446646132957,32.277532004072,102.479026893777,-24.7247083061376,30.147490159373,-10.4330423795725,37.0296476560111,-7.38386924335327,12.749088690415,6.15380874956349,23.1741810821604,54.8721984655105,47.4626900355836,20.1329579337683,17.0203723325969,1,1,0,1,-31.2395182923635,27.0168192668632,-7.40832483262615,45.6991726315923,-9.33465563011517,9.68655053254386,8.91154056772186,26.345012579753,58.2563375592266,53.1074974642185,19.021206162659,17.4334720120312,1,1,0,1,-28.7189144602622,33.0656817521454,-9.00594212045238,43.2954330762982,-5.83070925476882,13.5138365149817,6.8959749246614,25.0511171533842,61.7845962124076,52.3013751967506,19.3445457697505,18.1551422287228,1,1,0,1,-36.5668367778784,39.3213620696255,-17.4213573379416,43.2108280816385,-11.8444584483347,13.0726472985952,4.63794053809872,26.4786913835906,75.8881988475039,60.6321854195801,24.9171057469299,21.8407508454919,1,1,0,1
490,100,1,1,"L'Ecuyer-CMRG","10407_-1486455179_2030433622_386282218_-1753678205_-2064957991_1416905895","10407_-2063323537_603659763_101200945_-1777710859_-798265535_1230663311",1056100175,567621947,1951435202,1024073506,1170178763,1373037511,1707635249,28.598,2.61000000000058,2.55199999999968,1.3690000000006,0.860999999998967,116.456,1,NA,"3835e552db3f","not-a-git-build","bbd3d4119dab4c61438d29ca56ae93a0","confirmatory",175.563,11.9277162872588,9.17204441846758,-8.9830828959271,0.374378283118443,10.9320774073595,20.1629924430996,142.270415829339,84.1263988143422,80.695778315098,0.140159098870713,6.96423545406383,5.55685834558418,0.581,1,0.643,1,21.6687153711569,61.0187258784715,19.2804329981863,57.0078691575888,14.5074253976026,11.6431466383666,-12.0986142033319,7.10105778434238,7.81654609995466,26.8896719443236,210.465391667004,135.562863642506,146.376465641065,50.4250216565695,8.40509643087784,6.71688197669292,0.445,0.998,0.573,1,21.4923041624467,63.1354199627313,19.8341182553389,56.9436002617911,11.908296194299,10.4018204828351,-7.88685661860402,2.47313342016434,12.0283036846826,22.2617475801455,141.807518251157,108.197869357127,62.2025073224181,6.11638891393376,7.55464758467436,6.63947333783142,0.754,1,0.747,1,28.2941477576343,85.3437115673562,24.78588676906,77.3538359264091,14.4394480734358,10.6526295621928,-10.9185582383127,-1.13137659896012,8.99660206497386,18.6572375610211,208.497660665449,113.478516589305,119.214914003427,1.28001300867456,8.94667349608236,7.13039905640684,0.691,1,0.817,1,31.7487687914697,98.7184257169041,28.3773974044068,87.7956398430762,-16.3500078108597,33.5641107640507,-1.36219351324798,43.518296266378,3.14194020499493,19.9778477066322,11.7871782328954,27.2462365400337,49.9141185749104,44.880489779626,16.8359075016373,15.4590583071383,1,1,1,1,-15.0956184960898,30.8117880292295,5.67291840810102,49.3264968665496,-1.15286399906202,17.1748933277169,19.2570485095998,34.9718971841754,45.9074065253192,43.6535784584485,18.3277573267789,15.7148486745756,1,1,0,1,-13.1122827810138,37.8638266590615,-2.88984889892474,45.6770300472615,2.99986342680195,20.9309370951191,14.2069232783098,29.7189514655198,50.9761094400753,48.5668789461863,17.9310736683171,15.5120281872099,1,1,1,1,-15.9760728004503,38.8934657587517,-5.34702577366653,45.1964026647797,-0.850301059955718,18.0289344277976,10.8291810449027,26.6354751910052,54.8695385592021,50.5434284384463,18.8792354877533,15.8062941461025,1,1,0,1
491,100,1,1,"L'Ecuyer-CMRG","10407_-1880325680_-1429221488_2041427317_-729414896_1026070010_128925006","10407_-1824025959_265729061_2010970200_1438836769_-315895029_1769188065",1951435202,1024073506,1170178763,1373037511,1707635249,211336542,1233597729,27.7249999999985,2.86399999999958,2.92799999999988,0.896999999999025,0.843000000000757,115.607,1,NA,"3835e552db3f","not-a-git-build","bbd3d4119dab4c61438d29ca56ae93a0","confirmatory",172.786,18.4037253197501,16.9901846386712,17.2505642561472,13.9950648558563,36.9432581944669,33.8797703931179,338.697105644813,288.666374056139,297.581967155464,195.861840319624,10.9746567469706,9.85310114071633,0.175,1,0.44,1,22.2385540844329,67.2071917303478,24.4651601320003,73.1689062919732,20.161460360211,22.8126804103575,18.7738164364496,20.3921922768882,38.4665103747693,40.2768978141498,406.484483856361,520.41838750511,352.456183589507,415.841505857579,12.1801522129041,13.657497676792,0.196,0.956,0.257,0.947,23.2584895776921,69.3437150852508,25.0781359832858,74.9742267650984,17.2195287628199,20.5505275766873,16.3205835294646,15.3441032565631,36.0132774677843,35.2288087938247,296.512170813583,422.324183680185,266.361446742232,235.44150474807,10.2395839278809,11.7911294179816,0.411,1,0.532,0.994,29.4688562878035,87.4535050044413,33.50453167129,98.8216424034402,22.9275653842134,22.2428466451189,21.7202521917288,15.1277390329177,41.4129461300485,35.0124445701793,525.673254447382,494.744226878278,471.769355272301,228.848488248061,13.4433174977057,12.6766757493871,0.209,1,0.6,0.998,32.2968207172016,100.884048600491,38.1143085101427,113.776796501665,13.0247227308134,61.8285907914524,3.0710000848577,62.9175247177152,27.8014589949106,45.4955960813503,23.5689329260554,44.8447106808697,48.8038680606389,59.8465246328575,17.6941370864397,21.2757777548143,1,1,0,0,17.2999989566236,67.2845582752337,11.4004420741709,68.3586372808777,28.5735180583132,47.0080933275329,30.2969563249541,50.1835116663361,49.9845593186101,56.9581952067068,18.4345752692197,19.8865553413819,1,1,0,0,13.1804929185805,61.8707348757173,4.9604007181705,64.3286325164085,27.9363946957857,44.7508545669289,25.3612488199282,45.0124537025033,48.6902419571368,59.368231798238,16.8144598711431,19.6512048825751,1,1,0,0,14.3423452204234,67.5073240166439,6.6985646528451,64.4147943866158,32.9677511474798,49.6320202590289,25.5515714100597,44.2831992513124,53.1649787962205,57.7162297337707,16.6642691115491,18.7316278412527,1,1,0,0
492,100,1,1,"L'Ecuyer-CMRG","10407_-2083363655_-350866688_842251638_-835756578_1138030030_1356342044","10407_-492910256_1456637680_536156139_1933517586_-225941516_-1513577169",1170178763,1373037511,1707635249,211336542,1233597729,184900157,337940885,26.3000000000011,4.02200000000084,2.53600000000006,0.865999999999985,0.845999999999549,112.819000000001,1,NA,"3835e552db3f","not-a-git-build","bbd3d4119dab4c61438d29ca56ae93a0","confirmatory",167.249,16.6692855053053,28.2669933541925,-15.2227525620971,-26.9627784545391,4.87585353483977,-6.69277441584688,277.865079257381,799.022913285965,231.732195566834,726.991421988556,9.95669264616645,18.9077598478131,0.222,0.97,0.015,0.643,20.1166303699102,57.0751345786865,21.5056909232372,63.3486793208006,11.5646874184401,26.4933607497711,-9.37517936443983,-25.0798987573539,10.723426732497,-4.80989471866167,133.741995086227,701.898163817509,87.8939881154184,629.001321679119,6.71261680017833,16.8635254810482,0.529,1,0.07,0.859,20.3768608949933,56.4250143378763,24.4137185779279,70.6032753653199,14.8869312207899,27.7031502608026,-13.7524949406772,-26.3845650853999,6.34611115625968,-6.11456104670772,221.62072117253,767.464534372606,189.131117093352,696.145274745703,8.70786710165462,16.9740066190034,0.334,1,0.088,0.988,22.8657529726181,70.5012733112332,28.8837166158093,88.3672722909672,14.6272222215243,27.5214138543403,-13.196871307075,-26.0258964800108,6.90173478986185,-5.75589244131859,213.955629917854,757.428220541873,174.1574122955,677.347287588237,8.65861241827318,16.6318020003833,0.477,1,0.134,0.99,25.1717647965724,79.9236921004425,29.6556797613095,95.9445323634732,-16.3516422316652,30.0779595050256,-34.8138188718118,19.7614034124078,-4.39303694886084,12.7191218388789,-15.0015095154063,2.39984907058214,46.4296017366908,54.5752222842195,17.1121587877397,17.4013585859885,1,0,0,0,-13.0108220245186,34.4182643682396,-35.8011500233426,27.0322843089617,3.08988073850053,18.5633935079617,-15.3930222047387,5.81340828757826,47.4290863927582,62.8334343323043,15.4735127694612,21.2064304923169,1,1,0,0,-14.7679288527088,28.7682639463017,-37.3850026362646,24.7375926831399,-1.89863125768365,14.4665363637837,-17.0651003634873,4.83575750692115,43.5361927990105,62.1225953194045,16.3651676214674,21.9008578704085,1,1,0,0,-19.5503863245051,30.127445251835,-40.4509664742135,25.435875330737,-2.09666901103346,15.5562911453203,-15.7882558280616,5.48994074910961,49.6778315763402,65.8868418049505,17.6529601563537,21.2781965771713,1,1,0,0
494,100,1,1,"L'Ecuyer-CMRG","10407_686796480_1267482633_1854266470_291733042_796845848_-1932122741","10407_-837038873_-23075788_-783994515_-293619422_-285879644_-808689240",1233597729,184900157,337940885,1930655242,195836172,729618252,180060719,29.1979999999985,2.56100000000151,2.50199999999859,1.22800000000097,0.819999999999709,111.682999999999,1,NA,"3835e552db3f","not-a-git-build","bbd3d4119dab4c61438d29ca56ae93a0","confirmatory",170.306,28.4333977755753,14.5487253076991,-27.542020475179,-11.3157536945587,-7.58136773735291,8.61140421750675,808.458109064088,211.665408078885,758.562891855177,128.046281675919,19.5194297522893,8.39352307060166,0.001,0.68,0.501,0.997,20.5073453446561,60.0108444632001,22.310085969185,65.8770439147557,26.5584886188783,14.4496625445349,-25.6048441090537,-11.2105771320209,-5.64419137122764,8.71658078004454,705.353317719086,208.792747650935,655.608041848942,125.677039632991,17.6356337886675,8.29555464961712,0.018,0.804,0.458,0.991,21.3902072869631,64.2541145431762,20.3482691234727,60.3942992083301,32.3911820550507,15.2958234819584,-31.6828052439834,-11.5817998618335,-11.7221525061574,8.34535805023195,1049.18867492344,233.962215991229,1003.80014812818,134.138088039567,20.897825747888,8.87227470287342,0.003,0.965,0.521,0.999,29.0664345620633,88.4942101128971,25.2702873902318,75.3620988572721,32.9316867151683,16.1157793048958,-32.1068128576012,-12.4155298051301,-12.1461601197751,7.51162810693541,1084.49598990599,259.718342604107,1030.84743187303,154.145380342073,20.9414802021286,9.62348721758704,0.025,0.953,0.595,1,32.1377632200338,95.5626247824697,30.5967697774445,94.6562942980511,-31.0379359926707,18.9108905414294,-18.793755958316,36.1554475681913,-16.5125114755059,0.561775933125852,-0.450057879526857,18.0034666048526,49.9488265341001,54.9492035265073,17.0742874086317,18.4535244843794,0,1,0,0,-31.7227400623978,21.0077704259258,-13.4899820029775,29.785555967358,-14.5403659533408,3.50412667248837,1.59036098790063,16.0840155412555,52.7305104883236,43.2755379703355,18.0444926258292,14.4936545533549,1,1,0,0,-37.5386479391868,13.7431679387611,-17.2784917359804,34.0167152125906,-20.9958256678767,-2.25028421597599,-0.508382450465771,16.9450600901913,51.2818158779479,51.295206948571,18.7455414519007,17.4534425406571,0,1,0,0,-40.9688455629783,16.3769423352315,-18.6095855399256,37.264182288338,-21.8778404179552,-2.60519119010768,-3.51288321523657,16.5588981950627,57.3457878982098,55.8737678282636,19.2726492278475,20.0717814102993,0,1,0,0
493,100,1,1,"L'Ecuyer-CMRG","10407_-496510190_-969694955_-294006887_1149193969_-886685927_1461911639","10407_450185970_1119548740_-846986297_314494867_1010630262_-1680934338",1707635249,211336542,1233597729,184900157,337940885,1930655242,195836172,28.6409999999996,2.57999999999993,2.51100000000042,0.877000000000407,0.992000000000189,116.428,1,NA,"3835e552db3f","not-a-git-build","bbd3d4119dab4c61438d29ca56ae93a0","confirmatory",175.549999999999,17.4096405273206,11.1173638453868,15.7087673557949,7.0377303128631,35.7277086026341,27.0276871925536,303.095583290524,123.595778870714,246.765371838489,49.5296479565921,10.2452647524232,6.91582787016012,0.31,0.993,0.723,1,23.0992639463805,68.0966849224092,25.6949328145437,76.8816483168977,20.1098477417883,13.8665914603706,18.6048506003473,10.4930621958761,38.6237918471865,30.4830190755667,404.405976197907,192.282358728822,346.140465861244,110.104354246525,12.0598290158501,8.31227575311545,0.186,0.989,0.611,1,22.1942085509749,70.4872916167834,27.116030396506,84.1964644853347,21.4658939145142,12.2291470026837,20.1356941677974,5.2541833979441,40.1546354146366,25.2441402776346,460.784601549176,149.552036413248,405.44617961907,27.6064431792314,12.5507927293625,8.01123795004211,0.281,1,0.798,1,31.2773685235068,96.3864574393714,31.8825706578626,96.0189618644934,19.7160268615691,13.532334912191,17.7821568601184,6.47625132307826,37.8010981069576,26.4662082027688,388.721715206114,183.124088175704,316.205102597856,41.9418311996729,11.5999401002476,9.05701552683015,0.424,1,0.806,1,31.662708776966,97.98703697808,36.2706715207354,111.638948071995,9.12513817355031,66.2387646700108,-6.31257584520022,60.0001738380123,25.1033887970703,44.668498228894,15.7377437372832,37.8847604533874,57.1136264964605,66.3127496832125,19.5651094318237,22.1470167161042,1,1,0,1,6.64606034234934,67.797970711456,-4.78846047936368,69.5997305623776,30.1927980056258,47.0912081191525,19.1928518738344,41.8736599066415,61.1519103691067,74.3881910417413,16.8984101135267,22.6808080328071,1,1,0,1,9.89576516503198,73.6225509666163,-6.81079944619551,56.6533609876456,27.8127708979739,51.9618092894266,14.7553748904024,36.136962032824,63.7267858015843,63.4641604338411,24.1490383914527,21.3815871424217,1,1,0,1,2.24237509803261,69.9942567084163,-8.6843259203319,65.1092131535603,26.5810534758465,49.2277873778266,14.707465556006,37.8395151980776,67.7518816103837,73.7935390738922,22.6467339019801,23.1320496420716,1,1,0,1
496,100,1,1,"L'Ecuyer-CMRG","10407_929763955_1325572651_2069033658_-354519086_1232932696_-705869303","10407_1652174249_1046742852_-1013938342_1726860477_2092267425_-1198324504",195836172,729618252,180060719,172682431,1041559739,955839127,1232844701,28.5880000000016,3.57300000000032,2.56999999999971,0.86200000000099,0.837999999999738,113.790000000001,1,NA,"3835e552db3f","not-a-git-build","bbd3d4119dab4c61438d29ca56ae93a0","confirmatory",171.378000000001,14.8304140709405,9.10343054622678,-12.4144152779905,-1.64007934544446,7.64470156469952,18.3137838241096,219.941181515549,82.8724477099748,154.117706694403,2.68986025935354,8.73127359931526,5.88549599918504,0.602,1,0.763,1,28.6851310903843,79.3305663376794,22.7695162459425,67.6582757214934,21.7965949856138,8.9653973009291,-20.3494141524189,-0.493636245245003,-0.29029730972888,19.460226924309,475.091552966883,80.3783487635068,414.098656346666,0.243676742619585,13.0533757040483,5.59368278449975,0.167,0.998,0.731,1,25.9303081280898,77.2683698241803,21.6281253171882,58.8257905314855,20.2932974813707,10.3280827560714,-17.6602628543786,-3.57516862127434,2.39885398831143,16.3786945482797,411.817922667407,106.66929341626,311.884884085743,12.7818306705447,11.8553707759867,6.87355609618046,0.445,1,0.821,1,33.3177382964965,97.8138121698861,28.0925271535166,83.3009847755216,21.2858426111772,11.9984819703323,-16.9370710112903,-5.48645941746338,3.12204583139975,14.4674037520907,453.087095667809,143.96356959239,286.864374441489,30.1012369394726,12.5053893238884,7.97597804519453,0.564,1,0.816,1,38.1975768313174,117.04392048786,32.155454356774,96.3035620811743,-27.3248880973148,42.6176619900039,-11.4425911837491,48.9843261375326,-4.91967995054832,20.9457513278304,8.17214700878558,28.9438935571551,69.9425500873187,60.4269173212817,25.8654312783787,20.7717465483695,1,1,1,1,-29.4627693838645,30.9665709079949,-3.16878833916875,44.0268125767265,-12.2170413389638,10.6959254174159,10.7677544399166,28.1346692328585,60.4293402918594,47.1956009158953,22.9129667563797,17.3669147929419,1,1,0,1,-29.5250958682596,36.6818523991226,-12.5004029802409,45.0161899833985,-9.3390008201806,14.6083623223948,7.06320755463996,25.7666357405892,66.2069482673822,57.5165929636395,23.9473631425754,18.7034281859492,1,1,0,1,-34.0087755123978,42.1036136395292,-19.4155212506043,46.9793474852731,-8.82844905699099,15.2674226819452,4.55964677178296,24.8051237119316,76.112389151927,66.3948687358773,24.0958717389362,20.2454769401487,1,1,0,1
495,100,1,1,"L'Ecuyer-CMRG","10407_2095921666_-331710307_1740047235_1971004695_1297498412_-1858244479","10407_-1252412965_799029348_645126437_-554059697_-10503710_-1214890155",337940885,1930655242,195836172,729618252,180060719,172682431,1041559739,28.5350000000017,3.57600000000093,2.53499999999985,0.873999999999796,1.27299999999923,114.754999999999,1,NA,"3835e552db3f","not-a-git-build","bbd3d4119dab4c61438d29ca56ae93a0","confirmatory",172.574000000001,12.2034168292701,16.0037010656398,-9.37251462601085,13.5434673322088,10.0723219040101,33.0671231664232,148.923382308912,256.11844779836,87.8440304147874,183.425507378607,7.02949870758283,9.4169223943688,0.561,0.998,0.332,0.97,20.2279855881888,57.9412066804778,19.8515525661371,57.4987369383454,10.1813219024593,19.5059590698835,-6.97782033361661,17.541876555473,12.4670161964043,37.0655323896874,103.659315681497,380.482439235972,48.6899766082334,307.717433087454,6.10069949189563,11.6682029554707,0.665,1,0.272,0.98,20.427914564027,61.6126823610041,22.4013334782169,66.917152243283,9.8636289592978,17.9193898848289,-6.56252423141134,14.7531876302768,12.8823122986096,34.2768434644912,97.2911762466983,321.10453384451,43.066724287861,217.656545254152,6.10345417701,10.3603902698543,0.709,1,0.406,0.991,22.4236848276244,66.5146041694692,25.7774280026528,76.7984264812303,10.6633939084122,17.8031850837026,-7.7497169475898,15.3552518907794,11.6951195824311,34.8789077249938,113.707969645963,316.95339912457,60.0581127677606,235.783760629286,7.08628091224242,10.6097932348853,0.773,1,0.476,1,27.0644162705743,87.9526987773116,30.9561161390991,96.6058043807368,-13.2090064925686,33.9637886274434,10.3147907768582,57.0296180244516,0.979705700908161,18.3880869680224,25.1643163893654,40.9317496729448,47.1727951200121,46.7148272475934,17.4083812671143,15.7674332835794,1,1,0,0,-12.6679806663195,38.7045079586392,8.4389576998546,64.3477024837343,4.69992292542829,20.5272856074001,28.1799756191696,46.5582794753133,51.3724886249586,55.9087447838797,15.8273626819718,18.3783038561437,1,1,1,0,-5.94027443590545,33.956731037139,12.0274030819881,56.3172808832625,5.18858225155862,20.4434480900388,25.4645500342675,42.4741555380518,39.8970054730444,44.2898778012745,15.2548658384802,17.0096055037843,1,1,1,0,-11.7227570980561,36.1990966540415,9.10663862112661,60.4630504971969,3.43245529569119,19.3836263795125,25.2400213880238,43.3496708428696,47.9218537520976,51.3564118760703,15.9511710838213,18.1096494548458,1,1,0,0
497,100,1,1,"L'Ecuyer-CMRG","10407_-146955902_1279804440_-1623974277_-1565018761_1827285743_-355246689","10407_-1028833077_-1849084432_-1368372757_-1012835990_1479563742_2143283875",180060719,172682431,1041559739,955839127,1232844701,1406398404,569512604,27.8899999999994,2.93499999999949,2.6830000000009,0.936999999999898,0.842000000000553,113.857,1,NA,"3835e552db3f","not-a-git-build","bbd3d4119dab4c61438d29ca56ae93a0","confirmatory",171.295,10.7894722167427,19.2208121745404,6.64525537977485,16.703551438723,26.5204520971426,36.4107671751314,116.412710715864,369.439620648961,44.1594190624265,279.008630666064,6.64529770672009,11.2369728790673,0.708,1,0.351,0.994,24.3774969485663,71.4628318591844,24.0346646162249,72.9452204423128,21.8066900854581,28.9066674948168,20.120685557359,27.2793249485411,39.9958822747267,46.9865406849496,475.531732483217,835.595425655897,404.841987298116,744.161569648097,13.2714807756132,18.6615944426442,0.186,0.945,0.053,0.823,23.5044793927118,68.5837585485483,24.0198273155696,73.1153433873145,14.6026882594275,20.2024110509532,11.5387822577182,17.5442678927215,31.4139789750859,37.25148362913,213.238504402022,408.137412271674,133.143495991032,307.80133589158,8.7061486985073,11.7376979959159,0.619,1,0.4,0.999,29.2558320829219,86.3832679023214,28.1383294890578,84.0494485080137,15.9473284639048,21.5827998209211,10.6159065713885,18.7059477292196,30.4911032887562,38.4131634656281,254.317285135667,465.817248109953,112.697472332449,349.912480448298,9.72499045475724,12.5058002271408,0.699,1,0.442,1,33.3883324159764,107.951357471811,32.9228326542877,106.232659095116,-5.36436294879497,54.6144003600169,5.97475189005397,68.9310225002252,16.7992127553662,37.5935228494016,26.1998331529257,46.4890184188591,59.9787633088118,62.9562706101712,20.7943100940354,20.2891852659334,1,1,1,0,15.5491027796013,65.9595839850393,14.3169867755683,77.2802281900944,30.7052405605045,49.2987535171615,37.7269598803817,56.0891299596654,50.410481205438,62.963241414526,18.593512956657,18.3621700792837,1,1,0,0,3.89398178600227,59.5518268136034,9.32449483518354,63.3191215975881,21.2270981695702,41.190135805159,27.2263179513854,47.3766597709067,55.6578450276011,53.9946267624045,19.9630376355887,20.1503418195214,1,1,0,0,2.06970181113753,60.3633990852172,2.40833684767506,70.6801653181282,19.4434917347115,40.3360852284437,27.0397002060054,50.0362407179626,58.2936972740797,68.2718284704532,20.8925934937322,22.9965405119572,1,1,1,0
498,100,1,1,"L'Ecuyer-CMRG","10407_149633836_371842177_704063752_-1156563996_650465868_680469492","10407_-1446284695_-2063815249_-1177496901_933654001_-858353624_-1293963053",1041559739,955839127,1232844701,1406398404,569512604,1824564619,1955858377,28.405999999999,2.56899999999951,3.97299999999996,0.858000000000175,0.841000000000349,117.335000000001,1,NA,"3835e552db3f","not-a-git-build","bbd3d4119dab4c61438d29ca56ae93a0","confirmatory",175.243,29.5852253992369,31.3308996844647,28.6194779869206,29.874550346042,48.5584688775722,49.6829776023815,875.28556192365,981.62527503799,819.074520243836,892.488758378201,19.7522841087434,21.58276605841,0.008,0.783,0.005,0.534,23.5010378566906,70.2631064218815,22.6704799297304,62.4477362301594,40.2672560022302,39.5247330811899,39.3788166361833,38.3349461309573,59.3178075268348,58.1433733872967,1621.45190594915,1562.20452513931,1550.69119966615,1469.5680948634,29.8001177779825,29.5162947791907,0,0.38,0,0.258,21.2976497246162,70.528630863526,20.6035843426198,63.9051477238046,30.2068174865016,33.2859395029859,29.1767840189651,31.5464306642051,49.1157749096166,51.3548579205445,912.451822662819,1107.95376859644,851.284725689337,995.1772876515,19.3838352797297,22.2127183702767,0.018,0.932,0.035,0.654,26.7423642272266,80.9646128743182,25.3212625983989,74.6710775872397,35.1528135288272,34.1875381858333,33.5120182612396,31.8696051310738,53.4510091518911,51.6780323874133,1235.72029899249,1168.78776720781,1123.05536794166,1015.67173121057,22.095279186066,21.3897626729611,0.046,0.933,0.105,0.854,33.1954008207116,103.313416825844,31.6434367889155,95.8499431088236,21.8491939330607,79.3929744150611,24.2380671174584,75.1298140601374,38.7854424053097,58.2019263612008,40.0404578470401,59.4857170618168,57.5437804820003,50.891746942679,19.4164839558911,19.4452592147767,0,0,0,0,31.1829257894311,83.4442788902626,33.7060008377562,84.1016185395122,52.1185740862087,67.7555626362121,50.6570055445177,65.7193509013481,52.2613531008315,50.395617701756,15.6369885500034,15.0623453568304,0,0,0,0,24.6373494947861,75.4173490379269,27.2856941294607,76.4467225223549,40.669349074603,57.8540032235431,42.2318457630099,60.576520083367,50.7799995431408,49.1610283928942,17.1846541489402,18.3446743203572,0,0,0,0,24.9844324269818,81.4519942721958,23.4103181699707,83.1553530078953,44.02274768999,63.1452007124378,41.5566330562564,61.6688672396537,56.467561845214,59.7450348379247,19.1224530224477,20.1122341833973,0,0,0,0
499,100,1,1,"L'Ecuyer-CMRG","10407_523791217_461380390_1628990674_1684960090_752675045_304695615","10407_1650385194_-1165660353_-1306537257_622184516_875522439_-101959520",1232844701,1406398404,569512604,1824564619,1955858377,279488147,1292962035,27.9969999999994,2.52199999999903,2.52499999999964,1.17199999999866,0.856999999999971,114.109,1,NA,"3835e552db3f","not-a-git-build","bbd3d4119dab4c61438d29ca56ae93a0","confirmatory",171.610999999999,11.4776130275428,11.8754319916386,7.98474984089573,8.21321757515317,28.621916763163,28.7943584448571,131.73560081002,141.025884988033,63.7562300216843,67.4569429368049,6.80649602934769,6.86900650210943,0.629,1,0.57,1,21.9797017631245,64.3709462687099,20.5179803597669,57.9603677648129,12.9962995718394,17.9849119023384,9.4631869163405,15.8814404438175,30.1003538386077,36.4625813135214,168.903802560994,323.457056134874,89.5519066135981,252.220150570521,7.61015739976245,10.5841304883503,0.568,0.998,0.351,0.965,23.1816476327677,68.868996338637,23.0009310709317,64.0971874340919,21.3460309055672,13.3566360365099,11.0600256853046,9.96842108390866,31.6971926075718,30.5495619536126,455.653035421431,178.399726211794,122.324168159597,99.3694189061146,12.4655057597645,7.87452353567264,0.423,0.996,0.55,1,30.9819341138597,96.3119409251925,23.4412723498261,74.4013719051736,17.3768292091415,14.83602603705,10.6763652896381,11.5758025178186,31.3135322119053,32.1569433875225,301.954193363673,220.107668572025,113.984775797788,133.999203931536,10.4778755568467,8.93639697331072,0.624,1,0.605,1,34.2687482477077,104.860663062484,29.7177509408556,89.3071068912877,5.39667404117633,53.5288306270186,2.4975379810874,51.0262809916036,19.4438664445959,37.1289599632733,19.771219947715,37.6046269666437,48.1321565858423,48.5287430105162,17.6850935186775,17.8334070189287,1,1,1,1,4.51013651667506,52.6082696131931,14.2038564324576,63.9219096074484,21.8834968859408,38.2573143257715,26.1345456402288,45.779354506326,48.098133096518,49.7180531749908,16.3738174398307,19.6448088660971,1,1,0,0,5.72420823342661,57.1180325495581,4.21707806352574,56.1332382642691,22.3981951928666,40.3688958674636,22.19904267582,38.5888317805101,51.3938243161315,51.9161602007433,17.9707006745969,16.3897891046901,1,1,0,0,4.70355544138164,57.3872700824296,3.88961516458457,59.3104535591813,20.9952332396424,40.8007919184498,22.8733470246013,42.3979285383103,52.6837146410479,55.4208383945968,19.8055586788073,19.524581513709,1,1,0,0
500,100,1,1,"L'Ecuyer-CMRG","10407_-705288750_-333011748_1990091638_-1736235797_993743571_95546049","10407_407595754_595287002_2071713130_1662569576_1362617585_762227304",569512604,1824564619,1955858377,279488147,1292962035,574472918,1910563616,28.8829999999998,2.58400000000074,2.50700000000143,1.41199999999844,0.826000000000931,114.661999999998,1,NA,"3835e552db3f","not-a-git-build","bbd3d4119dab4c61438d29ca56ae93a0","confirmatory",172.428,11.2724317364217,9.8692367675192,7.57138344356264,5.82846787005975,27.0130084366574,25.1256790361468,127.067717252287,97.4018343733529,57.3258472494545,33.9710377123188,6.85348634174346,6.30762017431828,0.697,1,0.71,1,24.779457996065,71.2282846660759,23.4679667838116,74.0098084102277,14.8808765934168,12.512559480983,12.381206655191,9.35399345810547,31.8228316482857,28.6512046241925,221.440488188499,156.564144765138,153.294278238547,87.49719361428,8.70321679749909,7.49525569586402,0.49,1,0.645,1,25.4713707895073,70.7168310164509,26.2027902414455,72.5696424964779,13.4487766064584,11.041433007239,9.63486091256343,6.54158684524214,29.0764859056581,25.8387980113292,180.869592210424,121.913242853347,92.8305448044427,42.792358453845,8.21103236200656,7.3326555779286,0.675,1,0.832,1,28.3501074882427,88.468112330955,29.9962400893305,89.2873990948116,15.0203144534745,10.653096942233,10.1870354113388,5.11412581654692,29.6286604044335,24.411336982634,225.609846281256,113.488474460613,103.775690471871,26.1542828674717,9.75566469764501,7.93640213355565,0.645,1,0.901,1,35.4451786204612,110.418618574038,34.7117117364894,108.061262653176,0.286584713053094,56.5666032163357,-9.6107543956148,55.8895327169989,16.1232676760854,38.1704051512594,15.1524155904976,35.7473712910516,56.2800185032826,65.5002871126137,22.047137475174,20.594955700554,1,1,1,1,2.49007139098277,61.7660126039831,-2.22704412264215,58.6891244641584,21.3407808324394,42.5214724886776,17.4359667997992,39.9568678123324,59.2759412130003,60.9161685868006,21.1806916562382,22.5209010125332,1,1,0,1,-1.83895194967766,59.0505604592292,-4.27345265692653,56.1559330062885,18.7608477980341,39.1057137824035,14.9387138572831,36.5761244054171,60.8895124089069,60.4293856632151,20.3448659843694,21.637410548134,1,1,1,1,-0.763232921863866,62.5987491791564,-9.31886244800635,55.1126815060454,19.4676865917921,40.1128695966799,12.370829621363,37.5166941283907,63.3619821010202,64.4315439540518,20.6451830048878,25.1458645070277,1,1,0,1
502,100,1,1,"L'Ecuyer-CMRG","10407_1260450870_1526157057_-732224182_1361616621_-2044001518_-1727198718","10407_-1219473416_-677946592_-1040307157_-1521739302_-1545090404_-353639313",1292962035,574472918,1910563616,55754334,691382172,679079334,1072444728,27.1389999999992,4.01199999999881,2.51200000000063,0.889000000001033,0.817000000000917,115.210999999999,1,NA,"3835e552db3f","not-a-git-build","bbd3d4119dab4c61438d29ca56ae93a0","confirmatory",171.008,11.8844928054389,10.8803417847655,-8.88650138994185,7.08462687994448,11.1184619419914,26.9308241762414,141.241169242529,118.381837353315,78.9699069534383,50.1919380280319,7.06612485864933,6.51755341851216,0.627,1,0.619,1,23.0964937127629,67.8307195221154,21.6849681563942,64.3676738215546,11.0769135611031,14.7504607833159,-8.00789160303139,12.088928814563,11.9970717289018,31.93512611086,122.69801404015,217.576093320141,64.1263279259007,146.142199883573,6.82627985616923,8.53244775245096,0.693,1,0.468,1,24.9085309187252,73.1924485279745,21.9319295100206,65.4431807243563,14.5511628970412,10.7444133304758,-11.7841272009715,5.23258451207014,8.22083613096171,25.0787818083671,211.736341656228,115.442417816105,138.865653888677,27.3799406759563,8.55762192083002,6.90932774912685,0.549,1,0.742,1,25.7677212395262,79.3729530690075,25.7775288751781,80.6841878739496,13.0953519397766,14.6043598425566,-7.83653568722491,11.4269814158299,12.1684276447083,31.2731787121268,171.48824242661,213.287326410881,61.4112915771496,130.575904277721,8.46982800423544,8.82867254139642,0.739,1,0.634,1,31.1615673574053,98.80847193394,29.5318476635286,91.365146736558,-17.3141007857712,36.2589941759095,-1.47708203374463,52.4846865722299,2.17389649278534,21.4255969109342,18.2514397648836,36.51737956649,53.5730949616807,53.9617686059745,19.2517004181489,18.2659398016064,1,1,1,1,-19.5283210789743,39.6670094937805,8.07312441858091,61.4054344885419,2.31028829314665,22.3357059637944,23.3155294000494,40.4700797832994,59.1953305727548,53.3323100699609,20.0254176706477,17.15455038325,1,1,1,0,-19.3319021976846,33.7244340801764,-0.461426899064666,51.1884311982319,-0.0782678090046695,16.7903904505419,16.7163702146924,33.8121818664298,53.0563362778609,51.6498580972966,16.8686582595466,17.0958116517375,1,1,0,1,-12.9629859199538,41.6440001892766,1.89604812395859,61.1376702213513,2.16290537330704,21.2166524268226,21.4926404080131,40.8121719447438,54.6069861092304,59.2416220973927,19.0537470535156,19.3195315367307,1,1,1,0
501,100,1,1,"L'Ecuyer-CMRG","10407_-841472514_-1482697368_-861610227_-1876410829_-230446558_1342287943","10407_1814557721_505972115_502585408_463880496_-68778362_-1596427343",1955858377,279488147,1292962035,574472918,1910563616,55754334,691382172,28.2289999999994,3.51000000000022,2.55500000000029,0.8700000000008,0.872999999999593,116.114000000001,1,NA,"3835e552db3f","not-a-git-build","bbd3d4119dab4c61438d29ca56ae93a0","confirmatory",173.059000000001,13.7081738172446,23.8623863324121,11.2312679583649,22.1402749272716,31.1376178165783,42.0214801281157,187.91402940379,569.413481477286,126.141379952594,490.191773855171,7.93913263895891,15.2538409316771,0.353,0.993,0.12,0.762,18.0014899928628,55.9066124470042,21.0310877309034,59.8310607782164,16.672994676186,29.8107262646926,14.8016222838809,28.5473003450808,34.7079721420943,48.4285055459249,277.988751472126,888.679400428432,219.088022234679,814.948356992249,9.79230108758355,20.2715634026639,0.286,0.987,0.014,0.599,21.43219272897,62.1536307652605,21.9679449939872,64.2427601726005,15.6831356197186,25.1476541020253,12.8631957285163,23.3182308095931,32.7695455867296,43.1994360104372,245.960742866486,632.404506835109,165.461804350119,543.739888089455,9.05299370563847,15.2145799646643,0.457,0.992,0.154,0.983,22.8339569172206,66.7801969783567,27.2384181791222,81.4922540306491,14.6276336824737,25.9899484921579,11.3067806846308,23.3427459210504,31.2131305428442,43.2239511218946,213.967667148639,675.477422625019,127.843289450339,544.883787134716,8.56305279635445,15.2927810642315,0.589,1,0.254,0.972,26.1458147616831,83.3729135825912,32.4057887193775,103.759996520627,4.96054625357865,52.600185160165,16.6522734957111,68.2559192817824,23.8482797302956,39.3800008299576,33.2066385907863,50.5960481462592,47.6396389065864,51.6036457860713,15.5317210996619,17.3894095554729,1,1,0,0,10.3041466077981,59.7064867913451,24.2588445885165,73.3202303529125,25.5012512680963,43.1863828422032,39.6686927783419,57.8573138202482,49.4023401835469,49.061385764396,17.6851315741069,18.1886210419063,1,0,0,0,11.0453485576282,55.3245206437266,18.0015572529968,68.3972797465889,24.6603521619594,40.4625210971325,34.0684400482527,52.5449805446509,44.2791720860984,50.3957224935921,15.8021689351731,18.4765404963983,1,1,0,0,6.44260491750037,56.3982676164164,15.2333547162986,74.997104191064,22.4413820709251,39.6947887825063,33.5688199732508,52.3383823991443,49.9556626989161,59.7637494747655,17.2534067115811,18.7695624258936,1,1,0,0
504,100,1,1,"L'Ecuyer-CMRG","10407_1578542079_-66787740_-844894990_-274254150_1929319638_596149782","10407_2087175887_-1489411071_619689035_329294295_-1222852359_-913155491",691382172,679079334,1072444728,1762806658,2134364575,1097665497,1895606466,28.2780000000002,2.55299999999988,3.88999999999942,0.854000000001179,0.840000000000146,111.603999999999,1,NA,"3835e552db3f","not-a-git-build","bbd3d4119dab4c61438d29ca56ae93a0","confirmatory",169.039999999999,11.4991653450245,12.1231743301679,8.47130968513539,-8.01103706455548,28.1756693405917,11.6498699324273,132.230803632213,146.971355839643,71.7630877814687,64.1767148496816,6.95794638499956,6.98689278405922,0.678,1,0.566,1,24.3540978803156,71.3112067370534,20.1098108871023,59.2646500854663,13.4577440984981,11.5510149370671,10.8620688533143,-7.19007703465242,30.5664285087707,12.4708299623304,181.110876220659,133.425946076347,117.984539774141,51.6972077642362,7.93115632491155,6.79522371490985,0.571,1,0.618,1,25.1533403030239,72.9112750390646,21.7367888792411,63.7048574876232,13.1954458449396,12.3085284163961,10.1075271258676,-7.37359946051087,29.8118867813239,12.2873075364719,174.119791046735,151.499871777229,102.162104600149,54.3699690040462,8.06447353150139,7.35676388313278,0.66,1,0.647,1,27.3298231548428,84.12390036768,24.7493822345735,73.5930730909208,16.6779305924847,11.7839994460297,14.45521454802,-6.82720103728118,34.1595742034764,12.8337059597016,278.153368847739,138.862642944028,208.95322762929,46.6106740034532,10.0759360557875,7.42651701071224,0.557,1,0.729,1,31.9836454706388,102.19940100732,26.3212469705564,84.6602550017319,2.7087900218977,59.1414741620229,-12.3714055363921,37.6448453766641,17.9593862907085,37.6876132023213,2.99804100712558,20.3051193366897,56.4326841401252,50.0162509130562,19.7282269116128,17.3070783295641,1,1,1,1,4.74310924626513,59.6710911756253,-15.7362951135895,37.3167811494747,21.024253099876,40.3043299923453,4.25249089867406,21.0241780160386,54.9279819293601,53.0530762630642,19.2800768924693,16.7716871173645,1,1,0,1,6.70462608228958,52.7744735497238,-9.65195529988291,34.9864063407116,21.0572639734062,38.4706385816497,3.67887414913206,20.276278807417,46.0698474674343,44.6383616405945,17.4133746082434,16.597404658285,1,1,0,1,4.19763191396162,64.7152707055683,-16.5192351607428,38.0956477915588,24.4641694974622,43.7981249054233,3.56186188204735,22.4924515413524,60.5176387916067,54.6148829523016,19.3339554079611,18.930589659305,1,1,0,1
503,100,1,1,"L'Ecuyer-CMRG","10407_-45802700_1615143626_-2042701238_888730131_1377217514_1210681860","10407_1438000383_616226070_-1019734903_-255061183_-1501118799_-1309257370",1910563616,55754334,691382172,679079334,1072444728,1762806658,2134364575,28.976999999999,2.53600000000006,3.33700000000135,0.825999999999112,0.858000000000175,116.27,1,NA,"3835e552db3f","not-a-git-build","bbd3d4119dab4c61438d29ca56ae93a0","confirmatory",173.688999999998,18.0946291970046,9.70171330854365,16.5340416939965,6.70316476416143,36.7406780237928,26.7605766356002,327.415605777091,94.123241121173,273.374534738815,44.9324178554953,10.8806139505867,6.00812284756251,0.213,0.974,0.719,1,20.6506832411594,62.9334991054161,22.1545903419011,64.8754111315136,24.2389189088306,13.1306970400355,22.8948086797496,10.6342163975698,43.1014450095458,30.6916282690086,587.525189868866,172.415204757196,524.172264482336,113.086558390343,15.2883253040013,7.7295444528635,0.077,0.888,0.588,1,23.4582155081754,65.5642175650885,24.7191493484088,68.4605342859498,19.6689313889373,11.73246728143,17.7255108680717,9.81995031993798,37.932147197868,29.8773621913767,386.866861982724,137.650788509825,314.19373553413,96.43142428605,11.466692930356,7.45646098668911,0.326,0.999,0.693,1,27.9919270541937,86.3747184049976,27.616513409053,84.4251624764288,23.7517541704791,12.262175093497,22.1257394233115,10.4731404094692,42.3323757531078,30.5305522809079,564.145826174871,150.360938023579,489.548345028282,109.686670036456,14.0511614198328,8.14254444624032,0.227,0.996,0.765,1,31.1323206874267,95.4967879837356,31.0145373950704,98.2423554298192,15.0756423822078,63.6040150563563,-1.64224624735331,52.0741394048184,28.2362076676058,44.7010087941456,18.2309002635619,36.1684276086512,48.5283726741485,53.7163856521718,16.4648011265397,17.9375273450893,1,1,0,1,18.188014103875,67.9405524250613,5.15677667883852,59.3255141519313,33.5058532274813,53.5898370588544,19.685237085835,40.6731326189426,49.7525383211863,54.1687374730928,20.0839838313731,20.9878955331076,1,1,0,1,11.3133914541554,62.6121607881908,0.599182640752236,56.4984644054703,29.0108535159015,46.6357128799546,21.3438071979874,38.9615004234206,51.2987693340353,55.899281764718,17.6248593640531,17.6176932254333,1,1,0,0,16.2266509294418,70.3043714758995,3.79499122128928,60.6439710199592,33.3319681240641,52.0210106131009,20.5235514345486,39.2013045335157,54.0777205464577,56.8489797986699,18.6890424890368,18.6777530989672,1,1,0,0
506,100,1,1,"L'Ecuyer-CMRG","10407_345091415_-2082683702_1056249689_1025566405_-2043183886_1112909435","10407_686075793_547322498_1933539156_846288640_781830223_-2032348053",2134364575,1097665497,1895606466,974103970,738308951,2080796091,980107508,26.991,4.00300000000061,2.50900000000001,0.858000000000175,0.836999999999534,115.455,1,NA,"3835e552db3f","not-a-git-build","bbd3d4119dab4c61438d29ca56ae93a0","confirmatory",171.645,20.0683099875866,12.9841694024494,18.2345237023088,9.40127881895626,38.031449143494,29.2202902469945,402.73706575787,168.588655071503,332.497854650063,88.3840434317556,12.3885760826303,7.51598985944027,0.177,0.909,0.526,0.998,19.3223558332864,58.2019064320963,20.40647873142,59.7170997496718,25.5317517171218,16.377152669019,23.9191870458026,13.5583445884736,43.7161124869877,33.3773560165118,651.870345744751,268.211129544357,572.12750893209,183.828707979792,16.9028565257508,9.51923910044042,0.062,0.712,0.41,0.991,18.9659949302836,58.3273454110825,21.5414550483816,62.3359767814321,22.4052287899682,16.1264702532125,19.7660781682204,9.93650359440137,39.5630036094055,29.7555150224396,501.99427713082,260.063042827748,390.697846152198,98.7341036815513,13.3140909402606,9.4619372087688,0.24,0.948,0.634,0.998,25.2015636662726,78.7058990617339,29.1639657054665,84.2990159613102,21.8898422935729,17.173198251327,19.1397483450722,13.1746923460675,38.9366737862574,32.9937037741057,479.165195637494,294.918738179382,366.329966712695,173.572518413528,12.9533635276715,10.1038340550147,0.305,0.984,0.552,1,27.9933947339849,86.899333444773,30.0188921581216,95.1651964411956,14.480487800335,59.7189713868524,6.36985332584592,53.8451844753995,29.8028780513575,46.4954297336052,20.1576482251386,38.2045242250256,45.2384835865174,47.4753311495536,16.6925516822478,18.046875999887,1,1,0,0,21.7444473019358,64.0826998897157,7.24284566013693,57.3225612062753,37.6274008259244,50.5259117893593,25.8751573938567,41.3516774975725,42.3382525877799,50.0797155461384,12.8985109634349,15.4765201037158,0,1,0,0,17.6952264213424,61.36394151034,3.75911886681397,54.4016546993466,31.6420692207101,46.6211501735953,21.4287650784401,38.7331808384316,43.6687150889976,50.6425358325327,14.9790809528852,17.3044157599915,1,1,0,0,16.8692654243957,60.5973829733177,7.11049419878468,56.3427535898628,31.1184412147885,47.1829954593275,24.8386527281026,41.1367787550797,43.728117548922,49.2322593910781,16.064554244539,16.2981260269771,1,1,0,0
505,100,1,1,"L'Ecuyer-CMRG","10407_-1203904727_26373404_106602468_1501402666_-1271284563_-1988052226","10407_-892544273_-253954423_-1659386733_-884001062_-1495579128_-1568469790",1072444728,1762806658,2134364575,1097665497,1895606466,974103970,738308951,27.6309999999994,2.51200000000063,2.51100000000042,1.64799999999923,0.822000000000116,113.682000000001,1,NA,"3835e552db3f","not-a-git-build","bbd3d4119dab4c61438d29ca56ae93a0","confirmatory",170.608,8.76127871353211,14.7634171283991,3.50785765783623,11.8049618534495,23.4328380371969,31.5387290112713,76.7600046961909,217.958485307109,12.3050653476403,139.357124361398,5.69064416695387,8.54388099611795,0.788,1,0.464,0.992,22.7023526871766,67.3255763796813,20.5547049975168,61.8563490693721,13.2511576926741,19.893034295861,10.4300507100812,17.6488742930704,30.3550310894419,37.3826414508923,175.593180196117,395.732813496302,108.785957814865,311.482763812603,7.83131531452553,11.774023520345,0.607,1,0.315,0.982,25.6195580903966,75.0892718292939,23.3227618725371,69.4769107619028,11.4044032769242,18.3153556446143,7.13697401936504,15.3946193665564,27.0619543987257,35.1283865243782,130.06041410272,335.452252388704,50.9363981530915,236.994305441152,7.17164490095719,10.6602105169187,0.75,1,0.478,1,26.7949493288863,81.0196113021703,29.0525487059396,90.6962805595251,8.72117096423341,16.5231292061484,2.90332217512252,13.0900645717981,22.8283025544832,32.8238317296199,76.0588229873879,273.013798763073,8.42927965255815,171.349790493843,6.95554051017998,9.87793079018856,0.95,1,0.62,1,32.2810114321356,96.926501943276,32.6349701481473,99.9842286217074,-3.80657408370701,48.8117218017901,8.72139208850305,57.2273557993917,14.3914916345941,32.5629319320374,23.6480899701853,39.5149457615525,52.6182958854972,48.5059637108887,18.1714402974433,15.8668557913671,1,1,1,0,-0.898167471418324,56.9008239704286,9.83741556096549,69.1360692902077,21.1938360462752,39.808219028224,27.9026795796839,46.3168428012232,57.7989914418469,59.2986537292422,18.6143829819488,18.4141632215393,1,1,0,0,-0.355746191541014,55.2532985944532,7.42556782752181,63.7577747884501,17.2816952574147,36.8280395568119,25.5965033835152,44.7235273573987,55.6090447859942,56.3322069609283,19.5463442993972,19.1270239738835,1,1,1,0,-9.58437953005751,53.3967133770199,2.94361251202347,63.6032338107251,10.7395978288722,33.7011583380882,20.5625194182318,43.3001818014048,62.9810929070775,60.6596212987016,22.961560509216,22.737662383173,1,1,1,0
508,100,1,1,"L'Ecuyer-CMRG","10407_1655905328_1692891768_1417427854_-174103733_-886235663_1614064693","10407_-1278976970_-1146323575_429257378_1818280062_21492647_322278769",738308951,2080796091,980107508,561690942,1278462795,1949901709,206307603,28.0650000000005,2.62099999999919,2.83300000000054,0.877000000000407,0.805000000000291,118.041999999999,1,NA,"3835e552db3f","not-a-git-build","bbd3d4119dab4c61438d29ca56ae93a0","confirmatory",175.648999999999,7.83062129500359,16.0290808802556,-2.39779295833052,13.5277333479175,17.3671901384014,33.2314810652341,61.3186298657637,256.931433865775,5.74941107101944,182.999569532358,5.27960108718881,9.33904359183938,0.857,1,0.434,0.997,22.8193399420698,64.2146100448324,23.2444224763173,69.4546264656649,7.68205428285088,21.0074204514863,-2.90471093017492,19.0262372636671,16.860272166557,38.7299849809837,59.0139580046675,441.311714025525,8.43734558787764,361.997704413354,5.61342725474892,12.5825782145024,0.897,1,0.25,0.974,24.8156040347171,73.3428979389075,24.5346691946379,70.9116967262662,8.66694564789307,22.9586295309882,-0.79005506560236,20.580718817736,18.9749280311296,40.2844665350526,75.1159468635327,527.098669941161,0.624187006683949,423.565987054712,6.28142285265993,13.4668861726308,0.894,1,0.322,0.996,27.6488572469481,82.7113852699878,32.7837685622793,100.405126509096,10.1538368055426,24.4609954539628,4.52844218927025,22.3691461425501,24.2934252860022,42.0728938598667,103.100401873591,598.34029859879,20.5067886615628,500.378699146764,8.00365988075352,14.3552894739761,0.926,1,0.33,1,36.1992424401485,110.695757981586,36.691749823024,111.63354072892,-9.69639283838277,40.3613031513598,6.25346125531492,62.5622333129899,8.10722788997516,27.1017328712143,23.2879559257123,43.0832748796586,50.0576959897426,56.308772057675,18.9945049812391,19.7953189539463,1,1,1,0,-13.8797536940103,46.0377795127874,10.192538136809,66.5007166314376,7.04791501894395,27.1024616331747,29.1300480220764,48.3273418815641,59.9175332067977,56.3081784946286,20.0545466142308,19.1972938594878,1,1,1,0,-7.80715066671467,46.2788287596037,11.4399628433615,70.5627475885489,9.55527302318366,28.478723131392,29.4954614027497,51.0507725141182,54.0859794263183,59.1227847451873,18.9234501082084,21.5553111113685,1,1,1,0,-7.96405131484751,55.9933937588077,13.1458705513022,75.6192524837396,13.5796360038652,35.4148399872697,31.7755688909327,52.2131550370573,63.9574450736552,62.4733819324374,21.8352039834046,20.4375861461246,1,1,1,0
507,100,1,1,"L'Ecuyer-CMRG","10407_741957019_-1763067220_1528951232_-2004254634_-1076741280_-651196841","10407_-1195213841_1167866047_268425280_-830910839_-1502219234_-641282549",1895606466,974103970,738308951,2080796091,980107508,561690942,1278462795,28.2029999999995,3.83100000000013,2.53499999999985,0.860999999998967,1.14799999999923,114.115,1,NA,"3835e552db3f","not-a-git-build","bbd3d4119dab4c61438d29ca56ae93a0","confirmatory",171.668,8.79933854572908,9.13149255045275,-1.94762854350688,-4.20022057857387,17.7972711243343,15.5417535278503,77.4283588423536,83.384156198974,3.79325694348273,17.6418529086754,5.7908715495021,5.73755596999752,0.798,1,0.76,1,23.4585097938157,68.2626834939297,22.239606777789,62.6572807236175,9.90281915654703,8.80526049214904,3.28668408349561,-0.686697800285337,23.0315837513368,19.0552763061388,98.0658272472747,77.5326123346008,10.8022922647034,0.471553868916721,6.24939097255281,5.60834639696469,0.755,1,0.73,1,24.089787153106,69.7024991762805,21.3327623133404,64.6286287940903,11.7827421141808,10.3036017130342,-0.507045561365661,-4.91630065992988,19.2378541064755,14.8256734464943,138.833011729289,106.164208260841,0.257095201300619,24.170012178827,7.68090389570809,6.73991059367444,0.782,1,0.783,1,31.113615747787,89.5219096607591,26.4832205099961,78.26812262909,18.5333738402069,12.0702536376921,-7.12839399423646,-7.26188584524413,12.6165056736047,12.48008826118,343.485945900867,145.691022878219,50.8140009370665,52.734986029357,11.0790216132252,7.9754561349579,0.592,1,0.773,1,34.9534126305814,106.785308081954,30.6274781035647,95.6568739708396,-9.11252193375922,46.8084450637561,-10.5599847097187,43.608777306912,8.54163556449699,27.150155688024,5.11174583771582,25.0009762204947,55.9209669975153,54.1687620166308,18.6085201235271,19.8892303827788,1,1,1,1,-5.40068667912198,47.9695768722916,-8.00101851194578,45.6114522372658,14.6807390429449,32.3994236965506,9.95264738943668,27.8096712063089,53.3702635514136,53.6124707492116,17.7186846536057,17.8570238168722,1,1,1,1,-6.23492753689583,46.6830849813788,-10.9010586602652,42.5992607583958,10.1137930287995,28.2353592164434,6.25418114500394,22.9320376482562,52.9180125182746,53.500319418661,18.1215661876439,16.6778565032522,1,1,1,1,-14.7555500444721,41.485911819636,-18.4328024220058,43.3507434298167,3.0920563591925,22.6666680311329,2.88226615013367,22.9039450972132,56.2414618641081,61.7835458518225,19.5746116719404,20.0216789470795,1,1,1,1
510,100,1,1,"L'Ecuyer-CMRG","10407_-381903485_-416375575_-1457472017_-1155954049_35538312_272300661","10407_392623589_1002543905_-368477186_-720623040_-1857244216_-1151830501",1278462795,1949901709,206307603,988193632,10492375,1757368713,117042651,27.9220000000005,2.62599999999838,3.78000000000065,0.850000000000364,0.828000000001339,115.708000000001,1,NA,"3835e552db3f","not-a-git-build","bbd3d4119dab4c61438d29ca56ae93a0","confirmatory",172.019,15.7549342400427,15.5731932635405,13.7148279987701,-12.3703658288898,33.5545119478686,7.64392463637626,248.217952908069,242.524348423584,188.096507035849,153.025950740565,9.20483871250679,8.98373748858679,0.415,1,0.466,0.995,25.3256002650398,72.6381075216826,21.9905292651404,64.0327181234936,22.1770767572119,13.1040166350844,20.731619286374,-9.25582943320825,40.5713032354725,10.7584610320578,491.822733495267,171.715251972569,429.800038235154,85.6703784966442,13.4320463950886,7.56862642402299,0.163,0.993,0.516,1,25.3306614683799,74.369549047526,20.1440311170887,63.077690197851,15.2457184225519,17.0193725996485,12.7687796399369,-13.7020192292587,32.6084635890355,6.31227123600735,232.431930219737,289.659043685668,163.041733493268,187.745330958976,9.38388515553163,9.8545239042336,0.617,1,0.477,0.999,31.4016894988047,100.213690664124,26.5893358951342,82.1017881577146,14.6681403043365,19.9318771056116,11.1917042844348,-17.308497794148,31.0313882335333,2.7057926711181,215.154339987701,397.279724953203,125.254244790236,299.584095890025,9.07419240208355,11.6073240091519,0.652,1,0.376,1,31.4463674236522,96.509311274158,27.9137578725136,86.9822416144733,0.861891437950093,62.8184050236254,-21.7024895611155,34.6608417562367,22.5564174371903,44.5947857297234,-1.5586554396276,16.640340684751,61.9565135856753,56.3633313173522,22.0383682925331,18.1989961243786,1,1,0,0,5.96552234386004,68.8258063151258,-14.1718087093142,37.9612016654031,30.701935422221,51.728417323299,2.22765254782614,18.4489373421957,62.8602839712658,52.1330103747174,21.026481901078,16.2212847943696,1,1,0,0,1.07632670196258,62.1053192703684,-18.7573984523907,32.4374583261396,23.6551600744476,43.4405249971941,-2.75640401914237,14.1135810197748,61.0289925684058,51.1948567785303,19.7853649227466,16.8699850389172,1,1,0,0,-0.128216952157543,62.2001578561182,-26.0442823689692,33.5175212554,19.9694041692683,42.7009212253522,-7.23035413053999,12.3872931249876,62.3283748082758,59.5618036243692,22.7315170560839,19.6176472555276,1,1,0,0
509,100,1,1,"L'Ecuyer-CMRG","10407_-1625023864_214547792_-1801171314_-2133895651_52484732_884668675","10407_-458180814_623996105_-1832718714_626998712_1059591124_-1610284664",980107508,561690942,1278462795,1949901709,206307603,988193632,10492375,27.8379999999997,2.60100000000057,3.8809999999994,0.858000000000175,0.858000000000175,118.389999999999,1,NA,"3835e552db3f","not-a-git-build","bbd3d4119dab4c61438d29ca56ae93a0","confirmatory",174.724999999999,20.504364297724,11.1804960117721,-19.1180088335218,5.84841245249234,0.625090246542658,25.6530482299714,420.428955253778,125.003491069251,365.498261758618,34.2039282144675,12.3745481682953,6.67029865278953,0.164,0.992,0.663,1,22.9164639971994,70.2634771596889,22.1522279683296,65.7546282757222,19.9041826841593,16.5660193665491,-18.1694676333162,13.6040911846328,1.57363144674824,33.4087269621119,396.176488324387,274.432997652879,330.129554078127,185.071296959804,11.8206255648303,9.54143116313844,0.26,0.986,0.464,0.997,24.9775892422286,72.1700397105352,23.8175913136202,67.649489057254,22.2044922361754,14.2019770715947,-18.8450145208921,9.69959095906577,0.898084559172381,29.5042267365449,493.039475466373,201.696152742102,355.134572292634,94.0820647731904,12.9962647472749,8.38029485245671,0.408,0.991,0.649,1,32.2344398823293,95.7203741650508,27.3140115863352,80.3083791800705,22.1949641295574,14.0412345217228,-19.6313976663804,7.29621646965082,0.1117014136841,27.1008522471299,492.616432712339,197.156266894021,385.391774335565,53.2347747720038,13.1357924505971,8.7925325106048,0.411,1,0.743,1,34.3824278384497,107.650365196576,32.4597109930116,100.14907112985,-29.9501447383298,29.8524216718828,-0.417203235917047,51.6178692363302,-7.87578310020897,9.74869180939113,16.7774808658367,34.3322616354749,59.8025664102126,52.0350724722472,17.6244749096001,17.5547807696382,1,1,0,1,-31.1139331922919,26.773354683654,7.92969909075236,60.2234538241233,-7.88246649325839,12.1956497889409,23.5389076580832,43.4962156683916,57.8872878759459,52.2937547333709,20.0781162821992,19.9573080103085,1,1,0,0,-25.9845097865416,27.7415083362079,0.56359632408439,56.4123713615523,-8.26846959470156,10.2388623800675,20.3715945160717,39.6437166489515,53.7260181227496,55.8487750374679,18.5073319747691,19.2721221328798,1,1,0,0,-28.3759287748712,26.3910621609443,-0.126326312814791,56.2805206474957,-9.52986271328228,10.5752666170303,17.3145991460863,36.6914690359039,54.7669909358155,56.4068469603105,20.1051293303125,19.3768698898176,1,1,0,1
511,100,1,1,"L'Ecuyer-CMRG","10407_-117945809_-142517657_131497863_1784047298_1381841127_584709127","10407_-880759071_1895951398_1217035834_500023530_1505138539_976142743",206307603,988193632,10492375,1757368713,117042651,1596662321,1969165519,28.8860000000004,2.61000000000058,3.60599999999977,0.856999999999971,0.829999999999927,121.139000000001,1,NA,"3835e552db3f","not-a-git-build","bbd3d4119dab4c61438d29ca56ae93a0","confirmatory",179.128000000001,12.6508505800113,18.2415862318509,-9.94081201027448,-15.7168406825502,10.4487104037003,4.57001362796412,160.044020397771,332.755468254054,98.8197434236173,247.019081040666,7.60266412374718,10.7911912276699,0.643,1,0.333,0.984,25.7116104364816,76.6492125937881,22.5780224200182,63.1750336190813,11.7529998532734,22.0651951222053,-8.59633527739316,-20.0440483077792,11.7931871365816,0.242806002735151,138.133005551043,486.872835780991,73.8969802013541,401.763872564586,7.32099051404374,13.2098589944713,0.731,1,0.255,0.999,26.860625235746,79.9329591393754,25.7597168614832,73.5272938775329,17.6266960653016,22.9207975116439,-11.8546000787956,-20.240476492853,8.53492233517918,0.0463778176613831,310.700414178519,525.36295856978,140.531543028181,409.676888657733,10.6980514941165,13.4321699874691,0.702,1,0.352,1,38.3429207045808,111.761388798887,32.3214867532131,97.2082140596991,15.6249150889787,20.2957613710611,-10.6866974490173,-17.3632934482741,9.70282496495748,2.92356086224024,244.137971537793,411.917929631056,114.205502366833,301.483959370878,10.0924267253333,12.0098080385619,0.791,1,0.46,1,38.5230512068688,119.935010805241,34.1760501993732,108.343804372768,-22.3633018341124,39.8733876159275,-21.8174791627934,29.8112491156567,-0.259433004987589,22.0425782631183,-5.05479908434568,14.3509396826718,62.2366894500399,51.6287282784502,22.3020112681059,19.4057387670174,1,1,1,0,-23.5054155702898,43.2054188523229,-28.3261358197713,32.0088912324447,1.534396253387,21.6492182244779,-10.5928713697406,10.5926683606348,66.7108344226127,60.3350270522161,20.1148219710909,21.1855397303754,1,1,1,0,-26.611159375089,42.7286088977739,-30.2758158928659,30.63232820555,-3.91311302113356,21.0673835935389,-11.0090583220809,10.63416954283,69.3397682728629,60.908144098416,24.9804966146725,21.6432278649109,1,1,1,0,-22.3537895767174,49.3050088142251,-34.0059778820591,36.1121323868304,-3.22285752091048,20.919272363032,-8.58718748152658,13.6459975833785,71.6587983909425,70.1181102688895,24.1421298839424,22.2331850649051,1,1,1,0
512,100,1,1,"L'Ecuyer-CMRG","10407_1422531121_274473093_1530587408_-1462730961_-896648936_-957868465","10407_348279397_549108041_1538909135_1983733056_1716682135_474745850",10492375,1757368713,117042651,1596662321,1969165519,1732806763,595048909,30.0169999999998,2.63199999999961,2.60000000000036,1.51299999999901,0.840000000000146,122.709000000001,1,NA,"3835e552db3f","not-a-git-build","bbd3d4119dab4c61438d29ca56ae93a0","confirmatory",182.121999999999,22.8008360579524,25.0843997815446,-21.5529468833974,-23.6642887842699,-1.72482439958196,-4.08223095934858,519.878124941624,629.227112400353,464.529519358548,559.998563665323,13.9116036426507,16.132578327906,0.091,0.999,0.06,0.798,23.9314696350939,74.4332643505579,22.3414035359182,64.1359471828132,21.450740852128,24.2845352571268,-19.8115520084613,-22.6675863422397,0.0165704753541608,-3.08552851731839,460.134283105154,589.738652654635,392.497592983965,513.819470582893,12.8944077118986,15.4651982409244,0.191,0.965,0.102,0.811,25.1263171563092,70.8737467462122,21.7960891417016,64.1238856809048,27.2171165472449,26.3927365244193,-23.8504577652844,-24.9008847169582,-4.02233528146903,-5.31882689203687,740.77143314631,696.576541247416,568.844335613617,620.054059687243,15.6900423605691,16.3772761910064,0.297,0.986,0.102,0.962,33.2294432756236,102.106776263026,26.1344648710628,80.5057140660334,31.2698604443549,31.9992795612247,-27.9978188325199,-30.5921401535221,-8.16969634870447,-11.0100823286007,977.80417220943,1023.95389243741,783.877859378605,935.879039172737,18.3251852793829,19.9969686733978,0.229,0.974,0.075,0.947,36.0312515733221,109.7077810608,31.2238548063702,95.0232716387154,-30.5120693041806,32.5766984698203,-31.1617744681386,21.4367071749373,-12.0048758676761,8.32582444945545,-13.8185016093946,5.51313389470237,63.0887677740008,52.5984816430759,20.3307003171315,19.331635504097,1,1,0,0,-27.9887057823013,26.3770354961702,-24.6694792819881,22.9510377129451,-9.47816961791403,9.83197191770503,-12.0977541463592,5.36586262613634,54.3657412784715,47.6205169949331,19.3101415356191,17.4636167724955,1,1,0,0,-32.4356767608137,22.2552230466975,-27.5337308038126,17.5899498819518,-13.1599121816652,5.9171429377623,-13.4361399750852,2.58974695367806,54.6908998075112,45.1236806857644,19.0770551194275,16.0258869287633,1,0,0,0,-34.6622667095867,18.8145476874238,-37.9772649666454,15.97635361808,-16.9246080205974,0.610648950715322,-19.7586143798205,-1.94070441097482,53.4768143970105,53.9536185847254,17.5352569713127,17.8179099688457,0,0,0,0
514,100,1,1,"L'Ecuyer-CMRG","10407_1120191698_1118045187_-1206206822_1925173957_1265501404_-463524277","10407_1381487092_-642877159_2109833337_1422146688_1676260427_858178406",1969165519,1732806763,595048909,1845896420,1599699898,1043965768,462524082,28.7309999999998,2.6969999999983,3.58499999999913,0.912999999998647,0.869000000000597,116.866,1,NA,"3835e552db3f","not-a-git-build","bbd3d4119dab4c61438d29ca56ae93a0","confirmatory",174.945,10.1264009847364,9.10397323064664,6.9574198693468,1.25282524352667,26.5809333428545,21.0533666870843,102.543996903671,82.8823285843307,48.4056912383817,1.56957109081766,6.29893727752784,5.79295396662102,0.728,1,0.738,1,23.867683307725,69.1517452707497,22.0817004249679,65.4030313298763,10.069676976874,10.3884841260038,6.95868196326542,4.80766953564438,26.5821954367731,24.608210979202,101.398394418586,107.920602436233,48.4232546658755,23.1136863639631,6.76305483311419,6.49810170751174,0.813,1,0.705,1,27.3375188441023,81.8135833625672,24.0306972934816,72.4514404637713,8.11384885140034,10.1223039193917,5.20652306562484,3.12907077056002,24.8300365391325,22.9296122141176,65.8345431833706,102.461036636532,27.1078824328835,9.79108388717305,6.601619729552,6.81652048355465,0.941,1,0.852,1,30.7507715030684,92.8606095483568,28.9028625145683,83.1176572222832,10.3480400043791,11.8225211175515,4.81562235085359,4.09592411930376,24.4391358243613,23.8964655628614,107.08193193223,139.772005574951,23.1902186260407,16.7765943910943,8.13737244902906,8.27583113739837,0.923,1,0.869,1,36.4970016698595,113.787932147441,34.6660534633514,106.48121319135,-2.16498736772591,54.3768943356099,-5.73510539769938,50.1997912154903,16.2190554359307,36.4534799407254,12.2218872508092,30.5418569966372,56.5418817033358,55.9348966131897,20.2344245047946,18.319969745828,1,1,1,1,-4.54591802606654,63.807903275198,-6.54799447944337,52.2126086704872,14.7708103726384,38.3682461131074,15.3112882101283,34.6950505260932,68.3538213012645,58.7606031499306,23.5974357404689,19.3837623159649,1,1,1,1,-6.2136280207947,54.9258364438916,-5.66670269240372,51.8409637129816,13.9520600022545,35.0181457268079,13.2558206161303,33.2117196966138,61.1394644646863,57.5076664053853,21.0660857245533,19.9558990804836,1,1,1,1,-7.38762528627683,58.1259982986537,-5.70423000950063,58.7115808083203,12.9264802128695,36.5113445651267,12.0991884391587,35.3677528807224,65.5136235849305,64.4158108178209,23.5848643522572,23.2685644415637,1,1,1,1
513,100,1,1,"L'Ecuyer-CMRG","10407_1988390369_-1303834323_1577322486_505222887_1178454230_-1709062952","10407_967423687_-1493731725_1823775866_1611144725_-1053434167_-940716879",117042651,1596662321,1969165519,1732806763,595048909,1845896420,1599699898,29.5840000000007,2.78499999999985,3.31999999999971,0.859999999998763,0.82799999999952,116.939,1,NA,"3835e552db3f","not-a-git-build","bbd3d4119dab4c61438d29ca56ae93a0","confirmatory",176.716,26.4883697464679,17.8460437992686,-25.3009457104183,-15.6979770774897,-5.22091209775556,4.28057637188188,701.633731825597,318.481279285415,640.137853841532,246.426484325394,17.1963455558711,10.4042157062825,0.04,0.906,0.373,1,22.3442294929819,68.0595383115039,24.7566759175879,76.213775433903,32.7864495067285,12.7098221265169,-31.7845227108447,-9.23605878644524,-11.704489098182,10.7424946629264,1074.95127125726,161.539578487699,1010.2558839562,85.3047819066724,22.2129375559711,7.5659061095853,0.004,0.691,0.596,1,24.863855144113,74.3522579125303,25.2871102089073,74.4660892337321,30.3617975380075,15.035171014231,-28.9865042439916,-11.7349807446401,-8.90647063132894,8.2435727047315,921.838749738959,226.056367427171,840.217428286945,137.709773077075,19.5970794504793,8.92094492636767,0.038,0.819,0.587,1,25.6973044568585,79.7898811371823,28.4377721675498,84.1296243065783,34.7250786181964,13.71723265466,-33.1255564355585,-10.3141966815631,-13.0455228228958,9.66435676780857,1205.83108503992,188.162471702069,1097.30248916537,106.382653185966,22.1683240561797,8.72513534578686,0.054,0.871,0.709,1,31.0660724122581,95.3360646809492,32.804024216346,101.54659192569,-31.9614697772466,25.7772049450577,-29.2221003367829,37.0998649296598,-15.556118313333,3.59143856406726,-7.11826029223171,15.0794830530588,57.7386747223043,66.3219652664426,19.1475568774002,22.1977433452905,1,1,0,0,-45.4868671623786,19.4201255085095,-18.8753699561463,44.9116295203696,-22.2107486429648,-1.64900837598446,0.127472616780031,20.8920855432608,64.9069926708881,63.7869994765159,20.5617402669804,20.7646129264808,0,1,0,1,-37.6835891640643,18.4278953397952,-21.5375307562792,39.3423654425968,-18.176314633506,0.25185741767084,-1.84522387763348,19.5017791235382,56.1114845038595,60.879896198876,18.4281720511769,21.3470030011716,0,1,0,0,-47.132122080042,17.3096721840436,-24.9585346928645,44.0716672388354,-22.6960506506203,-2.70532832185562,-1.49803521943553,20.9799043432405,64.4417942640856,69.0302019316999,19.9907223287647,22.4779395626761,0,1,0,1
516,100,1,1,"L'Ecuyer-CMRG","10407_-353436010_214627762_671050546_-695907325_-1842928120_1843695570","10407_-20091208_-672339356_-1931452850_-705905259_-429632714_1364749895",1599699898,1043965768,462524082,565963598,1396756769,1105376138,1790263432,29.2939999999999,2.56900000000132,2.8179999999993,0.971999999999753,0.865999999999985,114.940000000001,1,NA,"3835e552db3f","not-a-git-build","bbd3d4119dab4c61438d29ca56ae93a0","confirmatory",173.072,10.7491941080964,9.88141178330128,-7.46624557889568,-5.81558272528173,12.8688144970152,14.7632140653143,115.545173973535,97.6422988311654,55.7448230443793,33.8210024345953,6.39020616680917,6.34808956764178,0.633,1,0.733,1,21.2146280307056,60.1262642832006,24.6981134782604,72.7355525439246,9.60185738419585,11.4274583223494,-5.47552744910311,-7.70561583752522,14.8595326268078,12.8731809530708,92.1956652264365,130.586803709034,29.9814008458816,59.3765154355195,5.97487423043553,7.01287525357013,0.714,1,0.676,1,21.9684104678182,65.6974674662938,25.5155776634232,74.5632970341973,12.1749745460604,13.2677726133649,-8.72265962839912,-10.2173546094166,11.6124004475118,10.3614421811794,148.230005197219,176.033790119955,76.0847909929039,104.394335214567,7.36089024416022,8.57534883445601,0.661,1,0.779,1,25.1820992574352,73.8760275901304,33.554029189661,100.395158126512,13.5210615443363,14.080852133096,-10.7965839690975,-11.3681641098003,9.53847610681342,9.2106326807957,182.81910528573,198.270396794115,116.566225401772,129.235155227352,8.22505169962258,8.83110770570091,0.592,1,0.671,1,27.6011684374785,86.9398934093694,30.2410089379495,97.3552127260801,-11.5720551506836,39.7735270806272,-17.0388747710164,43.8729232510817,4.0945622860379,20.7495954509771,4.93188891560809,25.7019127927539,51.3455822313108,60.9117980220981,16.6550331649392,20.7700238771458,1,1,1,1,-10.799157869658,43.7211337451006,-18.4876769307541,47.509145878524,4.97533690030452,24.5115972565031,2.36707303342467,23.6666511298688,54.5202916147586,65.996822809278,19.5362603561986,21.2995780964441,1,1,1,1,-13.6812481998029,35.9916244832512,-20.3891710691061,40.5651137130857,2.91249895858427,20.1527342927199,-1.09176787727352,22.7040641744605,49.6728726830541,60.9542847821917,17.2402353341356,23.7958320517341,1,1,0,1,-18.8282989521823,39.2899963215303,-23.6428579028119,39.6537507503716,-1.36304287224887,20.0630589392854,-0.870768312706939,19.9032585926516,58.1182952737126,63.2966086531835,21.4261018115343,20.7740269053586,1,1,0,0
515,100,1,1,"L'Ecuyer-CMRG","10407_-2075598201_472935462_58105892_383789013_-1378904584_887733029","10407_1569768771_1534182057_856824247_-339126447_-1141450795_1359342119",595048909,1845896420,1599699898,1043965768,462524082,565963598,1396756769,29.0480000000007,2.53099999999904,3.77000000000044,0.842999999998938,0.817999999999302,116.530000000001,1,NA,"3835e552db3f","not-a-git-build","bbd3d4119dab4c61438d29ca56ae93a0","confirmatory",174.18,8.24542105954755,9.09850273960593,2.86262172397174,-0.525933791191594,22.8703130350117,19.6702142623811,67.9869684492302,82.7827521026166,8.19460313455493,0.276606352717163,5.89428884569007,6.03889837329919,0.895,1,0.798,1,27.1511255998394,73.9759184484197,24.70941452376,72.9691012585127,11.353229464546,8.90029790219051,7.96919610833013,-1.20730285844871,27.97688741937,18.988845195124,128.895819274635,79.2153027477367,63.5080866130241,1.45758019201843,7.18436299786574,6.17258612755794,0.771,1,0.839,1,28.0581892006689,80.0534523657831,26.3405085764118,77.3470670222187,10.0701920736816,12.4666548549379,2.70378371374683,-5.80683337999678,22.7114750247867,14.3893146735759,101.40876840084,155.417483272147,7.31044637072258,33.7193139030449,7.55910199108061,7.94769096197655,0.925,1,0.754,1,34.6445988431541,100.99830668553,29.952692288322,92.0695050050987,12.0102675329007,13.942683617628,1.90146112875982,-6.01360914608511,21.9091524397997,14.1825389074876,144.246526211849,194.398426461272,3.61555442418458,36.1634949618785,8.55225116280878,8.7609432418777,0.865,1,0.734,1,35.7001468665473,110.546390402143,31.9860753055399,94.3407962554324,-7.21748506483853,54.7427457342403,-8.96297136990932,53.794248128958,11.7756852153183,34.1562446689869,8.57379882473375,29.703138999213,61.9602307990788,62.7572194988673,22.3805594536686,21.1293401744792,1,1,1,1,-3.40367750567401,59.4956120606548,-11.0568622458975,55.2308327619375,16.3416258102434,39.4456655663965,6.46520585888284,29.9235629274571,62.8992895663288,66.287695007835,23.1040397561531,23.4583570685743,1,1,1,1,-11.7797242139861,57.6032294800123,-13.6315841765689,43.9512015738895,10.4665934146803,34.4842298739509,3.91969287528754,24.5921386374738,69.3829536939984,57.5827857504584,24.0176364592707,20.6724457621862,1,1,1,1,-11.8192062276869,57.9391087911885,-15.9205133221927,43.2818457426168,9.77023192826461,33.6071935056024,3.43788853614401,24.9574472953285,69.7583150188754,59.2023590648094,23.8369615773378,21.5195587591845,1,1,1,1
518,100,1,1,"L'Ecuyer-CMRG","10407_369715725_104680716_-711809072_-1809486333_-2024629837_-261922004","10407_1499180075_837646344_-1975180636_-1328228478_1399533892_-1807647419",1396756769,1105376138,1790263432,643428290,1468064885,1015978623,83509315,28.2209999999995,2.75300000000061,2.58399999999892,0.865999999999985,1.32800000000134,113.759,1,NA,"3835e552db3f","not-a-git-build","bbd3d4119dab4c61438d29ca56ae93a0","confirmatory",171.702000000001,14.5552368589085,12.259645711352,-10.1854817325875,-9.19413649699012,9.6252879026698,10.6594740550333,211.854920018928,150.29891296787,103.744038124874,84.5321459252858,8.52948319994399,7.12924759138803,0.563,0.985,0.588,1,24.0633709238913,70.6028723480166,21.7114791489191,63.034180173799,14.8607741708307,8.25439068728539,-5.51268283023936,-1.31678088789453,14.298086805018,18.5368296641289,220.842608956429,68.1349656183438,30.3896719868159,1.73391190672432,8.75040586186122,5.39557641408785,0.568,0.995,0.795,1,26.2817269773622,75.8581943160895,21.6351792089013,63.1478143395138,24.4672263215398,8.21170123594179,-7.52520434639687,-3.04554273204413,12.2855652888605,16.8080678199793,598.645163869452,67.432037188368,56.6287004550303,9.27533053270682,14.2076465764666,6.06263227988965,0.442,0.971,0.902,1,35.3906269268867,101.995171147818,26.413380891202,80.76274865002,28.2359631681543,9.40293878552134,-6.56519029324894,-2.42933962285521,13.2455793420084,17.4242709291682,797.269616033367,88.4152578042615,43.1017235865701,5.90169100317428,16.5400516292493,7.43728819173852,0.338,0.95,0.93,1,35.3139912375792,106.953780578103,34.1085905257432,102.283650360302,-18.0412332222812,34.4908726397344,-13.6422994972103,32.3262299504463,0.903766937934997,18.21697655653,2.08382388291628,19.5413285112642,52.5321058620156,45.9685294476566,17.313209618595,17.457504628348,1,1,0,0,-10.9765025279172,42.7984714886026,-8.17259724226837,40.0591066887853,3.18159047333872,23.7221919449378,10.2745295007428,27.2818667829268,53.7749740165198,48.2317039310537,20.5406014715991,17.007337282184,1,1,1,1,-14.1650624422953,39.8223385872638,-6.50119347350668,42.202684725242,2.59954037822089,21.9178957025543,9.16131891942047,24.8598664810225,53.9874010295591,48.7038781987486,19.3183553243334,15.6985475616021,1,1,1,1,-13.1827644420933,41.9401388472827,-11.7275635232152,47.1611706775184,3.71384830861055,22.0941582079188,7.13302227355283,27.4975925420071,55.1229032893761,58.8887342007337,18.3803098993083,20.3645702684543,1,1,1,1
517,100,1,1,"L'Ecuyer-CMRG","10407_-1133733444_-1382946463_-1914514175_-492303310_-1473153180_-1405001987","10407_-1180996235_1173567053_579823611_1052849458_-1231584837_535809573",462524082,565963598,1396756769,1105376138,1790263432,643428290,1468064885,30.2669999999998,2.55699999999888,2.47099999999955,1.48199999999997,0.834000000000742,112.822,1,NA,"3835e552db3f","not-a-git-build","bbd3d4119dab4c61438d29ca56ae93a0","confirmatory",172.405000000001,10.9450553347793,9.97959331208588,7.02043158776368,-3.75928199106507,26.9602753903712,15.8745534403114,119.79423628138,99.5922826746291,49.2864596784701,14.1322010883462,6.50562014179633,5.92248396490285,0.665,1,0.677,1,22.4063226671085,65.4146844111784,20.5852663182136,56.5757860790204,16.3970191153104,9.56689941608604,13.6948318070339,-1.61045716433621,33.6346756096414,18.0233782670402,268.862235867854,91.5255644375074,187.548418222949,2.59357227816183,9.49338582049958,6.08907466557011,0.467,1,0.755,1,26.2702212531937,74.8846704373215,24.1124967940815,68.3072517834454,17.3958093396424,11.5227660190395,11.555175662499,-1.40046208087766,31.4950194651065,18.2333733504988,302.614182581191,132.774136729531,133.522084591209,1.96129403997617,10.1861247144936,7.44568788865399,0.637,1,0.759,1,32.4010144975757,95.4787833261171,28.3318960087293,86.9918857170907,15.9695461754084,11.7385299488523,11.1299544026558,-2.5501784583639,31.0697982052633,17.0836569730125,255.026405048501,137.793085360103,123.875885005197,6.50341016950327,9.61437230731656,7.79023642810963,0.679,1,0.783,1,33.5774767783427,98.3802077474476,29.8392744518865,95.6717395011625,-0.926401888325374,49.8402574487047,-6.92335690769166,39.4110332673819,18.584617079749,36.1827355754921,6.77887565561722,24.5897453477348,50.76665933703,46.3343901750736,17.598118495743,17.8108696921176,1,1,1,1,0.244467367450338,61.4873015766737,-10.9747860635566,46.1939809934758,22.7815918413869,44.7635625892959,7.86296266208469,28.4718501759727,61.2428342092234,57.1687670570324,21.9819707479089,20.608887513888,1,1,0,1,-0.874240243765443,62.7241693800827,-6.682770344006,44.5314378613224,21.2384404767069,41.4008203022961,8.81926992096141,27.2839859321484,63.5984096238481,51.2142082053284,20.1623798255891,18.464716011187,1,1,0,1,1.3319967745651,61.292594553199,-14.0143107702476,47.8600069538714,19.7364231791834,41.2459008431194,6.94142112442744,27.4891803541161,59.9605977786338,61.874317724119,21.509477663936,20.5477592296887,1,1,1,1
520,100,1,1,"L'Ecuyer-CMRG","10407_-1100124322_-1261863158_-392336548_32336596_-645671367_-926783699","10407_-2053943198_-2002763694_1157340561_294496812_-1875159033_1909144140",1468064885,1015978623,83509315,1622993778,677846686,935692898,371292215,27.6800000000003,2.63400000000001,3.02200000000084,0.84900000000016,0.833000000000538,112.759,1,NA,"3835e552db3f","not-a-git-build","bbd3d4119dab4c61438d29ca56ae93a0","confirmatory",169.194,8.63708985832376,14.461733458704,-1.84922249256998,10.4852956929486,18.2820293235324,30.5979643469394,74.5993212207592,209.141734630598,3.41962382702671,109.941425768566,5.79843745904481,8.37219063566461,0.816,1,0.516,1,23.8118880700681,71.6265233811181,23.5453776170873,69.1527191118048,11.0773351205312,18.0046069366836,5.97853756992226,14.8160277929479,26.1097893860247,34.9286964469387,122.707353372553,324.165870944476,35.742911474972,219.514679561403,7.19276666190679,10.3487433109374,0.792,1,0.396,1,28.6235529400367,84.0077380935345,23.4194543810037,72.303713615246,10.11046296684,16.9774244547842,1.462726185513,12.6222737867292,21.5939780016154,32.7349424407201,102.221461403844,288.232941117903,2.13956789378541,159.321795547151,7.39075188959092,9.87755502168375,0.903,1,0.509,1,33.1665618543878,97.495761011591,27.8431440810426,85.1641672385973,9.87214307780937,18.2390928503107,-2.12638027947621,14.7865781133792,18.0048715366262,34.8992467673701,97.4592089487394,332.664508002255,4.5214930929453,218.642892303066,8.04869887378406,10.8171786131191,0.939,1,0.565,1,37.2735000101682,113.276300682967,34.596713979653,105.143812559652,-11.9079371558745,46.1504736775126,1.74317799001781,61.5525467586176,9.52289624005756,27.1840029489834,20.4432836106938,39.9768672783508,58.0584108333871,59.8093687685998,17.6611067089259,19.533583667657,1,1,1,0,-7.65531506576499,58.6238764259975,4.77032134424489,62.6415324325379,15.438007700365,36.7793699269658,25.1673611885917,44.6677366517117,66.2791914917625,57.871211088293,21.3413622266009,19.50037546312,1,1,1,0,-11.3372448695671,56.5207523773113,5.44921612127807,61.4724111813697,9.86126339582231,33.848844289595,23.5563562000047,42.7432219933646,67.8579972468785,56.0231950600916,23.9875808937727,19.1868657933598,1,1,1,0,-16.3156016691464,59.1175091134714,3.32382717581671,67.2346270445702,5.11237241586752,30.9092570191083,22.9110732966582,46.0136603591849,75.4331107826178,63.9107998687535,25.7968846032408,23.1025870625267,1,1,1,0
519,100,1,1,"L'Ecuyer-CMRG","10407_-1296106748_-1076004933_-809072580_37086846_899805567_500520155","10407_1569672647_1179521730_-720895351_-2084439548_-472156204_81615999",1790263432,643428290,1468064885,1015978623,83509315,1622993778,677846686,27.9740000000002,3.93500000000131,2.57700000000114,0.878000000000611,0.845999999999549,110.888999999999,1,NA,"3835e552db3f","not-a-git-build","bbd3d4119dab4c61438d29ca56ae93a0","confirmatory",167.536,24.1459705097491,6.9300470487587,22.9724384240897,-0.830621116564483,42.8700915677172,18.8524495429842,583.027891857675,48.0255520980091,527.732927148592,0.689931439282829,15.4872922559238,5.03642191113118,0.053,0.861,0.902,1,22.1700880955656,62.3693201116783,22.4708109091947,66.099848407848,32.3584928825135,9.70619979924857,31.2983670781881,5.72964528102145,51.1960202218157,25.4127159405701,1047.07206162768,94.2103145429329,979.587781761011,32.8288350463314,22.2667830682065,6.23177484289928,0.002,0.669,0.76,1,23.0906857094936,69.737038225429,23.9136663435524,72.5061814057785,27.2420323038246,8.04866044914928,24.7421499481805,-0.877956464112202,44.639803091808,18.8051141954365,742.12832404262,64.7809350256998,612.173984058248,0.770807552876401,16.3789657164814,6.8062460097679,0.211,0.957,0.943,1,30.0254475900569,91.5315065481577,31.7205796723322,98.0332554857651,28.3607084193422,8.6008848626645,26.3202302774602,2.49492109136288,46.2178834210878,22.1779917509116,804.329782046948,73.9752204208114,692.754521858534,6.22463125212736,16.97203511989,7.05700580772926,0.185,0.982,0.958,1,32.642741772297,103.131282548966,31.9160485183685,100.20705623607,17.3277490319088,67.445819183077,-8.33014771768513,49.6322274400458,32.9982193572909,52.3437434737069,9.29783821122674,27.3746416372901,50.1180701511682,57.9623751577309,19.345524116416,18.0768034260633,1,1,0,1,26.1018571040637,77.0018347683759,-3.64736959526771,56.7557311111492,41.6274165522688,60.1813080756102,15.4501587164089,35.5654166538697,50.8999776643121,60.4031007064169,18.5538915233414,20.1152579374608,0,1,0,1,16.7761329263607,68.6445985174725,-9.42848507377296,50.0749048100339,36.0628525972066,54.0592355520495,8.54925130937448,29.3227605714273,51.8684655911118,59.5033898838069,17.996382954843,20.7735092620528,1,1,0,1,11.0955911608413,76.1927266682289,-8.59692748267119,52.3490678395954,36.4322530192756,56.472406672249,11.4112381747026,33.0662413800451,65.0971355073876,60.9459953222666,20.0401536529734,21.6550032053425,1,1,0,1
522,100,1,1,"L'Ecuyer-CMRG","10407_-1161247153_-665978043_1175754447_-682617041_1836655332_-1787790869","10407_-720154354_315582495_-1120299713_253592393_467132934_-2100800794",677846686,935692898,371292215,1571217587,1947707589,1834538608,2120649148,28.4300000000003,2.54399999999987,2.57300000000032,0.875,0.813000000000102,115.748,1,NA,"3835e552db3f","not-a-git-build","bbd3d4119dab4c61438d29ca56ae93a0","confirmatory",173.486000000001,11.1554597472084,9.14384934319492,7.87738990541333,3.67095017051112,27.6979041395098,23.5100144798766,124.444282171586,83.6099808110462,62.0532717219079,13.4758751543756,6.59491243069184,6.17652932474879,0.627,1,0.812,1,21.8466327486367,63.0262434377097,25.4301244928455,74.7702595847657,16.0378142680805,10.178109742718,13.9196832749203,5.99841210814841,33.7401975090168,25.8374764175138,257.211486497447,103.593917934812,193.757582474096,35.9809478191815,9.32172902599155,6.45195095543142,0.388,0.996,0.761,1,22.9333626175061,68.8483471351104,25.228376078755,72.8947699217271,13.7479224445318,8.57335244716564,10.9637895850938,4.72465485296874,30.7843038191903,24.5637191623342,189.005371540861,73.5023721833211,120.20468206621,22.322363479681,8.18653373627263,6.48403863899613,0.587,0.999,0.91,1,26.0230759811345,77.713723935053,28.593857432729,88.3904334489199,12.4849931985306,7.65709830562401,8.42539390934929,1.52612805308394,28.2459081434458,21.3651923624494,155.875055167356,58.6311544619901,70.9872625277002,2.32906683440978,8.05583407141778,7.05098444512077,0.71,1,0.986,1,29.9489071369452,92.9145854024245,33.0963207368616,105.708199334334,1.4013342761519,52.3321209636927,-6.91343012252782,52.8974554730207,19.1802560704177,36.611924487831,12.9657814653654,34.4767639158929,50.9307866875408,59.8108855955485,17.4316684174133,21.5109824505275,1,1,1,1,8.32375867440927,64.5856672020838,-2.47041003617338,54.8183796444296,23.6056926776621,42.8588499499236,15.6700649375688,36.2174113950877,56.2619085276745,57.2887896806029,19.2531572722615,20.5473464575188,1,1,0,1,3.79879889129012,59.3398480328572,-6.04900862567549,52.8373539375312,22.4305880112498,39.2593757869655,14.9457138793103,34.3461051707082,55.541049141567,58.8863625632067,16.8287877757157,19.4003912913979,1,1,0,1,2.19464579624741,58.0634972545154,-9.36070515301254,51.7794743467598,19.1299581750322,38.1495389222771,11.2740902595029,30.9421910574594,55.8688514582679,61.1401794997724,19.0195807472449,19.6681007979565,1,1,1,1
521,100,1,1,"L'Ecuyer-CMRG","10407_1403824413_-1925326776_688950422_42512458_-1739099064_981486826","10407_1358944829_-1595188271_-1423131792_-490720712_50366854_1812030125",83509315,1622993778,677846686,935692898,371292215,1571217587,1947707589,29.7790000000005,2.59499999999935,2.57200000000012,1.35599999999977,0.865999999999985,116.173000000001,1,NA,"3835e552db3f","not-a-git-build","bbd3d4119dab4c61438d29ca56ae93a0","confirmatory",173.642,40.3928853448767,16.8097400612073,39.5624138934335,-14.1950973012749,59.8590352439019,6.01178611542285,1631.58518648436,282.567360925359,1565.18459307534,201.500787392663,29.7352203512164,9.80045735836416,0,0.306,0.405,0.989,23.9103580284688,69.2445742283316,22.0722662727715,63.1413467194441,50.2183703005117,13.4481604035652,49.6280667425926,-9.85837103997191,69.924688093061,10.3485123767259,2521.88471563931,180.853018240018,2462.94500860723,97.1874795617569,39.125381115883,7.81085908891026,0,0.104,0.585,1,24.4769822802131,74.1756196833967,24.6737920773698,69.8584588277817,45.6746326155165,14.7580652963562,45.2707599130563,-11.1791185655418,65.5673812635247,9.02776485115603,2086.17206456241,217.800491291514,2049.44170310558,124.972691902441,32.8242919004453,8.64001662034681,0,0.419,0.567,1,30.68223364125,89.5762900610718,26.2470425905796,80.6189060406906,49.0862770082033,13.7527531750089,48.5786327106255,-9.76165723928202,68.8752540610939,10.4452261774158,2409.46259052607,189.138219892716,2359.88355603385,95.289952057227,34.4659229659039,8.75592042702331,0,0.657,0.701,1,33.9790059145865,105.694013197507,32.1003331090219,99.4273536907552,30.7606295876902,88.1767670743772,-20.6289718749613,31.3109505219487,50.0777391811582,70.1860897951295,-3.2359487071695,15.970268956551,57.416137486687,51.93992239691,20.1083506139713,19.2062176637205,0,1,0,0,37.8594927562348,98.0438026089328,-18.1900562672952,39.9966748340392,61.2245616639491,79.660019527453,0.0744641176271983,20.4982370837062,60.184309852698,58.1867311013344,18.4354578635039,20.423772966079,0,1,0,1,38.3750017319648,93.9628651340902,-17.7548823525647,34.4516676545027,56.2565851969978,74.7062386559227,-0.0925406324124497,17.5661933897125,55.5878634021253,52.2065500070674,18.4496534589249,17.658734022125,0,1,0,0,36.2444262880566,102.815619779491,-20.8275146411854,43.2089044287128,58.3921941240985,80.1461104657075,-2.17511428745474,20.6915369009122,66.571193491434,64.0364190698981,21.753916341609,22.8666511883669,0,1,0,1
524,100,1,1,"L'Ecuyer-CMRG","10407_1242789964_-283322579_383945174_-1224163734_-1689925119_11677464","10407_-394964635_-715394220_-2106916229_929418681_-1189436925_1902279777",1947707589,1834538608,2120649148,1104325282,2099991821,2126090620,301155894,28.857,2.90399999999863,2.59799999999814,0.86200000000099,1.46999999999753,112.014999999999,1,NA,"3835e552db3f","not-a-git-build","bbd3d4119dab4c61438d29ca56ae93a0","confirmatory",169.924999999999,10.8797937632244,10.9265712275082,-8.29482476254331,6.80904391480956,11.6545060395604,26.5668818318972,118.369912330297,119.38995878981,68.8041178413017,46.3630790338051,6.49091850865792,6.33806337396048,0.632,1,0.563,1,21.6238201793675,64.0534515782926,18.3652251725882,53.6566287872533,10.4425187956115,15.6241185641312,-6.59998811686391,12.9074748864667,13.3493426852398,32.6653128035544,109.0461987967,244.113080906029,43.5598431427449,166.602907944769,6.39119019856991,9.09665200417096,0.726,1,0.354,0.995,23.151882649366,67.0462828315013,18.5251595362879,56.3543177466896,11.564784322012,13.7226582025201,-8.82789596831809,10.1062827390676,11.1214348337856,29.8641206561553,133.744236414654,188.311348143193,77.9317472274467,102.136950801975,7.43554865656507,7.98798387048944,0.765,1,0.541,1,29.1761988620768,87.1170631462372,23.2689221347569,69.943124291115,13.7678088071067,15.1138199319653,-10.1562971328861,10.8009595489175,9.79303366921762,30.5587974660052,189.552559349044,228.427552935872,103.15037145147,116.660727177352,8.60702550266644,8.84118042067511,0.768,1,0.594,1,33.0798357779934,95.6249209737845,27.2998929258152,83.8717277804456,-12.1314444600412,36.9988745003177,4.63063640298345,47.1430850916745,2.95076444775022,20.6669011234899,19.4099211033328,33.6599357531102,49.1303189603589,42.512448688691,17.7161366757397,14.2500146497775,1,1,1,1,-9.36400271894346,36.0392245530594,9.8156135110323,52.52109200617,4.46845906860633,21.7961113369201,26.2019309154312,39.9039024920164,45.4032272720029,42.7054784951377,17.3276522683137,13.7019715765852,1,1,1,0,-8.80887075096837,35.1673483414371,10.118864947647,51.4820733144865,3.80710446502002,18.5276413003202,22.2295335552842,37.4222774593058,43.9762190924055,41.3632083668395,14.7205368353002,15.1927439040216,1,1,0,0,-17.3863109981796,33.1695112512215,9.34647483065287,52.7708604318524,1.33601464739427,18.3634013730938,22.9447010584108,38.6041900830405,50.5558222494011,43.4243856011995,17.0273867256995,15.6594890246297,1,1,0,0
523,100,1,1,"L'Ecuyer-CMRG","10407_-424614161_518609315_-900920638_154912653_265336257_-1009443570","10407_-655262937_1981094244_1804104795_-867204741_444740004_2032523019",371292215,1571217587,1947707589,1834538608,2120649148,1104325282,2099991821,29.4019999999982,2.60099999999875,2.58799999999974,0.956999999998516,0.819999999999709,112.043999999998,1,NA,"3835e552db3f","not-a-git-build","bbd3d4119dab4c61438d29ca56ae93a0","confirmatory",170.504999999997,9.31450137885012,9.45804408118827,-4.30822569032395,3.8685561365027,15.9956915249271,23.995504729686,86.7599359366007,89.4545978417005,18.5608085987672,14.9657265812727,5.70049061845791,5.94937961513219,0.69,1,0.731,1,20.2375885551325,61.0128047467352,22.29306873242,67.1191267085208,8.54663566755768,9.33140135763654,-0.464396790072378,3.66116199020673,19.8395204251787,23.78811058339,73.0449812339692,87.0750512973011,0.215664378629528,13.4041071185345,5.47609707632527,6.04449867611098,0.745,1,0.786,1,20.8474712948599,62.170805451029,24.6506840880161,69.2878663629809,10.5759126401288,9.20831689721637,-3.30266551100348,-1.34331278103773,17.0012517042476,18.7836358121455,111.849928171636,84.7931000795605,10.9075994775719,1.80448922769933,6.99863736781142,6.70243139382115,0.802,1,0.876,1,27.1983495832461,85.5906483373063,28.4451501242977,89.9957290894148,9.44625381630033,9.38637707347674,-3.2487211021408,-2.53673487288298,17.0551961131103,17.5902137203003,89.2317111619686,88.1040745654898,10.5541887994949,6.43502381530065,6.72259695129331,6.96256611450715,0.843,1,0.879,1,27.7457550253712,88.9817870417745,30.3500824373388,93.4972798064894,-9.16391416672308,43.4983025736647,-3.93810839843068,52.6464534157827,7.75204472034454,23.8679168010684,13.5604645835314,33.4204906848282,52.6622167403878,56.5845618142134,16.1158720807239,19.8600261012968,1,1,1,1,-5.48832546526787,47.7483597286149,-6.79693948019361,50.9563991434796,12.1279798385335,28.0163803127583,13.653126512207,34.5742774461082,53.2366851938827,57.7533386236732,15.8884004742248,20.9211509339012,1,1,1,1,-9.92671068387885,44.4854208632472,-12.9755450403967,50.6252761575089,7.51566000940827,25.6214579316883,9.40294573925008,28.6038483845814,54.4121315471261,63.6008211979056,18.10579792228,19.2009026453313,1,1,1,1,-10.3987212041003,46.5035982110307,-14.7132953416888,49.7161418483772,7.25035627248402,28.1929686777855,6.92803195978674,27.9603929369951,56.9023194151311,64.429437190066,20.9426124053014,21.0323609772083,1,1,1,1
525,100,1,1,"L'Ecuyer-CMRG","10407_1053448760_175474141_1697707454_-1880767849_1358541298_35110118","10407_-1703784724_-1536748314_-265398165_-1629472540_-202697388_-1611064813",2120649148,1104325282,2099991821,2126090620,301155894,367359840,997027668,28.6929999999993,2.72200000000157,2.58799999999974,0.876000000000204,0.836999999999534,111.871000000003,1,NA,"3835e552db3f","not-a-git-build","bbd3d4119dab4c61438d29ca56ae93a0","confirmatory",168.881000000001,9.82276188116995,10.6971008691803,-5.95916969941559,6.4910659276852,13.7571333035889,26.3076192691086,96.4866509741653,114.427967005418,35.5117035064329,42.1339368775558,5.913509515603,6.38496999430827,0.668,1,0.63,1,20.2252717120695,61.4432488501453,21.2185037483183,60.797727701927,8.72247757790937,13.5582156000018,-2.57839342927917,10.4905767711592,17.1379095737254,30.3071301125826,76.0816150971316,183.825210256132,6.64811267615002,110.052200991585,5.87773501385606,7.94727970874379,0.851,1,0.56,1,25.0956061184869,71.1949743751424,24.4171339778684,70.9466934885275,12.1977643596364,10.9389333362294,-6.73736352024372,6.32003314495204,12.9789394827608,26.1365864863755,148.785455373215,119.660262534471,45.3920672039109,39.9428189532924,7.43172374419238,7.23949288218695,0.691,1,0.81,1,26.1018420886467,79.8363394720677,29.6032876815951,86.4302919044888,10.9462702969735,10.7677010956972,-6.36956049676166,7.10538313998114,13.3467425062429,26.9219364814046,119.820833414405,115.943386886279,40.5713009219067,50.4864695659283,7.41825834995081,7.50948240183394,0.798,1,0.823,1,29.0953807797052,93.3180251476814,30.4444639538573,95.548052988193,-8.28832013568098,38.3935211248789,2.21083816492696,51.2224843773059,5.21591454031855,21.5886026911174,17.387002385922,34.5298464327282,46.6818412605599,49.0116462123789,16.3726881507988,17.1428440468061,1,1,1,1,-10.8897371562812,46.4160380012628,0.41606362311541,58.4600307292931,8.55526294040953,25.8555158499407,20.9324601749329,40.9849185633687,57.305775157544,58.0439671061777,17.3002529095312,20.0524583884358,1,1,1,0,-12.4541971785068,37.1242438205282,-3.31220101274281,57.3973241268631,4.45674504224388,21.5310624909952,15.7916098749935,35.6631168054581,49.578440999035,60.7095251396059,17.0743174487513,19.8715069304646,1,1,1,1,-14.4610037172343,42.582934028218,-7.36685855055915,60.2049428613546,4.11672070510649,22.5755913335266,16.7690863403661,38.5907753033875,57.0439377454523,67.5718014119137,18.4588706284201,21.8216889630214,1,1,1,1
526,100,1,1,"L'Ecuyer-CMRG","10407_297261259_-714345988_-336495926_-661347692_781679467_-1875815313","10407_-530584680_1840513834_1839095748_-1606294598_-962350191_-246818337",2099991821,2126090620,301155894,367359840,997027668,1596343129,887766742,28.1190000000024,2.59200000000055,3.95799999999872,0.846999999997934,0.82300000000032,117.760999999999,1,NA,"3835e552db3f","not-a-git-build","bbd3d4119dab4c61438d29ca56ae93a0","confirmatory",174.732,8.23581607013926,23.1878628499637,-2.67930767171916,21.4756363159381,17.1371984577872,41.0184758693503,67.8286663411642,537.676983548728,7.17868959973316,461.202955174438,5.71412842598678,14.4852133941825,0.857,1,0.153,0.857,24.7849932438763,72.2991558179083,22.7948042728835,64.551488448955,7.42956202450036,28.7578378448603,0.695104929621742,27.4220840635842,20.5116110591281,46.9649236169964,55.1983918758979,827.013237511278,0.483170863184447,751.970694390277,5.25750631918662,19.1738409762521,0.86,1,0.025,0.708,22.5745908130875,67.5366433955435,22.8679241821961,65.0568520292693,9.17760306529796,23.5667949834696,-2.21136925257298,21.9183543734013,17.6051368769334,41.4611939268135,84.2283980241666,555.393825792888,4.89015397122516,480.414258438002,6.60595329821789,14.1218062258499,0.875,1,0.191,0.983,28.5725721869074,85.4403473696266,27.3164989265439,85.0277578337946,9.21005360206917,23.0792136342376,-4.60633275711249,21.4811142958343,15.2101733723939,41.0239538492465,84.8250873529873,532.650101974779,21.2183014692475,461.438271390696,6.76250387107782,13.8538411394171,0.871,1,0.203,0.982,28.7789880057763,91.3546463277053,27.1525185947811,83.3379444298932,-13.0108434918118,47.0698937668722,15.3415342775963,67.9554091343486,5.91950670988895,28.2478362429306,31.1472541496093,50.9644633825337,60.0807372586839,52.6138748567523,22.3283295330417,19.8172092329244,1,1,1,0,-7.4654059112031,44.9359173245352,20.8337837311341,71.945924280724,12.2985622861115,30.0978590765547,37.8119314867513,56.56571776276,52.4013232357383,51.1121405495899,17.7992967904432,18.7537862760087,1,0,1,0,-11.0089305001622,46.803755783981,13.5027060714007,71.213206487987,7.56324198887212,26.643585315563,31.7080135036772,50.470205478551,57.8126862841432,57.7105004165864,19.0803433266909,18.7621919748738,1,1,1,0,-12.8907604467579,45.7410031392493,16.9160085265985,69.9111219724063,5.29452514501801,25.3602639846934,31.9359880796918,49.5516651122597,58.6317635860072,52.9951134458078,20.0657388396754,17.6156770325679,1,1,1,0
527,100,1,1,"L'Ecuyer-CMRG","10407_-723084145_427240227_394424465_-705674646_710213862_2012478823","10407_1765819275_711227693_-518239781_-104791767_-1979111182_-1898213814",301155894,367359840,997027668,1596343129,887766742,1634355196,1863415725,27.5150000000031,2.74699999999939,2.55999999999767,0.879999999997381,1.125,113.784000000003,1,NA,"3835e552db3f","not-a-git-build","bbd3d4119dab4c61438d29ca56ae93a0","confirmatory",170.591,8.91643675089212,10.1431200421994,2.90122576972185,2.86007196400441,23.2532970662086,23.3744804333668,79.5028443326596,102.882884190467,8.41711096689813,8.18001163928405,5.79625070358091,6.37828601796451,0.774,1,0.722,1,22.8198014007428,67.8953970977358,23.4744188913758,71.7524819519484,11.9807768891714,12.0325306124932,6.89088605520127,7.01846681798695,27.242957351688,27.5328752873494,143.539014868103,144.781792940585,47.4843106257673,49.2588764751839,7.2811186285652,7.1904183812714,0.695,1,0.668,1,26.1858970178011,77.308021860887,24.308350686142,71.830946529162,11.7337798520599,16.0434699014096,4.84240591199409,6.6867036045154,25.1944772084808,27.2011120738778,137.681589616606,257.392926477436,23.4488950165153,44.7120050946393,7.81810062349376,9.64571411308838,0.819,1,0.661,1,31.8128419720711,94.8273990299664,32.9981968038375,97.2585210781087,13.8586992325971,15.9265551255481,-2.90273148101003,3.96425576526695,17.4493398154767,24.4786642346294,192.063544419588,253.655158167123,8.42585005084668,15.7153237724523,9.49332462264021,10.355574443744,0.835,1,0.723,1,39.5091675107702,117.759290271638,39.8356285737981,117.55750184131,-2.6862740245442,50.8014558608243,-8.59855459777767,54.4711208829493,14.9281210357008,32.6947490134296,14.6499296906909,32.9212384012574,53.4877298853685,63.0696754807269,17.7666279777288,18.2713087105664,1,1,1,1,-1.97378794597808,55.4730829741821,1.82177695225379,57.2733897258496,16.6244766934274,37.8848302529908,18.0054318608874,35.6921729235568,57.4468709201602,55.4516127735958,21.2603535595634,17.6867410626694,1,1,1,1,-3.73141347565868,54.0302278388353,-1.45648896097799,51.9210285032059,15.1690924810629,35.3600841557595,18.3451685022229,36.346443583401,57.761641314494,53.3775174641839,20.1909916746967,18.0012750811781,1,1,1,1,-14.261304895136,48.2653351098789,-11.0596519574556,55.2516247280986,6.42982210184504,28.6848688479194,14.8059955766702,34.9249679218091,62.5266400050148,66.3112766855542,22.2550467460744,20.1189723451389,1,1,1,1
528,100,1,1,"L'Ecuyer-CMRG","10407_1650577092_1894205365_-330537247_900422809_205068034_1323231913","10407_-1730377037_-1999785505_-1151195304_-1963319088_-1294452454_-1896502557",997027668,1596343129,887766742,1634355196,1863415725,582489678,872704463,28.6610000000001,2.60900000000038,3.26800000000003,0.854999999999563,0.851999999998952,111.221000000001,1,NA,"3835e552db3f","not-a-git-build","bbd3d4119dab4c61438d29ca56ae93a0","confirmatory",169.806,8.93389627930579,9.98632660620278,3.074639341977,-4.57118658710219,23.495071595273,15.8682041831677,79.8145027293938,99.7267190857536,9.45340708323274,20.895746814103,5.68918069169729,6.34605392669266,0.757,1,0.776,1,21.9827795273489,64.8218481000721,24.9263666505171,70.6726944721049,10.7345568659924,9.07562774499861,6.52805254356906,1.50705290418643,26.9484847968651,21.9464436744563,115.230711109226,82.3670189657886,42.6154700115984,2.27120845601676,6.51681202199244,6.32572883906682,0.704,1,0.87,1,23.1824717406238,67.9107320185205,27.7215834859072,78.8492013835601,9.87193305116129,10.2312245834698,0.869407045783028,-4.6459776545715,21.289839299079,15.7934131156984,97.4550621666106,104.677956477396,0.755868611257172,21.5851083667777,6.91777306967195,7.45091774027389,0.864,1,0.899,1,28.5136465108304,90.0110749476926,32.6639034937107,97.8619906663908,9.12700093048966,11.4597667261649,-3.44158771622813,-4.34925977787219,16.9788445370679,16.0901309923977,83.3021459851591,131.326253418116,11.8445260084924,18.9160606154169,6.99371151935202,8.18311479323464,0.892,1,0.883,1,30.228931841044,95.8700209716364,34.5164868680551,108.965832397901,-2.40391634966913,48.4384858326628,-16.6725115642111,44.8320502175131,15.2733278395661,32.5832793087303,6.01374347326938,26.1074318749021,50.8424021823319,61.5045617817241,17.3099514691643,20.0936884016327,1,1,1,1,2.41390103976877,52.1556070012676,-8.98924376580922,54.7888655432543,17.8485526154366,35.6188954035563,9.63593401554121,34.1373264168124,49.7417059614988,63.7781093090636,17.7703427881197,24.5013924012712,1,1,1,1,-5.56668037447495,47.1310942829046,-12.8874707478741,48.2512795236858,12.3454375259594,29.9361061201267,4.45598200180247,26.7824948144794,52.6977746573796,61.1387502715599,17.5906685941673,22.3265128126769,1,1,1,1,-10.8066855872828,45.9087098402999,-14.2161546211231,49.1548979847185,8.12146325183172,26.6262468241884,5.48398222383348,26.7911812370578,56.7153954275827,63.3710526058417,18.5047835723567,21.3071990132243,1,1,1,1
529,100,1,1,"L'Ecuyer-CMRG","10407_500850006_542047881_-1469655002_-892638714_-666976879_1553561542","10407_49441292_382800706_-2062950293_-1151273728_-901007927_-1423187102",887766742,1634355196,1863415725,582489678,872704463,1622943283,1910720803,28.0509999999995,2.57800000000134,2.99499999999898,0.871999999999389,0.870000000002619,115.332000000002,1,NA,"3835e552db3f","not-a-git-build","bbd3d4119dab4c61438d29ca56ae93a0","confirmatory",171.482,11.2861260393983,9.32013741561676,-7.71809727005258,-0.860457818021825,12.2150828692407,19.1016866326227,127.376640977184,86.8649614459795,59.5690254699931,0.74038765659488,6.61871513027894,5.76707293689858,0.607,1,0.684,1,20.4343419861882,60.1895277173587,20.7762488557336,62.510053341317,9.97467371718573,10.1544034254801,-3.01807824074175,4.60169155847585,16.9151018985516,24.5638360091204,99.4941157643158,103.111908927403,9.1087962672388,21.1755651993479,5.91977392550591,6.52939065434826,0.701,1,0.775,1,21.1527273831262,61.1579319750587,26.7686894175649,74.0460749204973,11.2660141263286,11.2207844845282,-5.81079902275104,2.45141341472504,14.1223811165423,22.4135578653696,126.923074294635,125.906004448228,33.7653852828045,6.00942772989389,6.99690350301948,7.66683141158005,0.75,1,0.83,1,26.1883291176214,78.2200422747412,31.0996753125144,96.8435398462466,21.3683976215823,11.0933484336583,-8.96615157785491,0.227310921470782,10.9670285614384,20.1894553721153,456.608416914046,123.062379470549,80.3918741170701,0.0516702550198958,11.8078160296027,7.91530634210276,0.586,0.997,0.87,1,32.6840773062065,97.8708885684273,34.33492985918,102.376532672463,-11.2436958304726,35.485021012149,-8.81338544757637,42.9142650901685,3.9811487339849,20.9732155028212,10.8258378412318,28.5514044845861,46.7287168426215,51.7276505377448,16.9920667688363,17.7255666433542,1,1,1,1,-2.95890542872867,41.8021343512692,-9.06333121857805,54.4049316682102,9.23510602888406,23.2952280486397,13.8593795389265,37.3544469184036,44.7610397799979,63.4682628867882,14.0601220197557,23.4950673794771,1,1,1,1,-8.14428459380814,35.5313916207669,-5.95434863802465,54.7725775324962,6.11683209231003,22.1564564434274,12.5369430549025,32.4499853248141,43.675676214575,60.7269261705209,16.0396243511174,19.9130422699116,1,1,1,1,-11.2677831976366,33.4188963143534,-12.2854731796328,51.0004956725541,3.02567420590372,19.0728776498384,9.16909389430515,31.1607339821893,44.68667951199,63.2859688521869,16.0472034439347,21.9916400878841,1,1,0,1
530,100,1,1,"L'Ecuyer-CMRG","10407_-2086075538_1211647495_-1390398943_707733945_-1845419432_-523113645","10407_2015445786_-727742838_-777779409_-324258852_-1816494003_-1252989424",1863415725,582489678,872704463,1622943283,1910720803,365599647,566526726,27.6150000000016,3.36100000000079,2.56200000000172,0.84599999999773,0.843000000000757,114.923999999999,1,NA,"3835e552db3f","not-a-git-build","bbd3d4119dab4c61438d29ca56ae93a0","confirmatory",170.835999999999,12.2515422868208,25.6954282294426,9.03358783897702,24.2350015615054,29.1672600750377,44.4082671494698,150.100288405758,660.255031894437,81.6057092445136,587.33530068617,7.05834823543873,17.3583377394263,0.535,0.999,0.023,0.619,19.883001874592,60.4393567995093,18.1840438261818,54.1727120022786,13.4532532651355,29.298050688127,10.5130266364869,27.9130716952557,30.6466988725475,48.0863372832201,180.990023415878,858.375774124059,110.523729059482,779.139571464485,7.76148323120421,20.1574189153957,0.501,1,0.01,0.55,21.5294873566659,63.9076491923536,20.5437601442591,59.5139386020858,12.2404563812755,23.6229385756539,8.51657929291535,21.8066498007988,28.650251528976,41.9799153887632,149.828772421909,558.043226949117,72.5321228525144,475.529975534678,7.39566341654767,14.2425748758349,0.664,1,0.152,0.964,24.5349208309969,76.4224184334851,24.881940514936,77.0340881587172,12.8394732960044,22.730499764399,8.48610436584296,20.6463892360117,28.6197766019036,40.8196548239761,164.85207451881,516.675619539342,72.0139673079789,426.273388484898,8.31958608388291,13.4690130478415,0.75,1,0.278,0.976,31.4803403482476,96.734818735248,27.5542117901398,83.7718340438756,5.27654298064071,56.1006783360098,20.8398558527213,66.2179989819128,21.4866656898206,37.1465942979461,37.2965424820354,52.2977599662889,50.8241353553691,45.3781431291915,15.6599286081255,15.0012174842535,1,0,0,0,6.40046399152543,53.4154643625673,24.3232584695706,72.5781043504713,22.5042648177127,39.2712495549044,39.8208404695472,55.7566869836894,47.0150003710419,48.2548458809007,16.7669847371917,15.9358465141422,1,0,0,0,6.90355824094934,51.4644090412547,20.7184851398571,61.4690277528199,20.4624594179517,36.3805109454319,35.6030174373516,49.3586485473677,44.5608508003054,40.7505426129629,15.9180515274802,13.7556311100161,1,0,0,0,-2.65941655119623,58.6198796610043,15.4508983169464,66.0327609001765,18.458972784735,39.3020886298989,31.6420704165176,50.4770779923821,61.2792962122006,50.5818625832301,20.8431158451639,18.8350075758645,1,1,1,0
531,100,1,1,"L'Ecuyer-CMRG","10407_-622029705_-94460107_-1053312759_2054064787_1733398291_987078538","10407_-2129792773_1578992458_1882204594_-1650743698_-1114241510_1830306054",872704463,1622943283,1910720803,365599647,566526726,1599770387,1286628265,27.3840000000018,2.57500000000073,2.52999999999884,1.50900000000183,0.810999999997875,110.463,1,NA,"3835e552db3f","not-a-git-build","bbd3d4119dab4c61438d29ca56ae93a0","confirmatory",166.929,12.6761782883655,8.92199355528268,9.87714384151563,-1.60636270839779,29.1961326280393,17.6632987726729,160.68549599843,79.6019690005057,97.5579704659902,2.58040115093107,7.50783502525373,5.42163640356877,0.593,1,0.699,1,24.3673750916537,71.1875434840701,19.1343325752802,56.0192931464583,15.9939984552731,9.10064218044033,13.5615831360473,1.21262812842991,32.8805719225709,20.4822896095006,255.807986587278,82.8216880964097,183.916537155923,1.47046697785942,9.29564109988857,5.55134125323685,0.474,0.999,0.673,1,25.4893625903107,76.0386162353231,19.9778563563891,58.043213803571,15.5104993487423,9.92491105220676,11.4046997489845,-1.56145029579672,30.7236885355081,17.708211185274,240.575590047336,98.5038593942158,130.067176364486,2.43812702624366,9.4933125059502,6.3424527331865,0.679,0.999,0.759,1,32.8267729432762,99.3532998656269,24.1463316589648,73.0409732525873,15.0217568456757,10.7368010172147,11.8832034216762,0.45802958609427,31.2021922081998,19.727691067165,225.653178730604,115.278896083262,141.210523560937,0.209791101737688,9.53374263071746,7.06434015814515,0.746,1,0.772,1,35.9689235215368,106.675059765725,26.451647924435,87.1972161926337,-1.68715921998058,57.1677581141566,-5.17437082171177,41.7384318717003,20.3781894210853,39.0228314025095,8.88448552336604,25.7284232500807,58.8549173341372,46.9128026934121,18.6446419814242,16.8439377267147,1,1,0,1,2.78149186508737,61.8100054860202,-2.25718513474301,43.1169155525484,22.9238737340648,43.0803290761578,11.7870219312003,29.0682788358992,59.0285136209328,45.3741006872914,20.156455342093,17.2812569046989,1,1,0,1,3.55659780060144,56.9696359068056,-6.81901003424239,38.7825074025328,21.6832872024692,40.1804526775075,9.41573650811508,25.5820513090159,53.4130381062042,45.6015174367752,18.4971654750384,16.1663148009008,1,1,0,1,-0.228268106984363,63.2818226794199,-2.66072404294243,46.7659861408756,21.0679606372406,41.6074287935189,11.2156799584313,28.7075483454055,63.5100907864043,49.426710183818,20.5394681562783,17.4918683869742,1,1,0,1
532,100,1,1,"L'Ecuyer-CMRG","10407_308219565_-1163551731_-200698450_2106001807_1688408863_-869351087","10407_-1661879573_-817493539_131520123_1400788309_973729315_1554398867",1910720803,365599647,566526726,1599770387,1286628265,2014691088,1150643855,28.3300000000017,2.53800000000047,3.73600000000079,0.859000000000378,0.83100000000195,110.975999999999,1,NA,"3835e552db3f","not-a-git-build","bbd3d4119dab4c61438d29ca56ae93a0","confirmatory",169.466,14.0832760642356,8.40513835817418,11.2280250687771,3.34747008694925,31.3519122101586,23.5875735722242,198.338664701471,70.6463508200509,126.068546945087,11.20555598302,8.30556130843125,5.45850020023357,0.584,1,0.77,1,26.9810636682956,75.5820994479247,21.6501196016951,63.6773350246183,15.2113430923173,12.0577828914226,10.6048010257458,10.0667595521913,30.7286881671273,30.3068630374662,231.38495867219,145.390128256683,112.461804795659,101.339647881634,8.72847864618391,7.08441151827878,0.554,0.999,0.549,1,25.3794082036812,72.8057293108618,22.3869060033212,66.5659136676678,24.5831260732624,9.03334321012988,7.40683042218871,2.720161617782,27.5307175635702,22.9602651030569,604.330087533916,81.6012895519996,54.8611369030602,7.39927922685437,14.2446813666121,6.7225437458025,0.325,0.991,0.918,1,31.7774241019144,96.4760214675679,30.8821757438385,89.43805998228,25.016075018477,9.05556830112583,5.46170551416616,0.195926939206146,25.5855926555477,20.4360304244811,625.804009330069,82.003317256355,29.8302271234731,0.0383873655066887,14.4170165199222,7.56310479133962,0.422,1,0.952,1,38.0088643055966,112.449799685461,36.0547194060621,107.623616834687,0.201188834959844,61.5342165853871,-3.86663233151147,48.9454031488807,19.7288495807986,43.7455975399465,15.2145402765175,32.4481657473235,61.3330277504272,52.8120354803921,24.0167479591479,17.233625470806,1,1,1,1,1.86198826941864,56.0099323260945,3.58714343812997,55.6667432728868,21.1877768252351,41.3984401329946,22.1632857502369,39.0587351961175,54.1479440566758,52.0795998347569,20.2106633077595,16.8954494458806,1,1,0,0,-1.7464439978447,57.5521749676253,-3.17506419699965,49.8670274322337,18.7041694208824,37.633052365498,13.7018286994365,31.5393254242653,59.29861896547,53.0420916292334,18.9288829446156,17.8374967248288,1,1,1,1,-7.98230721268691,56.3842820788498,-6.58330935693486,49.8425568459831,14.1746759192703,37.7993817062203,10.8175402096095,29.6514969895662,64.3665892915367,56.4258662029179,23.62470578695,18.8339567799566,1,1,1,1
533,100,1,1,"L'Ecuyer-CMRG","10407_-1067374344_-564860275_1719932251_1374894703_1864329358_-1476553873","10407_109285632_64740821_-1543694499_-2044959538_-1702870413_1504337984",566526726,1599770387,1286628265,2014691088,1150643855,1776437905,1489970800,28.0500000000029,2.59099999999671,3.70700000000215,0.877999999996973,0.848999999998341,112.030000000002,1,NA,"3835e552db3f","not-a-git-build","bbd3d4119dab4c61438d29ca56ae93a0","confirmatory",170.197,8.27412507312507,9.42374890805616,2.19172841323635,-2.46791099799279,22.2227897440607,17.4688424826849,68.4611457257169,88.8070434820896,4.80367343738752,6.09058469401378,5.33196330678831,6.06785455288482,0.794,1,0.769,1,21.8430542692017,60.6448653370126,24.1781333029569,69.0295738362279,11.308826244495,9.20326609936915,7.6713799259581,0.589463457921539,27.7024412567824,20.5262169385992,127.88955102818,84.7001068957974,58.8500699683929,0.347467168224818,6.76515913677191,6.18030177298157,0.678,1,0.836,1,22.8589852867857,65.8303455873683,25.6131361972313,73.8677206235574,10.017458584213,9.81588468326622,3.7695172380635,-2.44392842582161,23.8005785688878,17.4928250548561,100.349476486423,96.3515921151803,14.2092602080579,5.97278615053888,6.71112967473801,6.36617681746636,0.81,1,0.771,1,27.2732444321453,81.6711173934649,24.7819723693139,74.6743020233417,9.18218508774037,10.8062381233377,2.65622054992902,-5.34894336564002,22.6872818807534,14.5878101150376,84.3125229855217,116.774782378278,7.05550760986523,28.6111951288244,6.54169195215604,7.3615304121543,0.867,1,0.83,1,28.1529781304108,84.1721712861385,31.0901627754772,89.3928075491152,-1.11946645370306,49.0511160829668,-14.0989857447505,49.3996887178828,11.7243570062017,30.795201583892,6.62198639738507,28.1108537551987,50.1705825366699,63.4986744626332,19.0708445776903,21.4888673578136,1,1,1,1,0.489896714669753,54.6425331169871,-12.6393062424403,53.3669473477136,18.0512267927836,36.3841594167027,8.51428498243232,32.5083325797946,54.1526364023173,66.0062535901538,18.3329326239192,23.9940475973623,1,1,1,1,-2.96781969474328,50.8269868227288,-9.61855840511565,47.4244300724767,14.8160237697547,33.2217644325532,7.81567963835677,27.5310875668533,53.7948065174721,57.0429884775924,18.4057406627985,19.7154079284966,1,1,1,1,-2.34024247284249,48.7103831291359,-19.9731590242144,47.3399433692403,13.0653621184123,31.8779968318418,4.18117515297279,25.5171780166775,51.0506256019784,67.3131023934548,18.8126347134296,21.3360028637047,1,1,1,1
534,100,1,1,"L'Ecuyer-CMRG","10407_1263905764_957437589_-33477110_-2100352023_944723199_996424599","10407_243791836_149239736_1886075769_-368689798_1550272981_1293864746",1286628265,2014691088,1150643855,1776437905,1489970800,105462634,929276646,28.5679999999993,3.92399999999907,2.53199999999924,0.846999999997934,0.826000000000931,112.516000000003,1,NA,"3835e552db3f","not-a-git-build","bbd3d4119dab4c61438d29ca56ae93a0","confirmatory",169.310000000001,18.7165288091661,12.1544190097093,-16.9136461195865,-8.03592618376739,3.1693203454594,11.8109456633749,350.308450664344,147.729901463583,286.071425058605,64.5761096309584,11.1795321731809,7.17303446173237,0.263,0.967,0.626,1,22.8366772769019,61.9941354209458,23.6274382581833,66.9257627212755,18.3237948456528,9.15651236750159,-16.5404334453984,-0.398709334335905,3.54253301964755,19.4481625128064,335.76145754557,83.8417187362095,273.585938561654,0.15896913328658,10.956242329602,6.27027311781211,0.224,0.96,0.843,1,20.6635055063489,62.9172648108057,25.901609064117,77.9019724256078,19.2447038522189,11.9939242109857,-17.1439079729721,-6.07337995172291,2.93905849207389,13.7734918954194,370.35862635961,143.85421797887,293.913580585735,36.8859440379898,11.2253779636212,7.64324911502744,0.302,0.998,0.756,1,25.054572344307,78.4433044917287,28.8993693688486,88.6210500531227,20.6666962373227,13.8130775394789,-18.0175276731498,-8.47916454422593,2.06543879189611,11.3677073029164,427.112333365769,190.801111111657,324.63130345272,71.8962313680581,12.0934468901398,9.10960789888029,0.434,1,0.764,1,31.7399256516286,101.800655984481,34.1633778368676,109.221509868367,-22.7731668216452,30.3262000708561,-16.1534231546398,41.1457774986364,-6.23349094735891,12.5579684009739,1.39793953674005,22.6076294423896,53.0993668925013,57.2992006532762,18.7914593483328,21.2096899056496,1,1,0,1,-20.7801427966224,26.8266132483759,-14.7928495946391,49.6960635384915,-4.28352752762463,10.6373973401376,8.4184879456069,31.3790809630995,47.6067560449983,64.4889131331306,14.9209248677623,22.9605930174926,1,1,0,1,-22.9192150622195,26.4387752708666,-14.3606842531128,42.4073490971921,-6.48465996797621,11.8926565202094,4.81728130570059,22.2729741734934,49.3579903330861,56.7680333503049,18.3773164881856,17.4556928677928,1,1,0,1,-28.0959513556022,30.4942242877287,-23.9720946121155,44.4060894647419,-8.06883293627524,12.5435365894364,0.405510218585537,23.0685350098096,58.5901756433309,68.3781840768574,20.6123695257116,22.6630247912241,1,1,0,1
535,100,1,1,"L'Ecuyer-CMRG","10407_1680222288_1966950378_-395291982_-217906416_-639906663_1579096532","10407_-696826482_353217205_-1462501150_-868535282_-1303720654_-1309422066",1150643855,1776437905,1489970800,105462634,929276646,474554737,879153721,28.538999999997,2.61300000000119,2.55500000000029,0.872999999999593,1.0570000000007,114.864000000001,1,NA,"3835e552db3f","not-a-git-build","bbd3d4119dab4c61438d29ca56ae93a0","confirmatory",173.219000000001,7.94530736325005,17.6836437213056,-0.0585369297670653,-15.766923203418,19.8019354216057,4.12679181996937,63.1279090965154,312.711255262073,0.00342657214655433,248.595867302482,5.76272943385854,10.4394739895231,0.886,1,0.297,0.992,25.7909045814918,74.9472233587359,21.5752006106585,65.0728332856464,8.55930345053048,17.9109452929959,2.1013173719274,-16.0072559711726,21.9617897233002,3.88645905221482,73.2616755582629,320.801961288693,4.41553469756388,256.23224372664,6.43076182363321,10.4828900284938,0.895,1,0.337,0.994,28.2067521883331,86.8642000745222,23.3098572836764,69.4323021146446,14.1933543466486,16.9073351302475,3.17133524179239,-14.8373674897736,23.0318075931652,5.05634753361381,201.45130760953,285.857981206503,10.0573672158344,220.14747402659,9.34153162246748,9.83643086875904,0.801,1,0.377,1,37.3491419985959,112.094616518762,23.5858574427602,73.4506576842462,11.423972157428,17.2499129475155,2.45122824761993,-14.8341411831413,22.3117005989927,5.05957384024605,130.507139853691,297.559496696864,6.00851992192986,220.05174464137,8.83083191002058,10.153390246763,0.93,1,0.509,1,40.3956112100925,119.826203136387,29.2779738191751,95.4826525467855,-10.6438847364021,49.0685432567431,-21.1560919290803,31.9965126739093,8.96081062898326,30.9798366122376,-5.49010836345991,12.5955962167866,59.7124279931451,53.1526046029897,22.0190259832544,18.0857045802465,1,1,1,0,-14.1830476741529,56.8552835052649,-26.8349657720499,29.8870989927817,11.282723254564,32.678502366342,-4.33949874947116,12.8447303341934,71.0383311794177,56.7220647648316,21.395779111778,17.1842290836645,1,1,1,0,-12.2721079352823,54.2777522773149,-18.7307449621885,27.0022376187642,12.7326970446514,34.1923809406046,-2.61851249888212,12.9631825898093,66.5498602125972,45.7329825809527,21.4596838959531,15.5816950886914,1,1,1,0,-11.4199190944062,55.2219748263405,-22.0644148481759,35.9377853105352,10.2108316241448,33.6445013666988,-4.88334393159292,13.7356366848334,66.6418939207468,58.0022001587111,23.433669742554,18.6189806164263,1,1,1,0
536,100,1,1,"L'Ecuyer-CMRG","10407_352757660_659894760_-1447143672_-898216042_280904442_-1179274606","10407_1430432222_556881202_754438755_1298030966_-170459704_-914853356",1489970800,105462634,929276646,474554737,879153721,1301419238,652530494,29.1830000000009,2.55299999999988,2.85900000000038,0.855999999999767,0.824000000000524,116.190000000002,1,NA,"3835e552db3f","not-a-git-build","bbd3d4119dab4c61438d29ca56ae93a0","confirmatory",173.875,14.9239604798403,9.05547132144162,12.5565159958875,1.97147221580665,32.2134295874592,21.7183367259707,222.724596403835,82.0015608534517,157.66609395498,3.88670269769758,8.68614772338759,5.54956794297379,0.488,1,0.663,1,24.8259658488315,73.7565766408862,19.9258712831795,58.5265417572152,18.2094918307385,9.82690714159857,16.2035449321805,3.61439766366092,35.8604585237522,23.361262173825,331.58559273373,96.5681039696009,262.554868369194,13.0638704710775,10.7495323885372,5.97381976624722,0.283,0.974,0.67,1,22.5436459708102,65.4143587223374,20.7948317038043,61.7526356927984,14.9611554016829,10.7587230779663,11.3724753667018,-0.486040602855439,31.0293889582734,19.2608239073087,223.836170953304,115.750122268365,129.333195966238,0.236235467624079,8.92027500692913,7.11538265334871,0.596,0.999,0.807,1,28.3993763010672,84.667932349185,28.4317639598909,86.0160996700574,17.3372699933211,10.8821827733321,13.3551715183853,1.17815572517061,33.012085109957,20.9250202353347,300.580930821311,118.421901912206,178.360606285491,1.38805091275229,10.5905814935968,7.5873931549368,0.64,1,0.828,1,36.0491094013725,110.852804473264,31.3685781602724,97.0686696111159,0.362190167270028,61.7622426064617,-3.35615451550273,47.0900622854203,22.5074838138328,42.4215323121987,13.1597415080793,29.7952890437958,61.4000524391917,50.446216800923,19.9140484983659,16.6355475357165,1,1,0,1,14.1325880920304,60.5052080456016,-0.735714676995281,47.633766893095,26.7135206076245,44.9348281521194,15.0839359528984,31.2830396092427,46.3726199535711,48.3694815700903,18.2213075444949,16.1991036563443,1,1,0,1,3.56515185652102,58.8969883915664,-6.3433936524925,45.3920253969495,22.265763031154,40.8526718858809,8.97129520913458,28.7578783148297,55.3318365350453,51.735419049442,18.5869088547269,19.7865831056952,1,1,0,1,3.20812413075642,61.8658717272625,-3.96671050870133,50.5289267332746,22.0627330027774,42.6446892170013,11.4333323023346,29.8386696494301,58.6577475965061,54.4956372419759,20.5819562142239,18.4053373470955,1,1,0,1
537,100,1,1,"L'Ecuyer-CMRG","10407_-1779450447_1884959064_211871038_2056190720_-1561540568_-1233093054","10407_-81715960_303554378_903674549_-1000368812_-1174436087_1966226711",929276646,474554737,879153721,1301419238,652530494,1254628776,1829642591,28.2570000000014,3.91100000000006,2.62000000000262,0.851999999998952,0.849000000001979,112.636000000002,1,NA,"3835e552db3f","not-a-git-build","bbd3d4119dab4c61438d29ca56ae93a0","confirmatory",170.349999999999,8.79069311017616,8.86643761296351,-2.64065693660893,2.30714937476748,17.2367431382528,22.3675145761713,77.2762853572986,78.613715944574,6.97306905686086,5.32293823748999,5.67525667459783,5.62895659794088,0.818,1,0.727,1,23.8883822218437,64.4233944168264,20.9149186521649,64.4634006783319,8.46094531666804,10.8186222375107,0.630929875914742,6.47731871875781,20.5083299507765,26.5376839201617,71.5875956516469,117.042587117962,0.398072508321791,41.9556577843704,5.61400358668612,6.54782992963583,0.784,1,0.674,1,22.5319257419865,67.6241197935714,22.78066709033,68.3736304321773,11.5314378273377,10.1499743906775,0.287130045862494,3.75322980097164,20.1645301207243,23.8135950023755,132.974058365756,103.021980131408,0.0824436632369977,14.0867339389016,7.45941373842159,6.79192097080559,0.811,1,0.829,1,29.330324097923,89.1893362213778,28.2156199885,81.3757019215282,11.2449301479658,8.57462256542948,-0.615165359060683,1.48878212056967,19.2622347158011,21.5491473219735,126.44845403263,73.5241521395724,0.378428418988259,2.21647220252791,7.90938261668186,6.944516133337,0.855,1,0.932,1,32.340830732163,103.599053797797,31.4347655191959,97.8718967105148,-9.11712195589247,45.7782401652278,-4.56095365175386,51.8930864573865,6.96126268244581,27.4349241452018,13.4552969961147,31.4217562048696,54.8953621211203,56.4540401091404,20.473661462756,17.9664592087549,1,1,1,1,-7.8849838776291,46.215024708912,-0.805318612169734,56.0445406838366,12.2501025683173,29.6693309067809,16.1581765357497,35.4647718226129,54.1000085865411,56.8498592960064,17.4192283384636,19.3065952868632,1,1,1,1,-7.0286053518775,45.9927542898436,-1.02043459314832,50.4616067593647,11.1749502243665,29.2135489009744,14.3012474632622,33.346299738477,53.0213596417211,51.482041352513,18.038598676608,19.0450522752148,1,1,1,1,-15.317716693282,52.8552252900903,-13.829681178694,53.5631802177018,7.4366133463243,31.3730883090518,11.6617230613371,33.0943411537429,68.1729419833723,67.3928613963958,23.9364749627275,21.4326180924058,1,1,1,1
538,100,1,1,"L'Ecuyer-CMRG","10407_854980311_-1035147017_800666092_1174697783_-1304277994_-1778478296","10407_1286036774_2090575085_1893432845_392264916_746568116_-1343942393",879153721,1301419238,652530494,1254628776,1829642591,1205813326,2072400761,28.8709999999992,2.61100000000079,2.47099999999773,1.07600000000093,0.832000000002154,117.978999999999,1,NA,"3835e552db3f","not-a-git-build","bbd3d4119dab4c61438d29ca56ae93a0","confirmatory",175.156999999999,10.5247812936142,25.4376572442822,-7.17200517305599,23.6778714402471,12.5001822540389,43.4287491850616,110.771021278412,647.074406077585,51.4376582023419,560.641595940869,6.16561342751435,16.5806740166218,0.614,1,0.079,0.757,19.8354341897126,57.5608898858565,20.7000191300769,61.3321986053921,9.0577920224711,30.5510152550066,-4.9490333642452,29.0608910181801,14.7231540628497,48.8117687629946,82.0435963223411,933.364533111646,24.4929312404121,844.53538677054,5.49747701401649,21.0281226119923,0.677,1,0.01,0.57,18.6014380124461,55.9306626553575,21.2280427230843,60.9777521448446,11.7158058003303,29.4799614659094,-6.93482225732888,27.4253272626034,12.737365169766,47.1762050074179,137.260105551054,869.068128031502,48.091759740744,752.148575460898,7.1273424484367,18.552924392476,0.69,1,0.109,0.849,25.2735178462462,74.5524565052152,25.5390465794233,82.5779007119936,15.6540406130126,32.360555124814,-12.7453582434391,30.5531714097416,6.9268291836558,50.3040491545561,245.048987513847,1047.20552798613,162.444156753601,933.496283193052,9.10022739827362,21.0467112667419,0.499,1,0.055,0.754,24.6586033843983,80.9931657727622,25.6909284432987,81.4341630335253,-10.3678863100305,36.2939990793311,17.6528766453133,67.774693403427,3.61817374212752,20.7972859132239,34.166342630279,52.9644972667501,46.6618853893616,50.1218167581137,17.1791121710964,18.7981546364711,1,1,1,0,-4.62755276555768,34.5369567923905,24.0878795035627,74.7322456752248,7.67214997436532,21.3613425195,40.2399011163706,57.0947336872986,39.1645095579482,50.6443661716621,13.6891925451347,16.854832570928,1,0,1,0,-14.6533610426107,37.8165049644196,20.9937762572037,71.3149890744513,4.10690295472735,21.0522767700587,38.9692693039128,55.6222853143907,52.4698660070302,50.3212128172476,16.9453738153314,16.6530160104779,1,0,1,0,-16.5889999941793,31.6148050876893,23.4487424115092,77.674749254271,-1.90067024734704,14.9308515610806,41.5032612795866,59.674008897111,48.2038050818687,54.2260068427618,16.8315218084276,18.1707476175245,1,0,0,0
539,100,1,1,"L'Ecuyer-CMRG","10407_1144975511_-445413011_1340963888_2111079238_1381844248_-1282387784","10407_39275253_1435202335_74389271_917893155_1493932182_885493294",652530494,1254628776,1829642591,1205813326,2072400761,833813614,501016095,26.9380000000019,2.91400000000067,3.42399999999907,0.870999999999185,0.827999999997701,116.170000000002,1,NA,"3835e552db3f","not-a-git-build","bbd3d4119dab4c61438d29ca56ae93a0","confirmatory",172.740000000002,30.2634084564016,9.46932380989937,-29.4280523804398,2.0330831019688,-9.0183447049755,22.5176727357253,915.873891399002,89.6680934167272,866.010266905907,4.13342689951107,21.5264307785496,5.703799552866,0,0.541,0.673,1,19.3649787569638,58.8979894852471,20.2429041276289,56.7618137673478,30.870354993303,11.5412523401962,-30.001267767276,6.83694509172978,-9.5915600918117,27.3215347254862,952.978817412545,133.200505580084,900.076067643792,46.7438181873279,21.3347799271586,6.68654050590051,0.002,0.585,0.579,0.989,22.1568494083079,64.7201107953547,19.1288808162024,58.1787184615459,29.7342099037376,10.6572923653753,-28.8550320221435,4.24789123078906,-8.44532434667927,24.7324808645455,884.123238599525,113.577880561087,832.612872998929,18.0445799086146,19.5875368272627,6.50479584487542,0.01,0.881,0.677,1,24.2764392516738,75.2563342451977,22.1480717424435,69.5729954635859,30.2856533516762,13.9884285609534,-29.190464723016,4.83475848894363,-8.78075704755177,25.3193481227001,917.220798937899,195.676133604898,852.083230745643,23.3748896464125,18.651200693535,8.5664936000148,0.062,0.997,0.73,1,32.4384211845951,98.3059481695891,30.9889853857646,93.6133562018587,-31.1382298939497,16.0732729183407,0.0350477824931606,44.7117908330329,-16.8954527046984,-1.50105267748682,14.1499938113175,31.2849178130635,47.2115028122904,44.6767430505397,15.3944000272116,17.134924001746,0,1,0,1,-37.1244019762449,14.6451155604642,6.55930535949831,51.510146816199,-18.5164897421444,0.145786695531676,19.6139751481325,34.0560059191752,51.7695175367091,44.9508414567007,18.6622764376761,14.4420307710427,0,1,0,1,-34.0054863967936,16.4527640266554,3.30854043938071,46.0317850531984,-16.9655521724213,0.427259296944826,16.8736992014264,32.3826321703543,50.458250423449,42.7232446138177,17.3928114693661,15.5089329689278,0,1,0,1,-36.1084245123195,17.9327455300947,-1.42511324699166,51.72754045544,-17.2179227974759,-0.213594670514062,16.5367361095159,34.937115296666,54.0411700424142,53.1526537024317,17.0043281269618,18.4003791871501,0,1,0,1
540,100,1,1,"L'Ecuyer-CMRG","10407_-863537118_2034962636_-1834098721_-1376775054_-1342525305_26274877","10407_503475690_462234887_1917536503_-1362971822_-1079050324_1800067576",1829642591,1205813326,2072400761,833813614,501016095,565508550,1570370428,27.8230000000003,2.50700000000143,2.46199999999953,0.837999999999738,1.29200000000128,114.031999999999,1,NA,"3835e552db3f","not-a-git-build","bbd3d4119dab4c61438d29ca56ae93a0","confirmatory",171.216,10.6713830536255,9.62091485322811,6.072957702207,3.37273992760654,26.0967363604848,23.5100919466332,113.878416277205,92.5620026130653,36.8808152527953,11.3753746192714,6.67306590033809,5.94926376425181,0.723,1,0.699,1,24.4095637432849,75.0438842318248,21.4493813257139,64.3727230632124,17.4284749954591,16.3362609969626,14.7141269205963,13.5923408714135,34.7379055788741,33.7296928904402,303.751740667344,266.873423360882,216.505531035416,184.751730364699,10.1090437726628,9.4642649136637,0.417,0.985,0.432,0.991,25.2164953940329,72.037759883617,22.4653510715363,67.1301842449068,14.1908782220575,9.5913975809628,8.22001328985862,2.65632821210346,28.2437919481364,22.7936802311302,201.381024713267,91.9949075560991,67.5686184854523,7.05607957041679,8.64425626221688,6.68004568045864,0.715,0.999,0.85,1,30.6241535248184,89.7854394124496,27.9744482886784,85.2846617546151,15.3021055936582,10.2006828102883,9.33872243591084,3.58741518320014,29.3625010941886,23.7247672022268,234.154435599467,104.053929796112,87.2117367349844,12.8695476966549,9.6851684299297,7.12904756848226,0.746,1,0.86,1,35.4451778903464,111.587469178616,29.2772325611976,91.5938472164514,-5.77069521535756,55.8277830028773,-2.39014011362863,50.8740936707653,17.0264939263868,35.9909358680376,14.4861329049583,32.0206811086129,61.5984782182349,53.264233784394,18.9644419416508,17.5345482036546,1,1,1,1,10.143433068114,61.8323266917882,8.21271070565842,61.74968226993,25.8968505280724,43.6293584659926,24.4874298882895,41.9761286383255,51.6888936236743,53.5369715642716,17.7325079379202,17.488698750036,1,1,0,0,3.23431708784825,54.3331894832307,-4.98434820525644,51.3013207162063,18.8358823784709,37.160024608461,13.1548056034029,32.0576673671404,51.0988723953825,56.2856689214627,18.3241422299902,18.9028617637375,1,1,1,1,-0.918880720628417,60.3212904933074,-3.07953981679956,53.5020829899939,18.8463317384902,39.3810216105852,13.2799443661003,33.3062556403395,61.2401712139358,56.5816228067935,20.534689872095,20.0263112742392,1,1,1,1
541,100,1,1,"L'Ecuyer-CMRG","10407_-1958836210_408558683_2117965861_-1935928267_-325839101_-1137300692","10407_-1527387179_447962045_-1493712790_-1984450984_738910117_1638066929",2072400761,833813614,501016095,565508550,1570370428,646081647,8727548,27.6419999999998,2.89199999999983,2.60399999999936,0.913000000000466,0.833000000002357,113.855000000003,1,NA,"3835e552db3f","not-a-git-build","bbd3d4119dab4c61438d29ca56ae93a0","confirmatory",171.595000000001,12.394843729271,14.1558799030534,8.72794398035868,10.7223657614434,28.7910528782958,30.6999046966009,153.632151073049,200.388935829671,76.1770061242794,114.969127522174,7.1855915034632,8.17966374100317,0.522,0.995,0.493,0.99,19.4066713271594,59.0795345133526,21.3973611614107,61.5593985849236,19.1423300285805,20.7437720709313,17.1343516893303,18.6224363917718,37.1974605872675,38.5999753269293,366.428798923096,430.304079730748,293.586007813658,346.795137165586,11.7291562593082,12.4503731742859,0.207,0.872,0.259,0.951,19.1711253988938,55.645023068777,22.5684018291389,67.6289551434132,15.673552681935,23.5641552826715,12.9389793073974,21.5750590796974,33.0020882053345,41.5525980148549,245.660253673393,555.269414185854,167.417185517257,465.483174292431,9.23609537703982,14.0569289499218,0.508,0.999,0.213,0.965,26.663991980839,82.509396355186,27.0498334690901,83.7668204614705,17.2252775929965,16.7221934556722,13.863183342948,12.4691815782525,33.9262922408852,32.44672051341,296.710188155787,279.631753968926,192.187852400191,155.480489231433,10.1657998303266,9.99327809017038,0.537,1,0.617,1,29.6569176118367,92.5639879462468,31.3846417712484,95.618964650018,5.22853163853878,52.1286344322758,6.14002585800931,57.9042184528347,21.0970847772514,36.6735928460293,21.4233770746676,39.8885913799682,46.900102793737,51.7641925948253,15.5765080687779,18.4652143053006,1,1,0,0,16.9903686127434,55.8375097116761,9.78482806950069,67.8522781158254,30.6777302429686,44.0067363897749,29.5526107284315,47.0774329129685,38.8471410989327,58.0674500463247,13.3290061468062,17.524822184537,1,1,0,0,9.2078967674884,56.6750685875231,18.9294763998817,67.6889477172775,25.4211050889553,40.776539637589,33.5019854535925,49.5105319023253,47.4671718200347,48.7594713173958,15.3554345486338,16.0085464487329,1,1,0,0,7.25076037370842,62.874927661791,6.44058586184845,58.6607179224674,24.1744448081922,43.4865509067184,23.1836190092604,42.4298791396465,55.6241672880825,52.220132060619,19.3121060985262,19.2462601303861,1,1,0,0
542,100,1,1,"L'Ecuyer-CMRG","10407_-2025850579_532255159_-653664378_852922066_-340554839_1843042935","10407_1734256560_29169232_285016763_1877996638_-211924820_2047808195",501016095,565508550,1570370428,646081647,8727548,886374768,1478397262,27.1779999999999,2.5470000000023,3.40100000000166,0.880000000001019,0.844999999997526,115.759999999998,1,NA,"3835e552db3f","not-a-git-build","bbd3d4119dab4c61438d29ca56ae93a0","confirmatory",171.243000000002,7.97853691749511,14.603956259148,1.10778078360207,11.1209637989654,21.4854108549038,31.5424708844511,63.6570513438323,213.275538419109,1.22717826451802,123.675835817899,5.24856163477958,8.45663715253295,0.787,1,0.483,0.999,21.2495886023671,63.1680664143683,22.2553918026575,66.4062640663333,9.83061290824076,20.0399983247021,5.49682204866376,17.7015466767429,25.8744521199655,38.1230537622286,96.6409501516699,401.601532854062,30.215052634676,313.344754748907,5.93082079714769,11.8052176753958,0.696,1,0.297,0.98,20.9932935626755,60.7664863694145,22.8400558419082,70.0139006449571,12.6757073636231,16.9433706762976,5.93001671750557,13.696602347834,26.3076467888073,34.1181094333197,160.673557168209,287.07780987442,35.1650982698956,187.596915874692,7.95594582391613,9.88615027572702,0.758,1,0.493,0.998,29.8162028031585,89.7522656089298,27.6164591801185,83.8377412774646,12.3306438880788,18.0479445863673,5.21612742693387,14.4681294489345,25.5937574982356,34.8896365344202,152.044778694616,325.728303792586,27.2079853340118,209.326769751125,8.07266121118926,10.7116900924391,0.765,1,0.551,1,30.6721816523019,96.3005989699278,31.7063283244505,97.3863558720848,-6.61405434016627,45.8958843304863,2.71964337306022,57.984768093163,13.1281004448014,30.0939974997814,23.4299686426072,40.6449212673274,52.5099386706525,55.2651247201028,16.96589705498,17.2149526247203,1,1,1,0,4.51018080083177,48.2819193164737,10.1018023773934,65.1211146850423,17.1626141160683,34.6685283895838,29.8702303138563,46.5320638837304,43.7717385156419,55.0193123076489,17.5059142735155,16.6618335698742,1,1,1,0,-0.876745647897494,52.7126066920683,8.59020765849437,60.8161455871341,17.9181512682067,34.9634372969026,24.97318659864,43.0638222224865,53.5893523399658,52.2259379286397,17.045286028696,18.0906356238465,1,1,1,0,-0.936867847175296,55.5139418474704,8.7688369371439,62.6270988219663,16.0567127060556,35.1259156602523,25.4750885011441,44.4162095197402,56.4508096946457,53.8582618848224,19.0692029541968,18.9411210185961,1,1,1,0
543,100,1,1,"L'Ecuyer-CMRG","10407_-1932657687_-1337697445_-164550072_-14808474_-618593568_-1143438292","10407_-1475764899_406079035_-622838241_-620009793_1943272208_-480581315",1570370428,646081647,8727548,886374768,1478397262,1022007989,2040798642,28.0099999999984,3.34499999999753,2.52899999999863,0.888000000002648,0.822000000000116,116.145,1,NA,"3835e552db3f","not-a-git-build","bbd3d4119dab4c61438d29ca56ae93a0","confirmatory",173.045999999998,8.59631205422301,9.60161114914889,1.02574219682845,-3.65828439463324,21.1302269877117,16.4068768021876,73.8965809335798,92.1909366594602,1.05214705435446,13.3830447120171,5.3937300072825,5.80244338753854,0.737,1,0.637,1,20.4512850913574,59.6724317116321,19.5392786488225,59.363921864607,13.7519586872232,8.87393945152922,10.6929609336943,0.896716331117617,30.7974457245775,20.9618775279384,189.116367735094,78.7468013894068,114.339413529512,0.804100178493039,7.92711386082239,5.80250540980455,0.522,0.998,0.78,1,22.2432287686322,63.6628524052113,23.5133281751513,66.773902554904,10.4658117009722,9.5252285425534,4.406082478884,-4.04527877466752,24.5105672697672,16.0198824221533,109.533214560207,90.729978787874,19.4135628107286,16.3642803647756,6.71178350669323,6.43335169512877,0.747,1,0.826,1,25.6615089673597,77.7794988976622,26.1012363475004,78.8114269120479,12.4267083037945,10.6375791976027,6.22454106871308,-5.42687018399414,26.3290258595963,14.6382910128267,154.423079267596,113.158091185269,38.7449115160958,29.4509199939246,8.0666490291208,7.45558762693767,0.779,1,0.87,1,31.3829242713501,96.0198150659729,32.0312325168512,96.4059037656963,-4.23297690965613,44.6821931164515,-7.96029309924473,42.8377677004784,12.5981538589149,30.1037428611149,8.7521498037164,24.7653136804526,48.9151700261076,50.7980607997231,17.5055890022,16.0131638767362,1,1,1,1,4.64132986151462,56.8436946761554,-8.03155110181917,47.8108368028422,20.8459768805111,40.6643224860576,11.6872403274031,30.7974999508911,52.2023648146408,55.8423879046614,19.8183456055465,19.110259623488,1,1,0,1,-0.669646740121455,48.735655191354,-8.95731087484408,42.4945954153307,15.9161569395119,33.277196473147,7.51540530800982,25.0551832453707,49.4053019314755,51.4519062901747,17.3610395336351,17.5397779373609,1,1,1,1,-3.79226813205295,56.2901872499354,-14.4508499119924,44.2809333758306,16.0795885514155,36.6100962526625,3.78499946099096,25.603345778639,60.0824553819884,58.731783287823,20.530507701247,21.8183463176481,1,1,1,1
544,100,1,1,"L'Ecuyer-CMRG","10407_1382476990_-88248313_-1331968831_1413368832_1506394472_561442669","10407_1462820055_1239608814_507096063_-297637282_-1645380714_-829832136",8727548,886374768,1478397262,1022007989,2040798642,1228927469,1457846533,27.2350000000006,2.5679999999993,2.54299999999785,1.26699999999983,0.817000000002736,116.939000000002,1,NA,"3835e552db3f","not-a-git-build","bbd3d4119dab4c61438d29ca56ae93a0","confirmatory",173.504000000001,8.66906208818486,19.1147057258129,-2.89678649689323,-16.5821181074504,17.2059986851012,3.69095301736374,75.1526374888041,365.371974984426,8.39137200858296,274.966640929436,5.72694611436522,11.4646928718405,0.808,1,0.312,0.861,22.825479474342,70.5512755133954,20.9212430076634,58.7280032066506,9.87550981967827,21.8730436527816,5.4130366672595,-19.704605300656,25.5158218492539,0.568465824158153,97.525694198562,478.430038636489,29.3009659610958,388.271470054641,6.3166207326189,13.5054425766086,0.79,1,0.215,0.801,25.0018375955749,71.7185183430324,20.8092914769695,63.3837827071501,8.58926016348697,21.3305306926344,0.930418683350897,-18.3144344147632,21.0332038653453,1.958636710051,73.7753901560641,454.991539629419,0.865678926328417,335.418507932662,5.99347265184316,12.593772303496,0.869,1,0.295,0.94,25.9287473342767,75.4585338163369,24.1324624819137,75.7886144579255,10.7733613516772,24.0312120386676,-5.90629519010468,-20.622187282853,14.1964899918897,-0.349116158038837,116.065314813812,577.499152047403,34.8843228726537,425.274608329064,7.74918513299255,14.1278615692948,0.91,1,0.339,0.97,34.2813173317267,101.632301729989,31.3287422430379,93.1163610941524,-19.8414822938236,42.6637790670535,-22.1338916370227,27.6179340946214,8.55018082344648,27.5338529034543,-5.21673343718908,13.2357868026826,62.5052613608771,49.7518257316441,18.9836720800078,18.4525202398717,1,1,1,0,-5.15071060643409,58.4663859962477,-31.0411093041578,23.4377119197943,13.9887855437959,36.172170369152,-7.11922953434899,10.231127682397,63.6170966026817,54.478821223952,22.1833848253561,17.350357216746,1,1,1,0,-6.79771301553101,49.5090585322921,-23.0161701349715,24.7331572491161,10.8914363416987,31.1761512603984,-6.50880917514216,10.1746971244138,56.3067715478231,47.7493273840876,20.2847149186996,16.6835062995559,1,1,1,0,-23.685414850743,46.1950209668404,-28.9405032886783,32.3692367358398,2.22881645788838,26.7705375695492,-11.8628269935274,9.81347413116606,69.8804358175834,61.3097400245182,24.5417211116609,21.6763011246935,1,1,1,0
545,100,1,1,"L'Ecuyer-CMRG","10407_-710000570_672814346_832212183_1049466576_-1807013498_761776795","10407_738698019_-891407666_428423267_-75751468_155798460_1921400377",1478397262,1022007989,2040798642,1228927469,1457846533,1765903172,841918794,27.2870000000003,2.89900000000125,3.11100000000079,0.833999999998923,0.838999999999942,115.516,1,NA,"3835e552db3f","not-a-git-build","bbd3d4119dab4c61438d29ca56ae93a0","confirmatory",171.535,9.58211497699639,35.633618124096,-5.57126524907564,34.5521436031222,14.1049346913929,54.1372324888906,91.8169274323786,1269.7547406139,31.0389964755578,1193.85062757078,6.00381298161434,27.5517859528612,0.737,1,0,0.149,22.3673061070572,66.4967248495852,17.37556849839,48.7166663487339,8.07189959378257,47.2352035388261,0.68346107532188,46.2933168849726,20.3596610157904,65.8784057707411,65.1555630521072,2231.16445335433,0.46711904148014,2143.07118821249,5.33644433273864,38.6741604343288,0.814,1,0,0.023,22.0106648801476,64.7620470893456,17.5904157830264,53.3136305066569,9.22880300460506,38.0793597378986,-3.66786222605126,36.8283262378669,16.0083377144173,56.4134151236354,85.1708048978073,1450.03763804829,13.4532133092937,1356.32561348276,6.62489896736494,27.6819124823684,0.886,1,0,0.382,28.4693907207878,86.95626553796,21.3970381588768,67.8422567002393,9.85498446931901,41.0213519739315,-4.66376415794786,39.8380745788641,15.0124357825207,59.4231634646325,97.1207188905189,1682.75131776917,21.7506961209591,1587.07218615114,7.09260403946833,30.1593399540298,0.86,1,0,0.325,30.0910530594391,93.3050076926993,22.078319797853,71.9288832325051,-13.9677476049447,42.1080910974779,35.8126525543901,72.6669648478971,4.65134931340264,22.4803477067294,47.042362772074,61.1225835785888,56.0758387024226,36.854312293507,17.8289983933268,14.0802208065148,1,0,1,0,-4.53211087762859,45.6563918894285,46.57926270677,83.8992114391938,12.6686542482275,28.3267871407302,59.993922316406,72.3611890771684,50.188502767057,37.3199487324238,15.6581328925027,12.3672667607624,1,0,1,0,-11.4220188339674,44.4170831724664,35.4192320486344,75.850507525354,6.25030816358355,25.953733008408,50.0294873893805,62.6922923462753,55.8391020064338,40.4312754767197,19.7034248448244,12.6628049568949,1,0,1,0,-16.6487513585079,45.6402054738727,41.0456712552564,81.1649488152776,5.42317292614792,25.1549518306471,52.3687751135976,65.2194026944906,62.2889568323806,40.1192775600212,19.7317789044992,12.8506275808929,1,0,1,0
546,100,1,1,"L'Ecuyer-CMRG","10407_-1632927641_1050132921_-1411244776_-1024609745_-1692130145_-564415418","10407_-959415445_-821778472_1810627645_-1415901077_-1496182274_-1614300679",2040798642,1228927469,1457846533,1765903172,841918794,649374440,418546464,26.3810000000012,4.0580000000009,2.51499999999942,0.860000000000582,0.82300000000032,116.715,1,NA,"3835e552db3f","not-a-git-build","bbd3d4119dab4c61438d29ca56ae93a0","confirmatory",172.848000000002,18.854737512022,19.192877079951,-17.216518000302,16.9782040841282,3.14904923755336,37.2651111893684,355.501126647251,368.366530606109,296.408492054724,288.259413922309,11.4645613929371,11.6688472004693,0.187,0.904,0.265,0.882,20.2671076795403,58.5159287041884,19.2644717350686,55.791919698423,21.0032009471704,25.2880776025115,-19.4335982500181,23.6748654535123,0.931968987837313,43.9617725587525,441.134450027221,639.486868830644,377.664740943106,560.49925424191,12.7738515213103,16.2457874792709,0.162,0.969,0.082,0.769,22.3330566421587,65.3931596668809,21.7997353351438,63.4580782792246,16.5820586362615,18.9733642482793,-14.1859619977528,16.9534531886837,6.17960524010264,37.2403602939239,274.964668616414,359.988550897884,201.241517801686,287.41957502089,9.58948596475079,11.0892828732861,0.419,1,0.35,1,24.7856226066213,77.6423258799314,26.4543995436963,80.2169514417535,17.4210378143396,23.0381168388618,-14.4606925325101,21.0383945565147,5.90487470534529,41.3253016617549,303.492558528649,530.754827481048,209.111628519794,442.614045515589,10.2230677997708,13.4409452912498,0.477,1,0.245,1,29.0165439787091,92.2346049741957,29.5120935477239,97.8864715316577,-20.7479714195149,26.3560468109505,14.8148100133246,58.0012814618708,-5.21186619404337,12.171268050102,29.4176340249942,44.9164116384572,47.1040182304654,43.1864714485462,17.3831342441453,15.498777613463,1,1,0,0,-24.3263251426858,31.1715507391449,19.5670881710668,72.1715896334427,-8.09283591673654,10.013933797438,35.1457007272051,52.3890213205876,55.4978758818307,52.604501462376,18.1067697141746,17.2433205933825,1,1,0,0,-17.7080639341691,30.7537649671182,10.1652439773125,62.6617666924327,-1.02912669103629,14.4713392963171,29.151421758891,45.9646735224333,48.4618289012873,52.4965227151202,15.5004659873534,16.8132517635424,1,1,0,0,-20.2269863236802,33.0118708572614,11.9226350387645,67.6934160622262,-3.8187404834809,14.942878425189,32.6190842661428,51.155316018158,53.2388571809415,55.7707810234617,18.7616189086699,18.5362317520152,1,1,0,0
547,100,1,1,"L'Ecuyer-CMRG","10407_-296140429_-464371366_-1963969602_-1574518420_-207576613_1977155600","10407_-219077178_1261161725_-794769004_-4739005_891580070_1351084323",1457846533,1765903172,841918794,649374440,418546464,130236119,2131713686,26.3709999999992,3.56100000000151,2.73300000000017,0.861000000000786,1.3080000000009,114.621000000003,1,NA,"3835e552db3f","not-a-git-build","bbd3d4119dab4c61438d29ca56ae93a0","confirmatory",171.142,14.304629932747,17.8261538189699,12.1756412333629,14.7320856598435,32.1607364484814,34.867137676121,204.62243751284,317.771759977574,148.246239443568,217.034347888967,8.29295291701116,10.2882163156533,0.417,1,0.392,0.978,21.079156473681,64.0256710379072,22.0000473144032,63.4433923303514,16.9971793760802,21.9174111432525,15.1025165385782,19.7561087444051,35.0876117536966,39.8911607606826,288.904106742647,480.372911222368,228.086005798028,390.303832720759,9.98590640255227,13.3092186075125,0.335,1,0.245,0.92,23.313405856503,67.5734830775776,22.4279104423747,66.9204095816995,14.6712067603882,22.1240155639307,12.4056961815455,19.2053500009187,32.3907913966639,39.3404020171962,215.24430780606,489.472064673047,153.901297748813,368.845468657786,8.63401145357047,12.8634721728078,0.517,1,0.349,0.996,26.3847775575218,76.8390518085675,27.2105821004792,82.9291039465285,14.5129603351876,21.4252738949692,11.5135759921441,17.5104228208315,31.4986712072625,37.645474837109,210.626017690728,459.04236147445,132.562432126877,306.614907364296,8.78466857970227,12.248608779125,0.611,1,0.432,1,29.4435977883772,87.5687307656649,30.3395983688616,93.3897604714223,4.63767684810213,56.6042504822011,10.1096518681775,61.2589792327198,23.1582774393046,41.5249979127603,25.3328614862663,43.4384152330291,51.9665736340989,51.1493273645422,18.3667204734556,18.1055537467628,1,1,0,0,5.18611303640641,61.7572062405894,13.7435986223653,66.6913588758309,25.3485391149938,45.4735751769994,31.6044075961601,48.6699171442485,56.571093204183,52.9477602534656,20.1250360620056,17.0655095480884,1,1,0,0,8.48256417190442,56.3616703711799,9.80950940094604,70.2107935364329,23.4449878464341,41.6426462013022,29.4452985323,49.3111242272676,47.8791061992755,60.4012841354869,18.1976583548681,19.8658256949675,1,1,0,0,3.72308871119348,60.1372016771795,8.76944606012504,68.166108505436,22.0083831090034,40.7404352617585,27.6373719128542,48.0852611374713,56.414112965986,59.396662445311,18.7320521527551,20.4478892246172,1,1,0,0
548,100,1,1,"L'Ecuyer-CMRG","10407_-1274829899_1403995568_-1716378259_-2104036499_-1537953564_-1848438742","10407_1474984100_1852831004_-1918913406_-689636423_-1078077119_-1033597139",841918794,649374440,418546464,130236119,2131713686,1878081171,105027322,28.112000000001,3.03600000000006,2.54899999999907,0.833000000002357,0.847999999998137,116.75,1,NA,"3835e552db3f","not-a-git-build","bbd3d4119dab4c61438d29ca56ae93a0","confirmatory",173.241999999998,16.4356994584574,16.659751270357,-14.2415231614952,-13.9921536673651,5.84771662022765,6.21085179067348,270.132216688736,277.547312390162,202.820981959404,195.780364251158,9.55138962472088,9.71646215890729,0.39,0.999,0.375,0.973,24.219971663794,67.542016985374,20.6859293178957,62.4199110036228,16.7787749204215,14.8914335537272,-14.5286663179711,-11.6283071478073,5.56057346375173,8.57469831023129,281.527287830166,221.754793285073,211.082144978949,135.217527123746,9.88913204912243,8.57182000824272,0.297,0.977,0.491,0.999,19.8391796651694,59.8921551154066,22.7290857951916,65.7193484344113,17.0669286923209,17.6026213600143,-14.6553111494236,-14.143023994771,5.43392863229927,6.0599814632676,291.280054988765,309.852278744031,214.778144886419,200.025127716667,10.0183960516858,10.1753350479844,0.35,0.989,0.468,0.996,22.6681519799474,71.8832101980184,26.7459337368572,78.6416385335247,18.2586988325762,19.565125539918,-13.6091861974807,-16.4993148540656,6.4800535842422,3.70369060397294,333.380083058718,382.794137392752,185.209948957698,272.227390653591,10.8042833202971,11.2760639075964,0.503,1,0.43,0.997,32.0820751336761,96.4199215678154,28.9526455288286,88.4412083060922,-20.8991177037809,35.4300775470242,-20.0023172622813,29.9858176849822,-4.18841686767921,14.8223527662201,-1.46192983518496,15.8063185394871,56.3291952508051,49.9881349472635,19.0107696338993,17.268248374672,1,1,0,0,-13.2561085530213,27.2883113034736,-18.1238901270923,34.2968648522725,-1.04697635517163,11.6882111767164,-1.74438987996182,18.3798423419603,40.5444198564949,52.4207549793648,12.735187531888,20.1242322219221,1,1,0,0,-16.3461146373499,29.1677219905289,-18.7302121666722,30.6634893512728,-2.20600543602072,12.022569977758,-2.55795163611795,14.8411451934352,45.5138366278787,49.393701517945,14.2285754137787,17.3990968295531,1,1,0,0,-19.6941573432793,33.9413268247075,-21.8504076764819,29.3180351916127,-2.71944919644297,15.6834688104295,-5.64123624836725,12.8364186181191,53.6354841679867,51.1684428680946,18.4029180068725,18.4776548664863,1,1,0,0
549,100,1,1,"L'Ecuyer-CMRG","10407_-163438486_-2760999_-1177059354_-619770365_-558923207_-323090659","10407_1631523000_-373395882_618915229_724969834_-776789923_1640898488",418546464,130236119,2131713686,1878081171,105027322,1749318739,1661296428,26.1550000000025,2.85800000000017,3.31499999999869,0.878000000000611,0.845000000001164,117.165000000001,1,NA,"3835e552db3f","not-a-git-build","bbd3d4119dab4c61438d29ca56ae93a0","confirmatory",172.922999999999,18.1084672830998,9.70950109556305,16.0279750427071,-4.81432108458032,36.0298581609928,15.1264617655466,327.916587343095,94.2744115247401,256.895983969642,23.1776875054346,10.6605480562214,6.10842770499133,0.273,0.974,0.75,1,22.3022552640704,64.6008947043664,22.8440336977569,67.7519778460548,24.3852416826549,7.7285283156786,22.8650027787845,1.67294886381875,42.8668858970702,21.6137317139457,594.640011921489,59.7301499262458,522.808352073822,2.79875790095246,15.0183787703217,5.49274748174569,0.122,0.93,0.872,1,24.8068666901673,72.4205637310356,24.3975994756657,69.7531690205368,20.5650446446105,10.4886231445537,17.2120700526638,-5.64317552854722,37.2139531709495,14.2976073215797,422.921061234824,110.011215468467,296.255355497806,31.8454300459942,11.9760007766615,7.37487197738496,0.428,0.987,0.851,1,30.0423744622425,92.560399735506,29.9329640795293,96.8410916175128,23.7557361376232,9.04225527427606,20.0227109265534,-1.74283881658834,40.0245940448391,18.1979440335386,564.334999440379,81.7623804451733,400.908952848322,3.03748714060704,13.8775790959618,7.36866928779897,0.42,0.996,0.934,1,35.8967944036881,106.721045011008,34.3813746969219,102.90939513089,11.1401644597845,60.378656743226,-13.9578863788021,43.3623064503219,27.4100060967255,45.8752406252013,5.97058138300455,24.342958697088,49.2384922834415,57.320192829124,18.4652345284758,18.3723773140835,1,1,0,1,14.6537020117609,74.392715061495,-5.81052261330733,51.8951420338251,32.6774714394038,52.8646332876828,11.3479288396568,31.3684090728347,59.7390130497341,57.7056646471324,20.187161848279,20.0204802331779,1,1,0,1,9.88201992052671,67.7071988286836,-18.1273640891508,45.1715477995897,27.0758813559912,47.6323272674553,4.01002010486633,25.2641217138204,57.8251789081569,63.2989118887405,20.5564459114641,21.2541016089541,1,1,0,1,8.27334440025103,72.3555114418508,-14.9464550999878,53.2068923087199,29.0935527007776,51.4750858079324,6.44737835205629,29.2214860150464,64.0821670415998,68.1533474087077,22.3815331071547,22.7741076629901,1,1,0,1
550,100,1,1,"L'Ecuyer-CMRG","10407_1056260044_-695284227_2026307801_203490783_1835503048_1229569554","10407_378022775_-1701236338_600780007_1748072185_1732443610_-1390598778",2131713686,1878081171,105027322,1749318739,1661296428,614148927,953769997,27.3060000000005,2.5779999999977,3.88899999999921,0.832999999998719,0.820999999999913,114.777000000002,1,NA,"3835e552db3f","not-a-git-build","bbd3d4119dab4c61438d29ca56ae93a0","confirmatory",170.859,14.4155995549872,9.82621489828867,12.0992184722031,3.23521442305899,31.9048573869057,22.9875651781272,207.809510529747,96.5544992273502,146.3910876381,10.4666123631689,8.32888116768797,6.0157714001868,0.407,0.995,0.681,1,20.9492051062066,58.9879019845661,21.1571332444836,63.8379158678372,18.013351752542,9.69956680151253,15.9845137424605,2.27225302183007,35.7901526571632,22.0246037768983,324.480841360806,94.081596137004,255.50467958291,5.16313379521589,10.5285679439025,6.18244890741967,0.316,0.993,0.742,1,24.1809820981275,72.0351928884045,23.3799412949404,70.5480889055821,16.7103372103997,11.1172174615865,11.778251064797,2.27203697562532,31.5838899794997,22.0243877306935,279.235369685268,123.592524088204,138.727198145391,5.16215201860863,9.81253035113957,7.15598974104414,0.605,1,0.761,1,30.7167364662106,92.4794920304358,27.8002464471031,83.5936930104571,16.7874038933328,11.6865969204239,11.2026591733069,1.02666240208458,31.0082980880096,20.7790131571528,281.816929477887,136.576547580461,125.499572553278,1.05403568785408,9.99644220832051,7.91094553470401,0.619,1,0.814,1,32.6758585262667,101.575749896779,31.8188720056505,98.5429128715851,6.67116967101844,56.8353010064143,-2.22352729988305,48.4825539364359,23.2883479288584,40.4022584077705,13.6746869845081,31.5518071991671,50.1641313353958,50.7060812363189,17.1139104789122,17.8771202146589,1,1,0,1,6.35837772836481,63.698685886178,-6.37222657833381,51.4799184229402,25.5502613122664,45.7746752834311,11.9711389773988,31.9282365966734,57.3403081578132,57.852145001274,20.2244139711646,19.9570976192746,1,1,0,1,4.86186449523387,60.763088406912,-4.21396720974849,48.2092469466276,21.0394405814598,41.3957840587958,12.6571784439452,31.2341768789869,55.9012239116781,52.4232141563761,20.356343477336,18.5769984350418,1,1,0,1,0.171463369000308,60.3343161964593,-6.9028331949854,47.8998168927409,20.7569258658718,40.6097890856667,10.968978045288,30.7635374675902,60.162852827459,54.8026500877263,19.8528632197949,19.7945594223022,1,1,0,1
551,100,1,1,"L'Ecuyer-CMRG","10407_-238472344_1212586766_-1238283707_1772705526_1534507038_15823329","10407_-1674045322_1735951798_-1360251602_1726231630_1312063643_1868279205",105027322,1749318739,1661296428,614148927,953769997,388888402,172592157,26.6059999999998,2.8660000000018,3.67900000000009,0.869999999998981,0.834000000002561,116.025999999998,1,NA,"3835e552db3f","not-a-git-build","bbd3d4119dab4c61438d29ca56ae93a0","confirmatory",172.263999999999,15.432115397247,11.2729656831205,-13.542519916915,-8.50476098841628,6.54140450568819,11.5632396369473,238.150185633948,127.079755292812,183.399845700039,72.3309594700874,9.0665750112518,6.67942246118652,0.468,1,0.563,1,26.1864289709354,77.3935521650002,20.1037598816012,63.7788793522479,18.7392929890286,15.3616901498783,-17.0318411663581,-13.6276102120074,3.05208325624507,6.44039041335619,351.161101728657,235.981524260867,290.08361351605,185.711760090408,10.9696062830852,8.94917396329374,0.304,1,0.357,0.999,25.648717434943,79.8087472555575,21.8323946237832,63.3205907069825,24.1228357598582,13.6404320782724,-22.6355652551931,-11.1107399894825,-2.5516408325899,8.95726063588112,581.911205097095,186.061387281964,512.368814422104,123.448543113885,14.2225086619994,8.42242403383141,0.222,1,0.588,1,32.4761888662001,101.234815901324,26.8033001705192,87.3311421511149,20.5279390309723,12.8183134621532,-18.8481612909885,-10.6209199631028,1.23576313161462,9.44708066226083,421.396280859317,164.309160014019,355.253184051119,112.803940862635,12.1412924276366,8.14499030536519,0.443,1,0.708,1,34.5917631987598,111.836264434233,30.0110394581064,92.3382435567095,-26.6489610703608,35.3842064604487,-12.6060811868014,38.8017802316708,-4.31108401473063,18.0336312831386,4.25270395666627,18.7357714701231,62.0331675308095,51.4078614184722,22.3447152978693,14.4830675134569,1,1,0,0,-27.206504538346,37.5874590698005,-19.0389664063823,31.9271286429333,-7.25961709557008,12.2409781162765,-1.88312585730721,15.1271471774578,64.7939636081465,50.9660950493156,19.5005952118466,17.010273034765,1,1,0,0,-36.7491293121193,31.0735694816737,-15.0279897795532,30.8531826095766,-14.2062993464267,8.34412313393479,1.24508133318308,17.2677886516342,67.822698793793,45.8811723891298,22.5504224803615,16.0227073184512,1,1,0,0,-35.7828992809907,33.1535173341929,-16.5445983830426,38.0649365364361,-10.3800782624569,12.822124846748,-0.268998798331447,18.448438893195,68.9364166151836,54.6095349194787,23.2022031092049,18.7174376915265,1,1,0,0
552,100,1,1,"L'Ecuyer-CMRG","10407_-370185752_-219659579_-581750396_651852501_1715683021_216788590","10407_-277458352_-1892765939_1048373151_-1865341593_-1667866217_602158171",1661296428,614148927,953769997,388888402,172592157,586122705,1892475891,27.9239999999991,2.48400000000038,2.49600000000282,0.854999999999563,0.851999999998952,115.66,1,NA,"3835e552db3f","not-a-git-build","bbd3d4119dab4c61438d29ca56ae93a0","confirmatory",174.272000000001,16.1413439539439,11.399552972611,14.0953147108461,5.55992888485352,34.288640945061,25.9679538724713,260.542984639521,129.949807975364,198.677896797794,30.9128092046285,9.48080955533826,6.95690402128247,0.549,1,0.676,1,29.4268712837023,82.4136848882391,24.8061681848876,71.1663367216338,22.8594615309697,15.2373752021745,21.4390722437611,11.858315631899,41.632398477976,32.2663406195168,522.554981485883,232.177603051842,459.633818673208,140.61964962574,13.5057761029518,8.83391665095891,0.248,1,0.498,1,31.6264352916056,90.7589305007121,24.7182672855237,75.2187509865633,19.921274879761,11.7229113640088,18.2489435775997,4.91813598616834,38.4422698118146,25.3261609737861,396.857192834995,137.426650848406,333.023941698419,24.188061578444,11.8260494229471,7.7075564193452,0.467,1,0.805,1,35.0242022277235,109.008573184404,30.8204208231436,92.5930798279572,24.0119563186211,12.3409862564748,22.5435074157304,5.54418825330653,42.7368336499453,25.9522132409243,576.574046247369,152.2999417825,508.20972660309,30.7380233881021,14.1764349040544,8.41450319050691,0.355,1,0.842,1,38.3744612647977,114.862307013459,34.3871174772193,105.798961536445,-2.15682332344533,71.7073579842143,-5.37521417322763,57.7508839175485,21.2472058223604,46.3979040170301,14.7767861532315,37.1886014139566,73.8641813076596,63.1260980907761,25.1506981946697,22.4118152607251,1,1,0,1,3.09934602571166,84.2422226874948,0.366027761187711,64.027398731113,27.7085101715405,54.9128296661288,22.4559885337612,42.688507319691,81.1428766617831,63.6613709699253,27.2043194945883,20.2325187859297,1,1,0,0,-0.217202605438814,76.5062867139251,-8.07402679191883,61.1230255735982,25.6264590355079,51.4038910225314,13.9372930972374,36.9371374431604,76.7234893193639,69.1970523655171,25.7774319870235,22.9998443459229,1,1,0,1,4.55543103917873,80.7391057696437,-9.82149368452438,62.5757141463787,28.4328264952966,56.7596214824635,13.4601469287185,36.98118352065,76.183674730465,72.3972078309031,28.3267949871669,23.5210365919316,1,1,0,1
553,100,1,1,"L'Ecuyer-CMRG","10407_-185322524_-255543922_1024906274_876782041_1978659934_-672665008","10407_329755889_548865228_-817507852_1520718449_-1591721873_-1654484543",953769997,388888402,172592157,586122705,1892475891,509527022,836594498,26.987000000001,2.86100000000079,2.84500000000116,0.900999999998021,0.850000000002183,118.843000000001,1,NA,"3835e552db3f","not-a-git-build","bbd3d4119dab4c61438d29ca56ae93a0","confirmatory",176.189999999999,13.8944961970597,11.4412175523956,-11.0214620539094,7.10341498057695,8.967620649292,27.0811872535504,193.057024570106,130.901459081245,121.472625805764,50.458504386285,8.05770543711065,6.69692822041148,0.534,0.999,0.594,1,23.1080093879507,68.3011237919709,20.6728640097881,62.2897969433825,13.6899114788749,17.1693586195511,-10.003770088054,14.7042179296078,9.98531261514742,34.6819902025812,187.413676299429,294.786875406753,100.075415974643,216.214024921399,7.98575459443234,10.0432803574194,0.609,1,0.347,0.993,24.724911743656,72.0557317880552,21.6680319119743,64.9798871548619,14.463192576401,16.5001722142642,-8.05373259222651,12.8209495969229,11.9353501109749,32.7987218698964,209.183939502062,272.255683100378,64.8626086670916,164.376748566839,8.75987442798635,9.60011119797934,0.693,1,0.485,1,29.7094419903861,91.755605305362,25.8497933570165,82.5173024208806,14.7840963231083,13.4777212656096,-7.43604732589501,8.59673977019214,12.5530353773064,28.5745120431656,218.569504090944,181.648970513465,55.2947998329503,73.9039346764032,9.29703573238735,8.60144384057754,0.743,1,0.736,1,33.3515685938949,107.415175977345,31.8228711683275,99.4286152697314,-18.6938361063946,35.1913557741623,0.643857204425594,50.9227159419855,-0.0591333110162538,17.7067337059386,19.6321478600574,36.0803047751658,53.8851918805569,50.2788587375599,17.7658670169548,16.4481569151084,1,1,0,1,-13.9741674795933,35.9316504768196,8.76935598011442,56.6461260855702,0.762469410686174,19.4430755031112,27.0732351171967,42.5376404880749,49.9058179564129,47.8767701054558,18.6806060924251,15.4644053708782,1,1,0,0,-14.0074159997754,38.3731482774565,10.2838342813346,56.1015067662414,2.50681815562699,20.1989939318443,24.8686308926433,40.5949638049706,52.380564277232,45.8176724849068,17.6921757762173,15.7263329123272,1,1,1,0,-15.7265885394062,46.7960789584796,1.78061825764998,53.68510230028,2.61791853683169,22.1473388659431,19.6780073166083,38.1281641771476,62.5226674978858,51.90448404263,19.5294203291114,18.4501568605393,1,1,1,1
554,100,1,1,"L'Ecuyer-CMRG","10407_1919503579_-1003224394_-1872925920_-1893144364_2081398396_-366941435","10407_-7587361_-1876393069_1839945248_1062037062_-1523871597_1871196910",172592157,586122705,1892475891,509527022,836594498,1270552955,1640661447,27.0680000000029,4.09999999999854,2.53399999999965,0.897000000000844,1.18299999999726,114.716,1,NA,"3835e552db3f","not-a-git-build","bbd3d4119dab4c61438d29ca56ae93a0","confirmatory",171.491999999998,9.62995153591336,15.2439751769628,-5.11042276236943,12.1740619093374,14.6261456262124,32.1625467899065,92.7359665840402,232.378779195857,26.1164208101436,148.207783372379,5.87201607306888,8.8043955992645,0.72,1,0.431,0.986,21.5305204289181,61.5409491214024,20.3323720195364,59.6676854444889,13.3354667837573,18.1523873994835,-10.5380938094195,15.6233831277865,9.19847457916233,35.6118680083556,177.834674340693,329.509168300927,111.051421136125,244.090100357604,7.74121078460086,10.56507302702,0.549,0.999,0.361,1,22.916671018139,66.9834574632465,23.5840730076484,72.5891768362508,12.8979592445664,16.784458236959,-9.52405204486416,12.2422475871973,10.2125163437176,32.2307324677664,166.357352674496,281.718038308222,90.7075673532811,149.872625986238,7.91254272648666,9.72372565429391,0.693,1,0.565,0.999,27.8807596970506,85.466958233399,28.7066296972488,87.3038289819293,12.7593359370866,15.4080539055024,-8.48794902176879,8.34068113286073,11.248619366813,28.3291660134299,162.800653555431,237.408125154866,72.0452785961458,69.566961760059,8.32164754745755,9.66442878590579,0.782,1,0.744,1,32.2763343864729,99.0497437136779,35.7762801697638,110.004341361428,-10.2864195643708,38.1954807051577,7.61324761584744,57.5670682967347,5.18647900358213,23.2294726839048,24.0126899712727,40.6354997707112,48.4819002695285,49.9538206808873,18.0429936803227,16.6228097994385,1,1,1,0,-17.618532688446,34.6603567377034,0.216675734938323,61.9649037102768,-0.537836515942962,18.8638501679035,27.2489964272056,45.6840020929484,52.2788894261495,61.7482279753385,19.4016866838464,18.4350056657428,1,1,0,0,-15.6234239308154,34.4603873402083,5.64338195175175,57.6061583669081,1.32827222342228,18.9203922419499,23.2683176998561,41.191382783357,50.0838112710238,51.9627764151564,17.5921200185276,17.923065083501,1,1,0,0,-13.2043319881335,37.1149619354399,-2.05165237409821,60.6869401600407,1.40989010828118,21.0347553635347,18.3212329665928,39.1423560696735,50.3192939235734,62.7385925341389,19.6248652552535,20.8211231030807,1,1,1,1
555,100,1,1,"L'Ecuyer-CMRG","10407_-161179966_-2051323070_-1446616131_387976792_1219963389_982327501","10407_-391440201_1187726713_1123244688_-92062427_-87178675_-1495801872",1892475891,509527022,836594498,1270552955,1640661447,1502597675,581594706,27.7099999999991,2.95000000000073,2.57200000000012,0.978000000002794,0.835999999999331,114.893,1,NA,"3835e552db3f","not-a-git-build","bbd3d4119dab4c61438d29ca56ae93a0","confirmatory",173.093000000001,11.6061846506704,16.5572981270647,-8.58470429082007,-14.0559977058719,11.3600683594145,6.05687859783585,134.703522145457,274.144121268499,73.6971477608245,197.571071507477,6.74410781586616,9.59861372942973,0.571,1,0.398,1,20.1295521714647,59.5085292805623,22.0383231192954,69.0561199872881,11.2472383734159,15.4393991593408,-8.28997486019961,-12.7029819134951,11.654797790035,7.40989439021268,126.50037102844,238.375046401452,68.7236831827416,161.365749494583,6.66740930270922,8.96988944590348,0.616,1,0.472,1,22.0771151648097,63.5201665583284,23.8379876116755,70.6428800471756,12.1133088110879,15.1549157631185,-9.58658378142804,-11.9853677094259,10.3581888688065,8.12750859428187,146.732250352779,229.671471787219,91.9025885983391,143.649039130149,7.75968803232493,8.96567199104753,0.753,1,0.573,1,29.9711415835086,89.4707492680456,27.7937036271919,83.7527189190612,10.171799836755,16.9396936805344,-6.89796243314935,-12.3424637850584,13.0468102170852,7.7704125186494,103.465511919009,286.953221990337,47.5818857291397,152.336412285478,6.98267323970314,9.96894617026405,0.798,1,0.643,1,28.6142839998813,88.6004626744889,32.98707715134,95.7672081374214,-12.9686980855991,36.0303116574135,-24.9775677272349,36.5969862658981,2.97562564524665,20.2064107025353,-3.91072709682118,15.7606460866785,48.9990097430126,61.5745539931329,17.2307850572887,19.6713731834997,1,1,1,0,-13.1667693455322,37.5345566589137,-19.9691965994175,38.7644905706703,2.51280915841355,20.5216097742533,-3.53533208242052,17.6395608454242,50.7013260044458,58.7336871700878,18.0088006158398,21.1748929278448,1,1,1,0,-19.6219640994084,38.6650146591754,-21.8491896016888,35.5921753155439,-0.567200891787868,21.6227803000714,-1.52099065321829,16.8285294355714,58.2869787585838,57.4413649172328,22.1899811918593,18.3495200887897,1,1,1,0,-13.5932091896789,40.9517110950606,-25.0063906724186,39.74139688392,4.13934914833877,22.7878990419402,-4.06462116646662,17.9903814701807,54.5449202847395,64.7477875563386,18.6485498936014,22.0550026366474,1,1,1,0
556,100,1,1,"L'Ecuyer-CMRG","10407_-67050546_1756261457_195182039_1957630055_1618839732_39538819","10407_-1943308136_1743117631_1420113555_-1018809470_-229998565_232332425",836594498,1270552955,1640661447,1502597675,581594706,1912713472,1773361711,28.1980000000003,2.5109999999986,3.15899999999965,0.879000000000815,0.844999999997526,115.077999999998,1,NA,"3835e552db3f","not-a-git-build","bbd3d4119dab4c61438d29ca56ae93a0","confirmatory",172.478999999999,17.4508504012277,9.40214434618562,-15.1434113179349,3.79454529144579,4.90232428302667,23.8270714537976,304.532179726028,88.4003183065103,229.32290634416,14.3985739688334,10.1553476562419,6.0315035079818,0.422,1,0.772,1,27.0143528857381,74.9792681763179,24.3406165568876,67.6942752859834,19.1349368692601,8.87911839804211,-16.6314882731272,2.1999834183876,3.41424732783439,22.2325095807394,366.145808990568,78.83874352645,276.606402179168,4.83992704118039,11.1576828658019,5.99520298767989,0.364,0.988,0.833,1,25.8134729129655,74.9246513697415,24.8383380787606,73.2861168222502,24.4147164324619,9.90512288356813,-19.6220641468722,3.21608130759354,0.423671454089417,23.2486074699454,596.078378477527,98.1114593385851,385.025401383967,10.3431789770526,14.0795509369946,6.96231877949285,0.467,0.994,0.865,1,35.2511468520476,102.642015412629,29.6004718802613,88.2749291252708,27.5601581624142,10.4863483031391,-23.0090399232221,4.50555872782957,-2.96330432226051,24.5380848901814,759.562317937286,109.963500734748,529.415918188429,20.3000594499212,16.0476394733631,7.74862424646011,0.406,0.985,0.881,1,36.9685086172899,110.501698570259,33.3337882750496,103.317662318267,-25.4831332440352,35.1713576082531,-6.93089438398244,51.9854261214687,-6.02734667890845,16.4707864564626,13.4437492435098,34.4483078666087,60.6544908522882,58.9163205054511,22.4981331353711,21.0045586230989,1,1,0,1,-22.3787251774208,29.626817015073,-8.49795335951729,51.0186611602861,-6.77658276032137,14.0466683965341,11.9712932074636,32.7081810472863,52.0055421924938,59.5166145198034,20.8232511568555,20.7368878398227,1,1,0,1,-26.5290820836591,26.1737282662808,-4.73375690341291,52.2271368899113,-9.33932563923757,9.44237835094481,12.4025477025404,33.4098028447386,52.70281034994,56.9608937933243,18.7817039901824,21.0072551421982,1,1,0,1,-30.8497981291572,26.2948734012698,-7.49253168705065,58.2737833870254,-12.6028155049004,6.09763660841276,13.9571223260166,35.7669275987864,57.144671530427,65.7663150740761,18.7004521133131,21.8098052727698,1,1,0,1
557,100,1,1,"L'Ecuyer-CMRG","10407_785175469_-179088790_283216594_-266223059_123324391_1857990735","10407_-1061351449_-2021045448_1097592314_-500968395_-1545331162_-363996507",1640661447,1502597675,581594706,1912713472,1773361711,848222698,971868070,27.1540000000023,3.56399999999849,2.53700000000026,0.895000000000437,0.833999999998923,118.347000000002,1,NA,"3835e552db3f","not-a-git-build","bbd3d4119dab4c61438d29ca56ae93a0","confirmatory",175.046000000002,11.3442392677119,12.3643199758965,-7.86095849161736,8.77956326454147,12.2756764312065,28.9501769512371,128.691764563097,152.876408466354,61.7946684069311,77.0807311160861,6.80365446348301,7.26122251763801,0.641,1,0.615,1,22.70632436513,68.0264225464397,23.9642053437646,63.1674969804206,8.21581323391023,20.9145988983032,1.37841575849241,19.0086853058204,21.5150506813163,39.179298992516,67.4995870944944,437.420447076906,1.90003000326019,361.330117055713,5.93211285528201,12.6822653596624,0.883,1,0.226,0.965,25.2992010860903,77.8901655988942,22.5817069113916,64.1324393592822,11.9144540221936,15.2408189628841,-5.91440838604283,11.9384281513907,14.2222265367811,32.1090418380863,141.954214646966,232.282562659407,34.9802265568938,142.526066725917,7.86533955922938,8.93791320110869,0.801,1,0.556,1,31.6321772015818,94.6854354568726,27.3283056283677,81.585634888897,15.3086483314532,15.3093799720982,-7.30803427398541,11.2514788399449,12.8286006488385,31.4220925266405,234.354713736104,234.37711513008,53.4073649497454,126.595776085728,9.74878238442236,9.4205507547824,0.729,1,0.691,1,36.3583733626027,111.814427327156,33.9677292352016,100.380164555244,-14.8571725865561,39.5920101940229,1.41005440842504,55.0175739021548,3.06590120050776,22.7012566468519,18.4180475509573,39.715293185217,54.4491827805791,53.6075194937297,19.6353554463442,21.2972456342598,1,1,1,1,-13.9817179021361,52.2968063825871,12.6592575874039,62.1470264287953,11.8246088434815,32.0271742498727,30.1871964621224,48.4316112360429,66.2785242847232,49.4877688413913,20.2025654063912,18.2444147739206,1,1,1,0,-13.9876510023437,44.2265284372359,6.11675951658142,58.7067206810083,3.9104495273967,24.5195342768688,22.987025698513,40.8206648678613,58.2141794395796,52.5899611644269,20.6090847494721,17.8336391693483,1,1,1,0,-18.7496900893569,44.1643214468478,1.48961774178173,63.5730682672458,2.02853108853837,23.9926062421314,21.0983228549195,41.2800320167831,62.9140115362047,62.0834505254641,21.9640751535931,20.1817091618636,1,1,1,0
558,100,1,1,"L'Ecuyer-CMRG","10407_900931420_1215419082_-1914415510_425512883_1833687064_-1134256439","10407_225256477_997900376_1325792175_-216226401_1266676213_422805846",581594706,1912713472,1773361711,848222698,971868070,1075031091,491728588,26.987000000001,2.59900000000198,2.54200000000128,1.27499999999782,0.825000000000728,115.208000000002,1,NA,"3835e552db3f","not-a-git-build","bbd3d4119dab4c61438d29ca56ae93a0","confirmatory",171.653000000002,23.7309578936435,8.66940519162498,22.4051279687814,0.912717351341811,42.2072172554456,20.712345441216,563.15836254988,75.1585863765742,501.98975929747,0.833052963440412,14.9177584907537,5.6802692565828,0.079,0.895,0.806,1,22.5130511621803,67.8704029932747,22.8619927019005,67.3576193768757,28.1319513309133,11.3250319313017,26.7252903979053,6.85769255114002,46.5273796845695,26.6573206410142,791.406685684874,128.256348245003,714.24114685237,47.0279471259613,18.2417384615149,6.62336626223133,0.06,0.769,0.609,1,24.3976326359653,70.8929185635986,21.1197953040215,60.9827232916442,25.8361011315554,9.71768029499914,23.686936274102,3.58769545390096,43.4890255607662,23.3873235437752,667.504121679958,94.4333103158146,561.070950053371,12.8715586699416,15.5821764433211,6.27025557051265,0.192,0.961,0.748,1,28.7854988847058,85.1892302008949,23.5063045844262,73.7205834533234,29.136484051509,9.94190790946497,25.5872572473893,2.97820760130528,45.3893465340535,22.7778356911795,848.934702883837,98.8415328802822,654.707733444078,8.86972051647254,17.7089704151155,7.42101816015829,0.342,0.923,0.905,1,33.5614186067552,100.459140140174,32.9187705531916,99.8735994063491,17.4373858072272,69.4323059412911,-9.86610994799231,48.055921474255,32.747109766392,50.3248718887924,11.8162220428499,30.3685282171108,51.9949201340639,57.9220314222474,17.5777621224005,18.5523061742609,1,1,0,1,21.2806173909014,74.0883873363787,2.53792318151093,50.5833338453911,36.5639603132598,55.3141519877924,18.1861381856328,34.936892224601,52.8077699454773,48.0454106638802,18.7501916745326,16.7507540389682,0,1,0,1,16.547343498505,70.158449933446,0.894205053120449,47.5931263285877,34.4782032077746,52.6317523720637,15.3791990901321,31.3195831204424,53.611106434941,46.6989212754672,18.1535491642891,15.9403840303103,1,1,0,1,18.6017025684961,72.8644741223815,-6.02821441668058,50.7313563917106,36.2812054980234,54.8958637575381,13.2796390112915,33.042037234269,54.2627715538854,56.7595708083912,18.6146582595148,19.7623982229775,1,1,0,1
559,100,1,1,"L'Ecuyer-CMRG","10407_-1103772413_1612383040_1150403029_-56828418_940745183_831057021","10407_1669769154_564627746_1989920144_1895268916_-1042338373_712093865",1773361711,848222698,971868070,1075031091,491728588,2067881034,2121772954,28.6039999999994,3.73499999999694,2.54899999999907,0.88300000000163,0.820999999999913,114.048999999999,1,NA,"3835e552db3f","not-a-git-build","bbd3d4119dab4c61438d29ca56ae93a0","confirmatory",171.970999999998,10.7093162558102,13.9898162907077,-7.01947855384362,10.4805545806623,12.7643020144698,30.1712729607143,114.68945466696,195.714959847749,49.2730791678705,109.842024318241,6.42561142930059,8.11006193892651,0.682,1,0.513,1,22.2211636141353,64.6172129147309,23.2653589349151,65.7413831841199,9.94819210478995,16.6541626562179,-5.92213562897251,13.5680301971877,13.8616449393409,33.2587485772397,98.9665261538051,277.361133779762,35.0716904079456,184.091443431798,6.30785318659143,9.6445019992084,0.751,1,0.412,0.992,23.765174418369,72.2866503278044,23.1191873155156,71.3223787195656,12.2607698215805,16.3790795331917,-6.58916622256536,10.7496718978684,13.194614345748,30.4403902779204,150.326476617779,268.274246354619,43.4171115085963,115.555445911821,7.62388629479651,9.56355344849643,0.725,1,0.577,0.992,27.2009180256722,83.9701180358813,29.1621087243406,87.0313632862185,15.9150218545502,19.4041742834529,-4.02868404192396,11.3068002499161,15.7550965263894,30.9975186299681,253.287920630812,376.521979622616,16.2302951096528,127.843731891502,9.66736584212418,11.4362910695431,0.735,1,0.543,0.989,34.2180679938878,104.251839381764,32.4577533041028,98.0993593853757,-10.5098141688227,35.7175759891864,3.85974800576172,57.8049070738813,4.10979419577859,21.4767240580011,20.3085511973678,40.0272629492252,46.2273901580091,53.9451590681196,17.3669298622225,19.7187117518574,1,1,1,0,-12.742785908756,44.6079563530829,6.09463267682679,61.0267356206942,4.16060911679549,23.1727916371807,24.947499178959,41.584229078302,57.350742261839,54.9321029438674,19.0121825203852,16.636729899343,1,1,1,0,-12.7775284941964,36.8983130915024,5.94462215146066,53.8942945488986,4.99348482709527,21.7593209466739,22.2114769007019,39.4854152111593,49.6758415856988,47.949672397438,16.7658361195787,17.2739383104575,1,1,1,0,-12.2548887874577,44.5275305146738,6.44373019414505,55.7419693335846,5.79292035159558,25.4435450518882,22.5113024735397,39.2784801717716,56.7824193021315,49.2982391394396,19.6506247002926,16.7671776982319,1,1,1,0
560,100,1,1,"L'Ecuyer-CMRG","10407_-1667535834_1104302614_500745626_-848806139_-507036128_575716790","10407_-1963033003_-502736890_967680645_-410761582_-558238705_467033826",971868070,1075031091,491728588,2067881034,2121772954,939766696,393732443,28.5819999999985,3.48099999999977,2.54500000000189,0.85899999999674,1.39099999999962,113.422999999999,1,NA,"3835e552db3f","not-a-git-build","bbd3d4119dab4c61438d29ca56ae93a0","confirmatory",170.541999999998,27.4655721691676,11.0545848574344,-26.473967978988,6.2134340372927,-6.41404017233748,26.4491677162675,754.357654579755,122.203846370218,700.870980552482,38.6067625357875,17.9407777121198,6.70093550581887,0.023,0.884,0.688,1,24.272153751177,69.194176363676,23.967936199088,68.496812126768,29.2272321969317,12.3105682975305,-28.2011468582431,7.67375004696084,-8.14121905159258,27.9094837259357,854.231101893359,151.550091808163,795.304684120195,58.8864397832315,19.4336524386387,7.34957440773435,0.006,0.806,0.672,1,22.3160713377838,70.0698993080023,25.1035419510842,72.5612385469542,27.7583773838902,12.8896654595859,-26.8693906753489,7.28271305502189,-6.80946286869833,27.5184467339967,770.527514986466,166.143475660043,721.964155264524,53.0379094417862,17.8413894062468,7.91928661341725,0.011,0.981,0.705,1,23.6378928196523,76.5665316650335,28.4714010469284,84.3885530445715,28.646878443995,13.2812221060852,-27.4331612352306,8.02731531911047,-7.3732334285801,28.2630489980853,820.643644585027,176.390860631167,752.57833535816,64.4377912324256,17.9524755856704,8.23603801572066,0.045,0.981,0.692,1,26.6680031070447,84.8275180981237,28.5697616425445,89.7834059432762,-34.1439396218252,22.3205396899065,-1.7921206499942,55.5513261573521,-16.8977799260102,3.2226304518591,15.7044649252223,36.7252751759708,56.4644793117316,57.3434468073463,20.1204103778693,21.0208102507485,1,1,0,1,-36.6060382411609,17.0588517257103,-0.335269719411631,57.123738418684,-16.397814984806,0.971032735862218,17.6969534239061,37.6691515721192,53.6648899668712,57.4590081380956,17.3688477206682,19.9721981482131,0,1,0,1,-34.6672663584536,19.0140199552264,-2.07778277429302,56.0575344090778,-15.7531921265048,2.24383426589286,17.8908312115112,37.5583770541781,53.68128631368,58.1353171833708,17.9970263923977,19.6675458426669,0,1,0,1,-32.6404578894046,18.0224658446932,0.620010671254681,57.9034247247759,-15.7617106579426,1.20370687684919,18.4039003459385,38.0749959848104,50.6629237340978,57.2834140535212,16.9654175347918,19.6710956388719,0,1,0,1
561,100,1,1,"L'Ecuyer-CMRG","10407_-605339669_910482844_3118548_-1340078208_-811410580_123410905","10407_1980007760_-694670832_-1559850094_-876956750_593004743_2046061877",491728588,2067881034,2121772954,939766696,393732443,1898259916,1124251366,28.7599999999984,2.53499999999985,3.10499999999956,0.907999999999447,0.854999999999563,116.754999999997,1,NA,"3835e552db3f","not-a-git-build","bbd3d4119dab4c61438d29ca56ae93a0","confirmatory",174.23,9.75584181241423,13.6282104815506,4.21872362409142,10.2464732699408,24.2713764423893,30.5245907233289,95.1764494688497,185.728120929447,17.7976290164671,104.990214471612,6.09500477792392,7.87910721076419,0.752,1,0.545,1,23.6145207910948,65.8145065648959,22.3887245398222,66.254410033644,10.6830192934919,18.3841661619282,5.80764409564659,15.9968902619662,25.8602969139445,36.2750077153542,114.12690122512,337.977565469385,33.7287299416987,255.900498053388,6.46310779359954,10.7199425174637,0.703,1,0.399,0.995,22.3999680359911,66.6837208865268,25.6057560549078,73.4346077674334,11.5051377308894,15.013658912085,3.92449032300267,10.9877908748759,23.9771431413006,31.2659083282639,132.368194206736,225.40995392843,15.4016242953416,120.731548310006,7.50918943933957,9.09317575198131,0.81,1,0.66,1,30.2787659998711,87.4930340098539,30.9045263810162,94.2135238353065,20.1884467141665,17.1420044683275,12.7234583282084,12.6952963654819,32.7761111465064,32.9734138188699,407.573380730742,293.848317192161,161.886391829657,161.170549807418,11.8963112454916,10.7557575650874,0.601,1,0.7,1,37.4427491515076,111.41025304413,38.2914078460976,120.676064231116,-1.43231486289236,48.6969323189897,4.33355216349646,57.3144626179088,14.1957775388102,34.7763649004386,21.5114807453954,39.6650163266562,50.1292471818821,52.9809104544124,20.5805873616285,18.1535355812607,1,1,1,0,0.333917134690777,50.492866937678,5.15615384180775,67.4910911090445,17.7763303267286,34.2250653099298,25.6306209739129,46.7648189744248,50.1589498029872,62.3349372672367,16.4487349832012,21.1341980005119,1,1,1,0,-3.48535009058099,53.334622618142,1.2779509716895,61.8385359193653,13.6496282681616,33.2302814241995,21.697765222292,41.9896221080143,56.8199727087229,60.5605849476757,19.5806531560379,20.2918568857223,1,1,1,0,2.69826906403345,61.7310102126831,-1.71823934553544,67.2889157950896,22.4234801616876,43.4765450034924,20.298441979063,45.0271227885366,59.0327411486496,69.0071551406251,21.0530648418048,24.7286808094736,1,1,0,0
562,100,1,1,"L'Ecuyer-CMRG","10407_-969152464_-913446847_-436610306_182629840_-1109875911_-1408363087","10407_-555683023_-1467300773_1840001187_1487726136_1546051763_-1174509572",2121772954,939766696,393732443,1898259916,1124251366,1290852854,2015407090,28.244999999999,2.5470000000023,3.58599999999933,0.879999999997381,0.845000000001164,118.247000000003,1,NA,"3835e552db3f","not-a-git-build","bbd3d4119dab4c61438d29ca56ae93a0","confirmatory",175.088,8.75160277040398,9.79223744423083,-4.00737386606122,-4.24980490530926,15.7163983854481,15.3367840710764,76.5905510509426,95.8879141641964,16.0590453023905,18.0608417331906,5.44809518094588,5.79313046707138,0.747,1,0.639,1,19.8318367715686,60.7060102675199,18.3761550608464,56.6817576642866,8.62072773807415,8.81460433427379,-3.62399650781967,0.51702606336881,16.0997757436896,20.1036150397545,74.3169467340011,77.6972495697984,13.1333506886892,0.267315950202649,5.67314505257976,5.5606019615679,0.804,1,0.713,1,22.9086309953004,67.805840222922,21.2552674567223,61.6852636099902,10.1706228770926,9.02393461976302,-4.0328628875149,-1.96192668095691,15.6909093639944,17.6246622954287,103.44156970804,81.4313960217576,16.263983069495,3.8491563014506,6.58842426867508,6.13754311429024,0.792,1,0.824,1,25.8571965631079,77.2984689250351,25.3640725668488,75.9222077070467,9.39881180872526,9.56998540451346,-3.82381845267258,-3.22935152821288,15.8999537988367,16.3572374481728,88.3376634158333,91.5846206426006,14.6215875589993,10.4287112927708,6.71982149971354,6.77264116376298,0.871,1,0.857,1,28.4733681566103,88.019952912223,28.5967107960303,87.7377713539126,-11.8502615811178,39.0981043715979,-8.5216925298839,38.1577167069036,7.99855718965071,23.7908479509518,7.40342480793624,23.373171951847,50.9483659527157,46.6794092367875,15.7922907613011,15.9697471439107,1,1,1,1,-9.66958175245238,44.4084614728695,-5.2426656597986,44.8867299272329,6.28657265932834,25.3677241953805,11.9685364804246,28.491988899333,54.0780432253219,50.1293955870315,19.0811515360521,16.5234524189085,1,1,1,1,-13.6386566239232,40.3653152493257,-8.38778454243046,43.7541938786972,6.80561475482546,24.8182076473419,8.79709955941485,26.0531688604745,54.0039718732489,52.1419784211276,18.0125928925165,17.2560693010597,1,1,1,1,-7.09626296594692,40.666190391974,-10.2960494376231,44.1435846045166,6.45871735183629,24.8330825812017,6.35298650178021,26.0219321359325,47.7624533579209,54.4396340421397,18.3743652293654,19.6689456341523,1,1,1,1
563,100,1,1,"L'Ecuyer-CMRG","10407_955190928_1980637517_609895974_-484371534_523904011_-1372975987","10407_837879349_906254196_-720908198_512370915_84797121_-503721607",393732443,1898259916,1124251366,1290852854,2015407090,901748902,924406856,29.8610000000008,2.55600000000049,2.58299999999872,1.43600000000151,0.828000000001339,113.291000000001,1,NA,"3835e552db3f","not-a-git-build","bbd3d4119dab4c61438d29ca56ae93a0","confirmatory",172.106,8.41353011598651,13.8956932373473,0.957196691078437,-11.0695674617258,20.6479300639717,8.67310588683885,70.787489012612,193.090290546461,0.916225505411508,122.535323789699,5.40878109506939,8.0506762577241,0.787,1,0.549,1,21.7328960345948,62.3816510621384,23.2163186829649,65.6038887461628,10.9423464421594,16.0261549593846,7.32052496913925,-13.4323091390692,27.0112583420326,6.31036420949542,119.734945660238,256.837642782206,53.5900858237912,180.426928807523,6.66688465413609,9.30383835406879,0.729,1,0.463,1,24.8225523288414,68.0393516275706,25.1499458384499,73.0992638308176,9.63188351111904,15.2447971556001,4.45219569227616,-12.1618691311767,24.1429290651695,7.58080421738797,92.7731799717668,232.403840315394,19.8220464823224,147.911060763869,6.40504553305245,8.96625647290885,0.802,1,0.568,1,25.4786393282975,78.0723874988788,27.9724389328533,82.7068392904999,8.41697309309021,18.7249172816228,3.44944419950477,-16.4195985008066,23.1401775723981,3.32307484775802,70.8454360498045,350.622527203616,11.8986652854971,269.603214927692,6.21425552402823,10.8451302804635,0.873,1,0.357,1,26.9072288621988,81.2046698253744,26.7855771426088,85.0434489879216,-4.28723313501248,46.3677370719971,-19.1537842348515,36.8991737574847,11.040647468025,29.9843530461562,-1.17032590084052,18.6550923434604,50.6549702070096,56.0529579923362,18.9437055781311,19.825418244301,1,1,1,0,0.0609220268544865,56.8022363438677,-24.9348166062086,38.4896669424268,16.1448293014469,37.34679437751,-5.03529593035465,17.4353912091953,56.7413143170133,63.4244835486354,21.2019650760631,22.4706871395499,1,1,1,0,-2.46242671755228,50.1794821848168,-22.5261256757897,37.688608400867,14.582423789833,33.2523865383025,-2.36498056491589,17.9678900963307,52.641908902369,60.2147340766567,18.6699627484695,20.3328706612466,1,1,1,0,-2.39731857144319,54.5167522809199,-25.5808100225106,33.6508861864355,12.6913005381526,32.9709168936095,-7.54501145566499,12.7671017169155,56.9140708523631,59.2316962089461,20.2796163554569,20.3121131725804,1,1,1,0
564,100,1,1,"L'Ecuyer-CMRG","10407_1932638277_-1150746728_753539042_-814023993_884868671_2073874702","10407_-1827225727_-347849337_-1864398235_1665610938_1384668166_270448253",1124251366,1290852854,2015407090,901748902,924406856,385039012,259124743,29.1620000000003,2.53900000000067,3.39700000000084,0.867999999998574,0.838999999999942,114.526000000002,1,NA,"3835e552db3f","not-a-git-build","bbd3d4119dab4c61438d29ca56ae93a0","confirmatory",172.065999999999,7.35909916771767,12.9226811485326,2.09112366214623,-8.44846133301007,21.7782204821627,11.180540276145,54.1563405603029,166.99568806664,4.37279817038788,71.3764988953663,5.28154151782822,7.48980875564851,0.897,1,0.613,0.996,23.4135412836499,68.2772286009578,22.7422712745837,66.7709691704141,8.30518678712837,9.7199965214525,4.64880941200609,-1.21764926076205,24.3359062320225,18.411352348393,68.9761275690917,94.4783323770487,21.6114289491564,1.48266972223437,5.74454233873705,6.2401158076666,0.823,1,0.786,1,23.8230988041362,71.7844790619232,24.2856241407096,72.3136202815145,6.40528783941694,15.5755222200392,1.3772170207182,-4.04225799126389,21.0643138407346,15.5867436178912,41.0277123057825,242.596892426935,1.89672672215591,16.3398496679368,5.98093373728597,9.43184713008262,0.993,1,0.709,1,30.2297747604356,87.6679843935744,32.6685830555837,99.0504232580547,7.42889725612022,19.0978457754665,4.0983468106994,-4.96761940818651,23.7854436307158,14.6613822009685,55.1885144419906,364.727713263506,16.7964465807699,24.6772425845913,7.34838262799802,11.2946879140128,0.995,1,0.673,0.999,36.8961224812234,110.44506444653,38.78267119522,111.774730267234,-5.88634268409122,50.5179416073712,-14.7962245025345,37.8357344862554,11.7243873527734,31.9988769442974,1.4822178750297,20.9402318814006,56.4042842914624,52.6319589887899,20.274489591524,19.4580140063709,1,1,1,1,-6.20455427775001,53.1406866524771,-8.28933866329876,48.4395145885137,14.8614593231613,34.7655276911875,8.57594192968184,27.5027623730686,59.3452409302271,56.7288532518125,19.9040683680262,18.9268204433867,1,1,1,1,-8.28989061661869,50.8518360675948,-10.0417064455964,45.814763902351,10.4723838943416,32.2756014603818,5.55176569049872,24.0841268043307,59.1417266842135,55.8564703479474,21.8032175660401,18.532361113832,1,1,1,1,-6.68033630444912,56.1858922911476,-13.8257420601123,44.1428606044861,13.0826434860404,34.4157846758829,4.04381759415735,25.7971857259508,62.8662285955967,57.9686026645984,21.3331411898425,21.7533681317935,1,1,1,1
565,100,1,1,"L'Ecuyer-CMRG","10407_1813861638_194430309_701951623_1865092225_520398472_-1941394713","10407_-1637457786_-609367216_20109807_-586826827_-1496240007_1834169409",2015407090,901748902,924406856,385039012,259124743,1864563937,2125236138,29.3470000000016,3.40399999999863,2.66200000000026,0.914000000000669,1.6239999999998,114.629999999997,1,NA,"3835e552db3f","not-a-git-build","bbd3d4119dab4c61438d29ca56ae93a0","confirmatory",174.448,16.7498593380509,32.8150782921417,14.955991156431,31.4963606891125,34.7628964714083,51.3207675091678,280.55778784449,1076.82936331939,223.681671471242,992.020736658672,9.84805225400626,22.8998995965763,0.302,0.988,0,0.495,21.2216623945335,64.2722431880087,22.2160535761596,65.186008260253,23.3667683906136,39.9521869570532,22.0574785290153,38.8152851584521,41.8643838439927,58.6396919785073,546.005865020577,1596.17724265133,486.532359057972,1506.62636193195,14.15492203315,28.9899437404356,0.147,0.993,0,0.388,27.1332484389223,79.8384273561382,23.3150129732779,71.5427081092579,22.1880753657361,36.3177230204214,20.7356160503353,34.9697635323445,40.5425213653127,54.7941703523998,492.310688435586,1318.97700538805,429.965772986924,1222.88436150809,13.1506966145231,23.855476454772,0.203,0.999,0.018,0.811,26.8689979361201,83.0857884564096,30.6054970657047,90.7234424634239,18.0135125792059,34.42095695855,16.1581461184921,32.6403215280834,35.9650514334695,52.4647283481387,324.486635441209,1184.80227794235,261.085685986542,1065.39058945667,10.6078281360467,21.6749062995629,0.448,1,0.06,0.923,30.0625422675595,92.0036938793528,31.6768033697889,97.3627631066391,10.339172442351,60.8442727817533,25.2716758391481,79.5321886395522,25.3544789564356,43.602872172648,41.7508843240332,60.6170834834649,50.5051003394022,54.2605128004041,18.2483932162123,18.8661991594317,1,0,0,0,5.87862170411624,73.4509400831641,29.6345953885695,87.4646416646325,30.884386557735,54.210148277343,49.3888514386777,67.5680426453942,67.5723183790479,57.830046276063,23.325761719608,18.1791912067165,1,0,0,0,12.224540331399,67.9689426602407,24.8424480769752,88.2793063756162,30.8674334073201,49.9964108265779,44.0747093853763,64.7205205566885,55.7444023288418,63.4368582986411,19.1289774192578,20.6458111713122,1,0,0,0,3.75328264001041,63.6109713073657,23.2612620485619,82.9584368339592,26.3673023415474,46.3795498441768,42.2562963508872,62.3962942624913,59.8576886673553,59.6971747853973,20.0122475026294,20.1399979116041,1,0,0,0
566,100,1,1,"L'Ecuyer-CMRG","10407_598111709_1158786159_-2089564144_964552875_1319418102_-351200842","10407_2001631479_210826945_-114603752_-161671324_-2027988382_-800012039",924406856,385039012,259124743,1864563937,2125236138,915273749,1400425203,30.5190000000002,2.58199999999852,2.58499999999913,1.17599999999948,0.849000000001979,116.053,1,NA,"3835e552db3f","not-a-git-build","bbd3d4119dab4c61438d29ca56ae93a0","confirmatory",177.077000000001,7.28776239515694,14.7271703153707,1.18103033519498,-11.8765955464744,21.353470803875,8.34371889301781,53.1114807282636,216.889545497936,1.39483265265076,141.053521774535,5.27462965862214,8.54293864171999,0.869,1,0.452,0.998,22.6541063627966,69.43330922624,21.3199931690779,66.9931465252978,7.32801144380519,13.365308322508,1.77621675831574,-10.3065425918398,21.9486572269958,9.91377184765233,53.6997517205398,178.631466555703,3.15494597252168,106.224820197409,5.90018666159282,7.78930927619355,0.947,1,0.527,1,28.134003154796,82.6746206361435,23.4419617756878,68.7372558556829,7.00600247596061,15.1121500774926,0.327059167956872,-12.4736617939759,20.4994996366369,7.74665264551623,49.0840706931662,228.377079964659,0.106967699344641,155.592238550495,6.14826142156181,8.99230521101201,0.974,1,0.541,1,29.160765664275,90.3482153979811,27.503175084292,83.9308234589052,8.88809459553608,14.1721583217258,0.72728519038866,-10.3746036828507,20.8997256590687,9.84571075664149,78.9982255391977,200.850071496063,0.528943748158669,107.632401576219,7.27192061242091,8.5783831368139,0.944,1,0.622,1,33.2748455915106,103.295378110708,28.1958800800109,86.8948944737386,-6.24223302485742,51.9833611697469,-23.3566030133223,36.7476555676472,12.073902194724,29.4348187932387,-0.265992376985244,17.1738393573086,58.2255941946044,60.1042585809695,17.3609165985147,17.4398317342938,1,1,1,0,-15.4496881342596,51.5029367008157,-17.8888501322156,38.8708653544089,10.4699052758092,34.8206340998244,-0.332929632861149,19.777496043098,66.9526248350752,56.7597154866244,24.3507288240151,20.1104256759592,1,1,1,0,-7.39623929427638,51.2713442034052,-21.0528688950951,38.5287871382665,10.8567966246251,30.4295010956347,-2.60608064594552,17.513684058093,58.6675834976816,59.5816560333616,19.5727044710096,20.1197647040385,1,1,1,0,-5.81325406352522,51.1294385844961,-17.1590353891509,36.1445547990399,9.84720613442131,31.3949461551605,1.91006300626124,18.907489095188,56.9426926480213,53.3035901881908,21.5477400207392,16.9974260889268,1,1,1,0
567,100,1,1,"L'Ecuyer-CMRG","10407_-622462088_-1431594146_280057864_-554659121_-19638021_1655845670","10407_984397485_1901640940_-549777504_-1958636529_1379499620_1067335545",259124743,1864563937,2125236138,915273749,1400425203,1775252809,2102161983,28.3760000000002,3.33500000000276,2.72699999999895,0.898999999997613,0.833999999998923,114.976999999999,1,NA,"3835e552db3f","not-a-git-build","bbd3d4119dab4c61438d29ca56ae93a0","confirmatory",174.623,8.7866611975752,11.9913535652489,-4.61135317370572,6.94413696464509,15.4813031148493,27.008604175971,77.2054150009737,143.792560326807,21.2645780926458,48.2210381837503,5.73866404332879,6.98076296401367,0.802,1,0.599,0.998,23.5688408622964,68.1837479668709,20.8468894954883,62.6409590716202,10.8049549122766,16.0585788850696,-7.45136320938568,13.0965515250648,12.6412930791693,33.1610187363907,116.74705065633,257.877955808005,55.5228136781864,171.519661848676,6.64338012940463,9.28821435642628,0.699,1,0.425,0.986,24.301274438256,70.6057826216495,21.380607250743,62.1788377075795,10.4560209657789,12.9472951418579,-6.27305986129625,7.22415289646769,13.8195964272588,27.2886201077936,109.328374436808,167.632451490376,39.3512800234062,52.1883850715426,6.93082881923155,7.75053069497442,0.783,1,0.649,1,27.2970221981558,83.5723573060271,25.4661898210683,78.0641098082952,9.05319118782404,11.4766462674613,-5.6547428225064,2.63555240910955,14.4379134660486,22.7000196204355,81.9602706832949,131.713409548434,31.9761163886876,6.94613650116315,7.06313784832827,7.53280915848567,0.936,1,0.757,1,32.3928231460255,97.9627658780833,28.4147984550053,91.7211968730436,-10.8129676631067,42.760280371957,2.2647451248295,52.3317672341787,5.91056203127995,24.6821512606426,18.8288307779842,35.909998782858,53.5732480350637,50.0670221093492,18.7715892293626,17.0811680048738,1,1,1,1,-13.2063097662172,39.8915720337019,7.60279023788016,60.7228499368535,1.5500168389229,23.5745637922176,24.141556395467,40.9665490201204,53.0978817999191,53.1200596989734,22.0245469532947,16.8249926246534,1,1,1,0,-13.2959695143588,43.0452191900332,2.59949727012919,53.8693724676658,4.64128520023754,23.1587796108024,18.7571321145283,36.1547352227939,56.341188704392,51.2698751975366,18.5174944105649,17.3976031082656,1,1,1,1,-17.7906600397033,47.8478498374456,-2.48843166539067,50.5187153142649,3.90713619129347,25.0316091006199,13.0874663781951,31.9058738281687,65.6385098771488,53.0071469796555,21.1244729093264,18.8184074499736,1,1,1,1
568,100,1,1,"L'Ecuyer-CMRG","10407_-1358919853_-2041419810_-503853325_155031729_1056170677_1772942680","10407_-1205427624_-2101302005_-1970331425_-1449867775_-2146681004_14444464",2125236138,915273749,1400425203,1775252809,2102161983,1197059382,2095536699,29.8060000000005,2.71800000000076,2.49300000000221,0.878999999997177,0.824000000000524,114.159,1,NA,"3835e552db3f","not-a-git-build","bbd3d4119dab4c61438d29ca56ae93a0","confirmatory",175.927,12.4885696260044,8.21695215817075,-9.62785917998483,0.84451503157781,10.5730828122068,21.1102973436936,155.96437130356,67.518302769667,92.6956723896182,0.713205638560869,7.3044026243027,5.16502825788604,0.543,1,0.715,1,21.7728376875237,65.2015586009059,19.7009783714121,56.9454008468018,8.55858067398811,8.96480748048335,-2.5482875728334,3.49132313299084,17.6526544193582,23.7571054451067,73.2493031531628,80.3677731621303,6.49376955385715,12.189337218957,5.78083018384628,5.70261817039597,0.852,1,0.764,1,25.6531360159161,69.0687273031205,21.946266774623,65.4605097302748,11.4803337562371,8.32378536704094,-6.51283581658872,3.58882101247438,13.6881061756029,23.8546033245902,131.798063154596,69.2854028365648,42.4170303738409,12.8796362595776,7.46270659357147,5.9882017519741,0.776,1,0.888,1,28.972538859036,87.4538567965795,25.9082310773932,78.4450496958829,12.7197949935311,11.1555101951063,-6.51526323595479,4.10521609477713,13.6856787562368,24.370998406893,161.793184677458,124.445407713122,42.4486550337841,16.8527991848172,8.70210310087942,7.79312111647684,0.824,1,0.849,1,35.5849509789443,108.05214832658,32.8995133974658,99.5724035086094,-16.2732116406241,36.931947279472,-0.918831754928497,46.5985646279524,1.39570542394457,19.6033214024669,13.3934466356668,28.1055098194711,53.2051589200962,47.5173963828809,18.2076159785223,14.7120631838043,1,1,0,1,-8.97400620302866,45.3271837607296,-1.02800433337839,51.9150595043101,6.77773919152184,29.2638268115542,15.0790895625126,31.6901944967449,54.3011899637583,52.9430638376885,22.4860876200324,16.6111049342324,1,1,1,1,-13.5139713838191,40.6353039125401,1.80531769411866,47.7440063555313,5.04755496402373,23.4535741832246,16.9463619793015,30.6487791957809,54.1492752963592,45.9386886614126,18.4060192192009,13.7024172164794,1,1,1,1,-16.6249256872614,46.0560878809159,-2.74566553268831,51.0454522749815,2.92667888233587,23.1726863023113,15.7975962790518,33.4131120780248,62.6810135681773,53.7911178076698,20.2460074199754,17.615515798973,1,1,1,1
569,100,1,1,"L'Ecuyer-CMRG","10407_186788883_-1460680587_-1137687524_263137580_-837908930_-1634123757","10407_-724842124_1342773066_2070383659_1429471001_1045716891_2117448439",1400425203,1775252809,2102161983,1197059382,2095536699,182760739,1402760390,26.4030000000021,2.81499999999869,2.8279999999977,1.01900000000023,0.837999999999738,111.969000000001,1,NA,"3835e552db3f","not-a-git-build","bbd3d4119dab4c61438d29ca56ae93a0","confirmatory",168.097000000002,24.6686220218759,8.79787264777808,23.2702887703657,-1.51426170841955,43.2001562479719,18.4203125148975,608.540912458179,77.4025631265218,541.50633945621,2.29298852158568,15.7407895585372,5.44511685882362,0.056,0.794,0.694,1,22.0277468495268,64.220116923118,20.2867955297043,57.6469532468351,31.5428149645827,9.99777981205863,30.4962337619975,4.44954417076733,50.4261012396037,24.3841183940844,994.949175889904,99.9556011704072,930.020273666397,19.7984433276095,22.072607005505,6.04664878560686,0.002,0.572,0.684,1,20.7323117586871,63.608108812234,21.4310232096209,62.5013789307761,31.2318582110099,9.59836538309822,29.528287189049,-0.206791551023006,49.4581546666551,19.7277826722941,975.428967312625,92.1286180274583,871.919744318953,0.0427627455745004,20.0442727844443,6.59358613626212,0.045,0.77,0.841,1,26.8120156092555,78.8929279403926,27.3050817570505,82.9048774255868,29.8889529680625,8.9444317703162,28.092179672662,-1.16469178697449,48.0220471502682,18.7698824363426,893.34950952705,80.0028596938418,789.170558761124,1.35650695864582,18.6098163847383,6.27569745192307,0.078,0.93,0.881,1,27.6132102297488,88.7974032181588,27.0358966874029,79.2042979244451,16.4331586048484,72.6077039598499,-4.39736029108014,44.0317917370079,33.7758508200421,52.6346094827697,9.32106100277836,27.7522656622411,56.1745453550015,48.429152028088,18.8587586627276,18.4312046594628,1,1,0,1,25.0534713014097,73.0964853030186,-2.11999996256605,50.3260479371573,42.3949995902566,58.1969384100516,15.3200034773846,32.7707817112233,48.0430140016089,52.4460478997234,15.801938819795,17.4507782338387,0,1,0,1,24.8559037788911,76.0822925305831,-3.99664446471351,45.152046458545,40.3402739817095,58.4329437146492,11.060537269153,29.0018724177614,51.2263887516921,49.1486909232585,18.0926697329396,17.9413351486084,0,1,0,1,21.115680842013,76.7377264192776,-8.91910874976262,46.0347870350442,38.6305603908197,56.6606426713203,9.24538781645167,28.6765233236871,55.6220455772646,54.9538957848068,18.0300822805006,19.4311355072355,0,1,0,1
570,100,1,1,"L'Ecuyer-CMRG","10407_-1606087463_402990503_-354922388_-964766762_146154666_782671688","10407_602201470_-1873914531_1033901533_-967543369_-1178252486_85981923",2102161983,1197059382,2095536699,182760739,1402760390,95481611,1857668212,27.5339999999997,3.23700000000099,2.46800000000076,0.860999999997148,0.837999999999738,114.697,1,NA,"3835e552db3f","not-a-git-build","bbd3d4119dab4c61438d29ca56ae93a0","confirmatory",170.365000000002,8.2201533754177,9.62279738473695,4.17741121357658,-4.2365000116601,23.7228983967044,15.3864338146095,67.570921515391,92.5982295077003,17.4507644473154,17.947932348796,5.81800511267028,6.16959748131524,0.881,1,0.738,1,26.3817283003645,72.559658468902,23.7437952961202,71.4634688935336,11.0039444222301,9.17102012735756,8.04799104034549,3.11141643159477,27.5934782234734,22.7343502578644,121.08679284753,84.1076101763975,64.7701597854813,9.68091221079793,6.81287169273665,6.24009532676404,0.712,1,0.842,1,24.7871480205809,73.3086452997477,26.4528308548491,76.8678272904293,11.2175481238839,9.41928900594781,7.54058989475151,-4.50777830479755,27.0860770778794,15.1151555214721,125.83338591165,88.7230053775692,56.8604959608286,20.3200652452035,7.40952649589593,6.74760915843677,0.82,1,0.841,1,29.9936102468596,89.2816898188451,28.3874921600249,89.3635353321202,12.5481351610297,9.29575133587609,7.22479246467394,-3.57682889598559,26.7702796478018,16.0461049302841,157.455696019471,86.4109928984422,52.1976261576094,12.7937049511575,8.65214235676424,7.08122890642943,0.833,1,0.89,1,35.3881243718268,109.333572195468,30.3189259068038,97.9695743260267,-6.78765503440063,55.6829879963799,-13.5057137632665,48.0613009652749,13.0109950686581,35.048903297883,4.82696481808989,25.7236729771559,62.4706430307805,61.5670147285414,22.0379082292249,20.896708159066,1,1,1,1,0.720127724333764,56.3556543330153,-11.8847785580271,53.4789290000209,17.2699802454479,38.157587810172,11.2186599445363,34.7855513677199,55.6355266086815,65.363707558048,20.8876075647241,23.5668914231836,1,1,1,1,-4.06845808274805,56.4259815645009,-15.87251355157,47.1476504708967,16.4835731837848,37.5277065421036,5.04982219488496,25.2227162220624,60.4944396472489,63.0201640224668,21.0441333583188,20.1728940271774,1,1,1,1,-6.10545219682444,59.3515446152481,-15.9630688967079,47.2925485713012,16.4544868336352,37.8306136890657,4.48321173114531,26.9964968250549,65.4569968120726,63.2556174680091,21.3761268554305,22.5132850939096,1,1,1,1
571,100,1,1,"L'Ecuyer-CMRG","10407_-1705088752_909021041_-1772834617_-1712984575_-1354602329_1969427925","10407_-1181047628_-2034796439_1427809412_1400150747_-843964289_-185348095",2095536699,182760739,1402760390,95481611,1857668212,1823056732,198363043,27.8300000000017,4.3279999999977,2.54899999999907,0.842000000000553,0.86200000000099,111.517,1,NA,"3835e552db3f","not-a-git-build","bbd3d4119dab4c61438d29ca56ae93a0","confirmatory",169.141000000003,8.66994016564877,15.9433591754974,1.68828993927666,-13.521813507552,21.5094392778115,6.31359042404848,75.1678624759299,254.190701798916,2.85032291906279,182.839440533017,5.62721456033539,9.30960752281966,0.773,1,0.424,0.987,22.0480265533576,66.2222031796231,23.4099736586304,64.6031555826108,13.7698629137629,14.9315969700092,10.4765943111446,-12.1686607591865,30.2977436496794,7.66674317241405,189.609124663822,222.952588074787,109.759028360308,148.076304672164,7.96964987952008,8.65799169772048,0.553,0.998,0.463,1,22.9053364528115,66.1944464872223,22.5769857479238,66.7921062194975,13.2096248498489,15.5556294275522,5.49696166148262,-12.8404724025289,25.3181110000174,6.99493152907162,174.494188673745,241.977606887327,30.2165875078098,164.877731520106,7.79662025459499,9.13247221264994,0.633,1,0.471,1,25.0742221303473,74.9959340934887,25.3488473221868,80.3313277741452,13.7168957755862,21.0755160322872,3.28153468310528,-18.0184266570365,23.1026840216401,1.81697727456404,188.153229718293,444.177376027196,10.7684698764229,324.663699195002,8.66920581025623,12.421896109533,0.715,1,0.429,0.997,32.3154216982551,95.9928095703148,33.5441703739753,100.240830968534,-5.50161154534385,48.1252481672798,-20.9606064329106,33.3121891996123,12.9664469500063,30.0536628890185,-3.52036925270693,15.9607567995007,53.6268597126237,54.2727956325229,17.0872159390122,19.4811260522076,1,1,1,0,5.77424060401256,57.5262276490017,-20.7860995854719,33.7613923741302,20.8691761361598,39.4411821926633,-0.599844251788232,17.0048427975924,51.7519870449891,54.5474919596021,18.5720060565035,17.6046870493806,1,1,0,0,3.34395631349276,48.627069428736,-16.9527044809393,33.7079715016898,18.001442813759,33.053810309969,-1.42849666992369,14.7056210409973,45.2831131152432,50.6606759826291,15.0523674962099,16.134117710921,1,1,1,0,-3.30804339212558,49.0496068722707,-27.4831465260015,32.19335381818,13.077850940932,32.4297532210799,-9.98418990832526,12.8155589802719,52.3576502643962,59.6765003441815,19.3519022801479,22.7997488885971,1,1,1,0
572,100,1,1,"L'Ecuyer-CMRG","10407_-2028499884_-410536117_-1473079940_75182677_330197237_1250908015","10407_-491597104_-197069956_596726627_-1166320802_1062406695_-967953458",1402760390,95481611,1857668212,1823056732,198363043,1235248663,1245810753,27.8099999999977,2.53700000000026,3.34000000000015,0.874000000003434,0.831999999998516,115.449000000001,1,NA,"3835e552db3f","not-a-git-build","bbd3d4119dab4c61438d29ca56ae93a0","confirmatory",172.610000000001,15.2931733431472,9.10262504160285,-12.857319509982,-0.645648735090674,7.23495378253456,19.5038143948699,233.881150903549,82.8577826480153,165.310664981764,0.416862289124187,8.90444431503414,5.6356823322055,0.421,0.995,0.724,1,22.4981449851198,64.0822719297462,21.6849140501198,59.3164339086474,16.337832966675,9.92759837574026,-13.8288285865748,4.26138857269962,6.26344470594171,24.4108517026602,266.924786046971,98.5572095100007,191.23650007687,18.1594325675349,9.48475480798138,6.21146227564551,0.45,0.999,0.681,1,25.6225888034633,73.210328179888,21.8567594309222,69.6603524411289,18.2025698111761,9.7652158700004,-15.4183181389667,-3.01674507675931,4.67395515354984,17.1327180532012,331.333547730738,95.3594409877078,237.72453423439,9.10075085815154,10.6286462630605,6.26206805496886,0.456,0.999,0.763,1,28.790740889147,86.8330262018854,24.2095570731451,72.516891935902,20.9349954894942,9.48990438680508,-18.0427425669263,0.304227549448182,2.04953072559027,20.4536906794087,438.274036145144,90.0582852707023,325.540559336374,0.0925544018432461,12.2169212678557,6.58743781696647,0.406,0.996,0.836,1,31.6974764046467,94.0350703473266,26.7078923947602,84.3217873769495,-19.2154828074155,34.0209020598014,-5.01267997780057,45.0170123609102,-2.3219355149701,16.8174139909248,10.6080974438433,29.0519012919385,53.2363848672169,50.0296923387108,19.1393495058949,18.4438038480952,1,1,0,1,-23.8323873620362,36.0403238012135,-3.31540930067455,58.3190690985591,-5.07967916158309,18.2876696305585,15.553437061961,32.7933026080393,59.8727111632497,61.6344783992336,23.3673487921416,17.2398655460783,1,1,0,1,-25.5106024184994,33.258349231036,-9.30071069009816,41.1351828594433,-4.91316480020089,14.3692266215048,8.64381821422435,25.6744960870542,58.7689516495354,50.4358935495415,19.2823914217057,17.0306778728298,1,1,0,1,-29.1247677635813,29.8407528649948,-6.0803824877151,45.7337433725647,-8.17619820727338,13.5301208722195,11.7235831685544,29.9424956649891,58.9655206285761,51.8141258602798,21.7063190794929,18.2189124964347,1,1,0,1
573,100,1,1,"L'Ecuyer-CMRG","10407_-1762601616_1628816710_1993759657_417898249_2112449412_-701561103","10407_-1320569840_1376705737_542147756_2004733201_-2014859776_31922338",1857668212,1823056732,198363043,1235248663,1245810753,1321764072,1670194588,27.3789999999972,2.92500000000291,2.93100000000049,1.1150000000016,0.832999999998719,121.719999999998,1,NA,"3835e552db3f","not-a-git-build","bbd3d4119dab4c61438d29ca56ae93a0","confirmatory",178.653999999999,8.88213205136988,14.2712805265942,3.97711883347267,11.2414642420863,24.0445472666053,31.372290579848,78.892269777972,203.669447868746,15.817474215563,126.370518306106,5.84692001130875,8.28911653612068,0.79,1,0.529,0.999,23.2444917435607,71.0897477176826,24.3301637466277,70.9401052749045,11.0207599329772,20.2547766604876,7.68835588337391,18.2112525225834,27.7557843165065,38.3420788603451,121.457149500315,410.255977566232,59.1108161894102,331.649718441302,7.0293360375222,11.9504906643596,0.772,1,0.324,0.99,27.1515359269945,80.3043592095651,26.2650837837635,75.1687150873074,9.17197445822383,15.2674137607701,1.40824594609954,10.8683654513533,21.4756743792322,30.999191789115,84.1251154623103,233.093922942553,1.9831566447058,118.121367584171,6.89325204446507,9.20191153168961,0.917,1,0.666,1,31.0044914341118,93.5381175637971,31.8917145296148,93.5102624717603,9.86404932122535,17.1598377491165,2.65185216143913,11.4124724570281,22.7192805945717,31.5432987947898,97.2994690115663,294.460031576004,7.03231988612939,130.244527582424,7.97334802712371,10.5603295031282,0.955,1,0.726,1,37.9542728101733,111.326705053616,38.4568060991065,113.890939587033,-2.50675000770635,52.9133791048943,1.50175729460299,62.0579095933744,15.0680703881639,32.7617273751359,20.6008600502217,41.0048596530993,55.4201291126006,60.5561522987714,17.693656986972,20.4039996028776,1,1,1,0,-4.04649731765638,63.4530792210526,9.45139411964161,69.3585097359355,16.6126125153446,38.4720120612583,27.7794873929442,49.2183159592157,67.499576538709,59.9071156162939,21.8593995459137,21.4388285662715,1,1,1,0,-5.0378375370587,51.7608889359546,-0.973631161197474,61.992864821505,10.5777348020725,30.8241000900406,20.3565332991841,42.2913482521158,56.7987264730133,62.9664959827025,20.2463652879681,21.9348149529317,1,1,1,0,-4.9827093847672,53.5794750218078,1.59124285348431,65.1998145310514,10.8860755309436,33.8558843999768,20.3458961125731,41.5655640219275,58.5621844065749,63.608571677567,22.9698088690332,21.2196679093544,1,1,1,0
574,100,1,1,"L'Ecuyer-CMRG","10407_282681680_91511027_-1901168419_729083999_528540684_1880081107","10407_-37231670_-784721001_-562098898_1052638121_1958711645_50359506",198363043,1235248663,1245810753,1321764072,1670194588,195206112,955931525,27.9509999999973,2.5580000000009,2.5099999999984,0.868999999998778,0.855000000003201,122.375,1,NA,"3835e552db3f","not-a-git-build","bbd3d4119dab4c61438d29ca56ae93a0","confirmatory",180.035999999996,10.1318535342458,18.1637235726988,-6.57683208747649,-15.5116512459638,12.6967074298349,3.80071132962108,102.654456039409,329.920854025414,43.2547203068603,240.611324376411,6.26416729467768,10.6086117719372,0.752,1,0.361,0.998,23.3011170385593,66.8395492430741,21.7810766457809,65.6570159046987,10.3676785595259,15.8694551928996,-6.66893511534702,-12.6365873244817,12.6046044019644,6.67577525110322,107.488758713654,251.839608119449,44.4746955727086,159.683339209251,6.44820507254704,9.12841602848946,0.749,1,0.476,0.983,24.4366844914929,70.5964986329363,22.370997253187,64.6708330777519,13.156908730682,18.0976179695052,-9.12647071862754,-14.5775067655079,10.1470687986839,4.73485581007701,173.104247347495,327.523776170159,83.2924677779658,212.503703498428,8.40379615762241,10.5399206124162,0.751,1,0.476,0.996,32.1625805391833,96.0372310712574,27.6225414791455,82.7131740571808,12.9154310952722,20.9933099188418,-9.52463678004107,-18.0171575970107,9.74890273727036,1.29520497857424,166.808360376725,440.719061348539,90.7187057917112,324.617967875519,8.11947465310982,12.2222972777433,0.72,1,0.401,0.995,28.935733372602,92.9519524401477,28.3151961449333,93.6574173859348,-14.3040815603836,40.7061191677322,-23.1546511885682,32.963723218553,1.90207982206065,23.8863416312978,-5.49093397567475,12.8519564398894,55.0102007281158,56.1183744071212,21.9842618092371,18.3428904155642,1,1,1,0,-15.4069068327553,41.1474803629974,-21.5229250720491,31.3321562269821,2.09530118176251,22.8291282787003,-2.38842960666508,16.3790739333572,56.5543871957527,52.8550812990312,20.7338270969378,18.7675035400223,1,1,1,0,-14.7935364207848,37.2632023948817,-20.2289264261,29.8506670254665,-0.000104353698377694,20.4132273467525,-4.11794129578308,14.5674897330237,52.0567388156665,50.0795934515665,20.4133317004509,18.6854310288068,1,1,1,0,-18.3188777222645,36.5560684954734,-28.1383043488237,26.7437601004269,0.400157880389857,19.2421653098578,-7.54107890117822,10.9920334613336,54.8749462177379,54.8820644492505,18.8420074294679,18.5331123625119,1,1,0,0
575,100,1,1,"L'Ecuyer-CMRG","10407_-754741166_979822354_1991247044_1780553927_-871472515_-1342479578","10407_-1710941981_179887771_1102537475_2125934136_1097218490_-2142602016",1245810753,1321764072,1670194588,195206112,955931525,1630311709,767768310,27.3000000000029,2.88400000000183,3.65100000000166,0.899000000001251,0.826999999997497,116.224000000002,1,NA,"3835e552db3f","not-a-git-build","bbd3d4119dab4c61438d29ca56ae93a0","confirmatory",173.293999999998,8.72934353188262,15.1073049135909,-5.2103694539096,-12.4775623560865,14.7612108741816,7.41938844418239,76.2014384976209,228.230661752207,27.1479498462342,155.689562350026,5.63123376013529,8.76856316128028,0.781,1,0.405,0.97,22.2058207698763,64.9258026306965,19.7617842319632,54.9920421684838,6.91470519100131,12.108404030075,-2.01083038461447,-8.36448241337252,17.9607499434767,11.5324683868963,47.8131478784605,146.613448155536,4.04343883568879,69.9645660436182,5.41879737519873,6.99596980183733,0.945,1,0.552,1,26.0230048835579,73.8398199784815,19.7409957408892,58.6210159540401,8.42393376633994,13.3053331557453,-5.24348940454439,-10.1483280778936,14.7280909235468,9.74862272237524,70.9626600996822,177.031890385374,27.4941811355693,102.988562776564,6.37445217410728,7.85962946990171,0.913,1,0.57,1,28.7933843652609,85.1359828216767,24.7965392945959,73.1039146196556,12.841621298958,13.2084377699031,-8.73385683254326,-10.855122327933,11.237723495548,9.04182847233584,164.907237585852,174.462828321402,76.2802551713627,117.83368075439,8.37084278450389,8.13553120793622,0.772,1,0.616,1,32.6849343617241,98.9782500966455,26.2759473291247,84.3195076424625,-11.1283709731015,42.2507300444952,-16.4756976644879,30.2856537097714,5.47627322280019,23.7880553713665,-0.951012855146546,15.9236323987111,53.3791010175966,46.7613513742594,18.3117821485663,16.8746452538576,1,1,1,0,-11.0942727975861,49.3833044103987,-13.9102691844047,36.1184774166069,6.76068821003338,29.162364571552,2.9480418125169,19.5367888700155,60.4775772079849,50.0287466010116,22.4016763615186,16.5887470574986,1,1,1,0,-14.881856218649,41.028517790749,-19.3955025165343,36.769849725852,5.09648160468318,24.3576323627526,0.551185297231732,18.2958886514909,55.9103740093981,56.1653522423863,19.2611507580695,17.7447033542592,1,1,1,0,-15.0770330546745,38.3606671143372,-19.1404848976809,37.8104498487402,0.849772174993476,21.5081192443885,-0.11504283426765,18.8651806459205,53.4377001690117,56.9509347464211,20.658347069395,18.9802234801882,1,1,1,0
576,100,1,1,"L'Ecuyer-CMRG","10407_-1458909769_505955508_-614455213_1462249722_-1320089300_-801502611","10407_-266868999_953565676_663884223_686113292_-1773641464_1890587753",1670194588,195206112,955931525,1630311709,767768310,1873940109,506619965,27.1520000000019,2.5480000000025,2.48600000000079,1.55099999999948,0.826000000000931,118.02,1,NA,"3835e552db3f","not-a-git-build","bbd3d4119dab4c61438d29ca56ae93a0","confirmatory",174.280999999999,11.3628072567705,12.2196524269988,-7.09007249783253,-7.98375807444216,12.8969865143459,12.194098702981,129.113388754517,149.319905436658,50.2691280245212,63.7403929912204,6.75930641210962,7.15095428352093,0.667,1,0.607,1,22.4038229630498,68.1459135096536,22.1768583454339,65.5671263383861,13.4937145359771,13.4587216078094,-9.75900421970265,-7.99789164575191,10.2280547924757,12.1799651316712,182.08033197844,181.137187316516,95.2381633601742,63.9662707771882,7.93193101652963,7.75825773733667,0.607,1,0.613,0.999,25.184524412097,73.8492576444283,23.2997200830922,69.2314028700705,12.9965298481857,18.0115254583325,-6.64820111557998,-11.5622398306497,13.3388578965984,8.61561694677346,168.909788094782,324.415049336159,44.1985780731989,133.685389901461,8.11750816580006,10.5089982409374,0.721,1,0.563,0.994,29.4854435586679,89.4824646972504,30.7611277169258,91.3065212799932,21.2119172281835,23.6039838267348,-11.9108394424999,-15.1737968849599,8.07621956967848,5.00405989246319,449.945432495307,557.148052492758,141.868096225012,230.24411190602,12.4099498242229,13.5376431922522,0.657,0.99,0.513,0.99,39.7900858457649,115.137833928128,36.1598708942041,109.043787412457,-15.1044280704743,38.0237435697241,-11.6105013115305,39.0021421934336,4.28063524258771,21.2553964281147,3.6516351500632,20.584711995402,53.1281716401985,50.6126435049641,16.974761185527,16.9330768453388,1,1,1,1,-18.2191139983381,38.1051303239599,-13.6341789366757,35.0371081645903,0.281935169317213,19.6434766973479,4.92592452333612,20.6504539667901,56.3242443222981,48.671287101266,19.3615415280307,15.724529443454,1,1,0,1,-11.1642373974571,40.041986065117,-16.6296445655035,33.4498256368053,4.90110493107526,21.6256518359843,0.646418103781113,16.6477258154749,51.2062234625741,50.0794702023088,16.724546904909,16.0013077116938,1,1,1,0,-21.4619036144693,36.8426465079212,-19.7684883593315,33.0716536192042,-1.35024657851736,17.815247407841,-4.09619219744386,13.2156688304652,58.3045501223905,52.8401419785357,19.1654939863584,17.3118610279091,1,1,0,0
577,100,1,1,"L'Ecuyer-CMRG","10407_-594309778_778735323_-677990261_1302331251_-1783373185_-1012230502","10407_156277876_-1268565722_161051296_-62645771_499610412_1965500214",955931525,1630311709,767768310,1873940109,506619965,591736131,1353521066,26.8840000000018,2.86799999999857,2.88300000000163,1.58400000000256,0.872999999999593,116.651000000002,1,NA,"3835e552db3f","not-a-git-build","bbd3d4119dab4c61438d29ca56ae93a0","confirmatory",174.300000000003,9.23399771356733,26.4874156096938,-6.28399390465236,-24.933852652075,14.1507434824389,-4.49650390112225,85.2667137741666,701.583185680653,39.4885793937081,621.697008075388,6.09450639198072,16.8445013415046,0.823,1,0.054,0.927,25.8124059285448,70.9817124602578,22.8566133097323,71.1461981407331,15.5815548181673,29.4408392678317,-13.400481343294,-28.0172140894116,7.03425604379721,-7.57986533845883,242.784850551551,866.763016794299,179.572900231971,784.964285331923,9.02514894674749,19.6273141224961,0.415,1,0.014,0.744,24.076102677192,69.8509990294933,22.2678406366479,68.0983079012064,11.7938136601938,28.9529479542074,-9.53768471648822,-27.1593691596716,10.897052670603,-6.72202040871887,139.094040651374,838.273195239042,90.9674297511329,737.631333151322,7.59267710130264,18.1914270872085,0.743,1,0.072,0.892,29.5208104348224,86.9146619514633,25.4234988536138,81.4217457187014,14.7303477428073,28.1096953728993,-12.524268719061,-26.2412420577245,7.9104686680302,-5.80389330677177,216.983144624028,790.154973957196,156.857306947251,688.602784732091,9.26225510449569,16.8858047057438,0.687,1,0.159,0.984,33.9888790505941,102.969931684847,31.1340904986888,95.8088006020009,-16.9147509693006,39.9040059495352,-31.7817216425485,25.5696457492923,4.18761279368799,24.8818273212567,-13.5976110453018,4.34045315261889,56.8187569188358,57.3513673918408,20.6942145275687,17.9380641979207,1,1,1,0,-17.7456033293242,35.3297983785899,-31.1860558462949,22.7976980177883,-3.20007088158406,17.0944326538563,-16.2207943146968,-0.698852228396969,53.0754017079141,53.9837538640832,20.2945035354403,15.5219420862998,1,1,0,0,-17.7347916946059,38.2430737331556,-35.1026228322285,18.8611492505842,0.942749452581927,20.7922918267873,-14.2329132463874,1.91249620322978,55.9778654277616,53.9637720828126,19.8495423742054,16.1454094496172,1,0,1,0,-24.8555953006226,42.564123695791,-36.6595258621856,24.5548961017043,-4.44724831620215,18.7372010523533,-16.5902979552426,4.47675149568279,67.4197189964136,61.2144219638899,23.1844493685555,21.0670494509254,1,1,0,0
578,100,1,1,"L'Ecuyer-CMRG","10407_-934234870_-831961383_2065007667_131537306_-67136032_2073661589","10407_-890899162_1218028616_-900353793_-1983429872_1546642675_1582999261",767768310,1873940109,506619965,591736131,1353521066,174347295,333248173,28.4219999999987,2.51800000000003,2.44000000000233,1.36799999999857,0.85399999999936,118.217000000001,1,NA,"3835e552db3f","not-a-git-build","bbd3d4119dab4c61438d29ca56ae93a0","confirmatory",175.365999999998,11.9321071244052,18.1466852470975,-7.89878396021182,15.7597189979121,12.1518221195757,35.8171725056606,142.375180428282,329.302185457224,62.3907880500996,248.368742893152,6.94126590379124,10.7919346237887,0.605,1,0.314,0.948,20.6573562470378,62.4640914562658,20.7659315859883,59.7528730316114,11.3054504536093,23.4052549580672,-7.18702643143365,21.5529795836082,12.8635796483539,41.6104330913568,127.813209959016,547.805959652127,51.6533489261258,464.530928931434,6.64508615699406,14.7260540980328,0.63,1,0.132,0.854,21.5669785308547,62.2796463953969,21.5516990483359,62.5145771961828,14.2965662182014,20.6902763738563,-9.43186801525667,14.4023906973982,10.6187380645308,34.4598442051467,204.391805631417,428.087536426555,88.9601342572219,207.428857800503,8.62183187717064,12.0589063325597,0.607,0.999,0.497,0.982,27.6943506350263,86.8103244761723,31.3295216050638,91.4937430478019,16.5614190159938,21.7752047648911,-10.5838352022496,14.7967359431845,9.46677087753793,34.854189450933,274.28059982332,474.159542552935,112.017567588377,218.943394572328,9.9123445632994,12.8032642028595,0.609,1,0.518,0.991,31.1814697014554,97.1046909828231,34.2427408625226,103.51456254105,-15.5303790107951,38.6837158666188,14.3464298922945,58.6132191014932,3.85571771197753,20.5992971764458,27.9923427903421,43.5804456586565,54.2140948774139,44.2667892091987,16.7435794644683,15.5881028683144,1,1,1,0,-12.0312980068553,38.4721246449673,17.1184014277677,62.0186656037297,4.53022618601217,21.5974877127197,34.6557566586906,49.817484664577,50.5034226518226,44.9002641759621,17.0672615267076,15.1617280058865,1,1,1,0,-15.4262555648118,38.1880394069885,11.9155472821018,58.4445512787921,1.94838989531299,19.1159197638356,26.9692476579362,41.8191539822484,53.6142949718003,46.5290039966903,17.1675298685226,14.8499063243123,1,1,0,0,-16.2889442456607,36.0416921007758,14.3114021286999,57.1028223155272,0.595226993702741,19.0002062098669,26.9997390691135,42.4443657260419,52.3306363464365,42.7914201868273,18.4049792161641,15.4446266569283,1,1,0,0
579,100,1,1,"L'Ecuyer-CMRG","10407_-1206790800_-570627868_-1762628322_-541667993_-1579867370_-833187288","10407_-1145328890_2089241428_-115261042_-1387536667_-1852249123_-1748992676",506619965,591736131,1353521066,174347295,333248173,348417685,1740312433,25.0149999999994,4.22199999999793,2.8660000000018,0.953000000001339,1.41499999999724,116.580999999998,1,NA,"3835e552db3f","not-a-git-build","bbd3d4119dab4c61438d29ca56ae93a0","confirmatory",173.342000000001,17.5063255828652,16.8668918370185,15.7559620577888,13.9752414836939,35.8421417263441,33.9600191866307,306.471435413282,284.492040241681,248.250340366479,195.307374527558,10.2602383384331,9.79563380674419,0.316,1,0.39,0.99,23.7148500727128,68.4643627288177,21.5937269850249,66.028175609889,24.3235717980299,24.5229024599328,23.0215839682913,22.5629315362648,43.1077636368467,42.5477092392017,591.636145013918,601.372745059381,529.993328409089,509.085879510173,14.7377020460843,15.0732419184652,0.131,0.986,0.136,0.972,27.0108753247238,81.3903941742198,23.9740782860099,74.0190955419455,17.5529261365811,18.1447098554039,15.8117143585471,14.9650509512514,35.8978940271025,34.9498286541882,308.105215956271,329.23049573679,250.010310956285,223.95274997355,10.3732719274686,10.5569505108996,0.514,1,0.502,1,33.0842899089191,94.2543002560583,29.4361235830793,90.2292379656009,19.9880170701433,18.4880816277479,18.286976912075,15.5809190528764,38.3731565806303,35.5656967558132,399.520826396341,341.809162274268,334.413524582763,242.765038532285,11.7485933733362,10.8539869380336,0.386,1,0.526,1,31.7427694883412,99.7357956074151,32.2750513420899,98.6463557381378,7.7812045318464,62.4558588807932,6.22482510165654,60.6637532608816,26.2063495045283,46.2986681324124,24.6670086021595,42.2731298018105,54.6746543489468,54.438928159225,20.0923186278841,17.6061211996511,1,1,0,0,9.89622583726779,78.0693625445241,5.24083324130894,68.2302333453995,31.3513390089256,54.2092558868607,34.4926425983709,52.3782170217291,68.1731367072563,62.9894001040906,22.857916877935,17.8855744233582,1,1,0,0,1.49395541252825,65.9224594479074,9.07751398135639,62.4841908761315,24.2619310784268,47.9958736964278,24.1174094321618,44.8951164123362,64.4285040353791,53.4066768947751,23.733942618001,20.7777069801745,1,1,0,0,10.1872772225527,69.0082058511054,3.80938232010508,66.3495216681131,28.5615760840844,48.8666796927508,25.0160716092526,44.8464685273393,58.8209286285527,62.540139348008,20.3051036086665,19.8303969180867,1,1,0,0
580,100,1,1,"L'Ecuyer-CMRG","10407_-1042836261_2078413138_1882869918_306755670_-1020219080_1487810754","10407_83076657_1436565336_-1114544599_-838627305_-1076018525_-2086624731",1353521066,174347295,333248173,348417685,1740312433,409801929,1118663346,27.1419999999998,2.5099999999984,2.51600000000326,0.86699999999837,1.02499999999782,113.304,1,NA,"3835e552db3f","not-a-git-build","bbd3d4119dab4c61438d29ca56ae93a0","confirmatory",170.315000000002,11.4511740227594,11.0995815142922,-7.69667124062351,6.74535687206162,12.2496292165315,26.8172905040522,131.129386499519,123.200709792417,59.238748186241,45.4998393314689,6.99085568415925,6.68644486865568,0.699,1,0.671,1,25.2599731249161,73.5472434636886,23.2770978874429,67.3367106899269,10.4289186940263,13.4446946603484,-5.88947299231549,10.3721577033698,14.0568274648395,30.4440913353604,108.762345126611,180.759814510001,34.6858921272136,107.581655423573,6.70190082405454,8.05084846857631,0.773,1,0.628,1,26.5015681964087,76.5849368596125,27.9318111979218,78.1573993637341,14.3166737151334,10.2768248406079,-8.22353079067546,7.82158132247692,11.7227696664795,27.8935149544675,204.967146265591,105.613128804536,67.6264586651873,61.1771343841199,9.06295563670823,7.22815913193635,0.759,1,0.909,1,34.805301122693,101.374542184718,31.0634053448834,93.074405885425,14.4403907761682,12.0368499541629,-8.59000050437056,10.2549586311922,11.3562999527844,30.3268922631828,208.524885768445,144.885756819031,73.7881086650865,105.164176527463,9.61415046284529,8.5000317762372,0.782,1,0.914,1,37.3673963786456,117.882737835674,35.8082476144841,110.417319260566,-18.3905880881228,45.6512175210457,-2.91626220183402,55.0870126557434,1.54284122194241,23.5535911068323,16.6966868278753,36.1214552458568,64.0418056091685,58.0032748575774,22.0107498848899,19.4247684179815,1,1,1,1,-17.4765365568128,44.2176852765654,-0.922261610405304,67.7775880045238,2.43568515392742,25.198159841567,17.9314967700492,43.5154142295481,61.6942218333782,68.6998496149291,22.7624746876396,25.5839174594988,1,1,1,1,-22.8431213734173,46.5756712029695,-2.16357238455299,58.973575731611,1.37419879425417,22.7064769478536,17.2502670011667,37.822164375176,69.4187925763868,61.137148116164,21.3322781535995,20.5718973740092,1,1,1,1,-23.9947196837051,50.3893531819943,0.347298116463437,65.8194181151082,-1.53946283456368,23.6693098140716,18.3239243737175,42.0399317415236,74.3840728656994,65.4721199986448,25.2087726486353,23.7160073678061,1,1,1,1
581,100,1,1,"L'Ecuyer-CMRG","10407_548023485_988233803_1868871164_-267253858_-1732533368_-1899872572","10407_717394652_-38495013_-1711710963_1479722028_-2086378443_-10462409",333248173,348417685,1740312433,409801929,1118663346,15816539,1247939285,26.3799999999974,3.2609999999986,2.88700000000244,0.912000000000262,0.833000000002357,114.826999999997,1,NA,"3835e552db3f","not-a-git-build","bbd3d4119dab4c61438d29ca56ae93a0","confirmatory",172.09,17.5049221918617,12.11815876675,-15.1337000544832,-8.06655916199481,4.09548465085019,10.9973537659312,306.422300943132,146.849771896159,229.028877339066,65.0693767139624,10.1879413921234,7.06549987769542,0.358,0.994,0.62,1,22.8667132446809,70.0603025711728,22.0236582290131,65.468163262392,14.2347356097266,12.6147078127929,-10.3782948309805,-8.58940152485524,8.85088987435288,10.4745114030708,202.627697878819,159.130853202138,107.709003598757,73.7778185551856,8.1786588460677,7.42006681146458,0.553,0.997,0.611,1,23.6504449901916,68.1392158313441,24.2147032831492,69.0368158059598,22.6200332250855,15.3479767966032,-18.7964475568998,-10.94819966802,0.432737148433589,8.11571325990606,511.66590310397,235.560391749071,353.306440759286,119.863075970833,13.1649931979652,9.15629639897693,0.377,0.949,0.655,1,28.3377891491541,84.2058942233768,30.4878980296243,90.6716067091257,24.1749104870953,13.4911930829284,-20.4846382275891,-7.1163356283634,-1.2554535222557,11.9475772995626,584.426297059072,182.012290800854,419.620403315205,50.6422327755143,14.1053418409785,8.7696158617508,0.425,0.998,0.793,1,35.0663121722985,107.507430674555,34.0530800429054,103.789287231063,-25.5819351291739,33.029679356506,-19.5302067039772,38.2250108057946,-5.65767751395703,13.4713689298284,2.34507661706555,20.9517726522323,58.6116144856798,57.7552175097718,19.1290464437854,18.6066960351667,1,1,0,1,-15.8140107789478,33.9804934833679,-15.1377620307281,37.7127236267732,-0.465684749942885,17.9005152030498,0.979802349394077,20.119044661372,49.7945042623157,52.8504856575013,18.3661999529926,19.139242311978,1,1,0,1,-24.4046039409504,25.4268187868675,-17.3830859756609,36.330988913385,-8.20249709707713,9.26149372918797,-1.16767818962643,16.956594642775,49.8314227278179,53.7140748890459,17.4639908262651,18.1242728324014,1,1,0,0,-32.1844497813105,29.8596532693294,-19.759817200894,41.7950936216221,-12.3972202108323,9.67003859367642,1.43480795647528,23.1825221744634,62.0441030506399,61.5549108225161,22.0672588045087,21.7477142179882,1,1,0,1
582,100,1,1,"L'Ecuyer-CMRG","10407_-2051987008_121988893_2143800851_1089792834_-1755219004_-1611209148","10407_335376388_472647069_714680284_1750639092_456602131_-1277545003",1740312433,409801929,1118663346,15816539,1247939285,1800226916,1173879362,27.0040000000008,2.7609999999986,3.06999999999971,0.860000000000582,0.840000000000146,119.757000000001,1,NA,"3835e552db3f","not-a-git-build","bbd3d4119dab4c61438d29ca56ae93a0","confirmatory",175.421000000002,9.47334532599628,19.820503242176,-5.34866389950157,-17.5850410003209,14.6855327150314,2.36604743703241,89.7442716655755,392.852348773108,28.6082055098313,309.233666982969,5.99035917032165,12.0285667521661,0.763,1,0.252,0.865,23.2154175747092,67.1482910119946,19.9596340424259,58.509692828991,9.23208159472363,16.0140947819272,-3.45597595747672,-13.1640410138856,16.5782206570562,6.78704742346774,85.2313305716349,256.451231684549,11.9437698186571,173.291975815263,6.19277538686019,9.28046477336209,0.834,1,0.411,0.986,25.6472772133466,76.1475485709699,21.6988738744106,62.5964102219606,12.5121303050696,22.0922404224441,-6.80529962652321,-19.9821986165132,13.2288969880097,-0.0311101791598687,156.553404771042,488.067086883075,46.312103006757,399.288261549783,7.8685131990305,13.1077380325666,0.741,1,0.257,0.975,29.2507869504078,88.5954289083005,26.0698958515186,80.4183478297496,13.0979363570989,20.7955886296055,-7.27737240570189,-18.5381676122807,12.756824208831,1.41292082507266,171.555936814613,432.456506451777,52.9601491312714,343.663658421013,8.41312578129317,12.260165697534,0.744,1,0.296,0.984,31.3876248014798,94.1074767776261,26.2196512159834,81.6703620746203,-12.7083688695414,40.8569883860717,-22.8325123344203,23.320021096298,6.04652225215687,23.3223937208558,-5.54631813460115,10.5213417170654,53.5653572556131,46.1525334307183,17.2758714686989,16.0676598516666,1,1,1,0,-14.4302168531726,47.6298983488066,-16.6273268628847,29.0929500571622,5.87823279691909,27.4786949356093,-1.5191528092126,15.8364980846083,62.0601152019791,45.7202769200469,21.6004621386902,17.3556508938209,1,1,1,0,-12.4454216214974,41.788284406427,-21.8585333729329,22.8526932127173,3.0669299822498,23.1053015810934,-8.44334951890478,8.60597623760125,54.2337060279244,44.7112265856502,20.0383715988436,17.049325756506,1,1,1,0,-14.6258956697199,39.7167585208857,-23.8901136396957,26.1046960286382,3.19519022293143,22.2060385662898,-7.25760636590285,10.6433470658364,54.3426541906056,49.994809668334,19.0108483433584,17.9009534317392,1,1,1,0
583,100,1,1,"L'Ecuyer-CMRG","10407_1467543860_877047339_1874063604_-1184405492_-2054347934_382612105","10407_-421908334_-1408354331_-1861696172_-1376479142_2056765604_2042763944",1118663346,15816539,1247939285,1800226916,1173879362,548864763,31607499,26.7829999999994,2.86700000000201,4.17299999999886,0.970000000001164,0.841000000000349,118.293999999998,1,NA,"3835e552db3f","not-a-git-build","bbd3d4119dab4c61438d29ca56ae93a0","confirmatory",175.472000000002,8.80032254396071,9.31525678700958,-2.83185254835468,-2.25898933885284,17.0375048015287,17.7441681788678,77.4456768777431,86.774009007928,8.01938885562287,5.10303283305079,5.49894361348634,5.61034407027713,0.726,1,0.658,1,20.4640200039779,61.6041450308081,19.6842551764152,56.0463763979941,8.49310156549448,9.45269071109657,2.67367877552364,-0.668969306785876,22.543036125407,19.3341882109348,72.1327742018048,89.3533616796515,7.14855819468561,0.447519933421575,5.65565691603197,5.74986921562903,0.802,1,0.65,1,22.7072440871748,68.2684352960714,19.8617614172112,59.1725945109843,8.87698741003241,10.5364792601364,-0.151953005419482,-2.509123180018,19.7174043444639,17.4940343377027,78.800905477874,111.017395199285,0.0230897158560133,6.29569913250365,6.03031620970724,6.51689498533537,0.824,1,0.716,1,24.862576810852,74.3973228405666,23.9458706946431,69.9223895328248,9.81761898363414,12.0737812718735,-3.72658014481546,-3.0770352918911,16.1427772050679,16.9261222258296,96.3856425078134,145.776194201044,13.8873995757329,9.46814618754333,7.17716997422711,7.78864611265955,0.891,1,0.736,1,30.8386189051486,95.8753084143107,29.2561247458396,90.6020893397352,-10.4181138801684,39.4723211671611,-5.8774810198899,40.9742462621718,8.38268891479323,25.819382978186,9.5564960688127,25.335262982739,49.8904350473295,46.8517272820617,17.4366940633927,15.7787669139263,1,1,1,1,-3.9844622108216,51.9844205376,-3.76892455984367,44.1402541310872,13.2653371994154,31.8995980996248,11.0389677871956,27.4440426652415,55.9688827484216,47.9091786909308,18.6342609002094,16.4050748780459,1,1,1,1,-2.93673451478109,44.0468418732685,-6.02973455966427,39.6477923286413,10.6875846389634,28.4909343095007,8.77380225754912,25.7625435827242,46.9835763880496,45.6775268883055,17.8033496705373,16.9887413251751,1,1,1,1,-12.3776047675729,43.0845170018451,-7.17650593263472,44.1808404852422,7.01640970551514,25.4805257494256,7.53340546028947,25.6683589971461,55.462121769418,51.3573464178769,18.4641160439104,18.1349535368566,1,1,1,1
584,100,1,1,"L'Ecuyer-CMRG","10407_922123224_364826323_-1571014232_183954474_-821783440_-229423671","10407_1138829021_-1408047210_1764104463_1139307422_481340297_513168123",1247939285,1800226916,1173879362,548864763,31607499,783818916,1764738771,27.1399999999994,2.49299999999857,3.46399999999994,0.853000000002794,0.82300000000032,116.566000000003,1,NA,"3835e552db3f","not-a-git-build","bbd3d4119dab4c61438d29ca56ae93a0","confirmatory",172.089,7.93892515253111,7.72296164827208,-0.634138142254027,-0.796407982025631,19.7496271329364,19.4565942293035,63.026532577491,59.6441366206814,0.402131183461389,0.634265673834138,5.41109514988541,5.1559090293582,0.843,1,0.776,1,23.2713453231376,66.8557953304897,20.1902908569372,62.9462855086578,8.74772934948097,9.18551748338694,-3.47844137838012,4.05031631314033,16.9053238968103,24.3033185244695,76.5227687717708,84.3737314376071,12.099554422827,16.4050622364907,5.61125590083927,5.58673157299458,0.782,1,0.702,1,22.1173349019498,64.9242028846102,20.5245882495517,57.3042940748824,8.71136054055018,8.77622898303384,-2.55389718074116,-2.21248190991508,17.8298680944492,18.0405203014141,75.8878024674547,77.0221951626431,6.52239080979766,4.8950762017015,6.1657896917573,5.74340740189645,0.861,1,0.779,1,25.7665873397479,79.7979622797974,23.0869466091581,67.4401971679833,10.1931997371977,8.89991677008851,-4.40499246205532,1.14165301539549,15.9787728131351,21.3946552267247,103.901320882407,79.2085185145027,19.4039585907642,1.30337160756162,7.08255932263192,6.40290468317093,0.814,1,0.855,1,27.8272256423257,91.0088336635254,26.5084005379022,84.4233023582002,-7.62987076693344,48.9727958736631,-4.9767475579393,44.9932858743182,10.3547727090251,29.8470154606232,11.0197635970579,28.2199810382614,56.6026666405966,49.9700334322575,19.4922427515981,17.2002174412035,1,1,1,1,-11.3598788941508,43.0453105194678,5.04932190349928,45.4956490874112,8.43328586488479,25.5893842949428,15.4935850857837,32.7504127836709,54.4051894136186,40.4463271839119,17.1560984300581,17.2568276978871,1,1,1,1,-8.10167973240775,46.5847014336738,-2.61059009801424,41.0243365189457,8.85509529840507,26.1848080926592,10.6220541415215,25.4335819516415,54.6863811660816,43.6349266169599,17.3297127942542,14.81152781012,1,1,1,1,-12.7358910814336,44.4615467777392,-3.45181989914744,47.2169532362714,6.45991497176033,25.5725647611985,11.5545706506627,31.4086713315252,57.1974378591728,50.6687731354188,19.1126497894382,19.8541006808625,1,1,1,1
585,100,1,1,"L'Ecuyer-CMRG","10407_-1106791688_-726055814_988404702_1473973603_-1762185888_1336013924","10407_-756615771_1858182904_-1320915793_1064747954_362653523_478577476",1173879362,548864763,31607499,783818916,1764738771,223558008,1447801750,24.6370000000024,2.98199999999997,3.05999999999767,1.12299999999959,0.855999999999767,123.618999999999,1,NA,"3835e552db3f","not-a-git-build","bbd3d4119dab4c61438d29ca56ae93a0","confirmatory",179.842000000001,8.9296630427858,8.83676069515326,5.3650581908146,-0.502445876101007,25.3273177486881,19.5907406589363,79.7388820576946,78.0883395834054,28.7838493908268,0.252451858410908,5.76951616906043,5.32276927837592,0.772,1,0.643,1,22.4855472716091,67.5771412794959,18.7076978885846,53.4855842245733,14.3582995110622,8.7773068988013,12.7511919131796,1.1018727049792,32.7134514710531,21.1950592400165,206.160764849369,77.0411163957449,162.592895206738,1.21412345797818,8.48317225307715,5.34514112120059,0.506,1,0.672,1,25.8356079936441,75.8359490738075,19.2000401455851,55.2060194808235,12.5993208019094,8.16440796864548,9.29981465122919,1.38107344209563,29.2620742091027,21.4742599771329,158.742884669426,66.6575574784818,86.4865525472171,1.90736385246186,7.96120525542648,5.68171390015465,0.748,1,0.838,1,30.0157667486597,89.415410627659,23.8604846682694,72.6165033141019,15.5466325078541,6.8661459342347,9.74475417177951,-0.713269443896035,29.707013729653,19.3799170911413,241.697782334267,47.1439599902077,94.9602338684141,0.508753299595759,9.62833892996273,5.87718406490656,0.743,1,0.982,1,36.3710651656204,104.824658796951,28.29762497514,83.7231170662994,-1.46857645452381,52.5828103736802,-0.570493364575524,39.6206553440864,16.3999194360425,34.2373137893237,12.0055422266666,26.6359192201123,54.051386828204,40.1911487086619,17.8373943532811,14.6303769934457,1,1,1,1,6.24634050248641,64.3187915773955,-0.319140882348341,40.5463204910501,21.6048733932496,43.097920457686,13.3413675684058,29.0649457158278,58.0724510749091,40.8654613733984,21.4930470644364,15.723578147422,1,1,0,1,4.93788283554249,55.1231611455083,-1.36638498173891,43.2897280399144,20.9235841181607,38.214859470814,14.3556201943668,28.7966202862131,50.1852783099658,44.6561130216533,17.2912753526533,14.4410000918462,1,1,0,1,2.11986633613019,58.495414942445,-7.70339724028426,43.6206306677013,21.0655750124927,38.0450038762203,10.8244146867915,28.8252950270334,56.3755486063148,51.3240279079855,16.9794288637276,18.0008803402419,1,1,0,1
586,100,1,1,"L'Ecuyer-CMRG","10407_-1846771898_-1189121988_-1561449325_1252669574_479104142_860230714","10407_464370296_-1534134578_-1861314941_-1096648125_-306027112_-89007910",31607499,783818916,1764738771,223558008,1447801750,1176262569,1921829719,28.150999999998,2.60999999999694,2.64099999999962,1.20799999999872,0.846999999997934,123.451999999997,1,NA,"3835e552db3f","not-a-git-build","bbd3d4119dab4c61438d29ca56ae93a0","confirmatory",181.913,19.8362314398024,13.9143319722572,18.2123335767638,10.8259288356566,37.7917822448091,30.413593601939,393.476077733407,193.608634234178,331.689094311319,117.200735154701,11.766558538627,8.04213717292348,0.239,0.997,0.497,1,24.414153600013,70.7858611073166,23.6386274489429,66.4779396418797,31.163439044864,22.7361198051027,30.1860465716589,21.0936236779002,49.7654952397042,40.6812884441826,971.159933102951,516.931143791982,911.197407626362,444.940959864872,20.3688325035702,13.5634572248005,0.017,0.917,0.243,0.996,27.6705242685229,80.373480642186,27.6539635241625,80.988398787947,26.1612922641949,16.5403344357287,24.2145581197132,13.5743454815186,43.7940067877585,33.162010247801,684.413212932626,273.582663245754,586.344824932967,184.262855251624,15.6391711536792,9.62435688216806,0.238,0.986,0.483,1,31.5452384713023,93.6639028374955,27.4181160762762,83.4548594825083,32.172366607639,18.1240351930299,30.0452905132087,15.2248527615961,49.624739181254,34.8125175278785,1035.06117313633,328.480651678185,902.719482023109,231.796141612281,19.1490956769548,10.8679442720018,0.225,0.999,0.596,1,39.7868552176894,123.06375428073,35.998112430688,107.302677580699,9.3495928919948,69.4821187625174,5.2555764913363,59.0690989326138,27.7321764205816,47.219799289471,20.2366756753839,40.1144951470499,60.1325258705226,53.8135224412775,19.4876228688893,19.8778194716659,1,1,0,0,11.3006431157313,81.3536018220445,5.66614704692862,77.6548436133007,39.0110666307529,61.5389672140803,28.9150776671218,53.0013788308983,70.0529587063132,71.9886965663721,22.5279005833274,24.0863011637766,1,1,0,0,16.2588614090782,76.1664473033736,4.07153266252786,62.945326157841,33.0299533972999,54.0186221493103,22.7692522930309,42.9744736528106,59.9075858942954,58.8737934953131,20.9886687520104,20.2052213597796,1,1,0,0,11.4143707593621,85.467430932706,1.51102157613757,69.4712001849841,37.8196562925352,62.4353361259085,23.0777951150713,47.0729562468562,74.0530601733439,67.9601786088466,24.6156798333733,23.9951611317849,1,1,0,0
587,100,1,1,"L'Ecuyer-CMRG","10407_85733036_-2055070630_-1317019855_-2094532700_1138505149_489939891","10407_-1590269994_-265112732_296099541_-1484343511_-1348364505_-1056797692",1764738771,223558008,1447801750,1176262569,1921829719,2123095907,1605419014,29.2330000000002,3.11499999999796,3.12700000000041,0.908999999999651,0.82499999999709,123.386999999999,1,NA,"3835e552db3f","not-a-git-build","bbd3d4119dab4c61438d29ca56ae93a0","confirmatory",185.251,12.288852993096,7.78428427089631,-10.6540164559014,-0.968714979840126,9.36947864765408,19.3122824223011,151.015907885924,60.5950816101237,113.508066642618,0.938408712166655,7.25101512243471,5.28745190925721,0.555,1,0.826,1,22.7262199435868,66.1763339096611,21.6510734768534,64.9843773383335,9.4606984557771,9.44204882308063,-7.59178129094819,4.32419510296148,12.4317138126073,24.6051925051027,89.5048152711431,89.1522859774382,57.635143169591,18.698663288476,5.99736867499388,6.19189783194999,0.743,1,0.802,1,22.9289198942323,65.5307925370151,25.4859265546249,73.1068932070062,10.0866711384329,9.1154858153873,-7.96599493125596,1.05130601632353,12.0575001722995,21.3323034184647,101.740934654895,83.0920816505271,63.4570752447957,1.10524433995806,6.62522518399236,6.65530474752785,0.774,1,0.896,1,26.4036225653329,78.4800364026519,29.1457963372555,88.248224658313,7.94778317560133,8.67914677317478,-2.29777659656619,-0.633191608365021,17.7257185069893,19.6478057937762,63.1672574063716,75.3275887103102,5.27977728772731,0.400931612903882,6.47393059127112,6.71807790722546,0.935,1,0.929,1,30.2608240401938,90.6898975558254,29.7316919655558,92.9062844604047,-18.5083771407585,35.1326592115131,-8.93555682153341,44.8351971231472,0.789768885962386,18.2791686986929,10.551167592418,28.1206809207512,53.6410363522716,53.7707539446806,17.4893998127305,17.5695133283332,1,1,0,1,-13.9379399798488,36.2217718226112,-4.96556883813439,53.6038360204418,3.83463134971269,21.4697447965356,13.8982143713136,35.5967361027489,50.15971180246,58.5694048585762,17.6351134468229,21.6985217314353,1,1,1,1,-11.6344608334646,37.9046968390337,-8.07988974913912,50.7611220802782,3.33217739877681,20.3866128332558,10.8664317421739,31.2059840937622,49.5391576724983,58.8410118294174,17.054435434479,20.3395523515883,1,1,1,1,-10.1979456254266,47.6367804923369,-9.87322482053263,48.0428840240834,6.3978377217791,28.4548084380131,8.87938171612503,30.0454350610492,57.8347261177636,57.9161088446161,22.056970716234,21.1660533449241,1,1,1,1
588,100,1,1,"L'Ecuyer-CMRG","10407_-826611299_-611343584_-1272154629_1426751591_415772465_-1366204444","10407_347114140_-1935548424_-1217087190_2138588952_-2033115111_-2134694371",1447801750,1176262569,1921829719,2123095907,1605419014,2066206390,241801208,28.3260000000009,2.61900000000242,3.7599999999984,0.864999999997963,0.831999999998516,121.455999999998,1,NA,"3835e552db3f","not-a-git-build","bbd3d4119dab4c61438d29ca56ae93a0","confirmatory",182.313999999998,9.92814770390755,13.8378050674773,6.34326311334934,-10.8192004517667,26.5515246483863,9.40858052559482,98.5681168306047,191.484849085499,40.2369869251783,117.055098415508,6.49600237987387,8.06507698015032,0.799,1,0.516,1,25.9934786334459,77.5592395113689,22.9013502880343,68.8646767434436,14.7711993427643,13.5579575283462,12.4685853607848,-10.3271671437396,32.6768468958217,9.90061383362185,218.188330023681,183.818212340438,155.465620899177,106.650381214735,8.73281916959585,7.95265667353838,0.581,1,0.561,1,28.0700222336002,81.5681785099082,24.2569610787884,73.0907643183473,10.919096904805,15.3884799026366,6.37398187274929,-12.6426590909347,26.5822434077862,7.58512188642681,119.226677216523,236.80531371385,40.6276449141366,159.836828889593,8.07034885253253,9.12615329724113,0.887,1,0.58,1,36.8262398959682,104.928327139223,28.9333833630434,87.3216704125138,15.722425406467,14.6206535502756,10.8860414952951,-11.4539332487424,31.0943030303321,8.77384772861904,247.19466066192,213.763510237185,118.505899437288,131.192586866647,9.97306347728736,9.12741519841085,0.752,1,0.699,1,37.747926503551,113.391122141213,33.5207934954252,98.6030398861677,-8.89309143188335,58.7982334763426,-21.3267461674147,40.1525996826439,15.4724675787522,37.2507506094081,-0.711487990326511,18.7840798460403,67.691324908226,61.4793458500586,21.7782830306559,19.4955678363668,1,1,1,0,-2.7589309567045,66.0060433140935,-20.681412021263,42.3537891323144,21.4635220740436,43.2971616307627,-0.591984940504907,18.9140837746333,68.764974270798,63.0352011535774,21.8336395567192,19.5060687151382,1,1,0,0,-6.74566486466091,59.9711017598125,-23.1122191194575,40.1631939208378,13.6904635144483,38.3538700023821,-3.11881078269841,17.4420851197599,66.7167666244734,63.2754130402953,24.6634064879338,20.5608959024583,1,1,1,0,-4.49820944359478,66.999646922136,-22.6483851131607,41.1830687363735,18.0704139218612,43.6711614723498,-2.41562806887139,20.8186577472598,71.4978563657308,63.8314538495342,25.6007475504886,23.2342858161312,1,1,1,1
589,100,1,1,"L'Ecuyer-CMRG","10407_-1300262802_-1323984045_684640137_722650625_-1635948522_5910488","10407_146979941_-1422407338_-534431219_1565705680_-750311382_1325652871",1921829719,2123095907,1605419014,2066206390,241801208,1338908110,127710036,27.0859999999993,3.84399999999732,2.96299999999974,0.916000000001077,1.03100000000268,121.381000000001,1,NA,"3835e552db3f","not-a-git-build","bbd3d4119dab4c61438d29ca56ae93a0","confirmatory",179.895,10.5623837565884,9.31664476657397,6.34564692874311,2.00534437758753,26.4540595547073,21.9203222076249,111.563950621443,86.7998697065302,40.2672349442669,4.0214060727219,6.42099224055453,5.6792225435698,0.694,1,0.665,1,23.0688043290573,66.5803833730103,19.9966427786394,58.7699751891083,16.0360028958861,11.0786950677646,13.3929162901026,6.29130528832608,33.5013289160668,26.2062831183634,257.153388876867,122.737484404513,179.370206753695,39.5805222309196,9.28646188639467,6.44498439555175,0.432,0.998,0.575,1,23.454144029541,69.4373641934635,19.2224544567991,58.2781751535842,14.5281022058563,12.6566271158899,9.43923169547474,6.35854731731952,29.547644321439,26.2735251473569,211.065753703807,160.190209950679,89.0990950008549,40.4311239865913,8.84686100799616,7.77581809796921,0.717,1,0.695,1,31.235927636833,93.9356783452663,27.6794147631465,83.1820133830103,16.1703736502569,12.9541712931425,9.32790084333904,4.2547992022833,29.4363134693033,24.1697770323206,261.480983988924,167.810553892077,87.0097341431651,18.1033162517506,9.92427408449574,8.12456356328042,0.704,1,0.735,1,35.1147724359946,108.614383867116,30.1458863552232,91.0367772465623,-0.158072805617817,50.9932666023889,-4.18769327959057,43.9113016362632,17.118885278658,35.8062037199255,14.7788844526092,29.8374589641196,51.1513394080067,48.0989949158538,18.6873184412675,15.0585745115104,1,1,1,1,7.912537251598,61.0040559540007,2.91649619336917,47.5750238613279,23.5960751150598,43.2415459166075,18.5225843641123,33.4233240488004,53.0915187024027,44.6585276679588,19.6454708015477,14.9007396846881,1,1,0,1,6.236347793201,55.7499734170918,1.19176142586201,48.0148253833282,20.1669117279545,38.3987057869417,18.163424014833,34.2331464396926,49.5136256238908,46.8230639574662,18.2317940589872,16.0697224248596,1,1,0,1,4.18428497606967,56.2882869823285,0.505455644056673,49.6458809213442,20.1781721418047,38.3166624128894,15.8468291294975,31.87476040479,52.1040020062589,49.1404252772875,18.1384902710847,16.0279312752925,1,1,0,1
590,100,1,1,"L'Ecuyer-CMRG","10407_-1985224442_914845582_-829911324_1855892532_1730494198_-1819139007","10407_571658292_1577055863_-1247841496_698689416_1328515919_1338223092",1605419014,2066206390,241801208,1338908110,127710036,761942199,1052386689,27.6929999999993,3.41100000000006,2.5570000000007,0.856000000003405,0.855999999999767,119.119999999999,1,NA,"3835e552db3f","not-a-git-build","bbd3d4119dab4c61438d29ca56ae93a0","confirmatory",177.512000000002,33.4703356145849,16.3283048087525,-32.561049157508,-13.8056156827853,-12.6718567584299,6.15837995072676,1120.26336615295,266.613537927529,1060.22192223765,190.595024380767,23.6766377930449,9.63950105135936,0,0.424,0.356,0.954,22.5764055587974,65.2140360956945,19.4598263980538,55.8149191237915,39.541947292092,15.7859221110787,-38.7707995581493,-13.1737100260981,-18.8816071590713,6.79028560741398,1563.56559565058,249.195336897043,1503.17489837819,173.546635851717,29.6645691249283,9.23692618745135,0,0.22,0.385,0.984,22.2358804142935,64.915268346347,20.434798454297,59.2987152224252,35.506089797093,16.3190937008521,-34.4890974772115,-14.1600425502192,-14.5999050781334,5.80395308329285,1260.68241267923,266.312819217191,1189.4978447926,200.506805024018,23.9079008503088,9.53670915459579,0.003,0.757,0.348,1,27.2730706992049,81.6935682241447,21.0985022115136,68.7395839374509,43.6244724884981,17.8757674267226,-42.8590896832281,-15.8697702335825,-22.96989728415,4.09422539992956,1903.09459989973,319.543061094276,1836.90156847499,251.849607266701,31.3085510002103,10.4551411155581,0,0.483,0.326,0.998,27.1216508341361,85.7191235838566,24.0815859745656,78.6137247452416,-41.0539111145432,15.2533426192607,-17.2896239042192,29.4645134508986,-22.0565424980296,-3.2183280911966,-2.51133619996102,14.7996707701162,56.3072537338038,46.7541373551179,18.838214406833,17.3110069700772,0,1,0,0,-44.2673134752499,7.56848730034815,-17.8586928514027,31.9569124316746,-27.5721949382516,-9.70034603591269,-2.28626421860076,15.1390195348978,51.8358007755981,49.8156052830773,17.8718489023389,17.4252837534985,0,1,0,0,-40.1031673831501,13.4047200177937,-16.3911354471184,29.0900118051506,-23.3042615299388,-6.33576111221909,-1.23475272373371,12.9122967827424,53.5078874009437,45.481147252269,16.9685004177197,14.1470495064761,0,1,0,0,-47.9215634839382,3.96495583922944,-18.4977600866411,28.6135098854385,-32.0352903049772,-14.9792012533718,-4.35898629852837,12.087072980431,51.8865193231676,47.1112699720796,17.0560890516054,16.4460592789594,0,1,0,0
591,100,1,1,"L'Ecuyer-CMRG","10407_-1685649185_456664959_31534851_-1132446057_1836774173_1114036920","10407_-1483767944_1531596816_1124210379_-1525375983_1206884321_-244034066",241801208,1338908110,127710036,761942199,1052386689,1253800360,155683442,30.0470000000023,2.93000000000029,3.05199999999968,0.909999999999854,0.854000000002998,122.388999999999,1,NA,"3835e552db3f","not-a-git-build","bbd3d4119dab4c61438d29ca56ae93a0","confirmatory",182.804,8.66078417105317,9.06108515837618,-4.39781309274713,1.44420440928279,15.3884567914192,20.9861221531819,75.0091824575652,82.1032642473451,19.3407599987381,2.08572637579185,5.6754999822999,5.47044132478316,0.803,1,0.662,1,23.3524048506371,66.7750879381212,19.2608190776325,55.5868462143455,8.48362944808021,9.44166755153442,-4.07888393988369,-1.98751404988979,15.7073859442827,17.5544036940093,71.9719686123338,89.145086153698,16.6372941950411,3.95021209850931,5.74211727737926,5.87104200162274,0.816,1,0.718,1,23.5290030467706,72.5422997688856,22.2966191740622,63.5849272862632,11.5376204459866,10.1801590825693,-7.83369344679146,-2.4583779356933,11.9525764373749,17.0835398082058,133.116685555647,103.635638946417,61.3667530183034,6.04362207470367,7.30384362468071,6.66792970957319,0.738,1,0.785,1,27.5425134044371,82.1196786005181,25.9019802147922,80.3578750147568,11.9601055910787,11.4918738455233,-7.95680967307584,-4.52964458298429,11.8294602110905,15.0122731609149,143.044125749752,132.063164481422,63.3108201735533,20.5176800481589,7.81614437577935,7.46983189080175,0.781,1,0.795,1,30.134731940555,93.9739663010198,29.0501072328116,89.2694678554188,-11.4496893550751,43.0088923558774,-0.125507997727123,42.0446323894057,6.05908189859394,24.5300334911236,13.6896303230323,28.1221113321655,54.4585817109525,42.1701403871328,18.4709515925297,14.4324810091332,1,1,1,1,-8.77178811446279,46.096527885625,-5.8341290788908,44.354406991627,7.11106080218806,23.6005153641097,8.83809399225682,26.1525171051505,54.8683160000878,50.1885360705178,16.4894545619217,17.3144231128936,1,1,1,1,-14.6778055513721,37.8174446484006,-6.35905142063723,43.9964610213656,3.12293634973915,20.8731621495643,7.65619635223662,26.6715284965513,52.4952501997727,50.3555124420028,17.7502257998252,19.0153321443146,1,1,1,1,-15.5730805805294,38.484848459677,-10.3136093213648,38.5362052037118,2.84380840356729,21.6453605652212,5.74059238439692,23.7490153782307,54.0579290402063,48.8498145250766,18.8015521616539,18.0084229938338,1,1,1,1
592,100,1,1,"L'Ecuyer-CMRG","10407_791583564_1423750046_-2016986179_-276779976_1345420991_-82524133","10407_-1302112594_11042246_2137453680_599775284_975194802_-733527602",127710036,761942199,1052386689,1253800360,155683442,542463222,1932669875,29.7380000000012,3.50900000000183,2.53700000000026,0.878000000000611,1.5099999999984,124.022000000001,1,NA,"3835e552db3f","not-a-git-build","bbd3d4119dab4c61438d29ca56ae93a0","confirmatory",183.968000000001,18.0873484712178,13.0983973115217,-16.2564649816055,9.37273747182863,3.27552279080003,28.7151928072093,327.152174719266,171.568012130478,264.272653698165,87.8482077158206,10.6979124846716,7.56874213472769,0.275,0.994,0.523,1,22.9965576039759,69.4666525802241,20.7237233004293,61.7521762599334,15.9813944066825,13.892801603876,-13.8564902418062,10.5687385116467,5.67549753059927,29.9111938470273,255.404967181941,193.00993640466,192.002321821271,111.698233727563,9.30211857030478,8.00716861892116,0.469,0.999,0.485,1,25.3410998118636,74.5048351710876,21.7238054359921,63.5797289829813,18.785302260794,12.4768115138231,-17.0103015975369,7.8800150390886,2.52168617486858,27.2224703744693,352.887581029392,155.670825551469,289.350360439167,62.0946370162625,11.0031706696219,7.4016625143079,0.409,1,0.641,1,30.127326665558,91.4426867215947,24.3297418980363,72.6551812576584,20.9604618585268,14.8606154489371,-18.6363481940022,11.7011261438248,0.895639578403333,31.0435814792055,439.340961322757,220.837891521188,347.313474008087,136.916353033701,12.4201143049582,8.8507766644163,0.46,1,0.565,1,35.7346047991339,108.965968118082,27.1623777953575,85.9565383159899,-24.413652869752,33.8644663282652,2.4530961597969,54.8156538504492,-6.09167912096356,12.4267355960135,19.9200296401971,38.0296404497019,58.2781191980172,52.3625576906523,18.5184147169771,18.1096108095049,1,1,0,0,-23.9085500751624,32.7613302507443,2.77923932399355,55.9751023854223,-3.7793737977183,16.2020189162373,21.1070210481183,39.417218139378,56.6698803259068,53.1958630614288,19.9813927139555,18.3101970912598,1,1,0,0,-28.6653623133886,32.220189005258,3.3848586783615,51.5034076895423,-7.68940654304136,12.3191561730091,18.1172313513913,36.0768001772117,60.8855513186465,48.1185490111808,20.0085627160505,17.9595688258205,1,1,0,1,-28.5910329769762,31.4189707675797,1.42615128019453,56.9193641956428,-9.79163136495858,10.0951161187561,22.98326113875,40.3072488486599,60.0100037445559,55.4932129154483,19.8867474837146,17.3239877099099,1,1,0,0
593,100,1,1,"L'Ecuyer-CMRG","10407_-62990849_770936207_-758521010_237206157_-2081317174_-1794588488","10407_556117990_-1389318665_-758108298_-1407400484_1989623948_582953946",1052386689,1253800360,155683442,542463222,1932669875,570139833,909374769,26.4770000000026,2.90899999999965,4.00600000000122,0.901000000001659,0.858000000000175,116.905999999999,1,NA,"3835e552db3f","not-a-git-build","bbd3d4119dab4c61438d29ca56ae93a0","confirmatory",172.280000000002,11.9158667495596,10.7580841731013,-8.60709175079501,6.89686511845085,11.7101849734312,27.4338293424454,141.987880393261,115.736375075533,74.0820284066035,47.5667484621041,6.92102208763344,6.34936941797467,0.63,1,0.636,1,22.9393103614936,64.3781862534688,20.7653104083863,60.5553818846006,11.824458949483,13.1518506273092,-3.54985513873821,10.0049165699063,16.767421585488,30.5418807939009,139.817829448008,172.971174923053,12.601471506026,100.098355570786,7.02966625717146,7.63989702919365,0.645,1,0.549,0.999,23.652305438733,68.7502155477156,23.0232064553435,65.5377881990959,15.5259153757892,13.0002879406595,-7.88978948746724,7.04091175950056,12.427487236759,27.5778759834951,241.054048256169,169.007486540058,62.2487781565486,49.5744384050732,9.04598592461277,7.86651736499957,0.584,1,0.72,1,26.9905133065024,82.499461487169,27.8899067750828,83.582307142476,16.5667116665767,12.8003799310543,-7.26447819636158,6.22868935461155,13.0527985278646,26.7656535786061,274.455935443489,163.849726379338,52.7726434654127,38.7965710762512,9.87028300216348,8.16876633996497,0.661,1,0.779,1,33.0225264654996,98.1944204822853,31.1025417261622,95.8782909505838,-12.4882491933695,36.3570465053498,7.0506331870131,53.3623590457837,2.82386047318576,20.2625603920908,18.3575182100623,35.7825452325055,48.8452956987192,46.3117258587706,17.4386999189051,17.4250270224432,1,1,0,1,-6.30286603161623,40.0443048811675,5.86754396813526,58.5151988664179,7.14134528546007,26.0371304485772,20.9423352291653,39.8512474703213,46.3471709127838,52.6476548982827,18.8957851631172,18.908912241156,1,1,1,0,-8.72951268188668,34.892126137779,2.86859192125495,51.5849421053804,4.29661481258396,20.130031905822,18.4136819718384,36.4394216903524,43.6216388196657,48.7163501841255,15.833417093238,18.025739718514,1,1,0,1,-8.92129867523023,37.1562830894592,3.18236054109744,51.9148799756449,3.67976926039789,21.5913474593969,17.9652973264976,35.2429627646685,46.0775817646894,48.7325194345475,17.911578198999,17.2776654381709,1,1,1,1
594,100,1,1,"L'Ecuyer-CMRG","10407_618563833_753570248_-1769120266_1048472031_-1840025276_600670435","10407_1574745421_-927039191_-1657195180_222188213_-1432454081_426707135",155683442,542463222,1932669875,570139833,909374769,1764876697,339249558,26.6679999999978,2.46299999999974,2.50500000000102,1.13700000000244,0.848000000001775,114.151999999998,1,NA,"3835e552db3f","not-a-git-build","bbd3d4119dab4c61438d29ca56ae93a0","confirmatory",170.958000000002,13.3082145809206,9.34159529603826,10.5183078290229,-2.0441512542874,30.3240372082838,17.5580855854283,177.108575331828,87.2654026749641,110.634799586085,4.17855435040473,7.66362516216598,5.57902734345134,0.491,0.999,0.638,1,20.9719931730418,60.2545734980893,18.7050097479036,55.7333689875194,17.8491504968779,9.48137340560657,15.8567982736142,-2.20210801958253,35.662527652875,17.4001288201332,318.592173460197,89.8964416565436,251.438051490094,4.84927972990969,10.4597548083022,5.81889950310769,0.315,0.985,0.708,1,23.3681417160337,66.8570466174939,21.6545204638087,62.2581743589974,15.2021738663775,10.4992994984745,12.2870649690477,-2.53603838461832,32.0927943483086,17.0661984550974,231.106090263571,110.235289958667,150.971965553599,6.43149068825751,8.92859390906383,6.44412879743959,0.572,1,0.712,1,27.5098808553771,82.7958729395134,23.2763131257126,69.9862981441448,15.5590382391876,11.564531269566,12.7682455675451,-2.78460835846189,32.5739749468059,16.8176284812538,242.083670928501,133.73838348477,163.028094873134,7.75404371001583,9.390878191689,7.41522543604982,0.607,1,0.772,1,30.6586954013997,96.3969701678803,28.2038650765203,87.7073991323266,5.95365353471828,51.6193338788349,-6.54252824186779,41.4332456306687,21.753555538229,38.8605991141822,9.94876360424131,25.3232701968559,45.6656803441166,47.9757738725365,17.1070435759532,15.3745065926146,1,1,0,1,9.59384505957854,61.3945663489076,-9.5324739786451,41.6363967733961,27.0860376300735,44.217299041791,8.78982153748989,26.3422740185209,51.8007212893291,51.1688707520412,17.1312614117175,17.552452481031,1,1,0,1,8.33853862546832,56.0807786480954,-5.70892300125118,41.8308977480415,23.6359391974813,40.9691351435674,9.2224995652955,24.6681404125744,47.7422400226271,47.5398207492927,17.3331959460861,15.4456408472789,1,1,0,1,6.23464400267991,58.520543029555,-11.1100026737987,41.9644407839749,23.9397311284553,41.5979252681929,8.45175864247057,25.8737264913786,52.2858990268751,53.0744434577736,17.6581941397376,17.4219678489081,1,1,0,1
595,100,1,1,"L'Ecuyer-CMRG","10407_1344177196_-1393515277_1303667094_-915416466_1199404638_759698464","10407_-1243080119_1218475349_-2110671647_2044858604_770330754_199425463",1932669875,570139833,909374769,1764876697,339249558,1241358614,1387906558,26.9639999999999,2.85699999999997,2.5769999999975,1.25600000000122,0.826000000000931,116.245999999999,1,NA,"3835e552db3f","not-a-git-build","bbd3d4119dab4c61438d29ca56ae93a0","confirmatory",173.608,13.6874661229398,10.5414011298375,9.90172742005552,5.74862685905014,30.0201819580243,25.8040874970014,187.346728866625,111.12113778014,98.0442059010794,33.0467107645927,7.90370139829763,6.37569915358963,0.596,1,0.708,1,24.1604480316154,69.4545465808847,22.3869941958761,66.3690364549613,20.1453130997494,11.7844796272832,16.5253474673186,8.18946081543087,36.6438020052873,28.2449214533821,405.833639886937,138.873960085853,273.087108915613,67.0672684474776,11.8961731371217,6.89055381828838,0.365,0.913,0.601,1,23.2504175095343,67.4659735393793,22.1584701990673,62.9070679273562,21.3464788924485,10.2779068690234,11.2980354505144,3.326502950241,31.4164899884831,23.3819635881922,455.67216110575,105.635369608318,127.64560504108,11.0656218779621,12.3580471939951,6.75839636409725,0.48,0.962,0.809,1,30.1233297003496,89.3327019898779,27.1640826148335,80.3197896218448,23.9581876157949,10.9661763957626,10.0892762753787,0.974754026539287,30.2077308133475,21.0302146644905,573.994753833629,120.257024742981,101.79349576092,0.950145412254553,14.0435069626747,7.85078537932553,0.486,0.998,0.892,1,38.4023149983629,114.099474794836,34.7241553993792,101.500843883518,3.73306176145153,55.6304995156365,0.253765511123054,55.110391513273,20.9394607933394,38.763163620812,16.7157106086905,34.8858863893197,51.897437754185,54.8566260021499,17.8237028274726,18.1701757806292,1,1,0,1,14.2984336175282,58.2427487927015,5.84137479482137,52.6084875741847,28.9610347259841,45.2915637980502,19.1240307780162,37.2644632091439,43.9443151751733,46.7671127793633,16.3305290720661,18.1404324311276,1,1,0,1,6.61830897324105,57.6481233808984,-3.64000630916973,48.9681015047621,22.5833143833239,40.8923052471449,14.7180476099186,31.5595026425439,51.0298144076573,52.6081078139318,18.3089908638211,16.8414550326254,1,1,0,1,2.35088879075044,59.9340986956717,-11.1361718762794,49.0500586070338,19.730708592069,39.4448450100849,11.8543521327248,30.5681182668659,57.5832099049213,60.1862304833132,19.7141364180159,18.7137661341411,1,1,1,1
596,100,1,1,"L'Ecuyer-CMRG","10407_-1109960394_792663632_2095446360_1075283644_-1425243740_-1737072690","10407_-303272286_915088851_409479844_-1036248735_1770720155_-38324681",909374769,1764876697,339249558,1241358614,1387906558,2138274702,1782725223,27.6410000000033,3.40799999999945,2.48500000000058,0.854999999999563,0.851999999998952,115.168999999998,1,NA,"3835e552db3f","not-a-git-build","bbd3d4119dab4c61438d29ca56ae93a0","confirmatory",170.236000000001,20.9099926938199,13.370291203455,-19.4704041130752,-9.81098682683301,0.326941261861033,9.75864520930892,437.227794455604,178.764686865185,379.096636326454,96.2554625162908,13.0547961474215,7.67743362487428,0.109,0.929,0.478,0.965,19.8970727357675,58.9564384799601,18.089681647947,52.074029616924,16.2591408773601,11.551858616171,-14.3243804913395,-7.16430277367405,5.47296488359671,12.4053292624679,264.359662069842,133.445437488005,205.187876460668,51.3272342328737,9.53371758757997,6.64134789988881,0.303,0.974,0.562,1,20.2523364339751,60.0554307999947,18.4158351224201,54.3408485710766,23.7857447259353,13.6818134235403,-22.4301626109865,-10.120521395036,-2.63281723605026,9.44911064110597,565.761652167358,187.192018556566,503.112194755295,102.424953307381,14.6148623696823,7.95620755683397,0.114,0.963,0.538,1,24.5912313482625,74.6818161087145,22.4045814632438,69.4316401666395,24.8389365109775,14.9374405265493,-23.2984862446817,-11.4200810432773,-3.50114086974553,8.14955099286464,616.972766996371,223.127129484196,542.819461293624,130.418251035021,15.0085665359331,8.71016421698876,0.144,0.975,0.549,1,28.2412352251844,84.5988889131489,26.1174999917987,77.0168633950004,-21.1330375282613,25.614711869363,-12.6639102525143,32.8812431250979,-9.04223287065597,8.9395511575346,2.91659204428341,17.6924173432912,46.7477493976243,45.5451533776122,17.9817840281906,14.7758252990077,1,1,0,0,-21.6077364214745,27.3955958520805,-8.43371769190311,33.6104782492454,-1.94948120614637,13.3225295376657,4.55568157015985,18.9671457482532,49.003332273555,42.0441959411485,15.2720107438121,14.4114641780934,1,1,0,0,-24.9598623568487,18.5437963911618,-13.4623444727227,31.5906860347118,-10.0329090062225,5.15973782964454,2.16230219602403,16.8446584473376,43.5036587480105,45.0530305074345,15.1926468358671,14.6823562513135,0,1,0,0,-27.0223905923118,20.0509043346516,-15.8062039674637,35.1001293555212,-11.3472487037012,5.18943037457621,-0.216162485971544,16.5210966587343,47.0732949269635,50.9063333229848,16.5366790782774,16.7372591447058,1,1,0,0
597,100,1,1,"L'Ecuyer-CMRG","10407_-635287953_2031795432_-700977419_-1221446833_-251077817_-222798999","10407_-2044439638_1306380058_-74564495_16839834_1517760877_661511527",339249558,1241358614,1387906558,2138274702,1782725223,910920944,1116325357,27.9180000000015,3.09700000000157,2.59299999999712,0.878999999997177,1.14900000000125,115.934000000001,1,NA,"3835e552db3f","not-a-git-build","bbd3d4119dab4c61438d29ca56ae93a0","confirmatory",174.213000000003,9.46839464667768,12.4001711803185,5.04817008240865,8.73833912932884,25.5049633824787,28.9950328392644,89.6504971852346,153.764245301201,25.4840211809257,76.3585707391594,5.62799956382298,7.17050037335412,0.712,1,0.531,1,19.8930919729406,55.5799831245821,20.2096346480301,60.3811841193526,14.8193222708866,17.3242249116368,11.6154353928583,15.1829218049615,32.0722286929284,35.4396155148971,219.612312568396,300.128768788977,134.918339365664,230.521114535577,8.52016532184572,10.1398107620962,0.489,0.975,0.339,0.995,21.7033142991904,61.3584962567893,23.0077592436688,66.0025445673901,14.9868225672662,14.0437376762961,7.09707205340759,11.3034918455886,27.5538653534777,31.5601855555242,224.604850662721,197.226567920618,50.368431731259,127.768927903288,8.65643749659613,8.46616328413291,0.59,1,0.617,1,26.9249704712383,78.7529529500583,28.4850968939407,86.5074439219608,14.6770100420144,14.6374040265507,6.61550988773029,9.76848549386314,27.0723031878004,30.0251792037987,215.414623773392,214.253596636483,43.7649710746572,95.4233088438146,8.77089187101575,9.11562432152894,0.645,1,0.724,1,29.2803290015858,88.133758537526,33.460098656561,102.595232271673,2.27067289695542,47.7037149153851,6.20965993502714,53.668489903088,18.1863115999106,33.1388287916764,20.7055490199325,37.2653112627871,45.4330420184297,47.4588299680609,14.9525171917659,16.5597622428546,1,1,1,0,9.11100446344513,55.6003215766331,9.321443198344,59.929433173659,23.7639544942757,40.1345709549121,25.7596906322202,45.3504118983841,46.489317113188,50.607989975315,16.3706164606365,19.5907212661639,1,1,0,0,5.34959939424948,48.9540685628268,5.24094913705577,57.9479112628417,18.9056060484701,35.181312162659,22.6487052589515,40.5579130456918,43.6044691685774,52.7069621257859,16.2757061141889,17.9092077867403,1,1,1,0,6.52558055983369,49.657543631908,0.850342825353637,60.3848079375993,19.1061527890617,35.1579284045149,20.4054396219414,39.1270693364551,43.1319630720743,59.5344651122456,16.0517756154532,18.7216297145137,1,1,1,0
598,100,1,1,"L'Ecuyer-CMRG","10407_671286802_-739638702_-690273334_1513999733_2125629574_580130665","10407_1837474473_-591489747_1733824113_-944623381_-1086442444_12130062",1387906558,2138274702,1782725223,910920944,1116325357,1424370545,1336401170,28.1980000000003,2.59600000000137,3.58899999999994,0.836999999999534,0.832999999998719,116.659,1,NA,"3835e552db3f","not-a-git-build","bbd3d4119dab4c61438d29ca56ae93a0","confirmatory",174.049999999999,8.87308687872248,10.1420134845176,5.13815554476088,-4.95916842389935,25.335057166462,15.3538954881913,78.731670757357,102.860437520136,26.400642402157,24.5933514566004,5.80545507252059,6.10395442000304,0.809,1,0.685,1,23.27195752661,68.0619360321205,21.2978129071095,62.425515846404,13.6310507779457,9.5715594179076,11.3719174152462,-2.75462867204237,31.5688190369473,17.5584352400483,185.805545310935,91.6147496905356,129.320505699181,7.5879791208379,7.99801656529891,6.03254003584513,0.53,1,0.723,1,24.3897459243046,70.9360115221709,22.7950311182713,67.2596815004249,10.8355119065743,9.63585589785431,7.48722504447673,-3.28604153840553,27.6841266661778,17.0270223736852,117.408318277514,92.8497188842136,56.0585388666395,10.7980689921266,7.20389323453659,6.60300452761926,0.809,1,0.828,1,29.1824845947209,86.113642608626,27.5102342577867,82.1014113294545,10.3098488823306,10.2365322950752,5.22343430488088,-2.36559084892935,25.420335926582,17.9474730631613,106.292983976494,104.786593428117,27.2842659374064,5.5960200645383,7.69275268211418,7.27250156816677,0.888,1,0.874,1,33.7566407782697,104.546557921989,30.8335317719535,94.1911899805967,-3.19146310055829,56.4834027933,-10.1489053523341,42.3472602510656,15.2625927588945,33.6573650621058,6.3608893219863,24.7584591842172,59.6748658938583,52.4961656033997,18.3947723032113,18.3975698622309,1,1,1,1,3.33395293867606,59.6529410794478,-7.63045381303322,46.7455953467396,21.1241940117946,41.7115178138688,8.29080100983773,26.6439283923594,56.3189881407717,54.3760491597728,20.5873238020743,18.3531273825217,1,1,0,1,-4.75697155972636,58.623993867695,-11.4898666961729,44.35539945595,17.2454285301855,38.1334453550019,7.50836333767203,27.354993833026,63.3809654274214,55.8452661521229,20.8880168248164,19.846630495354,1,1,1,1,-8.38107205995442,57.8198070320051,-9.64087748775288,45.5811892312013,13.488835541914,38.4305549320255,9.59693097744922,28.2318473432203,66.2008790919595,55.2220667189542,24.9417193901114,18.634916365771,1,1,1,1
599,100,1,1,"L'Ecuyer-CMRG","10407_1325690759_119578267_-1344362454_1230516281_1747850688_-1317226825","10407_1027587019_-1689762169_-615384928_-1903782943_-230585593_-1925472888",1782725223,910920944,1116325357,1424370545,1336401170,1007391010,784119284,28.1620000000003,4.11900000000242,2.59900000000198,0.868000000002212,0.931000000000495,116.319,1,NA,"3835e552db3f","not-a-git-build","bbd3d4119dab4c61438d29ca56ae93a0","confirmatory",174.099000000002,12.8431093872403,11.606040495933,9.82278339511059,-7.13651459067803,29.4803853011907,12.4708844408672,164.945458732619,134.700175993238,96.4870736272604,50.9298405029603,7.46850735021358,6.83601142722818,0.544,1,0.626,0.999,20.9825466161453,60.6416402985244,21.3750661960418,64.1334224867719,20.8072837459857,10.3087639025128,19.4472623386339,-4.16171915970264,39.104864244714,15.4456798718426,432.94305688596,106.27061319775,378.19601246765,17.3199063642361,13.0523792601054,6.5366992060587,0.114,0.872,0.764,1,19.8038425584495,57.3459049711383,24.9781528725175,73.8358360511428,17.7762001381684,10.2729604897396,15.9198167588575,-2.57894893842342,35.5774186649376,17.0284500931219,315.993291352218,105.533717223752,253.4405656356,6.65097762699528,10.3482011752485,6.87845429165285,0.328,0.999,0.836,1,24.3638365159212,73.9477900771786,27.8187521164149,85.9371842441597,15.8904160040055,11.9323121249031,13.8558069335651,-5.86671993121912,33.5134088396452,13.7406791003261,252.505320780353,142.38007264611,191.983385780232,34.4184027513637,9.28091874142203,7.9784253777602,0.46,1,0.801,1,25.8565052671566,83.8696282327863,31.0539284485643,99.6831396004519,6.67874142971234,56.8198522245275,-16.2003750991858,37.040803952016,20.2532974953413,37.5124463849321,3.86662049349779,21.3690673679693,50.1411107948151,53.2411790512017,17.2591488895908,17.5024468744715,1,1,0,1,19.7692085929369,60.8568569853731,-13.5673560089781,44.4342304522339,31.1250471229956,46.6868418359744,6.04969025441678,25.5594060407814,41.0876483924362,58.001586461212,15.5617947129787,19.5097157863647,0,1,0,1,10.1935565540118,57.4652410531035,-6.74194598705858,44.5117835199979,27.4336583911591,44.1937047077189,7.81244927467921,26.7221722302334,47.2716844990918,51.2537295070565,16.7600463165597,18.9097229555541,1,1,0,1,9.54773715547732,55.9407734998682,-14.0540245315185,40.6450962279368,26.1812589585729,40.9927653641734,4.61185123778892,23.5419654588289,46.3930363443909,54.6991207594553,14.8115064056005,18.9301142210399,1,1,0,1
600,100,1,1,"L'Ecuyer-CMRG","10407_1613969792_-774563798_1805461729_-1453619928_-1933950763_875157927","10407_-603615255_-2114746662_1101345789_880942347_490438093_312934502",1116325357,1424370545,1336401170,1007391010,784119284,140011322,1775535254,29.242000000002,2.52800000000207,2.52300000000105,1.5,0.848999999998341,117.915999999997,1,NA,"3835e552db3f","not-a-git-build","bbd3d4119dab4c61438d29ca56ae93a0","confirmatory",175.274999999998,15.0442639974226,16.1445516784123,-12.782971989622,-13.7179211970374,7.16295041176984,6.24427215806339,226.329879224145,260.646548896924,163.404372887462,188.181361968127,8.7468514853273,9.38764179983735,0.413,1,0.4,1,22.0581242353549,65.2427934866727,22.749766056656,68.4711986955532,15.4737435168618,19.8015479249157,-13.4429122433346,-17.848788095369,6.50301015805724,2.11340525973179,239.436738425623,392.101300222734,180.711889581996,318.579236473385,9.01105930361463,11.7391815662138,0.414,0.998,0.269,0.99,22.3610234459681,65.7194240836682,24.3798853458909,70.9666111327909,19.3672441755497,15.6689574404752,-17.37290220765,-12.0564527841329,2.57302019374184,7.90574057096789,375.090146955364,245.516227271422,301.817731116571,145.358053736025,11.3213826973418,9.31352144187422,0.305,1,0.565,1,25.5591241256465,77.3088792898244,28.0671632632764,88.9953813782457,20.3859408909587,20.5914524250584,-18.9740746709924,-18.1948977174904,0.971847730399486,1.76729563761031,415.586586009661,424.007912973442,360.015509620395,331.054302949939,12.0703096364199,11.9965867633168,0.334,1,0.39,0.996,31.8783794293525,97.1223715539136,29.9617602095172,95.7499902021601,-19.6168347767588,36.0618089168352,-21.4136236943699,37.8919488943539,-2.3465266029009,16.328988868901,-4.3765244888317,15.8589234494407,55.678643693594,59.3055725887238,18.6755154718019,20.2354479382724,1,1,0,0,-22.5029294138409,31.4695951761954,-24.9981138345839,31.6909501455798,-1.58927938016012,16.0539076567719,-8.96079437100147,12.6898987331063,53.9725245900363,56.6890639801637,17.6431870369321,21.6506931041078,1,1,0,0,-25.9008460610321,28.7603100786443,-19.4327237898114,34.143225710101,-6.80062475414392,12.3944282754525,-1.78353447190095,17.3191827960039,54.6611561396763,53.5759494999125,19.1950530295964,19.1027172679048,1,1,0,0,-28.2673425574944,34.2142330440285,-27.6917934617421,27.791497521217,-10.4192814972127,11.2892137795546,-6.77535372221091,11.3719190694274,62.4815756015228,55.4832909829591,21.7084952767673,18.1472727916383,1,1,0,0
601,100,1,1,"L'Ecuyer-CMRG","10407_1256315059_156782931_734358996_-647505778_-809253811_-1446191010","10407_2112355305_983347324_69179300_-2123496629_914975157_-616244634",1336401170,1007391010,784119284,140011322,1775535254,1666566850,1042729456,27.1330000000016,2.90099999999802,2.77100000000064,0.883999999998196,0.836999999999534,118.168000000001,1,NA,"3835e552db3f","not-a-git-build","bbd3d4119dab4c61438d29ca56ae93a0","confirmatory",173.830000000002,23.1021881092067,9.1742420675334,21.5505337522907,-1.69273370281914,41.746805877685,18.4695587950204,533.711095433173,84.1667175136996,464.425505008622,2.86534738865981,14.6334469306659,5.71793697602331,0.106,0.847,0.707,1,21.123389754302,62.1281553032405,21.509003556544,61.851661058042,24.3501746589673,9.71428717174625,22.5577321675413,-2.93262745009765,42.7540042929355,17.2296650477419,592.931005922214,94.3673752551538,508.851280542527,8.60030376106625,14.9640645235399,5.90745862055539,0.153,0.94,0.673,1,25.5810780379983,72.5713103673483,21.6176795541386,59.6012323649544,21.7511643693414,11.1334080469883,18.9781908783501,-5.33761488467627,39.1744630037443,14.8246776131632,473.113151422106,123.952774740744,360.171729015091,28.4901326571177,12.7564118516446,6.89716348144455,0.3,0.978,0.705,1,27.9828835977281,83.8675376130284,24.5668966159035,74.4883429242992,20.3581828548936,12.2677177764445,15.8995999984626,-5.0788173044204,36.0958721238568,15.0834751934191,414.455609153285,150.496899442493,252.797280111112,25.7943852116801,12.1224879276612,8.09365391431322,0.526,1,0.755,1,36.9312561661989,113.780146116973,30.1576326357659,96.3688474934081,20.0972025390427,65.8760563550354,-5.28988348391186,45.5412738564137,33.7325054807106,49.6073055767074,9.7793495145124,27.2427665793152,45.7788538159927,50.8311573403255,15.8748000959968,17.4634170648028,1,1,0,1,14.0250930883459,66.5648728845044,-6.18939635429582,39.6363625168083,33.3966835630566,53.4909138544496,9.06281225744868,26.0857622193694,52.5397797961585,45.8257588711041,20.094230291393,17.0229499619207,1,1,0,1,13.9682825341438,66.0878341752031,-8.69898841340451,41.3383952891978,31.0259558350371,47.1899134676048,6.70246201138766,23.0260108261208,52.1195516410593,50.0373837026023,16.1639576325677,16.3235488147332,1,1,0,1,5.86771607143769,64.7377264804594,-10.6382018596111,39.7282516697948,26.0427304139502,46.0052012335095,5.96323209512169,23.831790765273,58.8700104090218,50.3664535294059,19.9624708195593,17.8685586701513,1,1,0,1
602,100,1,1,"L'Ecuyer-CMRG","10407_2129140401_-375744754_-2052802166_807117236_-2010534313_-496010419","10407_1940329254_1203970940_-1409214718_126187680_1488121068_594520307",784119284,140011322,1775535254,1666566850,1042729456,1590229409,1694356719,28.2979999999989,2.59799999999814,2.53400000000329,1.02600000000166,0.852999999999156,114.849999999999,1,NA,"3835e552db3f","not-a-git-build","bbd3d4119dab4c61438d29ca56ae93a0","confirmatory",172.965,9.10110840822845,13.0487204937658,-4.93594206078084,-9.06400641388226,14.9569087331948,10.7889906209928,82.8301742583266,170.269106524423,24.3635240273854,82.1562122708988,5.82269299335312,7.63534657501997,0.797,1,0.569,1,23.7991140979614,65.0682402307104,23.3634763770468,69.7266820350476,9.76599091732211,10.8255295313718,-5.71331624263694,-5.05988583906498,14.1795345513387,14.7931111958101,95.374578597218,117.192089634603,32.641982488379,25.6024447043703,6.4310135762,6.51073745181854,0.816,1,0.67,1,26.3314984373627,76.2687930767206,23.0009514011638,65.161361681009,13.6218732676575,15.5938591802317,-9.69132606416241,-11.2927008318219,10.2015247298132,8.56029620305317,185.555431320121,243.168444132896,93.9218008819138,127.525092077031,8.32967843464766,9.07985162735928,0.694,1,0.552,1,29.4621711623842,87.9784250923925,26.808352825306,82.4952318996191,17.9125595458346,15.4873287041759,-14.4542146720621,-10.9291021204743,5.43863612191349,8.92389491440079,320.859789483069,239.857350391192,208.924321786057,119.445273159755,10.8165311642721,9.28835256184829,0.594,1,0.63,1,35.4864280490727,106.740780093677,30.7993612148174,91.6311015653426,-13.7725972018348,41.5490201642986,-18.76050377749,43.3834381099871,4.80891678297157,25.9033277288835,0.346714672809648,21.4638572683051,55.3216173661334,62.1439418874771,21.094410945912,21.1171425954954,1,1,1,1,-18.9674236480989,44.368435834138,-13.008015552712,40.8947765928192,3.37641119878527,26.0210108818171,5.33733182482119,25.233692523334,63.3358594822369,53.9027921455312,22.6445996830318,19.8963606985128,1,1,1,1,-15.773471704032,39.5054566454638,-20.3447894089831,37.7623404024065,0.357440791708109,19.8717908813655,-1.48932674934767,18.5928926950696,55.2789283494958,58.1071298113895,19.5143500896574,20.0822194444172,1,1,0,0,-26.0727267891558,37.2909388498178,-21.2908924846409,39.6689489993093,-7.55257634970676,16.8237343294307,-1.93334876047795,19.441194810082,63.3636656389736,60.9598414839502,24.3763106791375,21.3745435705599,1,1,0,0
603,100,1,1,"L'Ecuyer-CMRG","10407_1513031917_1408887054_-406946859_285370230_-2040154141_-1161074243","10407_-1645548603_-1905220620_-948967022_614164314_1872687755_-827069588",1775535254,1666566850,1042729456,1590229409,1694356719,1721690967,887661547,26.2409999999982,2.83599999999933,3.9910000000018,0.860000000000582,0.854000000002998,114.538,1,NA,"3835e552db3f","not-a-git-build","bbd3d4119dab4c61438d29ca56ae93a0","confirmatory",170.273000000001,10.3334729638205,14.6553001355529,-6.40961218132317,11.5043214489157,13.5554931459566,31.3728287130952,106.780663494009,214.777822063136,41.0831283149664,132.349411999981,6.35100381870668,8.484654453237,0.71,1,0.484,1,22.7209423336142,68.2202100431699,23.0359668093398,64.5067947731161,9.77236382007499,14.7316809137199,-4.73720510219171,11.3958369211611,15.227900225088,31.2643441853406,95.4990946319108,217.022422543658,22.4411121802311,129.865099133698,6.36303384663582,8.55184550176174,0.777,1,0.532,1,24.0636130069955,76.2812798699909,23.4548815209139,71.3843721289433,12.231631813315,13.4573830288122,-8.31235402245134,8.59894174496126,11.6527513048284,28.4674490091408,149.612816816501,181.101157984164,69.095229394563,73.9417991332374,7.69327770305512,8.30733024942611,0.698,1,0.68,1,27.4730222343111,84.5388200352916,28.874428003529,90.6463989027556,16.4305361615289,14.1885969544773,-13.6985330696671,10.621106518126,6.26657225761265,30.4896137823055,269.962518555309,201.316283536603,187.649808260763,112.807903669378,9.78102556313556,8.72707695567689,0.557,1,0.696,1,31.2338475982805,97.1828266841353,31.7345037052698,93.3227468607069,-14.9988068360568,40.3349273580029,5.33310817678311,56.8041747431751,4.31753711539853,24.0812433528557,22.1511235982237,40.2146996544451,55.3337341940597,51.471066566392,19.7637062374571,18.0635760562215,1,1,1,0,-16.0401475733309,43.9370378927448,4.85775973560909,64.6100497777721,6.10848373850195,24.9907084787407,22.0842465593329,39.2396141762915,59.9771854660756,59.752290042163,18.8822247402388,17.1553676169586,1,1,1,0,-18.7298456063088,42.6233610207732,-2.3212874937028,56.1865018392683,1.93040074288812,21.3534496452914,18.875568588051,39.4449414895015,61.353206627082,58.5077893329711,19.4230489024032,20.5693729014505,1,1,1,1,-21.7501554440759,36.6502067876803,4.65456484818732,59.2422025937071,-4.39850081192952,16.5052772163594,19.031612129807,41.4889996051548,58.4003622317562,54.5876377455198,20.9037780282889,22.4573874753478,1,1,0,1
604,100,1,1,"L'Ecuyer-CMRG","10407_-1277507871_417043239_-138176585_323585100_-677566464_-825017379","10407_841065313_-1306848008_-660462206_762648178_-1903536276_1754370374",1042729456,1590229409,1694356719,1721690967,887661547,519417643,758815793,27.8430000000008,3.72499999999854,2.50799999999799,0.840000000000146,0.914000000000669,114.923999999999,1,NA,"3835e552db3f","not-a-git-build","bbd3d4119dab4c61438d29ca56ae93a0","confirmatory",171.362000000001,9.64135768181085,10.6041901804234,5.49412077658046,-6.04056882842332,25.8195465889936,14.3286282081967,92.955777948613,112.448849382588,30.1853631076531,36.4884717709195,5.86047677536606,6.21633986454314,0.675,1,0.624,0.999,20.0937979673493,61.5831939791885,19.0409312900501,59.417931111158,15.6690952568426,9.67063827858882,13.3878544902957,-4.96066921634088,33.7132803027088,15.4085278202791,245.520546168008,93.5212447153072,179.234647853331,24.6082390739521,9.13669613186856,6.03754125492483,0.411,0.99,0.739,1,21.9947698855997,66.0621642641565,23.1340209213767,66.8497385851631,9.38759295970798,9.77996119867411,5.1391150513281,-3.82515387721369,25.4645408637412,16.5440431594063,88.1269015771587,95.6476410475711,26.410503510787,14.6318021843629,6.34898040692325,6.61413844697132,0.797,1,0.822,1,25.0326983536847,78.2999585876695,27.0174973024157,81.8736173305583,10.5574521908704,12.3129728971071,6.24529607744695,-6.54664337031588,26.5707218898601,13.8225536663041,111.459796762515,151.609301564893,39.0037230949742,42.8585394181009,7.56925983223247,8.209153028621,0.897,1,0.826,1,32.286220682346,99.6066217060046,33.7523791187486,100.716887642779,-1.86538246000584,48.2814504701295,-7.27828862400366,36.4626858294228,18.2604317618723,33.906847336802,7.39208612651099,20.9329014297281,50.1468329301353,43.7409744534265,15.6464155749297,13.5408153032172,1,1,1,1,13.320918757988,61.5550891691551,-10.8334106424905,41.1352878427197,25.3709169339908,41.3736605659721,5.84860138098277,23.9146487747141,48.234170411167,51.9686984852102,16.0027436319813,18.0660473937313,1,1,0,1,1.40113000949559,48.556547076524,-8.54010373580905,41.7069168573741,17.0751245890925,33.7161709123162,6.88308829539811,25.801777664293,47.1554170670284,50.2470205931832,16.6410463232237,18.9186893688949,1,1,1,1,1.42170776310995,54.6294718522993,-16.6817225193903,43.8316013004263,16.5796534967804,36.2489386372696,3.27716823624141,25.0924534821517,53.2077640891893,60.5133238198166,19.6692851404892,21.8152852459103,1,1,1,1
605,100,1,1,"L'Ecuyer-CMRG","10407_-1172222933_1426356406_1502101025_1931638128_787253618_-1884887126","10407_248040369_-1253422_1848541411_-576039730_87210640_-779467457",1694356719,1721690967,887661547,519417643,758815793,985691094,2132249802,27.2840000000033,2.94900000000052,2.57400000000052,1.01400000000285,0.850999999998749,117.325000000001,1,NA,"3835e552db3f","not-a-git-build","bbd3d4119dab4c61438d29ca56ae93a0","confirmatory",175.102999999999,13.0844713315369,12.6233871739913,10.7898164438106,9.61237589264483,30.6466670581453,29.4330390006481,171.203390025812,159.349903744487,116.420138891127,92.3977703014995,7.70989969442834,7.37994593078414,0.561,1,0.527,1,24.4591090127929,71.3515365254436,22.0048510259381,63.1816680479716,20.4737375495563,21.760925540832,18.8176348271288,20.1386713732158,38.6744854414635,39.9593344812192,419.173929248112,473.537880393634,354.10338048717,405.566084678384,12.0699155127488,13.2790519060844,0.268,0.998,0.175,0.94,26.8863080422745,80.9059940752016,22.5721080455878,66.9830545516305,16.9310328534672,14.7971264258666,14.6182204419877,11.2743561593085,34.4750710563224,31.0950192673118,286.659873485185,218.95495046308,213.692368890548,127.111106806938,9.96510866504889,8.77826217565076,0.522,1,0.618,0.999,29.9483107259328,89.2702683820225,28.2019691262118,82.6741298050757,18.8403951965003,14.0959920044245,17.1110569361604,9.61183251082268,36.9679075504951,29.432495618826,354.960491160311,198.6969905888,292.788269472524,92.3873242161078,11.1435898240915,8.86359241990961,0.535,1,0.692,1,34.5895684644987,102.066764900061,32.1355748910743,98.3653167072171,-0.401393405623986,61.0774818440601,0.475524865823865,56.1870278933805,20.0957800079542,41.1565803340609,20.5776825865403,39.1549335059563,61.4788752496841,55.7115030275566,21.0608003261067,18.5772509194161,1,1,0,0,4.50678963431089,73.7447035036066,12.5169995025875,66.1339260357578,27.0117595686647,50.0264007528275,30.7027395852872,49.9227268449939,69.2379138692957,53.6169265331703,23.0146411841629,19.2199872597066,1,1,0,0,5.5446948264365,66.9818400431085,2.81107579495152,59.6162232345249,23.1826366499156,44.6788611549008,20.346500131091,40.8579601029422,61.437145216672,56.8051474395733,21.4962245049852,20.5114599718512,1,1,0,0,3.23703521534855,69.8778968470062,0.525050776270535,59.6321890762451,25.5172875017857,47.6819176668511,19.8941437231562,39.0935607409169,66.6408616316576,59.1071382999746,22.1646301650654,19.1994170177607,1,1,0,0
606,100,1,1,"L'Ecuyer-CMRG","10407_553687000_2041218919_-214835622_-790640215_1186925069_-1967396813","10407_940976648_-2086331621_1798605382_-222915449_1911604309_859778269",887661547,519417643,758815793,985691094,2132249802,2000883933,993761747,28.3319999999985,2.66200000000026,2.95699999999852,0.859000000000378,0.829999999998108,116.689000000002,1,NA,"3835e552db3f","not-a-git-build","bbd3d4119dab4c61438d29ca56ae93a0","confirmatory",173.647000000001,9.41637447089687,13.4947042619331,3.45921440131451,-9.77283137871039,23.0262094483508,10.1124823911911,88.6681081761583,182.107043117036,11.9661642742617,95.5082331567065,5.90123305452857,7.77233721655124,0.726,1,0.55,1,21.7834967398965,66.0935783515557,22.5014459635963,64.380402272729,10.5163099172375,10.9639220650902,5.52456189027323,-5.85390638910477,25.0915569373096,14.0314073807967,110.592774275388,120.207587049371,30.5207840794593,34.2682200124017,6.60834025320954,6.78837244030247,0.75,1,0.732,1,25.5610701228101,71.7841609186931,26.3507140573492,72.0479583600114,10.8219781310883,14.3448332753198,4.13982023424373,-10.4687932850079,23.7068152812801,9.41652048489356,117.115210669754,205.774241696722,17.1381115718538,109.595632844227,7.15228403098323,8.49725913933402,0.788,1,0.575,1,27.9131501799856,86.1562297773058,26.5937065314723,79.3698393674392,10.7956280239731,13.5588845259539,1.32875222154764,-8.50767419977908,20.895747268584,11.3776395701224,116.545584431993,183.843349588151,1.76558246626778,72.3805202895866,7.46137309670349,8.57612523820338,0.86,1,0.65,1,30.792615913884,95.3877365004931,29.9936292610093,97.8028044872682,-5.4209116026983,49.9236668347278,-16.8320255554317,37.3717994853629,14.6044967194917,31.9421512070566,0.252905070997739,20.543412861288,55.3445784374261,54.2038250407947,17.3376544875648,20.2905077902903,1,1,1,1,-2.84363207652707,54.5089082997727,-18.8894498874115,44.5868777236082,14.4201647361918,36.5166817733901,2.49241074580741,25.7242149095654,57.3525403762998,63.4763276110198,22.0965170371983,23.231804163758,1,1,1,1,-3.69652573686876,52.3901906677223,-19.7246844831498,38.0663489338336,13.7432477285802,33.4124491170911,-1.02593397867188,20.2469946191169,56.0867164045911,57.7910334169833,19.6692013885108,21.2729285977888,1,1,1,1,-7.29380581748822,52.0634222462039,-22.7405489799605,46.1981732619183,9.59449761106958,31.0391837245737,0.226886871519578,22.0564701745142,59.3572280636921,68.9387222418788,21.4446861135041,21.8295833029947,1,1,1,1
608,100,1,1,"L'Ecuyer-CMRG","10407_-1375065090_-1674232268_1883275782_-598303438_-388050018_-1200774966","10407_1480601116_1309175318_1896614647_-1773145339_-1464897298_1625789401",2132249802,2000883933,993761747,2144135500,1491962782,1483640018,231249138,26.7619999999988,2.55899999999747,2.50200000000041,1.60299999999916,0.835999999999331,109.984,1,NA,"3835e552db3f","not-a-git-build","bbd3d4119dab4c61438d29ca56ae93a0","confirmatory",165.130000000001,12.7446076296072,9.44138569038975,-9.71736677895963,1.77915752150256,10.0538706616845,21.5508117362647,162.425023632643,89.1397637546964,94.4272171168283,3.16540148631914,7.62418687510549,5.76459746212603,0.636,1,0.653,1,25.5019955700378,74.0080126210411,19.9431172310389,60.3520821499335,9.80869645186936,14.122778086111,-5.21767907982814,10.6743479151275,14.553558360816,30.4460021298896,96.2105260849145,199.452860869538,27.2241749800762,113.941703413186,6.4017464049165,8.14248470859405,0.775,1,0.494,0.999,25.3313528873965,75.6252728156507,21.9897157790911,66.3353471139049,14.9184377723996,9.99938093293102,-10.981017588888,1.44819853308376,8.79021985175612,21.2198527478459,222.559785568959,99.9876190418644,120.582747287468,2.09727899122596,9.19719764504369,6.73984511062469,0.679,1,0.841,1,31.5162768517429,100.111871040486,28.4058176074496,81.4263055748717,13.011275998265,10.1627160121251,-7.80638120627493,-0.0564908682984679,11.9648562343692,19.7151633464637,169.293303103027,103.280796743104,60.9395875376825,0.00319121820111485,8.48576483328219,7.09627029563415,0.761,1,0.847,1,32.5560115916282,99.4936431745042,28.9497802111549,91.5432354785505,-19.3160116079811,44.2113397522168,-4.0956778532754,44.6249822203898,-1.15846008838634,20.6455981892559,13.4542422188466,29.7456753195187,63.5273513601979,48.7206600736652,21.8040582776423,16.2914331006722,1,1,1,1,-14.037237508484,47.8045629554509,3.47050939147981,56.2830637646406,4.00590078620753,23.74162429562,21.8405802581662,38.9822767385162,61.8418004639349,52.8125543731608,19.7357235094124,17.14169648035,1,1,1,0,-20.1444519247253,37.6794582924774,-4.2159357273064,47.8791596644655,-1.08463071181093,19.2392886776577,11.0767309139193,30.7791191149853,57.8239102172026,52.0950953917719,20.3239193894686,19.7023882010661,1,1,0,1,-19.005743524833,44.47854864991,-8.87780948685135,48.9098836272579,0.211842548234296,22.6031308386785,10.3420812999913,30.0933422847605,63.484292174743,57.7876931141093,22.3912882904442,19.7512609847693,1,1,1,1
607,100,1,1,"L'Ecuyer-CMRG","10407_-1139023873_-1544332987_2096662178_-215955334_-1618721405_-1308644714","10407_1772529531_-379262349_-967779631_1811625071_1621152213_1480261118",758815793,985691094,2132249802,2000883933,993761747,2144135500,1491962782,27.9900000000016,2.84000000000015,2.52299999999741,0.895000000000437,1.41900000000169,113.472000000002,1,NA,"3835e552db3f","not-a-git-build","bbd3d4119dab4c61438d29ca56ae93a0","confirmatory",170.071,8.04276113659961,12.25557736157,1.11996562134789,8.31288446103083,20.8977230312599,28.2217687219875,64.686006700397,150.199176465428,1.25432299300117,69.1040480624478,5.17310757668743,7.10741651964211,0.739,1,0.57,0.996,19.7115161149508,59.728059439253,20.4819805962334,58.9996568959462,11.6870244871023,15.5594048848119,8.42906018515839,12.8076734974295,28.2068175950704,32.7165577583861,136.586541362128,242.095080369508,71.0490556050224,164.036500416757,6.97684779967379,9.00980934312137,0.666,1,0.446,0.993,23.4683931482023,67.5668520648863,21.5397729072413,64.1524726843987,14.1701501723496,15.1509747983705,9.00786587612511,12.2963032039442,28.7856232860371,32.2051874649008,200.793155906939,229.552037340858,81.1416476422592,151.199072483327,8.5304129145182,8.87108319440718,0.684,1,0.505,1,29.4972763180449,86.6114968861236,25.1600692548422,79.3097029432233,19.265350459482,20.8338509574474,12.5647817309152,15.523192825807,32.3425391408271,35.4320770867637,371.153728326662,434.049345717132,157.87373994554,240.969515507187,11.0654119569846,12.0306278640762,0.583,0.993,0.449,0.978,32.7175843309602,96.6764083401541,30.0662112565185,92.1954567430634,-3.53521722319356,43.1526404789147,5.22799977597457,50.9424682642932,13.004838881368,28.4546757298325,19.8776185239734,36.3935808401826,46.6878577021082,45.7144684883187,15.4498368484645,16.5159623162092,1,1,1,1,2.40425302963864,54.9295870273062,8.12879690323569,59.0836403630503,17.7076190223737,37.6223151232105,24.3660172627188,40.9223192522212,52.5253339976676,50.9548434598147,19.9146961008368,16.5563019895024,1,1,1,0,2.001813615946,57.8954147635033,6.45553496464232,55.1884664530251,19.5824035411148,37.7582503470959,24.8031457650092,40.2353035418709,55.8936011475573,48.7329314883828,18.175846805981,15.4321577768617,1,1,1,0,7.99773367899179,60.0753021204529,12.6386976310791,61.5130965425436,23.4002893210654,41.171704673934,27.2592213789221,43.620620622837,52.0775684414611,48.8743989114645,17.7714153528687,16.3613992439149,1,1,0,0
609,100,1,1,"L'Ecuyer-CMRG","10407_1221995288_148753133_-1614019997_1747566332_189356520_1478512036","10407_813049035_-1560123287_487984347_-781961445_348261724_-537425744",993761747,2144135500,1491962782,1483640018,231249138,1011006981,1660453624,28.487000000001,2.58900000000358,3.77400000000125,0.838999999999942,0.846000000001368,112.949000000001,1,NA,"3835e552db3f","not-a-git-build","bbd3d4119dab4c61438d29ca56ae93a0","confirmatory",169.507000000001,9.25501915249382,41.6901475038594,-4.65832992086079,-40.6353980486144,15.5941483967053,-20.4764598554493,85.6553795130274,1738.06839889356,21.7000376515869,1651.23557456933,5.64508703300269,30.9965336316799,0.697,1,0,0.232,20.1308311582543,60.229254749986,23.8477772848571,68.1268722015839,8.84806371414867,48.400648258208,-2.6336264285732,-47.4117045231164,17.6188518889929,-27.2527663299514,78.2882314896343,2342.62275181477,6.93598816527922,2247.86972578729,5.90631427099663,35.5765527865086,0.825,1,0,0.383,24.481021253917,71.572776027484,29.2421872893895,84.2751489088978,9.64886099068163,47.9668931863544,-0.984187306050853,-46.4178464850015,19.2682910115152,-26.2589082918365,93.1005184174977,2300.82284195113,0.968624653391635,2154.61647230517,6.41300599162189,34.1879540111489,0.82,1,0.002,0.433,26.1612330938216,77.9093208397709,30.7783803223862,89.1257714291303,13.8181358016542,48.6615623715918,-9.00260595338288,-47.4404234615761,11.2498723641832,-27.2814852684111,190.940877032959,2367.94765244431,81.0469139518849,2250.59377821366,8.43014357970745,33.6393864334145,0.69,1,0.002,0.618,29.3437294856841,90.2017814182342,33.7389991369643,103.812931979646,-8.71699457054557,40.6712609135241,-46.8805194971717,5.61896116390984,7.78716053209895,23.01507447711,-29.0304312813431,-11.0048507554302,49.3882554840697,52.4994806610816,15.2279139450111,18.025580525913,1,0,1,0,-9.78246463233185,46.1345219593747,-57.5097272449956,9.32190560097047,7.42970429773672,26.3094067177211,-39.1959534184869,-15.8210999171783,55.9169865917066,66.8316328459661,18.8797024199844,23.3748535013085,1,0,1,0,-3.9281740834354,44.2693437811386,-57.6278924940327,1.37835155762569,9.62591729160814,28.7836219059307,-36.2176574181487,-15.2874485702642,48.197517864574,59.0062440516584,19.1577046143226,20.9302088478845,1,0,1,0,-15.6676256869064,41.4813874237624,-61.5981529317373,9.18271670641563,1.25886765822169,20.5660076845584,-38.684815474539,-16.1382053683331,57.1490131106688,70.780869638153,19.3071400263367,22.5466101062059,1,0,1,0
610,100,1,1,"L'Ecuyer-CMRG","10407_-2025110812_-1206156023_647174312_345068997_703799983_1227836777","10407_-1889826135_-531265015_-1853635560_1313461686_766677145_96905611",1491962782,1483640018,231249138,1011006981,1660453624,632021000,1885831219,28.3909999999996,2.57999999999811,3.83000000000175,0.872999999999593,0.843000000000757,112.942000000003,1,NA,"3835e552db3f","not-a-git-build","bbd3d4119dab4c61438d29ca56ae93a0","confirmatory",170.196,8.1467973055382,11.6028802290843,-1.0472549658988,-7.76318436107126,19.2870563634783,12.5981835320766,66.3703063375244,134.626829610475,1.09674296359969,60.2670314239813,5.38372024098633,6.85514442773374,0.791,1,0.625,1,21.6551563863446,63.9302373911731,21.8563348661454,66.3858402781678,9.56941342578465,9.6503343097877,5.23696959865286,-5.02182263423266,25.5712809280299,15.3395452589152,91.5736733135875,93.1289522906656,27.4258505772143,25.2187025696915,6.27915942184076,6.04589394436977,0.821,1,0.745,1,25.91619395397,73.3939451853958,23.5913188921113,64.5458047741726,9.44330561480453,13.6335194670473,-0.282215235749877,-10.5564406519497,20.0520960936272,9.80492724119814,89.1760209345987,185.872853058358,0.0796454392893588,111.438439238137,7.0662852432913,8.21398252915555,0.901,1,0.631,1,30.9496871779658,95.8544464152775,27.1117210029981,85.9395078826935,9.07658318650053,13.1206091306658,2.28104940406099,-10.2482919717594,22.615360733438,10.1130759213884,82.3843623414642,172.150383959711,5.20318638376698,105.027488338429,7.17981536357122,8.48355339097808,0.936,1,0.749,1,32.1789486882242,101.16991230821,31.9577663647817,99.2561415329238,-12.4109712332905,44.8810399459689,-16.5002484225377,40.4522896511159,10.3038892222818,29.1731880552807,2.96397518736797,22.230195915586,57.2920111792594,56.9525380736536,18.8692988329988,19.266220728218,1,1,1,1,-5.02155697081167,54.8932219052164,-10.8508084142609,41.5786283852712,14.705362776121,36.3751712555198,5.66509413374614,25.8360870883089,59.9147788760281,52.429436799532,21.6698084793988,20.1709929545627,1,1,1,1,-8.75250705392626,52.6262206025363,-15.89813518286,38.965223704861,9.95572993377031,28.7550696277216,0.737379107098663,19.1443622128695,61.3787276564626,54.8633588877209,18.7993396939512,18.4069831057708,1,1,1,0,-10.525587418812,54.2705318550199,-17.7748584927598,40.6022483203726,11.3807566382369,33.8186154565634,-0.657302162523783,19.2469284745923,64.7961192738319,58.3771068131324,22.4378588183265,19.9042306371161,1,1,1,0
612,100,1,1,"L'Ecuyer-CMRG","10407_1131067755_-1053452453_-1696277753_379815318_-1454385990_-543417192","10407_1955551222_1087004735_892071756_208088869_1810960164_1127650868",1660453624,632021000,1885831219,1528856399,1632357297,378526851,253815137,28.0700000000033,2.71399999999994,2.5570000000007,0.832000000002154,1.3650000000016,113.630000000001,1,NA,"3835e552db3f","not-a-git-build","bbd3d4119dab4c61438d29ca56ae93a0","confirmatory",170.332999999999,30.2059172583572,10.9192215503588,29.0391812270885,5.52526241283823,48.966035010728,25.4978763672481,912.39743741872,119.229399265821,843.27404633969,30.528524730723,20.3467080069988,6.36274918387325,0.018,0.747,0.629,0.997,23.1206910979389,68.5365928326533,20.0829829291415,57.9180466184864,37.518290431113,14.7922799305071,36.5122526482904,11.529424089504,56.4391064319299,31.5020380439139,1407.62211687335,218.811545542483,1333.14459345259,132.927619835636,26.1164391061182,8.55816991879199,0,0.634,0.502,0.993,26.1871558668467,78.2394004103049,21.8214514327033,67.7979339419426,35.9758841225761,12.3538751968153,34.4136083660118,6.184690482204,54.3404621496513,26.1573044366139,1294.26423840102,152.618232378487,1184.29644076923,38.2503963606648,23.4937064646222,7.52449583386392,0.034,0.804,0.691,1,30.388773430743,91.0983461991942,25.6197903443017,79.4334570546903,40.570840426511,15.5724519154064,38.9048140603503,9.06372840337436,58.8316678439899,29.0363423577842,1645.99309291342,242.501258657644,1513.58455707043,82.151172570135,25.8836739136567,9.3722103845679,0.052,0.889,0.688,1,37.5198404217404,112.602573814365,31.6667486003348,96.8512377913691,20.872978611109,73.8106325420025,4.82789434176377,48.0257561075118,40.2901973722881,57.6051038295095,18.0511806521531,32.9991416209346,52.9376539308935,43.1978617657481,17.3149064572214,14.9479609687815,0,1,0,1,24.5607886200629,87.2694694864364,4.9850124931656,58.1390082562387,45.6023442155936,66.6383505801072,22.5021307035397,40.3451698442566,62.7086808663736,53.1539957630731,21.0360063645136,17.8430391407169,0,1,0,0,26.4593703903957,81.9337115853459,3.66725172944005,49.6848386660794,43.5614119428562,65.4561026664373,18.88358904868,33.6393967169343,55.4743411949502,46.0175869366394,21.8946907235811,14.7558076682543,0,1,0,1,27.9308825487771,88.7265943935176,6.65355085823786,54.4172166911479,48.9391955663972,69.7868785155924,20.527954727968,36.8143923061206,60.7957118447405,47.76366583291,20.8476829491952,16.2864375781526,0,1,0,0
611,100,1,1,"L'Ecuyer-CMRG","10407_327440782_1701015267_332878630_1074739365_600068657_561515611","10407_75942737_-2018912132_-1092236108_-504146148_2048895350_-230574997",231249138,1011006981,1660453624,632021000,1885831219,1528856399,1632357297,28.4350000000013,2.64700000000084,2.57800000000134,0.847000000001572,1.22799999999916,115.769,1,NA,"3835e552db3f","not-a-git-build","bbd3d4119dab4c61438d29ca56ae93a0","confirmatory",173.974000000002,9.16983962911237,22.1709457587972,2.74300453304713,-20.2365042250265,23.2169475160626,0.0453475741182247,84.0859588236397,491.550835839529,7.52407386831713,409.516103249514,5.82782067993879,13.8512186013337,0.789,1,0.162,0.868,23.0635285754172,66.2512021645935,20.7590028827218,61.5715020945818,10.1511614242935,21.6790826798328,4.97751796470959,-19.6762183379525,25.4514609477251,0.605633461192183,103.046078262064,469.982625839026,24.7756850890067,387.153568082778,6.12494604798165,13.337810537878,0.696,1,0.203,0.877,21.29149098176,62.4970214550942,21.5656324240248,61.9360296380678,10.4478261463095,21.5885733050952,2.84085431829208,-19.3600389890417,23.3147973013076,0.921812810102997,109.157071183509,466.066497349469,8.07045325775878,374.811109657214,6.86225059033539,12.9107344572851,0.796,1,0.246,0.96,26.8649300413991,82.6387173892169,23.9147105217392,71.0649844693199,11.5862359658695,22.8902474682154,3.82708572859868,-20.8938220365547,24.3010287116142,-0.611970237410022,134.240863856808,523.963429156143,14.6465851740437,436.551799295219,7.95228450200087,13.584867988492,0.836,1,0.221,0.996,31.9901746605585,101.223038688373,27.1388571727557,85.277422351196,-1.15120587324861,51.4426166882083,-25.4742191665375,27.5757179219639,12.662079237871,32.64054703043,-8.6538643870901,7.8917443925779,52.593822561457,53.0499370885014,19.978467792559,16.545608779668,1,1,1,0,-0.948117517182617,49.8911059231917,-23.4786495908956,26.3966399077555,18.0266054368473,34.3029174671729,-7.39577548865843,9.1829452029239,50.8392234403744,49.8752894986511,16.2763120303256,16.5787206915823,1,1,1,0,-4.52018999701111,50.2638018012354,-23.161379259969,26.0387602019694,13.4916103886803,33.2754226097152,-7.41839620279483,9.16558779424895,54.7839917982466,49.2001394619384,19.7838122210349,16.5839839970438,1,1,1,0,-8.04862418416993,52.7739017652722,-25.7268816232611,26.1056825037331,13.4335893539908,35.1598668655296,-9.54897451189482,8.52828780391399,60.8225259494421,51.8325641269942,21.7262775115387,18.0772623158088,1,1,1,0
614,100,1,1,"L'Ecuyer-CMRG","10407_-125036669_-1698986750_-1936524664_-905300172_1568923334_1348483626","10407_-1810391978_449566460_2084747338_1943113011_400501117_350947863",1632357297,378526851,253815137,1790118823,34382185,2036781836,1317153867,28.4249999999993,3.02100000000064,2.5669999999991,0.870999999999185,0.838999999999942,112.329000000002,1,NA,"3835e552db3f","not-a-git-build","bbd3d4119dab4c61438d29ca56ae93a0","confirmatory",169.741999999998,13.7669143421373,11.1684910365029,11.116272236789,-7.07395013987999,31.4549712109218,13.2077137745048,189.527930503747,124.735192032445,123.571508442405,50.0407705815081,7.97936193788137,6.55509720388676,0.44,0.995,0.621,1,19.9387087874788,60.460786450575,21.095967121476,62.3357883957892,20.5235125051336,8.30248410064696,18.843022077777,-0.0802094260575608,39.1817210519099,20.2014544883273,421.214565548376,68.9312422414956,355.059481023592,0.00643355202848331,12.5934162962158,5.48147303773242,0.158,0.919,0.801,1,20.4872173654318,60.6409280467388,22.3912164136644,64.9226052805135,17.0451267351267,8.79955922147927,13.9179118603575,-3.07597273348356,34.2566108344904,17.2056911809013,290.536345416531,77.4322424923209,193.708270552681,9.4616082571343,9.83425236910121,6.62506598963352,0.483,0.998,0.909,1,26.3536554595795,82.123450333466,28.9212195535616,91.3058955997057,18.0158832289244,13.4634989066797,13.4246056918712,-9.99675801306846,33.7633046660041,10.2849059013163,324.57204851824,181.265802810167,180.220037982222,99.9351707718485,10.5761336434404,8.4045380037529,0.564,0.998,0.694,1,31.0418629170412,101.554544275341,29.7891487429678,94.9684779294875,8.79625204975788,57.5734330844841,-13.0508363918634,37.5708469152117,23.1671485653603,39.147599941008,3.93459058569158,21.9611839287766,48.7771810347263,50.6216833070751,15.9804513756477,18.026593343085,1,1,0,1,14.4382803227772,61.602547858346,-5.29028528616743,47.5128069324847,31.7454548717571,47.0036954315883,11.281106182385,28.9127550709237,47.1642675355688,52.8030922186521,15.2582405598312,17.6316488885387,1,1,0,1,9.68435288630292,62.0875096382479,-7.74794438901777,44.0562850294333,25.5436172851289,42.4714372595484,8.85518599219802,25.6225870994369,52.403156751945,51.8042294184511,16.9278199744195,16.7674011072388,1,1,0,1,5.20810514439897,63.7825714719445,-20.8628022781775,37.6148208221167,24.9300995040267,42.6406216008915,1.33599891594754,20.0854676238498,58.5744663275456,58.4776231002942,17.7105220968648,18.7494687079023,1,1,0,0
613,100,1,1,"L'Ecuyer-CMRG","10407_773710096_-2115642376_-1172070718_-896025396_1112489588_-293338251","10407_2106509907_1572164493_176531127_1768726419_1497381842_-781508632",1885831219,1528856399,1632357297,378526851,253815137,1790118823,34382185,28.2700000000004,3.87299999999959,2.60299999999916,0.855999999999767,0.848999999998341,110.831999999999,1,NA,"3835e552db3f","not-a-git-build","bbd3d4119dab4c61438d29ca56ae93a0","confirmatory",167.453999999998,24.0109204002026,14.4620132881594,-23.151911082959,11.6713144084437,-2.99500398216583,31.7671871893133,576.524298464865,209.149828346899,536.010986793238,136.219580020745,14.6045576433141,8.52502652147077,0.065,0.997,0.634,1,28.2578949660601,78.7581501944227,28.3110127982159,77.3057582654682,23.2545874597746,23.7863109164139,-22.4719387258716,22.077420030358,-2.3150316250785,42.1732928112276,540.775837924304,565.78858701231,504.988030099329,487.412475196851,14.1912835993104,14.5790994773353,0.073,0.999,0.174,0.907,25.8856152908218,78.4565202062252,25.4359680129492,71.2202672848643,22.6962421336522,18.4742085015563,-22.0712956454194,15.5162706001638,-1.91438854462628,35.6121433810334,515.119406989371,341.296379758974,487.14209146751,240.754653337508,13.5160426649436,10.7440273464115,0.115,1,0.49,1,30.9407866043666,94.5745355982025,29.5499437381693,90.7888987058542,24.0938928799306,17.5972618481546,-23.3326361911143,13.6782433028989,-3.1757290903212,33.7741160837685,580.515674109569,309.663624552517,544.411911626899,187.094339853299,14.3896065935083,10.6077195897862,0.267,1,0.638,1,39.0122930439857,122.698953253232,34.9200177167672,109.038153191946,-39.0770589606481,32.3481717885475,0.0195249593081263,64.5680440810482,-14.8887613596261,9.746624717655,19.0548910094511,44.502943080115,71.4252307491956,64.5485191217401,24.6353860772811,25.4480520706639,1,1,0,1,-32.8945760437392,27.5725029982433,14.101230836739,70.0996684398373,-12.7168297004111,7.70655272721042,32.880824858632,52.3491903804416,60.4670790419825,55.9984376030983,20.4233824276215,19.4683655218096,1,1,0,0,-33.095978222962,28.2613164436698,9.19741628173642,64.5767154469286,-11.6135770162026,8.08886295396124,25.1569806775345,44.8186092478673,61.3572946666318,55.3792991651922,19.7024399701638,19.6616285703328,1,1,0,0,-39.0128047394454,31.9096986811568,4.61766601199687,64.7645636743956,-16.2048547625814,9.82816759580055,23.343080489316,43.8116331101131,70.9225034206023,60.1468976623987,26.0330223583819,20.4685526207971,1,1,0,0
616,100,1,1,"L'Ecuyer-CMRG","10407_1601541938_-827907121_-1835516117_-316623582_-1465352284_1069373993","10407_1523849276_1437949361_1132213013_-1178972279_-248743402_-273434219",34382185,2036781836,1317153867,1734557742,1238985301,1722769997,1913626106,27.4760000000024,2.58299999999872,2.59500000000116,0.875,0.865000000001601,111.333999999999,1,NA,"3835e552db3f","not-a-git-build","bbd3d4119dab4c61438d29ca56ae93a0","confirmatory",167.610000000001,8.45116784216579,21.0279618552417,-2.53362855475954,18.9002159170598,17.0810212999497,38.6483248107152,71.4222378964572,442.1751797855,6.41927365349291,357.218161711482,5.63914115017513,12.4975082233861,0.836,1,0.298,0.986,24.4371589149363,65.9905311448017,25.3350668554364,72.4712989413703,8.29349450531189,25.1739677828498,0.371888494463114,23.375931101695,19.9865383491723,43.1240399953504,68.7820511096385,633.728653931959,0.138301052314042,546.43415487119,5.87972771303495,15.9841492644357,0.858,1,0.115,0.769,24.8770675506972,77.6174364877912,22.5099332788468,65.4486838059153,10.5797267123609,21.3841122995951,-2.26141369525982,18.8688981252131,17.3532361594494,38.6170070188685,111.930617308242,457.280258841693,5.11399190110865,356.03531645967,7.45086370238483,12.5825508032556,0.849,1,0.319,0.99,31.4229749679463,94.5112406617347,26.27629257102,81.6783400908004,11.7193109280236,21.1051984792728,-5.28931088790173,18.8868166761071,14.3253389668075,38.6349255697625,137.342248627693,445.429402849498,27.9768096688758,356.711844156876,8.14941797026371,12.2796717810474,0.801,1,0.392,1,32.0104714062684,103.649802366489,29.9371652581987,94.7184688373665,-9.93135219869399,43.4904875420526,6.9107017430347,68.9134225548655,6.54905964363838,27.8098224639613,28.2572650738226,49.9922241721846,53.4218397407466,62.0027208118308,21.260762820323,21.734959098362,1,1,1,0,-9.7456010167985,52.249892501129,17.9988720628856,70.8604539111487,10.2562688127149,29.4343843554494,33.795772283652,52.2120947786155,61.9954935179275,52.8615818482631,19.1781155427345,18.4163224949635,1,1,1,0,-10.685847305058,46.9532240581135,9.43247281387666,68.3667491032195,7.20512530487916,27.0761063929093,29.4491540824831,48.4046498585476,57.6390713631715,58.9342762893428,19.8709810880301,18.9554957760645,1,1,1,0,-16.8748210414413,44.4905824544489,3.34759277574103,73.9908440222582,4.01761978626194,25.2735245315231,26.8229235479399,50.6822531717271,61.3654034958902,70.6432512465172,21.2559047452612,23.8593296237872,1,1,1,0
615,100,1,1,"L'Ecuyer-CMRG","10407_1366153857_-1026481416_658541884_1627850416_842714705_1897543669","10407_464479801_209973607_1670707023_1014205094_-1472267700_-47487733",253815137,1790118823,34382185,2036781836,1317153867,1734557742,1238985301,29.6600000000035,2.5679999999993,2.53300000000309,1.59400000000096,0.835999999999331,109.737999999998,1,NA,"3835e552db3f","not-a-git-build","bbd3d4119dab4c61438d29ca56ae93a0","confirmatory",167.213,8.6186175649131,10.7062918116438,-4.65204894376121,5.83079201806906,15.2330767114275,25.7236500436833,74.2805687302285,114.624684356072,21.6415593751498,33.9981355579779,5.77254518635542,6.47707562133413,0.829,1,0.655,1,23.7119637116369,70.2849339536001,22.4715256238321,65.8645114355038,7.07233599394945,11.0082486398777,-2.7776112779348,6.29817447158455,17.1075143772539,26.1910324971988,50.017936411313,121.18153811737,7.71512441131057,39.6670016745193,5.41300122543705,6.64726918823733,0.945,1,0.64,1,25.8598464392906,72.758315208209,22.9111216216578,66.8822953955401,8.02960770022596,9.96763062240716,-2.28164365284236,5.15311418544539,17.6034820023464,25.0459722110597,64.4745998195281,99.3536602247489,5.20589775855581,26.5545858082385,6.75694640291399,7.00115728435405,0.96,1,0.849,1,31.5315998668418,96.3523493393049,28.5030573991489,91.818445339424,9.45412986972195,11.1185062597482,1.88283821448953,4.70326184017253,21.7679638696783,24.5961198657868,89.3805715935688,123.62118144806,3.54507974194211,22.1206719372231,8.10482410692403,7.7562332015934,0.961,1,0.832,1,38.4246647435182,116.872158008346,32.0282135213096,98.6331293619658,-15.1105888193304,43.7050311499324,-1.60566100123348,51.091788241203,5.02257735487607,24.6811188593393,15.9539727538482,35.8768634205511,58.8156199692628,52.6974492424364,19.6585415044632,19.9228906667029,1,1,1,1,-13.2255554315262,44.6165162598481,-0.289480642436742,51.5487370827881,6.74471031090365,28.1157720432999,16.7944439597625,34.8161701968465,57.8420716913744,51.8382177252248,21.3710617323962,18.021726237084,1,1,1,1,-14.6496030356549,45.2546897199893,0.251553170496496,54.7099346308686,6.39929494163662,29.2566433198468,15.4797391213581,33.2078263656407,59.9042927556442,54.4583814603721,22.8573483782102,17.7280872442826,1,1,1,1,-14.2138402856441,53.7283077282401,-1.54390277581106,49.1779194850593,10.1830885561812,32.3589397571148,15.5187771057692,33.7009487746712,67.9421480138842,50.7218222608703,22.1758512009335,18.1821716689021,1,1,1,1
617,100,1,1,"L'Ecuyer-CMRG","10407_2145694530_-301006659_-1368587294_1476856505_34477075_-174424632","10407_1898678409_-272803570_-272149596_-383512151_-710432107_1038729986",1317153867,1734557742,1238985301,1722769997,1913626106,97577815,1733468156,28.0499999999993,2.55299999999988,3.875,0.847000000001572,0.825000000000728,110.447,1,NA,"3835e552db3f","not-a-git-build","bbd3d4119dab4c61438d29ca56ae93a0","confirmatory",168.471000000001,8.83899297984077,14.1465936626803,-1.75142298024776,11.192641949035,18.4949023065503,31.4712060694476,78.1277968976745,200.126112256987,3.06748245573996,125.275233799298,5.82755393948748,8.15488226670338,0.795,1,0.478,1,23.7217461947879,69.4790755715845,21.7251059499987,65.3196369655613,10.003457258419,20.891861911255,-5.66922291181798,18.988482547299,14.5771023749801,39.2670466677117,100.069157121016,436.469894118948,32.1400884238819,360.562469449079,6.29750200562095,12.5359607875772,0.745,1,0.259,0.971,24.5216869661703,69.2846068895823,23.8060046744935,68.5739327571418,10.1021635278068,16.9706566858722,-4.75125040931872,13.6374504435398,15.4950748774794,33.9160145639525,102.053707942549,288.003188349737,22.5743804520513,185.980054600004,6.92651224922328,9.96730818577849,0.82,1,0.517,0.998,28.2521152279431,87.1647093685827,28.2480024825769,88.5912843305688,13.1535937681132,17.1835116738069,-7.62277420619589,13.710546863346,12.6235510806022,33.9891109837586,173.017029016547,295.273073443858,58.1066865986454,187.979095292006,8.39268974900923,10.2087013934815,0.752,1,0.563,1,31.6929765626143,95.7796147489967,31.5600093971099,95.9421404094497,-11.8712393307945,47.3663221926054,2.05151773572511,59.9330827616582,9.29607168263103,28.3757355897473,23.0959436965153,40.7870838468898,59.2375615233999,57.8815650259331,19.0796639071162,17.6911401503745,1,1,1,0,-16.6788724148784,42.3263267593194,12.4360017886327,68.9940580187964,4.54206763940386,25.3302601777039,28.4463415595976,48.7018688064557,59.0051991741978,56.5580562301638,20.7881925383001,20.2555272468581,1,1,1,0,-13.4067129059676,45.3323452324706,4.8183532271115,62.7137950376041,5.35693054521408,25.6691044037626,23.9105969102571,43.0988631888798,58.7390581384382,57.8954418104926,20.3121738585485,19.1882662786227,1,1,1,0,-18.2728094958405,45.2942278675681,3.82634508355984,63.7303040426402,1.67426970178641,23.9718324740597,25.0333063441497,43.8161030169378,63.5670373634086,59.9039589590804,22.2975627722733,18.7827966727881,1,1,1,0
618,100,1,1,"L'Ecuyer-CMRG","10407_-2093843530_1855213291_957698263_903753324_-1938452259_-137140104","10407_-736526148_-1931588799_-671355028_1393830236_-108951267_1954989154",1238985301,1722769997,1913626106,97577815,1733468156,2051088781,1074589390,28.9120000000003,2.5580000000009,3.7599999999984,0.858000000000175,0.84400000000096,110.643999999997,1,NA,"3835e552db3f","not-a-git-build","bbd3d4119dab4c61438d29ca56ae93a0","confirmatory",169.151000000002,18.2661092689569,9.7940393254955,-16.2671618838699,-4.03655755489153,3.60344230301834,15.8490441489835,333.650747825473,95.9232063093522,264.62055575603,16.2937968939519,10.6765293172642,6.09147142769226,0.342,0.998,0.747,1,24.9078468555976,77.3525802461287,23.4971653564084,66.8036027918526,21.7676026257252,10.0529808171393,-19.8212753989487,-4.66576431195391,0.0493287879395317,15.2198373919211,473.828524071477,101.06242330977,392.882958440969,21.7693566147027,12.703332731083,6.28973033392196,0.236,1,0.725,1,29.4979923414268,92.7440237274785,22.958934162616,70.8770701350225,23.9746032471528,12.4296455911668,-21.2104566578246,-7.84959326859835,-1.33985247093632,12.0360084352767,574.781600858391,154.496089522011,449.883471633455,61.6161144824245,14.0480921948872,7.76175472132153,0.335,0.997,0.723,1,34.4944820253555,99.8018479835887,28.9705516313063,86.9348951628441,22.6543869697694,11.3082725236188,-18.3844547467437,-5.23949360465966,1.48614944014451,14.6461080992154,513.221248976059,127.877027468432,337.988176335068,27.4522932332695,13.2836823113793,7.99735616925233,0.52,0.999,0.834,1,39.4704421680707,117.914202879964,33.6681205804635,103.64304416353,-33.542431588873,35.8500780233757,-13.0305019095376,43.7729672161173,-6.43424092733263,14.4494834455766,5.65922775029745,24.8660167608504,69.3925096122487,56.8034691256548,20.8837243729092,19.206789010553,1,1,0,1,-33.1577717515482,49.0461176669144,-15.6126536774751,45.1425306183774,-14.2923179061518,11.0654572662877,5.05018181361105,24.5864318977316,82.2038894184626,60.7551842958524,25.3577751724394,19.5362500841205,1,1,0,1,-32.2347403807706,30.973987315898,-18.8185967973906,42.2327982874182,-13.4026899683989,10.2425327141822,1.03769285819813,22.3470947774072,63.2087276966686,61.0513950848088,23.6452226825811,21.3094019192091,1,1,0,1,-31.2883627205075,36.3418524703445,-14.9868133579249,47.4907214798292,-11.7436452344745,14.2396631102811,3.39442242488321,25.7578218316284,67.630215190852,62.4775348377541,25.9833083447556,22.3633994067452,1,1,0,1
620,100,1,1,"L'Ecuyer-CMRG","10407_281837587_548140197_590240949_-342783364_-1796946414_1234896938","10407_574885501_-1480973235_1257711075_-1305868609_-193250193_-123786243",1733468156,2051088781,1074589390,911153830,1099625295,1111109819,1495300443,28.6779999999999,3.69800000000032,2.57200000000012,0.834999999999127,0.958000000002357,109.942999999999,1,NA,"3835e552db3f","not-a-git-build","bbd3d4119dab4c61438d29ca56ae93a0","confirmatory",167.335999999999,13.7821459541121,17.5755052916834,11.0594475135687,15.1475971524091,31.0985721983863,35.2612068588288,189.947547100449,308.89838625799,122.311379305381,229.449699491673,8.02215424898418,10.3199325609992,0.575,1,0.344,0.96,24.5293428633132,66.9029440326224,21.2406571877202,61.0321953159898,11.8148208110351,22.4894926218172,7.24925999668988,20.6243933150703,27.2883846815075,40.73800302149,139.589990796867,505.777278386769,52.5517704996082,425.365599614715,7.30061045102877,13.7614788487825,0.694,1,0.173,0.898,26.0620262874118,78.320617349948,22.3177527163412,68.8284598178224,13.0986879247683,15.6560828552586,5.68945184083057,12.3419754914829,25.7285765256482,32.4555851979027,171.575625350471,245.112930370721,32.3698622491304,152.324359032366,8.27262655353983,9.13700623516307,0.769,1,0.522,1,31.5588355442861,92.2020383552849,25.8885518851586,81.7722917193073,13.1929375472131,16.6629483984568,4.96730916848456,12.9973746866241,25.0064338533022,33.1109843930439,174.053601124666,277.653849329633,24.6741603753108,168.931748744498,9.12107073000468,9.77941405916537,0.838,1,0.599,1,37.2670371094725,115.66534112348,30.4678056366739,94.4726169178144,6.49744816932423,57.9610424073859,10.3348965368321,60.7612193910191,21.3030330997063,40.4740383827222,25.7315774629428,44.5032369547929,51.4635942380617,50.426322854187,19.1710052830159,18.7716594918502,1,1,0,0,-0.335098134682693,54.3806343885232,12.2717459450074,68.3606653676187,16.6473279023102,38.2479133693779,30.9437685753599,50.6071223611718,54.7157325232059,56.0889194226113,21.6005854670677,19.6633537858119,1,1,1,0,-0.414872517798907,55.0868237237264,3.80579061852575,61.3765782980303,15.2265182477459,34.6339323855678,23.4162439268563,41.5320231640967,55.5016962415253,57.5707876795046,19.4074141378218,18.1157792372404,1,1,1,0,-9.3620968993114,57.3403391859554,4.12174996315895,65.3264254480489,13.7544053892556,37.0118804408754,21.8502739692789,43.882950062339,66.7024360852668,61.2046754848899,23.2574750516198,22.0326760930601,1,1,1,0
619,100,1,1,"L'Ecuyer-CMRG","10407_-379078619_-99159066_-1721412097_-2099999319_1305551149_1561853708","10407_1994728464_-657643226_-2130143275_-707380919_-269637504_-100473091",1913626106,97577815,1733468156,2051088781,1074589390,911153830,1099625295,28.3660000000018,3.99499999999898,2.59200000000055,0.850999999998749,0.828000000001339,112.564999999999,1,NA,"3835e552db3f","not-a-git-build","bbd3d4119dab4c61438d29ca56ae93a0","confirmatory",169.272000000001,13.1327022805356,9.70920517575703,10.3836617135384,-2.10155932162486,30.7822153104595,18.453274041515,172.467869189184,94.268665144947,107.820430581203,4.41655158230835,7.62300768058852,6.13573193971701,0.521,1,0.736,1,22.2193049022232,63.6948586420037,23.8003694058353,68.5528720053346,16.6884830059968,9.34369400527926,14.2453688039206,1.4020212689283,34.6439224008417,21.9568546320682,278.505465041444,87.3046176642915,202.930532359715,1.96566363852733,9.67523185847185,6.50790573982591,0.387,0.996,0.842,1,22.5259436791173,69.6191501629323,27.1116862734015,83.5859245024478,14.5572374607714,11.0382480206904,9.57554946641125,0.706948234243431,29.9741030633323,21.2617815973833,211.913162489287,121.842919366275,91.6911475836888,0.499775805899904,8.59749607399169,7.4280923013972,0.643,1,0.803,1,28.0976240262392,83.1401835086296,28.9689403408867,92.306303592093,18.0659240654383,11.9199128918245,12.0664465484054,-4.7336023095282,32.4650001453265,15.8212310536117,326.377612338183,142.084323348684,145.599132305525,22.4069908247707,10.9322818997916,8.23946694275841,0.656,1,0.844,1,36.3190801358237,115.339146068484,33.2906706563525,105.696072436667,3.74452102754049,56.6545378879751,-7.37060180334747,49.4100419803854,21.7114376135307,38.9936544358825,8.05218707096995,28.2830422712358,52.9100168604346,56.7806437837329,17.2822168223518,20.2308552002659,1,1,0,1,9.19380704186417,61.467932693621,-14.372924331013,57.0431222466296,26.3644354884268,42.6025857323675,10.7975724940399,32.9361100918558,52.2741256517569,71.4160465776426,16.2381502439407,22.138537597816,1,1,0,1,4.06231424358077,54.5514078051816,-5.02226091105166,49.3343823493928,21.4160992271627,38.3669249631981,11.9273998997656,29.5108385725232,50.4890935616008,54.3566432604444,16.9508257360354,17.5834386727576,1,1,0,1,0.89311170765275,62.0526279309449,-14.0392968298749,48.1466489502442,21.8510377334149,43.4355203547419,5.32371443490605,26.1924302502212,61.1595162232921,62.1859457801191,21.584482621327,20.8687158153151,1,1,0,1
622,100,1,1,"L'Ecuyer-CMRG","10407_-1007658576_937383063_-1878430603_1521882762_1456112073_1396928793","10407_2896735_-687583684_1366931269_847635170_-916572867_-1176882925",1099625295,1111109819,1495300443,147277401,2090080267,969566894,475911801,28.9869999999974,2.63199999999779,2.59100000000035,1.48799999999756,0.84599999999773,113.133000000002,1,NA,"3835e552db3f","not-a-git-build","bbd3d4119dab4c61438d29ca56ae93a0","confirmatory",171.268,11.1170875116774,15.0948489292186,7.03321786616781,11.7368542823557,27.6591888013565,32.419716354611,123.589634742294,227.854464195932,49.4661535529821,137.753748445252,6.48123229511994,8.6820739466086,0.619,0.999,0.459,0.98,19.9295732423583,60.1505761099233,20.2174660537454,59.4301710025943,13.5377621760407,20.2943350712922,9.99440561418752,17.7967033653942,30.6203765493762,38.4795654376495,183.271004735038,411.860035985882,99.888143580903,316.722650675832,7.88247566374733,12.3087228532618,0.582,0.999,0.255,0.856,22.8400995190085,70.1466084059243,20.6862502898904,59.2396254279842,12.7726971940001,17.4374218725007,5.80239723277836,12.6935507178417,26.4283681679671,33.376412790097,163.141793609618,304.063681559566,33.667813646954,161.126229826419,7.69136072554622,10.0483754531782,0.69,1,0.497,0.983,25.9326407196423,79.2355749793185,25.4920190043019,77.0703721533859,12.5095467160866,19.7430577256916,6.25225642222049,15.9859803666515,26.8782273574092,36.6688424389068,156.488759041952,389.788328359993,39.0907103691973,255.551568282967,8.16595508988044,11.5365733774338,0.755,1,0.446,0.995,31.6376887085325,97.0514336732304,29.5677496933647,92.0356456149423,5.18694140170106,49.7254723293419,9.88485243401886,56.8030740373641,19.9788383786693,36.1783804297031,24.3378265762595,40.3365948878317,44.5385309276408,46.9182216033452,16.1995420510338,15.9987683115722,1,1,1,0,3.04620036940607,59.433518030636,19.5009136108476,58.7378798227923,21.7482629098238,39.7341118832891,30.4631868644091,45.8848565023298,56.3873176612299,39.2369662119447,17.9858489734653,15.4216696379206,1,1,0,0,1.86112854922755,50.0517472364402,11.0759121868199,55.3355741891609,18.9193389400068,35.4164584923933,25.3857781415496,41.782746977258,48.1906186872126,44.259662002341,16.4971195523864,16.3969688357084,1,1,1,0,-1.68954674403203,52.7652738944312,10.6685522795595,58.2262896810252,16.9286026686121,37.1485430303499,27.7828025656716,45.8506512321775,54.4548206384632,47.5577374014657,20.2199403617377,18.067848666506,1,1,1,0
621,100,1,1,"L'Ecuyer-CMRG","10407_1933107422_1075217265_-1349301644_641635395_128098254_-2067137728","10407_218617755_2054476218_947613731_-372970461_1168546642_39901009",1074589390,911153830,1099625295,1111109819,1495300443,147277401,2090080267,28.8359999999993,2.60399999999936,3.42599999999948,0.883999999998196,0.869999999998981,116.059000000001,1,NA,"3835e552db3f","not-a-git-build","bbd3d4119dab4c61438d29ca56ae93a0","confirmatory",173.577000000001,17.696217260184,10.2930015421449,15.6679811810223,5.03631831088053,35.7742928902448,24.8236221440944,313.156105319633,105.945880746598,245.485634288868,25.3645021285105,10.495823582746,6.17017164003656,0.267,0.966,0.671,1,20.5944534949637,60.6735998466557,21.7443501997226,61.5478716837585,23.2541190005496,14.0770346651415,21.7180455563432,10.2330031440208,41.8243572655658,30.0203069772347,540.75405049172,198.162904963597,471.6735027874,104.714353345539,14.1843264703084,8.08674642046577,0.131,0.981,0.498,0.992,24.6763602467858,73.1681874479261,21.261013532716,61.9263562811576,22.779716942858,13.2836070824551,20.9686274448433,7.97227261709167,41.0749391540659,27.7595764503056,518.915503996733,176.454217121051,439.683336920637,63.5571306812296,13.5726109830756,7.79322921163954,0.246,0.993,0.61,0.999,28.7415116047517,84.1508439580931,24.4534035714387,73.9080314594739,29.2968662536857,15.55536592138,27.9018873168897,11.2995289020127,48.0081990261123,31.0868327352266,858.306372286346,241.969408948032,778.515315844413,127.67935340742,18.3239196478288,9.14617041666896,0.08,0.95,0.542,0.992,28.6827943049621,88.7951644543795,25.8705126461198,80.2098871452514,12.2832110933258,60.2731340285643,-2.50508270942094,49.1682294858567,27.2220214907721,44.8869904724833,16.007319755301,34.1229417419962,47.9899229352385,51.6733121952776,17.6649689817112,18.1156219866952,1,1,0,1,9.25969852952199,68.4578226888319,10.2639869617462,51.6018997101799,32.7079475059115,51.5327542597331,22.0489643393793,37.8950451429858,59.1981241593099,41.3379127484337,18.8248067538216,15.8460808036064,1,1,0,0,12.0028368696851,66.4200062703769,6.78762099678163,49.4746267462012,32.0576747646044,50.4116072911233,19.4977172519023,35.5663567224401,54.4171694006918,42.6870057494196,18.3539325265189,16.0686394705378,1,1,0,1,19.616934687361,79.3173882587556,6.28922589189911,53.9143486853779,37.1543909924344,58.1093688481798,23.3703273608918,39.9024901347209,59.7004535713946,47.6251227934788,20.9549778557454,16.5321627738291,1,1,0,0
624,100,1,1,"L'Ecuyer-CMRG","10407_778296220_632305392_-1878126037_806375195_-74121793_194367053","10407_-805770010_-1499646579_337816294_777992303_1989127595_1043362979",2090080267,969566894,475911801,614571079,1487788194,1533974646,494445274,27.505000000001,3.63799999999901,2.53800000000047,0.881000000001222,0.84599999999773,116.547999999999,1,NA,"3835e552db3f","not-a-git-build","bbd3d4119dab4c61438d29ca56ae93a0","confirmatory",172.348000000002,14.5357684905475,11.959205162018,-11.6503484571301,8.17076356264601,8.70817595384434,28.575898253287,211.288565610795,143.022588107239,135.730619172555,66.7613771966637,8.38680827023018,7.04292956855793,0.427,0.996,0.621,1,21.2308602675117,62.0500517384312,23.6414104214294,66.0129913678452,12.0813575069329,14.8726159281641,-8.64244401272918,12.2699083907971,11.7160803982453,32.675043081438,145.959199210324,221.194704546681,74.6918385131584,150.550651918552,7.26109336612689,8.69434282459304,0.657,1,0.527,1,24.2825409099211,72.892467564474,26.0695437087864,74.5975021322258,15.7662708206789,12.242444576873,-10.1149736727896,8.06879298258092,10.2435507381849,28.4739276732219,248.57529559099,149.877449217807,102.312692401227,65.1054201957472,9.30072915932585,7.74014052387922,0.603,1,0.747,1,29.2912463280809,86.9961954630662,28.9137976047836,87.4473971394452,18.6174498139962,11.1047334712484,-13.1287699645235,5.04744887506278,7.229754446451,25.4525835657037,346.609437576666,123.315105467465,172.364600781374,25.4767401463725,10.9412182371529,7.70686401362885,0.57,0.998,0.828,1,32.1432967954239,97.0838840329945,32.3381576441262,97.5488758070941,-17.005777658619,36.7981222465235,0.106681183105619,56.9968964023693,0.31057232269604,17.7749176034355,18.6917683543234,39.4250341052469,53.8038999051425,56.8902152192637,17.4643452807394,20.7332657509235,1,1,0,1,-19.6625152193946,38.0136878281781,-2.09598141403786,59.2607808821532,1.94242529925888,23.0184489101011,22.7998094600112,44.5101036814414,57.6762030475727,61.356762296191,21.0760236108422,21.7102942214302,1,1,1,0,-18.7220368391294,39.5873637911502,-3.4097718671052,58.3828513053741,-0.090258386191652,19.7878542986243,18.4529559873488,38.5189800460224,58.3094006302796,61.7926231724793,19.878112684816,20.0660240586736,1,1,0,1,-21.5039807577578,39.5039393013305,-4.7888894895726,56.8570328770486,-3.69542339659207,18.0747906712325,15.1268070096257,36.7772393281381,61.0079200590882,61.6459223666212,21.7702140678246,21.6504323185124,1,1,0,1
623,100,1,1,"L'Ecuyer-CMRG","10407_431074373_1340363647_972942088_-1504398458_-707796706_-424467307","10407_229054367_-1108321211_-1241893296_-1369903106_36846998_-1598240507",1495300443,147277401,2090080267,969566894,475911801,614571079,1487788194,29.2700000000004,2.5109999999986,2.52999999999884,0.986000000000786,0.842000000000553,117.274999999998,1,NA,"3835e552db3f","not-a-git-build","bbd3d4119dab4c61438d29ca56ae93a0","confirmatory",175.5,8.09763325682573,8.79441325766086,-1.81241008916377,-1.7858525536575,18.4586059131176,18.4691782546764,65.5716643620501,77.3417045465211,3.28483033130261,3.18926934340501,5.54971744321199,5.70724085258211,0.812,1,0.769,1,22.2846480748959,69.9664498300168,22.5644834886511,66.8687116048063,8.65973158611394,8.66656082281639,1.56860566053637,2.17108576990224,21.8396216628178,22.4261165782361,74.9909511435394,75.1092764955759,2.46052371826674,4.71361342027199,5.86084036485084,5.8739870282571,0.816,1,0.846,1,23.8536038870301,73.417325978187,25.0997478942369,71.9980813708206,8.73898211709295,8.10342930316832,-1.50094491427458,1.0446339082057,18.7700710880068,21.2996647165396,76.3698084428704,65.665566471447,2.25283563568672,1.09126000217312,6.61846777933405,6.01039976910893,0.903,1,0.916,1,29.8606600185722,89.5017667640863,26.8378529078921,80.8383131285994,8.21490780924672,8.25217856953999,1.66245623853132,2.17407444672551,21.9334722408127,22.4291052550594,67.4847103144228,68.0984511435751,2.76376074503172,4.72659969990481,7.0934070636183,6.67084679978633,0.955,1,0.946,1,32.4231949857075,104.797897571046,30.6559869817704,93.8260161293809,-9.3531749642235,50.2545624317592,-8.45262850456883,47.3320158490803,8.81662746499951,26.5970501038817,8.60451378546552,27.6923329825226,59.6077373959827,55.7846443536491,17.7804226388822,19.0878191970571,1,1,1,1,-7.41401353122526,54.8794382851253,-8.50621774347911,48.7248450742762,12.4815079669448,30.3428674675359,11.8234394161954,33.6180415069035,62.2934518163506,57.2310628177553,17.8613595005911,21.794602090708,1,1,1,1,-10.005962720521,49.6009168780198,-7.41663859868327,49.230341881371,7.70300751508656,28.5541359407871,11.5609221070883,30.836986708774,59.6068795985408,56.6469804800543,20.8511284257006,19.2760646016857,1,1,1,1,-9.10680954090377,59.2562543206255,-9.77736478407435,53.5089771629724,11.7925172084962,32.2747150299509,11.6124565869524,33.7051418579064,68.3630638615292,63.2863419470468,20.4821978214547,22.0926852709539,1,1,1,1
626,100,1,1,"L'Ecuyer-CMRG","10407_475959692_273192994_-1346861707_-1910071769_-316010924_-316756680","10407_1000030782_-86688099_-817863374_1311820734_1553495925_1340762056",1487788194,1533974646,494445274,2118078319,1460629171,587502319,2045617114,27.5819999999985,2.90699999999924,3.38099999999758,0.872999999999593,0.856000000003405,113.922999999999,1,NA,"3835e552db3f","not-a-git-build","bbd3d4119dab4c61438d29ca56ae93a0","confirmatory",170.952000000001,7.5419069941185,8.25448902929335,0.0476629969899314,1.90455842761007,20.0278785026367,21.8870147181738,56.8803611079335,68.1365891347243,0.00227176128206221,3.62734280418053,4.87309198244387,5.43249530033548,0.767,1,0.787,1,19.0091407731608,57.1268987142024,21.896233222149,65.314897042872,7.58522314349011,10.690864398169,1.6796021513036,6.1827443885333,21.6598176569503,26.1652006790971,57.535610136538,114.294581580038,2.82106338666367,38.2263281739401,4.81393882915786,6.52685544502164,0.736,1,0.674,1,18.043496897838,55.1355576823867,22.8650855175694,69.1137816508982,8.66971071720243,10.4772329968739,-0.744926968156683,1.9149325440784,19.2352885374901,21.8973888346422,75.1638839199747,109.772411270783,0.554916187887108,3.66696664837056,6.05729982123933,7.08053112998706,0.863,1,0.817,1,25.1896624879087,77.7481684656565,28.1067879036768,89.3282002514837,11.0400698865887,12.2442476740074,1.56288347478696,2.05897832498173,21.5430989804337,22.0414346155455,121.883143100763,149.921601102436,2.44260475576218,4.23939174274457,7.75897526929334,8.39629459381701,0.862,1,0.864,1,32.1851875927968,101.025047264524,34.8700951022808,105.53488260185,-1.80019622457028,41.6556543920062,-2.27752984251471,49.0674849784994,12.4966214039122,26.8145837201787,13.0298987969495,30.5676014892799,43.4558506165765,51.3450148210141,14.3179623162665,17.5377026923304,1,1,1,1,2.5423791762001,41.1668060506124,-0.918424947889532,48.6019369908628,15.5012244001581,27.9937557805365,17.4332123283572,35.0090224877915,38.6244268744123,49.5203619387524,12.4925313803785,17.5758101594343,1,1,1,1,-2.47662435147022,39.6133928743453,-3.69193456983701,46.0204753521808,12.6686449093513,25.987867238024,13.4330317828051,30.7986721223366,42.0900172258156,49.7124099220178,13.3192223286728,17.3656403395314,1,1,1,1,-2.22879154747691,46.7113424772978,-3.43636844879333,50.1134585759448,11.9226811622176,30.7387027148844,13.1252441543412,30.2047723342857,48.9401340247747,53.5498270247381,18.8160215526668,17.0795281799445,1,1,1,1
625,100,1,1,"L'Ecuyer-CMRG","10407_-567747016_-1014801911_-1134814244_-644015201_20200589_-1812083478","10407_-1317891096_-2034652911_680502098_-211006627_-1504965000_-1534015830",475911801,614571079,1487788194,1533974646,494445274,2118078319,1460629171,27.4219999999987,3.92599999999948,2.51300000000265,0.893000000000029,0.917999999997846,115.909,1,NA,"3835e552db3f","not-a-git-build","bbd3d4119dab4c61438d29ca56ae93a0","confirmatory",173.645,11.4773215543851,10.2258841000597,8.30182626464848,4.79669445187628,28.401527074882,25.0254426124536,131.728910062753,104.568705627854,68.9203193284073,23.0082776646607,6.60182435784813,6.18636276391518,0.542,0.998,0.659,1,18.203880731453,56.1145165207528,21.4869544091379,62.8225267367388,18.0691312390366,13.6051507905274,16.3891005370716,10.166456996447,36.4888013473051,30.3952051570242,326.493503733527,185.100128032989,268.602616414239,103.356847860605,10.7797580912068,7.91606452068853,0.218,0.978,0.556,1,20.7291739033265,61.0369744126294,23.1954355025288,69.1356223674806,13.6246694620473,12.0804886595969,11.3294706462283,7.420553135831,31.4291714564618,27.6493012964083,185.631617950045,145.93820625465,128.356905123749,55.0646088416913,7.96033424606666,7.3900769817034,0.509,1,0.715,1,22.7091020958095,72.325788784192,27.3498659203624,77.9732155850747,12.6744040166142,12.0714558150058,10.0733583776423,6.79426715486732,30.1730591878758,27.0230153154446,160.640517176365,145.720045493638,101.472549004416,46.1620661717089,7.73925412667683,7.62748287587178,0.633,1,0.704,1,26.2726206617596,82.717884365021,28.3558627074344,85.0990625287372,7.35841039362696,52.7736475107195,-1.35452261487455,49.0858554105347,21.0065122902394,35.1066806565025,16.3758365185716,34.281052786075,45.4152371170925,50.4403780254093,14.1001683662631,17.9052162675034,1,1,0,1,10.962536214303,61.9191842502375,1.70050514721208,59.1863259012896,28.214151567694,44.6035010113295,20.5581274118829,40.6094963268732,50.9566480359346,57.4858207540775,16.3893494436355,20.0513689149903,1,1,0,0,9.32771061160354,54.7244771284402,-1.59915330093273,52.7553125822033,23.1063224327566,39.1804976114499,18.9091490997991,36.6411435943615,45.3967665168367,54.354465883136,16.0741751786933,17.7319944945624,1,1,0,1,5.55442599111279,54.1359908180317,0.15366826565075,53.6760345796602,22.232617420367,37.6201496796917,18.3832185468061,36.6841378804869,48.5815648269189,53.5223663140094,15.3875322593247,18.3009193336808,1,1,0,1
628,100,1,1,"L'Ecuyer-CMRG","10407_-1024829455_-53032990_-1719030972_809553459_1202248083_-2038305654","10407_-785030342_153894962_-732603059_-1353219992_326712207_222086082",1460629171,587502319,2045617114,734121517,649490766,952871438,1658610715,27.1869999999981,3.86599999999817,2.7980000000025,0.870000000002619,1.51699999999983,116.164000000001,1,NA,"3835e552db3f","not-a-git-build","bbd3d4119dab4c61438d29ca56ae93a0","confirmatory",174.181,7.83508373075725,12.1078352637239,-1.70879163561017,8.81642696968792,18.2522954203473,28.6068240176059,61.3885370679769,146.599674773475,2.91996885393126,77.7293845118406,5.56310159827512,7.2271384962651,0.872,1,0.625,1,24.0998007780714,71.0323141351795,23.6069753486483,68.9905737376866,9.69782509763578,14.9166642484015,4.01396169938208,11.9273735380579,23.9750487553395,31.7177705859759,94.0478116243345,222.506872299538,16.1118885241063,142.262239516365,6.39894044459116,8.87765011805209,0.808,1,0.583,1,26.1534703014242,75.6903703968986,28.5072698541269,81.7606982087402,11.6490531343469,21.5393394456468,3.6016657843518,10.4974250613255,23.5627528403092,30.2878221092435,135.700438926837,463.943143754796,12.9719964221705,110.195932918144,7.69177186343721,12.485223159135,0.813,1,0.613,0.992,30.7525618757917,92.493993468345,38.6096459553454,111.188989298828,18.7823086230714,22.1132801250963,1.61602183763027,8.0771348073795,21.5771088935877,27.8675318552975,352.775117212303,488.997157890981,2.61152657969793,65.2401066965814,11.4489818987898,13.3137575204324,0.675,1,0.612,1,40.0492035548955,121.650375848385,44.2906624430711,134.358167768565,-10.0544839329598,43.9464583739134,7.99358759738858,51.1120777817479,9.79857784415157,28.0490008543682,20.2948213184043,36.5506309271732,54.0009423068732,43.1184901843593,18.2504230102166,16.255809608769,1,1,1,0,-2.42128895488449,56.2786522450591,4.16177400984925,58.2065745970053,13.2008057488087,33.4126621283892,21.7568107549345,41.0204735190823,58.6999411999436,54.0448005871561,20.2118563795805,19.2636627641478,1,1,1,0,-2.71046729204087,51.4217771385514,6.4902023577821,52.5074488690922,14.5223510944533,32.8249478605715,21.7350263120225,38.3300052866662,54.1322444305922,46.0172465113101,18.3025967661182,16.5949789746437,1,1,1,0,-8.21176381329552,51.410714198819,-4.00434997703078,55.6361029901372,11.9857775694788,31.7361047704245,19.5705470057738,38.2238966544503,59.6224780121145,59.640452967168,19.7503272009458,18.6533496486765,1,1,1,1
627,100,1,1,"L'Ecuyer-CMRG","10407_-1012708158_-1650580087_1504316838_43505416_-1268635851_-1312857867","10407_1470618232_400805854_-678958000_-1767554076_-157139801_-274230001",494445274,2118078319,1460629171,587502319,2045617114,734121517,649490766,28.0620000000017,2.9989999999998,2.67900000000009,0.846000000001368,0.84599999999773,120.286,1,NA,"3835e552db3f","not-a-git-build","bbd3d4119dab4c61438d29ca56ae93a0","confirmatory",178.366000000002,17.562181029315,14.4791241361461,-15.5982369843854,11.5631133750783,4.40614154659164,31.4477040139158,308.43020250643,209.64503574993,243.304997021047,133.705590924915,10.3707168369809,8.44588673058592,0.279,0.979,0.429,0.979,21.9771448544458,62.3985513917747,18.8273201241192,56.6013141780799,16.2297200682414,17.9181153791797,-14.1437943337882,15.4928770772209,5.86058419718881,35.3774677160585,263.403813493479,321.058858741597,200.046918156499,240.029240129878,9.45183031886516,10.5541388213293,0.405,0.999,0.322,0.961,23.6344082300402,66.8196281096498,20.9195221986872,61.747579688305,17.8854346916451,17.0625790763934,-14.8054211797479,14.1240807506324,5.19895735122911,34.0086713894699,319.888774109103,291.131604738179,219.200496309727,199.489657050385,10.3415155818165,9.93541116906068,0.463,1,0.465,0.999,27.8659147789859,87.9140766401826,27.3600492542855,79.8891239464657,28.8223231442007,19.4394861583167,-24.9296100000653,15.911666594849,-4.92523146908828,35.7962572336866,830.72631142873,377.893622099388,621.485454755355,253.181133825635,16.7983910188077,11.4639269121584,0.317,0.996,0.526,1,35.4902198386263,111.361347484934,33.8505794919052,104.862972913092,-19.0407471919705,29.3939389151181,7.73449211033697,56.755831835038,-4.63187779060911,13.4114306662508,23.3164995623864,38.7684973876909,48.4346861070886,49.021339724701,18.0433084568599,15.4519978253045,1,1,0,0,-21.3402190508787,31.3321846819886,11.8545546856029,62.5448616085296,-2.73973488058118,15.1727038053341,26.4632571669164,43.4317059144912,52.6724037328673,50.6903069229266,17.9124386859153,16.9684487475748,1,1,0,0,-23.866236569855,36.5813180325192,8.49514331297418,59.9519868352887,-5.71257267377547,15.2992150317071,24.8213115764784,42.5311398693752,60.4475546023742,51.4568435223145,21.0117877054826,17.7098282928967,1,1,0,0,-35.0318816526051,27.3413189166283,2.07344696810961,68.8862894245555,-15.495799757301,4.54172942605702,23.9775633488458,47.0613082600441,62.3732005692334,66.8128424564459,20.037529183358,23.0837449111983,1,1,0,0
630,100,1,1,"L'Ecuyer-CMRG","10407_-300531797_136993627_947469712_1687362755_-1272269753_-849571912","10407_-1690471840_-460980232_-968382615_395550447_-1946801015_1922699992",649490766,952871438,1658610715,1446625321,1000679640,1661807795,1562387839,26.2800000000025,3.50200000000041,2.83799999999974,0.973000000001775,0.841000000000349,115.862000000001,1,NA,"3835e552db3f","not-a-git-build","bbd3d4119dab4c61438d29ca56ae93a0","confirmatory",172.175999999999,14.9914659156139,14.348979777057,11.746757125585,-10.8842368276947,31.610904705372,8.93524319902161,224.744050299013,205.89322064239,137.986302967483,118.466611321346,8.64337175455396,8.25036995012371,0.488,0.999,0.434,0.973,23.3368719806488,68.0417698435084,18.6546835222757,56.436519804186,22.2734085271287,15.0989729536608,18.3359465327754,-11.9538619598788,38.2000941125624,7.86561806683751,496.10472741637,227.978984255381,336.2069352528,142.894815755838,12.9185120933405,8.69370519625146,0.326,0.93,0.417,0.994,24.5699962716807,73.0728414858108,19.4267183886365,59.6558693661533,23.4253572375376,16.1025446192342,15.6656061219562,-12.7627585646965,35.5297537017432,7.05672146201982,548.747361706255,259.291943214428,245.411215168273,162.888006180734,13.2481438529453,9.307517023204,0.475,0.989,0.489,1,32.7831263375131,96.9410714939885,25.2680191522474,76.8695528111028,26.8450034812711,15.9998866321368,16.7479510637961,-11.8867990308367,36.6120986435831,7.9326809958796,720.654211909458,255.996372241231,280.493864835309,141.295991199501,15.1898230478647,9.32328590063841,0.49,0.975,0.568,1,36.1103782063962,107.347748939897,27.2607202735546,87.3988669960135,3.20017689832756,58.8067264765971,-13.8849441817701,32.7326693833347,23.1608679593991,39.7790400483443,1.22063653694764,17.5335332992322,55.6065495782696,46.6176135651048,16.6181720889452,16.3128967622845,1,1,0,0,9.65436051025199,63.3524147603626,-18.1575995211884,31.9265862452673,30.1008084785546,47.2142245486744,0.442671212791777,16.3944524306026,53.6980542501106,50.0841857664557,17.1134160701198,15.9517812178108,1,1,0,0,7.518980278103,62.8384238554979,-21.1465576080731,30.0960243900455,25.8011525700182,45.2842852656222,-1.19915145992594,16.8484348502263,55.3194435773949,51.2425819981186,19.483132695604,18.0475863101522,1,1,0,0,8.8113085546212,65.697386601404,-17.9569318129234,33.1251802557594,27.4545530341907,46.0420163887811,0.0160634152521185,16.950174802213,56.8860780467828,51.0821120686827,18.5874633545904,16.9341113869609,1,1,0,0
629,100,1,1,"L'Ecuyer-CMRG","10407_74757040_-2007111809_732798661_-950333657_-1511232129_-1045972347","10407_-1513303763_1295744382_-391703415_-1466879556_250141368_1244046431",2045617114,734121517,649490766,952871438,1658610715,1446625321,1000679640,27.1800000000003,3.57900000000154,2.46700000000055,0.899000000001251,0.851000000002387,111.874,1,NA,"3835e552db3f","not-a-git-build","bbd3d4119dab4c61438d29ca56ae93a0","confirmatory",167.310000000001,9.18885601092932,12.2482479154959,-2.92768139685922,8.42728624245267,17.1162774817286,28.2232673303804,84.435074789592,150.019576999451,8.57131836151554,71.019153412232,5.72179573765322,7.03095830709815,0.774,1,0.519,1,22.6927519245029,61.6320445404334,18.6435687840262,56.5002419518072,9.17881754242222,14.7398147635794,-3.5490149866463,12.0157636230557,16.4949438919415,31.8117447109834,84.2506914770779,217.262139264634,12.5955073754401,144.378575445148,5.83450320546649,8.54218293539667,0.794,1,0.447,0.995,23.2134352726613,65.8639366676702,20.779835107462,61.6821221123074,9.88078088987085,12.6430984228647,-3.27536605890791,7.59220895241882,16.7685928196799,27.3881900403465,97.6298309936371,159.847937730244,10.7280228198459,57.6416367771885,6.46121559683935,7.81798857620162,0.792,1,0.684,1,25.0050941454605,76.9858905062473,27.2868865940339,83.1570033281278,11.2290512772793,14.9343066223122,-3.22914145540508,11.48366820369,16.8148174231827,31.2796492916177,126.091592587768,223.033514289239,10.4273545390156,131.874635412441,7.52945999622678,8.88488945054436,0.818,1,0.571,1,28.8946608970958,95.1447138233179,27.5670707336716,84.7251498473412,-11.01642238506,39.5121047204652,6.48325631408493,49.4933397473074,9.17357372873603,26.2684941773247,21.4017640032911,35.1332384821981,50.5285271055252,43.0100834332225,17.0949204485886,13.7314744789069,1,1,1,0,-6.58929405881028,41.2114465971927,6.35633294916964,54.6004973168372,6.91529426989381,25.4398533002617,24.6939834248819,38.9645413969497,47.800740656003,48.2441643676676,18.5245590303679,14.2705579720678,1,1,1,0,-9.0411123963262,40.3065505625914,2.52879792881421,52.3101030806237,8.50212408335904,25.3448748112162,19.1247520757488,35.2117702388867,49.3476629589176,49.7813051518095,16.8427507278572,16.0870181631379,1,1,1,1,-8.94626344473529,44.7633934229479,6.6402284145298,57.8692654169026,7.01033159670352,26.6020196646158,22.6757673996479,40.4650284369944,53.7096568676832,51.2290370023728,19.5916880679123,17.7892610373465,1,1,1,0
632,100,1,1,"L'Ecuyer-CMRG","10407_1894543937_-1684722266_1398308648_-1947333587_1136508891_-1433653112","10407_2101697695_245536582_-1465924807_239959286_1902782306_846094886",1000679640,1661807795,1562387839,1413403365,828996565,1500101727,1066988127,28.6910000000025,3.2609999999986,2.58499999999913,0.877000000000407,0.863999999997759,117.48,1,NA,"3835e552db3f","not-a-git-build","bbd3d4119dab4c61438d29ca56ae93a0","confirmatory",176.785,13.8793042921688,10.896739304144,11.6752078133746,-7.26275226053521,31.0080814563356,12.2230723176693,192.635087634614,118.738927462476,136.310477485484,52.7475703979093,8.03192023788146,6.70384961966842,0.482,1,0.666,1,22.2214138854276,64.2822530768671,23.5908347605102,70.172011160443,17.1422601339249,12.2761164344465,15.4375752145281,-9.3211842185691,34.7704488574891,10.1646403596354,293.857082499151,150.703034712088,238.318728504214,86.8844752365016,10.0386301089982,7.50203723766513,0.321,0.994,0.639,1,23.2856760608453,67.6379018309166,26.3186092981294,78.0835480552471,13.5840576617392,11.928870091849,10.1329129193183,-9.78633335988938,29.4657865622793,9.69949121831517,184.526622557456,142.29794166821,102.675924230488,95.7723206308838,8.53911522471854,7.59611246794194,0.745,1,0.688,1,32.6270832087982,93.6309567895512,27.7578507493605,86.535891549621,16.5504421540653,13.6386136399529,12.6782559711774,-12.3337429068288,32.0111296141384,7.15208167137579,273.917135495063,186.01178201991,160.738174470696,152.121214091749,10.040354906317,8.76264219433161,0.654,1,0.736,1,34.9848651067731,103.723176029158,32.7435645107223,100.728558680489,6.97088082726998,56.3637835759804,-17.8393724766311,44.4843645645964,21.5096647376961,40.9231665929315,2.03490197094951,22.1988520034774,49.3929027487105,62.3237370412274,19.4135018552354,20.1639500325279,1,1,0,1,8.62533206400672,61.3681432181369,-22.6349283344984,44.1475266935595,26.3181216693726,43.2476672684081,-1.52149794371053,21.2229085347606,52.7428111541302,66.7824550280578,16.9295455990355,22.7444064784711,1,1,0,1,-0.0288690780035485,58.5781945639023,-18.3500080970758,37.3166804150184,19.4540740852143,40.0843215422555,0.802151589057074,18.7430749193789,58.6070636419059,55.6666885120942,20.6302474570412,17.9409233303218,1,1,0,0,3.3081701474317,62.3998475168854,-27.5367933578558,37.5286382131788,23.2052582534297,41.352558037059,-3.0791319486814,18.0193650244289,59.0916773694537,65.0654315710346,18.1472997836293,21.0984969731103,1,1,0,0
631,100,1,1,"L'Ecuyer-CMRG","10407_-1669878655_-837204556_1633499059_-327610280_1145498317_-2072861445","10407_-2145465385_-778178876_-370833580_1855046547_-307643835_867741757",1658610715,1446625321,1000679640,1661807795,1562387839,1413403365,828996565,28.6779999999999,2.58099999999831,2.48799999999756,1.4220000000023,0.824000000000524,123.121999999999,1,NA,"3835e552db3f","not-a-git-build","bbd3d4119dab4c61438d29ca56ae93a0","confirmatory",180.732,19.4817322774534,18.7617540353543,-17.5196414857654,-16.6788906777986,2.4351032597245,3.38700713670869,379.537892530371,352.003414483135,306.937837789752,278.185394241958,11.5266652118985,11.2387898678218,0.284,0.986,0.275,0.934,24.6876407245334,71.4492588317539,20.2511366405585,61.0005949088383,18.4633663390959,21.4259937990517,-15.8184438724725,-19.629171279879,4.13630087301739,0.436726534628328,340.89589657166,459.073210277002,250.223166546563,385.304365134826,10.7658661193434,12.8552940924369,0.35,0.977,0.245,0.97,23.8860611229515,72.4356615108424,25.3126156401689,70.7497888517668,17.1375233768794,19.8133598245262,-13.7863756924967,-17.5633070596424,6.16836905299322,2.50259075486486,293.694707493089,392.569227536151,190.064154734663,308.469754871286,9.931579738067,11.6769376567007,0.519,0.999,0.321,0.975,28.3256577147074,86.4151275465661,25.1638577968872,76.5748338164641,20.7269342846693,22.2923420305989,-17.1480293076443,-19.7606715417337,2.80671543784564,0.305226272773588,429.605804840998,496.948513209206,294.054909135826,390.484139780285,12.5682275624329,13.0955909279252,0.644,0.998,0.393,0.99,42.9241371978973,125.434159435488,33.3059634013029,99.2919365193459,-27.8427270097919,30.0229407294119,-22.843753359034,29.0318003546886,-7.05520945403863,11.9535032818576,-4.56302279802031,11.8503790847576,57.8656677392038,51.8755537137226,19.0087127358962,16.4134018827779,1,1,0,0,-22.5800498768227,28.363879172835,-29.6286746540712,29.5588285971595,-4.81883895154592,12.9297968461001,-9.75734323897034,11.4670755025937,50.9439290496576,59.1875032512307,17.7486357976461,21.2244187415641,1,1,0,0,-16.6605943872568,31.8973576937799,-20.8646587814385,25.1682819143605,-3.28629121279984,14.8135517627783,-5.1751412489298,10.0813523615978,48.5579520810367,46.032940695799,18.0998429755781,15.2564936105276,1,1,0,0,-33.4402707434104,37.1705631617763,-28.429396608972,27.0812167118603,-9.35413272273897,14.8799251635276,-10.7405700935489,11.2823027788118,70.6108339051867,55.5106133208324,24.2340578862666,22.0228728723608,1,1,0,0
634,100,1,1,"L'Ecuyer-CMRG","10407_-2037972468_1528600121_-547490905_157762831_451374785_969571686","10407_1244877110_-2081494869_1142885378_475894049_1057612231_319147398",828996565,1500101727,1066988127,192431345,622423558,503293376,1179095652,28.4639999999999,3.145999999997,3.18699999999808,0.877000000000407,0.840000000000146,121.103999999999,1,NA,"3835e552db3f","not-a-git-build","bbd3d4119dab4c61438d29ca56ae93a0","confirmatory",182.932000000001,15.2555070189485,13.5365402443624,-13.1578424721461,10.2515244732245,6.5208240144968,30.1512747111173,232.730494405188,183.237921787242,173.128818521813,105.093754025121,8.87644940569033,7.91242445728737,0.41,0.998,0.579,1,22.7219747606727,67.3491608319032,24.5120008457267,69.165240397471,13.8817093984139,20.4393625757804,-11.572146888413,18.5367052175856,8.1065195982299,38.4364554554784,192.701855822012,417.76754250421,133.914583607008,343.609440323664,8.25249626686792,11.9806809287307,0.591,1,0.313,1,27.2385710079241,79.8836245707468,27.5004825307024,76.6736477811197,13.0525969769154,15.838144518508,-10.1672419858636,12.8767015097652,9.51142450077938,32.7764517476581,170.37028784178,250.846821789145,103.372809599107,165.809441771591,8.0711588980422,9.42936038378507,0.674,1,0.601,1,28.4710294208446,86.988986912579,31.2154755933866,89.5232814253315,15.2256965987534,16.3483215428405,-12.356820392236,12.922042153954,7.32184609440692,32.8217923918469,231.82183691729,267.267617268103,152.69101020598,166.979173428565,9.40649994425617,9.90432380945287,0.667,1,0.627,1,32.8722800490594,101.894223485265,33.1805155516863,102.174949882601,-23.6199680939907,35.7910497882529,2.13831504212294,61.0779307794788,-2.10706335014394,16.2921269660107,19.9349187857687,40.1838509399064,59.4110178822436,58.9396157373559,18.3991903161547,20.2489321541377,1,1,0,0,-27.4915504058269,41.6543666265224,3.52541900284137,69.6115806266337,-3.21465309146536,20.8667721958504,26.0538690572126,51.5352130045787,69.1459170323492,66.0861616237923,24.0814252873157,25.4813439473661,1,1,1,0,-20.3364202833372,42.4985679662288,0.935017907477444,64.0899080083149,-1.24719773153102,19.7698215152911,21.5830490430241,44.3203772401072,62.8349882495661,63.1548901008374,21.0170192468221,22.7373281970831,1,1,1,0,-25.7048636778195,39.2583493858273,0.129713495583094,70.2242178651781,-4.72345874690704,18.9831531617767,21.071551281012,43.676481901273,64.9632130636468,70.094504369595,23.7066119086838,22.604930620261,1,1,0,0
633,100,1,1,"L'Ecuyer-CMRG","10407_-1127972966_-2066960592_1924369627_-1614857331_-699314556_-1858828422","10407_1624845_-284327967_-980056991_-272176375_2093129115_-1974029512",1562387839,1413403365,828996565,1500101727,1066988127,192431345,622423558,28.7390000000014,2.6239999999998,3.20500000000175,0.906999999999243,0.856999999999971,121.204999999998,1,NA,"3835e552db3f","not-a-git-build","bbd3d4119dab4c61438d29ca56ae93a0","confirmatory",181.062000000002,14.3418017920451,11.8865134201011,12.2741735277935,8.29807524712583,32.4531797477918,28.5528681062277,205.687278642308,141.289201286244,150.655335790387,68.8580528069625,8.40723105776565,7.05607172392597,0.496,1,0.571,1,25.4927587902938,72.6688900193777,22.1832890496936,70.7370890892425,16.6466130230507,20.0148351877298,14.9487173835304,17.9393917563364,35.1277236035287,38.1941846154383,277.1097251392,400.593627591985,223.464151412664,321.82177658731,9.70485046159921,11.8486982584364,0.324,1,0.306,0.978,23.645740873474,74.4669843319427,24.2412057098147,70.3995600243122,11.0651170649404,13.2858192458269,8.25023427563533,10.1494665340371,28.4292404956336,30.404259393139,122.436815660836,176.512993032784,68.0663656028679,103.01167092554,7.38053908005567,8.38342602918312,0.833,1,0.723,1,29.9873010999673,89.9476375544076,30.7595800538164,95.9398652882495,9.46848488554847,11.3019912682898,2.6209060150638,7.69938596048155,22.7999122350621,27.9541788195834,89.6522060278598,127.735006628498,6.86914833979762,59.2805441684604,7.19044261728342,8.00466110955034,0.917,1,0.841,1,30.3975530178397,101.526471637839,32.0795774852005,105.761365589408,3.96136511981061,60.1152972430663,-1.76053494675838,56.3964397623696,21.7971889307534,43.9206446075726,19.5839726364438,37.8655106230052,56.1539321232557,58.156974709128,22.1234556768191,18.2815379865614,1,1,0,1,6.01845992498172,62.5193406597831,11.8888138185291,69.6463374744406,27.4670214169816,43.7460750470555,27.7363559094516,47.8385158624281,56.5008807348014,57.7575236559115,16.2790536300739,20.1021599529765,1,1,0,0,-1.049745443186,60.8132444417439,0.723521844222341,64.0429586137758,17.8530284703141,38.905189740314,19.5735060927619,40.7853602569838,61.8629898849299,63.3194367695535,21.0521612699999,21.2118541642219,1,1,1,1,-7.34207232486992,53.278943418592,-12.2764668144914,67.2876477509307,12.5645530856962,33.5179121180801,17.1780150551521,38.8294005000532,60.621015743462,79.5641145654221,20.9533590323839,21.651385444901,1,1,1,1
636,100,1,1,"L'Ecuyer-CMRG","10407_-425657134_-1321447226_1581739070_182351118_-1702969624_1406522117","10407_365209938_878406763_1417248891_-1420693244_-944292228_-1573223145",622423558,503293376,1179095652,458977514,2051522212,587127286,796106431,28.6810000000005,3.52399999999761,2.86000000000058,0.90599999999904,0.949000000000524,120.379999999997,1,NA,"3835e552db3f","not-a-git-build","bbd3d4119dab4c61438d29ca56ae93a0","confirmatory",180.34,8.89423114372076,9.7845368042029,-2.46836252416136,-3.98363100785743,17.5046165680873,15.9857517941279,79.1073476379323,95.737160472801,6.09281355068426,15.8693160067632,5.79893556815872,6.01343067379622,0.801,1,0.698,1,23.4550461053736,68.1360336875038,22.5393035431688,63.0284720333262,9.93708192676206,8.97590522949593,0.947874324649703,0.900055011639196,20.9208534168983,20.8694378136245,98.7455972191812,80.5668746888924,0.898465735330131,0.810099023976834,6.31680629908802,5.87729982867251,0.759,1,0.765,1,24.5136854791371,72.4099201968625,22.8433544657662,69.7480289884091,12.892340451419,11.777598680354,-7.22198510373362,-7.36348456585954,12.750993988515,12.6058982361257,166.212442315295,138.711830675476,52.1570688385503,54.2209049516517,7.90196875359594,7.48391098964275,0.723,1,0.711,1,27.7611798550672,87.5958629019639,27.321518254597,86.0338657249268,10.8980128360852,12.2216532229854,-5.47149891227791,-7.53361536594934,14.5014801799707,12.4357674360359,118.766683775478,149.36880750291,29.9373003470583,56.755360482068,7.44232994094433,7.57568871725486,0.823,1,0.695,1,29.3660788209626,93.7933127884379,27.1228841664124,82.5893915156999,-10.6772108143526,44.3017486508784,-9.67009218482785,44.1995671376262,7.47654472144789,28.0149203818112,6.15806805363319,26.0581191688882,54.978959465231,53.8696593224541,20.5383756603633,19.900051115255,1,1,1,1,-8.51396524055145,46.6857119047081,-6.50739360125336,50.8482555477151,11.2845899435815,30.9168402934477,10.5904556081705,30.6839441997079,55.1996771452596,57.3556491489684,19.6322503498662,20.0934885915374,1,1,1,1,-13.6361786095725,41.073859340028,-11.8647646359497,41.4898546529831,3.27098730755627,21.8746817850424,3.81572565182106,21.4052770063605,54.7100379496005,53.3546192889328,18.6036944774861,17.5895513545394,1,1,1,1,-12.0198021973875,43.6810624256654,-9.68484951669023,37.2385982687177,5.29273941438756,22.7506712235273,3.53054531665281,20.4956084967983,55.7008646230529,46.9234477854079,17.4579318091397,16.9650631801455,1,1,1,1
635,100,1,1,"L'Ecuyer-CMRG","10407_2056714069_1066270074_578059939_2084640193_767232241_-1017309511","10407_-2040554324_-1903984628_-1449430522_843730748_543887845_-98709707",1066988127,192431345,622423558,503293376,1179095652,458977514,2051522212,28.7750000000015,3.86699999999837,2.61499999999796,0.913000000000466,0.863000000001193,118.295000000002,1,NA,"3835e552db3f","not-a-git-build","bbd3d4119dab4c61438d29ca56ae93a0","confirmatory",179.384000000002,8.53650879929436,18.4071218883265,5.55047210877705,16.4138590980209,25.8082853180502,36.5785957036207,72.87198248043,338.822136211708,30.8077406303119,269.414770489683,5.54461354656679,11.1729293809459,0.784,1,0.252,0.926,21.912213275242,64.9018375519631,18.2382149503616,56.1360867675577,15.5713087966518,24.0501879432512,14.3597880985686,22.4864046051513,34.6176013078418,42.6511412107511,242.465657640687,578.411540105704,206.203514235792,505.638392066571,9.13910641161787,15.0673805524173,0.39,1,0.124,0.85,24.813806289722,73.0936044894805,22.7399522646491,67.556118041295,9.61250326609074,19.094665382386,7.7823870161632,17.0048618562056,28.0402002254364,37.1695984618054,92.4002190406052,364.606246065291,60.5655476693455,289.165326748636,6.79348512850813,11.1437835487299,0.868,1,0.357,0.998,29.3648750430551,86.2051332133724,26.0273685574486,76.4412943992213,10.9620222458962,20.5921996561627,7.85075979283962,18.5597793326578,28.1085730021128,38.7245159382576,120.165931719523,424.038686679266,61.6344293248672,344.46540887695,8.1469574353299,12.1784404938492,0.897,1,0.329,0.994,35.8810740134907,109.29166216947,28.3946952220899,89.3459882267297,1.63120023618142,54.4700573906724,15.6873106645183,60.6066501794922,16.5047192945019,34.2969430914692,28.9450987668005,43.6152781667051,52.838857154491,44.9193395149739,17.7922237969673,14.6701793999045,1,1,1,0,8.272916578539,64.8407982785756,15.2584724684706,70.7031919548711,23.7875295454319,44.7081170274686,33.1401077902789,51.4868168913839,56.5678817000367,55.4447194864005,20.9205874820367,18.3467091011049,1,1,0,0,-0.200029573161014,55.0248139788857,13.050512672304,65.1329125534268,18.5768357401064,37.8852590541074,28.0498525377181,45.5850558580539,55.2248435520467,52.0823998811228,19.3084233140011,17.5352033203358,1,1,1,0,0.0406243209025926,55.9060688046211,12.8461841525299,61.1295250672525,17.8125460606142,37.6915178259452,30.5979766522859,47.4378234715941,55.8654444837185,48.2833409147225,19.878971765331,16.8398468193082,1,1,1,0
638,100,1,1,"L'Ecuyer-CMRG","10407_-1683039560_1507574234_-1818735004_1363929579_185742779_-179707980","10407_535590309_-1673646833_1421197535_554968708_11644205_-524759202",2051522212,587127286,796106431,347234732,1322428784,53077820,402595768,25.9609999999993,3.91200000000026,2.86100000000079,0.884999999998399,1.60099999999875,124.186999999998,1,NA,"3835e552db3f","not-a-git-build","bbd3d4119dab4c61438d29ca56ae93a0","confirmatory",180.991999999998,11.5825253505558,12.0419984134471,-8.30684489044424,-7.89590141092054,11.6355786139381,11.9810697326264,134.154893496268,145.009725789462,69.0036720338996,62.3452590909769,6.85610428697345,7.01000286396228,0.645,1,0.599,0.999,22.4337007457274,66.6165461347407,21.8604559306263,62.1731886504361,10.8853573788514,10.5706869420701,-7.15666398057464,-4.68833486421486,12.7857595238078,15.1886362793321,118.491005265315,111.73942242725,51.2178393308545,21.9804837990125,6.97612126367825,6.31579993944589,0.757,1,0.645,1,27.2202384360378,81.4618655043663,21.6103337328041,61.6794886751908,11.8196487532484,12.2153718973006,-8.32158341994085,-7.16983606319322,11.6208400844415,12.7071350803538,139.704096650168,149.215310589362,69.2487506150345,51.406549173066,7.33896713105936,7.60877355652396,0.741,1,0.71,1,27.3640839245968,80.6230437352393,27.7005402452693,84.2067796722709,13.8489685561808,11.3288293233241,-9.89081041210432,-4.67725373281183,10.0516130922781,15.1997174107352,191.793930070085,128.342373837007,97.8281306081912,21.8767024811022,8.93180858811516,7.67484137698871,0.775,1,0.826,1,34.889090719056,104.688761007089,31.1964804274824,95.4071172962834,-14.4618912211865,40.4351674600085,-12.4245391906636,36.8093725884981,2.22477011532653,20.9459491871828,2.16393241534969,21.7278713623199,54.897058681195,49.2339117791617,18.7211790718563,19.5639389469702,1,1,1,1,-20.0561023675983,48.6064499759375,-7.6451120803246,40.0994046009744,0.636145466360883,23.6929238725711,7.03048435295554,23.62894210926,68.6625523435358,47.744516681299,23.0567784062102,16.5984577563045,1,1,1,1,-18.153157302542,39.7206618039994,-12.273924396281,38.7633191120818,1.8777426635028,22.2314424259389,3.80301683491242,21.5703288979315,57.8738191065414,51.0372435083629,20.3536997624361,17.767312063019,1,1,1,1,-22.978398978562,42.914823402644,-10.8026417040409,45.3675319332204,-1.97533197583971,21.6586950998663,4.72095688523461,25.1727508662626,65.8932223812059,56.1701736372613,23.634027075706,20.451793981028,1,1,1,1
637,100,1,1,"L'Ecuyer-CMRG","10407_-885113106_-910299297_-21397592_-520167996_1466146790_1110984571","10407_431243809_-970866532_709642419_-1161430346_-1997276415_-440148526",1179095652,458977514,2051522212,587127286,796106431,347234732,1322428784,28.143,3.60900000000038,2.54099999999744,0.90599999999904,0.851999999998952,116.685999999998,1,NA,"3835e552db3f","not-a-git-build","bbd3d4119dab4c61438d29ca56ae93a0","confirmatory",175.901999999998,19.6551238068079,11.7493180909415,-18.0813694230886,-7.24220817541605,1.99448772269728,12.6394209345554,386.323891860945,138.046475602126,326.935920214204,52.4495792560631,11.7139770528105,7.08829620861217,0.19,0.992,0.681,1,22.0662983210855,69.8885962924041,24.8171522970758,72.9318840392319,23.8800736361191,11.2059272997355,-22.4909935430511,-6.35232801307705,-2.41513639726521,13.5293010968944,570.257916866469,125.572806646957,505.844790553566,40.3520711857234,14.8807875513309,6.74751311785148,0.108,0.921,0.654,1,23.6143078960102,70.2410151236416,22.5267558152554,69.7443520828896,21.6237568585487,13.9078441013909,-19.7576563220013,-9.48014296082256,0.318200823784563,10.4014861491489,467.586860677632,193.428127548593,390.364983338319,89.8731105576336,12.7696855594556,8.7175843702822,0.247,0.997,0.698,1,27.2987175745915,82.6520943872159,31.8718913262296,96.3317555118986,25.3953932615354,14.2300669902727,-23.7675461449824,-10.8974978126907,-3.69168899919647,8.98413129728075,644.925998908039,202.494806547649,564.896249753866,118.755458577598,15.0782485883809,9.129819834287,0.211,1,0.714,1,32.6143860117221,98.1289370211019,33.9836643115085,104.993987986701,-28.6811483497538,31.5031579207423,-16.3297758708552,45.6111246901792,-6.41199727423407,10.2233035959775,1.369445376756,22.3992336526569,60.1843062704961,61.9409005610344,16.6353008702116,21.0297882759009,1,1,0,1,-28.0805338414604,24.8405773156693,-15.5322783966545,41.434657388464,-11.8811752546693,6.77418521343122,4.84267205130879,22.1323860062217,52.9211111571297,56.9669357851185,18.6553604681005,17.2897139549129,1,1,0,1,-26.1102972225468,26.2747637840273,-19.8592091738765,43.2134765629868,-7.77010920762395,8.47160302563459,-0.692431252998455,20.4958551119769,52.3850610065741,63.0726857368634,16.2417122332585,21.1882863649753,1,1,0,1,-29.5724628466011,25.3776838516758,-21.382965562078,43.5413957926071,-13.9403321373957,5.82483626468697,-2.33501724093263,19.9272338885549,54.9501466982769,64.9243613546851,19.7651684020827,22.2622511294876,1,1,0,1
640,100,1,1,"L'Ecuyer-CMRG","10407_-483498995_118545585_-1821987851_1991112651_220826503_-2104875598","10407_859308955_-364969590_1894624637_-391671666_437768833_-581808448",1322428784,53077820,402595768,852964758,1370234420,1777073112,1578518350,28.5509999999995,2.74599999999919,3.56200000000172,0.881000000001222,0.824000000000524,120.407999999999,1,NA,"3835e552db3f","not-a-git-build","bbd3d4119dab4c61438d29ca56ae93a0","confirmatory",179.478999999999,8.28926439279711,11.7439530779384,-1.0707751488202,-8.23618387145379,18.8569738456466,11.4874305068876,68.711904173694,137.920433896818,1.14655941933093,67.8347247643956,5.31587942681305,6.78668521682262,0.762,1,0.557,1,20.5552886240333,61.6479728817361,19.4037046998238,57.9675092569691,13.9506981353184,8.64752107205115,9.92053516087905,-0.63067537407267,29.8482841553459,19.0929390042688,194.621978462776,74.7796206915687,98.4170178782375,0.397751427461702,8.01294369372705,5.60788331217589,0.554,0.992,0.791,1,22.1949077179125,63.8644924416082,22.7089293597379,63.9812652812059,13.1686537120262,11.1683804687697,2.10562285599165,-6.46693519378262,22.0333718504585,13.2566791845588,173.413440587262,124.732722295197,4.43364761167444,41.8212508005842,8.05621304408415,7.24376740568693,0.702,1,0.757,1,29.6143630857913,85.9825112232032,27.7309568464484,84.6839263679637,11.4804078917693,12.058839938558,1.24620325489948,-7.40073185008261,21.1739522493663,12.3228825282588,131.7997653614,145.415620663761,1.55302255252205,54.7708319168271,7.94604596991618,7.63914739746472,0.849,1,0.725,1,34.082514531776,100.144091489285,28.5908196615094,86.6143265077186,-4.70856344334317,44.9201679493033,-12.8274164258668,35.2775873335949,10.8718298117319,26.6719636826324,4.68852281393402,19.2394958038712,49.6287313926465,48.1050037594617,15.8001338709005,14.5509729899372,1,1,1,0,6.44859721322008,52.2971165463256,-7.80295655215369,44.0225780438294,21.7058986978077,38.7254996841183,9.16029100389782,29.0141575952315,45.8485193331055,51.8255345959831,17.0196009863106,19.8538665913337,1,1,0,1,-2.30604585760065,46.887221027696,-12.2438095140436,37.2585188557973,13.1380234161212,31.2068758350748,3.66577251351242,22.341946511455,49.1932668852967,49.5023283698409,18.0688524189536,18.6761739979425,1,1,1,1,-11.3002570159202,52.4048007909456,-12.880060307206,38.3342451356892,10.9200081811634,31.5279213456581,2.64679336053758,21.0724892796555,63.7050578068658,51.2143054428952,20.6079131644946,18.4256959191179,1,1,1,1
639,100,1,1,"L'Ecuyer-CMRG","10407_-1787357513_1447713942_-867025585_162022657_-409884944_230392376","10407_-455924312_-784299881_-557347435_139038120_2030668703_-1285174632",796106431,347234732,1322428784,53077820,402595768,852964758,1370234420,28.7649999999994,3.5679999999993,2.49399999999878,0.885999999998603,0.835999999999331,124.860000000001,1,NA,"3835e552db3f","not-a-git-build","bbd3d4119dab4c61438d29ca56ae93a0","confirmatory",184.310000000001,8.76353332759165,9.17679814299261,4.55772058612566,0.330924726685556,24.47863564619,20.155562879659,76.7995163838095,84.2136241572325,20.7728169411936,0.10951117473191,5.7030676888515,5.66120207470664,0.783,1,0.717,1,23.2763040739621,66.6211980938479,21.3512330984716,58.4516853310418,14.145058110979,10.2761393963339,11.9520306737709,4.18401546151643,31.8729457338353,24.0086536144899,200.082668962972,105.599040892886,142.851037226761,17.5059853822085,8.22272229388207,6.22125101199256,0.484,1,0.687,1,23.2878045012467,67.1226350890578,22.3846543753979,62.7263496377885,12.3037598640256,11.2307727662332,9.12818410695283,0.944911878977543,29.0490991670172,20.769550031951,151.382506791606,126.130256926766,83.3237450904262,0.89285845903287,7.46515396445623,7.23904568626378,0.646,1,0.777,1,25.475430896214,77.2191544893182,28.7999385239145,83.9210126756464,11.2916774256644,13.3569837402454,7.05306300361064,0.89280424609403,26.973978063675,20.7174423990675,127.501979085258,178.40901463718,49.7456977329012,0.79709942184353,8.05236826184973,8.5742974405511,0.809,1,0.758,1,33.2919666863868,101.742654726309,32.8703307629033,99.6981523468587,-2.28488676640561,52.3706153503578,-2.98153478500579,45.2142079473294,14.7124313338287,34.2925075564356,11.4811440483319,28.572126314473,54.6555021167634,48.1957427323352,19.5800762226069,17.0909822661412,1,1,1,1,3.63120742198479,58.9222980599239,-0.33448306832124,49.2782916944604,22.3412033708411,40.5687309683725,14.700521729882,33.343287139628,55.2910906379391,49.6127747627817,18.2275275975313,18.642765409746,1,1,0,1,2.01709179691313,55.2198367351147,-8.05496266350857,47.2537067264245,19.2925192074373,38.5007090455122,11.5668526905436,30.6649017426892,53.2027449382016,55.308669389933,19.2081898380749,19.0980490521456,1,1,1,1,0.475747751081005,55.0583478569551,-8.29850531278313,52.4005260582677,17.5290593668221,35.2649335826812,9.4251604675652,30.8586846072415,54.5826001058741,60.6990313710508,17.7358742158591,21.4335241396763,1,1,1,1
642,100,1,1,"L'Ecuyer-CMRG","10407_-527410644_-210456178_326464932_-1295695926_2112732481_491084256","10407_-1728953428_1560406461_1914809085_2065264161_-916738258_-118992064",1370234420,1777073112,1578518350,854071511,2122379388,1454639450,1955317525,28.8070000000007,3.17299999999886,3.71500000000015,0.83900000000358,0.827000000001135,116.634000000002,1,NA,"3835e552db3f","not-a-git-build","bbd3d4119dab4c61438d29ca56ae93a0","confirmatory",175.967999999997,8.89667063373949,10.6670619522219,4.4333571601206,-4.67985898981002,24.7133173374173,15.6659271041206,79.1507483652427,113.78621069254,19.6546557091926,21.9010801645057,5.87259033705994,6.46261692865821,0.762,1,0.655,1,22.5262849189987,70.3840094277116,22.2107877444411,68.0430678909995,13.8356519509474,9.63444120204298,10.966518636882,-0.992154526431403,31.2464788141787,19.3536315674992,191.425264907756,92.8224572756234,120.264531013081,0.984370604318321,8.03350163101571,6.36388486528948,0.531,0.999,0.82,1,22.7351938713684,69.6050796026124,26.8134036678936,73.6186241295396,10.1592562710799,12.7579003626373,3.1827618050334,-4.97505287915528,23.4627219823301,15.3707332147753,103.210487981475,162.76402166298,10.1299727075795,24.7511511503912,7.02921397836511,7.98170697048355,0.829,1,0.714,1,29.5938554461069,88.2802651757716,28.7244517352653,89.9924177284712,10.9151531382577,14.9750359026504,5.56369820494827,-6.65404850472525,25.843658382245,13.6917375892054,119.140568031617,224.251700285668,30.9547377157446,44.2763615032363,8.07139395867785,9.34810040800333,0.895,1,0.732,1,35.0255744902599,108.031701849515,34.593107828688,102.777880081369,-8.65905711189063,49.8606676339739,-13.0157275486208,45.2817236312784,17.1192426534032,33.9835015481088,5.16750633729035,25.0028160470562,58.5197247458645,58.2974511798992,16.8642588947056,19.8353097097659,1,1,1,1,7.6294037887194,59.7884345665405,-10.8445907317412,49.7242285211941,22.2102370403401,38.9706404218834,6.63159293309937,31.6257022129017,52.1590307778211,60.5688192529353,16.7604033815433,24.9941092798024,1,1,0,1,-5.14073646442579,50.6242158712545,-12.0696749661985,49.6383731525102,14.3394113272472,32.959231408359,5.82941191534142,23.9603696625074,55.7649523356803,61.7080481187087,18.6198200811118,18.130957747166,1,1,1,1,-3.85785857911697,61.6124011773987,-18.9424414770211,47.100605104416,15.7881999535506,34.9553238411933,3.78064764657025,23.7187176630731,65.4702597565156,66.0430465814371,19.1671238876427,19.9380700165029,1,1,1,1
641,100,1,1,"L'Ecuyer-CMRG","10407_1187105725_-837526465_870149355_-1841661120_-270418471_-515463125","10407_-1221206043_1844278450_-1276449303_-2027989621_1628835350_-1673422319",402595768,852964758,1370234420,1777073112,1578518350,854071511,2122379388,28.6469999999972,2.56599999999889,2.48199999999997,1.11100000000079,0.838999999999942,116.423999999999,1,NA,"3835e552db3f","not-a-git-build","bbd3d4119dab4c61438d29ca56ae93a0","confirmatory",175.111999999997,12.190182167085,21.2996695385724,-9.09093270381069,-19.2531487130996,10.6757955916449,0.569214607010224,148.600541266717,453.67592245239,82.6450574252147,370.683735368728,7.15337356926401,12.9692701053321,0.603,1,0.23,0.957,22.5290467553675,66.436121705877,22.5031287966276,63.8168593462921,12.4842868188946,22.0687314013013,-9.10462778500915,-20.2096624165972,10.6621005104464,-0.387299096487423,155.857417376425,487.028905662783,82.8942471035606,408.430454992822,7.34261112394702,13.5453430968482,0.63,0.999,0.205,0.917,23.400343888462,67.0123879377857,22.8038075905324,64.2815490803871,14.6106635431405,19.2797366623115,-9.11127672261036,-17.1270379329313,10.6554515728452,2.69532538717849,213.471489170856,371.708245768079,83.0153635159814,293.335428356068,8.73391719004693,11.2982036855738,0.643,1,0.32,1,29.1095587648832,82.1041338360288,25.8092641509192,77.5082405531561,16.6475504513287,22.8500353356144,-11.2358750817451,-20.741379346806,8.53085321371045,-0.919016026696158,277.140936029533,522.124114838825,126.244888852581,430.204817208109,10.0941298359074,13.4533462268832,0.561,1,0.283,0.997,30.2363662108442,94.7851388813955,28.0394742401847,89.2841555026609,-16.1717181170872,40.3283518517297,-24.6213785640353,28.7701744465531,0.900165636779036,19.5002229426158,-9.57189219155451,9.91972425097241,56.5000699688169,53.3915530105885,18.6000573058367,19.4916164425269,1,1,0,0,-16.7280655749466,35.1122142694611,-26.7154446284919,27.1095507077131,1.03340430341869,20.5080491860642,-9.9080181756068,8.60094952262431,51.8402798444076,53.8249953362049,19.4746448826456,18.5089676982311,1,1,1,0,-15.6184373512618,37.4086579278297,-23.1704065173594,30.7289143937585,1.19898348323042,19.4745670868139,-7.81981485714393,12.7391617406548,53.0270952790915,53.8993209111179,18.2755836035835,20.5589765977988,1,1,0,0,-18.7503486362141,36.4336261978505,-29.3465673161999,30.4405764714851,-1.43357049141617,18.2833904596014,-11.7521469056215,9.41936603639369,55.1839748340646,59.787143787685,19.7169609510176,21.1715129420152,1,1,0,0
644,100,1,1,"L'Ecuyer-CMRG","10407_-1012424120_217247846_96082448_-1018232520_304101988_1269314411","10407_1926784378_-1819260724_-748010898_1320482264_-2055048960_-492559293",2122379388,1454639450,1955317525,339578899,1255920,175672161,41313702,29.0030000000006,2.92399999999907,3.45200000000114,0.846000000001368,0.864000000001397,120.721000000001,1,NA,"3835e552db3f","not-a-git-build","bbd3d4119dab4c61438d29ca56ae93a0","confirmatory",179.377,18.2471096846314,8.43496838104645,16.5251825066125,2.54090633828045,36.3611288522111,22.5814929851321,332.957011842968,71.1486915892533,273.081656876852,6.45620501991377,10.8403321867226,5.34950845672103,0.244,0.972,0.726,1,21.3793884499862,64.4982530275519,20.4039482649537,59.6864484007651,27.7983816175205,12.5923004230999,26.7004052223462,10.0124347884791,46.5363515679449,30.0530214353307,772.750020553303,158.566029945602,712.911639037494,100.248850393546,18.1742321335517,7.28464552191049,0.029,0.823,0.506,1,24.2466566150333,68.6282752252497,20.3778164054944,62.2764488941652,22.1504724978513,7.95318648694792,19.6127066908733,5.069558158377,39.4486530364719,25.1101448052286,490.643431878068,63.253175296171,384.658263742226,25.7004199211668,12.9415576817564,5.69852995772824,0.358,0.994,0.889,1,31.5127000076809,94.2371619495799,25.0828267394172,73.8228040857062,21.0070850019171,9.4269628469607,17.1396906072673,5.99009534065866,36.9756369528659,26.0306819875103,441.29762027777,88.8676285179774,293.768994112847,35.8812421901806,12.3654422994138,7.09227233789988,0.539,1,0.911,1,36.6656615308645,110.886676874711,31.3199782788854,95.0656511009169,12.2413904376809,64.1301805993658,-3.23928644574227,46.8673967301204,27.3562079509316,44.7891608370322,14.1452568458646,31.5809553741127,51.8887901616849,50.1066831758627,17.4329528861006,17.4356985282481,1,1,0,1,20.5502308826008,74.981113270515,4.70101922441238,54.3503409304154,36.1685597277291,56.4870175420157,22.1339564220512,38.158515660376,54.4308823879141,49.649321706003,20.3184578142867,16.0245592383247,0,1,0,0,13.6714761374446,65.9447582807581,2.06189945970627,47.9544031777148,30.0585919955881,48.4581592520969,17.4516094408324,33.2462413153014,52.2732821433135,45.8925037180085,18.3995672565088,15.7946318744689,1,1,0,1,6.41378164861676,67.3235147251464,-0.0125137459574917,51.7683949384264,27.0142674609463,47.426854579664,18.3812967591437,34.6172567584658,60.9097330765297,51.7809086843839,20.4125871187177,16.2359599993221,1,1,0,1
643,100,1,1,"L'Ecuyer-CMRG","10407_-1209488924_-2040800022_1451469550_-1568234699_-144549946_-422998610","10407_265507828_-409086308_1565429089_-1600890015_-1339632120_1454067238",1578518350,854071511,2122379388,1454639450,1955317525,339578899,1255920,29.2969999999987,2.55199999999968,2.54200000000128,0.838999999999942,1.17799999999988,124.280999999999,1,NA,"3835e552db3f","not-a-git-build","bbd3d4119dab4c61438d29ca56ae93a0","confirmatory",183.832000000002,12.0868554427251,12.4702107313414,-8.88107056419825,-9.47703801613425,10.9693593865842,10.3146009138985,146.092074493334,155.506155684063,78.8734143662687,89.8142495592538,7.01124247971519,7.18226035515449,0.582,1,0.47,0.999,20.9855720460812,60.7087206280267,18.0924508959362,53.3294397898714,14.3679292984782,9.29769739376709,-12.0226128106319,-5.6871746818286,7.82781714015052,14.1044642482041,206.437392326069,86.4471768260634,144.543218794371,32.3439558616322,8.40373676614936,5.69787190249702,0.511,1,0.705,1,24.1155706362229,70.2587646802076,20.6726762205611,61.1315897094322,12.1656504893053,11.1552617243354,-9.17981316918042,-8.70437042423531,10.670616781602,11.0872685057974,148.003051827935,124.439864138423,84.2689698210583,75.7660644823023,7.43523449997339,6.79004586917484,0.669,1,0.658,1,26.0321281071227,78.9393414556424,23.631293866629,73.2806472285864,14.0935700615902,11.5765982666168,-11.4127867288714,-8.68018963565349,8.437643221911,11.1114492943792,198.628717080951,134.017627426635,130.251700918704,75.3456921109063,8.92450572138332,7.3813954049995,0.688,1,0.75,1,32.3038890405206,99.7827865872123,27.9325075488883,86.9552763188231,-16.435635929428,34.1350659730099,-10.1832692119131,31.5099257006285,2.66064646507721,19.6040145359154,2.90266185950359,17.6579069143234,50.5707019024379,41.6931949125416,16.9433680708382,14.7552450548198,1,1,0,0,-21.4656632848777,37.468223281099,-8.87760713163054,33.9426086860192,-2.44885796818118,17.6835913981495,6.71055372540645,22.698982976724,58.9338865659767,42.8202158176497,20.1324493663307,15.9884292513176,1,1,0,1,-16.0891125539502,34.0574559509984,-7.94166366309947,30.7270885306261,0.502431069318718,20.9023003704318,3.65004329014745,17.8749932934455,50.1465685049486,38.6687521937256,20.3998693011131,14.224950003298,1,1,1,0,-21.4129755582887,36.718531019682,-10.728735971772,36.4376295858328,-1.24125517018358,18.0338475755022,2.19091515628667,18.5631789142383,58.1315065779707,47.1663655576048,19.2751027456858,16.3722637579516,1,1,0,0
646,100,1,1,"L'Ecuyer-CMRG","10407_1915926824_1542039131_-1675799274_565067392_239265185_1586122315","10407_222486300_-1669843880_138417177_1571737129_705944165_1530281186",1255920,175672161,41313702,1720973760,1110692918,118517391,734863473,28.762999999999,2.9890000000014,3.43999999999869,0.902000000001863,0.833000000002357,118.446,1,NA,"3835e552db3f","not-a-git-build","bbd3d4119dab4c61438d29ca56ae93a0","confirmatory",179.488999999998,8.70712377467961,11.8124890307593,4.61957745605844,7.4772746727385,24.6286839783806,27.4802802903382,75.8140044275908,139.534897101809,21.3404958725233,55.9096365315767,5.68358347651806,6.88036264995247,0.808,1,0.553,1,23.1157049617537,68.6996842016703,20.3528509737921,61.6738662020318,16.745913241699,18.6897368169259,15.0474349700244,16.1145609489703,35.0565414923466,36.11756656657,280.425610298511,349.306262285956,226.425299177114,259.679074578078,9.82992001525905,10.8527328879556,0.323,0.993,0.396,0.99,22.8405889844001,66.0174871663939,25.414936157111,69.7008605281381,9.41442768571109,15.9328966391843,5.98131935083337,12.2095570044467,25.9904258731556,32.2125626220465,88.6314486494835,253.857195314931,35.7761811766537,149.073282244834,6.67669643141844,9.28974495267563,0.849,1,0.54,0.998,28.0618766343818,87.464817451231,26.8040477086098,81.9004388768941,8.35476904530133,18.1577146373132,3.33841093354525,11.666479642941,23.3475174558675,31.6694852605408,69.8021658003253,329.702600850097,11.1449875612145,136.106747259157,7.09827910522345,10.7014017551656,0.93,1,0.627,0.997,32.7927440382155,101.82679241298,33.1293789018043,102.00202312731,-3.44906325651907,51.1328913289109,1.95320345505047,51.3370482867045,15.6568134022858,34.9896093134765,19.1537926941315,36.215607343388,54.58195458543,49.383844831654,19.3327959111907,17.0618146492565,1,1,1,1,11.0797278340447,60.5978267068678,9.52972449178792,65.9321111757623,25.0876131716765,44.1621306294359,24.4985203732846,47.1559368565206,49.5180988728231,56.4023866839743,19.0745174577594,22.657416483236,1,1,0,0,-0.99853133169906,55.4827965621708,2.7058898076562,59.683571315702,16.5539567584142,34.8979304499692,23.6338710936165,41.6159842346949,56.4813278938699,56.9776815080458,18.343973691555,17.9821131410785,1,1,1,0,-9.88797323475375,52.9755719518636,3.64130412739916,61.0575226130478,12.4849452654002,34.8207679427434,21.7665918065905,42.0605936591026,62.8635451866174,57.4162184856486,22.3358226773432,20.2940018525121,1,1,1,0
645,100,1,1,"L'Ecuyer-CMRG","10407_-1104883311_-1970238741_1147013103_1587772884_-1330392646_1114312001","10407_362677441_457481474_1127652182_-644333803_220724899_-1167832324",1955317525,339578899,1255920,175672161,41313702,1720973760,1110692918,27.4199999999983,2.52300000000105,3.18100000000049,0.923999999999069,0.83100000000195,118.275999999998,1,NA,"3835e552db3f","not-a-git-build","bbd3d4119dab4c61438d29ca56ae93a0","confirmatory",176.099999999999,14.2227571489874,9.54758209189107,-11.634672119785,-0.763954129022022,8.01461498573708,18.7823896850007,202.286820919072,91.156323801399,135.365595334902,0.583625911249796,8.25922713978593,5.90858770074426,0.507,1,0.7,1,23.5753439692462,66.8930296171421,22.3566988326884,62.5774396379537,14.4009050583113,10.1881206694743,-11.2494255289289,1.07545909027314,8.39986157659318,20.6218029042959,207.386066498497,103.797802775769,126.549574730917,1.15661225485113,8.34933100038979,6.32281437651415,0.535,0.998,0.678,1,23.8983577303458,68.4793369239437,22.7889034674238,68.081507212472,17.9649430720204,11.407749351885,-14.0760742420784,-1.72663423273599,5.57321286344367,17.8197095812867,322.739179580935,130.136745275434,198.135866068503,2.98126577365581,10.5900148777626,7.52270943734529,0.522,1,0.813,1,31.6954672573103,91.4806992839311,30.2710081583197,89.9248325436333,17.8971024054032,12.8599635573821,-14.6916824924842,-6.41942237991377,4.9576046130379,13.126921434109,320.306274509488,165.378662697196,215.845534459965,41.2089836917378,10.9740085803436,8.41056653430817,0.62,1,0.746,1,35.2924736080203,111.995413854016,30.6122640530478,99.9624702314077,-17.8593491126445,35.8776913668549,-6.12128651269129,45.3082217353684,-1.72147340688928,18.5399371363346,9.48055631128303,27.8175196378259,53.7370404794994,51.4295082480597,20.2614105432238,18.3369633265429,1,1,0,1,-18.4469943998355,34.6440368001178,-7.44694120309762,45.4611740559255,-0.927396918975382,18.5022606023153,10.9263231049461,30.7522554361336,53.0910311999533,52.9081152590231,19.4296575212907,19.8259323311875,1,1,0,1,-26.2094475250616,36.5987451470528,-10.7244055060604,43.85846575526,-5.04589650278977,16.8251507864747,7.64330115453749,28.2586354962617,62.8081926721145,54.5828712613204,21.8710472892645,20.6153343417242,1,1,0,1,-31.0881992673013,43.2990291966827,-20.661093286041,47.8118953635794,-7.00108649292199,17.7776439623191,1.97876991991493,24.5354389403781,74.387228463984,68.4729886496203,24.7787304552411,22.5566690204631,1,1,0,1
648,100,1,1,"L'Ecuyer-CMRG","10407_1258190718_873952537_-1593956216_815835063_824907457_900329328","10407_894550850_-608929199_-1301794883_-1455026563_1934258243_1584504198",1110692918,118517391,734863473,1684500506,1958381312,2126896095,1745930891,28.255000000001,2.98800000000119,3.33699999999953,0.865999999998166,0.854999999999563,121.564999999999,1,NA,"3835e552db3f","not-a-git-build","bbd3d4119dab4c61438d29ca56ae93a0","confirmatory",179.187000000002,13.4291653770437,8.02644077607224,-10.9403601756144,-0.422164025937665,9.1173499216556,19.596704659966,180.342482723989,64.4237515317952,119.69148077217,0.178222464795897,7.77066524200314,5.25141486244576,0.492,1,0.807,1,21.575112719381,63.0455711382835,21.6853695417979,61.2587690477569,10.2953162632562,9.23175653422144,-6.49940186412194,3.91812949155874,13.5583082331481,23.9369981774624,105.993536960467,85.2253287071402,42.2422245913518,15.3517387126223,6.16854528373854,5.89104412565862,0.695,1,0.773,1,21.6300692921824,61.4166402726631,22.9777343147385,67.4896046380563,13.524120468572,9.60715572751439,-9.97223160234853,2.56626150898454,10.0854784949215,22.5851301948882,182.901834448449,92.2974411727125,99.4454031308787,6.58569813249562,8.25970434322582,6.50679868170987,0.639,1,0.844,1,28.1285199821476,86.1763141778507,27.7780358383198,79.3542353967184,13.7950364547615,10.2796198354851,-9.97139862963339,1.0713486840281,10.0863114676366,21.0902173699318,190.3030307882,105.6705839621,99.4287906310548,1.14778800276874,8.96728595964223,7.39028058453816,0.732,1,0.888,1,33.8688790805856,103.646699769973,32.1985783625932,96.5676365709381,-19.1491305774456,36.6264722872432,-5.14653807092682,47.3390639482331,0.52036184109399,17.7408323477754,9.93470078672266,28.7079315546367,55.7756028646888,52.4856020191599,17.2204705066814,18.773230767914,1,1,0,1,-10.731407005669,36.5924623372943,-4.0475420859922,50.497419995372,5.19367928471729,21.9028098331204,14.7266265803215,34.2817799334081,47.3238693429633,54.5449620813642,16.7091305484031,19.5551533530866,1,1,1,1,-17.9301838017281,39.3970196719189,-2.21643042994496,48.0976455207762,0.949918500338425,19.822041835962,12.9698132338169,32.1891151084119,57.327203473647,50.3140759507211,18.8721233356236,19.219301874595,1,1,0,1,-18.8342745339977,37.7411651984346,-6.06606534169117,48.7740748441166,0.658157644457297,20.3626767407569,12.3133133111898,30.5347795198653,56.5754397324322,54.8401401858077,19.7045190962996,18.2214662086755,1,1,1,1
647,100,1,1,"L'Ecuyer-CMRG","10407_-359345899_346153200_-957157805_-889287827_1199752705_1898781533","10407_1475886704_1144145487_81934855_250452087_-1237785070_1118579916",41313702,1720973760,1110692918,118517391,734863473,1684500506,1958381312,28.3439999999973,2.56200000000172,2.49099999999817,1.29699999999866,0.861000000000786,121.128000000001,1,NA,"3835e552db3f","not-a-git-build","bbd3d4119dab4c61438d29ca56ae93a0","confirmatory",179.09,17.5820299368397,20.4792251150103,-15.0538201485279,18.199895595997,5.01128794661009,38.229236769945,309.127776699927,419.398661311271,226.617501064224,331.23619970519,10.2012073279964,12.3211637852732,0.42,0.996,0.253,0.93,25.2997563669114,71.8799176023182,22.6581019515302,64.5155861138839,18.0083782359237,29.2864398474078,-14.5977658007525,27.8436379381156,5.46734229438548,47.8729791120636,324.301686688092,857.695558935833,213.094766373619,775.268173628869,10.4227222282764,19.3591887697934,0.456,0.994,0.03,0.674,26.0957011800467,78.1313435295624,23.6639676022151,68.4452750470183,18.5411627341933,25.8368826833471,-13.2882429419541,23.8203402026323,6.77686515318384,43.8496813765803,343.774715535838,667.544506793043,176.577400484394,567.408607369141,10.8774516919375,15.4566319290895,0.576,0.997,0.202,0.971,31.4999311226446,96.6879239308343,28.802019360668,89.1914982932399,21.9102629048212,26.9640293623901,-13.9913607014105,25.1638130190677,6.0737473937275,45.1931541930157,480.059620558383,727.058879455836,195.758174276974,633.217485658602,13.0561014665402,16.046880247994,0.608,0.998,0.206,1,38.7586638179486,119.549955962439,32.0255313533413,100.213836665709,-21.9580561723667,31.4475308355758,10.3228834023087,62.4618767842992,-4.65021275949386,14.9189686963442,29.3890633545357,47.4501974791815,53.4055870079425,52.1389933819905,19.5691814558381,18.0611341246458,1,1,0,0,-26.0367423240334,33.2674004250816,22.0062809596553,77.8705909971466,-3.65082039111991,15.3899553533709,38.0549024390237,56.9664041261839,59.304142749115,55.8643100374913,19.0407757444908,18.9115016871603,1,0,0,0,-20.1783649380363,34.3309296346063,16.3222871106274,71.938109460511,-2.73134121690788,16.6151328926241,33.6490257882248,54.4878103877094,54.5092945726427,55.6158223498837,19.3464741095319,20.8387845994846,1,1,0,0,-23.972632692565,36.4328851196437,16.260599723896,72.1574244523887,-3.68942997906959,16.1945562198106,35.5550511131626,55.6649411542143,60.4055178122087,55.8968247284927,19.8839861988802,20.1098900410517,1,1,0,0
650,100,1,1,"L'Ecuyer-CMRG","10407_785108596_-646355591_-601419158_1087609147_-728608098_-1910774588","10407_1429616269_1300357148_-1370285064_-56082942_-2141225748_-787770460",1958381312,2126896095,1745930891,2011181887,579707817,609075647,2055294889,28.9199999999983,4.4220000000023,2.86999999999898,0.930000000000291,1.20999999999913,114.516,1,NA,"3835e552db3f","not-a-git-build","bbd3d4119dab4c61438d29ca56ae93a0","confirmatory",175.601999999999,20.4547546360933,12.642193843612,18.2645701178602,9.93700402246466,38.4825147119539,30.2330249919646,418.39698722278,159.825065179462,333.59452159023,98.7440489424788,12.3434447057221,7.26276665318947,0.23,0.927,0.524,1,22.4264222920221,63.3634203509951,20.5194367454022,62.370288559536,24.698859499865,16.9019238734417,23.2424992750306,14.5581728198363,43.4604438691243,34.8541937893363,610.033660594072,285.675030623618,540.213772549796,211.940395852222,15.8537794005964,9.8108961085796,0.055,0.804,0.381,1,21.1920747396169,61.5716653280073,22.7653221084568,68.2302682571205,22.0336073464736,13.2171513953062,19.947727006581,9.39433173108419,40.1656716006747,29.6903527005841,485.479852698574,174.693091006445,397.911812729079,88.2534686736553,13.0334229931992,8.04432023830725,0.262,0.992,0.685,1,26.0760769994768,80.0575602317039,28.8915390955142,81.6359833493887,22.7471457896264,11.9783753739569,20.3533190721252,7.88217847318747,40.5712636662189,28.1781994426874,517.432641574516,143.481476599417,414.257597251735,62.1287374831799,13.3704588143412,8.22673817016775,0.383,0.998,0.851,1,32.8237061011496,100.233846985113,34.5760036974156,102.755598108477,10.9947484697746,62.1096222258014,3.37076141290606,53.2340592609253,29.6763150946607,47.566521901188,22.7888646672545,39.4348216558165,51.1148737560269,49.8632978480192,17.8902068065273,16.645956988562,1,1,0,0,21.8921523622948,67.5048408288519,7.02320534482274,60.6615292045814,34.7460215710337,51.706238296353,26.2159185018402,43.5629480763194,45.6126884665571,53.6383238597587,16.9602167253193,17.3470295744791,0,1,0,0,12.6010687095483,65.0574778913316,3.09320213340135,55.4946886172884,31.4347070777667,48.8725077357233,21.1428414374013,38.6037551169664,52.4564091817833,52.4014864838871,17.4378006579567,17.4609136795651,1,1,0,0,10.6270020479544,69.802714918406,0.834404167342194,56.3439458360777,30.2096525340084,51.3159909254143,17.6828747906179,39.7149179304264,59.1757128704516,55.5095416687355,21.1063383914059,22.0320431398085,1,1,0,1
649,100,1,1,"L'Ecuyer-CMRG","10407_-1638517948_1978171728_-1919401482_821635559_825196755_-1100372812","10407_2011424849_716130578_-733454545_-1757167658_-1633031146_-1570828384",734863473,1684500506,1958381312,2126896095,1745930891,2011181887,579707817,29.1949999999997,2.67900000000009,3.59500000000116,0.831999999998516,0.832999999998719,115.347999999998,1,NA,"3835e552db3f","not-a-git-build","bbd3d4119dab4c61438d29ca56ae93a0","confirmatory",174.585999999999,9.83877016805248,11.427334566966,6.43205431332355,7.52178488826903,26.4521701404276,27.5087874201683,96.8013984197593,130.583975305376,41.3713226895441,56.5772479053924,5.84653757224748,6.83114253074704,0.653,1,0.643,1,18.9378490998475,56.3542349284852,22.7547500560635,67.8670493868222,14.6768569322504,19.1405049393131,12.5861518716883,17.1676911102737,32.6062676987924,37.154693642173,215.410129409747,366.35892933187,158.411218937203,294.729618057771,8.56172790472746,11.1912927829285,0.431,0.999,0.34,0.998,22.386397566523,69.3699036579503,26.0975654597872,74.2938289929268,8.95536936314079,10.944857325334,5.69331252050765,8.21463303820939,25.7134283476117,28.2016355701087,80.1986404302807,119.789901871918,32.4138074561691,67.4801959524413,6.24860228242163,7.13573613639744,0.846,1,0.81,1,26.5300116218815,79.814042236939,28.8810356694154,82.045444213228,13.0222864238948,12.7217469771151,10.6971561450904,10.1969620697517,30.7172719721945,30.183964601651,169.579943705954,161.842846149736,114.429149592445,103.978035451955,8.34469841313195,8.58976805454692,0.776,1,0.856,1,31.9780625120614,95.6972516671095,35.8098493138469,105.821662450859,2.70639980720335,49.407392438966,-1.58231108528642,56.6722066351382,17.9773143238158,34.3167071427723,17.5479193712178,37.5078936865469,46.7009926317627,58.2545177204246,16.3393928189565,19.9599743153291,1,1,1,1,2.42028825389247,63.4393112157557,7.09840680406841,65.9273117008101,22.852523685251,42.0696924595181,26.043523206321,48.1351331605695,61.0190229618633,58.8289048967417,19.2171687742671,22.0916099542485,1,1,0,0,1.87014658508317,50.423184841726,1.12848613156801,56.3279913359879,17.3150493142977,35.0928623011033,17.3228269373622,38.3352155093714,48.5530382566429,55.1995052044199,17.7778129868056,21.0123885720093,1,1,1,1,5.18580348559788,58.9630805596865,-1.58724931340372,62.262189915841,21.360484427086,39.8295310377216,18.6384582759052,41.4057409613445,53.7772770740886,63.8494392292448,18.4690466106356,22.7672826854393,1,1,0,1
652,100,1,1,"L'Ecuyer-CMRG","10407_2133198513_-1265755619_-29642863_-686113179_-1610428452_-1397759640","10407_1875040803_124129215_1359164659_1550621774_-1599370840_-986496374",579707817,609075647,2055294889,1030548336,197003300,252707078,823828977,27.760000000002,3.35099999999875,3.15799999999945,0.869000000002416,0.873999999999796,124.355,1,NA,"3835e552db3f","not-a-git-build","bbd3d4119dab4c61438d29ca56ae93a0","confirmatory",184.663,11.1209504838846,13.6691722248199,7.22733840225111,10.1362343466236,26.7461164081328,29.5482142047938,123.675539665013,186.846269311788,52.2344203806536,102.743246729672,6.54287215029529,7.88822346827082,0.608,1,0.463,0.992,20.4765967726256,61.1516620396248,19.181992022553,55.3409826372602,16.7141311585946,21.5200275881693,14.2981027756627,19.4152428074761,33.8168807815443,38.8272226656463,279.362180386704,463.11158739557,204.435742983412,376.951653273251,9.75796882154021,13.3891787253881,0.372,0.98,0.196,0.792,21.9641280895191,65.3562589407835,20.1509377557752,58.6550320805981,14.216798609029,15.4685195775328,9.76510400599823,12.0111021933923,29.2838820118799,31.4230820515625,202.117362689689,239.275097920515,95.3572562479627,144.266575900113,8.40433180001085,9.05970943829242,0.596,0.997,0.509,1,25.6868469666608,79.0741803613949,25.792248404492,81.1029578164587,14.5042827260243,15.1447460009416,9.45156937712246,11.2709690433506,28.9703473830041,30.6829489015208,210.374217396448,229.363331433037,89.3321636905591,127.034743176167,8.80056606554706,8.91921103727755,0.64,1,0.559,1,28.6159000232936,91.605762414521,27.051791387721,85.3024212038402,1.99881642925118,49.2330799723063,8.92515794601909,51.3947884838075,19.3351895661217,34.6376696028986,21.685779878412,36.9016235539531,47.2342635430551,42.4696305377884,15.3024800367768,15.2158436755411,1,1,1,0,9.37659745658583,57.9414845001855,15.8646891205746,62.7339013947755,25.4713681073474,42.6564419930677,31.7165307655662,46.1787411062134,48.5648870435997,46.8692122742009,17.1850738857203,14.4622103406472,1,1,0,0,6.91248349375114,55.0897609793839,7.19478225994278,56.107919937785,20.7961882162355,36.8026605949123,24.5751993824968,39.2654176947893,48.1772774856327,48.9131376778422,16.0064723786768,14.6902183122926,1,1,0,0,3.02273854798892,53.0021061969405,7.59577786465133,52.912553410572,20.4926276136303,38.9861850620496,23.053898217035,38.4022479795369,49.9793676489515,45.3167755459207,18.4935574484193,15.3483497625019,1,1,0,0
651,100,1,1,"L'Ecuyer-CMRG","10407_912469714_-1146652661_128934773_-967322617_-483656749_-971617796","10407_-1421946550_1874377826_-1002185807_728766581_856253704_-1463000272",1745930891,2011181887,579707817,609075647,2055294889,1030548336,197003300,30.1719999999987,2.65799999999945,3.98300000000017,0.871999999999389,0.882000000001426,124.117999999999,1,NA,"3835e552db3f","not-a-git-build","bbd3d4119dab4c61438d29ca56ae93a0","confirmatory",186.578999999998,11.6991725724694,12.8088981389382,8.52237331306437,8.80965439204906,28.4234579615808,28.8518228106165,136.870638880421,164.067871533695,72.6308468872318,77.6100105073493,6.95045905361852,7.61397591475583,0.643,1,0.629,1,23.755130549524,65.2391245000377,25.3261716234445,73.512974087718,13.8662154532826,16.3662556454008,11.1328553246949,13.4301677843962,31.0339399732113,33.4723362029636,192.271930996853,267.854323850615,123.940467680587,180.369406717033,8.00370962038587,9.45608256067848,0.476,1,0.458,1,21.3853348596702,62.4404861806858,24.5635626407199,78.3982839924131,11.7808741115841,11.4532492408838,7.66550665003586,4.27934534137906,27.5665912985523,24.3215137599465,138.788994832992,131.176918173806,58.759992201744,18.3127965507827,7.20633882309566,7.40981541470999,0.689,1,0.776,1,25.1546199614107,78.0574131509468,28.5658678836743,87.4462659753151,12.8161863754364,10.4356585507385,8.90886966114838,1.80867692215474,28.8099543096648,21.8508453407221,164.254633209921,108.902969387601,79.36795863933,3.27131220873514,7.83362460621087,7.12956085060034,0.643,1,0.831,1,24.8873743929515,83.3723503031218,29.1527000001921,90.5881769445916,0.230011206586586,55.7104117465681,-3.85766618355269,61.3448864814433,17.2784466313985,39.0509376159453,17.8441396157929,40.4686976195346,55.4804005399815,65.202552664996,21.7724909845468,22.6245580037417,1,1,1,1,7.81701017887409,53.9017658631998,-3.69922587701377,65.3319363260395,23.8031411592903,38.8237843978077,24.4222358793302,43.9187949048399,46.0847556843257,69.0311622030532,15.0206432385174,19.4965590255097,1,1,0,0,0.815692767955722,54.3458867296817,-2.40486481926303,53.605307779764,17.9400877786125,37.0588349916346,14.3703194551751,34.7289835569101,53.5301939617259,56.0101725990271,19.118747213022,20.3586641017349,1,1,1,1,1.83255064914634,55.2078901219169,-9.60082481772882,53.1307392737695,20.2834220550498,37.1706387044446,12.0510346549846,32.1233210544613,53.3753394727706,62.7315640914983,16.8872166493949,20.0722863994767,1,1,0,1
654,100,1,1,"L'Ecuyer-CMRG","10407_808468796_1457663674_-1184421687_954846460_-1465600717_2069664214","10407_1744702915_1961234794_1805531601_-1117435208_665608890_-1468404909",197003300,252707078,823828977,235793141,1331080758,218954258,651973728,26.3090000000011,3.59200000000055,2.84100000000035,0.881000000001222,1.40200000000186,124.392,1,NA,"3835e552db3f","not-a-git-build","bbd3d4119dab4c61438d29ca56ae93a0","confirmatory",181.911,20.1594077331484,8.85147546476773,-18.567574192389,-0.557112347832057,2.01524681456441,19.8594077408709,406.401720151324,78.3486179033851,344.754811389871,0.310374168106946,12.2988653681095,5.41618736625684,0.178,0.957,0.638,1,21.2654030470166,62.2203898596541,18.884917867289,57.0078642414293,21.0524294395819,9.39276775466964,-19.5267394793525,3.17206193134605,1.05608152760096,23.588582020049,443.204785308576,88.2240860931617,381.293554694502,10.0619768962948,12.8673872412085,5.9628116935016,0.167,0.97,0.748,1,22.3543697956117,65.2380221732217,22.6171501589832,67.4161532158566,22.9775926745757,9.39231689023219,-21.540517506425,-0.353985481532337,-0.95769649947152,20.0625346071706,527.969765118714,88.2156165665408,463.9938944446,0.125305721135681,13.8428642765629,6.40019661574002,0.167,0.996,0.822,1,26.1861493830211,81.3014361823721,26.9990079856412,79.5324220449878,24.2944734533508,7.67162111839338,-22.7692412634252,-1.94492060010812,-2.18642025647173,18.4715994885948,590.221440375565,58.8537705841792,518.438347712063,3.78271614072493,14.4757779025876,6.45121708017943,0.195,1,0.969,1,29.6293219144815,93.648831679222,29.0010731755822,94.0202966170319,-23.3925695892853,27.9797879044266,-4.04127096978503,43.7379651211287,-7.4693334520925,10.7700107782406,12.2377312274745,27.4338143280329,51.372357493712,47.7792360909137,18.2393442303331,15.1960831005584,1,1,0,1,-23.7534724036727,27.4523923657033,-2.93982551729782,54.0476241905793,-9.21027403644267,10.3123002107339,13.4903606454368,32.8329562200192,51.205864769376,56.9874497078771,19.5225742471766,19.3425955745824,1,1,0,1,-25.5558847917615,24.099113082075,-8.18558149926656,48.4205142500828,-9.4368842916084,7.96401034302606,11.3450804857823,29.8747398012793,49.6549978738365,56.6060957493493,17.4008946346345,18.529659315497,1,1,0,1,-30.4405343990054,25.8125882003484,-9.61276033199553,49.1705994962528,-11.9530194407959,7.24230337316964,8.74335579261876,28.2135049841616,56.2531225993538,58.7833598282483,19.1953228139655,19.4701491915429,1,1,0,1
653,100,1,1,"L'Ecuyer-CMRG","10407_1829343952_975511809_1259288463_-278400599_-1727126498_-621522787","10407_1539416909_375570247_1926904516_1966304004_1528095043_-350983340",2055294889,1030548336,197003300,252707078,823828977,235793141,1331080758,27.8510000000024,3.69399999999951,2.64099999999962,0.867000000002008,0.866000000001804,122.333999999999,1,NA,"3835e552db3f","not-a-git-build","bbd3d4119dab4c61438d29ca56ae93a0","confirmatory",180.919000000002,10.5773328097877,16.2322963768261,6.64633397050466,13.5110022378086,26.8464852584532,33.7941786107727,111.879969369011,263.487445665123,44.1737552474842,182.547181470069,6.33581737870416,9.59399823176795,0.658,1,0.346,0.908,20.7145522106943,63.9420689486212,18.1923069789612,51.6223989674526,14.2231056487592,22.3809664767747,11.7688022609296,20.6145591771388,31.9689535488782,40.8977355501029,202.296734295766,500.907660434512,138.504706656862,424.960050067758,8.26782734464456,14.3208286991593,0.488,0.999,0.115,0.767,22.6436968127999,66.4840637850119,18.7915808919219,55.9048859382714,11.2064421740052,17.1856549599731,5.77929202731906,14.1769501584419,25.9794433152676,34.460126531406,125.584346199323,295.346736403247,33.4002163370336,200.985915794945,7.40477882663334,9.91654740533897,0.809,1,0.498,0.999,29.5686475868044,91.0326620628877,27.1800452958293,84.1607065439335,10.7085874475993,17.5414129731917,6.70619995998478,14.8727810194322,26.9063512479334,35.1559573923963,114.673845122881,307.701169096057,44.9731179032999,221.199615251982,7.66954709102761,10.1771730710679,0.837,1,0.448,0.998,31.5192844445322,101.482268217751,26.9361106839303,84.0598756915774,0.631278054828639,51.8038973761029,13.3077219464564,53.2693447371894,18.4120909557835,35.1500461380968,26.8043182944408,41.394226984833,51.1726193212742,39.961622790733,16.7379551823133,14.5899086903923,1,1,1,0,6.31567114175853,59.7363505735501,21.322383120515,62.9918611051725,22.6058730375353,41.1412770643135,34.1517568447186,47.4073562066136,53.4206794317916,41.6694779846575,18.5354040267782,13.255599361895,1,0,0,0,-1.72723969229418,50.5144861057732,13.3219492519937,59.5502287785496,16.5123637322932,35.9954855231659,26.1677952288456,42.3012084042589,52.2417257980674,46.2282795265559,19.4831217908727,16.1334131754133,1,1,1,0,-4.02965502284119,59.3520554375579,11.114933009834,62.5750798397247,16.4278661004069,37.3069316751447,26.8856948896091,43.2983707333688,63.3817104603991,51.4601468298907,20.8790655747378,16.4126758437596,1,1,1,0
656,100,1,1,"L'Ecuyer-CMRG","10407_-756096527_-1396673264_754154720_1254803788_-328428492_-153503855","10407_-1720633548_81334967_527303316_1208809435_816015608_-1153397208",1331080758,218954258,651973728,814585730,1757362528,764331639,138576612,29.5769999999975,3.02600000000166,3.63799999999901,0.88799999999901,0.86200000000099,122.613999999998,1,NA,"3835e552db3f","not-a-git-build","bbd3d4119dab4c61438d29ca56ae93a0","confirmatory",184.527000000002,10.3854970372118,12.1642590488734,-6.16972635256531,-8.62431085855092,13.8379203224073,11.2252551669548,107.858548709935,147.969198208099,38.0655232655389,74.3787377849193,6.3252909843648,7.10108318039826,0.691,1,0.565,1,21.8971836033572,65.6738502303275,21.684739001836,62.2417054728365,8.31242794921305,9.23041458166841,-1.65348507518776,-4.18133711295297,18.3541615997849,15.6682289125527,69.0964584108583,85.2005533494768,2.73401289386866,17.4835800521579,6.16509841823609,5.76156718700558,0.898,1,0.732,1,27.893637478502,80.9502809435502,21.6311155040425,62.7279033817384,9.90016660056364,10.6674763107604,-3.49333633260293,-7.79592645788746,16.5143103423697,12.0536395676183,98.0132987189158,113.795050840634,12.2033987326837,60.7764693367897,7.05604448416048,6.73709956557058,0.867,1,0.705,1,29.3203979831606,93.02681611163,24.7987608584096,74.7771420571416,10.9158386188072,9.87192448323144,-5.3501255756404,-7.39066810440261,14.6575210993322,12.4588979211031,119.155532751844,97.4548930026244,28.6238436751215,54.621975029434,8.1651844496485,7.12167143106933,0.904,1,0.892,1,35.9415229768518,110.05762926617,31.2908545511856,92.1303130118442,-12.3729648912624,37.3797357352223,-14.565042934519,34.4722428158679,5.44048801316554,22.9668921360041,1.49505874585107,20.6693307123071,49.7527006264847,49.0372857503869,17.5264041228386,19.174271966456,1,1,1,1,-15.7191590258917,49.9168443853404,-8.03960986667963,39.9859060930393,7.3677611070961,30.8372851041309,7.29525460841921,23.5046404300728,65.6360034112321,48.0255159597189,23.4695239970348,16.2093858216536,1,1,1,1,-13.4072473564102,46.6528280707964,-10.8073721154967,34.4457701980171,5.93351133491642,27.2045531950855,4.05615074350495,20.2127043707908,60.0600754272066,45.2531423135138,21.2710418601691,16.1565536272858,1,1,1,1,-18.1860991530559,47.3533812234155,-16.2353299059539,37.0559108811861,3.57180819601064,25.5444334446244,3.11585639989351,23.2682237704042,65.5394803764714,53.29124078714,21.9726252486138,20.1523673705107,1,1,1,1
655,100,1,1,"L'Ecuyer-CMRG","10407_1336626382_115279400_-527486409_2030109873_-1667973441_553411917","10407_-1293737945_1041446167_780584813_-1429588124_-256417_-1573801303",823828977,235793141,1331080758,218954258,651973728,814585730,1757362528,29.6630000000005,2.63999999999942,2.56000000000131,1.31000000000131,0.85200000000259,120.73,1,NA,"3835e552db3f","not-a-git-build","bbd3d4119dab4c61438d29ca56ae93a0","confirmatory",179.794999999998,10.5265120510801,17.7026561023214,7.46043459897049,-15.6146674970208,27.3358262730731,4.27039603026229,110.807455961534,313.384033077058,55.658084405516,243.817841042517,6.44314483264158,10.5210684101799,0.754,1,0.28,0.96,24.9404482983046,66.4212139223729,19.6010161376987,57.8242745882739,13.4072167226679,19.5451184991173,11.0377236141751,-17.6801846249501,30.9131152882778,2.20487890233299,179.753460248585,382.011657144538,121.831342582919,312.588928372321,7.85746740484618,11.6907322428191,0.558,1,0.249,0.962,24.4024373709703,68.5104746746624,22.3823364070709,65.7747858950093,10.7671412208157,18.8825721848544,7.68811226321918,-16.5022319767126,27.5635039373218,3.38283155057049,115.931330068989,356.551532316235,59.1070701718612,272.323660213235,7.39034602233758,11.0435689051812,0.83,1,0.356,0.997,30.8784421720143,92.8383629688853,25.4466781696177,77.2185764872404,11.7763840555902,21.1104400329955,7.9783497557381,-18.2629529068267,27.8537414298407,1.62211062045635,138.683221424758,445.6506783867,63.6540648248862,333.535448876971,7.72905321625571,12.3894219149558,0.788,1,0.407,1,30.3562214473846,94.9531518258969,31.7472859556145,101.151017893629,1.47263105034338,57.1726568102261,-20.4508360096243,30.2087244197782,15.8429873231251,36.719991295484,-3.75004362748529,12.6710633350638,55.7000257598827,50.6595604294025,20.8770039723589,16.4211069625491,1,1,1,0,4.87803445063623,58.6327198198407,-24.6229092676027,30.0429568508707,20.8195977304272,40.7723015023817,-7.06812053087663,11.2502766713659,53.7546853692045,54.6658661184734,19.9527037719545,18.3183972022425,1,1,0,0,-4.60755713309177,58.3519243086911,-21.6568185788984,27.2801295714038,17.2295547632438,38.191502026041,-5.75960225208433,12.0498122128193,62.9594814417829,48.9369481503021,20.9619472627971,17.8094144649036,1,1,1,0,-0.340199403929833,58.2509344449298,-30.0633407945373,31.4137521867114,18.2592413615116,37.7123327243682,-8.69013674804268,11.3885423882707,58.5911338488596,61.4770929812487,19.4530913628565,20.0786791363134,1,1,1,0
658,100,1,1,"L'Ecuyer-CMRG","10407_-2036112959_2041352958_995893934_-1890199553_-96712280_1881428842","10407_1995175964_1941484660_1449285974_-1647012612_-569158987_969235969",1757362528,764331639,138576612,1958661475,1659516467,1444919960,1887272518,29.2649999999994,4.59699999999793,2.70500000000175,0.882999999997992,1.36300000000119,111.381999999998,1,NA,"3835e552db3f","not-a-git-build","bbd3d4119dab4c61438d29ca56ae93a0","confirmatory",171.401999999998,8.271049021,13.2151509846249,-0.268658055960824,9.52829335551474,19.5630961568016,29.5464334467992,68.410251907785,174.640215546432,0.0721771510326491,90.7883742687464,5.66240885492011,7.62603299667442,0.852,1,0.549,1,24.9104882224208,69.8391581018845,22.0152742842403,64.8415453581307,8.54624825315357,19.7689929071192,2.24973545126392,16.7731098083596,22.0814896640264,36.791249899644,73.0383592045304,390.813080561731,5.06130960067369,281.337212643288,6.23262339098133,11.5380460377174,0.88,1,0.371,0.972,27.7028419588305,80.5982920110803,25.1072491560541,69.8667328940686,10.7997248814544,15.2220570752828,-3.15161471368127,10.0602359524045,16.6801394990812,30.0783760436889,116.634057515105,231.711021603168,9.93267530349229,101.208347418051,7.54842994344074,8.98304435202926,0.855,1,0.665,1,31.1577925996844,96.6819917835945,30.2393578347014,89.1060673950257,10.2675043588827,18.8547837525757,0.624121260105184,11.5318708539968,20.4558754728676,31.5500109452813,105.421645759675,355.502870356392,0.389527347315283,132.984045393262,7.61150859713144,10.8842498171649,0.892,1,0.587,1,32.8719461371885,103.771168649529,31.4192141577116,96.8720462786469,-11.4737056965583,44.6702677110665,2.30525299158302,57.3493870444322,9.25830924681907,31.0342459663008,19.9428447213594,38.7625412348178,56.1439734076248,55.0441340528492,21.7759367194817,18.8196965134585,1,1,1,1,-14.6380212848674,54.6320502236246,9.73352423095994,65.6676160670505,9.24483802550897,34.1604518899119,25.9083720455763,46.9489362456194,69.2700715084919,55.9340918360906,24.915613864403,21.0405642000431,1,1,1,0,-17.2256055490468,48.6639684031841,1.13924168350832,59.997227824151,7.23377242321639,26.8117156549903,19.5480960433939,41.1999214560411,65.8895739522309,58.8579861406426,19.5779432317739,21.6518254126472,1,1,1,1,-10.7908913361173,55.8548282425205,1.10021144622879,64.361931281522,9.63328350221205,30.5898962758747,20.8119517666092,42.0530447113597,66.6457195786378,63.2617198352932,20.9566127736627,21.2410929447505,1,1,1,0
657,100,1,1,"L'Ecuyer-CMRG","10407_1271199714_-1657337697_979178139_-1184488728_-1474258386_-321962654","10407_1543315593_1519169877_153428216_-115274294_-1222716565_-1412347312",651973728,814585730,1757362528,764331639,138576612,1958661475,1659516467,28.737000000001,2.69700000000012,2.50900000000183,1.38699999999881,0.822000000000116,113.839,1,NA,"3835e552db3f","not-a-git-build","bbd3d4119dab4c61438d29ca56ae93a0","confirmatory",172.866999999998,13.4412540258307,10.1694810428198,11.0749527494694,4.26910402474206,31.0282595219427,24.2245212311544,180.667309786909,103.418344680271,122.654578402981,18.2252491740689,7.8064205867332,6.14568097392003,0.439,1,0.662,1,21.1708617597626,61.1075493490722,21.1812786678438,63.0602919502001,16.7238628969791,13.8353782813398,14.8703113985476,10.2170963990273,34.8236181710208,30.1725136054396,279.687590196954,191.417692187768,221.126161089774,104.389058827016,9.86602021476878,7.9944454312942,0.3,0.991,0.51,1,20.5939129290503,62.4811419715938,21.8146070824815,66.7975280885677,15.1701270184373,11.99887063551,12.7720918027251,6.40253182193889,32.7253985751983,26.3579490283513,230.132753755522,143.972896527703,163.126329017236,40.9924137309401,8.85740206415732,7.56253001447593,0.435,1,0.728,1,23.7325982739105,74.4676877330643,28.130196780712,85.0453541510851,23.692147731423,12.8565618590854,21.8353791124176,7.80459842967305,41.7886858848908,27.7600156360854,561.31786412757,165.29118283649,476.783780983002,60.911756648455,13.951541505643,8.19535731725777,0.264,0.999,0.764,1,30.8775383542527,95.8331494722596,31.6944220452139,94.4486001940559,4.78435598862382,54.3746605177079,-1.22166565699652,53.6460056369611,22.7139391586818,40.7758275196135,15.1492186415872,33.5959895298653,49.5903045290841,54.8676712939576,18.0618883609317,18.446770888278,1,1,0,1,9.78252569441223,60.098698031869,2.3609560396717,55.6301707931367,26.7905206966637,41.8582679026651,21.865670420506,39.5875627487445,50.3161723374568,53.269214753465,15.0677472060015,17.7218923282384,1,1,0,0,7.88546308165693,56.3244723682632,-2.2653908166329,55.3671723929664,24.653019730769,40.2365086441663,15.9401429795491,36.2658619531129,48.4390092866063,57.6325632095993,15.5834889133973,20.3257189735638,1,1,0,1,15.7636418266639,69.0457727258944,0.165959173955936,60.8865041412048,32.157906638391,51.0864566739305,16.8950099424599,37.5119479462072,53.2821308992305,60.7205449672488,18.9285500355395,20.6169380037474,1,1,0,1
660,100,1,1,"L'Ecuyer-CMRG","10407_1787129355_-1204692904_2046836465_162887738_-221419330_-10696799","10407_1133867246_-610569695_1824317235_915081659_1899205258_-1967351697",1659516467,1444919960,1887272518,349865940,664341374,1128688473,1579354665,29.0630000000019,2.93100000000049,4.23799999999756,0.942999999999302,0.850999999998749,121.205999999998,1,NA,"3835e552db3f","not-a-git-build","bbd3d4119dab4c61438d29ca56ae93a0","confirmatory",181.420999999998,13.186637139938,10.7669350089234,-10.479295486916,6.64600484976605,9.726388150616,26.6959267959782,173.887399060392,115.92688948638,109.815633902098,44.1693804631139,7.68284064527393,6.52446108316878,0.544,1,0.66,1,22.1256426820723,67.2609118359639,23.0887749536123,66.7173875898509,13.0466204908359,12.8853403627947,-10.5702263357418,9.80424942944023,9.63545730179024,29.8541713756524,170.214306231899,166.031996265065,111.729684788808,96.1233068746791,7.66360678588568,7.63007904850879,0.527,0.995,0.546,1,22.4138975021312,66.1294852068313,22.9596296523837,70.5954339413177,13.4762981674781,8.70033302373397,-10.864524109025,3.30996867064803,9.34115952850696,23.3598906168602,181.610612298775,75.6957947238759,118.037884115586,10.9558926006715,8.47917881613854,6.29191821598006,0.729,1,0.897,1,31.8669408535648,94.6475751949529,27.5062917986974,82.0887806457372,15.0216478532834,10.3825844680729,-12.5240383803647,5.12297428250268,7.68164525716726,25.1728962287148,225.649904228054,107.79806023667,156.851537352849,26.2448654991838,9.07031237120329,7.37557006920376,0.624,1,0.848,1,30.8447180500622,92.8855352832599,30.807161034337,96.3924404057262,-18.5879428784171,34.9158131365485,-0.9103485901524,53.0684965442336,1.30422988664976,18.6612175116175,15.9775389323631,37.1957428192976,53.5037560149655,53.978845134386,17.3569876249677,21.2182038869345,1,1,0,1,-18.4674761834246,34.5094996275374,-0.417003447873725,59.0898271746373,1.11016759018755,18.4545942156597,21.2125724582947,38.9806714381606,52.976975810962,59.506830622511,17.3444266254722,17.7680989798659,1,1,0,0,-21.6479247846131,38.5581758867118,-5.69839312074777,52.1276914420284,-0.772389963808193,19.6347337314054,14.1518874284106,32.9752345154593,60.2061006713249,57.8260845627762,20.4071236952136,18.8233470870487,1,1,0,1,-19.2111436050493,35.5373811597075,-6.9030019545609,56.4393883562134,-1.82505347567853,17.2582615398587,14.199191894102,35.6579563293075,54.7485247647567,63.3423903107743,19.0833150155372,21.4587644352055,1,1,0,1
659,100,1,1,"L'Ecuyer-CMRG","10407_-1391344200_766519607_948900024_-222754466_-988517841_1214264058","10407_-678165474_-1069633744_1392847816_2000993455_800430267_1861349169",138576612,1958661475,1659516467,1444919960,1887272518,349865940,664341374,29.3639999999978,4.33300000000236,2.55199999999968,0.882999999997992,1.23400000000038,124.697,1,NA,"3835e552db3f","not-a-git-build","bbd3d4119dab4c61438d29ca56ae93a0","confirmatory",185.036,8.99430951120736,18.7148548776956,3.8130421875739,16.1904684612305,23.5544454818289,35.9259165897355,80.8976035833951,350.245793093207,14.5392907242184,262.1312689941,5.66254417736067,11.1345956888511,0.766,1,0.315,0.916,21.80583998108,64.0177499602521,21.4291490023968,60.9441626204769,9.79845242006183,16.5980254836229,4.65950539533242,13.6271331400285,24.4009086895874,33.3625812685335,96.0096698282155,275.494449954997,21.710990529132,185.698757616064,6.02201489915189,9.61859042041764,0.727,1,0.397,1,22.1688877118648,64.3275888436711,21.6091921977315,62.5124919543176,10.0446729869747,18.2777971296834,4.31999911025349,14.9414448834438,24.0614024045085,34.6768930119488,100.895455415258,334.077867913862,18.662392312591,223.24677520499,6.90915427529401,10.7023919213524,0.842,1,0.381,0.982,28.3698754195261,87.3290371470986,22.291987888444,68.6396693656352,11.1785498654705,17.4694256969923,5.22572569008256,13.9225356168506,24.9671289843376,33.6579837453556,124.959977094812,305.180834182737,27.3082089879888,193.836998002473,7.87992616549557,10.2844073637589,0.847,1,0.499,1,32.5850298319124,101.510868816892,30.2849609971151,90.7099560034471,-3.94498838198272,47.4044334672653,12.0965702637684,63.5308769821106,14.4185623105392,32.9905867030807,27.0539851812425,45.0739613828806,51.349421849248,51.4343067183423,18.5720243925414,18.0199762016381,1,1,1,0,0.543637146481939,49.1781479754318,5.84298566602684,57.0597245663457,15.8106415692443,33.2840368167101,25.3515514051671,42.5038187922082,48.6345108289498,51.2167389003188,17.4733952474658,17.1522673870411,1,1,1,0,-0.0432856410593356,49.6229913486896,12.0911404011582,58.7171451863985,14.3247657718532,33.5267913170273,26.625653512919,42.6626141158995,49.6662769897489,46.6260047852403,19.2020255451741,16.0369606029805,1,1,1,0,-3.62863380191003,52.4622211597072,6.00076979497943,58.4365100088081,15.9265797196305,35.4039743592911,25.0903202095411,42.0528397540135,56.0908549616173,52.4357402138287,19.4773946396606,16.9625195444723,1,1,1,0
662,100,1,1,"L'Ecuyer-CMRG","10407_1352089870_29047474_-220764195_-2089260609_31146862_1553235004","10407_-1254822873_152268681_268665097_296220476_-1142434533_89616232",664341374,1128688473,1579354665,302851027,1507200386,389631731,58031168,26.6050000000032,2.89199999999983,3.96399999999994,0.832000000002154,0.875,119.898000000001,1,NA,"3835e552db3f","not-a-git-build","bbd3d4119dab4c61438d29ca56ae93a0","confirmatory",176.118999999999,11.058255969746,12.0518998799471,8.51721422809702,-8.65931021510167,28.7428771905835,11.5020249447709,122.285025092422,145.248290716269,72.5429382072983,74.9836534013641,6.77014205178288,6.97388820644465,0.637,1,0.567,1,23.7682411676312,70.7974425187629,20.6571607972512,60.8450955977068,14.2753564469355,12.0000684298367,12.380011145365,-7.45750181769612,32.6056741078515,12.7038333421765,203.785801687063,144.001642320763,153.264675959362,55.614333360941,8.36219013807699,7.17754619524366,0.468,1,0.68,1,23.8704736570815,67.9652651138385,24.7251171492817,70.8425992309508,10.3630368197993,15.8787431328834,7.93561506780423,-9.35944330165158,28.1612780302907,10.801891858221,107.392532128516,252.134483480093,62.9739865043616,87.5991789168307,7.10380719138114,9.4005676554616,0.85,1,0.657,1,29.1955593671067,88.5536789454948,31.35958520517,91.6531877866361,11.2352471260633,19.4677015331861,8.55268846177787,-12.3103333064135,28.7783514242644,7.8510018534591,126.230777983713,378.991402985217,73.1484799242284,151.544306114993,8.47614776942829,11.5179304898711,0.921,1,0.657,1,38.1920439508529,112.715419225655,38.3602211797299,110.405307517935,-1.62286041990588,55.551755071741,-10.5858858649513,35.9910225140874,19.6518387338802,38.3649491792758,3.08773744676565,19.372347013804,57.1746154916468,46.5769083790387,18.7131104453956,16.2846095670383,1,1,1,0,7.22419952558225,57.389470385834,-16.2175689637025,39.8515571686538,23.8578849742165,41.5422109027141,2.56945835024969,23.0688328330753,50.1652708602518,56.0691261323563,17.6843259284976,20.4993744828256,1,1,0,1,-2.64036217611365,54.157263302431,-13.7384718000801,35.9355623663944,18.6113737763571,38.9248026602062,1.46599787840721,20.1807253423786,56.7976254785446,49.6740341664746,20.3134288838491,18.7147274639714,1,1,1,1,-0.77090165682778,60.8081935982345,-22.1417681956061,40.3463852455929,17.9480703210838,40.3404685045462,-3.03374856442682,18.9190830815734,61.5790952550623,62.488153441199,22.3923981834625,21.9528316460003,1,1,1,0
661,100,1,1,"L'Ecuyer-CMRG","10407_-121388990_989527087_1531990221_835660237_101046221_989222772","10407_1809454_415455185_1602325661_-1098848011_-1990615957_493379857",1887272518,349865940,664341374,1128688473,1579354665,302851027,1507200386,27.6189999999988,2.50200000000041,2.52100000000064,1.46599999999671,0.827000000001135,116.007999999998,1,NA,"3835e552db3f","not-a-git-build","bbd3d4119dab4c61438d29ca56ae93a0","confirmatory",173.971000000001,8.50355727713383,13.9962664839158,-2.2266109111222,-11.0535051757124,17.9001175941278,8.99701296861197,72.3104863654956,195.895475488785,4.95779614952845,122.179976669501,5.55601609237192,8.03934095158225,0.777,1,0.452,0.996,22.1235642666158,65.3583765636684,19.9155435343625,57.2937373349698,9.06317068296032,12.4355867365242,-4.43788955348807,-8.98582646585985,15.6888389517619,11.0646916784645,82.1410628284714,154.643817481617,19.6948636889585,80.7450772745473,5.74048646389001,7.18760844143048,0.763,1,0.578,1,22.208741211805,64.6669664258246,21.3532594451421,61.7706968884541,11.0486416424188,15.0741582242039,-1.44308637538402,-12.5524617408867,18.6836421298659,7.49805640343769,122.072482142591,227.230246168333,2.08249828681898,157.564295756424,7.24195133349811,8.87973885650654,0.784,1,0.529,1,28.4388041108036,86.8633916254619,26.3838082323393,80.745728696011,12.5509384803618,16.7206322706988,-5.31078580333885,-14.2914685198316,14.8159427019111,5.75904962449278,157.526056737828,279.579543531935,28.2044458489454,204.246072453337,8.36981482768428,9.82969342384472,0.803,1,0.463,0.999,33.5876354399853,101.555286856644,26.2346824223672,80.4947490901064,-11.025895638808,43.5273123488904,-14.6128487055353,33.9717602429544,9.2282694096626,27.6747987654497,-0.127179720366148,17.4023614458986,54.5532079876984,48.5846089484896,18.4465293557871,17.5295411662648,1,1,1,0,-4.47652122393117,41.7252444896588,-12.9810208345996,36.6129519164494,6.38084629139599,23.9393133973336,2.04931070596658,19.8341948550104,46.20176571359,49.593972751049,17.5584671059376,17.7848841490438,1,1,1,0,-5.21653145500239,41.7428079430026,-17.7730653380726,34.4442773596371,10.0195903895933,26.6250476609281,-1.39840063323921,16.216178073551,46.959339398005,52.2173426977097,16.6054572713348,17.6145787067902,1,1,1,0,-11.3705397677536,40.6247331003924,-21.1596834307425,30.7195962528404,6.57714251584681,23.323870644286,-1.93970821850138,14.1587021447741,51.9952728681459,51.8792796835829,16.7467281284392,16.0984103632754,1,1,1,0
664,100,1,1,"L'Ecuyer-CMRG","10407_2013464078_-453509674_854712370_1233258984_-2015203408_782890930","10407_-872499243_1698767134_-964214816_-1886325013_186102999_690528730",1507200386,389631731,58031168,523275617,1598831756,708023166,1136439431,29.4530000000013,3.03199999999924,4.18700000000172,0.889999999999418,0.837000000003172,121.457000000002,1,NA,"3835e552db3f","not-a-git-build","bbd3d4119dab4c61438d29ca56ae93a0","confirmatory",182.445000000003,11.438988681329,31.2436211772391,8.00634089285393,29.8925269324445,27.3350604670329,49.0721378143009,130.850462051573,976.163864266825,64.1014944925851,893.563166406917,6.78696919267826,21.9507182591822,0.633,1,0.001,0.472,22.4041634661915,64.7405584244582,19.1988390025263,61.2117433711253,15.9195406651602,36.4984299012454,13.7404883587193,35.3641950539327,33.0692079328983,54.5438059357891,253.431774989688,1332.13538525612,188.801020336101,1250.6262918126,9.2389580823756,26.8321722342427,0.383,1,0,0.312,23.087205980755,69.9633704963893,21.3902716025419,61.0882759007466,13.5833316770299,38.2039620859983,10.5726722913983,36.4711580649503,29.9013918655773,55.6507689468068,184.506899448203,1459.5427190684,111.781399381301,1330.14537059859,7.97124811973068,25.8998914339618,0.599,1,0.013,0.643,25.165663829461,72.6961646543699,27.3950961414121,81.0511019575855,13.8166830988657,33.8638676405222,10.2551223814681,31.2808148847841,29.583841955647,50.4604257666405,190.900731854481,1146.7615315748,105.167535058887,978.48937985613,8.53748628102654,21.3155879211799,0.69,1,0.105,0.816,30.5889909537729,92.3071468806664,29.3761119768604,87.4277744948346,0.0283734478530533,55.2050679277358,22.7262941192152,75.7845318481362,17.2001701294293,37.2118180088169,40.365363821306,57.4429789606228,55.1766944798828,53.058237728921,20.0116478793876,17.0776151393168,1,0,1,0,2.26695539035231,58.0322481896984,30.2577762121064,80.1775013651193,24.84615577293,42.3465978205473,45.2986763013915,62.9864833374413,55.7652927993461,49.9197251530128,17.5004420476174,17.6878070360497,1,0,0,0,5.59526495757697,56.1723939983343,27.8102400767525,80.5284779915406,21.7587082058685,37.905386398542,46.9220595437066,64.1858692300395,50.5771290407574,52.7182379147881,16.1466781926735,17.263809686333,1,0,0,0,-3.37114867827747,59.2640321719072,24.2843510811188,78.0500743194724,18.4654222598992,40.4591786385214,40.4565691586192,60.326269183405,62.6351808501846,53.7657232383536,21.9937563786221,19.8697000247858,1,0,1,0
663,100,1,1,"L'Ecuyer-CMRG","10407_863003666_-1965089177_796976745_1530817318_1752153966_-1671259549","10407_145846676_1703633018_-521909296_774497075_-546277343_-847318633",1579354665,302851027,1507200386,389631731,58031168,523275617,1598831756,29.2669999999998,3.07900000000154,2.92699999999968,0.893000000000029,1.12800000000061,121.335999999999,1,NA,"3835e552db3f","not-a-git-build","bbd3d4119dab4c61438d29ca56ae93a0","confirmatory",180.399999999998,22.031143762617,15.6027403191376,20.5665464602667,-12.6477117216544,40.7533960553107,7.46467147785573,485.3712954891,243.445505466443,422.982833302309,159.964611794073,13.8085058552375,9.01235431984318,0.12,0.898,0.442,0.991,21.6514855343466,60.1440076403205,21.3828698364696,61.5140593064612,29.0910554839856,10.9506875620979,28.0092854464427,-5.85064571037473,48.1961350414867,14.2617374891354,846.289509172327,119.917558082685,784.520071220308,34.2300552283263,19.7109205725293,7.02562933342914,0.007,0.659,0.747,1,22.3977553119315,63.2297607513917,26.9309100728224,81.1880178063584,28.1488764363814,18.222899105253,25.9419839158295,-13.6746442006996,46.1288335108735,6.43773899881047,792.359244630667,332.07405180023,672.986529489157,186.995894015728,17.1961323187856,10.6049110501348,0.165,0.943,0.523,0.997,31.0839965685266,93.6225756581105,30.7873993679036,90.0864241910493,33.948238098194,20.3232941710769,30.0416360041921,-16.3466059984908,50.2284855992361,3.7657772010193,1152.48286997167,413.03628596413,902.499893808372,267.211527669895,21.0664236067999,11.9411820065594,0.211,0.894,0.517,1,35.4512052489056,106.193103927064,35.3783650680463,108.341071622472,15.2385048309205,66.3205420134352,-17.7576452185659,33.0611777385026,31.1433979762481,49.6455587013536,-1.740009419935,16.4501149758055,51.0820371825147,50.8188229570685,18.5021607251055,18.1901243957405,1,1,0,0,24.1262782933727,72.7228198834976,-18.7686678765608,50.3989384821489,39.4459348911159,57.2322064218459,1.87973935375953,25.3714377089937,48.5965415901249,69.1676063587096,17.78627153073,23.4916983552342,0,1,0,1,20.6136885289115,70.7731144280485,-18.6695902137302,31.9437268279106,37.1048584292878,54.8775329482251,-2.87728668275171,15.9354655639864,50.1594258991369,50.6133170416408,17.7726745189373,18.8127522467381,0,1,0,0,27.5287567669806,74.2944044331961,-28.1835971851851,35.53774633309,40.8202350903714,59.3463078262429,-6.43294486913663,13.4024598879196,46.7656476662155,63.7213435182751,18.5260727358714,19.8354047570563,0,1,0,0
665,100,1,1,"L'Ecuyer-CMRG","10407_-590867124_-1640649823_1316443699_-1564671542_-1470325351_-1924660048","10407_798601032_1289739190_1587955853_-1922834173_-1938687571_1447536384",58031168,523275617,1598831756,708023166,1136439431,100085770,1184158631,16.8029999999999,1.74400000000242,1.59300000000076,0.525999999998021,0.498000000003231,83.5370000000003,1,NA,"3835e552db3f","not-a-git-build","bbd3d4119dab4c61438d29ca56ae93a0","confirmatory",118.525000000001,12.3244373708003,9.57358321683969,9.14261629436467,-0.404510055451208,29.2422850749372,19.7527664971485,151.891756506778,91.6534956097546,83.5874327059824,0.16362838496114,7.28558521290341,5.96405822137956,0.604,1,0.702,1,23.0577921704271,68.1107783181616,21.9544950411959,65.1096915968452,18.3675610446764,10.2051110593334,16.2420209466784,-3.23705450134536,36.3416897272509,16.9202220512544,337.367298729915,104.14429173333,263.803244432339,10.4785218446802,10.748442912238,6.32086726494458,0.326,0.981,0.689,1,23.8122125848861,69.2595640566946,22.2526198514454,69.1966710475801,17.3815179332772,10.5160107186295,14.3202063890191,-0.293722786267505,34.4198751695916,19.8635537663322,302.117165664837,110.586481434331,205.068311024103,0.0862730751727465,10.1621359558435,6.69219106419839,0.471,0.996,0.728,1,27.3900680017037,82.5753690825749,25.1822662033322,75.6428454986285,17.9471471083597,12.3985210577319,13.8365860476294,0.974960383702857,33.9362548282019,21.1322369363026,322.100089329106,153.72332441902,191.451113453453,0.950547749790023,10.8915474071858,8.56488667964561,0.617,1,0.848,1,35.9766751274078,109.220238994273,35.7750183901249,108.106995356583,3.96381578536975,57.0901040859839,-6.95273102430329,45.3394565742625,19.022255567488,39.3456487911071,10.5008890867701,28.4366704876894,53.1262883006141,52.2921875985658,20.3233932236191,17.9357814009194,1,1,1,1,11.9032375053699,65.5911160962388,-10.3530094075098,45.4150820831909,26.298183796995,45.1894435420953,8.35365385091718,25.7357417340817,53.6878785908689,55.7680914907007,18.8912597451002,17.3820878831645,1,1,0,1,10.6825157720578,59.9734547408463,-5.30640612013178,47.2662330154782,26.0446086299792,42.3494806631874,10.8840584442541,28.4319989173799,49.2909389687885,52.5726391356099,16.3048720332082,17.5479404731258,1,1,0,1,3.11646641244557,64.3990826645074,-7.71845006609382,51.4384853701732,24.3728005928254,44.5421819613724,10.4243544279016,31.2419241941469,61.2826162520618,59.156935436267,20.169381368547,20.8175697662453,1,1,0,1
