"seed","n","dgp","seed_cell_master","rng_kind","seed_data_hash","seed_fit_hash","model_seed_propensity","model_seed_mvbcf","model_seed_bcf1","model_seed_bcf2","model_seed_bart1","model_seed_bart2","model_seed_mvbart","fit_seconds_mvbcf","fit_seconds_bcf1","fit_seconds_bcf2","fit_seconds_bart1","fit_seconds_bart2","fit_seconds_mvbart","converged_flag","error_message","hostname","git_sha","session_hash","seq_phase","replication_seconds","mvbcf_pehe1","mvbcf_pehe2","mvbcf_bias1","mvbcf_bias2","mvbcf_ate1","mvbcf_ate2","mvbcf_crmse1","mvbcf_crmse2","mvbcf_atesq1","mvbcf_atesq2","mvbcf_crps1","mvbcf_crps2","mvbcf_cov501","mvbcf_cov951","mvbcf_cov502","mvbcf_cov952","mvbcf_wid501","mvbcf_wid951","mvbcf_wid502","mvbcf_wid952","bcf_pehe1","bcf_pehe2","bcf_bias1","bcf_bias2","bcf_ate1","bcf_ate2","bcf_crmse1","bcf_crmse2","bcf_atesq1","bcf_atesq2","bcf_crps1","bcf_crps2","bcf_cov501","bcf_cov951","bcf_cov502","bcf_cov952","bcf_wid501","bcf_wid951","bcf_wid502","bcf_wid952","bart_pehe1","bart_pehe2","bart_bias1","bart_bias2","bart_ate1","bart_ate2","bart_crmse1","bart_crmse2","bart_atesq1","bart_atesq2","bart_crps1","bart_crps2","bart_cov501","bart_cov951","bart_cov502","bart_cov952","bart_wid501","bart_wid951","bart_wid502","bart_wid952","mvbart_pehe1","mvbart_pehe2","mvbart_bias1","mvbart_bias2","mvbart_ate1","mvbart_ate2","mvbart_crmse1","mvbart_crmse2","mvbart_atesq1","mvbart_atesq2","mvbart_crps1","mvbart_crps2","mvbart_cov501","mvbart_cov951","mvbart_cov502","mvbart_cov952","mvbart_wid501","mvbart_wid951","mvbart_wid502","mvbart_wid952","mvbcf_ate_l951","mvbcf_ate_u951","mvbcf_ate_l952","mvbcf_ate_u952","mvbcf_ate_l501","mvbcf_ate_u501","mvbcf_ate_l502","mvbcf_ate_u502","mvbcf_ate_wid951","mvbcf_ate_wid952","mvbcf_ate_wid501","mvbcf_ate_wid502","mvbcf_ate_cov951","mvbcf_ate_cov952","mvbcf_ate_cov501","mvbcf_ate_cov502","bcf_ate_l951","bcf_ate_u951","bcf_ate_l952","bcf_ate_u952","bcf_ate_l501","bcf_ate_u501","bcf_ate_l502","bcf_ate_u502","bcf_ate_wid951","bcf_ate_wid952","bcf_ate_wid501","bcf_ate_wid502","bcf_ate_cov951","bcf_ate_cov952","bcf_ate_cov501","bcf_ate_cov502","bart_ate_l951","bart_ate_u951","bart_ate_l952","bart_ate_u952","bart_ate_l501","bart_ate_u501","bart_ate_l502","bart_ate_u502","bart_ate_wid951","bart_ate_wid952","bart_ate_wid501","bart_ate_wid502","bart_ate_cov951","bart_ate_cov952","bart_ate_cov501","bart_ate_cov502","mvbart_ate_l951","mvbart_ate_u951","mvbart_ate_l952","mvbart_ate_u952","mvbart_ate_l501","mvbart_ate_u501","mvbart_ate_l502","mvbart_ate_u502","mvbart_ate_wid951","mvbart_ate_wid952","mvbart_ate_wid501","mvbart_ate_wid502","mvbart_ate_cov951","mvbart_ate_cov952","mvbart_ate_cov501","mvbart_ate_cov502"
800,500,1,1,"L'Ecuyer-CMRG","10407_-449014555_-1935748713_-1866111124_1238998843_432708250_213157973","10407_1723535170_-1281335255_1884469965_1128136827_1565282569_-41350378",201844770,581642245,59803272,1454991747,1743588391,318033775,1237015234,82.939,5.211,6.46100000000001,2.13799999999998,4.56200000000001,466.125,1,NA,"613a6588e37d","not-a-git-build","bbd3d4119dab4c61438d29ca56ae93a0","confirmatory",593.635,9.25659274567862,8.43688344273356,-1.98335390967634,-0.145930931156062,17.8825263962684,19.5332112548317,85.68450925935,71.1810022262716,3.9336927310284,0.0212958366680754,5.3379117214563,4.88634912259451,0.572,0.989,0.454,1,15.2581638472455,45.63682989068,13.4652291329586,40.8207834629463,11.4016768499457,8.48208617585587,-2.68130248924501,-2.02835795399983,17.1845778166997,17.650784231988,129.998234990587,71.9457858946453,7.18938303883147,4.11423598955439,6.49411986460633,4.90563446126878,0.527,0.985,0.473,1,17.1244232367469,50.4255267009343,13.4086463855061,40.8953250701371,15.2835881088905,8.41650025951133,-1.01934720088574,-1.09576470193879,18.846533105059,18.583377484049,233.588065482218,70.8374766183543,1.0390687159536,1.20070028201501,8.67854238381581,4.99459420246078,0.532,0.985,0.507,1,23.0436257874514,66.9458564658545,14.3453768688794,49.0840040989995,13.7545258575856,8.53321742782957,-4.74413176523444,-2.53072371756548,15.1217485407103,17.1484184684223,189.186981566991,72.8157996706144,22.5067862059065,6.40456253464846,7.76471893883393,5.05728743063897,0.554,0.992,0.536,1,22.8638126487609,65.9350649989387,15.1275698998693,50.5069349678163,4.85637339122748,29.4755415912066,7.70959294152902,31.42155408492,14.0137320215132,21.9414428235275,15.6686784774437,23.6643172983116,24.6191681999791,23.711961143391,7.92771080201438,7.99563882086791,1,1,1,1,4.90742078410413,28.3346690857444,5.82196610103846,28.7743535755385,12.6371142457766,21.9520942715674,13.6103109423278,21.3796944197367,23.4272483016403,22.9523874745,9.3149800257908,7.76938347740894,1,1,1,1,5.52101100203807,30.2063446977673,7.63394609444495,30.4447648572411,14.955984898465,23.0498872158799,14.8051968799832,22.4962457060028,24.6853336957292,22.8108187627962,8.09390231741493,7.69104882601963,1,1,1,1,2.70301354265811,28.4723844304124,4.7677653842183,28.0858878578023,10.7630163900688,19.4108932379272,13.075144210246,21.1666871335316,25.7693708877542,23.318122473584,8.6478768478584,8.09154292328563,1,1,0,1
801,500,1,1,"L'Ecuyer-CMRG","10407_232279126_1548265814_2053268350_1166186877_1225427998_1369165011","10407_-113178902_-70118724_-1390118441_186656165_-1552900617_559433091",59803272,1454991747,1743588391,318033775,1237015234,1338941432,336895300,82.899,5.306,6.26500000000001,2.178,4.673,472.469,1,NA,"613a6588e37d","not-a-git-build","bbd3d4119dab4c61438d29ca56ae93a0","confirmatory",599.779,8.86934620775828,8.09015627389972,5.74334624597569,5.55659750971398,26.1719845398252,25.8243043383932,78.6653021530762,65.450628536119,32.986026101163,30.8757758849597,5.13790189218684,4.65009399112137,0.561,0.996,0.582,0.987,14.8659812837141,44.6838434756579,13.2959613386543,39.160344566324,10.5446076081415,9.96530134054742,8.16447816903489,6.80692450301436,28.5931164628844,27.0746313316936,111.188749609677,99.3072308079162,66.6587037726473,46.3342211897373,6.10741184971792,5.70667391510528,0.483,0.991,0.572,0.988,15.86515934088,46.2205969341402,16.4523505689556,47.6257576916165,9.20010237179433,11.2379284288498,5.20233068264889,6.51292152639046,25.6309689764984,26.7806283550697,84.6418836514956,126.291035371951,27.0642445316301,42.4181468089202,5.80895977270611,6.54420723624073,0.737,1,0.674,0.996,21.6289466619216,64.7523128550715,21.3110641352599,63.7659425910085,7.18597808790585,8.80792690077651,5.22867734423968,5.75541889300231,25.6573156380892,26.0231257216815,51.638281079863,77.5795762894225,27.3390667701653,33.1248466339279,5.02940984794188,5.52054905911344,0.854,1,0.766,1,20.740169477668,65.6507884604385,20.4240839400655,63.2711374861948,15.6914936143573,39.0047261523802,14.5641885212123,37.0507889092466,22.1958197161206,29.8117283882909,21.8828787057332,29.5676042976402,23.3132325380229,22.4866003880342,7.61590867217037,7.68472559190698,1,1,0,0,17.28566094911,39.4765036458908,16.433400888833,37.8613009057156,25.1185421089733,32.2389231525032,23.1905289414307,30.5238365787179,22.1908426967808,21.4279000168826,7.12038104352983,7.33330763728728,1,1,0,0,15.113430281936,36.474918050918,14.9966472251552,38.0832631433047,22.0053541159781,29.3180413873251,22.714164392798,30.9305315884253,21.361487768982,23.0866159181495,7.31268727134699,8.2163671956273,1,1,0,0,14.027538408151,37.9997377312228,15.2340793421169,37.9051678643345,21.4724399481368,30.3821231838987,21.8666646910463,30.2077737668148,23.9721993230717,22.6710885222176,8.90968323576192,8.34110907576858,1,1,0,0
802,500,1,1,"L'Ecuyer-CMRG","10407_-1259961775_717487921_-422512419_930090469_1951320707_1955335298","10407_-164894384_-2033415533_-777410382_-910908517_1595050859_2071779686",1743588391,318033775,1237015234,1338941432,336895300,2043716102,951929628,86.0549999999999,5.83799999999997,6.47000000000003,2.077,2.09699999999998,471.772,1,NA,"613a6588e37d","not-a-git-build","bbd3d4119dab4c61438d29ca56ae93a0","confirmatory",597.656,13.5326950106884,8.89993762393301,-10.5441916293504,3.69607213970724,9.76070956099839,24.0631683068386,183.13383425231,79.2088897098983,111.179977116463,13.6609492619201,7.98945743622606,5.06700868243246,0.294,0.821,0.468,0.982,12.3044278020155,37.6846069260512,12.6537120925167,38.0229900035278,14.9504790643584,9.38199516735508,-11.8950308317858,4.82045279009715,8.40987035856295,25.1875489572285,223.516824253819,88.0218333202741,141.491758489135,23.2367651015554,8.79996043219433,5.32173736274808,0.299,0.846,0.521,0.987,14.464320182865,44.0711333001441,14.5686349432072,42.5382761479655,16.2053534434199,8.79245267740743,-11.8715187201408,3.99020699991942,8.433382470208,24.3573031670508,262.613480226163,77.307224084449,140.932956722653,15.921751902206,9.21815212336337,5.29159706940591,0.374,0.905,0.618,1,17.8139711445177,56.0655159515009,17.4927144861554,55.4569435226336,14.4268849309384,9.23864467770329,-9.48241774263405,3.96694641566111,10.8224834477147,24.3340425827924,208.135008810537,85.3525554808553,89.916246245821,15.7366638647265,8.09917779568908,5.367996559573,0.454,0.948,0.589,0.996,17.5631249963147,55.7621171567133,15.4603931972302,49.6504176521159,-1.54253888215776,21.266100708308,10.6754118574272,36.6079791456373,5.9867604627986,13.6265051548415,19.7716994765711,28.6496073371069,22.8086395904658,25.9325672882101,7.63974469204288,8.87790786053577,1,1,0,1,-3.00759353118103,21.7764708565539,12.9114298560128,38.1826348973018,3.72115886097377,12.3668155778764,20.8247127810766,29.4896114548023,24.7840643877349,25.2712050412889,8.64565671690267,8.66489867372578,1,1,0,0,-4.80733721882173,23.1332225460255,11.7210470577581,37.1670940874968,4.0168328677677,13.48206163701,19.8212134622135,28.5985571987787,27.9405597648472,25.4460470297387,9.4652287692423,8.77734373656518,1,1,0,1,-1.55525468514552,24.0031757338753,12.6466762789741,36.7417024221314,6.89029289573628,14.9934794293602,20.2313462514078,28.2320958052818,25.5584304190209,24.0950261431572,8.10318653362388,8.00074955387402,1,1,0,1
803,500,1,1,"L'Ecuyer-CMRG","10407_729760356_978920250_-1412526692_-679334148_962722624_-10253926","10407_-772607704_1394677971_1412923680_619399662_1234242513_1515085857",1237015234,1338941432,336895300,2043716102,951929628,1729563673,820635858,86.073,6.04899999999998,5.11900000000003,2.029,2.25999999999999,469.795,1,NA,"613a6588e37d","not-a-git-build","bbd3d4119dab4c61438d29ca56ae93a0","confirmatory",596.334,7.71281024414298,8.36538205190432,2.9323460892387,0.0341213025090141,22.6611545295887,19.7831941076369,59.4874418621568,69.979616874323,8.59865358707351,0.00116426328491165,4.39729027521165,4.82928048682302,0.49,0.989,0.352,0.996,11.1131053317449,34.0849656752822,10.4216027100756,33.1689678257561,7.83868116113254,8.42952068443071,3.91773792186304,1.30186035562093,23.6465463622131,21.0509331607488,61.4449223458943,71.0568189692452,15.3486704244037,1.69484038553746,4.5639483473123,4.84651503010256,0.607,0.996,0.403,0.999,13.9771039096771,41.3499664950213,11.7551216883676,36.2778127487769,8.33165706836718,8.26906616314774,1.76236659368124,0.625043602493658,21.4911750340313,20.3741164076215,69.4165095048727,68.377455210515,3.1059360105236,0.39067950501825,5.0410786146751,4.92693970061798,0.66,1,0.527,1,16.7258881366987,53.6042344113598,14.3282955477915,47.487433523044,8.55570243628499,8.55956633050913,2.25516216391832,0.568685713296688,21.9839706042684,20.3177585184246,73.2000441782529,73.2661757663856,5.08575638556876,0.323403440507763,5.08146234261852,4.948936350858,0.605,0.999,0.395,1,15.4067739441449,52.4540886249392,12.3040368858642,43.2102381835992,11.5983259341793,33.0768146862414,8.64693437438582,31.623704086353,19.0140289115956,26.4176642504571,15.8435006466729,23.6257272345965,21.4784887520621,22.9767697119672,7.4036353388615,7.78222658792361,1,1,1,1,11.9785611571071,34.9714256618389,10.416378436136,32.1971302799545,19.4312578532834,27.6089206624289,17.6795276866688,24.5445998421616,22.9928645047318,21.7807518438184,8.17766280914549,6.86507215549279,1,1,1,1,9.19039951526675,33.0562135197601,8.04797270498126,32.2693415311356,17.3898025779054,25.6816129662157,16.5538926656428,24.7827656130737,23.8658140044934,24.2213688261544,8.2918103883103,8.22887294743088,1,1,1,1,9.19889932316137,33.5558508494915,8.99309238488562,31.7909360559993,18.0489543373113,25.740339826029,16.7390020670332,24.0789051338926,24.3569515263301,22.7978436711137,7.6913854887177,7.3399030668594,1,1,1,1
804,500,1,1,"L'Ecuyer-CMRG","10407_1544097133_-111199833_-990807722_-1702057164_1460709041_1994054365","10407_-899250221_-1982518476_785519804_-2026718967_-177685556_1939695611",336895300,2043716102,951929628,1729563673,820635858,1587882381,461785430,87.8,6.33899999999994,5.74399999999991,2.07300000000009,2.14999999999986,468.997,1,NA,"613a6588e37d","not-a-git-build","bbd3d4119dab4c61438d29ca56ae93a0","confirmatory",596.532,10.5061657085433,10.3426627391277,-7.39630546921713,-5.01481589240178,12.2453086021967,14.4570882487365,110.37951789537,106.97067253534,54.7053345939712,25.1483784346854,6.02375762286563,5.85790824528846,0.442,0.927,0.526,0.937,13.0447982518395,39.7995945113934,13.9024620401954,43.0093009835228,12.6049538967254,12.2435579118297,-9.77774008105366,-8.07586343062697,9.86387399036016,11.3960407105114,158.884862738572,149.904710340327,95.6042010926432,65.219570150138,7.30432932202214,6.9281188522065,0.368,0.942,0.447,0.929,14.6176735521956,44.223641408325,14.4473755462835,42.8591476530592,11.5818096121637,15.4641243537863,-8.50377149854975,-7.46946899883355,11.1378425728641,12.0024351423048,134.138313892408,239.139142029367,72.3141296995471,55.7929671245355,6.64836852470297,8.46086137069407,0.433,0.986,0.531,0.95,14.8393220080515,48.6031546899576,21.4809693021228,62.5765032473137,11.4800391543859,13.6078944568126,-8.58110676829477,-6.49992646550129,11.060507303119,12.971977675637,131.791298986233,185.174791547751,73.6353933688743,42.249044056924,6.53069407620114,7.47951768358455,0.51,1,0.521,0.969,18.1790234507175,58.6222819524386,19.2727994104424,62.1228335909564,1.75594839137318,22.2840115642596,2.53230568210152,25.7518810515137,8.5132957933188,16.0862415588673,10.3945182579536,18.4521516722399,20.5280631728864,23.2195753694122,7.57294576554851,8.05763341428631,1,1,0,0,-1.71061753900508,22.273237538054,-0.211634315886854,21.6931067552541,5.17813364562494,14.2929885029658,7.73833733583575,15.3402563572503,23.9838550770591,21.9047410711409,9.1148548573409,7.60191902141456,1,1,0,0,-1.8381152560238,23.4032442118532,1.02834962969394,24.5826289953308,7.09184129448643,15.4096894381638,7.802092390227,15.9804081817798,25.241359467877,23.5542793656368,8.31784814367735,8.17831579155282,1,1,0,0,-1.31489559539433,23.8637545807725,1.79790987700373,24.3093939187917,6.34784636862503,15.4329698960764,8.55097267996189,16.8622358544296,25.1786501761668,22.511484041788,9.0851235274514,8.31126317446769,1,1,0,0
805,500,1,1,"L'Ecuyer-CMRG","10407_1726067065_-848665355_593218309_-2056775110_-451088847_1135847685","10407_-1106431216_1014698425_-1981912594_-960821748_295289388_1671705877",951929628,1729563673,820635858,1587882381,461785430,640654534,303558434,88.7060000000001,5.19200000000001,7.0010000000002,2.15100000000007,2.72700000000009,476.869,1,NA,"613a6588e37d","not-a-git-build","bbd3d4119dab4c61438d29ca56ae93a0","confirmatory",605.701,6.86202222378689,8.30029207960991,0.758990697843167,3.83303701643771,20.2970312768074,23.3971455052593,47.0873489997452,68.894848606835,0.576066879412458,14.6921727693817,4.11093738695644,4.8085216736793,0.662,1,0.504,1,14.0919044336275,41.9434511940308,13.5642620474014,41.3046954094767,7.29767445540813,8.67836522396999,3.32782607178039,4.50402607902148,22.8658666507447,24.068134567843,53.2560524571164,75.3140229606117,11.0744263640213,20.2862509205056,4.3844043689212,5.01990267515748,0.641,1,0.549,0.999,14.5892263611866,43.5367427414558,14.3793137512142,43.3538882292832,9.18671856354718,12.545197360118,3.64186017003513,6.75608011935299,23.1799007489994,26.3201886081745,84.3957979658225,157.381976804311,13.2631454980883,45.6446185791167,5.55817401227363,7.11102412717065,0.734,1,0.636,1,20.26997643389,62.2017747102075,22.8551304070072,67.8767220335516,8.36728811157087,9.0162665223857,4.22633014155689,4.79508912674702,23.7643707205212,24.3591976155686,70.0115103420352,81.2930620026931,17.8618664654323,22.9928797334475,5.03533237973392,5.3481748128884,0.736,1,0.663,1,18.5664357985511,55.591621973931,18.4418134740601,56.5374119146342,4.71876504933398,31.6310755927801,11.166272220264,35.493763412043,16.0601809895541,25.2119689865832,19.3570543212518,27.4466801672831,26.9123105434461,24.327491191779,9.1517879970291,8.08962584603128,1,1,1,1,11.5956968939591,34.69344114978,12.8128355870422,36.3185948555304,18.4724219422926,27.139538778132,20.0380986798445,28.3456221088323,23.0977442558209,23.5057592684882,8.66711683583944,8.30752342898787,1,1,1,0,11.2581396529247,34.9787655191726,12.3796998173752,38.522897436235,18.8739078719928,27.3710258853098,21.9817943919394,30.9947961022945,23.7206258662478,26.1431976188599,8.49711801331696,9.01300171035502,1,1,1,0,11.5330525871074,35.4789114921119,11.3163467494991,36.6021501814002,19.8273158688827,27.9986576892265,20.1689579197602,28.701275345237,23.9458589050044,25.2858034319011,8.17134182034371,8.53231742547673,1,1,0,0
806,500,1,1,"L'Ecuyer-CMRG","10407_49480114_-1095492327_1472394970_-80309010_204236215_1085144943","10407_-800705573_-1725718679_1562499377_-304259031_-1146452931_1544970738",820635858,1587882381,461785430,640654534,303558434,1589623123,1723901441,87.53,7.58499999999981,5.51200000000017,2.50099999999998,2.09999999999991,477.109,1,NA,"613a6588e37d","not-a-git-build","bbd3d4119dab4c61438d29ca56ae93a0","confirmatory",606.103,8.60864773479649,21.5623989541096,-1.46202584544703,-19.3552156136002,18.4428745546885,0.591651223426892,74.1088158218167,464.937048656185,2.1375195727551,374.624371448953,4.92924346438951,15.0703292160968,0.439,0.955,0.081,0.456,10.8619540321639,33.043326333224,11.3869455370087,35.6298329108635,8.11571565197828,23.7620572016985,0.710476870157404,-21.3871184143477,20.6153772702929,-1.44025157732064,65.8648405437653,564.635362456789,0.50477738302866,457.408834069332,4.64956118482873,16.179579878424,0.504,0.997,0.098,0.512,11.7594691951515,37.096740425145,14.6320091594132,43.7137270210218,7.69588270643147,23.4576049754065,-0.237443204873198,-20.384263466441,19.6674571952623,-0.437396629413924,59.226610631151,550.259231182216,0.0563792755404556,415.518197069282,4.48999979691587,15.1973586120325,0.569,1,0.202,0.649,13.3454154886689,43.3329550526173,18.5924532929328,55.8201376265289,8.73626337386338,21.8804693621694,-0.646000128476331,-19.0765113586426,19.2589002716592,0.870355478384494,76.3222977375067,478.754939508832,0.417316165991436,363.91328561642,5.10884567271907,14.1220025457051,0.564,1,0.174,0.656,14.124603086375,50.9797304955073,16.0426526784645,51.4071668781759,7.85145182049351,29.2759237754322,-9.24233871099761,10.7713327762594,14.7766154539457,22.0495739544807,-2.79710552363735,3.78568163579598,21.4244719549387,20.013671487257,7.27295850053496,6.58278715943334,1,0,1,0,9.53868992865676,32.4701675381745,-13.269302721867,10.7442590139886,16.4994577188525,24.4024206437226,-5.47169474332871,2.5718303423181,22.9314776095178,24.0135617358556,7.90296292487015,8.04352508564681,1,0,1,0,8.54535439238026,30.2363503001653,-11.4981292154973,11.5457899085418,16.0589107085279,23.3034233678032,-4.4512635883583,3.27461570563749,21.690995907785,23.043919124039,7.24451265927532,7.72587929399579,1,0,1,0,7.67596823693307,31.3594217683944,-9.7416207136357,11.433328244934,15.3132542473548,23.3072623936874,-2.44274508013606,4.29653384504632,23.6834535314613,21.1749489585697,7.99400814633264,6.73927892518238,1,0,1,0
807,500,1,1,"L'Ecuyer-CMRG","10407_1071040252_1651983189_1698888599_1064098713_-1634375664_-16200875","10407_1307428657_1960309991_73681827_666345959_1352991644_856174446",461785430,640654534,303558434,1589623123,1723901441,556510650,1848931446,87.143,7.13199999999983,5.2679999999998,2.74900000000002,1.97900000000004,484.062,1,NA,"613a6588e37d","not-a-git-build","bbd3d4119dab4c61438d29ca56ae93a0","confirmatory",612.917,8.13280717635224,9.55920085852668,-1.74926477956813,1.85497032446203,17.8643946101077,21.5238439944365,66.1425525677264,91.3783210536572,3.05992726903754,3.44091490463476,4.62646959531206,5.5502201181134,0.483,0.995,0.362,0.972,11.7462299742934,36.5187120983426,11.5059654597458,34.7249769192053,8.2582735954729,9.38935841339728,1.30082652061595,2.01900803556056,20.9144859102918,21.687881705535,68.1990827776849,88.1600514152344,1.6921496367378,4.0763934476581,4.75008866619359,5.41406871749213,0.521,0.99,0.424,0.994,13.0885362814223,39.2448831113184,13.1759674221145,39.3135864623651,9.40611441544002,10.1869305629714,-3.00103387298142,2.10196260958937,16.6126255166945,21.7708362795638,88.4749883963486,103.7735542948,9.00620430678184,4.41824681211178,5.26199711556979,5.97388179353656,0.588,1,0.552,0.996,15.7430130769293,49.8091468028742,17.2642707459859,56.249729077647,8.05383310289841,10.1268676344321,-1.970155280954,2.68428694251797,17.6435041087219,22.3531606124924,64.8642276493423,102.553448085309,3.88151183107092,7.20539638977246,4.87092750292524,5.91502165253926,0.649,1,0.52,0.999,15.7839881772533,51.9242893346906,16.8666328291263,55.1431092150569,6.06149744480896,30.3629945908378,10.1489665156531,31.5322015536726,13.6050934085837,22.0321053072805,17.4669209815231,25.4279619371962,24.3014971460288,21.3832350380196,8.42701189869675,7.96104095567315,1,1,1,1,10.1996841131804,32.1204046882526,10.3764273831329,31.1520572971171,16.9345230341515,24.4670379263067,17.6376621039343,25.9028345908487,21.9207205750722,20.7756299139843,7.53251489215517,8.2651724869144,1,1,1,1,3.98694292817203,30.1556640706524,9.72450738974921,34.0380072837659,11.8677954561065,21.2454931121632,17.6308741862868,26.1286139710504,26.1687211424804,24.3134998940167,9.37769765605665,8.4977397847636,1,1,1,1,5.60215757078522,30.05663272969,10.6886728593852,35.9822206580459,13.4338024533462,21.7494046552561,17.9185896295967,26.5424105037661,24.4544751589047,25.2935477986607,8.31560220190988,8.62382087416945,1,1,1,1
808,500,1,1,"L'Ecuyer-CMRG","10407_-609222836_816645692_-2009404864_-1801965815_-200013286_66089399","10407_947702517_1840053426_-705372009_-672081354_-629486776_-1637338329",303558434,1589623123,1723901441,556510650,1848931446,502879018,73100349,86.0219999999999,5.98099999999977,7.6909999999998,2.5630000000001,2.65900000000011,470.359,1,NA,"613a6588e37d","not-a-git-build","bbd3d4119dab4c61438d29ca56ae93a0","confirmatory",599.278,8.4649728335113,7.1304319244317,-5.31632904186866,-2.07108363561124,14.9134147353903,18.2179829382605,71.6557650720843,50.8430594289548,28.2633544814162,4.28938742569666,4.89857274102725,4.1803871859277,0.537,0.981,0.612,0.996,12.8588657159787,39.0055922102645,12.6903862283634,37.6906970914196,10.0286416733235,7.53545792344935,-5.78484480973248,-0.608325650086535,14.4448989675265,19.6807409237852,100.57365381192,56.7831261160756,33.4644294726888,0.370060096553205,5.7638470954989,4.45305337612598,0.499,0.968,0.581,1,13.9895546689161,43.8913165539203,14.1185630471403,42.2689485586381,9.49633764412408,8.58889967649819,-5.57463031039114,-3.41359922165882,14.6551134668678,16.8754673522129,90.180428651208,73.7691976529507,31.0765030975316,11.6526596461097,5.70130699777868,5.14043110434182,0.642,0.997,0.696,0.999,17.8851601526304,55.7670967402435,17.1662882551979,51.9867028054245,11.1476145319516,7.76499182618651,-4.21386170987939,-1.61903337930607,16.0158820673796,18.6700331945657,124.269309752978,60.2950980607434,17.7566305099877,2.62126908330725,6.48726418570942,4.83473098313323,0.593,0.981,0.661,1,18.5385213044506,59.242309706703,15.9009179144885,53.4237565744335,5.07967424239701,25.0653766778729,5.99343052346443,29.6796964014982,11.294401622006,18.3644721951351,14.3410975734965,22.6379241668398,19.9857024354759,23.6862658780338,7.07007057312909,8.29682659334332,1,1,0,1,2.00482083705332,26.3307827141845,7.09139972308714,32.762056492552,10.7613692896409,18.0037231759874,15.1857879186837,24.4990262497912,24.3259618771311,25.6706567694649,7.24235388634653,9.31323833110753,1,1,0,1,3.45347315289247,26.0421025587796,5.54303138836873,29.8342532019826,10.6326808837545,18.7798271279501,12.6816531955997,21.1178672161232,22.5886294058871,24.2912218136139,8.14714624419556,8.43621402052354,1,1,0,1,3.69698936204455,27.3372639089823,6.79555206547625,31.5356232132677,12.2097979103381,20.1403756214356,14.0645094594384,22.7714951745783,23.6402745469377,24.7400711477914,7.9305777110975,8.70698571513989,1,1,0,1
809,500,1,1,"L'Ecuyer-CMRG","10407_104181465_1584674955_768582101_408105588_1449555339_-2007268647","10407_-2027232123_-724427805_1576721684_742774456_1690063614_199915297",1723901441,556510650,1848931446,502879018,73100349,1709678639,1554321826,87.6599999999999,7.04700000000003,5.32600000000002,3.02199999999993,2.03699999999981,466.92,1,NA,"613a6588e37d","not-a-git-build","bbd3d4119dab4c61438d29ca56ae93a0","confirmatory",595.95,8.40109626549648,8.30774097420122,0.0533099116021383,-3.31668085927072,19.9714609046931,16.6370101716418,70.5784184621389,69.0185600944218,0.0028419466750278,11.0003719222528,4.79576499615566,4.72911250214962,0.502,0.984,0.495,0.997,11.8229287985953,36.6390014711684,12.2887549937794,37.9014652168173,7.96150349780797,7.69401779884089,-2.33847317220151,-1.24849078607585,17.5796778208894,18.7052002448367,63.3855379456086,59.1979098888803,5.46845677710621,1.55872924291629,4.56868957400671,4.52133675928747,0.557,0.994,0.562,1,12.7760047932613,39.448284726383,13.8800785921616,42.5529003772808,9.31857667985773,8.35209160125023,-0.370686852045864,-2.35592403206984,19.5474641410451,17.5977669988427,86.8358713383882,69.7574341156746,0.137408742279672,5.55037804488421,5.43551842469653,5.21063089569024,0.597,0.999,0.708,1,15.9218069870607,51.1619277438098,18.6647741275877,56.0956161105794,8.04524335405904,10.2236587271108,-0.593458375998431,-2.49657116937424,19.3246926170925,17.4571198615383,64.7259406260312,104.523197768429,0.352192844042695,6.23286760375065,4.77476796092431,6.02770922776918,0.637,1,0.535,1,14.8622651700053,47.8580783123797,16.8220243664097,55.0359718739342,8.35144215866876,30.7708907584393,6.24740592906173,27.9942844927549,16.3672673264005,24.0218203529133,12.4659568219563,20.4159803163741,22.4194485997705,21.7468785636931,7.65455302651286,7.95002349441777,1,1,1,1,6.15564179869156,29.2207573622212,6.83630094560079,30.6621228897396,13.8232518421689,21.1045079894933,15.1859712154223,22.7159082146441,23.0651155635296,23.8258219441389,7.28125614732435,7.52993699922183,1,1,1,1,7.15265570646641,32.0780617322236,6.73547548645926,28.8653051065606,15.8734251323587,23.3381845269304,13.257213756271,21.2628107037855,24.9254060257572,22.1298296201013,7.46475939457173,8.00559694751448,1,1,1,1,7.63997295122365,30.576876310424,5.78017186671041,29.9429476752525,15.3023074516901,23.4464585717809,12.3609314055579,22.0991004136456,22.9369033592004,24.1627758085421,8.14415112009078,9.73816900808767,1,1,1,1
810,500,1,1,"L'Ecuyer-CMRG","10407_-947153903_-523435176_-566448696_-405569533_-1327060540_-2037223055","10407_2102379333_136791011_-1505506745_2079072330_655347562_-19251925",1848931446,502879018,73100349,1709678639,1554321826,644943313,83390616,86.4499999999998,6.01999999999998,7.3760000000002,2.11999999999989,2.44599999999991,463.156,1,NA,"613a6588e37d","not-a-git-build","bbd3d4119dab4c61438d29ca56ae93a0","confirmatory",591.793,6.30366930075646,11.054214203472,0.0743285943354621,-1.05533199323675,19.7939367876172,18.7164641517958,39.7362466532995,122.195651656243,0.00552473993588569,1.11372561594906,3.92290049817863,6.51941753503182,0.716,1,0.304,0.947,14.5258899568236,42.7256589268627,12.2347578418382,35.736827436261,7.75000835492905,9.85592366054626,0.678333600452081,-0.0717041185589089,20.3979417937338,19.7000920264736,60.06262950147,97.1392312025156,0.460136473502284,0.00514148061831006,4.66057129759984,5.68398350607679,0.637,1,0.391,0.99,15.6419159394637,47.984494184396,12.884219382789,39.8520448217911,8.73012955821211,10.3687991539323,-0.642034553052984,0.478727344668833,19.0775736402287,20.2505234897014,76.2151621031687,107.511995894588,0.412208367313944,0.229179870533672,5.50395138279953,6.02429737003923,0.723,1,0.371,0.999,20.2767250975384,61.219561729411,13.2905961026551,47.9538214335945,11.752900829262,15.2343765615054,0.391232854335406,1.1210515164572,20.1108410476171,20.8928476614897,138.130677902468,232.086229217745,0.153063146311429,1.25675650255098,6.79926384202474,9.27299691784884,0.552,0.997,0.099,0.978,18.7905966082383,58.1681205925871,15.6299313554929,53.1951257856005,7.89256056862405,32.6411165182547,8.2910965466435,30.5519103237807,15.2836290639363,24.0444401652958,14.502684391352,22.1266757866039,24.7485559496307,22.2608137771372,8.76081110135947,7.62399139525187,1,1,1,1,8.80163022862249,32.9230014321079,8.12609059903875,31.2395989463686,15.5088402483483,24.7897969638967,15.605273567121,23.8800239894599,24.1213712034854,23.1135083473299,9.28095671554844,8.27475042233889,1,1,1,1,7.27711881739597,31.6020707961782,8.68821924790769,32.2690796521443,14.7723654597382,23.8357485174544,16.5484354425999,24.1689548151969,24.3249519787823,23.5808604042366,9.06338305771621,7.62051937259708,1,1,1,1,7.77525763382739,34.0653558685399,6.59012917285045,32.805534470257,16.0398236521919,24.244456136402,16.5143374091457,25.6657387969612,26.2900982347125,26.2154052974065,8.20463248421009,9.15140138781549,1,1,1,1
811,500,1,1,"L'Ecuyer-CMRG","10407_-2089419617_866771932_655838705_86577047_-799437219_-551708423","10407_-278339094_62743012_-223555405_-1276684063_-1491152686_1562218042",73100349,1709678639,1554321826,644943313,83390616,838795164,1732020698,85.4590000000003,5.16600000000017,6.13099999999986,2.05199999999968,3.26899999999978,465.077,1,NA,"613a6588e37d","not-a-git-build","bbd3d4119dab4c61438d29ca56ae93a0","confirmatory",592.183,8.31484334305473,7.35725277363108,-3.9215433134544,-2.05057533373006,16.4349689817336,18.2014169345772,69.1366198195415,54.1291683751022,15.3785019592989,4.20485919930213,4.73274877387951,4.39042177632036,0.509,0.996,0.638,1,12.0930685834512,38.3805798812915,14.557474871024,43.8755249710125,8.09814424208816,6.07303814300781,-2.4317238975242,-1.97467319916205,17.9247883976638,18.2773190691452,65.5799401656657,36.8817922864278,5.91328111379031,3.89933424348889,4.64113129895909,3.98045099049643,0.53,0.998,0.768,1,12.7307700533447,39.0048996319152,15.7615211347886,46.7335684219379,8.9130655574591,12.4869471083213,-4.84749914300368,-1.72291410218435,15.5090131521844,18.5290781661229,79.4427376315636,155.923848086013,23.4982479414214,2.96843300350572,5.1381505040697,7.10289849490849,0.502,1,0.574,0.989,13.8601352432749,47.6043953910672,21.2071562327098,61.0560035426643,8.07645359923139,8.30762281364537,-2.75679647562839,-1.35236602995678,17.5997158195597,18.8996262383505,65.2291027405376,69.016596813801,7.59992680803714,1.82889387898105,4.82304416694982,5.13330586199364,0.613,1,0.652,1,14.8529308967177,50.3084330743198,17.0011813107262,56.3617236911596,4.76383641626956,27.8880542487792,6.50445158335555,30.3478059518588,12.798179084054,20.5253425813811,14.2182760150764,22.1897595156258,23.1242178325096,23.8433543685032,7.72716349732715,7.97148350054942,1,1,1,1,7.13183528012038,28.3223434930241,6.53072626780913,29.8056668159105,14.2957726060582,21.5172493948621,13.9813764939835,22.4689307286982,21.1905082129037,23.2749405481014,7.22147678880382,8.4875542347147,1,1,1,1,4.71795189348299,26.7498380429779,5.7029095285984,31.3886418805235,11.6521478914974,19.0583826204402,14.0985844438167,22.6931577599955,22.0318861494949,25.6857323519251,7.40623472894284,8.59457331617883,1,1,0,1,4.98109488138184,30.0923276953285,6.63672196354117,30.6806002145789,13.3235019014771,22.1958932504738,14.3219854838224,23.5305915575121,25.1112328139467,24.0438782510377,8.87239134899671,9.20860607368975,1,1,1,1
812,500,1,1,"L'Ecuyer-CMRG","10407_-256775876_-269006561_-1294180896_-1106040660_336466807_1986508856","10407_1150125650_232690913_-1780410613_486771372_-2091831291_18541548",1554321826,644943313,83390616,838795164,1732020698,1094414821,1366025011,85.7490000000003,7.51299999999992,5.71900000000005,3.46099999999979,2.05999999999995,466.432,1,NA,"613a6588e37d","not-a-git-build","bbd3d4119dab4c61438d29ca56ae93a0","confirmatory",594.354,7.92163573503909,12.0813473699461,-3.68140997013882,-8.90063791224065,16.3583768917809,10.9233553390529,62.7523127186483,145.958954273304,13.5527793682375,79.2213552448156,4.56842007079592,7.15552322371199,0.565,0.993,0.305,0.852,12.9468484571093,39.4950467438112,10.9544424596105,35.6119997661281,8.61007716443768,11.6506283072936,-4.43918748224305,-7.78643088336612,15.6005993796767,12.0375623679274,74.1334287775712,135.737139954711,19.7063855025034,60.6285059014378,4.92009294896824,6.72201168776614,0.574,0.999,0.369,0.921,14.2387016883895,42.14464683468,12.936143449574,38.5080576083712,8.61709881071689,13.0306971633663,-3.8854617480272,-9.25877809165269,16.1543251138925,10.5652151596409,74.2543919136584,169.799068563364,15.0968129953826,85.7249717504679,5.35437755785838,7.52776426441395,0.753,1,0.377,0.914,19.4488769612691,60.6580844688009,14.2039416382876,48.516895038181,9.3739628256316,12.4961583516731,-4.14492379357268,-8.96981624679172,15.894863068347,10.8541770045019,87.8711790563231,156.15397355009,17.180393254525,80.4576035012086,5.57340924852842,7.15852821430826,0.643,1,0.382,0.991,17.8538446818997,59.5782368621915,15.1263119231796,55.6636939922783,3.25632524608573,27.7094317746032,0.154765297625748,22.7924553489618,12.286368286219,20.3802735245269,7.33846720063977,14.288516812571,24.4531065285175,22.637690051336,8.09390523830787,6.95004961193119,1,1,1,0,4.36594989286881,27.4624885860682,1.30832549133109,24.6463059608482,11.2807965760176,19.588614047197,7.94072632668857,15.932739251967,23.0965386931994,23.3379804695171,8.30781747117936,7.99201292527842,1,1,0,0,3.6150705151264,28.7610793549234,-0.983877275284442,22.4813158944252,11.8224493346388,20.3258136355354,6.22279112101532,15.1688233046499,25.146008839797,23.4651931697096,8.50336430089653,8.94603218363461,1,1,1,0,2.29260495916568,29.2018855694559,-1.62001031505788,24.4979872029949,11.40061640318,20.0825624063137,6.28379176283835,15.6855342698009,26.9092806102902,26.1179975180527,8.68194600313369,9.40174250696256,1,1,1,0
813,500,1,1,"L'Ecuyer-CMRG","10407_2013057393_-31232909_138137523_1517518308_-930141125_-1876288688","10407_2104228199_-2034156449_2039974893_-1314210496_334021844_1500726122",83390616,838795164,1732020698,1094414821,1366025011,2107426439,774063750,83.8240000000001,6.63700000000017,5.09699999999975,3.13000000000011,1.99300000000039,471.9,1,NA,"613a6588e37d","not-a-git-build","bbd3d4119dab4c61438d29ca56ae93a0","confirmatory",595.493,8.12615752562537,9.11762429009032,0.318485594342008,-4.17681025557867,20.3204772690405,15.8076223235098,66.0344361312778,83.1310726952451,0.101433073803382,17.4457439111072,4.6490390387051,5.22049876835616,0.531,0.994,0.495,0.979,12.5409778949745,38.1571169230969,13.1391835700628,39.3853600255481,9.06785945708885,9.90451511559746,1.742448797794,-6.42465522460956,21.7444404724925,13.5597773544789,82.2260751335156,98.0994196750986,3.03612781293377,41.2761947551029,5.17820771480701,5.72059348296776,0.544,0.989,0.489,0.978,13.8299941905043,41.8047615078398,14.2477414793957,42.9270827001525,9.17321562865141,11.391630496293,1.24885279507958,-6.53981697159287,21.2508444697781,13.4446156074956,84.1478849697346,129.769245364072,1.55963330377808,42.7692060219342,5.28828245648357,6.51394343130771,0.56,0.994,0.561,0.996,14.8026916837456,46.0465391683142,18.9763715981742,57.7720304948012,8.89136307123409,11.1844483427828,0.917573916287367,-5.76737261018318,20.9195655909859,14.2170599689053,79.0563372645052,125.091884732377,0.841941891850936,33.2625868246911,5.15846678476494,6.42319629235334,0.532,0.999,0.507,0.986,14.1106499824984,49.3179118729211,16.4070226457253,53.4789213587687,8.35587514573355,31.2523089969239,4.67550694286663,25.4612471869569,16.595466304589,24.0613656783599,11.875443526854,19.897631489005,22.8964338511903,20.7857402440903,7.46589937377089,8.022187962151,1,1,1,0,10.1166180059377,33.3432404171078,1.77144035669499,25.5590824311592,17.7993858970896,25.5601626963857,9.58005588931347,17.6114387639448,23.2266224111701,23.7876420744642,7.76077679929612,8.03138287463138,1,1,1,0,8.44719190363662,33.8374353785349,1.51079407817273,26.9835868649606,17.4407145836285,25.3016864200018,9.17850459198312,17.535641024095,25.3902434748983,25.4727927867879,7.86097183637327,8.3571364321119,1,1,1,0,8.7917900398539,33.2563017926466,1.19645859995101,26.0293897282886,16.9287879879821,25.2078736465375,10.3177218864968,18.5472376805712,24.4645117527927,24.8329311283376,8.27908565855536,8.22951579407439,1,1,1,0
814,500,1,1,"L'Ecuyer-CMRG","10407_1323757052_1874227803_-833521358_-1656422448_1937692212_454315703","10407_1064432810_-1264837141_-1308058020_788696086_202214004_867433216",1732020698,1094414821,1366025011,2107426439,774063750,344213783,271869343,85.6109999999999,6.08899999999994,7.46900000000005,2.05099999999948,2.87299999999959,465.338000000001,1,NA,"613a6588e37d","not-a-git-build","bbd3d4119dab4c61438d29ca56ae93a0","confirmatory",592.873,6.35373643191008,9.14928310540713,-3.28178967322449,-4.98561631653798,16.7984656525551,15.1181123700018,40.3699666461815,83.7093813428883,10.7701434592829,24.8563700557297,3.80590345442926,5.22877808088893,0.673,0.999,0.558,0.958,12.7294946394458,38.4909297865607,13.2020052309739,39.2879082223171,7.14004044095709,10.2901189205872,-3.57781236512695,-5.67562838466327,16.5024429606526,14.4281003018766,50.9801774985028,105.886547399827,12.8007413200553,32.2127575607954,4.31445334426395,5.88214188790372,0.698,1,0.493,0.966,14.7996988912369,44.7585276219673,13.9445411716061,41.6538036883142,7.96073492892042,11.4355872419992,-1.5625375883568,-6.50284373755128,18.5177177374228,13.6008849489885,63.3733006085336,130.772655569376,2.4415237150279,42.2869766750099,5.20886018689958,6.60134992150508,0.793,1,0.561,0.968,20.8092541159241,61.0082844707246,17.5779184213308,55.1087329204988,6.57475751570091,9.74594903850176,-2.57735349339907,-4.65736146287509,17.5029018323805,15.4463672236647,43.2274363902656,94.9835226610734,6.64275102993637,21.691015795874,4.69664865511853,5.68809101655263,0.852,1,0.573,0.989,19.8146210698274,60.5527992814889,16.0323498032169,53.4950758694771,7.20124654495496,27.4492916375564,2.80196549568781,25.4377586770929,13.0362006361835,20.1089138381185,11.0755229668443,19.138838462448,20.2480450926014,22.6357931814051,7.07271320193498,8.06331549560369,1,1,1,0,5.16076507180975,26.6942469272577,3.52511738921322,26.3455485350893,12.639700491322,20.4591560932721,10.7832633550904,18.0759829508258,21.5334818554479,22.8204311458761,7.81945560195015,7.29271959573545,1,1,1,0,7.38980789853443,29.7001376337206,1.96967066683911,24.2592397659574,14.5527699937237,22.7210703176042,9.31772513921429,18.0001759938637,22.3103297351862,22.2895690991183,8.16830032388047,8.68245085464944,1,1,1,0,5.53999378118674,29.7913388188534,2.20046146414934,28.5910539963968,13.3682992618631,21.5870776616908,11.1243270251128,19.6815512053017,24.2513450376666,26.3905925322475,8.21877839982773,8.55722418018896,1,1,1,0
815,500,1,1,"L'Ecuyer-CMRG","10407_579033280_299675354_-1393823883_2029488007_-735378507_1197560291","10407_-162823892_-1477718928_1590479408_472535548_-998071549_-2115283989",1366025011,2107426439,774063750,344213783,271869343,139694862,887121000,84.5069999999996,6.49799999999959,5.19499999999971,1.98599999999988,2.01199999999972,461.143999999999,1,NA,"613a6588e37d","not-a-git-build","bbd3d4119dab4c61438d29ca56ae93a0","confirmatory",586.397,8.0478038035644,8.18075987441824,2.71230730509189,-0.791462951495522,22.6046210178483,19.1367664226407,64.7671460606656,66.9248321228915,7.35661091725481,0.626413603590002,4.63150427141669,4.69625879632029,0.537,0.984,0.363,0.996,12.7973859466253,39.158928235437,10.2915877127772,33.3339935238355,8.03033567350914,8.73604006492819,1.95192717895339,-0.194112148256067,21.8442408917098,19.7341172258802,64.4862910292336,76.3183960160305,3.81001971193694,0.0376795261005855,4.71344366039375,5.01533947014644,0.593,0.999,0.428,0.998,14.38703795237,44.8281210664374,12.4640932346072,38.3060981535123,10.077427575702,9.348169820257,0.968102893385936,-0.289276174020955,20.8604166061424,19.6389532001153,101.554546543518,87.3882789883638,0.937223212182221,0.0836807048562019,5.90295874863096,5.39440963773826,0.595,0.99,0.472,0.999,17.6826703109917,54.4462565662721,13.999169797406,46.9854910155699,10.005864251746,9.51517999453245,1.71977512283171,0.301839061047477,21.6120888355881,20.2300684351837,100.117319424368,90.5386503283505,2.95762647311081,0.0911068187740228,5.95881990567155,5.48844907671214,0.647,0.994,0.461,0.994,18.9637348259821,61.7764454401277,13.8985116574886,47.7312657474256,10.9572927398153,34.0853792271684,8.26764448804318,29.2644109165979,18.5172054497548,26.4299205018225,16.2191618345049,22.3755067186314,23.1280864873531,20.9967664285547,7.91271505206769,6.15634488412653,1,1,1,1,9.60123640319178,33.22022126841,8.19066059028189,29.771693265546,17.6099060696122,26.2979206728396,16.165579149761,23.5049863071448,23.6189848652182,21.5810326752641,8.68801460322739,7.33940715738384,1,1,1,1,9.15389484183752,32.1227702703749,7.72704174118906,30.3418135794023,17.2040095312203,24.6753006953602,15.8690333990818,23.7035883972625,22.9688754285374,22.6147718382132,7.47129116413995,7.83455499818069,1,1,1,1,9.58941195083081,36.0436847402904,8.64828786323032,32.3321530292842,16.7955121106509,25.9034796348718,16.3969202778543,24.4258021476614,26.4542727894596,23.6838651660539,9.10796752422088,8.02888186980715,1,1,1,1
816,500,1,1,"L'Ecuyer-CMRG","10407_-2125238005_-47471440_-1308783849_-258213229_768613404_-73538082","10407_-288508228_-1706160162_1019904900_-1404770957_1042109285_-1233692306",774063750,344213783,271869343,139694862,887121000,197323075,584832429,87.4219999999996,7.52800000000025,6.06400000000031,2.13400000000001,2.08700000000044,472.129,1,NA,"613a6588e37d","not-a-git-build","bbd3d4119dab4c61438d29ca56ae93a0","confirmatory",600.914,7.83427314175655,12.7941858448251,3.53336691459665,10.6975567738561,23.4102809507072,30.7146552109117,61.3758356596481,163.691191431924,12.4846817531663,114.437720929874,4.44051795835556,7.72393684683513,0.519,0.966,0.301,0.893,11.0627618332639,34.5170800213427,11.5771105848442,35.7091702344059,7.84164856610228,14.3642769349669,3.68008186829231,12.3791460805762,23.5569959044028,32.3962445176318,61.491452234254,206.332451864422,13.5430025573338,153.243257684245,4.49547780045951,8.72323450501719,0.57,0.993,0.266,0.888,12.4856995061557,39.485242692683,13.3937254426897,40.525209238937,7.48885581107934,12.440835810698,3.55703464631413,10.9753020360612,23.4339486824247,30.9924004731168,56.0829613591369,154.774395668747,12.6524954750791,120.45725478277,4.46218586718473,7.304109840054,0.616,0.996,0.352,1,12.896289979125,45.694395151224,18.5522212655848,56.3462958492478,8.40155789534111,13.030202101932,3.74901885578878,10.0314407886704,23.6259328918993,30.048539225726,70.5861750687686,169.786166817193,14.0551423810598,100.6298042966,4.80333798235877,7.70731357391582,0.512,0.976,0.37,0.865,11.6208335991563,42.4064116143802,12.1842011540463,39.7634468934553,13.0653294163597,34.1119440339577,18.7275813379182,42.2811186314394,19.6879352581527,27.2909309300733,26.6822585710743,34.6165564123361,21.046614617598,23.5535372935212,7.60299567192052,7.93429784126179,1,1,1,0,13.1216621712177,34.5105739044345,20.8848253495989,45.0940379731654,19.6612326421904,27.3255586077573,28.7726180851997,36.2073826280215,21.3889117332169,24.2092126235665,7.6643259655669,7.43476454282183,1,0,1,0,14.3638011003878,33.3651678881346,18.5047792113451,42.164727565395,19.9055667735655,26.6822875289744,27.2284782905244,35.1409142366746,19.0013667877468,23.6599483540499,6.77672075540889,7.91243594615019,1,1,0,0,13.0242128765207,32.8929268556821,17.5212939573194,42.3700102576604,20.0551465621187,27.0671137388007,25.7192036229178,34.8338868972712,19.8687139791614,24.848716300341,7.01196717668194,9.11468327435336,1,1,0,0
817,500,1,1,"L'Ecuyer-CMRG","10407_-1770240586_727828875_-380615329_1042153759_-856624927_-1276711607","10407_-2128291820_-838043704_1029060751_955352337_2141330781_-847863700",271869343,139694862,887121000,197323075,584832429,947709633,606405686,87.7700000000004,6.71800000000076,5.21100000000024,2.96000000000004,1.98000000000047,471.09,1,NA,"613a6588e37d","not-a-git-build","bbd3d4119dab4c61438d29ca56ae93a0","confirmatory",599.264,10.5400289925723,6.56954131468842,-8.04911366413672,3.13608651481888,12.0539747065372,23.2481001148775,111.092211164264,43.158873085398,64.7882307781925,9.83503862842882,6.18500837946191,3.92564364222775,0.425,0.917,0.572,1,13.4447159452262,39.8827189905184,12.8031373312145,40.0844436441786,11.3535173879658,6.52242036292506,-9.04476640838776,4.0509250021188,11.0583219622862,24.1629386021774,128.902357078841,42.5419673906995,81.8077993822997,16.4099933727912,6.64593045468648,4.02720473907103,0.405,0.95,0.701,1,14.3626528127325,43.1268247138122,14.6433933679409,43.5120577359478,11.6534123839018,7.88537338029037,-9.26080192662833,5.42223523344085,10.8422864440456,25.5342488334994,135.802020189277,62.179113346592,85.7624523242431,29.4006349267674,6.8751215824405,4.9721122011333,0.433,0.988,0.759,1,17.0188832098584,53.4888409027819,18.9771830880301,57.5375107760585,11.0915044795599,8.55900377029636,-6.73591025929974,5.15604001319359,13.3671781113742,25.2680536132522,123.021471620098,73.2565455399472,45.3724870213395,26.5847486176534,6.18758306519999,5.22014974328919,0.519,0.995,0.623,1,15.1536505718708,52.4676612621206,16.6077285563177,55.5731256678045,1.10804257941364,22.8468122318369,12.18582183273,34.6587269045633,8.09318908769137,15.8119157244886,19.74553890958,27.2500287771909,21.7387696524232,22.4729050718333,7.71872663679719,7.50448986761093,1,1,0,1,1.24975744309007,23.0101230496768,13.4658157470425,34.9925424713878,6.85900969646861,14.7530607547115,20.3264248274382,27.9021981759854,21.7603656065867,21.5267267243453,7.89405105824293,7.57577334854716,1,1,0,0,-1.07126301867996,23.2178479949913,13.7680053749063,36.9643299733897,6.8845239797833,14.585827008467,21.2152190762863,29.9061362155587,24.2891110136713,23.1963245984834,7.70130302868366,8.69091713927245,1,1,0,0,1.34730157897048,24.9712580721881,12.9416194928602,36.9378561524337,9.1057683035059,17.5217776804642,21.1695426487036,29.5291980278733,23.6239564932177,23.9962366595735,8.4160093769583,8.35965537916975,1,1,0,0
818,500,1,1,"L'Ecuyer-CMRG","10407_866521670_868625773_682722140_-24329053_1787033095_995064705","10407_1625420623_1069341497_2075618154_1872551042_-346732658_-142917342",887121000,197323075,584832429,947709633,606405686,839592230,1733536689,88.8339999999998,6.75600000000031,6.27800000000025,2.09700000000066,2.03900000000067,463.444,1,NA,"613a6588e37d","not-a-git-build","bbd3d4119dab4c61438d29ca56ae93a0","confirmatory",592.942,8.72232038283277,8.66309503688313,-4.72132072812157,-1.45456520179598,15.2283316523998,18.5875084848627,76.07887286078,75.0492156180691,22.2908694177904,2.11575992627577,4.97612048188446,4.97097641137543,0.484,0.99,0.391,0.96,11.8583913002302,38.1492359229886,10.8532486133255,34.2626018207753,8.52892792168066,8.44455173542549,-4.1746165671159,-1.30865139563511,15.7750358134054,18.7334222910236,72.7426114932239,71.3104540122776,17.4274234824385,1.71256847529772,4.88723629007237,4.84873807043998,0.55,0.997,0.469,1,13.8497587746265,41.618684697877,12.6877293574961,37.1586706617411,9.98021988508753,9.87882876204836,-4.73694740653128,-2.60827811277438,15.2127049739901,17.4337955738843,99.6047889546966,97.5912577098739,22.4386707322435,6.80311471357786,5.8694933223901,5.74487654342633,0.603,0.998,0.515,0.998,18.1221104291154,55.9863503073636,15.8802871348315,53.0033236009652,9.16070386085681,9.79953369305534,-4.88594517943649,-2.42379709339145,15.0637072010848,17.6182765932673,83.9184952263168,96.0308606013269,23.8724602964587,5.87479234993282,5.34756952302206,5.5939803334008,0.571,0.983,0.418,0.981,14.5295243056021,51.5099660319072,12.958310801529,45.2637395286209,3.28409861123104,27.9504066099535,6.13344580158912,29.8820919341341,10.5390934337363,19.6714137581418,15.0489107980931,22.2794871836091,24.6663079987225,23.7486461325449,9.1323203244055,7.23057638551597,1,1,0,1,3.92419849666888,28.0958350494767,8.26399929301357,30.7827116370842,12.0298409256825,19.4005924953737,14.6452659043183,22.3814239692933,24.1716365528078,22.5187123440707,7.37075156969117,7.73615806497502,1,1,0,1,2.24229192338336,26.9084755225891,6.04448304933524,30.0346610196961,11.3490261976394,19.6735268652664,12.8440683708887,21.3127606887731,24.6661835992058,23.9901779703609,8.32450066762702,8.46869231788436,1,1,0,1,2.7377625335129,27.5442402856675,4.79153977838977,29.3631582582197,10.5474995829487,19.3603159213629,14.2282053460934,21.6070882326198,24.8064777521546,24.5716184798299,8.81281633841422,7.37888288652645,1,1,0,1
819,500,1,1,"L'Ecuyer-CMRG","10407_27570518_-1737779522_1479855927_-776522970_-1612411142_-1507962424","10407_-2102376577_-1939609875_901713709_-2098198494_288147794_2124863561",584832429,947709633,606405686,839592230,1733536689,626628881,2142090248,87.9949999999999,6.79299999999967,5.34099999999944,3.33099999999922,2.01699999999983,467.072,1,NA,"613a6588e37d","not-a-git-build","bbd3d4119dab4c61438d29ca56ae93a0","confirmatory",596.49,8.57899768293368,10.5971824460358,-2.76925800484128,7.82820399633684,17.2558840038278,27.8275541436086,73.5992012437815,112.300275794569,7.66878989737749,61.2807778082641,5.01618443819264,6.1183175364786,0.52,0.983,0.399,0.968,13.861760447754,40.2654418973964,12.1230158959273,37.3131028246448,8.78346981982154,10.8019897334308,-3.05233863063301,7.52688327464626,16.9728033780361,27.526233421918,77.1493420757159,116.682982201144,9.31677111605462,56.6539718301496,5.1038539723549,6.22786449410509,0.522,0.995,0.414,0.948,14.4557694601473,42.1497894367487,12.7465879262023,38.3806689132008,12.8946855371667,10.496008378698,0.636864192509137,6.53780990905391,20.6620062011782,26.5371600563256,166.272915102416,110.166191885698,0.405595999700315,42.7429584069234,7.2040335317466,6.07765235066241,0.446,1,0.503,0.987,18.5726588476825,57.6704410354529,15.5583362851446,50.2766686496483,10.6885239759024,10.9075784525006,-3.63227811512943,8.03298017729956,16.3928638935397,28.0323303245713,114.24454478344,118.975267697455,13.1934443056482,64.5287705288876,6.21837639376558,6.48327939714431,0.684,1,0.504,0.997,20.3934632006575,65.9866291950861,17.8959158905598,58.1802718896274,6.40080612663968,29.4309640630867,16.2163758492301,38.3527093797766,13.0768807670771,21.1980033861062,24.1181134845521,31.8599264627372,23.030157936447,22.1363335305465,8.12112261902911,7.74181297818512,1,1,1,0,5.88995266222573,28.6114814659455,16.1593938553217,38.7501907909099,13.0595249751323,20.6987848919312,23.4821618693351,31.2844434132367,22.7215288037198,22.5907969355882,7.63925991679897,7.80228154390156,1,1,1,0,10.5162055756915,32.1406014304141,14.799802188152,38.6011032611662,16.8581788390259,24.5973510147448,22.073145825244,30.9046611107981,21.6243958547227,23.8013010730142,7.73917217571895,8.83151528555407,1,1,1,0,4.55955083758108,28.3543536892563,16.6414056022881,40.4120553909296,12.230890298108,20.7476430131572,23.6188783830314,32.1563577697377,23.7948028516752,23.7706497886415,8.51675271504922,8.53747938670633,1,1,1,0
820,500,1,1,"L'Ecuyer-CMRG","10407_-298956430_-1916794587_506036122_-688766402_-321290953_594967368","10407_-2057165017_-1846027554_-570615402_-2099846583_-1277675042_21973517",606405686,839592230,1733536689,626628881,2142090248,728779006,1146914111,86.1219999999994,6.04999999999927,6.98099999999977,2.08200000000033,2.97999999999956,464.933,1,NA,"613a6588e37d","not-a-git-build","bbd3d4119dab4c61438d29ca56ae93a0","confirmatory",591.497,12.0005095173116,7.30282920934274,9.35931084459019,-2.44082817206589,29.8196441917639,18.0300090775606,144.012228675087,53.3313144608295,87.5966994856635,5.95764216555051,6.98132708149797,4.28785223540502,0.355,0.883,0.585,0.997,12.7539998811076,37.5147992123576,12.7617668093681,39.3285447932799,10.7814492430799,7.53138764458896,6.51816577577128,-3.96102186889228,26.978499122945,16.5098153807342,116.239647781108,56.7217998530672,42.4864850804361,15.6896942458429,6.12413815995086,4.53733272439034,0.455,0.95,0.661,0.997,13.8865782508095,41.6196402268576,15.1319004846323,44.6846248631718,11.5554772737362,7.9872511500299,7.37169376818546,-4.21013035687239,27.8320271153592,16.260706892754,133.529055023834,63.796180933654,54.3418690119043,17.7251976218585,6.66169890161907,5.27992412732718,0.498,0.971,0.786,1,16.2210531067271,54.5631176249633,20.5001216968914,62.2441357224543,12.5993661460158,8.49988180415317,8.66308837586473,-4.0057957799356,29.1234217230384,16.4650414696908,158.74402728137,72.2479906845742,75.0491002080426,16.0463998305498,7.24610540959965,5.24725322211789,0.507,0.971,0.714,1,18.1942572685379,60.0542744460242,18.525626435248,62.1236193219531,18.1296013212146,42.115261417718,5.70235101420409,28.9024552940321,25.4438339660014,33.9617029125397,13.9767595624778,22.6485676443292,23.9856600965033,23.200104279828,8.51786894653824,8.67180808185136,1,1,0,1,16.4419747937407,38.6284508765821,3.96919467647008,28.408502262632,22.768875204536,30.8879983773658,11.7972734081964,20.6973826277891,22.1864760828414,24.439307586162,8.11912317282976,8.90010921959267,1,1,0,1,17.8184285786593,38.9590447599683,3.42933525793515,29.0939510573508,24.0530288203317,31.6238862724508,11.8257341687017,20.6757518526552,21.140616181309,25.6646157994157,7.57085745211916,8.85001768395352,1,1,0,1,19.003580856219,40.225999496418,2.72211120349509,29.5935993819948,25.2158051072329,32.8398549205977,12.2615670077427,20.8923063023721,21.222418640199,26.8714881784997,7.62404981336475,8.63073929462945,1,1,0,1
821,500,1,1,"L'Ecuyer-CMRG","10407_-616083001_-1335029944_47210779_-1534282867_2132412587_-3853884","10407_-1788126159_335658938_-1377378145_158584098_1305516481_-205384081",1733536689,626628881,2142090248,728779006,1146914111,1787165366,982373611,86.6469999999999,5.22899999999936,6.28899999999976,1.98199999999997,2.77400000000034,472.099999999999,1,NA,"613a6588e37d","not-a-git-build","bbd3d4119dab4c61438d29ca56ae93a0","confirmatory",598.535,7.47713572801563,8.60068661713193,5.1674750190597,-2.58245672191714,25.5835730689407,18.084155815443,55.9075586951678,73.9718102861123,26.702798072606,6.669082720575,4.4605400976017,4.92751284481051,0.672,1,0.502,0.986,15.115274368308,44.6683509341242,13.2136460074624,38.9688362582086,8.30970671390611,10.9678374209177,5.18944064564786,-3.65200959797064,25.6055386955289,17.0146029393895,69.0512256711363,120.293457691683,26.9302942147021,13.3371741036697,4.8747176061139,6.29087666009857,0.633,0.999,0.414,0.926,15.5718326661564,46.0189099052373,13.5353436198474,39.0355816800165,11.9230240699278,10.934055247897,4.92632282426191,-2.4869135144646,25.3424208741429,18.1796990228955,142.158502972077,119.553564164065,24.2686565688438,6.18473882842669,7.06901592350861,6.2811071662652,0.61,1,0.529,0.978,22.8310449317435,66.6832669798489,16.6411351802565,51.524437589129,10.8288072922086,8.91570739129213,5.94613185183487,-2.3208827514541,26.3622299017159,18.3457297859061,117.26306737179,79.4898382871412,35.3564839994052,5.38649674599714,6.42182589702234,5.34789965711273,0.627,0.992,0.629,0.999,19.9180967159142,61.6468081419296,16.7833534279017,53.1797155482327,13.7419879675135,36.810036444073,6.93988904159651,28.0851811183301,21.4808795676006,29.7919062390955,14.1122534290787,22.1079624348704,23.0680484765596,21.1452920767336,8.31102667149494,7.99570900579174,1,1,0,1,16.3638721268118,35.5138976664664,6.68749762435648,26.7095073765458,22.1815214134202,28.9105227618368,13.0442612627248,21.2700549523461,19.1500255396546,20.0220097521893,6.72900134841653,8.22579368962125,1,1,0,1,13.3346454261297,36.0283125884978,6.91291393734598,27.7998677874611,21.3022762726324,29.6860275808216,14.4911622600757,22.0428766609943,22.6936671623681,20.8869538501151,8.38375130818918,7.55171440091862,1,1,0,1,15.2245347800551,38.2516490768198,7.94467993508938,29.423981442355,22.3112013592028,30.2255585318692,14.2345541465543,21.9436170910615,23.0271142967647,21.4793015072656,7.91435717266644,7.70906294450715,1,1,0,1
822,500,1,1,"L'Ecuyer-CMRG","10407_1321292331_1818583409_-96158923_1463114191_233981653_692764484","10407_633193944_1717697849_-668618064_1752006615_173697707_1712921573",2142090248,728779006,1146914111,1787165366,982373611,107183893,1318700403,86.4480000000003,7.63100000000031,6.48899999999958,2.09600000000046,2.09299999999985,477.831,1,NA,"613a6588e37d","not-a-git-build","bbd3d4119dab4c61438d29ca56ae93a0","confirmatory",606.791999999999,11.7506645793545,10.6003163474303,8.80449875718015,-5.72958162240752,28.401360751928,13.7780755011946,138.078118056496,112.366706665598,77.5191983651868,32.82810556783,6.90967125800969,6.0862061703304,0.316,0.855,0.421,0.906,11.6830154235755,34.8837549905644,12.0860396630199,35.6235985651246,13.5984663831727,11.7652249298833,10.8329716977097,-6.76677680080884,30.4298336924575,12.7408803227933,184.918287974279,138.420517650748,117.353275803379,45.7892682719647,8.25121295364973,6.72529739456624,0.308,0.826,0.415,0.888,13.6319531089567,42.1457660640686,13.4111016713347,41.2069222757952,13.5480813593394,14.1076843571074,10.3153436009888,-8.61270462320093,29.9122055957366,10.8949525004012,183.550508519279,199.026757919773,106.40631360646,74.1786809265066,7.93377776982516,8.13226781696184,0.375,0.914,0.481,0.94,16.0533261661954,51.9304251307834,18.8715768505637,59.1492505447966,12.0851559671166,10.8816696439027,8.45855824035648,-4.74400440904209,28.0554202351043,14.7636527145601,146.050994749534,118.410734239034,71.5472075055026,22.5055778330108,7.01303569121866,6.21990831035883,0.436,0.926,0.493,0.959,14.7570713510708,48.3050043726864,15.0473137108513,47.3517273049393,17.2297378571258,38.5477974160851,2.56862070890103,25.9896265868267,24.6114447010262,32.2536539001651,9.60112426626026,17.9155519054292,21.3180595589593,23.4210058779257,7.64220919913891,8.31442763916894,1,1,0,0,15.2259828813694,42.1564993094481,2.63794118116295,22.0057982852103,26.5327674229823,35.1993693583066,9.04703314504406,16.8480479111123,26.9305164280787,19.3678571040474,8.66660193532431,7.80101476606824,1,1,0,0,18.4205442477277,42.2905448724046,-0.293611364112819,21.773865538828,25.3608964576825,34.1310228148377,7.29599472533023,14.6191112157923,23.8700006246769,22.0674769029408,8.77012635715523,7.32311649046206,1,1,0,0,15.5656688430156,39.9887947319604,2.71601365813565,25.7049874426404,23.6049705759446,32.4734790364276,10.6433519149962,18.7751055348263,24.4231258889448,22.9889737845048,8.86850846048299,8.13175361983015,1,1,0,0
823,500,1,1,"L'Ecuyer-CMRG","10407_467122499_-685839306_1479895887_-905350068_96811078_1689539286","10407_-375220099_-1038303028_-1806338454_587035888_-1191136683_805792231",1146914111,1787165366,982373611,107183893,1318700403,1080041371,1576356713,86.5140000000001,5.34699999999975,6.71300000000065,2.00900000000001,2.33600000000024,483.695,1,NA,"613a6588e37d","not-a-git-build","bbd3d4119dab4c61438d29ca56ae93a0","confirmatory",611.13,8.20769384806333,8.59793110245802,-4.63528634802501,1.75794438040502,14.9668731967701,21.335719159733,67.3662383035367,73.924419242615,21.485879528187,3.09036844459761,4.66301481011047,4.9354520189661,0.554,0.975,0.487,0.987,12.2013594691923,38.0682762849953,12.8915409459006,38.1505889702589,8.94996287281603,9.40047909745409,-6.17095681855205,-0.807184840828306,13.431202726243,18.7705899384996,80.1018354247853,88.3690072616713,38.080708056434,0.651547367263018,5.13174500913509,5.37303623615155,0.541,0.982,0.497,0.982,13.5842531150268,41.2252026491635,13.926656117621,42.0015091444335,7.74022863990567,10.9632786119672,-4.67413135944038,-0.495892232931848,14.9280281853547,19.0818825463961,59.911139398016,120.193477923617,21.847503965304,0.245909106682134,4.74588954863872,6.38569569097278,0.692,1,0.587,0.996,15.3559478192973,50.8535484582787,19.0165021129582,58.593469381959,12.8647999453068,10.6269736295086,-7.0626522365757,-0.00929091953824823,12.5395073082194,19.5684838597897,165.503077632767,112.932568522271,49.8810566148077,8.63211858662027e-05,7.50185541001565,6.14504106618889,0.51,0.94,0.559,0.989,18.182086033634,58.0655413983189,17.4665455421904,54.7615190622975,2.57263004881502,25.1858011396068,10.088915943299,33.5951557079285,11.3665511515663,18.9635013145935,17.4287323798416,25.1760312180721,22.6131710907918,23.5062397646295,7.59695016302712,7.74729883823053,1,1,0,1,1.72396395647382,24.2244576578769,7.81021646148024,29.4212352904213,9.65757712540366,17.583391760218,15.1813300304488,22.1621323732529,22.5004937014031,21.6110188289411,7.92581463481436,6.98080234280413,1,1,0,1,4.45975212743671,26.3962295214336,6.33053520870447,31.0460288777829,10.8701724223071,19.1828302425234,15.0401095734742,23.3385673888758,21.9364773939969,24.7154936690784,8.31265782021625,8.29845781540161,1,1,0,1,-0.0672574010380353,25.3357018947431,6.03646175193969,31.9851441463304,8.80026105708006,16.3416712423641,15.1564512297465,23.9428709076916,25.4029592957811,25.9486823943907,7.54141018528407,8.78641967794509,1,1,0,1
824,500,1,1,"L'Ecuyer-CMRG","10407_42643727_2012287126_359104534_-1997897802_-1507005475_-1896716639","10407_-595525710_799523821_-162264372_1891252825_-657187013_-864530230",982373611,107183893,1318700403,1080041371,1576356713,1848326298,2143195410,89.5369999999994,6.67199999999957,6.22100000000046,3.09799999999996,2.09299999999985,471.732,1,NA,"613a6588e37d","not-a-git-build","bbd3d4119dab4c61438d29ca56ae93a0","confirmatory",602.911,11.9388115354993,12.9573344983884,9.12869755324729,-8.7343303096562,29.2657068384695,11.4134601594032,142.535220880172,167.892517303126,83.333119018663,76.288525958179,6.99521849127241,7.64851789579096,0.364,0.9,0.362,0.803,12.8662798721111,38.9696741695182,12.0760498852179,37.1387298010076,13.2919872642566,12.6290761856353,10.3690081304559,-7.78601026564461,30.5060174156781,12.3617802034147,176.676925433161,159.493565302581,107.51632960946,60.6219558567233,7.75853784343937,7.32235887163461,0.342,0.903,0.36,0.856,14.4635144076041,43.25617577335,12.7976892537112,38.9350175625707,13.1768249410989,14.6149907123727,8.03443462621493,-10.6789098244687,28.1714439114372,9.46888064459069,173.628715528365,213.59795352274,64.5521397629214,114.039115039133,7.25500181836349,8.47837485062499,0.505,0.978,0.377,0.895,17.4357314278918,56.820317596958,15.1641336987778,48.8000671196806,10.9077311203787,13.364035621251,7.21178228004891,-9.62925162909318,27.3487915652712,10.5185388399662,118.978598194478,178.597448086066,52.0098036548275,92.7224869363936,6.26398537735763,7.69477556864758,0.556,0.999,0.399,0.936,17.4064521873745,57.0587256717631,14.8126192352028,48.316030230134,17.1103713221445,41.2558807453404,-0.324488108641014,22.1322177482731,25.3528367125236,33.4060605408075,7.53317046027978,14.8627604099881,24.1455094231959,22.4567058569141,8.05322382828386,7.32958994970832,1,1,0,0,18.9375458030766,42.3715007925799,1.13685872734794,23.5452649038009,26.5803875349901,34.2722977306023,8.94644448925999,15.9209431315518,23.4339549895033,22.408406176453,7.69191019561224,6.9744986422918,1,1,0,0,14.5106616832113,41.6899836396785,-2.25062245044161,20.6282088059071,23.9564467517227,32.6094859939278,5.38029309679896,13.4807597416605,27.1793219564672,22.8788312563487,8.6530392422051,8.10046664486153,1,1,0,0,15.3406943355384,39.840909971756,-2.03359693980774,22.7131058669593,23.0830440067925,31.3848634641772,6.53384822195024,14.6183947884196,24.5002156362175,24.746702806767,8.30181945738468,8.08454656646937,1,1,0,0
825,500,1,1,"L'Ecuyer-CMRG","10407_181240646_-1629771262_-1451211063_-708897058_22406356_-1362810514","10407_-755873584_354207901_78956947_98087834_433292390_-217292967",1318700403,1080041371,1576356713,1848326298,2143195410,907344586,968762228,88.2979999999998,5.19200000000001,6.74499999999989,2.01400000000012,2.52199999999993,468.564,1,NA,"613a6588e37d","not-a-git-build","bbd3d4119dab4c61438d29ca56ae93a0","confirmatory",597.504,7.71466763608792,11.2700738746127,2.65140750563005,-7.73444569335255,22.560134789293,12.160212611007,59.5160967353023,127.014565139227,7.02996176091135,59.8216501834198,4.40212819073963,6.67679824074103,0.517,1,0.37,0.816,11.6674722288356,38.4461771057362,10.8737285189581,32.9525252372928,8.39298249368067,10.5280283326413,3.95393206336807,-6.52743807216922,23.862659347031,13.3672202321903,70.4421551392303,110.839380572899,15.6335787617301,42.6074477860042,4.79789838908587,6.03636736496933,0.535,0.992,0.411,0.931,12.8211822241721,40.1168982025983,12.226523187232,37.2843696891352,7.18166985507714,10.8893482908901,2.26980843254529,-6.85918136437624,22.1785357162082,13.0354769399833,51.5763819073238,118.577906200311,5.1520303204537,47.0483689894063,4.47081802170013,6.22179268056244,0.683,1,0.473,0.981,15.6607095174903,51.9418141578234,14.6727200077262,48.5142699527194,8.44224943134881,11.7275938109913,2.69619549458715,-7.35015828908752,22.6049227782501,12.544500015272,71.2715754611093,137.5364565956,7.26947014503203,54.024826874642,4.92512967703873,6.802138322819,0.561,1,0.407,0.92,14.2410050655468,51.2926898288013,12.5429179115227,44.449492360285,11.0522017125222,34.3389512676567,2.34424411778622,23.3341754776314,18.2010222383193,27.2884697821188,8.19124792844164,15.8098147310103,23.2867495551345,20.9899313598451,9.08744754379948,7.61856680256866,1,1,1,0,12.7891019133454,35.8064324393973,3.90735667030016,23.9526317656114,20.333229958004,27.4480708460473,9.6121091135779,16.7817165926647,23.0173305260519,20.0452750953112,7.11484088804326,7.1696074790868,1,1,0,0,11.0023334808559,33.7138358591302,0.871965864086481,25.1625722121531,18.3266890712777,26.4161145738956,9.17693786077232,16.7809468461976,22.7115023782743,24.2906063480666,8.08942550261781,7.60400898542525,1,1,1,0,10.8294326187594,34.0961393281857,2.25972322992952,24.0834648904878,18.0660151117683,27.0013923482445,8.45554900130722,16.441426785312,23.2667067094264,21.8237416605583,8.93537723647622,7.98587778400478,1,1,1,0
826,500,1,1,"L'Ecuyer-CMRG","10407_-216095593_-1192767466_-643818617_988982691_-1452224053_-238906859","10407_105113415_-5973219_-202579637_1122465671_-306383534_1758151147",1576356713,1848326298,2143195410,907344586,968762228,1725728137,1385362004,86.3699999999999,7.1840000000002,6.17799999999988,3.21300000000065,2.05499999999938,462.303999999999,1,NA,"613a6588e37d","not-a-git-build","bbd3d4119dab4c61438d29ca56ae93a0","confirmatory",590.855,8.17655628038417,7.62526723523531,-2.49045512550653,1.71185226912919,17.6279725499747,21.8397590855947,66.8560726062898,58.1447004087532,6.20236673216174,2.93043819132276,4.65353147423525,4.35971848900681,0.543,0.998,0.516,1,13.1687727904395,39.6096774249813,11.8059730702041,35.4814445817103,9.33077755494944,8.55182910221456,-1.21354373058262,2.43600340505287,18.9048839448986,22.5639102215183,87.0634097799482,73.1337809934839,1.47268838603639,5.93411258942919,5.3230176898129,4.89729184448106,0.505,0.98,0.491,0.997,13.5140561148001,40.6494231217766,13.0583547229481,39.1122608037263,13.3748926008575,8.33979473204604,-2.55600758556318,3.39623914883227,17.562420089918,23.5241459652977,178.887752084474,69.552176172663,6.5331747774565,11.5344403560609,7.69140601889637,4.88723325030985,0.396,0.968,0.573,1,15.9521765889562,49.6135283396612,14.3588747325656,45.8809299147916,8.51905009405152,8.37354972203268,-1.13950895284173,1.51818544320029,18.9789187226394,21.6460922596657,72.5742145049592,70.1163349473536,1.29848065360646,2.30488703994525,5.07112464530314,4.93228022705262,0.608,0.997,0.509,0.998,15.5469159365076,51.3803646033486,13.3837675583698,46.5423688252842,6.03989193016464,27.7809858595138,11.4061070290965,32.4007781646869,13.7599890020539,21.461297259033,18.4203658374727,25.108490562577,21.7410939293492,20.9946711355904,7.70130825697906,6.68812472510439,1,1,1,1,8.25335317549473,30.7673991662072,12.7188666096521,32.0235605495413,15.2677895873978,22.4012277420869,19.3287077412604,26.1090545577014,22.5140459907125,19.3046939398893,7.13343815468911,6.78034681644106,1,1,1,1,6.39865615378292,29.4769797269347,13.2094589114581,34.4201791162981,13.6901966473479,21.6460168757231,19.5948893596075,27.5709914918082,23.0783235731518,21.2107202048401,7.95582022837521,7.97610213220068,1,1,1,1,6.800355433978,32.0635972307562,9.9996039490776,33.1576245008013,14.4200827167322,23.2046996219032,17.8946144748641,25.4551013142966,25.2632417967782,23.1580205517237,8.78461690517098,7.56048683943247,1,1,1,1
827,500,1,1,"L'Ecuyer-CMRG","10407_-1969890461_-1868764666_1512559704_1875362790_-991808441_102880616","10407_1001825924_477533746_-1863684374_1569867357_1758221165_-1608572302",2143195410,907344586,968762228,1725728137,1385362004,35700005,1261637460,85.9650000000001,5.34499999999935,6.58799999999974,1.95499999999993,1.96600000000035,472.755000000001,1,NA,"613a6588e37d","not-a-git-build","bbd3d4119dab4c61438d29ca56ae93a0","confirmatory",600.355,7.98861820056064,8.70972173331321,-2.31533712878879,2.00585483794905,17.5779673297389,21.8533813071647,63.8180207543288,75.8592526717485,5.36078601994794,4.0234536309236,4.52889561120107,4.99088180067223,0.474,0.987,0.417,0.991,10.5682280655347,34.9633457784841,11.5346696714651,35.2228603846679,7.62347699691537,9.06886475614291,-0.714272508249028,5.25988609577569,19.1790319502786,25.1074125649913,58.1174015224978,82.244307965211,0.510185216040358,27.6664017405345,4.35597267803405,5.25552656979634,0.583,0.991,0.578,0.978,12.5299265097721,37.092416245224,14.2742675095281,42.4857394728563,7.92814171388451,11.8478029344466,-0.511825045386544,5.14343700423379,19.3814794131411,24.9909634734494,62.8554310354357,140.370434373482,0.261964877084938,26.4549442165214,4.61015607193953,6.70779037055884,0.601,1,0.533,0.982,13.4167562771876,45.9008976868247,18.5707870338508,57.5722148966677,10.0917760608774,10.5295265069976,-1.44014992502274,4.41967875405655,18.4531545335049,24.2672052232722,101.843944062898,110.870928461565,2.074031806543,19.5335602890588,5.71109410755098,6.06816624524849,0.502,0.992,0.54,0.989,14.424562411007,50.3557948129439,16.6861597057767,54.5307289283172,6.56327404336125,29.114256213306,10.0653118623358,32.784004478081,13.7458116143261,20.9494769379074,18.2855349996313,25.4097539100336,22.5509821699448,22.7186926157452,7.2036653235813,7.12421891040228,1,1,1,1,8.77098324664049,29.84717739637,13.6870115319866,35.2755183555581,15.4039233338301,23.0545790082695,20.9992237563643,29.3382407307771,21.0761941497295,21.5885068235715,7.65065567443938,8.33901697441276,1,1,1,0,7.71514748749853,29.6564562414626,13.8524744542706,35.3771657223929,15.9478687224719,23.4973343280465,21.2109840681539,28.4062465819015,21.9413087539641,21.5246912681223,7.54946560557457,7.19526251374755,1,1,1,0,7.15276503539384,28.6865868046748,13.567299601097,34.3506788159389,14.8403139107646,22.2474786596237,20.5606167187347,28.1539509591322,21.5338217692809,20.7833792148419,7.40716474885909,7.59333424039748,1,1,1,0
828,500,1,1,"L'Ecuyer-CMRG","10407_-112722468_-1529373137_-1386603088_864590881_-719695185_375989172","10407_-1880072640_1777634772_2012490879_-1558442798_736745508_-257263081",968762228,1725728137,1385362004,35700005,1261637460,323831461,926445047,85.4099999999999,7.48300000000017,6.5510000000013,2.50300000000061,2.48499999999876,466.023000000001,1,NA,"613a6588e37d","not-a-git-build","bbd3d4119dab4c61438d29ca56ae93a0","confirmatory",595.285000000002,7.85477859730632,14.1290390421714,-1.70703343443485,-11.6780603585005,18.7959595076894,8.87790103878977,61.6975468127014,199.629744255204,2.91396314627843,136.37709373678,4.50068438180998,8.63506372895191,0.541,0.986,0.27,0.788,12.3136361345578,35.3485252846169,12.5611060225326,37.2458673654545,7.32916617125141,14.1735571933988,-0.541018674580929,-12.4568763355059,19.9619742675433,8.09908506178435,53.716676765816,200.889723514546,0.292701206245305,155.173768038086,4.25211472721978,8.58758773933835,0.581,0.998,0.213,0.908,12.6928561757626,39.0817958438291,14.0425696908766,42.2956927018933,8.38844618697252,14.3736512286156,-1.01751452293514,-11.6527638452189,19.4854784191891,8.9031975520713,70.3660294317338,206.601849641884,1.03533580438392,135.786905232441,4.9649842792411,8.39592792590531,0.605,0.998,0.343,0.959,14.8395191088583,50.0910404859141,17.2104640742701,52.5542608303731,8.49598396511264,14.8116493639143,-0.509487260590809,-11.3620454081761,19.9935056815335,9.1939159891141,72.1817435354511,219.384956879542,0.259577268704327,129.096075857456,4.82603505683708,8.97528912815627,0.552,0.99,0.288,0.787,13.0194690830416,45.1150243140482,12.6386331239183,44.1336710225054,7.69202600928496,29.8530379635726,-2.24024732953857,22.3826558784154,14.8093564262328,22.9204763363095,4.9060872159855,12.7903141023075,22.1610119542876,24.622903207954,8.11111991007669,7.88422688632197,1,1,1,0,9.44299447375852,30.0628682691164,-3.05885469335273,20.0756864754601,16.7340154183504,23.3524660517734,4.00462783320306,12.2017663436712,20.6198737953578,23.1345411688128,6.61845063342307,8.19713851046815,1,0,1,0,8.197543751301,30.5058326277123,-2.38382429086596,20.3613864790355,15.2554391386124,23.6986594442246,4.84584666565047,12.630332947951,22.3082888764113,22.7452107699015,8.44322030561222,7.78448628230052,1,0,1,0,8.17201092973176,31.301002019509,-1.64844936048391,20.5299325794533,16.2882180464368,24.0343744022456,4.9498042693319,13.3329469425404,23.1289910897772,22.1783819399372,7.7461563558088,8.38314267320854,1,0,1,0
829,500,1,1,"L'Ecuyer-CMRG","10407_919508832_-650105258_-1433465218_523876780_-401174901_1571822216","10407_-1321629040_1217696475_-1200329127_1407003427_-1853783932_-994791434",1385362004,35700005,1261637460,323831461,926445047,240126966,1325199793,85.375,5.13400000000001,5.95600000000013,1.97499999999854,1.97400000000016,478.26,1,NA,"613a6588e37d","not-a-git-build","bbd3d4119dab4c61438d29ca56ae93a0","confirmatory",603.512999999999,9.41010465166181,11.30458778697,-5.47978327383607,-6.94624523732173,14.8257820765357,13.481853049484,88.5500695552273,127.793705033312,30.0280247282136,48.2503228970149,5.34358220005865,6.45371464154912,0.463,0.982,0.436,0.977,12.7217053051241,39.4841127396381,14.4269841815764,42.9799258665877,7.8140465673034,9.739233115471,-1.37364273123635,-2.64577460536386,18.9319226191354,17.7823236814419,61.059323755986,94.8526616774869,1.88689435307846,7.0001232623883,4.54944762436754,5.56858993945414,0.594,1,0.476,0.99,13.8467143291306,41.879968640383,14.2379958669506,42.1211172219419,9.97214943810485,12.4380686099177,-3.62293601531711,-5.38613691740199,16.6826293350547,15.0419613694038,99.4437644158949,154.705550745019,13.1256653710818,29.0104708930006,5.81430342790226,7.09223199404508,0.607,1,0.483,0.963,18.0106167344243,58.0298986916024,17.8912835503512,54.3130061340043,9.84284284723495,11.9781703900568,-2.12563529035882,-3.56305843089885,18.179930060013,16.8650398559069,96.8815553153642,143.476565893233,4.51832538761882,12.6953853819994,5.62617323042388,6.83953454599236,0.528,0.995,0.489,0.991,15.0743558300207,49.7200467605515,17.9346634420255,57.8567184140212,3.68517087781927,26.5352872284361,-0.0210347665371272,28.0070401513103,10.8817433731267,18.5633691809152,8.50271054831883,18.0876277317136,22.8501163506169,28.0280749178474,7.68162580778848,9.58491718339478,1,1,0,0,6.40808949643566,30.6566322091879,6.89836809466434,30.0038323239799,14.8541203500796,23.0565816321435,13.5775022864193,21.6086163408071,24.2485427127522,23.1054642293156,8.20246128206396,8.03111405438784,1,1,1,1,4.69530029822466,29.5809139084674,3.63408206662382,27.7869889631698,12.3458660758322,21.2987262883689,11.4187587354233,18.7518154077232,24.8856136102428,24.152906896546,8.95286021253674,7.33305667229998,1,1,1,0,5.69754166057721,30.2454989809753,4.24948637497593,28.861173804834,14.1958680077892,21.8766280531969,12.2561973816754,21.3074165835932,24.5479573203981,24.6116874298581,7.68076004540777,9.05121920191777,1,1,1,1
830,500,1,1,"L'Ecuyer-CMRG","10407_321870129_-828635538_990443195_975649828_25740062_1655711608","10407_-875907815_-2031420664_124826630_1352253297_2082097193_-2143039527",1261637460,323831461,926445047,240126966,1325199793,203863590,863321488,83.277,6.01500000000124,7.32499999999891,2.48400000000038,3.45600000000013,477.040999999999,1,NA,"613a6588e37d","not-a-git-build","bbd3d4119dab4c61438d29ca56ae93a0","confirmatory",603.784,7.51866193212196,11.9528732097518,-2.39952714564274,8.31895000911877,17.2246800490644,27.9066935448243,56.53027724954,142.871177968403,5.75773052267638,69.2049292542172,4.28232767259366,6.89668432045488,0.541,0.999,0.413,0.862,11.8053752531889,36.4819475131629,12.536826151356,37.7714536565785,7.17627607172126,12.5366222003837,-2.56246443667934,8.58276441885815,17.0617427580278,28.1705079545637,51.4989382575591,157.166896195152,6.56622398924636,73.6638450696176,4.28490639120377,7.18540571236841,0.66,1,0.401,0.894,14.2920104078178,43.7454928125165,13.1985470086256,41.1670692931945,9.18255877763064,14.7506455869193,-3.35410274714035,7.75065733604663,16.2701044475668,27.3384008717522,84.3193857046414,217.581545230901,11.2500052383745,60.0726891408134,5.41626233579365,8.33942304143439,0.652,1,0.461,0.934,17.2523576998858,56.9218966533681,18.3705937910736,57.7111419563436,6.50928161358345,14.0287461770391,-2.53851746699628,9.97467204867442,17.0856897277109,29.5624155843799,42.3707471249355,196.80571929979,6.44407093024518,99.4940824786067,4.31831625860641,8.02506899271902,0.735,1,0.441,0.922,15.8586772332903,52.7264707661857,16.3341689349335,55.1219076085175,6.84979569248658,29.0471859077433,16.4803793265354,38.4238814963879,13.3885518539255,20.9270633040115,24.1688632110233,31.679102681428,22.1973902152568,21.9435021698525,7.53851145008604,7.51023947040469,1,1,1,0,6.15726360855397,29.8427204610064,15.3856975755788,38.8705669847746,12.3579722246256,21.5577787203749,24.7039992207588,32.0486886101452,23.6854568524525,23.4848694091958,9.19980649574932,7.34468938938643,1,1,1,0,2.98621850661625,29.0697437900511,15.5655833287209,38.3340698417055,12.2885811801518,20.4411689726832,23.7283568120448,31.1997617641949,26.0835252834348,22.7684865129846,8.15258779253142,7.47140495215013,1,1,1,0,4.36319964072894,29.6430277197319,17.6733902277729,40.7667403101557,12.7385808343607,21.1458397376855,25.5378031740413,33.8599838728012,25.2798280790029,23.0933500823828,8.40725890332475,8.32218069875987,1,1,1,0
831,500,1,1,"L'Ecuyer-CMRG","10407_1528598001_1881088151_-720590983_-1078155304_962794457_225381262","10407_306177582_787268222_-656290664_924895513_666709529_-718028569",926445047,240126966,1325199793,203863590,863321488,605360325,1931713851,83.098,5.27499999999964,6.30400000000009,2.02299999999923,1.98000000000138,471.42,1,NA,"613a6588e37d","not-a-git-build","bbd3d4119dab4c61438d29ca56ae93a0","confirmatory",593.891,13.5922098482745,11.2120221210089,-10.516403348538,5.23473194460259,9.75597005286211,25.5838063508673,184.74816855953,125.709440041992,110.594739389141,27.4024185318428,8.06017849073078,6.42259918405169,0.296,0.877,0.452,0.939,13.4516548126311,40.3889819055156,14.0602497269511,42.5999257992502,14.4596253726868,13.9446405656561,-11.2095097008019,6.26460506236238,9.06286370059814,26.6136794686271,209.080765918449,194.453000505341,125.653107732373,39.2452765873764,8.57925900492295,8.14243108792574,0.301,0.889,0.384,0.876,14.6750841213369,43.2625939911529,15.4527593131226,45.5059294158894,16.263287316372,16.1942052728297,-11.5690592983754,4.11883596793073,8.70331410302471,24.4679103741954,264.494514334866,262.252284418546,133.843133049326,16.9648097307199,9.46872324530654,9.41202288016862,0.363,0.926,0.349,0.946,18.7911579447297,58.5669999512509,18.0836431143621,55.3579406946055,14.5769351439473,13.4146097807149,-9.51000147474697,6.51578544953851,10.7623719266531,26.8648598558032,212.487038190845,179.951755568852,90.4401280496896,42.4554600244177,8.48513236675725,7.74400718986279,0.469,0.939,0.497,0.988,19.9756103209661,62.3774760285245,19.5795241897732,58.9292274978115,-0.679689517821339,20.2393416265669,14.117022823451,36.0615822795762,5.68086400692836,13.3520823230474,21.481065488179,29.7591290065034,20.9190311443882,21.9445594561252,7.67121831611901,8.27806351832435,0,1,0,0,-0.868419954796653,19.3850136503871,15.5367003871689,37.5286298062405,5.05319754059592,12.8279605289036,22.8719011762937,30.3500196052644,20.2534336051837,21.9919294190716,7.77476298830764,7.47811842897075,0,1,0,0,-3.04643421682637,21.0505581898698,11.7173608587319,36.1232974069127,4.51860684773804,12.5301172589208,20.6762015142913,28.9890351848951,24.0969924066962,24.4059365481808,8.01151041118273,8.31283367060387,1,1,0,0,-2.38245176148342,22.9041849666567,15.1260120440043,38.5778443943324,6.31463781645342,14.9821247096451,23.0407742937639,30.7926991734856,25.2866367281401,23.4518323503281,8.66748689319171,7.75192487972166,1,1,0,0
832,500,1,1,"L'Ecuyer-CMRG","10407_-1983416276_849862724_1336763843_1118567468_685443057_-606161214","10407_871639807_-410169158_1822909913_1104311267_-525680382_-1371724383",1325199793,203863590,863321488,605360325,1931713851,1264129945,311916278,84.473,7.19700000000012,6.03800000000047,3.00900000000001,2.45199999999932,470.204,1,NA,"613a6588e37d","not-a-git-build","bbd3d4119dab4c61438d29ca56ae93a0","confirmatory",597.383,9.92560180040034,16.0149742889688,-6.7308896757265,13.4255189989351,13.1857820570558,33.147016332104,98.5175711001105,256.479401476331,45.3048758268016,180.244560390768,5.66736969380679,10.2922032231494,0.444,0.95,0.216,0.619,12.0746001209666,36.5732265924573,11.0661903639354,33.8295345900052,7.65496896039665,16.4047244495159,-4.16372675167495,13.9868701336553,15.7529449811074,33.7083674668242,58.5985497846362,269.114984264546,17.3366204626136,195.632536135739,4.49846583703611,10.5412646368318,0.619,0.998,0.195,0.649,14.3987981282436,42.7541145710647,11.1729690154676,35.6739362984475,7.49163067765941,15.3370864068192,-4.09055351178103,12.7167098998007,15.8261182210013,32.4382072329696,56.1245302104476,235.226219450239,16.7326280327441,161.71471067569,4.71738424404144,9.31968800275558,0.722,1,0.263,0.844,17.6574275638424,53.8950820423912,12.6932366703828,44.40606531235,8.28858074214991,15.8275540810075,-4.6690717552297,13.5438440258557,15.2475999775526,33.2653413590246,68.7005707191383,250.511468187217,21.8002310554837,183.435710996708,5.07399206916725,9.54546647871108,0.596,1,0.206,0.857,15.3413234119048,54.9884910523681,12.9689778694864,47.061660297566,1.40801306701931,25.5198214822748,22.3289929891503,44.0864911375814,9.2455344376261,17.2590443594537,29.375363449287,36.7743285085254,24.1118084152555,21.7574981484311,8.0135099218276,7.39896505923849,1,0,0,0,3.93649371789508,26.332400812781,22.8779223729692,43.7175221780185,12.5905108142744,19.5280330378904,30.3220801294566,37.2033835919274,22.3959070948859,20.8395998050494,6.93752222361602,6.88130346247081,1,0,0,0,3.62362714607682,27.5379992146276,21.1872017358756,42.4383479262032,11.4347653969063,20.1335110819555,29.1710896909459,36.155414238761,23.9143720685508,21.2511461903276,8.69874568504917,6.98432454781518,1,0,1,0,3.3740374357183,26.696516624782,22.2617901126871,44.5767143050662,11.3426810850282,19.1014086796483,29.0787832205423,37.487852493475,23.3224791890637,22.3149241923791,7.75872759462009,8.40906927293274,1,0,0,0
833,500,1,1,"L'Ecuyer-CMRG","10407_1836978031_-1329175316_1267875780_-352186757_-1245014810_-1614383256","10407_1698308871_359785086_-1155227245_-1784598321_1163469701_-1069582939",863321488,605360325,1931713851,1264129945,311916278,1995212783,999595146,84.8709999999992,6.29799999999886,5.02399999999943,2.79900000000089,1.96900000000096,476.416999999999,1,NA,"613a6588e37d","not-a-git-build","bbd3d4119dab4c61438d29ca56ae93a0","confirmatory",602.722,11.3744680494596,10.1805133602363,-8.97608354740888,-6.08490480992612,11.6023577852526,14.4821886364719,129.378523408177,103.642852277949,80.5700758500644,37.026066545862,6.69693959250126,5.8671683793674,0.322,0.892,0.416,0.889,12.0688868372428,35.9883544265325,11.3861380991408,33.0674109146428,10.3716210871781,11.2509983920983,-7.49818309302357,-7.42384145266406,13.0802582396379,13.143251993734,107.570523975997,126.584964818998,56.2227496965045,55.1134219142932,5.92084648142213,6.47059424611332,0.436,0.989,0.412,0.924,13.3809779852838,41.133368633265,13.335179560821,39.6460596930257,9.60885351820882,12.4421128692273,-7.18029292147117,-7.73218757272057,13.3981484111903,12.8349058736775,92.330065934394,154.80617265059,51.556606438129,59.7867246597344,5.6911554293262,7.10419966347562,0.575,1,0.499,0.973,17.6478089107378,54.1673323401552,17.3891317121329,54.7879778583439,10.8142897352803,12.8260330082063,-8.27433701728929,-7.29633410231601,12.3041043153722,13.270759344082,116.94886247859,164.507122727597,68.4646530756838,53.2364913326195,6.49157434438015,7.30387139126984,0.426,0.974,0.429,0.911,15.0512699339333,50.1555350169328,16.0116898231825,47.8074423361244,-1.18324521155511,24.1135758532382,4.89445904083318,25.229379408646,7.44701746267588,15.9575385943373,10.8632180429949,18.1134703859608,25.2968210647933,20.3349203678128,8.51052113166145,7.250252342966,1,1,0,0,1.88602856461704,25.6293975441836,2.18860880411877,23.9973151838711,9.47192472998745,16.8625373682563,9.338249319543,16.933713014737,23.7433689795666,21.8087063797523,7.39061263826882,7.59546369519403,1,1,0,0,0.409620163769329,26.7186251273309,1.11395482563158,23.055647185957,8.36723690706179,17.9970800632536,9.43628788369565,16.7078546978113,26.3090049635615,21.9416923603254,9.62984315619178,7.27156681411564,1,1,0,0,1.14018101173357,24.1394770906694,2.04724942244558,23.7552176461403,8.14472340938519,16.0354539005909,9.89496196795892,16.8034498424584,22.9992960789358,21.7079682236947,7.89073049120572,6.90848787449953,1,1,0,0
834,500,1,1,"L'Ecuyer-CMRG","10407_-1888895927_1933036375_-572340443_-639778347_-1546794726_-1260250980","10407_59553935_-1114224908_-1734009626_1762056663_-1350520577_1382155499",1931713851,1264129945,311916278,1995212783,999595146,972759852,640821493,87.1629999999986,7.4950000000008,6.66699999999946,2.51300000000083,2.51900000000023,490.794,1,NA,"613a6588e37d","not-a-git-build","bbd3d4119dab4c61438d29ca56ae93a0","confirmatory",622.992,11.6050367747782,9.58789370109096,-9.83291982546103,3.43675905494279,10.101366730455,23.5251062136836,134.676878543955,91.9277056234197,96.6863122939446,11.8113128017313,6.78480017173887,5.51812340313299,0.302,0.975,0.519,0.961,12.8118408477563,39.6509333201329,14.3536473322444,41.9123460921142,12.0142255004746,11.172019445263,-9.38768972734173,4.89794006393922,10.5465968285742,24.98628722268,144.341614376254,124.814018485335,88.1287184168375,23.9898168699409,6.90171116627436,6.42699304407035,0.403,0.952,0.454,0.912,14.4998205095894,43.7712440605988,13.8764152581949,40.8066179231432,12.3083623288959,10.43678381501,-9.96477132022526,4.50801683939423,9.96951523569073,24.596363998135,151.495783219385,108.926456401254,99.2966674643838,20.3222158242619,7.08664116108265,6.13327970410313,0.418,0.991,0.625,0.999,16.9584487547225,53.6450683683245,18.7621603973334,58.1887245527419,13.2071752249199,10.3332527494959,-11.0188883304483,3.1826842910092,8.91539822546764,23.27103144975,174.429477421737,106.776112384964,121.415900038891,10.1294792962368,7.55741942115026,5.9994799434995,0.353,0.994,0.545,0.991,16.3658577819627,52.2155571895586,16.886041746408,53.1650433572038,-2.35113412529228,20.6135782077955,12.671368598428,35.6185823444814,6.33263473145638,13.8369053485044,19.3093610228129,27.6261462027276,22.9647123330877,22.9472137460534,7.50427061704801,8.31678517991466,1,1,0,1,-1.86622594196383,22.2884321455739,13.7232906954968,34.5562907561062,6.51531210487917,14.8561111885991,21.6506314677389,28.9981339041954,24.1546580875378,20.8330000606094,8.34079908371988,7.3475024364565,1,1,0,0,-0.793796466151852,20.5282709551395,12.7832229214191,36.5548969276749,6.19563863563328,13.7530124968527,20.6172344517318,28.6866816837144,21.3220674212913,23.7716740062557,7.5573738612194,8.0694472319825,1,1,0,0,-2.96821300570596,21.6159470441868,11.3698661381423,35.3425222662728,5.06658789999249,12.1935195663422,19.1199249317844,27.2464051733172,24.5841600498928,23.9726561281305,7.1269316663497,8.12648024153285,1,1,0,1
835,500,1,1,"L'Ecuyer-CMRG","10407_-1468714131_1539879544_1805462914_13737795_2010477876_413018387","10407_1436313173_-1315569155_1122287664_1021229816_1646313990_-2108881744",311916278,1995212783,999595146,972759852,640821493,326841076,1579775966,86.3249999999989,5.26200000000063,6.61100000000079,2.02700000000004,1.97999999999956,498.331999999999,1,NA,"613a6588e37d","not-a-git-build","bbd3d4119dab4c61438d29ca56ae93a0","confirmatory",626.380999999999,10.7664453906316,9.52333014347784,1.54556435496367,1.89175776391756,21.566400660995,21.8903886060313,115.916346349452,90.6938170216737,2.38876917533428,3.57874743734238,6.14458460529434,5.48858375802161,0.47,0.949,0.433,0.982,14.1635317563185,42.9323389559302,12.9088043636998,38.1911479614954,10.308360860998,9.405766531428,1.47711884043348,1.00449785366488,21.4979551464648,21.0031286957786,106.262303640555,88.4684440437311,2.18188006876355,1.00901593801735,5.85509443815843,5.41191220952331,0.515,0.978,0.415,0.99,15.0845091762571,45.2262250727086,12.9150837684052,39.1029720024048,12.6011096214651,9.85397620124369,-1.32046116364887,-1.86447184445463,18.7003751423825,18.1341589976591,158.787963692181,97.1008469746771,1.74361768470491,3.47625525876404,7.17619042444479,5.65677961624121,0.521,0.961,0.483,0.998,18.3749708097078,57.5349338108442,14.5854393543696,47.48657196047,15.9662639110966,10.2976738729568,-1.36505704921549,1.05006291894751,18.6557792568158,21.0486937610612,254.921583278785,106.042087193777,1.86338074761289,1.10263213374857,8.96518242587243,5.95804933016811,0.471,0.963,0.526,0.995,22.3565651036757,65.8626965306567,16.4694317153894,53.7667854892978,8.50778563582724,32.9488402121275,9.73800988883379,32.3137777426604,17.7698115661482,25.4085486284666,18.3655919547383,25.8780808104349,24.4410545763003,22.5757678538267,7.63873706231844,7.51248885569656,1,1,1,1,10.3799858791961,31.290128604205,7.39145118333203,32.7382281848602,18.0983372578775,25.0423161967853,17.1416410195417,25.0322589619064,20.9101427250089,25.3467770015282,6.94397893890774,7.89061794236471,1,1,1,1,7.76770660896622,30.5110410802773,8.10703367835021,30.1323249349467,14.3441282126607,23.0193153659278,14.3406847348681,21.5893162373914,22.7433344713111,22.0252912565965,8.67518715326718,7.24863150252333,1,1,1,1,5.36567716046423,31.219529780707,9.18389541899561,32.5906577875807,14.504491088556,22.9879017067051,16.9604419249661,24.9289868648326,25.8538526202428,23.4067623685851,8.4834106181491,7.96854493986648,1,1,1,1
836,500,1,1,"L'Ecuyer-CMRG","10407_-1193361128_698248186_1800848829_-2037018865_-1979807706_-63782362","10407_-1494329895_1705566421_1340747872_-2146867970_-1724763042_-1631082937",999595146,972759852,640821493,326841076,1579775966,450381676,856691010,90.0049999999992,7.73400000000038,6.41899999999987,3.64099999999962,2.59199999999873,472.716,1,NA,"613a6588e37d","not-a-git-build","bbd3d4119dab4c61438d29ca56ae93a0","confirmatory",607.120999999999,9.95094907571392,14.210554611813,2.44800828062747,-10.8802811536125,22.1560237633342,9.00408341927147,99.0213875074516,201.939862375319,5.99274454202066,118.380517981656,5.70833792078661,8.53917829680613,0.536,0.993,0.308,0.775,15.2799616925966,45.0180880772067,12.3630859547882,36.5898981126554,8.58802127872359,15.0268533262899,0.482441374474554,-11.7403499432056,20.1904568571813,8.14401462967844,73.7541094838091,225.806320889829,0.232749679804897,137.835816788927,5.05536834279365,9.07443566960167,0.628,0.997,0.306,0.752,16.3158328110678,48.1861049013991,12.9813332857351,39.0666282782321,14.7769638706194,15.1651853559304,-0.769035746527223,-11.4344587381538,18.9389797361795,8.44990583473024,218.35866123359,229.982846879725,0.591415979436683,130.746846634541,8.54222339113707,8.79928576557857,0.413,0.988,0.348,0.864,20.8912254521661,65.6578081145622,14.1544899216742,47.5811791571184,7.81147829604232,14.1544709886778,2.26299135324209,-10.329226445412,21.9710068359489,9.55513812747199,61.0191931695402,200.349048969322,5.12112986484845,106.692918960599,4.91475254914681,8.38223778360157,0.701,0.999,0.316,0.837,17.2622703782149,55.8347158167059,11.6370896603496,41.5505572203004,10.7034482739965,33.9335945263774,-1.89757633203815,20.7004177073992,17.7466770324963,26.4735076419222,4.77160448077084,13.2209734896001,23.2301462523809,22.5979940394373,8.72683060942592,8.44936900882921,1,1,1,0,9.70702815080881,31.0221801193402,-2.85715493425875,20.3004797939561,16.2041474143765,24.1189479575715,4.42507807453149,11.5914519309465,21.3151519685314,23.1576347282149,7.91480054319501,7.16637385641501,1,1,1,0,4.54501232709731,31.4636193607028,-2.72375761241602,20.052260365323,14.4599055606176,23.3007511128477,4.56022929862475,12.2720057216511,26.9186070336055,22.776017977739,8.84084555223011,7.71177642302639,1,1,1,0,9.74666825795766,34.3632131703141,-0.903717437361468,20.909395152815,17.9418730392373,25.8533772747486,5.25038120018367,13.4977581041098,24.6165449123564,21.8131125901764,7.91150423551123,8.24737690392616,1,1,1,0
837,500,1,1,"L'Ecuyer-CMRG","10407_1816286655_1278741649_-1841772794_864039057_-1386385424_1519834389","10407_-649648249_-1529905448_-1769051077_-874303699_1262707315_-82296467",640821493,326841076,1579775966,450381676,856691010,288889800,1945452926,88.3330000000005,5.37800000000061,6.8070000000007,2.03800000000047,2.08899999999994,481.880000000001,1,NA,"613a6588e37d","not-a-git-build","bbd3d4119dab4c61438d29ca56ae93a0","confirmatory",612.07,10.0586348947409,8.66287695002761,-5.84504341525096,4.02928120546996,13.6615377502856,23.6938319610333,101.176135945699,75.0454370513196,34.1645325261686,16.2351070327535,5.71536761990178,4.93700100139835,0.54,0.959,0.511,1,15.4559688303007,44.7899870820098,13.3574773346808,40.3735320765179,9.05155920409926,9.98032183331131,-4.06684735202222,5.33889066504293,15.4397338135143,25.0034414206063,81.930724025314,99.6068238964703,16.5392473846501,28.5037535332826,5.23077461045548,5.71845513425737,0.589,0.998,0.487,0.962,15.7056373304945,46.8452830454654,13.2369986675922,40.4914604030773,8.14983149862706,10.7768054711779,-1.84176231960094,5.28625503502019,17.6648188459356,24.9508057905835,66.4197534560138,116.139536163611,3.39208844190183,27.9444922952763,5.22133780889251,6.14301548025781,0.773,1,0.515,0.984,19.6942897921022,60.634603665203,15.4402469974373,49.8353555508574,8.15182722957705,13.2271795480952,-1.60371164104269,7.18148305468714,17.9028695244938,26.8460338102505,66.4522871808738,174.958278797549,2.57189102761585,51.5736988647586,5.33524218144562,7.51300655924186,0.775,1,0.546,0.982,20.5303102897075,63.9703573047501,19.3132634929866,58.9324195591858,3.82550881849483,23.7418973300733,12.1698043762244,36.7223805916446,9.83286159925526,17.3865419647498,19.3369124927017,27.5741492670824,19.9163885115785,24.5525762154201,7.55368036549456,8.23723677438077,1,1,0,1,5.59045721195242,24.6291658521718,13.8709544483014,36.3279306659373,12.3355185338165,18.8650757085428,21.3640172255661,28.6411683518603,19.0387086402194,22.4569762176359,6.52955717472631,7.27715112629421,1,1,0,0,7.23576173008884,28.6148822032645,13.8613108938389,36.7480085508316,13.7889656381198,21.417473328809,20.5742435010387,28.8406808889798,21.3791204731757,22.8866976569927,7.62850769068923,8.26643738794118,1,1,1,0,6.40396669740077,29.4307638394292,14.3976172323695,39.3500464884557,13.6863107416399,22.4165686558637,22.8054581060363,31.341889202201,23.0267971420284,24.9524292560862,8.73025791422378,8.53643109616477,1,1,1,0
838,500,1,1,"L'Ecuyer-CMRG","10407_-830776589_-1166987219_850562238_613523938_-1749024105_-524909918","10407_-612389165_-1853048152_-285937077_19779301_-1459369715_2025619506",1579775966,450381676,856691010,288889800,1945452926,753163732,1338110178,84.2780000000002,7.72400000000016,6.31400000000031,2.73300000000017,2.5049999999992,478.01,1,NA,"613a6588e37d","not-a-git-build","bbd3d4119dab4c61438d29ca56ae93a0","confirmatory",607.151,7.96094806144479,10.0632403112719,4.61809810973238,5.52887446169656,24.5602579724484,25.5573375783946,63.3766940370215,101.268805562407,21.3268301511138,30.5684528132004,4.61301255841394,5.72558226962442,0.561,0.998,0.489,0.994,13.6670482971666,40.4389700932338,14.1296774647924,42.0265238623529,5.76621518420699,10.2133237139992,1.32875245447703,5.4647746346346,21.2709123171931,25.4932377513327,33.2492375505793,104.311981286939,1.76558308527873,29.8637618073458,3.73741942550565,5.838983471166,0.789,1,0.433,0.983,14.7475898910821,44.114668753101,13.509928655039,39.7018840200359,8.66744637305977,13.4840852929022,2.17217043952715,5.07848878832754,22.1143303022432,25.1069519050256,75.124626629867,181.820556186262,4.71832441835557,25.7910483731685,5.70170885627822,7.68853053019024,0.8,1,0.433,0.971,22.5517574787643,68.4429889680673,17.0160342692565,52.4155240642866,7.365830982177,9.52271136989655,2.12162438634774,4.8150074103739,22.0637842490638,24.8434705270719,54.2554660579985,90.682031834357,4.50129003674544,23.1842963619556,4.52499173075626,5.48399380548996,0.659,1,0.417,0.986,14.665509110193,49.2744743658147,11.3570625069151,39.4353126144947,14.0022174533356,34.7590051438412,13.7488176440461,35.9627768467053,20.5967044108165,28.3040090233918,21.5301990110289,29.891896248011,20.7567876905056,22.2139592026592,7.70730461257534,8.36169723698201,1,1,0,0,9.6838153845937,32.9887339139495,15.3464831369464,35.772155823619,17.2046817254271,25.2741397246831,21.4645401189206,29.0765016908582,23.3049185293558,20.4256726866726,8.06945799925601,7.61196157193758,1,1,1,0,10.6273713913926,34.351164339552,14.4318166014497,36.4681351239098,17.6761599416394,26.2340266333256,21.0561052561237,29.3237224607122,23.7237929481595,22.0363185224601,8.55786669168627,8.26761720458855,1,1,1,0,10.1789280318776,33.1075224403859,12.9692145682584,35.8645674312369,18.2280171198256,26.1058155078429,21.0262508626175,28.4281344722522,22.9285944085083,22.8953528629785,7.87779838801729,7.40188360963478,1,1,1,0
839,500,1,1,"L'Ecuyer-CMRG","10407_1742842665_736434163_-1754224445_2059195014_-674267160_1162239421","10407_-1111016762_808419599_-388366463_-692158935_1898793376_-1975935098",856691010,288889800,1945452926,753163732,1338110178,1461327892,1472869698,83.7520000000004,6.85999999999876,5.12700000000041,3.34200000000055,1.96600000000035,482.754000000001,1,NA,"613a6588e37d","not-a-git-build","bbd3d4119dab4c61438d29ca56ae93a0","confirmatory",607.575000000001,10.9140514062373,9.54639749022654,-7.96513167450222,3.96612452278961,12.0351394374053,23.9645634617378,119.116518097991,91.1337050414036,63.4433225921586,15.7301437302731,6.31333264100763,5.45655562803463,0.346,0.912,0.394,0.979,11.6439411020007,36.1492063934167,11.7862651317329,36.977061099306,12.6668704235127,9.06652804945191,-9.38559988032658,1.7563901727032,10.614671231581,21.7548291116514,160.44960632606,82.2019308714982,88.0894851135862,3.08490643876836,7.31024883496782,5.21474112918319,0.367,0.908,0.452,0.998,14.1499839057358,43.1393787475312,12.9233332159383,39.1890955101884,12.3942975335585,10.3180691345374,-9.81403127720353,2.77076543645366,10.186239834704,22.7692043754018,153.618611350374,106.462550665094,96.3152099099291,7.67714110384623,7.13211697049404,5.96500873663945,0.367,0.973,0.534,1,14.7591849381088,48.0739338147041,16.3385480866645,53.2309588470754,10.5719066723182,10.3345949077684,-7.40247933888009,4.51705139369328,12.5977917730274,24.5154903326414,111.765210688206,106.803851907673,54.7967003625466,20.4037532932664,6.07054870438641,5.91425834299771,0.43,0.96,0.441,0.973,13.2824470657352,47.228982550496,13.3580191252716,46.0701989850645,-0.609898831211732,23.0839267970083,10.879652201175,37.1612232319079,8.44275931481711,16.0718543788906,19.748197297413,28.1804457551584,23.69382562822,26.2815710307329,7.62909506407353,8.43224845774538,1,1,0,1,-1.12314428304423,21.8347935171936,9.48617405235412,34.8384504259949,6.60129582808868,14.8302867299359,17.6134566027034,25.9141692467639,22.9579378002379,25.3522763736408,8.22899090184723,8.30071264406055,1,1,0,1,-0.871635532020916,22.2003342170465,9.86442264072538,34.1198718599552,6.03661769587525,13.9834135776859,18.8970436598997,26.8042480469262,23.0719697490674,24.2554492192298,7.94679588181061,7.90720438702651,1,1,0,1,-0.603249549250991,24.7570032692411,12.8757086740776,36.2911055396749,8.23097176682442,16.9599066188494,20.5702262585903,28.8532331260942,25.3602528184921,23.4153968655972,8.72893485202502,8.28300686750383,1,1,0,0
840,500,1,1,"L'Ecuyer-CMRG","10407_2105866734_-1896112191_-1974342565_-1356045722_2051690472_-1115089529","10407_-1595002108_346327523_-1927896007_-1700435542_-451709869_643699065",1945452926,753163732,1338110178,1461327892,1472869698,93359273,672281812,83.6920000000009,6.17399999999907,7.59499999999935,2.53299999999945,3.78800000000047,468.737999999999,1,NA,"613a6588e37d","not-a-git-build","bbd3d4119dab4c61438d29ca56ae93a0","confirmatory",597.528,5.58177953585516,5.25039866168441,-0.661732090145421,2.13947373053822,19.5412508687266,22.3983599104106,31.1562627868915,27.5666861066174,0.437889359128227,4.57734784366313,3.56110471711043,3.46597290335372,0.758,1,0.796,1,13.6873493385086,40.8174108874414,13.8796576610655,40.7220305048514,7.20623426905776,6.33057497301163,2.95636576649231,3.25031042270425,23.1593487253643,23.5091966025766,51.9298123405424,40.0761794889212,8.74009854528769,10.5645178439399,4.22296585014293,3.92227130817809,0.595,1,0.72,1,12.8537285980389,40.084493127631,14.5240798409131,42.619543808485,7.08952236540056,7.07341493124248,1.76955841760203,0.893594701912388,21.972541376474,21.1524808817848,50.2613273695147,50.0331987895241,3.13133699330619,0.798511491285889,4.41143878696259,4.85012959621292,0.664,1,0.862,1,14.9531224430112,49.7203062668199,20.2917061827562,61.2270688521575,6.71692122710644,7.1642050446751,2.08830051741381,2.79650875100671,22.2912834762858,23.0553949308791,45.117030771153,51.3258339221482,4.3609990510308,7.82046119445712,4.62469781478316,4.92670897589591,0.822,1,0.81,1,18.6822017576578,58.2312058095301,19.6396371552296,61.0876024830601,7.48198575942418,29.379097261883,11.4731430272775,32.9521689110151,16.0045187081515,23.5232679568725,18.6611212961474,26.1435599926928,21.8971115024588,21.4790258837376,7.51874924872105,7.48243869654539,1,1,1,1,12.1741832287324,35.1943370878777,12.5887100786313,34.1455473369366,19.461917630104,26.9426921390477,20.0418285801321,27.0840794698367,23.0201538591453,21.5568372583053,7.48077450894369,7.0422508897046,1,1,1,1,10.7071367467355,33.9611595625605,11.1980583713606,32.1360887175633,17.6671053074034,26.0747645129171,17.2862610976584,24.7422490629743,23.254022815825,20.9380303462027,8.40765920551368,7.45598796531589,1,1,1,1,10.3067002236411,34.3970733206508,12.4579320138828,35.4531751174991,17.7826572444885,26.3236693543686,18.8013277318356,26.9902267949666,24.0903730970097,22.9952431036163,8.54101210988005,8.18889906313097,1,1,1,1
841,500,1,1,"L'Ecuyer-CMRG","10407_2031704436_-4530217_-1596420537_22418437_-109653265_-786699672","10407_-199279929_328788731_-1174877021_955974157_-69046_1858608883",1338110178,1461327892,1472869698,93359273,672281812,1875017018,1199427572,83.280999999999,5.35999999999876,6.87099999999919,2.03600000000006,1.99099999999999,480.925999999999,1,NA,"613a6588e37d","not-a-git-build","bbd3d4119dab4c61438d29ca56ae93a0","confirmatory",605.844999999999,15.2940162346131,9.71623496868061,-13.1472871937474,-5.59483931252153,7.00285084786923,14.6340811299487,233.90693258461,94.4052219666119,172.851160554873,31.3022269329364,9.31322795692842,5.53102172767534,0.243,0.867,0.452,0.962,14.7419131918186,44.7974403746396,11.9107936527752,36.4189964282693,14.0807358803609,8.85361814138582,-10.9740466145876,-3.9629808740039,9.17609142702895,16.2659395684663,198.267122932483,78.386554193476,120.429699099142,15.7052174077207,8.26673598510316,5.06723796963127,0.331,0.894,0.53,0.993,15.6638841358713,46.2923178847925,13.6304525858056,41.5390535109009,16.7119344520328,9.49778497717509,-7.73303011020122,-5.04512523482738,12.4171079314154,15.1837952076428,279.288753129042,90.2079194726529,59.7997546852787,25.453288635092,9.78785132141949,5.49448849397846,0.371,0.903,0.588,0.995,20.3372371000355,59.499862663303,16.1355184914259,50.0380802263061,13.9414509466306,8.8149636863958,-10.8333146487211,-2.93717830744203,9.31682339289547,17.2917421350282,194.364054497307,77.7035847924766,117.360706278196,8.62701640970804,8.09532636604218,5.16033135300113,0.391,0.96,0.594,1,17.7522139991213,59.0163483631591,15.2581254595838,49.8687842660938,-7.34076845139589,21.6487858988945,3.07101957191451,25.651448924461,2.41314206911171,11.4058204222081,10.307282375829,18.7281002915775,28.9895543502903,22.5804293525465,8.99267835309638,8.42081791574851,1,1,0,0,-3.08175502155221,20.8087496151503,5.49680308711748,26.3357037971665,5.07923391254845,13.7361785334869,12.802869023381,20.3404950345248,23.8905046367025,20.838900710049,8.6569446209385,7.53762601114384,1,1,0,1,-0.196291807748493,24.7747868811426,3.2058167885977,26.5196980947918,8.16558202870175,17.0144982838874,11.2657545018435,19.1533087557954,24.9710786888911,23.3138813061941,8.84891625518569,7.88755425395184,1,1,0,0,-3.92524058665242,22.8337817748146,5.32985914837477,29.0183780869753,5.02675246053844,13.8559300418316,13.1422247522993,21.5500440115076,26.7590223614671,23.6885189386005,8.82917758129312,8.40781925920824,1,1,0,1
842,500,1,1,"L'Ecuyer-CMRG","10407_-65221054_-1663699365_-2018144467_-1263018634_7950547_-61712631","10407_1336499377_867477226_538665769_-1405427065_803989344_672252425",1472869698,93359273,672281812,1875017018,1199427572,1589264699,775701038,82.4380000000001,7.00199999999859,7.57400000000052,2.59900000000016,2.67299999999886,495.129000000001,1,NA,"613a6588e37d","not-a-git-build","bbd3d4119dab4c61438d29ca56ae93a0","confirmatory",622.157999999999,9.34462497995752,10.4342387199568,-6.38628890068063,5.14940002576606,13.7746864197151,25.6010190619443,87.322016016046,108.873337665045,40.7846859229566,26.5163206253595,5.33081358736209,5.97006297759076,0.402,0.999,0.423,0.948,11.9138748387677,38.2035743280482,11.7210688221518,37.6732187048358,10.0987941450015,11.5395827442719,-7.49917369677236,7.15326509754675,12.6618016236234,27.604884133725,101.985643183116,133.161969911898,56.2376061343624,51.1692015557805,5.82097221706126,6.64407187153539,0.411,0.988,0.434,0.91,13.3242446692891,40.4577555137468,13.8321473972496,41.403438840837,10.0977936330647,12.1010771737855,-7.70347478878647,5.20631452704777,12.4575005316093,25.6579335632261,101.965436255962,146.436068765912,59.3435238214688,27.1057109545486,5.9115136024449,7.05111258349579,0.489,0.994,0.457,0.948,15.757003358126,49.8628102578492,15.0088455573638,52.1050303715588,9.29677602855681,13.2669500038838,-6.3749933169191,4.750515928922,13.7859820034767,25.2021349651003,86.4300445251485,176.011962405552,40.6405397907632,22.5674015909417,5.8240787094384,7.68864230005869,0.624,1,0.431,0.999,17.9008939645926,59.2573957961958,17.3392701920949,55.2598580333573,3.15242803109919,23.6315428065516,15.888474183255,37.5716810614252,10.3117551455648,17.3587999899993,22.2239943749008,28.5099358477958,20.4791147754524,21.6832068781701,7.0470448444345,6.285941472895,1,1,0,0,1.45344391190626,22.6215405303989,16.4356897599407,39.0009819998401,9.12366452784372,16.3794830832696,23.4793620721133,31.7187036151864,21.1680966184926,22.5652922398994,7.25581855542591,8.23934154307304,1,1,0,0,-0.499656004129262,24.2285076631402,13.9943920682216,37.0996803618148,8.55393145726713,16.8479863492363,21.9029838688779,29.5151023448038,24.7281636672694,23.1052882935931,8.29405489196916,7.61211847592588,1,1,0,0,-0.131030641575434,26.9619483924853,13.9126503741167,35.9346731965433,9.32647512492726,18.5892029617999,21.5258305108001,29.1995654078056,27.0929790340607,22.0220228224266,9.26272783687264,7.67373489700546,1,1,0,0
843,500,1,1,"L'Ecuyer-CMRG","10407_465731006_-355808295_-182948430_381676002_-1486922965_-1100753011","10407_1428710773_745903025_1703412408_737923256_799246705_1188337935",672281812,1875017018,1199427572,1589264699,775701038,550471065,713858949,83.2430000000004,6.94800000000032,5.16899999999987,3.22500000000036,1.98999999999978,488.382,1,NA,"613a6588e37d","not-a-git-build","bbd3d4119dab4c61438d29ca56ae93a0","confirmatory",612.735000000001,11.3554582211842,8.81078069629775,9.4267493699938,6.24468102807889,29.0308473284553,25.7581997742975,128.94643141306,77.6298564782531,88.8636036846784,38.9960411424484,6.65982128337637,5.07105656033045,0.311,0.958,0.473,0.993,12.4781185315897,39.434491642348,13.0072847446704,37.240704600715,12.0553513792766,10.000897628176,10.0327234783122,6.33005270979675,29.6368214367737,25.8435714560154,145.331496877827,100.017953369255,100.655540392277,40.0695673088051,7.10142978827123,5.72724740098591,0.326,0.97,0.48,0.999,14.0921488449078,42.3293150343797,15.1961452212469,44.6511986951519,11.3312990612036,9.03702229640142,8.56603282759212,4.19935444385161,28.1701307860536,23.7128731900702,128.398338414433,81.6677719856564,73.3769184033859,17.6345777450962,6.73913892353681,5.48448642814066,0.548,0.989,0.674,1,19.5967557619649,62.4873833246658,18.8963023315094,59.0528504661673,9.10853981157928,8.53958581534661,6.87220340415247,4.07220912407928,26.4763013626139,23.5857278702979,82.9654974991246,72.924525897669,47.2271796280447,16.5828871502345,5.70569867169718,5.16846146482038,0.569,1,0.704,0.996,18.0924012973607,60.0266729395754,18.2104513302628,55.7453143964722,18.6264572896452,40.6663895799273,14.4573274452627,35.1637979471246,24.9254378986908,32.8066057699339,22.2659975927791,29.5092520689187,22.0399322902821,20.7064705018618,7.88116787124307,7.24325447613965,1,1,0,0,18.1583933367233,40.8789151856827,13.6080800403721,37.909127060497,25.8297951565749,33.5581973320858,21.4578666238817,30.4286459076204,22.7205218489594,24.301047020125,7.72840217551086,8.97077928373869,1,1,0,0,16.6758260762413,41.6087921451336,11.1870229610896,34.975127287421,23.8105307603047,32.4013625138113,19.6952238761256,27.8716862214477,24.9329660688922,23.7881043263314,8.59083175350657,8.1764623453221,1,1,0,0,13.9408038014811,39.2190654986624,12.1657890260808,36.3305619627997,22.2264862068509,30.7993229566227,18.8133676617578,27.9340439955509,25.2782616971813,24.1647729367189,8.57283674977188,9.12067633379305,1,1,0,1
844,500,1,1,"L'Ecuyer-CMRG","10407_-2018452060_-1259381599_-1782321833_-922814828_1074397200_-591496888","10407_-803150845_-267620282_525530777_-1328802697_594015987_1392675068",1199427572,1589264699,775701038,550471065,713858949,2040666231,1915636296,84.9439999999995,7.6239999999998,7.26800000000003,2.49699999999939,2.53600000000006,482.950000000001,1,NA,"613a6588e37d","not-a-git-build","bbd3d4119dab4c61438d29ca56ae93a0","confirmatory",613.032999999999,10.6434879055141,9.05380631466734,-6.61405875826476,3.67206058782119,13.2794543601482,23.3208888492032,113.283834794826,81.9714087835102,43.7457732577788,13.4840289606297,6.19233895147204,5.1920821997456,0.384,0.876,0.399,0.983,10.9844655335605,34.0437446696651,11.7298234923965,35.2571182413013,9.80270396561877,10.4213405957504,-5.25074735422165,6.02462949965665,14.6427657641913,25.6734577610387,96.0930050375579,108.604339812635,27.5703477778657,36.2961606081331,5.59177031189354,6.00627632123422,0.45,0.968,0.433,0.953,12.746080298965,39.7015380194483,13.0566841982219,39.4515900020042,8.32059470388779,11.3661847942106,-2.21709985263304,4.95572893358538,17.6764132657799,24.6045571949674,69.2322962263655,129.190156776145,4.91553175654545,24.5592492631753,5.11737809485816,6.61965123180502,0.657,1,0.543,0.989,17.1081339445668,56.2308432375126,18.0717438290306,55.9550610775529,11.8271770601756,10.9344897312667,-6.78720529748721,5.24849417273127,13.1063078209258,24.8973224341133,139.882117212743,119.563065683176,46.0661557502385,27.5466910811941,6.91004817928111,6.27878968358785,0.408,0.947,0.432,0.952,13.1482456210741,49.4113015829497,13.9099534210889,46.98648433888,1.32715214405129,25.6442300194157,12.1769008921801,35.5737653579866,9.66994538665301,16.9336160773792,19.2515918304114,26.9101959507088,24.3170778753644,23.3968644658065,7.26367069072623,7.65860412029732,1,1,0,1,2.73801084857298,26.5338224423121,14.1815772410826,36.6552263406746,10.8911252389921,18.3280944369139,21.5094630124509,29.77854091662,23.7958115937391,22.473649099592,7.43696919792182,8.26907790416915,1,1,0,0,4.88042885835878,32.1861359310788,11.4034325473096,36.7066579890553,12.6040199694557,22.307893705446,20.9097325875092,28.4950571591827,27.30570707272,25.3032254417457,9.70387373599028,7.58532457167353,1,1,1,0,0.243953408759222,25.1354394870849,13.49680142377,35.79382930682,8.74362475706483,17.7772580014208,21.3082854189365,28.7142095460154,24.8914860783257,22.29702788305,9.03363324435593,7.4059241270789,1,1,0,0
845,500,1,1,"L'Ecuyer-CMRG","10407_1001401926_-1287213465_-1090921635_-1675530385_340537097_1241678083","10407_1752667907_246210026_1492843156_-460248186_-1639351648_1223343944",775701038,550471065,713858949,2040666231,1915636296,1306744799,311624743,84.9490000000005,5.9270000000015,5.58400000000074,2.05400000000009,2.003999999999,488.596000000001,1,NA,"613a6588e37d","not-a-git-build","bbd3d4119dab4c61438d29ca56ae93a0","confirmatory",616.085999999999,8.05892787742707,10.0456185868789,-2.89581632345021,-5.01867948148269,17.0887395023662,15.0008257578948,64.9463185335711,100.914452793047,8.3857521791607,25.1871437378554,4.72313239638573,5.82214242213344,0.64,0.999,0.415,0.944,15.2435017396441,45.4358536591606,12.6163639287061,37.0994504213653,8.26251725465083,10.36336175191,0.193662519212268,-4.19644667239372,20.1782183450286,15.8230585669838,68.2691913834027,107.399266800952,0.0375051713476419,17.6101646742443,4.84350351405394,5.9931843171372,0.622,1,0.387,0.937,15.6677774103882,45.8755570564399,12.6985395903194,37.0818952568104,8.12670768894567,9.80021076939986,-0.684997501798755,-2.31971349823805,19.2995583240176,17.6997917411395,66.0433778615686,96.044131124661,0.469221577470535,5.38107071390782,4.98065821388386,5.68637142646589,0.694,1,0.443,1,17.1459281435316,54.3098592073366,14.7387691431494,48.0447897997354,8.30638960301049,10.4775706497328,-0.254948372678985,-5.1058336423081,19.7296074531374,14.9136715970694,68.9961082370008,109.779486720142,0.0649986727316627,26.0695371829252,5.04417521075837,6.06668584778838,0.667,1,0.393,0.949,17.5893162554892,54.3535802350968,12.399344568903,41.0093690114574,6.53853494732895,28.2159801143467,3.83559995094683,26.5803943468213,13.1974659069056,21.0345742170995,10.9586402337173,19.0399208645225,21.6774451670178,22.7447943958745,7.83710831019396,8.08128063080518,1,1,1,0,9.93914606791054,30.7463319216312,3.72724813092867,27.275982830474,16.9033795472866,23.4417709360173,11.8254792421546,20.0800218042953,20.8071858537206,23.5487346995453,6.53839138873072,8.25454256214071,1,1,1,1,9.25675846459736,30.8489199105288,6.00020866415181,29.9686722113207,15.5328951149743,22.7380377956043,13.1642514263881,22.1879936559763,21.5921614459314,23.9684635471689,7.20514268062999,9.02374222958816,1,1,1,1,8.577337867327,33.3160065574546,2.50525980015564,26.8080529355359,15.8307593867171,23.3608706557495,10.9638182775312,18.9278394913594,24.7386686901276,24.3027931353802,7.53011126903242,7.96402121382828,1,1,1,0
846,500,1,1,"L'Ecuyer-CMRG","10407_-261264227_955272866_-157662688_1011711391_256696436_-1700300441","10407_637379759_-250024505_-959173010_1752727437_1298085186_-284285435",713858949,2040666231,1915636296,1306744799,311624743,1852570233,1964963765,84.9490000000005,7.1919999999991,7.32799999999952,2.46600000000035,2.49799999999959,492.481,1,NA,"613a6588e37d","not-a-git-build","bbd3d4119dab4c61438d29ca56ae93a0","confirmatory",621.708999999999,7.24629605688579,9.89886677723341,0.750794124139876,-0.946733889244026,20.5633311306912,18.98663335166,52.5088065440386,97.9875634734154,0.563691816842964,0.89630505704312,4.33184518233166,5.63148855631386,0.673,1,0.461,0.963,15.0695847893946,43.9295772804093,13.2039241470301,39.1669315340067,7.5264239220917,9.65208706692817,-0.972916736985887,-2.91459700713091,18.8396202695654,17.0187702337731,56.6470570550342,93.162784747562,0.946566977107266,8.49487571397647,4.54572536867369,5.47466834721689,0.687,1,0.477,0.961,15.8854524699078,46.7231119320212,13.1860170683586,39.9224881662508,11.5118524452823,10.1490232126229,0.916557603045522,0.113856751485866,20.7290946095969,20.0472239923899,132.522746721953,103.002672170358,0.840077839700553,0.0129633598589142,6.72119833994909,5.79744434313617,0.627,0.991,0.475,0.975,21.0245957715257,60.8315092763593,14.0264954596411,48.1591545901461,13.7316073364513,14.7310766381428,1.30134100462652,2.16938129080269,21.1138780111779,22.1027485317067,188.557040042482,217.004618918837,1.69348841032237,4.70621518488475,7.84271142021143,8.32135698892036,0.556,0.988,0.438,0.944,21.8770940595292,64.1427300556641,18.3889615526339,57.0691555744852,10.3731572419736,29.5244998385326,8.27913731289307,29.1865157448268,16.7921625801555,24.30350596645,15.3035748019286,22.4083417755531,19.151342596559,20.9073784319337,7.51134338629451,7.10476697362456,1,1,1,1,9.0636794145708,29.5196677969643,7.53303725263189,27.024662493799,15.2038490727664,22.3563715366366,13.6122460987695,20.5041340089132,20.4559883823935,19.4916252411671,7.15252246387016,6.89188791014374,1,1,1,1,8.19296545792111,31.1727082353932,8.61088517393447,30.3732426756336,17.1654240209315,24.5071737523355,16.0895866463724,24.3260176179708,22.9797427774721,21.7623575016991,7.34174973140403,8.23643097159834,1,1,1,1,9.97711968693423,32.8767106378091,10.1849485669663,32.820974389082,17.1152687302043,25.1181288764616,18.2893394836622,26.0726900489449,22.8995909508749,22.6360258221156,8.00286014625727,7.78335056528265,1,1,1,1
847,500,1,1,"L'Ecuyer-CMRG","10407_487776174_-193341434_1767968655_1848510553_1728627498_-1400945250","10407_-753236774_795839427_489666349_337692381_-1655816823_-385313085",1915636296,1306744799,311624743,1852570233,1964963765,615545761,772930394,84.259,5.11299999999937,6.72299999999996,1.98799999999937,1.96999999999935,495.942000000001,1,NA,"613a6588e37d","not-a-git-build","bbd3d4119dab4c61438d29ca56ae93a0","confirmatory",619.841,8.51615208778859,11.3319965761292,2.32752592659353,-7.38330404795554,22.3265996359099,12.6809099942825,72.5248463823459,128.414146401404,5.41737693896507,54.5131786645567,4.85715985158424,6.53289460995373,0.508,0.985,0.433,0.925,12.5407557420349,36.9769712100166,13.0778274684221,39.4955865990779,8.8809353844473,10.4632765508221,4.4852180258525,-6.45192068375789,24.4842917351689,13.6122933584802,78.8710133027281,109.480156178984,20.1171807394322,41.6272805095028,5.08281085252014,5.96052321164861,0.544,0.997,0.463,0.982,14.214889700049,41.0464155025078,14.2095681868729,42.7150408844181,8.73728268550229,10.3857426516807,3.39343452313542,-6.44611123379857,23.3925082324518,13.6181028084395,76.3401087263781,107.86365042694,11.5153978628073,41.5523500385041,5.21763794771775,6.02034273020537,0.61,1,0.479,0.996,16.4970910023553,53.0978860904443,15.4883424257621,50.2405580761159,9.82322263451095,10.2999117385969,5.58209517317573,-5.83519453725155,25.5811688824921,14.2290195049865,96.4957029271683,106.088181822885,31.1597865223918,34.0494952875703,5.67657104225842,5.92434358157068,0.474,0.973,0.392,0.971,12.7500684490618,44.7170972611569,11.971272092868,43.3367683525149,10.451705026163,33.8213340053531,0.24776497378314,24.6171271845024,18.0545481268311,27.0101950979357,7.93806425860268,17.0012702296278,23.3696289791901,24.3693622107193,8.95564697110461,9.06320597102515,1,1,1,0,11.0732128753338,36.0475011257123,3.14564748464094,26.3530278340259,20.0338097812503,28.9786366219726,9.40998549413912,17.399697041082,24.9742882503785,23.207380349385,8.94482684072226,7.98971154694293,1,1,0,0,10.8727985681856,35.632703872821,1.7187926193456,26.2830981815824,19.0677830977435,27.4027781790254,9.20610547673155,17.5010784645028,24.7599053046354,24.5643055622368,8.33499508128198,8.29497298777128,1,1,1,0,12.4893862664476,38.3949734192994,1.78470229336673,25.7985139193835,21.2540840962199,30.127762122485,10.0330244184657,18.0533576643298,25.9055871528518,24.0138116260167,8.87367802626513,8.02033324586411,1,1,0,0
848,500,1,1,"L'Ecuyer-CMRG","10407_311638012_-2073221161_-1770141324_-547309028_-1123668558_823983830","10407_-2048458523_1363912710_-1316267083_184183994_1298914282_-849535264",311624743,1852570233,1964963765,615545761,772930394,1286497446,972941966,83.75,6.60400000000118,6.07099999999991,3.02400000000125,2.45899999999892,476.731,1,NA,"613a6588e37d","not-a-git-build","bbd3d4119dab4c61438d29ca56ae93a0","confirmatory",604.541999999999,9.02790641833509,10.3210994573998,6.29409384213569,-7.25758060507535,26.2660193619943,12.5304591867653,81.5030942982159,106.525094009538,39.6156172936104,52.6724762391658,5.1466036604003,5.90995801674735,0.483,0.995,0.401,0.945,12.5459213737428,37.6222432965715,11.9773703017176,36.6986890928159,9.29904033093167,12.1228772355682,5.69957012559892,-9.74719402434688,25.6714956454575,10.0408457674938,86.4721510762937,146.964152468657,32.4850996166197,95.0077913482634,5.28306839610831,7.04646325233878,0.506,0.999,0.329,0.97,13.9466690301513,41.610152748365,13.4782176809834,40.5340978656711,7.40578220328428,11.3919609487784,4.17020285199249,-8.94027100665546,24.1421283718511,10.8477687851852,54.8456100424822,129.776774258493,17.3905918267663,79.9284456724443,4.68597654582975,6.5994511611899,0.711,1,0.451,0.983,16.119262542544,52.8382568494216,16.4869528222993,53.3807131945179,7.05138473336403,10.2072566271106,3.39713993963107,-7.55783908801917,23.3690654594897,12.2302007038215,49.7220266579193,104.188087851693,11.5405597694366,57.1209316803905,4.3349569594296,5.95398307442668,0.681,1,0.578,0.997,14.4759941076323,47.2138403491303,17.4692634544313,54.0650350354676,15.1939379983195,38.8475240813896,1.05976892326936,23.2049170859417,22.1320892709814,30.3886290570165,8.56189113598113,16.734766002963,23.6535860830701,22.1451481626723,8.25653978603509,8.17287486698186,1,1,0,0,12.9690886436891,37.2760071302565,-1.7297523479253,21.7068053496266,21.4961576549948,30.0023923258529,6.41642909979048,14.0273726524547,24.3069184865673,23.4365576975519,8.50623467085816,7.61094355266421,1,1,0,0,12.0733069912641,37.1534244328373,-1.6742289065166,23.1669772319648,20.1408047032259,28.5370735566392,6.41570545171978,15.3014461305311,25.0801174415731,24.8412061384814,8.39626885341325,8.88574067881133,1,1,0,0,11.8743659758122,35.3381637937994,-0.733958669934889,24.8230928737645,18.8393973393962,27.5552313878395,7.75815185238562,16.732588357282,23.4637978179871,25.5570515436994,8.71583404844336,8.97443650489635,1,1,1,0
849,500,1,1,"L'Ecuyer-CMRG","10407_-1803269913_-1242383130_-1997236424_1808022371_-1648094744_-372899747","10407_2073350595_-1716537646_-2055739294_1108014052_2030169793_1255592477",1964963765,615545761,772930394,1286497446,972941966,1741966393,219111090,83.9639999999999,6.86000000000058,5.18399999999929,2.67300000000068,1.98799999999937,482.387999999999,1,NA,"613a6588e37d","not-a-git-build","bbd3d4119dab4c61438d29ca56ae93a0","confirmatory",607.466,12.8010838194597,11.9332785676462,10.2547999280665,9.05208844334976,30.161497565648,29.0886043618415,163.867746952833,142.403137373044,105.160921564672,81.9403051862263,7.62187044602889,7.01345014600455,0.321,0.87,0.365,0.858,12.7127556275949,38.849243865069,12.5836439294439,38.2533001017212,14.2852209740625,12.2400526685579,11.6369600492178,8.46341336524927,31.5436576867993,28.499929283741,204.067538277796,149.818889329071,135.418839187091,71.62936579108,8.7081253847219,7.05035650450522,0.278,0.765,0.403,0.893,12.6523657541051,37.8651754182994,13.6023205499311,41.6039931560382,14.5456126558427,13.652828331457,10.2172665047547,8.94604195345928,30.1239641423362,28.982557871951,211.574847533812,186.399721448236,104.392534829183,80.0316666330535,8.54043905315193,7.78546661598258,0.379,0.961,0.455,0.959,18.7523583355621,56.6027172410742,17.4000086866998,56.3752875276147,16.3569936141793,13.3150123463116,10.82785893766,10.1218828271368,30.7345565752415,30.1583987456285,267.551240094301,177.28955378243,117.242529173863,102.452511966286,9.66985621643668,7.64920423777913,0.383,0.881,0.434,0.932,18.4793789974338,59.5351610615241,16.3393288349236,52.7706488387976,19.3493403365361,41.1586637616064,17.9717704087385,41.0342575207025,25.9866338932501,34.009913067342,24.9410517757083,33.0160747986683,21.8093234250703,23.062487111964,8.02327917409192,8.07502302296001,1,1,0,0,21.1407376379574,42.0585907481323,18.5624834051513,38.6216772818157,27.7773233834878,35.1272976207595,25.0288245901835,32.293897167243,20.9178531101749,20.0591938766644,7.34997423727164,7.26507257705955,0,1,0,0,18.6016360551594,41.3048179282751,17.3834570575492,38.7592813610086,26.4867913476762,34.0779924556561,25.7343321177395,32.6397063519915,22.7031818731158,21.3758243034594,7.59120110797992,6.90537423425203,1,1,0,0,18.9440147517026,41.6274947535445,19.2041321796332,40.877912213141,26.75495058002,34.4541479363161,26.6044675523624,34.0479398047774,22.683480001842,21.6737800335078,7.69919735629606,7.44347225241502,1,1,0,0
850,500,1,1,"L'Ecuyer-CMRG","10407_1602843888_-1946692427_991318525_-1027439195_-1404900568_1447372861","10407_915831151_1056081913_559393556_-278703839_347587013_1015377386",772930394,1286497446,972941966,1741966393,219111090,1889968521,2122496133,85.2649999999994,6.28700000000026,7.52999999999884,2.46500000000015,2.91899999999987,490.130000000001,1,NA,"613a6588e37d","not-a-git-build","bbd3d4119dab4c61438d29ca56ae93a0","confirmatory",620.239,8.71891544310703,10.9063755666316,-6.37342268168789,2.71617586835638,13.1870884730835,22.2221737750253,76.0194865040503,118.949028000418,40.6205166794536,7.37761134784156,5.11497749760859,6.03506345128816,0.629,0.998,0.497,0.991,16.8032973030601,47.7626573280612,15.2636890606682,44.4710730683673,8.47024491257287,13.0413717305158,-4.75354395902779,3.66469468692254,14.8069671957436,23.1706925935915,71.7450488789665,170.077376613496,22.5961801704096,13.4299871483583,4.91298747802862,7.17978333410033,0.643,0.996,0.466,0.977,15.7670534659641,46.416063484311,17.3249518038818,48.6235688997468,11.981694415917,14.2321169944853,-7.09698913783379,5.24677046808322,12.4635220169376,24.7527683747522,143.561001076416,202.553154144716,50.3672548225308,27.5286003447502,6.94456625305754,7.61348960400556,0.555,0.998,0.509,1,20.0854986662179,61.2694664452376,20.0203714732076,60.0159951769361,12.4719814306263,16.2416129783337,-4.23985651937916,3.38652746748811,15.3206546353922,22.8925253741571,155.550320805888,263.789992137978,17.976383304922,11.4685682880514,7.36980433923461,8.73480380197563,0.438,0.994,0.444,0.959,20.1361919208472,61.3686905158284,19.7230656469188,59.9298521997164,0.418843522790251,24.6671886759778,11.2384150264377,31.9793163203154,8.87022845742096,17.7142754044204,18.6017361515473,25.822834763078,24.2483451531876,20.7409012938777,8.84404694699944,7.22109861153063,1,1,0,1,3.88622673963553,25.7211713070195,12.3224823282523,34.4294467637101,10.790864483868,18.551828281717,19.6130496124457,26.7150158658452,21.834944567384,22.1069644354578,7.76096379784902,7.10196625339952,1,1,0,0,0.208719186381583,24.3154419732894,12.5653432641762,36.1904478911147,7.81195827822886,16.6057727468485,20.7157405040425,28.8955674774097,24.1067227869078,23.6251046269384,8.79381446861967,8.17982697336725,1,1,0,0,2.99520101936473,27.0721477864204,12.497487530857,33.6248678755624,11.6842151331402,19.066439795698,19.3550342527212,26.1450684407504,24.0769467670557,21.1273803447054,7.38222466255785,6.79003418802926,1,1,0,1
851,500,1,1,"L'Ecuyer-CMRG","10407_1156816525_1468156228_1324243524_184298172_713957944_1255621624","10407_-1056918280_-1977258124_564329002_-649046484_123491764_1015181528",972941966,1741966393,219111090,1889968521,2122496133,1088358267,1025191473,86.277,5.375,6.13899999999921,2.03499999999985,3.07700000000114,489.239,1,NA,"613a6588e37d","not-a-git-build","bbd3d4119dab4c61438d29ca56ae93a0","confirmatory",616.154,11.2156819784417,7.10420441295648,-9.43213852180985,-2.0750861663189,10.322913059065,17.8012463510166,125.791522241541,50.4697203410703,88.9652370946093,4.30598259764806,6.60295317693963,4.20380105515314,0.342,0.979,0.589,0.999,12.8099771648694,39.3706917835009,13.3464345338765,40.6803829309442,12.2036242135853,9.02737554702511,-10.4153048775028,-1.09271537996331,9.33974670337207,18.7836171373722,148.928443946406,81.4935092670268,108.478575691334,1.19402690160837,7.23785059252514,5.18808412179312,0.29,0.965,0.541,0.992,13.4779643696093,42.3362604499493,14.8989080594214,44.1359825439531,11.5145973705332,11.6086850000508,-9.77819878227833,-0.923611821512925,9.97685279859656,18.9527206958225,132.585952605491,134.761567430405,95.6131714257495,0.853058796838422,6.71949323767082,6.7474010620926,0.401,0.998,0.543,0.995,16.1230824307583,50.937553810036,19.4192419297226,59.6925251190375,11.5974661497662,8.57142653559445,-9.69393196065176,-1.36463859720375,10.0611196202231,18.5116939201317,134.501221094974,73.4693528550927,93.9723168577457,1.86223850097823,6.84497641978527,5.10059191168345,0.373,0.974,0.61,0.999,14.0609543524628,48.1424441552037,16.1427132141086,50.3174899951888,-0.329778405886735,23.1082839144103,5.22069039104284,30.2835819985526,5.97392914444719,13.943109616697,13.8377657252936,21.9549141391958,23.438062320297,25.0628916075097,7.9691804722498,8.11714841390219,1,1,0,1,-1.43956650758668,22.8853049922665,7.42784117167561,31.8434584986116,4.85105810668301,12.9211346761799,15.0252749383698,22.3174623482557,24.3248714998532,24.415617326936,8.07007656949693,7.29218740988594,1,1,0,1,-1.72437298317606,21.7707785069546,6.5840469411162,29.3154800383456,6.1229104690963,14.0522626392788,14.9063788795477,23.0525661490111,23.4951514901307,22.7314330972294,7.9293521701825,8.14618726946334,1,1,0,1,-2.93815164987871,21.6986260893638,7.26827365373226,30.8649420431191,5.87759901421889,14.2414699789574,14.0213996880983,22.820834532617,24.6367777392425,23.5966683893868,8.36387096473849,8.79943484451862,1,1,0,1
852,500,1,1,"L'Ecuyer-CMRG","10407_-821068621_684280752_-212019105_179180849_348488286_1348000867","10407_1939319070_1160971192_-346068000_-521146294_2032598208_1650586059",219111090,1889968521,2122496133,1088358267,1025191473,1343120261,1632069580,87.4250000000011,7.79700000000048,6.24799999999959,2.83899999999994,2.53300000000127,475.924999999999,1,NA,"613a6588e37d","not-a-git-build","bbd3d4119dab4c61438d29ca56ae93a0","confirmatory",608.411999999998,14.4202191772874,8.29963493535517,-12.093283261521,2.92024488638386,8.05757086257932,23.2222322187371,207.942721121008,68.883940060168,146.247500043384,8.52783019645106,8.9057571405712,4.7848276551128,0.223,0.768,0.585,0.975,12.2743606605842,36.970285985636,13.5917716643775,39.4787402925821,16.239340389255,7.5827006597032,-14.1965595421986,1.16788337341455,5.95429458190176,21.4698707057678,263.71617627809,57.4973492946634,201.54230283519,1.36395157389814,9.97688472442522,4.4253136993143,0.219,0.84,0.598,1,15.2565398025231,45.2363653812355,13.3662014263627,41.6242234950037,16.8088626065342,10.0194916750722,-14.0453472720197,-0.672049187323339,6.10550685208067,19.6299381450299,282.537862125344,100.390213426841,197.27177999163,0.45165011018196,9.95962689633468,6.13843564692986,0.302,0.898,0.716,1,17.498144405236,56.6115747929723,21.6293487653388,65.7969707685408,16.5902658279503,10.6179422369027,-13.4457058448421,2.36314558098989,6.7051482792582,22.6651329133431,275.236920242055,112.740697346202,180.787005666022,5.58445703695203,9.7306486444882,6.15083270991479,0.319,0.889,0.534,0.983,17.6658164304861,55.5249550091189,16.5395535197434,53.5267418284128,-3.69441390721988,18.4850682241839,11.6345667754811,35.6019441591821,4.13120938342708,12.1786057996216,18.9934661734727,27.2921077211784,22.1794821314037,23.967377383701,8.04739641619457,8.29864154770566,0,1,0,1,-6.44697813386731,20.3728738525198,9.77659958035218,32.6887496346456,1.3648456640203,10.5293815258625,17.973599252164,25.1727121275133,26.8198519863871,22.9121500542934,9.16453586184222,7.19911287534932,1,1,0,1,-7.85370468164417,19.0871471147462,7.02029044657692,31.8698037726561,1.5475877213919,10.9729451319862,15.3724166286751,24.4094024852598,26.9408517963904,24.8495133260792,9.42535741059428,9.03698585658475,0,1,0,1,-7.91582336378063,19.2655719406815,10.4257045352723,34.3062508643394,2.28743708369716,11.5094235138284,18.6195774971477,26.5102637803617,27.1813953044622,23.8805463290671,9.22198643013123,7.89068628321397,0,1,0,1
853,500,1,1,"L'Ecuyer-CMRG","10407_1775308424_-785522779_1714746625_-1688024124_-1288585235_1630113504","10407_-2120476347_2080505830_-2098325928_-560778237_-1805351958_-531160327",2122496133,1088358267,1025191473,1343120261,1632069580,2037860360,209945730,86.6599999999999,7.32999999999993,5.29799999999886,3.16100000000006,2.02800000000025,486.68,1,NA,"613a6588e37d","not-a-git-build","bbd3d4119dab4c61438d29ca56ae93a0","confirmatory",616.005999999999,6.45349476271335,8.74694413640487,-1.44007046272457,-3.72110932112586,18.9396119514891,16.5373843551288,41.6475946523686,76.5090317253876,2.07380293761176,13.8466545797697,3.82450774656334,4.96341646572618,0.64,1,0.43,0.998,12.5390242148451,38.0672793928747,12.1104111306143,35.0238715535222,6.21370106495031,7.89466217521357,1.00706264554339,-1.5391217497675,21.386745059757,18.7193719264872,38.6100809245646,62.3256908607478,1.01417517204886,2.36889576060738,4.02126789887821,4.51195749265498,0.786,1,0.496,1,15.9601206615643,46.985040143542,12.1922929342106,35.8596037915281,6.35335104293423,10.79211464571,-0.326398245906169,-2.12774012683752,20.0532841683075,18.1307535494172,40.3650694747535,116.469738526148,0.106535814930624,4.52727804735453,4.25466624464337,6.16531213175795,0.811,1,0.515,1,16.7274017207555,52.7451756601016,16.06020460869,51.8163866300427,6.78496184595749,11.3751716588753,-1.00852030465455,-0.78647973096124,19.3711621095591,19.4720139452934,46.0357072510988,129.394530268879,1.01711320490051,0.618550367212864,4.26046515150857,6.46495250909701,0.726,1,0.451,0.964,15.2247423244994,48.3316008134875,14.4788813467809,47.0214318113774,7.04017936917539,28.8083670720969,6.54864761341036,26.9975008874401,15.2540341724416,22.513544151816,12.5673811902374,20.2056802738255,21.7681877029215,20.4488532740298,7.2595099793744,7.63829908358809,1,1,1,0,11.1143972195015,31.9705505871331,7.83618392372283,29.8953409604858,17.6937949186206,25.0862413700331,15.2404710580406,22.295664643211,20.8561533676316,22.059157036763,7.39244645141244,7.05519358517036,1,1,1,1,9.29463829298,31.3661770818566,4.46578661152249,31.1508098588412,16.3946848884185,24.1327042529376,14.3257620539682,22.3494166094781,22.0715387888766,26.6850232473187,7.73801936451905,8.02365455550989,1,1,1,1,7.81809766958084,30.3825376946532,7.77529603212739,31.583787314143,15.4275768582993,23.1202161251632,15.1728446611348,23.4955487475832,22.5644400250723,23.8084912820156,7.69263926686389,8.32270408644831,1,1,1,1
854,500,1,1,"L'Ecuyer-CMRG","10407_-118870947_-1717937587_-1854278397_23144717_1961304324_-583314531","10407_-1123904998_-1583219943_-1553379930_1985052402_-1394020216_1801561745",1025191473,1343120261,1632069580,2037860360,209945730,1710326498,1662539806,80.4909999999982,7.68199999999706,6.15000000000146,2.98500000000058,2.5010000000002,482.419000000002,1,NA,"613a6588e37d","not-a-git-build","bbd3d4119dab4c61438d29ca56ae93a0","confirmatory",606.081,9.05106724041071,6.12518171762322,-0.600100221136696,-4.52807448413628,19.7145473862584,15.7988217960757,81.921818190436,37.5178510739058,0.360120275408311,20.503458533886,5.16228183318745,3.88381980844158,0.496,0.975,0.751,1,12.8733210475952,39.8273507284252,14.9096360272391,43.5343914172043,10.5253230809111,5.77000473993223,0.366528438097902,-3.65857706250611,20.681176045493,16.6683192177059,110.782425957561,33.2929546988404,0.134343095934487,13.3851861222958,6.01364377543766,3.8501929251978,0.508,0.967,0.805,1,15.3890321140378,45.3285356965365,15.6471840795077,46.177215761763,9.57031012256537,8.93007628936595,-0.246049018708831,-2.875386309953,20.0685985886863,17.451509970259,91.5908358420771,79.7462625338959,0.0605401196075787,8.26784643146513,5.59190971953004,5.6275301668436,0.599,0.999,0.825,1,16.8529431798096,53.5903982860388,22.8989699710394,66.2290556840052,9.88791584260199,8.30197351798305,-0.917459730524637,-2.42064698117417,19.3971878768705,17.9062492990378,97.7708797103795,68.9227642932918,0.84173235713434,5.85953180746764,5.82086262644745,5.34577937710891,0.603,0.998,0.816,1,17.7049364684353,56.4398127096854,21.290908832856,63.6113654340757,8.996690672505,30.8893459097934,3.88224416860422,29.0525463012212,15.3721788898184,23.5541293824558,11.0902488244393,20.3149775568626,21.8926552372884,25.1703021326169,8.18195049263739,9.22472873242335,1,1,1,0,10.3058453206689,32.4552064552432,5.991697369949,29.8677384991397,16.4896383343595,25.0667628575513,12.730138989386,20.8014395114487,22.1493611345743,23.8760411291907,8.57712452319186,8.07130052206262,1,1,1,1,7.09219430146963,31.5437221711753,5.27381905647172,30.0676187113266,16.183624797603,24.269434278459,13.0693397736535,21.7983538226689,24.4515278697057,24.7937996548549,8.085809480856,8.72901404901541,1,1,1,1,7.04597773844908,30.8313410439692,5.66031585294515,32.0042732476611,15.2089887343654,23.5883659892526,13.1073484259445,21.9611406584628,23.7853633055201,26.343957394716,8.37937725488717,8.85379223251823,1,1,1,1
855,500,1,1,"L'Ecuyer-CMRG","10407_-467884194_-1134373882_-1001472738_-1135918760_954686181_-1444720389","10407_-1562415900_1584126493_1775852582_54952043_-1379686280_-60990916",1632069580,2037860360,209945730,1710326498,1662539806,1286018508,1347878676,82.3429999999989,5.12299999999959,5.79000000000087,1.96700000000055,3.33600000000297,488.284,1,NA,"613a6588e37d","not-a-git-build","bbd3d4119dab4c61438d29ca56ae93a0","confirmatory",611.329000000002,7.89614829464208,7.99411925502977,2.50014786664143,1.74882854664486,22.3140508780118,21.4295339925931,62.3491578909791,63.9059426636378,6.25073935507168,3.05840128555997,4.47211334173546,4.59419007231851,0.502,0.992,0.524,0.991,10.8837675901269,34.9044801199944,12.5234242838588,38.7523560845578,8.64747050119564,8.477394869994,4.67153620374939,2.76135992290052,24.4854392151198,22.4420653688488,74.7787460690488,71.8662237818005,21.8232505029413,7.62510862380117,4.91607694551741,4.89422767869017,0.524,0.984,0.594,0.986,12.7678874071554,39.0138749495046,14.3762808925827,42.2475829505736,8.82369447996504,9.52247004171035,3.5406052937425,1.13483366281011,23.3545083051129,20.8155391087583,77.8575842757655,90.6774356952712,12.5358858460774,1.287847442247,5.03822115846469,5.6080760745751,0.509,0.998,0.568,1,12.9152907318641,42.8732758665209,16.4626983590642,54.951847325495,8.72911638516598,9.82109972888273,4.06429649130677,2.42728123483662,23.8781995026772,22.1079866807848,76.1974728657732,96.4539998846604,16.5185059692485,5.89169419298997,5.12164409082661,5.68568855598841,0.583,0.997,0.488,0.991,14.904248112662,48.3504064663966,14.74722628497,50.2711412419272,12.1013365165006,33.6077391383596,7.75108683211172,35.5721955944767,18.7743199424438,25.9214520271822,17.4547100810444,25.2753235461325,21.506402621859,27.821108762365,7.14713208473838,7.82061346508813,1,1,1,1,13.7150809559917,35.9543665466387,10.1450596572658,34.2328441884401,20.1438707300841,28.517611308111,18.2902351966635,27.0580475668455,22.239285590647,24.0877845311743,8.37374057802683,8.76781237018199,1,1,0,1,11.8908479221321,35.821377798704,8.65887964787123,32.3707411234077,19.1570610614384,27.1310594920291,16.3860402460338,25.4586784193095,23.9305298765719,23.7118614755365,7.97399843059071,9.07263817327569,1,1,1,1,12.4908648050115,35.9440825887259,10.4020276925532,34.2376227416849,19.6427601912324,28.1245264427106,17.7025791245904,26.477757647888,23.4532177837144,23.8355950491317,8.48176625147817,8.77517852329756,1,1,1,1
856,500,1,1,"L'Ecuyer-CMRG","10407_261239392_-1156865012_2058070518_-864484826_-2067687308_-1856073083","10407_-1463409479_1396619367_-200724841_2076235350_1913496664_-1503106353",209945730,1710326498,1662539806,1286018508,1347878676,1918544540,118404411,79.5190000000002,6.23300000000017,7.38000000000102,2.5679999999993,3.95800000000236,483.209000000003,1,NA,"613a6588e37d","not-a-git-build","bbd3d4119dab4c61438d29ca56ae93a0","confirmatory",607.977000000003,9.2823156485293,7.11566291177197,-3.80771763894094,0.294700636654444,16.0516775984505,20.2281694100967,86.1613837989319,50.6326586739671,14.4987136179019,0.0868484652445344,5.25061042827413,4.11208135260125,0.493,0.974,0.568,0.996,12.8959313978066,39.5301276630437,12.4893457312415,36.5075697450627,8.44318894704898,6.65408048372048,-2.93480989479803,1.6720304433478,16.9245853425934,21.60549921679,71.28743959557,44.2767870838298,8.61310911860444,2.79568580348183,4.83808514543526,4.0611847060139,0.559,0.994,0.711,0.999,13.4885821763653,41.5649272455516,14.4465681460193,43.1992572086136,10.1381326723732,7.52294465188426,-4.50316227822743,1.59053403348802,15.356232959164,21.5240028069302,102.781734082642,56.594696235314,20.2784705040505,2.52979851168368,5.8362861165924,4.6576538323271,0.555,0.993,0.712,1,16.1213115580525,53.6436238348501,16.4075601477085,52.4254032018597,11.0875918606614,7.1202742540103,-3.41040455741206,-0.521894612474249,16.4489906799793,19.411574160968,122.934693268606,50.6983054523219,11.630859245217,0.272373986529646,6.39287616162011,4.56577065101361,0.567,0.989,0.748,1,17.8518384956844,56.6838364804894,16.8734738852477,53.9237320865595,2.76393911136155,29.3038926599211,10.387622226773,30.2188822504404,11.6626253654268,20.2623430741517,16.727018555629,23.6512122290575,26.5399535485596,19.8312600236674,8.59971770872494,6.92419367342851,1,1,1,1,3.68908199610526,29.0928512236412,9.87999797900044,32.9138287298299,12.97902656704,21.441916727886,17.4752957473417,25.6762783438509,25.4037692275359,23.0338307508295,8.462890160846,8.20098259650922,1,1,1,1,3.05350675442627,26.8201381298377,10.1142529145436,32.5812280702329,11.2808400979234,19.4650902719418,17.5667194614248,25.5366000868317,23.7666313754115,22.4669751556893,8.18425017401832,7.96988062540688,1,1,0,1,3.1021474941549,29.0963748822739,8.86516707446275,31.5397877677931,12.3797441163504,20.6699700832334,15.6700657133349,22.8258361296951,25.994227388119,22.6746206933303,8.29022596688298,7.15577041636017,1,1,1,1
857,500,1,1,"L'Ecuyer-CMRG","10407_-804476456_654943183_-1862098592_2007005929_-1922010495_1460230519","10407_1630328625_-96417556_-1141747620_1050888777_-1778616694_-957018942",1662539806,1286018508,1347878676,1918544540,118404411,1050078477,1823707658,82.3319999999985,5.24699999999939,6.74699999999939,1.99599999999919,2.23699999999735,485.792000000001,1,NA,"613a6588e37d","not-a-git-build","bbd3d4119dab4c61438d29ca56ae93a0","confirmatory",609.75,12.2693152419886,10.1861269446069,-10.3072703228114,7.06680824492303,9.85003603633342,27.1011950295116,150.536096507294,103.757182131647,106.239821507508,49.9397787705122,7.32513374752879,5.87169473684634,0.278,0.85,0.41,0.968,12.5674743879207,37.6959091093762,11.8713146791193,37.816275799913,10.561121206119,9.30410530846671,-8.72807833100343,6.992798328906,11.4292280281414,27.0271851134946,111.537281130336,86.5663755910385,76.1793513521316,48.8992284687505,6.09531754597823,5.37711825326225,0.402,0.996,0.526,0.989,14.6564831587749,43.5392135559234,14.0149037304134,42.060620825836,11.2183509414456,8.84150321171591,-8.89612518523935,7.4773623517982,11.2611811739054,27.5117491363868,125.851397845434,78.1721790427827,79.1410433114498,55.9109477400891,6.52227714794609,5.31740571827132,0.435,0.994,0.577,1,15.933115654666,55.2535596149584,17.4753780659543,52.933568809011,10.4509283629761,9.53614485159949,-9.02222010817049,7.3643505854115,11.1350862509743,27.3987373700001,109.221903648058,90.9380586306875,81.4004556802759,54.2336595448508,6.12993035160902,5.74283340745655,0.437,1,0.581,1,17.0954253199773,59.1872274728532,17.1963854954868,56.6269334089945,-4.61728843198903,20.9247397836554,15.2541004120575,38.4169969474469,6.07609022477368,14.0480061123554,23.5203532097806,31.3936386202392,25.5420282156444,23.1628965353894,7.97191588758171,7.87328541045867,1,1,0,0,-0.18542235705034,22.9536105190572,14.9929711478776,38.17119014988,6.88931945752052,16.0566379367154,23.3666814668825,30.9543514206544,23.1390328761076,23.1782190020024,9.16731847919492,7.58766995377192,1,1,0,0,-1.8740304371547,21.93778235052,15.9302652145835,39.2382819490384,7.25715964228978,15.4072287275503,23.1078506280314,31.8754893281453,23.8118127876747,23.3080167344549,8.15006908526048,8.76763870011393,1,1,0,0,-1.00433596146702,23.0914532242108,14.7092354978514,38.7246139361165,6.73372004962011,15.4544761384991,23.2258433879694,31.6912400521343,24.0957891856778,24.0153784382651,8.72075608887896,8.46539666416491,1,1,0,0
858,500,1,1,"L'Ecuyer-CMRG","10407_1672405247_331069942_-1818760390_-1771654087_1709983460_571059537","10407_-1010835965_1261355009_-1365012713_1527448329_-552267966_-1678593303",1347878676,1918544540,118404411,1050078477,1823707658,1610338995,297513894,81.5880000000034,7.67399999999907,7.01900000000023,2.57500000000073,2.4910000000018,477.508999999998,1,NA,"613a6588e37d","not-a-git-build","bbd3d4119dab4c61438d29ca56ae93a0","confirmatory",602.195,7.49988272018373,6.74641717807007,-2.78361428259615,4.02649688950044,16.9116624677015,23.6044878562173,56.2482408165105,45.5141447405589,7.7485084742733,16.2126772011567,4.47717827364327,4.038652425524,0.652,0.998,0.576,1,14.9749066356267,43.3392849104277,13.5343482430767,40.6478397790675,8.55325885919636,6.78106230559497,-1.59466400220153,3.68251116793264,18.1006127480961,23.2605021346494,73.158237112421,45.9828059923609,2.54295327991739,13.5608885019486,5.07966632975058,4.11742252919526,0.655,0.998,0.649,1,17.1296841434003,48.4780926396253,14.3490441238141,42.7236965036667,9.66728140440806,9.69711488620418,-2.70375436129445,-0.347432514609736,16.9915223890032,19.2305584521071,93.456329752014,94.0340371162427,7.31028764621874,0.120709352208044,5.88467968451881,5.758356511447,0.715,0.999,0.676,1,21.2429511445001,62.7048959627003,21.0196234086537,59.8022016783864,6.61862982888705,9.94399611419098,-1.81059475238633,1.32928613977211,17.8846819979113,20.9072771064889,43.8062608118334,98.8830587190453,3.27825335736891,1.76700164139023,4.65972531423329,5.80241201795257,0.865,1,0.617,1,19.1296839863356,59.7173735685603,19.909282788726,57.4631714617949,7.01838883852422,27.2059867785862,11.5487738996584,35.0388563512587,13.4882915817522,20.2263325307879,19.9132985754181,27.219592822786,20.187597940062,23.4900824516004,6.7380409490357,7.3062942473679,1,1,1,0,7.03372017212918,30.7144969133896,12.9157298657003,33.4245959811797,13.5612747355399,22.360225548384,19.8063108343425,26.7800029125058,23.6807767412604,20.5088661154794,8.79895081284407,6.97369207816324,1,1,1,0,4.34184984977444,28.862025614435,5.41246905209165,32.2846472224672,12.9434004794645,21.5567815204704,14.7576532145387,23.7294650802645,24.5201757646606,26.8721781703755,8.61338104100596,8.97181186572586,1,1,1,1,5.48281284999194,30.5905248450379,8.30096152034647,32.7776901663978,13.2648759646027,22.6928656197648,16.539102092295,25.3540083730924,25.1077119950459,24.4767286460513,9.42798965516217,8.81490628079743,1,1,1,1
859,500,1,1,"L'Ecuyer-CMRG","10407_-255727111_1701536875_-1660395399_176648757_2093863514_292502672","10407_1457878126_1932796251_-1576079403_-1316580740_-1527530308_-1829995588",118404411,1050078477,1823707658,1610338995,297513894,1094934066,693620337,82.7609999999986,5.23999999999796,6.29400000000169,2.00400000000081,1.98099999999977,485.498,1,NA,"613a6588e37d","not-a-git-build","bbd3d4119dab4c61438d29ca56ae93a0","confirmatory",608.329000000002,7.64306858051631,7.59215139351742,-0.626085077257926,0.194017266782947,19.2093061309459,19.9824684623326,58.4164973264756,57.6407627820885,0.391982523965063,0.037642699809925,4.38098574781478,4.39149111197435,0.5,0.997,0.48,1,11.6933074438968,36.4374566710852,12.1381517085949,39.0031200167983,8.04836331280227,8.35543162575036,-0.309680355548188,-1.28676644887784,19.5257108526556,18.5016847466718,64.7761520148616,69.8132376525893,0.0959019226124524,1.65576789395769,4.60462437826085,4.86172272646841,0.474,0.99,0.554,1,11.3298466775608,36.5365946732154,14.5499888516852,44.4335057058686,8.66923288853633,10.091657869077,-1.25676017267697,-0.6711177399707,18.5786310355269,19.117333455579,75.15559887568,101.841558546504,1.57944613162704,0.450399020903381,4.97803072177113,5.95676683871167,0.53,0.998,0.623,0.994,13.2548356206889,45.2879359503528,18.5478935457528,59.0479268241584,7.81800030885995,9.14736927312257,-1.00678916732316,1.85308757600844,18.8286020408807,21.6415387715581,61.1211288293342,83.6743646188669,1.01362442743925,3.43393356435684,4.72455189516231,5.3617454004507,0.612,1,0.52,1,14.4892606459646,51.8543828187134,15.2252870791835,52.613008985905,7.92777247921033,30.2328713075292,8.54121254575836,33.9528984452453,15.4235430807211,22.9006653792044,15.7853829105279,23.7233675409339,22.3050988283188,25.4116858994869,7.47712229848337,7.93798463040597,1,1,1,1,9.54041209285719,30.0869863616393,4.40333145047813,30.6303797751289,15.69716876909,23.0496626678367,14.0167956218819,23.1321472483233,20.5465742687821,26.2270483246508,7.35249389874665,9.11535162644144,1,1,1,1,8.34167221514692,29.395387827627,7.04170878132074,32.5577980004792,14.5767884288914,22.4738469531378,14.8263718050923,23.2570297623189,21.0537156124801,25.5160892191585,7.89705852424633,8.43065795722654,1,1,1,1,5.39488613421768,30.3251082856304,9.32833692281624,34.3976632480497,15.0887770639816,22.8879591049296,17.1866941535658,25.8997380259005,24.9302221514127,25.0693263252335,7.79918204094794,8.7130438723347,1,1,1,1
860,500,1,1,"L'Ecuyer-CMRG","10407_1960562520_-707250009_379037951_1477699473_-551778175_-1250612616","10407_1487546468_-559577582_-191799510_-926195521_-867188550_1780791645",1823707658,1610338995,297513894,1094934066,693620337,2042423168,595918363,78.9569999999985,7.05200000000332,7.20000000000073,2.51200000000244,2.50500000000102,488.069,1,NA,"613a6588e37d","not-a-git-build","bbd3d4119dab4c61438d29ca56ae93a0","confirmatory",611.153999999999,8.84115923033339,9.83638497012018,4.14967574122742,-5.68749704012175,24.2596518554379,14.3794221955211,78.1660965361093,96.7544692804062,17.2198087573313,32.3476225813936,5.04467179987882,5.5919113877127,0.514,0.978,0.53,0.982,12.744881833507,40.2707460445135,13.7894326524699,42.6306017529254,8.35888290267276,11.1611260429575,2.70385969417147,-7.75522201800841,22.8138358083819,12.3116972176344,69.8709233805949,124.570734546785,7.31085724576502,60.1434685486025,4.8815001690429,6.37579739773272,0.603,0.993,0.501,0.976,14.8095556431293,44.3435263868156,15.9383980047512,46.9492643619786,8.0446577984767,13.4363217402486,2.05645420675516,-8.37388452344765,22.1664303209656,11.6930347121952,64.716519094592,180.534741907479,4.22900390448101,70.1219420120361,5.01128597524405,7.68890914654737,0.681,1,0.587,0.987,17.4872922932311,55.0960344040193,22.3359272269969,66.7821033178085,9.64337834507146,13.007929738176,3.38875714250934,-8.27202029167623,23.4987332567198,11.7948989439666,92.9947459061931,169.206236073324,11.4836749709081,68.4263197059033,5.76194555883849,7.52352011238079,0.63,0.992,0.534,0.966,17.5636190847337,57.3505357749226,18.7947479731738,62.1024224605951,12.6270966660928,34.8400281041486,2.73886230169403,26.4068929705005,20.7428559938447,27.9594377943974,10.4929558108456,18.4171948890821,22.2129314380558,23.6680306688065,7.21658180055273,7.9242390782364,1,1,0,0,10.9097223838005,34.3979858385386,-1.39881229156741,23.0153487719349,18.580482841978,26.8803115990116,8.58643157211835,16.5236273680782,23.4882634547382,24.4141610635023,8.29982875703362,7.93719579595984,1,1,1,0,9.64154066655343,34.5372572032493,-0.756992043581606,24.7803834073667,18.0734929402915,26.7003302178641,6.54940485650801,16.36260793354,24.8957165366959,25.5373754509483,8.62683727757259,9.81320307703196,1,1,1,0,11.0106244172855,35.7396491133555,0.0143446389820916,23.9012213556026,19.4878582937576,27.6065638133431,7.6389107348506,16.3372357533759,24.72902469607,23.8868767166205,8.11870551958551,8.69832501852533,1,1,1,0
861,500,1,1,"L'Ecuyer-CMRG","10407_-1251000960_-1192089676_-1721636977_603014040_-2068274459_-588262538","10407_165493264_1877695016_-1697460522_598926971_-548210812_2117017328",297513894,1094934066,693620337,2042423168,595918363,481392869,711712091,81.0229999999974,6.8179999999993,5.23600000000079,2.59100000000035,2.01299999999901,500.460999999999,1,NA,"613a6588e37d","not-a-git-build","bbd3d4119dab4c61438d29ca56ae93a0","confirmatory",622.539000000001,10.0153892591548,11.823604916635,-4.11740260374218,-7.73629963753795,15.3930936810945,11.9184633284548,100.308022012393,139.797633224674,16.9530042013029,59.8503320817699,5.71180176173613,6.98445612211004,0.47,0.945,0.368,0.808,13.1306290583789,39.2056584170206,11.1220360681898,34.1633422601507,10.3105261057777,11.003284173694,-1.62848415110043,-6.26803639545859,17.8820121337363,13.3867265705341,106.306948577923,121.072262607065,2.6519606303853,39.2882802547935,5.92761057700221,6.35542388546665,0.481,0.959,0.413,0.905,13.8858173519122,42.5563239073264,12.1666515556037,37.3262922880409,16.5148781743787,12.3680650524771,-0.00159696753946292,-7.32442338469927,19.5088993172973,12.3303395812935,272.74120111457,152.969033142305,2.55030532209826e-06,53.6471779183295,9.22393761533178,7.16312842682406,0.475,0.956,0.446,0.904,21.1187722677062,62.8271936534132,14.874403928743,48.4530682559484,11.571679026657,11.8417090411484,-1.08683981347014,-7.03254371599347,18.4236564713666,12.6222192499992,133.903755495973,140.226073015216,1.18122078014381,49.4566711173593,6.66714794383731,6.87063754075755,0.499,0.957,0.43,0.891,16.6569171558533,51.2597510476862,13.8662317680633,45.7884435665739,4.05202801837579,26.8039646046644,0.52895629264748,22.6783316680116,10.6925749469975,19.869864407389,8.31312345587757,15.5085498711291,22.7519365862886,22.1493753753641,9.17728946039157,7.19542641525156,1,1,1,0,6.38538981161662,30.4815525958708,2.03949937136147,25.668445603356,13.9957088908635,21.1742398246095,9.09039183625219,17.4364585222095,24.0961627842542,23.6289462319946,7.17853093374607,8.34606668595734,1,1,1,0,4.99012171851784,31.9591243465365,0.304073929276657,23.9994558081801,15.5325048298206,24.1005342532909,7.9776251951564,16.8569318973621,26.9690026280186,23.6953818789034,8.56802942347027,8.87930670220571,1,1,1,0,6.59571572072401,30.7927292756623,1.66469801936619,23.86294458902,13.6170584830003,23.3737040043967,8.42359260764575,16.5707041041263,24.1970135549382,22.1982465696539,9.75664552139639,8.14711149648051,1,1,1,0
862,500,1,1,"L'Ecuyer-CMRG","10407_1723579346_-1248878939_-396225814_-642171248_-1690437971_1062359174","10407_-1242205921_-900516997_766343157_262324736_-127296958_1845575503",693620337,2042423168,595918363,481392869,711712091,525401545,210069338,83.3309999999983,6.34000000000015,7.75900000000183,2.58899999999994,3.29500000000189,496.454000000002,1,NA,"613a6588e37d","not-a-git-build","bbd3d4119dab4c61438d29ca56ae93a0","confirmatory",625.953000000001,11.3483596428897,9.21200353391383,-7.238009590902,1.51845465584504,13.1136734402579,21.763728666578,128.785266584367,84.8610091088409,52.3887828379894,2.30570454185747,6.48959344666634,5.32489698245448,0.422,0.92,0.488,0.991,13.8992064368836,40.4344478855402,14.4277915528317,41.1787431427645,12.7248378775058,8.79144155051509,-7.77385259951286,0.263052704419401,12.5778304316471,20.5083267151524,161.921499008807,77.2894445361232,60.4327842389528,0.0691967253023608,7.2316223012928,5.10701974768664,0.442,0.928,0.499,0.997,15.604582485605,45.6092658979496,14.4181040846392,43.1855105145038,12.8707153780567,9.43582555084882,-9.08852823013611,1.75846732571142,11.2631548010238,22.0037413364444,165.655314342946,89.0348038260514,82.601345389981,3.09220733559467,7.32568696043182,5.64834471017816,0.404,0.975,0.604,1,16.233873615719,50.2682341336936,17.5673521119719,56.2286042499844,13.8618559052637,8.94464097670473,-10.3855632549007,0.341007969194127,9.96611977625929,20.5862819799271,192.151049138295,80.0066022021453,107.859924121543,0.116286435053903,7.92813432910708,5.30154016573364,0.356,0.95,0.501,1,14.7241078084229,51.8592437982261,14.9074098666101,50.1492161112034,2.60839357405598,23.1676931540925,10.2060397336768,34.3161873386415,9.94523473978565,16.7065641047521,17.0138358165196,26.5904084525912,20.5592995800366,24.1101476049647,6.76132936496643,9.57657263607166,1,1,0,1,0.118507239517781,23.2465031355488,9.67050833970452,31.9896614391014,8.92247125995105,16.7454511768808,16.4297224785467,24.7706306988596,23.127995896031,22.3191530993969,7.82297991692975,8.34090822031285,1,1,0,1,0.557831672034106,21.3810473557413,10.1685582020397,34.8541613469782,7.1926577238534,15.5502395747094,17.9365596721551,25.979176199502,20.8232156837072,24.6856031449385,8.35758185085603,8.04261652734688,1,1,0,1,-1.26080225802096,20.8943584705708,7.4735245122121,34.6297267655302,6.15280212326062,13.9723797554967,15.7189135956524,25.6607372534386,22.1551607285917,27.1562022533181,7.81957763223608,9.94182365778617,1,1,0,1
863,500,1,1,"L'Ecuyer-CMRG","10407_-1830843757_-1529973624_1001861135_-685305624_1622352148_296415918","10407_-1526823509_1140694477_1020041420_933093725_-917161272_-848821715",595918363,481392869,711712091,525401545,210069338,2035470002,746541132,81.0449999999983,5.26599999999962,6.625,2.04100000000108,3.1140000000014,498.591,1,NA,"613a6588e37d","not-a-git-build","bbd3d4119dab4c61438d29ca56ae93a0","confirmatory",622.014999999999,6.78462212968373,8.13030399484618,-4.10070372446218,-2.00731510518583,15.8965462556057,17.9031145611078,46.0310974425942,66.1018430486117,16.815771035818,4.02931393150721,4.07902788587241,4.67481704945786,0.688,1,0.465,0.983,13.9995569649701,42.2660886717154,11.4488633885937,35.2978888064294,9.90323338193089,8.41053590333887,-6.78425386265559,-0.64257089346404,13.2129961174122,19.2678587728296,98.0740314169904,70.7371141813521,46.0261004729573,0.412897353127174,5.71402202552937,4.82916563375879,0.447,0.97,0.475,0.997,13.2602681549222,40.3554022346093,12.2546132444131,38.4733603130826,8.832885424458,8.51463558419787,-5.04626066893543,-1.86683712761901,14.9509893111324,18.0435925386746,78.0198649216025,72.4990191316886,25.4647467388446,3.48508086105679,5.30364889932509,5.04839597441621,0.598,1,0.628,0.999,16.209812206663,53.3573998324644,15.5793041741231,54.8216531089789,9.39242704978951,10.3793587864461,-6.18933893835166,-1.53592637065123,13.8079110417162,18.3745032956424,88.2176858856177,107.731088817776,38.307916493796,2.35906981606187,5.48841874657923,5.91055179182911,0.513,1,0.48,0.994,14.3245312133771,50.3998584253077,14.8748024184945,51.5164580973345,4.55661904591268,27.5290186616761,7.30491089840372,27.8400245175463,11.9317690049935,19.9137126305837,14.0866839365722,21.4925320274565,22.9723996157634,20.5351136191426,7.98194362559017,7.40584809088424,1,1,0,1,2.37871381872573,22.8850922772323,7.96544657625533,31.1546535738786,9.72197669375527,17.0906345945491,15.444523622698,22.9255151765829,20.5063784585065,23.1892069976233,7.36865790079387,7.48099155388486,1,1,0,1,2.71235169926064,26.3858931100288,6.59642264380497,29.0529000516375,11.3841066846878,19.0198842039754,14.3833618281531,22.2438121987016,23.6735414107682,22.4564774078325,7.63577751928759,7.86045037054853,1,1,0,1,2.13132004653501,25.7410985099848,7.79107769692986,29.0231471046501,10.0007300599483,17.8153072818966,14.4955239271553,21.9934555389217,23.6097784634498,21.2320694077202,7.81457722194833,7.49793161176646,1,1,0,1
864,500,1,1,"L'Ecuyer-CMRG","10407_1712580824_1427867680_534559681_-743387125_-1936870115_-1623120915","10407_1937766930_-2144330948_2032979819_-290460250_970244823_1185477008",711712091,525401545,210069338,2035470002,746541132,1889645920,1007700128,78.9680000000008,7.25,6.09000000000015,3.75700000000143,2.5099999999984,487.834999999999,1,NA,"613a6588e37d","not-a-git-build","bbd3d4119dab4c61438d29ca56ae93a0","confirmatory",609.374,9.38942648202277,5.20181190579293,-6.67016167161442,0.131898915476594,13.2659253123657,20.1129505245943,88.1613296613104,27.0588471032491,44.4910567254741,0.0173973239039016,5.33946802547937,3.46146706400508,0.471,0.998,0.814,1,13.3348263981775,40.9108522613013,14.2474166006565,41.6536294530582,10.0583907690731,6.65602430422971,-6.40877591303209,1.65354383773112,13.5273110709481,21.6345954468488,101.171224863375,44.3026595384965,41.0724087034603,2.73420722329856,5.65372769948154,4.02902226743705,0.523,0.995,0.702,1,15.2233117504334,45.7461512756342,14.3453663859311,43.2266932994672,11.7013616677454,5.26817787504427,-8.31764601985556,0.393694517860496,11.6184409641246,20.3747461269782,136.921864879381,27.753698123106,69.183235311619,0.154995373393408,6.66076124394756,3.92056181912929,0.462,0.992,0.878,1,15.8002264205296,52.210662904049,16.9729850972698,53.0594747217218,8.55758972639365,6.44172378202324,-5.05790267598092,1.44822640588562,14.8781843079992,21.4292780150033,73.2323419252781,41.4958052838837,25.582379479695,2.09735972270437,5.16601310336345,4.4554629710421,0.714,1,0.822,1,17.8254956341424,57.737400951663,17.6390424112207,58.1101515659505,1.44942164512078,24.9971710340071,8.27493183463517,32.6825246208593,9.26916690732605,17.3152557724953,16.0680814709608,24.2364475270115,23.5477493888863,24.4075927862241,8.0460888651693,8.16836605605069,1,1,0,1,0.814378946334492,25.6470911292509,10.7633914526216,32.8598696393529,9.04935629753212,18.1176043954408,16.9924023828075,25.9494773073719,24.8327121829164,22.0964781867313,9.06824809790863,8.95707492456436,1,1,0,1,-0.561703125298198,23.6401195865643,9.25473206061578,32.1183101475984,7.59239897336034,15.7322375756536,16.0952553661346,24.4522408488555,24.2018227118625,22.8635780869826,8.13983860229328,8.35698548272088,1,1,0,1,0.551056744624631,28.1845729080377,10.3532471347609,34.4815759585808,10.6970842106667,19.5300225394288,16.795372873228,25.601689279818,27.633516163413,24.1283288238199,8.83293832876205,8.80631640659008,1,1,0,1
865,500,1,1,"L'Ecuyer-CMRG","10407_-1449635087_1558848728_-736996633_-1077720188_-1291819530_-1652059551","10407_-1876515951_1113463619_-1882241853_-1496181415_992005254_-1508131610",210069338,2035470002,746541132,1889645920,1007700128,83593356,571016167,80.3230000000003,6.83599999999933,5.15900000000329,3.44499999999971,2.02000000000044,486.041999999998,1,NA,"613a6588e37d","not-a-git-build","bbd3d4119dab4c61438d29ca56ae93a0","confirmatory",605.755000000001,8.59300145935079,5.46216672438614,2.99406477815893,0.923420507473796,23.2193881237333,21.4105819728471,73.8396740804048,29.8352653249912,8.96442389581186,0.852705433623164,4.9104303731043,3.54883036083594,0.51,0.976,0.781,1,12.4173073590292,38.6058395630321,13.492448477977,42.2845172739567,9.68820937252605,5.74826609469861,5.24926310946027,1.35672921404435,25.4745864550347,21.8438906794176,93.8614008459016,33.0425630954616,27.5547631923405,1.84071416024141,5.49826151010481,3.77163814712031,0.523,0.984,0.806,1,14.1507180293933,42.572890233957,14.9074352524032,44.972519755224,11.1478823096258,6.05968672502027,4.71042006827199,1.78901341120568,24.9357434138464,22.2761748765789,124.275279989268,36.7198032053868,22.1880572195795,3.20056898547377,6.45679380943025,4.15721347424916,0.567,0.999,0.825,1,18.7591719402625,59.1177180376135,16.5931226410434,53.3475028628424,8.62402623452496,7.11861427220075,2.43812550666946,-0.606299939219017,22.6634488522438,19.8808615261542,74.3738284937748,50.6746691563803,5.94445598627222,0.367599616296984,5.00350394552766,4.51983354186931,0.58,1,0.691,1,15.0204684743084,47.5934988133448,15.8656332963474,53.3518547126302,13.9120842870709,33.5787034809851,8.9265036673183,32.5230820242651,19.4814149208725,26.6807705542682,17.4879134831824,25.5914827500918,19.6666191939142,23.5965783569468,7.1993556333957,8.10356926690937,1,1,1,1,15.5815035327625,36.3034131464062,10.3949561225634,33.7419400546149,21.9494912615852,28.6904245287883,17.7667927040093,25.6784930327505,20.7219096136437,23.3469839320515,6.7409332672031,7.91170032874114,1,1,0,1,13.9642433588751,36.9928725763806,11.0651506919562,33.386935567104,20.4944328524061,29.2275718446594,18.6147776738819,26.1968362699096,23.0286292175055,22.3217848751478,8.73313899225332,7.58205859602763,1,1,0,1,10.1726341898843,34.9891171080969,7.16978750385264,33.3062408406852,18.5460482881377,27.0052508901659,15.2225001758555,24.3502182297683,24.8164829182126,26.1364533368326,8.45920260202826,9.12771805391275,1,1,1,1
866,500,1,1,"L'Ecuyer-CMRG","10407_304402608_203285592_11149065_954799635_-2100627441_1868261682","10407_-1618082443_288864987_1325718573_-669518504_-896947207_-568060033",746541132,1889645920,1007700128,83593356,571016167,1894448696,466103732,79.3220000000001,6.21399999999994,6.06399999999849,2.65500000000247,2.46199999999953,487.913,1,NA,"613a6588e37d","not-a-git-build","bbd3d4119dab4c61438d29ca56ae93a0","confirmatory",610.457999999999,9.67740742752531,8.68399241432686,-6.10958248181341,-4.20176101729449,14.2450157486772,16.1802539104041,93.6522145183221,75.4117242520864,37.3269981020813,17.6547956464556,5.54577772850604,4.9677258740152,0.449,0.922,0.396,1,12.1627843719219,36.8500425862822,11.4632105078426,34.5609460768451,9.08571127278777,7.27366350530463,-4.37307122300625,-1.32919280596205,15.9815270074843,19.0528221217365,82.5501493324628,52.9061807884004,19.1237519214853,1.76675351542126,5.20603426188746,4.34661246204737,0.464,0.963,0.595,1,12.1359652256297,36.7985887128207,14.2246805478454,43.3751702813832,8.85873875390192,8.68891116394851,-4.6684283273855,-3.49455186708624,15.6861699031051,16.8874630606123,78.4772523098837,75.4971772149891,21.7942230479354,12.2118927517559,5.29122141605103,5.26585074585885,0.652,1,0.586,1,17.2673181698502,52.503450315159,15.8278755141248,55.6904719328504,8.87882790307386,9.66455554469441,-2.80203767227982,-3.48365326934861,17.5525605582107,16.8983616583499,78.8335849324029,93.4036338764835,7.85141511687533,12.1358401010433,5.09173745856264,5.55473313726668,0.488,0.992,0.472,0.986,12.5456422051567,43.2794822832357,13.3598232983684,44.3631143042684,3.28813348077039,26.5370632342589,5.24933757063387,26.1397810065096,9.59643338555666,18.5467063870326,12.547192768958,20.0350806642729,23.2489297534885,20.8904434358757,8.95027300147593,7.48788789531493,1,1,0,0,5.58516041364175,25.7497686261825,7.9620391459074,31.0944136315548,12.0744419504391,19.5485140156383,15.1027742801206,22.8542604956336,20.1646082125407,23.1323744856474,7.47407206519919,7.75148621551299,1,1,0,1,4.58736398311571,27.7678284974358,3.44347039621273,29.0825576574522,11.7330142478881,19.2396680307127,12.9784207882865,21.3320685688251,23.1804645143201,25.6390872612395,7.50665378282459,8.35364778053854,1,1,0,1,5.54847269602242,29.4231784306868,5.18111882727833,27.3664498539565,12.8513962275304,21.9800800899377,13.3311349001064,20.7650702131575,23.8747057346643,22.1853310266782,9.12868386240731,7.43393531305102,1,1,1,1
867,500,1,1,"L'Ecuyer-CMRG","10407_1790565921_355864321_-72243219_215488491_1860150183_1947523831","10407_332697861_2092636533_-156856365_1493868220_-730967437_87550277",1007700128,83593356,571016167,1894448696,466103732,468289785,1973827244,78.9290000000001,5.1140000000014,6.5580000000009,2.01499999999942,2.01200000000244,487.822,1,NA,"613a6588e37d","not-a-git-build","bbd3d4119dab4c61438d29ca56ae93a0","confirmatory",607.946,11.4383741643815,4.41259639135977,7.98477361212061,-2.13495434233849,27.5652111682186,17.2782667780698,130.83640352439,19.4710069130413,63.7566096368177,4.55803004386997,6.6617893528805,3.25314013459393,0.39,0.908,0.894,1,13.2444309825449,39.119908944037,14.2540938005361,43.79470606117,12.1654657382852,5.86748866977801,9.13524350812811,-0.499279916499042,28.7156810642261,18.9139412039092,147.998556629391,34.4274232899734,83.4526739527968,0.24928043501929,7.22139937818457,3.9002997962635,0.318,0.844,0.81,1,11.756616538038,36.0208962823479,16.0536221683456,46.4003281910838,11.497318446272,8.48750730875702,7.74896125075186,-1.55006939405586,27.3293988068498,17.8631517263524,132.188331454986,72.0377803162038,60.0464004656538,2.4027151263887,6.60107007039729,5.47921949561687,0.469,0.983,0.758,1,16.0228092679719,52.3838512976445,20.7582032735823,63.8316142977758,10.8539205411713,9.00681694927228,6.74382033163099,-1.86312137946835,26.324257887729,17.5500997409399,117.807591114061,81.1227515576984,45.4791126653195,3.47122127463205,6.18954396475858,5.42992916227828,0.574,0.998,0.64,1,18.1936075651895,56.9435295695281,18.3441108956065,54.7332654252117,14.9535505071722,40.1985129669073,3.40134313433116,29.0920850169471,22.9076618152299,32.1450077328177,13.5404384170541,21.1306590488082,25.2449624597351,25.6907418826159,9.23734591758787,7.59022063175411,1,1,0,1,17.0156949715665,38.3714512983106,6.98919524509634,30.0565624788137,25.0271297117863,32.7053276966886,14.4110168378329,23.646689330394,21.3557563267441,23.0673672337174,7.67819798490223,9.23567249256114,1,1,0,1,14.9110788665134,39.9577566732381,6.19247019784792,30.1011201178309,23.0507820521986,31.1338125637098,13.382544628977,21.9751943803093,25.0466778067247,23.908649919983,8.0830305115112,8.59264975133237,1,1,0,1,13.5609688836868,41.0138472142592,5.31811448364196,29.7087064810658,21.8024645524149,30.4141835320459,13.527456460919,21.8616800944486,27.4528783305724,24.3905919974239,8.61171897963099,8.33422363352959,1,1,0,1
868,500,1,1,"L'Ecuyer-CMRG","10407_359668637_2055134924_809744581_-1276358882_-1703983904_793200221","10407_163820876_737226357_-1535022520_-990493323_1710717088_2036082405",571016167,1894448696,466103732,468289785,1973827244,979762241,1335491562,79.8240000000005,6.48499999999694,7.36299999999756,2.5669999999991,2.70699999999852,489.767,1,NA,"613a6588e37d","not-a-git-build","bbd3d4119dab4c61438d29ca56ae93a0","confirmatory",614.813999999998,8.79091378073343,11.5251264082705,-7.48844774573922,10.0189151333771,12.3025921726975,29.7963682557583,77.2801651002889,132.828538726615,56.0768496406668,100.378660449813,5.09865462194441,6.85139515395516,0.464,1,0.274,0.962,14.5256771636622,43.1686722077584,13.486481315789,40.9253997282083,10.1892798866428,10.9414004782626,-9.04064176197774,8.87264197578488,10.750398156459,28.6500950981661,103.821424608344,119.714244425725,81.733203468416,78.7237756304599,6.00795185337229,6.38695091487286,0.395,1,0.365,0.992,15.7801213163092,47.7984472835891,14.5790943852667,44.3876410588109,10.8298442839532,12.4705852475589,-9.04202950068467,10.0904497502564,10.7490104177521,29.8679028726376,117.285527214675,155.515496416634,81.7582974912519,101.81717616245,6.60233021708637,7.36100387062265,0.508,1,0.524,0.995,21.3126429180909,65.9899698114212,21.8187376218183,64.543645761399,10.7296190696011,11.2037458127884,-9.01331528895222,9.97432243482787,10.7777246294845,29.7517755572091,115.124725378747,125.523920237574,81.2398524980598,99.4871080339106,6.63500620625644,6.59165593900817,0.577,1,0.449,1,22.4919183019324,67.8816517419205,17.6348987397847,56.4542776779046,1.0534847892962,23.6024606943468,17.8070728018909,41.3629232518372,8.25343689576081,16.5785762969521,25.5792104196634,33.8664452362329,22.5489759050506,23.5558504499463,8.32513940119133,8.28723481656956,1,1,0,0,-0.58746252520559,21.8710090199165,16.6304163333083,40.8435871559593,6.78229459033403,14.8094968900757,24.7107464614482,32.6884762456021,22.4584715451221,24.2131708226509,8.02720229974167,7.97772978415389,1,1,0,0,-1.49007991634699,22.5828365518398,18.5920644984175,40.6973117859961,6.62350770011248,14.7451517868361,25.7764072402071,34.2833383404037,24.0729164681868,22.1052472875786,8.12164408672358,8.50693110019652,1,1,0,0,-0.710609239680479,22.9781718668022,19.1598846701553,40.9298195979649,6.01163948751761,15.4426451593718,25.9253312304811,33.799021359021,23.6887811064827,21.7699349278096,9.4310056718542,7.87369012853985,1,1,0,0
869,500,1,1,"L'Ecuyer-CMRG","10407_1320044305_51226003_2108294082_109193651_110432223_-1376783970","10407_1624879568_336296754_51832215_-1170865799_-867488684_-2002761770",466103732,468289785,1973827244,979762241,1335491562,1077672244,1390125274,82.5519999999997,5.4989999999998,7.1830000000009,2.10299999999916,2.05799999999726,493.050000000003,1,NA,"613a6588e37d","not-a-git-build","bbd3d4119dab4c61438d29ca56ae93a0","confirmatory",619.310000000001,16.345653206144,9.99484917438817,-14.4023262314675,-4.52702267277993,5.46018404287901,15.3622676433674,267.180378735524,99.8970100187679,207.427000877616,20.4939342798635,10.1062765956834,5.73955041181784,0.173,0.813,0.368,0.921,14.0282153996669,42.9523466162135,10.5816292623693,34.1345030214231,19.1382737449197,9.25710604200827,-17.1405020875726,-2.67123733612373,2.72200818677392,17.2180529800236,366.273521935484,85.6940122729859,293.79681181408,7.13550890590143,12.0688765646873,5.28519667791823,0.141,0.776,0.445,0.978,15.8645226189656,49.4095460615657,12.4408471403534,37.9042903399034,18.5595169798705,9.79558151032866,-15.1483815588777,-2.63038854472919,4.71412871546882,17.2589017714182,344.455670526103,95.9534171254928,229.473463853345,6.91894389624253,10.87758623507,5.72226059542192,0.35,0.912,0.532,0.996,22.2666143044502,66.4306906756986,15.4029996262905,53.4339831435575,17.816731294748,10.1629441322984,-15.5815667050485,-3.49221413703875,4.28094356929794,16.3970761791086,317.435914029253,103.285433436219,242.785220983877,12.1955595789333,10.6905314922775,5.83135518095694,0.231,0.912,0.507,0.99,17.8967298230734,60.7323504862622,14.893599498364,50.376712610167,-8.36362079558869,18.9516298319996,5.3210737000605,25.4615488891804,1.53044614163767,9.58889492233948,12.0972395889322,18.5980472933838,27.3152506275883,20.1404751891199,8.05844878070181,6.50080770445162,0,1,0,0,-8.75112726649679,14.2166218562985,7.85671923220374,27.0456159481062,-1.25653461032776,7.0253544995038,13.9646531913831,20.5134455109017,22.9677491227953,19.1888967159025,8.28188910983156,6.54879231951862,0,1,0,1,-7.61861571995246,17.4296288931174,6.92845433569114,28.5405436115792,0.264841507373723,8.72299290550576,13.1398802485397,21.4144188420586,25.0482446130699,21.6120892758881,8.45815139813204,8.27453859351892,0,1,0,1,-7.70133938957806,16.2125857096751,4.8130226793475,26.8095115366504,0.0862706296997915,8.50709120458431,12.6009852261844,20.4675569229014,23.9139250992531,21.9964888573029,8.42082057488451,7.86657169671697,0,1,0,1
870,500,1,1,"L'Ecuyer-CMRG","10407_-418528060_156435069_-335185180_-292483996_864291682_-470263475","10407_1968302435_-1132839552_-2035627996_-1135981650_-1264625843_1515429288",1973827244,979762241,1335491562,1077672244,1390125274,1782846854,484492787,81.9370000000017,6.38400000000183,6.80500000000029,2.68999999999869,2.51599999999962,491.924999999999,1,NA,"613a6588e37d","not-a-git-build","bbd3d4119dab4c61438d29ca56ae93a0","confirmatory",619.157999999999,10.8924675355418,9.95462098680873,-0.365446520942729,-2.61305594813068,20.0199657653272,17.8181024535888,118.645849012833,99.0944789910128,0.133551159669145,6.82806138806114,6.20028353270693,5.7168427718546,0.453,0.963,0.43,0.952,14.2002166651867,42.6262456551924,12.8656505566289,37.5197971569371,13.2954757044024,9.46001628544606,-1.64123867311111,-1.40219543171634,18.7441736131588,19.0289629700032,176.769674206353,89.4919081209046,2.69366438211551,1.96615202872617,7.81226725948074,5.45696526919441,0.333,0.924,0.453,0.997,14.3778233800506,43.7003644457824,13.9358223963019,42.6396196447664,12.8023084916573,9.34404752819249,0.248949074398759,0.524231125068543,20.6343613606686,20.9553895267881,163.89910271556,87.3112242091201,0.0619756416439987,0.27481827249063,7.43762630094428,5.51383562682272,0.515,1,0.528,0.996,21.5434786222295,64.9727026218765,15.7577166603185,52.8498553814346,13.4880794771483,10.6345732863115,1.39842488365092,-0.316860048755803,21.7838371699208,20.1142983529637,181.92828798187,113.094148981929,1.95559215521409,0.10040029049753,7.63876165493474,6.15786102748254,0.456,0.997,0.498,0.999,19.0228296151792,61.7298572452222,16.3184992176658,55.7397194141224,9.34683863060889,30.1544821686986,8.31922789044958,29.033414311178,16.2794960249185,23.6863941507741,13.8737605995804,21.6642888799607,20.8076435380897,20.7141864207284,7.40689812585559,7.79052828038035,1,1,1,1,6.24032210090554,30.6823006269003,6.43893273526311,32.8702456582807,14.9284919130118,22.7094983269976,14.6073884961371,23.5866245794276,24.4419785259948,26.4313129230176,7.78100641398577,8.97923608329048,1,1,1,1,7.82714354215514,34.7440881899545,7.72708498484953,32.3126919710446,16.0048843677209,24.5946613120146,17.042208813603,25.1664430032634,26.9169446477994,24.5856069861951,8.58977694429364,8.12423418966044,1,1,1,1,9.36786900460194,34.6621943600329,7.76664257875187,33.3137106106322,17.3494616826872,26.2990271285188,15.5335719506211,24.9985271037143,25.294325355431,25.5470680318803,8.94956544583166,9.46495515309326,1,1,1,1
871,500,1,1,"L'Ecuyer-CMRG","10407_1143655400_1468918775_-2042425440_-1834109366_-22150872_1351747698","10407_248740241_455098185_350777919_-111028159_648611073_-1775231230",1335491562,1077672244,1390125274,1782846854,484492787,986675633,1213035111,83.5099999999984,5.41399999999703,5.83899999999994,2.05900000000111,2.85000000000218,493.249,1,NA,"613a6588e37d","not-a-git-build","bbd3d4119dab4c61438d29ca56ae93a0","confirmatory",619.812999999998,8.37411859173725,15.4076464925931,2.72364726831968,-11.8372769837415,22.9883775165576,8.32697576422042,70.1258621884794,237.395570440717,7.41825444222528,140.121126389816,4.75961368596696,9.63793203008555,0.472,0.978,0.286,0.637,11.4495274893488,35.7949616880856,11.0916375925454,34.2438896649889,8.72352324880503,17.4073609223799,3.44939630950817,-14.419635409409,23.7141265577461,5.74461733855294,76.0998578724419,303.016214281999,11.8983349000486,207.925885340281,4.98418179586989,10.9237968922697,0.557,0.992,0.252,0.683,13.8828312088098,41.3293860635494,13.2477245202713,40.186051526262,8.44336496851879,16.0955421569011,3.17824910215456,-12.4001716230981,23.4429793503925,7.76408112486378,71.2904119916104,259.06647732458,10.1012673553463,153.764256282288,5.10574096241671,9.51611439102909,0.667,0.999,0.355,0.854,16.46900524049,53.5341068735076,15.0995873455217,50.5807242840661,7.81906320397155,15.4281870067566,2.65175354265185,-12.1828385634294,22.9164837908898,7.98141418453248,61.1377493877019,238.028954315452,7.03179685096662,148.421555462584,4.67025445416157,9.23424350855394,0.587,1,0.326,0.785,14.1345871694456,48.577172261155,13.1940025792657,43.4637940240253,12.1150003012905,34.2244559380536,-3.19758725895033,19.2101002151978,19.2690183066772,26.6868237820612,4.57632410067897,12.0131251953093,22.1094556367631,22.4076874741481,7.41780547538409,7.43680109463031,1,0,1,0,11.8304605725271,35.8336961214191,-4.55731407066185,17.6188883114682,19.4836656136089,27.7200439580695,1.80273837678269,9.36941476737945,24.0032355488919,22.17620238213,8.2363783444606,7.56667639059676,1,0,1,0,10.5881523986183,34.8840340129045,-5.0191269895502,19.5382102297479,19.6370316905671,27.5358154139038,3.51309462760794,12.0325493661222,24.2958816142861,24.5573372192981,7.89878372333674,8.51945473851421,1,0,1,0,11.9371695306211,34.8125416624642,-4.02099892189011,19.274941573161,18.4094681112009,27.2182960540391,3.92766211825743,12.1625727279048,22.875372131843,23.2959404950511,8.8088279428382,8.23491060964734,1,0,1,0
872,500,1,1,"L'Ecuyer-CMRG","10407_1941246358_-1430160721_2078200602_-817674244_-199114738_604578418","10407_937275521_438486064_1832011523_-1864213962_-235011119_236023811",1390125274,1782846854,484492787,986675633,1213035111,627132360,603343188,78.9590000000026,7.72499999999854,6.18400000000111,3.47200000000157,2.5679999999993,482.397999999997,1,NA,"613a6588e37d","not-a-git-build","bbd3d4119dab4c61438d29ca56ae93a0","confirmatory",604.972999999998,7.41706410617496,8.26572162331186,1.75391533112504,-1.86486501974057,21.7730495382089,18.1686094916059,55.012839955109,68.3221539540852,3.07621898875546,3.47772154185201,4.26993280899074,4.7618420898222,0.567,1,0.444,0.998,12.8843178502665,38.0421875128573,11.8324673407111,38.4175359745191,9.29632657864078,8.57903428330856,5.6943021115376,-0.946518755039762,25.7134363186214,19.0869557563067,86.4216878567429,73.5998292341836,32.4250765374616,0.89589775364202,5.23061622254988,4.94408914684282,0.49,0.993,0.489,0.999,13.2694710159797,42.0433771670721,13.4494693997256,39.6222592573587,8.43449996423554,9.17433695148805,3.32388690973871,-1.27731878018317,23.3430211168225,18.7561557311633,71.1407896466893,84.1684584994391,11.0482241887324,1.63154326620861,4.99709205356224,5.38851425433168,0.633,1,0.532,0.999,15.5081487842832,52.6913305415276,15.3008319066104,49.5270399743101,9.76326562718565,8.99317865174084,3.92569270672953,-1.58093338194042,23.9448269138134,18.4525411294061,95.3213557069848,80.8772622621271,15.4110632276694,2.49935035813358,5.83729573230054,5.53308390648986,0.628,1,0.659,1,18.4103905384115,62.6500332853346,18.5539714973577,59.7891329597696,10.9642243300239,32.9048833815942,6.83108996668299,29.8829078396402,17.639887302297,25.9599711076605,13.9896946094475,22.1223892738673,21.9406590515703,23.0518178729572,8.32008380536354,8.13269466441981,1,1,1,1,15.1439861519234,35.5204121772234,8.12435347016034,29.4781618326508,21.4991249973127,30.0070951128041,15.1699906021291,23.5083260515292,20.3764260253,21.3538083624904,8.50797011549141,8.33833544940012,1,1,0,1,12.2048235458052,34.1894221912392,8.41222015340955,29.4001922977222,18.9467385279158,27.2737160374324,14.8648782200955,22.4797544082813,21.984598645434,20.9879721443127,8.32697750951658,7.61487618818586,1,1,1,1,11.3347678993148,37.1632872860266,7.34159797825336,29.161772094699,19.6007907215471,28.3328049260467,14.8377424256202,22.0360469277471,25.8285193867118,21.8201741164457,8.73201420449959,7.19830450212687,1,1,1,1
873,500,1,1,"L'Ecuyer-CMRG","10407_1490232153_-1873010365_1344512564_1926165561_-1640151205_-1603047206","10407_-857844820_-774486426_2097995114_1913118175_-427490803_1841305422",484492787,986675633,1213035111,627132360,603343188,1935765702,156269809,79.237000000001,6.49700000000303,5.15699999999924,1.99200000000201,2.00200000000041,479.745999999999,1,NA,"613a6588e37d","not-a-git-build","bbd3d4119dab4c61438d29ca56ae93a0","confirmatory",599.73,10.405178932793,7.28987731891468,6.92426770715189,-0.247369717678197,26.7196836775105,19.6262692206465,108.26774862344,53.1423113248267,47.9454832803065,0.0611917772241908,5.94244759179205,4.18702295888681,0.422,0.951,0.437,1,12.6103203606125,39.6204271931829,11.2710124782639,35.3721994228463,10.8879606661128,7.28363887917782,7.42106531867585,0.848910675703433,27.2164812890345,20.7225496140282,118.54768746682,53.0513953222707,55.0722104640534,0.720649335323259,6.2211871012782,4.28228710490539,0.494,0.978,0.557,1,15.6823454477981,46.131443183801,13.3098160924825,39.8942642607053,13.680211784898,6.70238680065287,8.16331638840376,1.81008617275535,27.9587323587624,21.6837251110801,187.148194479662,44.9219888255658,66.6397344571815,3.27641195280013,7.55477865826703,4.25106683438982,0.555,0.95,0.645,1,19.0947808624208,58.7542308098801,13.9315874406206,47.2751258728419,11.0571130566401,5.37862237831945,7.91041216368711,0.681308864213747,27.7058281340458,20.5549478025385,122.259749147321,28.9295786885587,62.5746205994089,0.464181768456226,6.38865094824833,3.95630643151739,0.542,0.991,0.879,1,17.4818540414887,56.2224422885931,16.6596337295528,52.4207757107331,14.513381008848,38.3079558122153,9.13544240073731,30.4783614508635,22.9482476301892,30.5152622998819,15.9300157418865,23.1749253756421,23.7945748033673,21.3429190501261,7.56701466969277,7.24490963375554,1,1,0,1,15.406006681384,38.4746648410297,9.59301163756361,31.7559793126657,22.3688132312269,31.866028717036,17.1809415268569,24.4268597232776,23.0686581596456,22.1629676751021,9.49721548580909,7.24591819642075,1,1,0,1,15.4035304388907,39.494265365938,10.3902316670724,33.3662587663546,23.8981697919898,32.1529466820292,17.9107453320623,25.7921085948455,24.0907349270473,22.9760270992821,8.25477689003932,7.88136326278321,1,1,0,1,16.2774707655807,39.4695023556733,9.60697243127122,32.5569160987064,23.821896099982,31.7343380437187,16.8759541085882,24.0154439357331,23.1920315900926,22.9499436674352,7.91244194373673,7.13948982714494,1,1,0,1
874,500,1,1,"L'Ecuyer-CMRG","10407_733669353_1976162442_375881141_1107230532_-173325629_-1360031437","10407_-71796974_1691018130_-1701183025_973872245_2085641999_-208733387",1213035111,627132360,603343188,1935765702,156269809,929456650,1988023335,80.2760000000017,6.27200000000084,7.81000000000131,2.52200000000084,3.23500000000058,485.596999999998,1,NA,"613a6588e37d","not-a-git-build","bbd3d4119dab4c61438d29ca56ae93a0","confirmatory",611.252999999997,8.58602978497291,7.42190491921204,1.13594203862909,0.369119798021895,20.9372590643255,20.1559241897975,73.719907468442,55.0846726298239,1.29036431512481,0.136249425291725,4.87816788948371,4.33481753252677,0.5,0.995,0.537,1,12.3637652246923,39.0275320289564,13.1954941574516,39.6838086494339,8.94983331698764,8.33106940650516,0.768091917250253,0.835498698787127,20.5694089429466,20.6223030905627,80.0995164018621,69.4067174560062,0.589965193345169,0.698058075674983,5.13847470385754,4.8964916598248,0.582,0.998,0.587,1,15.1640983338742,44.8497950940594,15.4078707275588,45.8113432005604,9.10452441076947,12.5264599323221,2.96518027012308,-0.86851065419933,22.7664972958195,18.9182937375763,82.8923647462972,156.912198436071,8.79229403432721,0.754310756457748,5.42205155558551,7.23859789224894,0.619,0.999,0.567,0.993,15.776786716683,53.6908642846666,20.8325917212939,60.90256425743,9.66157856846087,9.65954079280207,2.86832796709742,-0.49171761028914,22.6696449927938,19.2950867814865,93.3461004345423,93.3067283278072,8.22730532683321,0.241786208268462,5.65767795815375,5.87953906672584,0.605,1,0.682,0.999,17.3487635849824,55.4374367332414,20.074291640717,60.750161291064,9.47033394803469,34.4780644024736,7.9500770327712,31.3874940060602,16.7748141649439,24.7766886437831,15.6735697215045,24.5964902465717,25.0077304544389,23.437416973289,8.00187447883918,8.92292052506718,1,1,1,1,7.12172426849396,32.3460609046857,8.16481133594464,32.7670353257053,16.0248952241608,25.251544607144,16.3359963269052,24.5830583507243,25.2243366361918,24.6022239897607,9.22664938298319,8.24706202381911,1,1,1,1,11.1734476771685,33.327391123437,7.43430001650382,31.5557835767734,18.8864798767584,26.7396453781315,14.5753813623844,22.7202917502703,22.1539434462684,24.1214835602695,7.85316550137309,8.14491038788598,1,1,1,1,11.4360358770571,34.8884546369605,7.36036477591011,31.2777606539242,18.2766122499381,26.6095744459173,15.2849077916669,23.3430091415567,23.4524187599034,23.9173958780141,8.33296219597923,8.05810134988983,1,1,1,1
875,500,1,1,"L'Ecuyer-CMRG","10407_497251016_-795350299_643273845_1399559981_-1083227337_-1683771020","10407_-72517258_-1290969255_85891106_-959556709_1872384183_1423562243",603343188,1935765702,156269809,929456650,1988023335,189040314,594099715,81.9500000000007,6.78199999999924,5.24499999999898,2.61000000000058,2.01299999999901,494.294000000002,1,NA,"613a6588e37d","not-a-git-build","bbd3d4119dab4c61438d29ca56ae93a0","confirmatory",616.404000000002,7.34393631614035,13.268560988341,0.945063676890225,10.1916256234133,20.9735429102938,30.083861827953,53.9334006155251,176.054710701324,0.893145353377272,103.869232847815,4.29156425988079,7.7346332473289,0.59,1,0.357,0.893,13.1292308058517,40.5654823411905,13.9459806835839,42.2524234897554,6.30187798050834,16.3344855113477,0.889879790207587,12.124453713855,20.9183590236112,32.0166899183947,39.7136660812158,266.815416920428,0.791886041019899,147.002377859413,3.95314074961128,9.62534574015775,0.756,1,0.354,0.839,15.0091392813119,44.3008101109615,16.333473069348,47.9571671798739,8.29693169533982,15.8724770819412,2.58269071059119,10.76664022721,22.6111699439948,30.6588764317497,68.8390755571345,251.935528716748,6.67029130657401,115.920541782176,5.1966399917504,9.15600913670468,0.721,1,0.5,0.936,18.815345999349,58.8263244682976,22.2413558294242,67.7182691986326,8.01967241551347,14.1491462310442,2.47314159021322,10.8113789421237,22.5016208236168,30.7036151466634,64.3151456521477,200.198339067472,6.11642932524236,116.885914630196,5.10511741408704,8.15160817984023,0.732,1,0.447,0.967,18.5193418148403,60.4604026729381,18.1773475525872,58.8155657919379,9.66450848454653,31.0539704338163,18.4968474653153,40.77714289653,17.3416166940846,24.6630360155786,26.2036373760571,33.9498286208589,21.3894619492698,22.2802954312147,7.32141932149401,7.74619124480178,1,1,1,0,9.52039273919405,32.3296226217132,20.6554017936356,43.0402570970725,16.6911484079719,25.2954070594916,28.2086591766187,36.0699548788564,22.8092298825192,22.3848553034369,8.60425865151968,7.86129570223775,1,0,1,0,10.0710217305271,34.6780613718068,19.1598656951131,42.8680736344636,18.153240624667,26.9615078066022,26.616406878476,34.7108331254561,24.6070396412797,23.7082079393505,8.80826718193521,8.09442624698006,1,1,1,0,10.0982073555589,35.4940442299073,19.3894437690059,43.1712534906693,18.4108086124375,26.7281281509485,26.8894428643914,34.7367492373557,25.3958368743484,23.7818097216634,8.317319538511,7.84730637296438,1,1,1,0
876,500,1,1,"L'Ecuyer-CMRG","10407_-420946963_2012458681_1376864215_-384047345_-1684654971_1560660052","10407_776662786_780770753_2117209328_-1873370721_-1056798963_985450697",156269809,929456650,1988023335,189040314,594099715,369201556,373729591,79.8230000000003,7.08499999999913,7.89300000000003,2.54299999999785,3.0470000000023,483.384000000002,1,NA,"613a6588e37d","not-a-git-build","bbd3d4119dab4c61438d29ca56ae93a0","confirmatory",608.763999999999,11.3212655138874,8.4404617933305,-4.76719506184077,-2.00165491488252,15.0212840972573,17.7912958006527,128.171052835936,71.241395284672,22.726148757639,4.00662239827336,6.45585004093827,4.85933330295076,0.469,0.926,0.478,1,14.5964577276992,42.3593182030216,13.2528553974035,40.0320378364799,11.7572522280043,7.88487921453376,-3.72900058627295,-1.31531380672268,16.0594785728251,18.4776369088126,138.232979952913,62.1713202277866,13.905445372424,1.7300504101553,6.75354286828158,4.55762679776696,0.501,0.929,0.497,1,15.6260340403986,45.5578566189045,12.8452142009654,38.2919902022614,13.7798941079106,8.77049392727952,-4.91560425657939,0.458581397168906,14.8728749025187,20.2515321127042,189.885481625229,76.921563728447,24.1631652073014,0.210296897829386,8.03392286393259,5.27503462439587,0.53,0.959,0.621,1,21.5133355742306,63.5012682482076,17.2985530071597,53.4236883347888,12.9034749169125,10.2315561748782,-5.44432638983518,-2.04257671334942,14.3441527692629,17.7503740021858,166.49966493139,104.684741759688,29.6406898390558,4.17211962991732,7.54758893469933,6.2679589526683,0.58,0.99,0.712,1,22.5153445439099,68.6905950788772,22.611050214553,67.1816376261639,4.75167430908653,25.88721917707,6.76232172866959,28.9226496031814,11.0760446729797,18.7173159541967,13.9715833139705,21.7582962834402,21.1355448679835,22.1603278745118,7.641271281217,7.78671296946968,1,1,0,1,5.75932197954848,27.7759661928068,7.66079605611844,29.8777489597064,12.123570935702,19.5572006091802,14.6908227407961,22.3227880074643,22.0166442132583,22.216952903588,7.43362967347823,7.63196526666817,1,1,0,1,2.03457034501313,26.3463365856654,8.92828623302969,30.9126048984448,11.0386173384042,19.1969991337465,16.3094242634905,24.32393758119,24.3117662406522,21.9843186654151,8.15838179534225,8.01451331769944,1,1,0,1,2.13852149817148,25.8958720399485,5.34683248880707,30.928740021831,10.1451696820078,18.6219684660265,13.6548752659397,22.0999168341337,23.757350541777,25.581907533024,8.47679878401867,8.44504156819398,1,1,0,1
877,500,1,1,"L'Ecuyer-CMRG","10407_-26484786_-923280946_1318563754_-2031062872_-1981270953_-1745393058","10407_1275632757_-1630513257_2125359135_617026200_-940387141_709330933",1988023335,189040314,594099715,369201556,373729591,1707881763,2096507183,82.5560000000005,5.44099999999889,7.03199999999924,2.06199999999808,2.25200000000041,492.823999999997,1,NA,"613a6588e37d","not-a-git-build","bbd3d4119dab4c61438d29ca56ae93a0","confirmatory",617.165999999997,7.7419167335055,7.67118815032087,2.81390757647873,0.695592265037572,22.8747596161021,20.5469957845586,59.9372747085324,58.8471276376233,7.91807584896442,0.4838485991801,4.41981709342725,4.42528102504869,0.544,1,0.496,0.999,12.4724101216147,36.5269912052575,11.9724549819552,37.205234846054,7.46138024642827,7.34185014027168,2.78826703042263,1.08804544476955,22.849119070046,20.9394489642905,55.67219518179,53.9027634822073,7.77443303294182,1.18384288988377,4.34534668684506,4.33160226241342,0.58,1,0.624,1,12.9619509508901,40.4052832461197,14.2074032199922,40.7190174480549,8.58441268990939,10.1311967486317,3.54950573149677,0.827087167472328,23.6103577711201,20.6784906869933,73.6921412306774,102.641147559486,12.5989909379284,0.684073182597399,5.0467594095895,5.84599955788275,0.549,0.999,0.547,0.996,14.0867950744818,49.7106928249817,16.0847807738712,50.0014971242507,7.2216267366608,8.90196369436191,1.33372612692007,-0.637319717356156,21.3945781665434,19.2140838021648,52.1518927236541,79.2449576157374,1.77882538162922,0.406176422130931,4.26210103398769,5.16163245459315,0.579,1,0.513,0.995,12.8668864519194,42.6800123272439,13.3973402441756,45.0986826617989,11.2729146224279,36.4579992260823,9.60774189355413,30.8697100111286,18.4534217482236,27.0028576069437,17.000712569456,24.1197029294602,25.1850846036543,21.2619681175745,8.54943585872012,7.11899036000422,1,1,1,1,11.1118501392802,35.4447247125983,10.8005376365032,30.8877869541002,18.900454202358,26.6212888129382,17.017778314743,24.9804677769611,24.3328745733181,20.087249317597,7.72083461058018,7.96268946221807,1,1,1,1,12.7735298704341,34.6977511907264,9.29752721279711,31.4329581917738,19.7065535534669,27.5076308365311,17.1553601678117,24.2983444441508,21.9242213202923,22.1354309789767,7.80107728306425,7.14298427633909,1,1,1,1,9.43793583550145,34.1498693537987,7.2745472760775,30.6156016191265,16.5008024451879,25.9160351300529,15.0154878347227,23.057494298443,24.7119335182973,23.341054343049,9.41523268486495,8.0420064637204,1,1,1,1
878,500,1,1,"L'Ecuyer-CMRG","10407_1906278149_-127891571_-1714631997_-1112026618_-374833124_1903497113","10407_-1308387460_669186116_529430693_1191614036_-817653982_-1235635326",594099715,369201556,373729591,1707881763,2096507183,398989701,7448243,77.1209999999992,6.30600000000049,6.07600000000093,2.72999999999956,2.52699999999822,485.947,1,NA,"613a6588e37d","not-a-git-build","bbd3d4119dab4c61438d29ca56ae93a0","confirmatory",605.661,10.9082898576148,8.34912980719313,-5.94335654218933,-1.20840355037949,14.1841555602969,18.9442873035556,118.990787617743,69.7079685373607,35.3234869875847,1.46023914056976,6.22057870642593,4.80068088807479,0.435,0.942,0.425,0.978,13.500064353848,40.7358633484405,11.317256129323,34.3890009992573,13.7002768662677,8.60184177771458,-7.80606364917548,1.09115460327211,12.3214484533107,21.2438454572072,187.697586212389,73.991681968836,60.9346296949788,1.19061836824191,7.92308044029636,4.96161535901063,0.38,0.881,0.386,0.994,14.8833255495979,43.2366128756973,11.6448436694294,34.6413493132141,14.5322572858255,8.61447531537087,-7.80678117858771,-0.396566091712529,12.3207309238985,19.7561247622226,211.186501821427,74.209184959134,60.9458323703513,0.15726466509615,8.37705401293619,5.05054697670982,0.411,0.922,0.448,1,17.1925058366804,54.5468330471341,13.0088689665528,44.9360120365407,13.7467138074284,8.85495940458127,-7.73075055077903,-1.25533295249256,12.3967615517072,18.8973579014426,188.972140503342,78.4103060567822,59.7645040783703,1.57586082161368,7.90369993807917,5.19443917763869,0.417,0.927,0.499,0.998,16.6990274587516,53.0441463733976,14.2271533615857,49.0897213711977,4.08515517949624,25.2107316743606,9.30625857027996,28.044257168303,10.3082249485154,17.6700488293749,15.7921508384945,22.1682640584928,21.1255764948644,18.737998598023,7.36182388085952,6.3761132199983,1,1,0,1,0.0407755777587935,22.8113560773782,11.2910463735872,30.5030200618897,8.46818009785642,16.4450730642183,17.6202133921381,25.0830095647177,22.7705804996194,19.2119736883025,7.9768929663619,7.46279617257966,1,1,0,1,-0.0198643007742598,23.6625373734094,9.3821377942364,32.208622123133,8.03289942298603,16.3309929575275,15.7906523358514,23.606035658547,23.6824016741836,22.8264843288966,8.29809353454147,7.81538332269558,1,1,0,1,0.325707419242499,23.8167513035165,7.55537571170612,30.085655850597,8.23074118027149,16.5274854983558,14.9218570021855,23.1212963810567,23.491043884274,22.5302801388909,8.29674431808427,8.19943937887121,1,1,0,1
879,500,1,1,"L'Ecuyer-CMRG","10407_-1548350433_-31780573_-1300910295_-1234772256_-1843768614_281746363","10407_1673843853_588162381_-963788694_150033038_-588348897_209611390",373729591,1707881763,2096507183,398989701,7448243,450803106,2052039552,77.5390000000007,5.2510000000002,6.76800000000003,2.00500000000102,2.03800000000047,493.308000000001,1,NA,"613a6588e37d","not-a-git-build","bbd3d4119dab4c61438d29ca56ae93a0","confirmatory",612.146999999997,7.34513985074321,11.4307825573943,-2.53470797679481,-8.2151863125109,17.1114591733084,11.5661859602212,53.9510794269759,130.662789874429,6.42474452762722,67.4892861492665,4.24318917048529,6.64992743829672,0.503,0.998,0.41,0.939,11.6385234057217,35.6618725969741,12.5812214357182,37.8380010631611,6.85389911223886,10.5583129758662,-0.464948732849052,-7.16077239772609,19.1812184172542,12.620599875006,46.9759330407486,111.477972896345,0.216177324177939,51.2766613320358,4.14730361367659,6.01698525462596,0.679,1,0.455,0.993,14.3477726843907,43.2291716890467,14.0256499282177,42.5738298724409,8.5492292161046,13.2353485096197,-2.48667486187481,-8.45905446689805,17.1594922882284,11.322317805834,73.0893201894966,175.174450171091,6.18355186868009,71.5556024739479,5.15645707166062,7.5053980831124,0.65,0.998,0.537,0.995,16.8141203623581,51.8377309589631,20.9907769571075,63.5912811401948,8.944144124507,12.0707963657375,-1.54023113932517,-8.85326494219403,18.105936010778,10.928107330538,79.997714119953,145.704124903102,2.3723119625469,78.3803001366819,5.20890775690667,6.90692270096228,0.509,1,0.451,1,14.8033515650611,48.8604024065234,16.4744882973295,51.5306606867753,7.65749338549764,28.2354821977862,-0.056364606770416,24.0484564840912,13.552621575289,20.4637902628325,7.34896488975753,15.8367277533671,20.5779888122886,24.1048210908616,6.91116868754351,8.4877628636096,1,1,1,0,9.06971247917749,29.2505708056851,1.96710815306741,23.9692958016702,15.8441807739862,22.9676468601392,8.71618093701675,16.7963051006466,20.1808583265076,22.0021876486028,7.12346608615301,8.08012416362985,1,1,1,0,6.31896182216908,27.6874434932078,-0.475836536409968,23.6192143965326,13.4378546876517,20.8660593099911,7.18549377883623,15.5447455402529,21.3684816710387,24.0950509329426,7.4282046223394,8.35925176141663,1,1,1,0,7.36588806217625,29.8949147313759,-1.10822837735574,25.2650661352587,14.9948031253019,21.7856373381388,6.90762567428353,14.6915898232512,22.5290266691996,26.3732945126145,6.79083421283696,7.78396414896768,1,1,1,0
880,500,1,1,"L'Ecuyer-CMRG","10407_-380456272_-1501364678_-819601792_-1242795010_-1533067131_-1028927626","10407_-1479253020_-1931772191_-1801500245_147044596_1585625458_-1204457133",2096507183,398989701,7448243,450803106,2052039552,1328469636,1066615838,75.3689999999988,6.12999999999738,7.51699999999983,2.49699999999939,2.4900000000016,486.960999999999,1,NA,"613a6588e37d","not-a-git-build","bbd3d4119dab4c61438d29ca56ae93a0","confirmatory",606.936999999998,12.8056668827114,9.49775874164555,-9.16885868487832,-5.38577011742851,10.9835130399175,14.6253445644147,163.985104310972,90.2074211145044,84.0679695832686,29.0065197577859,7.4253814197791,5.43060778182946,0.366,0.881,0.522,0.995,13.7164714159941,40.7570734950645,14.6453903942725,41.779319674772,13.2906282841913,9.98812584452067,-8.8102787078683,-4.37627657481982,11.3420930169276,15.6348381070234,176.640800188547,99.7626578859817,77.6210109103175,19.1517966593167,7.6462398540807,5.73360962356739,0.398,0.912,0.537,0.995,15.2992942105989,44.5396386728409,16.0250502276722,46.8223076044999,14.0124451288981,15.1568324140816,-9.91225181911512,-4.52330784870081,10.2401199056807,15.4878068331424,196.348618490379,229.729568828554,98.252736125551,20.4603138941183,7.98972415320749,8.73847307780283,0.413,0.942,0.497,0.97,17.079681661161,51.2688147539546,21.9831067525038,65.4261411821179,13.4481038573296,11.8080891478829,-9.07842091347372,-3.70504806890902,11.0739508113221,16.3060666129342,180.851497357524,139.430969324351,82.417726282197,13.7273811929264,7.71720537637302,6.88525887021839,0.465,0.992,0.608,0.989,19.0294867101541,58.9999517920617,20.992713022795,61.4727383413762,-0.723163324888894,21.6360142215799,1.87770027256378,25.8182712990698,7.09866561379652,14.9028676177911,10.1481555790782,19.0181458652955,22.3591775464688,23.940571026506,7.80420200399459,8.86999028621734,1,1,0,0,0.51262164289296,22.6084583151485,2.63309132589169,28.093402999685,7.2035216106787,15.173596775746,10.9584075781036,20.1712518369322,22.0958366722556,25.4603116737933,7.97007516506731,9.21284425882862,1,1,0,1,-0.645522183470556,22.0448039622293,2.63993251121443,27.9953944742082,6.15195846876177,14.1578240695476,10.9895746523925,19.8907879387806,22.6903261456998,25.3554619629938,8.00586560078578,8.90121328638812,1,1,0,0,-1.74446448241952,23.0083943102236,4.80782440304257,28.6361910582637,6.42322895414652,15.5746000744426,12.3463994566195,20.7084959021761,24.7528587926431,23.8283666552212,9.15137112029604,8.36209644555656,1,1,0,1
881,500,1,1,"L'Ecuyer-CMRG","10407_-371080401_-1231064538_-29898933_-474243858_-338209861_2053947930","10407_-74402519_255373156_354243561_-1377903839_1907491162_1094452464",7448243,450803106,2052039552,1328469636,1066615838,2089721437,1114617787,79.4650000000001,5.21399999999994,6.41600000000108,2.04199999999764,2.03600000000006,487.351999999999,1,NA,"613a6588e37d","not-a-git-build","bbd3d4119dab4c61438d29ca56ae93a0","confirmatory",606.402999999998,8.13893608655236,10.4411534034825,1.3812667235767,-5.70482066787305,21.4915020126253,14.4730920264093,66.2422806209843,109.017684395055,1.9078977616603,32.5449788525915,4.65970359390057,6.0281547126267,0.528,0.999,0.41,0.939,12.3520032686865,37.989044426266,12.9286279191654,39.4146101055826,7.5382063330493,10.8279552259215,0.116461806468685,-5.92589903802523,20.2266970955173,14.2520136562571,56.8245547196246,117.244614374561,0.0135633523659494,35.1162794088684,4.31755327084966,6.25059738169672,0.53,0.998,0.439,0.933,11.7069656455747,36.7646571486026,13.7664170870503,39.9939067665773,9.56550145572598,11.3100388773166,0.000914285649219693,-6.36970024294322,20.1111495746978,13.8082124513391,91.4988180994959,127.916979406412,8.35918248369075e-07,40.573081184951,5.60070757294899,6.58516336964156,0.609,1,0.527,0.997,17.6481411896034,53.6721954416498,17.2445132681063,57.1589184379377,9.27536616455917,11.0972682085455,2.85096678312025,-6.20149725442062,22.9612020721689,13.9764154398617,86.0324174866491,123.149361692395,8.12801159845502,38.4585681965865,5.37168826175618,6.4566183064632,0.605,0.997,0.435,0.963,16.0534507725788,53.406587998066,13.9723405491077,48.6942086839603,12.1322553577523,31.3369912279271,2.70933623545863,26.5596608489534,18.1070976883409,24.9725218734023,10.2459531099749,18.382584521112,19.2047358701747,23.8503246134948,6.8654241850614,8.13663141113703,1,1,1,0,9.75623219400524,30.1322527043581,3.03613310162984,25.3769739819375,16.772893378917,23.6191079738704,10.2481949723946,18.6387016393972,20.3760205103528,22.3408408803077,6.84621459495344,8.39050666700265,1,1,1,0,9.63654608411807,30.9313542472239,1.77248473205631,25.9093580522042,16.2574344212635,24.0103106056833,9.29958003981595,18.6310423394121,21.2948081631058,24.1368733201479,7.7528761844199,9.3314622995961,1,1,1,0,11.5084988200575,33.6100033355623,1.14244365986111,26.441493586153,18.8228823129106,27.2414701584521,10.046325272706,17.9002859456126,22.1015045155048,25.2990499262919,8.41858784554149,7.85396067290656,1,1,1,0
882,500,1,1,"L'Ecuyer-CMRG","10407_-1211596322_691155427_-62109461_-1618583495_1326700853_-1144561075","10407_1561184296_-100672260_966901063_571090620_-1002431359_-1421253363",2052039552,1328469636,1066615838,2089721437,1114617787,1535502238,295717517,79.1630000000005,7.15899999999965,6.97599999999875,2.52100000000064,2.51599999999962,495.269,1,NA,"613a6588e37d","not-a-git-build","bbd3d4119dab4c61438d29ca56ae93a0","confirmatory",617.093000000001,6.50496320529554,7.33291903436624,-1.81500808446419,5.06788679861959,17.4758614650256,24.3738639396998,42.3145463022488,53.7717015645707,3.29425434667038,25.6834766036227,4.12019362048921,4.33839637808917,0.766,1,0.617,1,15.4683004968347,46.6211337514808,14.2252118801062,42.4352178637315,8.5220884751779,10.2482783964464,-3.87570646452378,8.51778869593034,15.415163084966,27.8237658370106,72.6259919787601,105.027210091069,15.0211005991514,72.5527242685186,5.18775651846856,5.98013604153577,0.715,1,0.454,0.998,18.3807422162946,53.4734971602977,16.0455820649733,47.4849650625956,7.95565748083725,14.4202235418102,-4.07149034728196,7.64573690281242,15.2193792022078,26.9517140438927,63.2924859524017,207.942846995776,16.5770336480101,58.4572927870277,5.28430587701671,8.28142430715148,0.763,1,0.363,0.997,20.4749486828997,61.9592142311985,20.8805918728753,61.9903536573085,7.20850160150759,11.8801443233833,-1.81971969969187,8.2133582912427,17.4711498497979,27.519335432323,51.9624953389374,141.137829144417,3.31137978544667,67.4592544203252,5.04596102499361,7.01778976966656,0.854,1,0.537,1,20.6022482686437,65.7702776269321,21.32856793695,63.3944509350903,6.67920084630849,29.6837687805496,13.1785036047002,34.3700291074795,13.4127710279518,20.8508231872466,21.0026587236003,28.0103454798831,23.0045679342411,21.1915255027792,7.43805215929483,7.00768675628278,1,1,1,0,5.02014985398166,26.8613536988986,17.0248312428401,40.3201848033714,10.9121260019721,19.2294095993761,23.6794917268215,31.5459859316912,21.841203844917,23.2953535605313,8.31728359740404,7.86649420486969,1,1,0,0,3.68941905203934,27.0917451898087,16.4864179326832,39.5546179893519,11.0874906796596,19.4510600431822,22.6127854700738,30.5179900847656,23.4023261377694,23.0682000566687,8.36356936352263,7.90520461469177,1,1,1,0,4.88273159339349,30.2821487878427,15.1220916642407,41.8174078985495,12.8709144516954,22.1425058637876,23.2791949067833,31.782049207038,25.3994171944492,26.6953162343088,9.27159141209226,8.50285430025477,1,1,1,0
883,500,1,1,"L'Ecuyer-CMRG","10407_-2024939581_-161222173_780448642_1655584418_-1850421016_108861108","10407_240307485_-1958853615_-214770000_268078144_-1884563100_1343292725",1066615838,2089721437,1114617787,1535502238,295717517,2063043500,1279582465,77.5390000000007,5.85399999999936,5.34999999999854,2.17799999999988,1.9539999999979,489.768,1,NA,"613a6588e37d","not-a-git-build","bbd3d4119dab4c61438d29ca56ae93a0","confirmatory",608.02,13.4698773395043,10.5060468639006,-11.3647800864582,-8.74551372535431,8.26939877992014,10.7640752664624,181.43759554129,110.377020706476,129.158226413556,76.4840103203606,8.22058651763265,6.0928749748185,0.235,0.787,0.381,0.975,12.0492166900392,35.8827818849482,14.3839126974903,41.8375292234797,13.277371016565,10.9964434715348,-11.1678707973783,-9.32731402801988,8.46630806900004,10.1822749637969,176.288581111521,120.921769022659,124.721338146934,86.9987869772964,7.93235081703285,6.41626936217323,0.288,0.89,0.365,0.995,13.3449216207414,40.1479799363367,14.4911994349558,43.7651105165591,13.0414930394929,10.7418778726207,-9.80057174099643,-9.03365058583995,9.83360712538188,10.4759384059768,170.080540699143,115.387940230299,96.0512064504179,81.6068429070465,7.94558494063749,6.36570074563214,0.414,0.912,0.494,1,17.8907255205361,52.5101841062545,18.5510970055991,57.2935902954386,13.2794740389416,12.1451775921318,-10.8664949791081,-9.72548771321426,8.7676838872702,9.78410127860248,176.344430750925,147.505338744421,118.080713130982,94.5851112598816,7.97152754209431,6.92909430197644,0.401,0.934,0.386,0.998,17.8905709071692,56.0655940548982,16.5356379424623,56.0149765191578,-2.96035121552686,18.7159770569379,-1.95305818922415,23.064603720768,4.3903747419041,12.2375622298984,6.20244589521278,15.341820656372,21.6763282724648,25.0176619099921,7.84718748799435,9.13937476115922,0,1,0,0,-3.68067728190736,19.9419566043226,-1.33815594697807,21.9550794240534,4.18015125240757,12.6748149808881,6.35148903670277,13.9892636845202,23.62263388623,23.2932353710315,8.49466372848051,7.63777464781744,1,1,0,0,-3.06125917046963,22.1662455968206,-1.55761116368272,23.3415312587119,5.08415755879937,14.6297006254581,6.06404209977662,14.6024286440436,25.2275047672902,24.8991424223946,9.54554306665872,8.538386544267,1,1,0,0,-4.13140752804327,20.8031923564053,-2.35165722755738,21.2849959371102,4.61227347424303,13.1358254806734,5.69407843258837,13.9734601107505,24.9345998844485,23.6366531646676,8.52355200643041,8.27938167816211,1,1,0,0
884,500,1,1,"L'Ecuyer-CMRG","10407_-1316199236_-1583736534_626831885_-1647116069_1217172018_1718335593","10407_-1868316819_-1110522641_2130948912_179487114_-1538589714_588682228",1114617787,1535502238,295717517,2063043500,1279582465,168930652,1073738505,77.2619999999988,6.12800000000061,6.93999999999869,2.56200000000172,2.81500000000233,492.091,1,NA,"613a6588e37d","not-a-git-build","bbd3d4119dab4c61438d29ca56ae93a0","confirmatory",613.460999999999,10.0630546282591,10.6833741781519,-7.06073034784191,8.05813557764757,12.9301227815174,28.1519272035637,101.265068451328,114.134483830404,49.8539130449358,64.9335489877495,5.77824490322557,6.19388417369263,0.449,0.972,0.434,0.991,13.9453945771893,40.7722762613902,14.1832208960425,42.8534665258151,10.2990348802333,11.0131429997959,-6.52489992925161,9.26761863263783,13.4659532001077,29.361410258554,106.070119464263,121.289318733953,42.5743190867477,85.8887551200159,5.89266548042493,6.44239322097963,0.511,0.989,0.415,0.969,15.090862599421,46.9910108908492,14.7972063458863,42.644554385982,11.0365035649716,14.5776222710715,-7.99061641377337,10.3773167230351,12.0002367155859,30.4711083489513,121.804410939632,212.50707107804,63.8499506720644,107.688702370185,6.54278882683494,8.52013527740889,0.579,1,0.331,0.973,20.2062661339876,61.2711439685383,18.2596081878847,57.5097361115946,11.9459343374479,9.94224215752578,-8.46427063855216,6.73289487093695,11.5265824908071,26.8266864968531,142.705347194616,98.8481791188829,71.6438774426562,45.331873343089,6.92635711494433,6.02904599193294,0.567,1,0.629,1,20.3591295894029,65.6042710914569,19.2027488981135,62.1818550205072,2.19907626518502,24.5273226050497,15.0295907954721,40.8730444303965,8.84454748619067,16.5383634705041,23.3404540043509,32.6035891346918,22.3282463398646,25.8434536349244,7.6938159843134,9.26313513034083,1,1,0,0,1.4259359603626,24.3812257245685,18.8179510227273,41.090497552653,9.51260077278625,17.4061518364522,25.2289990688174,33.1348055137857,22.9552897642059,22.2725465299258,7.89355106366595,7.90580644496821,1,1,0,0,0.943540302584942,23.8942951159478,19.5948757934226,41.4199118414576,7.66351295246066,15.955344153614,26.2471149377164,34.5899725571522,22.9507548133629,21.825036048035,8.29183120115332,8.3428576194358,1,1,0,0,-3.37968660805235,26.1354260506309,14.2904663720791,38.7487060438506,6.53742892094631,16.3354629288997,23.0581009555693,31.2868997948833,29.5151126586833,24.4582396717715,9.79803400795336,8.22879883931399,1,1,0,0
885,500,1,1,"L'Ecuyer-CMRG","10407_-298286834_-1507805449_-946805774_-524436290_-1414820467_-560686170","10407_1509268461_937092810_-1649266265_951593796_-539610565_1850879397",295717517,2063043500,1279582465,168930652,1073738505,464652038,42022083,78.5760000000009,6.57900000000154,5.13999999999942,3.03299999999945,1.979000000003,482.661,1,NA,"613a6588e37d","not-a-git-build","bbd3d4119dab4c61438d29ca56ae93a0","confirmatory",600.476000000002,5.64472493522258,7.38475637455562,-0.658515516216283,0.459209238633523,19.0420162846737,20.1763447767255,31.8629195943236,54.5346267115399,0.433642685097598,0.21087312484638,3.47375084544847,4.23311622674449,0.687,1,0.495,1,12.5734788924307,37.6996482776232,11.6742025785095,34.5565356243633,5.98191209162632,8.58108569272621,-0.141150362351286,0.978073544664451,19.5593814385387,20.6952090827564,35.7832722719451,73.6350316659105,0.0199234247918995,0.956627858772483,3.74128105522728,4.95073361769734,0.723,1,0.465,0.992,13.8091208464891,41.4287029932974,12.509145663677,39.3968171425842,6.86789775450965,8.70618347067392,-1.23779139934635,-0.151177265188,18.4627404015437,19.5659582729039,47.1680195663987,75.7976306250357,1.53212754829579,0.0228545655097229,4.50738907113171,5.29172990129343,0.796,1,0.621,1,17.6774812460256,53.9924397662503,16.6787281797814,56.1494116863568,6.48694035636953,9.06397467587335,1.12027162205299,2.46081872838602,20.820803422943,22.177954266478,42.0803951870956,82.1556369248734,1.25500850717724,6.05562881397539,4.0978519302514,5.26340626494041,0.667,1,0.55,1,13.6563108049401,49.1317410692662,14.9871328560276,50.8107815254552,7.63958126784959,29.7009285981431,9.08211616451507,30.2589932305149,15.1553349665649,22.7000683778855,16.1455848528464,24.1948922230704,22.0613473302935,21.1768770659998,7.54473341132056,8.04930737022393,1,1,1,1,9.35403122210556,30.3298399954157,9.0803566582975,32.180319299841,15.816407486285,23.1201239520368,17.0166193847377,24.2481669965574,20.9758087733102,23.0999626415435,7.30371646575185,7.2315476118197,1,1,1,1,8.50338813098232,29.4887149915656,8.88063076582549,30.8267235678089,14.7653419097143,21.6332452161635,15.5745418663631,23.376509226168,20.9853268605833,21.9460928019834,6.86790330644923,7.80196735980492,1,1,1,1,10.1244659680897,32.5623544400568,10.6589792720012,34.8649515726128,17.0597685458644,24.2633432406956,18.0116085369813,26.4856077623901,22.4378884719671,24.2059723006116,7.20357469483116,8.47399922540876,1,1,1,1
886,500,1,1,"L'Ecuyer-CMRG","10407_-601978320_-1534451848_-1341139319_-226817971_347612374_-1734935598","10407_1946220905_-1279271964_-792465349_462478549_1069975488_106481595",1279582465,168930652,1073738505,464652038,42022083,1674871782,117757398,79.3810000000012,7.66599999999744,6.30100000000311,3.30600000000049,2.57200000000012,478.798999999999,1,NA,"613a6588e37d","not-a-git-build","bbd3d4119dab4c61438d29ca56ae93a0","confirmatory",602.526000000002,9.58946989419208,12.0456856606704,5.4710662009009,8.2552793791829,25.8486065770101,28.6813135510587,91.9579328516163,145.09854303568,29.9325653746402,68.1496376283624,5.41060702030021,6.98893414162429,0.454,0.942,0.443,0.884,11.7189792579938,37.2865171563557,13.8789543725963,42.2721327515999,11.912440334371,14.0767243834834,8.97093754685458,10.4372151557219,29.3484779229637,30.8632493275978,141.90623471995,198.154169368557,80.4777204695653,108.935460206832,6.92351087035558,8.26223164467953,0.394,0.906,0.379,0.866,13.0772496214696,40.3194517159765,15.086857681581,45.3308694536892,11.3308188684306,16.8202883476611,7.48922202520534,9.82463368855776,27.8667624013145,30.2506678604336,128.387456229184,282.922100098463,56.0884465428208,96.5234271143441,6.37728225784743,9.71978834050865,0.473,0.972,0.421,0.89,14.6413372861089,48.2372845460428,20.7091219970335,60.7538797647232,12.8671612366751,15.0987748043259,7.35818729533134,8.74631115048105,27.7357276714405,29.1723453223569,165.563838290595,227.973000591745,54.1429202731756,76.4979587410291,7.22581833356633,8.73027995315462,0.462,0.948,0.463,0.931,15.9590963620208,51.1907511258464,19.5292910547314,59.3781607562525,15.0598992104598,39.0845258538753,17.5091566742246,39.141987133668,22.3046079157549,29.2458602828045,24.8323253981028,32.5733617201123,24.0246266434155,21.6328304594434,6.94125236704959,7.74103632200951,1,1,0,0,18.259626821557,38.9003076573276,20.9686098376498,42.4005946688115,26.1207469187704,32.9857007080653,26.8543831264657,34.3033073208485,20.6406808357707,21.4319848311617,6.86495378929493,7.44892419438277,1,0,0,0,16.5541948634965,39.4133932704606,19.099034472636,40.8764500858484,23.9954381789263,32.0995344891746,26.2217860175555,34.1854685658312,22.8591984069642,21.7774156132125,8.10409631024831,7.9636825482757,1,1,0,0,16.8340211164477,39.6103971114084,16.5634950309902,40.6585268018847,23.8601212461258,31.1192536180536,25.158238851223,33.3118918932261,22.7763759949607,24.0950317708945,7.25913237192779,8.15365304200316,1,1,0,0
887,500,1,1,"L'Ecuyer-CMRG","10407_201043062_-1373698526_-1695658193_-876373243_1569864433_-621003299","10407_-1485733211_-2084338839_-1674278171_1131348010_1652005095_457881335",1073738505,464652038,42022083,1674871782,117757398,705423258,57618481,82.1739999999991,5.28199999999924,6.67799999999988,1.98500000000058,2.59899999999834,483.689999999999,1,NA,"613a6588e37d","not-a-git-build","bbd3d4119dab4c61438d29ca56ae93a0","confirmatory",608.042999999998,7.03551407198885,10.0725852258976,-2.66998980762302,5.31052971109203,17.3592471583111,25.4692120510718,49.4984582571531,101.45697313297,7.12884557281082,28.2017258123912,4.17700959912576,5.72880738859503,0.645,1,0.5,0.963,13.3421181036571,41.5901982791664,14.1589440859298,43.0372032430203,6.72795923651558,9.27974487560567,-1.26320564764989,4.52065079051191,18.7660313182842,24.6793331304917,45.2654354882153,86.1136649563297,1.59568850825458,20.436283569756,4.08766577424252,5.31211272507745,0.698,1,0.544,0.994,14.1724574297337,43.0661164732134,14.8110619510789,43.7542430045381,7.15733969587261,9.87018343913085,0.0590769518216838,5.16951557385256,20.0883139177558,25.3281979138324,51.2275115221138,97.4205211220929,0.00349008623654155,26.7238912683042,4.52378374582657,5.98767783110447,0.72,1,0.705,0.997,16.5136294254256,51.6006461846986,20.1519322234454,61.3107078864872,6.21001663199381,9.08017064544526,-2.63860708824084,4.52221052725019,17.3906298776933,24.68089286723,38.5643065696397,82.4494989504058,6.96224736611478,20.4503880527725,4.25150813906275,5.43802307923177,0.794,1,0.588,0.997,16.8570891609409,52.8312845847473,16.097219391838,55.6128686020116,4.76109760904338,30.687902422868,14.0443188088987,38.3819684572445,12.858421042123,21.7858971577344,21.4560307750496,29.6779768817175,25.9268048138246,24.3376496483458,8.92747611561134,8.22194610666793,1,1,1,0,5.94281445989574,30.883167697963,14.0206696992053,35.4821812048481,15.0247983399733,22.6874725035726,20.9673267222931,28.1657134332951,24.9403532380673,21.4615115056428,7.66267416359925,7.19838671100195,1,1,1,0,8.41687285413966,30.9496833099873,13.2066634576503,37.9733166996736,16.0353792233566,24.0479532999924,20.8895824779772,29.8371070461481,22.5328104558476,24.7666532420233,8.01257407663583,8.94752456817092,1,1,1,0,6.13723986367958,29.0135445510703,12.9448921901947,36.3495566758494,13.4713030450176,21.4197683112852,20.7558510068965,28.7337883447633,22.8763046873907,23.4046644856547,7.94846526626762,7.9779373378668,1,1,1,0
888,500,1,1,"L'Ecuyer-CMRG","10407_804220409_1919248373_-333046416_720598344_-159495535_-6287022","10407_771920411_1449202531_723484677_-1301486483_-1334709784_1975009266",42022083,1674871782,117757398,705423258,57618481,226211757,1819036584,79.8559999999998,6.79399999999805,7.48199999999997,2.54199999999764,2.58699999999953,489.708999999999,1,NA,"613a6588e37d","not-a-git-build","bbd3d4119dab4c61438d29ca56ae93a0","confirmatory",613.663,9.48201251666305,6.97850123107692,7.54186158245374,-3.29426030611592,27.750448139008,16.8452922168952,89.9085613661548,48.6994794321421,56.8796761288916,10.852150964451,5.54391790335805,4.29988129526487,0.492,1,0.758,1,15.8536081886977,47.8877607640436,16.2108973387561,48.4032640898957,12.0045887701036,7.37942980103081,10.6170619699065,-3.41757094362933,30.8256485264608,16.7219815793818,144.110151539297,54.4559841883416,112.722004872835,11.6797911547394,7.11799162206402,4.55626792795224,0.335,0.996,0.751,1,16.720655169772,49.1656151478077,17.2905890951437,49.7797325281032,10.0411329968197,8.82787390878626,5.68179024775691,-3.62727512828662,25.8903768043112,16.5122773947245,100.824351859822,77.9313577494291,32.2827404195056,13.1571248562867,6.11429799745392,5.48149944823302,0.668,0.999,0.725,1,21.276419033678,61.1928893385138,20.0601734183275,61.7435980063271,12.3021954672487,15.8265997443724,6.21265243314125,-4.92879740669992,26.4212389896956,15.2107551163112,151.344013314394,250.481259468569,38.5970502550159,24.2930438762918,7.44262632289369,9.06643896338846,0.661,0.997,0.533,0.989,25.2092712498955,75.541642996876,24.6316187426341,73.1687874568715,15.7810376512788,39.8006333233582,6.1113241707472,29.239870939487,23.6047635019902,32.1362461022059,12.6649140233358,20.7006101429175,24.0195956720794,23.1285467687398,8.53148260021574,8.03569611958174,1,1,0,1,21.0558807171469,40.8550790656041,7.38148542798622,28.666042009322,27.1208527389645,34.3920647376598,12.6838754613146,20.3321654265323,19.7991983484573,21.2845565813357,7.27121199869529,7.64828996521772,0,1,0,1,15.5386659085327,36.621016815576,5.11604710140557,26.5044989699693,22.2746750643781,29.1419284525062,12.6906657866287,20.6009175962733,21.0823509070434,21.3884518685638,6.86725338812813,7.91025180964456,1,1,0,1,14.466993557703,37.6815444714082,3.24835399484562,26.4386885257315,22.0664250938523,30.6971031594535,11.2999582329954,19.1273095094391,23.2145509137052,23.1903345308858,8.63067806560126,7.82735127644369,1,1,0,0
889,500,1,1,"L'Ecuyer-CMRG","10407_2125123327_-282975723_758908_-247347856_2064762142_1968168192","10407_1582079701_-1271095707_981200360_-1735980273_-321283646_-380232251",117757398,705423258,57618481,226211757,1819036584,1362730621,1011446204,80.1850000000013,6.55600000000049,5.13799999999901,3.11699999999837,2.00800000000163,486.590999999997,1,NA,"613a6588e37d","not-a-git-build","bbd3d4119dab4c61438d29ca56ae93a0","confirmatory",605.896000000001,7.96121454827688,8.21647753400428,1.66543141208948,-2.93130866417236,21.6613593627718,17.126633282227,63.3809370836954,67.5105030667971,2.77366178837434,8.59257048465196,4.51661612340978,4.69710148375205,0.451,0.984,0.538,0.988,10.5423676263976,35.4775564918071,12.4581084079483,38.3918885750242,10.2506523381815,6.07384590103227,5.08600507447828,-0.817130309444252,25.0819330251606,19.2408116369551,105.075873358266,36.8916040294866,25.8674476176188,0.667701942612459,5.7250789877048,3.9002888739143,0.48,0.968,0.779,1,13.7264327414698,42.3905406017439,15.1049554735549,45.4042119559796,11.008031994462,11.2028249911,1.0510302078761,-3.75579926253359,21.0469581585585,16.3021426838658,121.176768391099,125.503287781216,1.10466449786808,14.1060281004479,6.20382844268139,6.57205240379926,0.586,0.994,0.624,0.999,18.0258171584792,54.5428339904595,20.1947340364764,62.0610744657307,9.77570349672582,7.57902547044962,-0.343844237110417,-2.94768509361498,19.6520837135719,17.1102568527844,95.5643788558974,57.4416270817241,0.118228859394045,8.68884741111995,5.68858137038203,4.84183227617373,0.615,0.998,0.726,1,16.829149081125,54.0163163254281,16.8097447587735,56.0515329078847,12.1604771811635,31.9296681746254,5.29752130351508,28.3141835233841,18.3140234951589,24.9705006711521,13.7013679111105,20.5834373400511,19.7691909934619,23.0166622198691,6.65647717599321,6.88206942894062,1,1,1,1,15.2458011560498,35.0089164812383,7.71255774835718,30.2260215593474,21.5701605843072,28.6398204078187,15.1678427209951,23.2382659168475,19.7631153251885,22.5134638109902,7.06965982351143,8.07042319585233,1,1,0,1,10.8422935045761,31.5529378416439,5.58015732200706,28.0589970754172,16.9705466428267,25.2249626565777,12.209682714504,20.4318082437008,20.7106443370678,22.4788397534102,8.25441601375098,8.22212552919682,1,1,1,1,7.69423733375893,31.957259770111,5.70223321054346,29.4037297409665,15.7359578684533,23.8455199512011,13.3113716398482,20.7005907391513,24.2630224363521,23.7014965304231,8.10956208274777,7.38921909930308,1,1,1,1
890,500,1,1,"L'Ecuyer-CMRG","10407_-1548025731_1294357559_-2067156905_969252279_1612608164_1514824041","10407_134068456_1177788539_-1470676404_1099477909_1163811614_973857457",57618481,226211757,1819036584,1362730621,1011446204,1356043343,632790793,79.0670000000027,6.18100000000049,7.49600000000282,2.50600000000122,3.26199999999881,479.087,1,NA,"613a6588e37d","not-a-git-build","bbd3d4119dab4c61438d29ca56ae93a0","confirmatory",602.617000000002,8.3920345160532,10.2995753307509,-1.57490203228385,-5.4215808669156,18.3997670896463,14.2784616726444,70.4262433186283,106.081251993812,2.4803164112918,29.3935390965053,4.78462660335161,5.94306520479935,0.506,0.996,0.404,0.931,12.5176113171361,38.7644213231646,11.5834339304701,35.5505779260871,7.98082683257273,10.8204803408309,-0.833260663639258,-4.79686998820423,19.1414084582909,14.9031725513557,63.6935969315129,117.082794806309,0.694323333568537,23.0099616837344,4.59058671035748,6.19347480868297,0.552,0.997,0.44,0.946,12.8660077013572,40.2200269880276,13.8957021573853,41.6826454059966,9.06651123997255,10.7677690149863,-0.940394584425501,-4.3409796914569,19.0342745375047,15.3590628481031,82.2016260645485,115.9448495601,0.884341974416811,18.8441046816413,5.36390453950346,6.19526412457821,0.638,0.999,0.479,0.975,17.0854999460623,53.3334431896672,15.334882349253,50.0991729805781,8.04772496514549,10.5620774402421,-0.579239224968578,-4.54215584996898,19.3954298969616,15.157886689591,64.765877114626,111.55747985367,0.335518079742199,20.6311797654074,4.84271943995469,6.08224844503241,0.611,0.999,0.482,0.973,15.0526545010868,50.3394590422205,15.1267493880805,48.5699789151088,8.50075127624457,28.501855657016,3.38877841763808,24.0388779565335,14.3579930233829,22.5524468614819,10.4609071559858,18.0573058493374,20.0011043807714,20.6500995388954,8.19445383809899,7.59639869335166,1,1,1,0,6.51906671574066,28.573281583041,3.64194741291209,25.7238773471084,15.7690424295548,22.8608412021753,10.9062461523391,18.6428090541745,22.0542148673004,22.0819299341963,7.09179877262046,7.73656290183539,1,1,1,0,7.87373611776549,30.4127818844576,3.5327858814851,27.8004455695282,15.144950672988,22.9149898585635,11.32914105193,19.5179717503275,22.5390457666921,24.2676596880431,7.77003918557544,8.18883069839758,1,1,1,0,7.9975671526994,30.7626729250131,4.04720070147911,27.8734924185623,15.6405741497203,23.595291838893,10.6195765263509,19.3499726076403,22.7651057723137,23.8262917170832,7.95471768917263,8.7303960812894,1,1,1,0
891,500,1,1,"L'Ecuyer-CMRG","10407_1252393014_-455892603_912543142_-192204275_392022639_1851456522","10407_441520219_1038340734_1164512700_1330963288_1622529772_1598328729",1819036584,1362730621,1011446204,1356043343,632790793,1171106644,1592068213,80.7749999999978,5.20799999999872,5.48199999999997,2.03999999999724,2.97899999999936,483.753000000001,1,NA,"613a6588e37d","not-a-git-build","bbd3d4119dab4c61438d29ca56ae93a0","confirmatory",605.358,7.41924212772768,11.566709184933,-4.45684301790526,-10.3079786609373,15.281200001087,9.35272594313723,55.0451537498491,133.788761368813,19.8634496862508,106.254424074338,4.38900970337344,6.77888120177232,0.652,1,0.303,0.999,14.2975252002863,43.4015247246787,14.1122414745427,43.892888395101,8.68227624077296,13.2039171231947,-4.07600380753687,-11.5519757296209,15.6620392114554,8.10872887445358,75.3819207210907,174.343427396194,16.613807039055,133.448143257751,5.0753317710472,7.88337332056418,0.639,1,0.277,0.947,16.4431394175061,48.2138197029695,14.7714962284592,44.3175395196636,9.99681042313639,13.7857925053983,-6.46259129089877,-12.0752844918989,13.2754517280935,7.58542011217557,99.9362186361284,190.048075001895,41.7650861932006,145.812495560294,5.86765013968583,8.07652086960713,0.589,0.997,0.393,1,17.8315425083933,55.8910498644187,20.4890700121285,63.369035852256,9.50152137772828,11.2292121750536,-4.19623748265743,-9.98560477092043,15.5418055363349,9.67509983315406,90.2789084914276,126.095206072372,17.6084090108592,99.7123026410288,5.60257112630373,6.55343674399059,0.617,0.999,0.397,0.999,17.289397796972,55.642811437151,17.2142411690575,53.35859704136,2.47155792789162,27.7879992797455,-2.79121348929828,21.1377805656097,11.4829511671094,19.6544601653519,4.98827994084951,13.6181085124665,25.3164413518539,23.928994054908,8.17150899824249,8.62982857161695,1,1,0,0,2.83842060209792,30.0200079478498,-3.09806487416673,19.1996454756753,11.2255246043291,19.4649194042463,3.78943876690889,12.138578935675,27.1815873457519,22.297710349842,8.23939479991718,8.34914016876606,1,0,0,0,0.931152758467033,25.145105557129,-4.12323781963994,19.6300860502887,8.96598772011746,17.7703270316003,3.24958307494156,11.743497003763,24.213952798662,23.7533238699286,8.80433931148283,8.49391392882142,1,0,0,0,4.56637196633116,25.7006255746331,-1.31445924390107,20.1117201302778,11.409545252958,19.6851193541614,5.87481572309146,13.4138765240425,21.1342536083019,21.4261793741789,8.27557410120337,7.53906080095103,1,1,0,0
892,500,1,1,"L'Ecuyer-CMRG","10407_2037299106_567344695_1953263282_-229640252_250310144_324790160","10407_-849855481_-1183629790_-898326371_1509084133_-1947492520_208377450",1011446204,1356043343,632790793,1171106644,1592068213,1710250573,428991178,79.3339999999989,6.3739999999998,6.15999999999985,2.82099999999991,2.4900000000016,484.940999999999,1,NA,"613a6588e37d","not-a-git-build","bbd3d4119dab4c61438d29ca56ae93a0","confirmatory",607.861000000001,8.61304987726215,7.23017293822153,-2.07323202149666,-0.404557223775811,18.1407244027301,19.884643469885,74.1846281882055,52.2754007165909,4.29829101495913,0.163666547309191,4.90990654084666,4.31029705654458,0.538,0.983,0.622,1,13.0045103545469,40.9691732302998,13.8228795478894,43.2747955570713,10.2342184179521,6.54369769269156,-0.796112643380841,1.85973726135722,19.4178437808459,22.148937955018,104.73922662635,42.8199794933368,0.63379534095083,3.45862268128046,5.82036115427627,4.10410890846788,0.56,0.976,0.741,1,15.7568333393969,47.452000226558,15.3313800961256,46.197022593448,11.4544800949845,6.83639133146304,-0.395970142114621,0.612505784147857,19.8179862821121,20.9017064778087,131.205114246396,46.7362464369031,0.156792353446273,0.375163335614581,6.61124028460895,4.60226500909588,0.611,0.988,0.815,1,19.5643220182552,59.6371863091904,18.1409008397531,56.9613921337044,10.451098312533,7.9490951455371,-0.715081929288377,-0.162448944950594,19.4988744949384,20.1267517487102,109.22545593823,63.1881136328015,0.511342165594788,0.026389659715561,6.06506769173559,5.0255178002352,0.612,0.992,0.721,1,18.1869148499358,55.6747748719102,17.9484149324475,56.3349424301465,7.8184393361955,28.8387006760091,5.48964592471077,33.5539658817772,14.0572031309132,22.1844711048055,15.5428188170782,24.6990984480594,21.0202613398136,28.0643199570665,8.12726797389224,9.15627963098119,1,1,1,1,7.71890871874816,30.5233405171514,8.57560801180041,34.4896211901488,15.5832127913089,23.4526240551147,17.4812425843846,26.7779920109477,22.8044317984033,25.9140131783483,7.86941126380579,9.2967494265631,1,1,1,1,7.60626231933312,32.0277380427488,9.86395540430947,32.362237627805,15.8635359113473,23.5606660674372,16.9485044797028,24.8704375977298,24.4214757234157,22.4982822234956,7.69713015608991,7.92193311802698,1,1,1,1,7.81084162007486,31.8961220792462,7.82612450325099,33.1783906105748,15.4454962422056,23.6176662194238,16.4579051335136,23.7986942788685,24.0852804591714,25.3522661073238,8.17216997721819,7.34078914535493,1,1,1,1
893,500,1,1,"L'Ecuyer-CMRG","10407_-795920889_2068171618_-1529677579_1912144634_-1616597261_1508366958","10407_-1787521286_-158479461_879261100_1098905086_1163913382_103163705",632790793,1171106644,1592068213,1710250573,428991178,1249780866,1390346459,78.6140000000014,6.42799999999988,5.125,2.37800000000061,2.02400000000125,495.423999999999,1,NA,"613a6588e37d","not-a-git-build","bbd3d4119dab4c61438d29ca56ae93a0","confirmatory",613.630000000001,6.06285355638293,5.86040889208705,-0.886880454184837,3.38075388767673,19.1104913178244,23.3740137972903,36.7581932461452,34.344392382453,0.786556940015103,11.4294968490413,3.75674575949166,3.72349894095618,0.685,1,0.736,1,13.2555876147894,42.3685507056739,14.226007446204,41.3763558925442,6.25379148675081,6.33398655096597,-0.216495783949345,4.36118584889514,19.7808759880599,24.3544457585087,39.1099079597569,40.1193856278178,0.0468704244678413,19.0199420086032,3.9551588478602,4.06223596931607,0.744,1,0.724,1,14.97625356989,43.7340720398573,15.2602374321141,46.2902303538096,8.38473200989759,8.16132126484976,-0.10659983971588,4.02805180340751,19.8907719322934,24.0213117130211,70.3037308778012,66.6071647880888,0.0113635258274513,16.2252013309345,5.2779784882351,5.46843178529291,0.731,1,0.802,1,18.7243663930609,61.0364077244441,21.8983469980482,65.7179318536681,8.0907199641015,7.81761176497789,0.0759677540858732,3.73820971456851,20.0733395260951,23.731469624182,65.4597495375106,61.1150537079207,0.0057710996608517,13.9742118700943,5.26935546460277,5.21901020020972,0.797,1,0.859,1,20.7818245499672,62.5743567265334,22.4503092460145,64.2552682708098,7.70179563551311,32.7388116756759,12.8458843422027,34.7384544157368,14.9060834758353,23.2223980648123,19.4384845249853,26.8972385274099,25.0370160401627,21.892570073534,8.31631458897707,7.45875400242458,1,1,1,1,7.94141383145408,31.0808325565018,12.3389845536612,36.7507606559495,15.3821537966165,23.9590877874674,20.2084784540728,28.3742222355911,23.1394187250477,24.4117761022883,8.57693399085085,8.16574378151825,1,1,1,0,8.70070294233772,30.3750360977086,13.0425524959951,34.2635015483542,16.2161917862847,23.8630120083442,20.5825093974067,27.4341559427689,21.6743331553709,21.2209490523591,7.64682022205948,6.85164654536217,1,1,1,0,7.39269976394759,31.9671080508978,11.8793810402902,34.3974558046115,15.7877870870343,24.7672288176528,19.7710582825033,27.5819129703251,24.5744082869502,22.5180747643213,8.97944173061855,7.81085468782172,1,1,1,1
894,500,1,1,"L'Ecuyer-CMRG","10407_-588497878_-632082228_620669965_1738779344_1942309024_-190722770","10407_655865220_-1801854533_1745520397_-792661897_620611493_421486255",1592068213,1710250573,428991178,1249780866,1390346459,2013856287,88224569,80.6389999999992,6.07300000000032,7.43699999999808,2.52200000000084,3.35599999999977,482.363999999998,1,NA,"613a6588e37d","not-a-git-build","bbd3d4119dab4c61438d29ca56ae93a0","confirmatory",607.207000000002,7.55543704242806,7.30583210898206,-5.20891796997733,-3.40541243491935,14.844306233798,16.6183227189902,57.0846289020941,53.3751828046332,27.1328264179527,11.5968338519033,4.49869528655807,4.22948699216171,0.623,1,0.589,1,14.9122053647562,45.9640155347282,12.6144622616982,38.5186195077654,7.24171953262434,7.74045115223098,-4.09570339859009,-2.06113463013584,15.9575208051852,17.9626005237737,52.4425017891929,59.9145840400739,16.7747863292224,4.2482759635452,4.47880549985366,4.54876193350525,0.724,1,0.619,0.996,16.4248205036706,49.0902985094578,14.3596426140268,42.4554885641346,8.98942666208039,8.09143712141245,-3.99905009438522,-2.0525625166993,16.0541741093901,17.9711726372102,80.8097917129218,65.4713546897714,15.9924016574025,4.21301288495896,5.57499670800275,5.18976771044441,0.727,1,0.757,0.998,20.1830396429237,61.6424537908451,19.4496923816719,59.7500872696918,8.30498587135938,6.22344243193676,-5.60279168277022,-2.34565667680851,14.4504325210051,17.678078477101,68.972790323479,38.7312357036309,31.3912746405191,5.50210524545636,5.32441995928369,4.35495951659189,0.741,1,0.825,1,19.8229787226573,62.4876025208614,17.1167949921182,56.9656293765675,2.1998097720045,28.0711931025336,6.0114680179794,27.0288308950649,11.1215324609686,18.6046496435289,13.2749335109972,20.0317171733793,25.8713833305291,21.0173628770855,7.48311718256026,6.75678366238218,1,1,0,1,3.89349893631254,28.0534775116514,7.11916694465904,28.6810087716227,12.2453680456439,19.9300969618154,13.8170530645723,22.035009544091,24.1599785753388,21.5618418269636,7.68472891617157,8.21795647951863,1,1,0,1,5.12709599064043,26.906002216242,6.1324874780646,29.6656505683931,12.4334034177605,19.7876738997213,13.8700015668373,21.8938118795457,21.7789062256015,23.5331630903285,7.35427048196086,8.02381031270844,1,1,0,1,3.40452149729479,26.4524789451585,5.91946086864357,28.197793181907,10.4286071488198,18.1630627823778,13.8980948012885,21.3399764801376,23.0479574478637,22.2783323132634,7.73445563355793,7.44188167884918,1,1,0,1
895,500,1,1,"L'Ecuyer-CMRG","10407_-247797504_60240691_913784969_-1304405645_1611077898_-1302719588","10407_1598670529_587510240_-2083506190_-1464441064_-1019811899_710798010",428991178,1249780866,1390346459,2013856287,88224569,1183412016,2057963143,79.1490000000013,5.15499999999884,6.37700000000041,1.9989999999998,1.98799999999756,493.234,1,NA,"613a6588e37d","not-a-git-build","bbd3d4119dab4c61438d29ca56ae93a0","confirmatory",612.847000000002,9.30823823192468,8.2809043800752,4.1918366435147,-2.48417799823888,24.5304784648464,17.781487129284,86.6432989822642,68.5733773519487,17.5714944459126,6.17114032693415,5.35124704545295,4.74449589099328,0.515,0.981,0.393,1,13.771864811299,43.0290026614388,11.2236169737791,35.3265405780993,11.0086497737071,8.32957205407525,6.35463037168758,-2.37988177777331,26.6932721930193,17.8857833497496,121.19036984014,69.3817706040313,40.3813271607743,5.66383727617743,6.33618587504771,4.78924000908037,0.475,0.945,0.418,1,14.7172469591381,44.7989903949915,11.6925350527741,37.9909587093628,9.88903908499246,8.33787220618943,3.93857327946458,-3.01468580081269,24.2772151007963,17.2509793267102,97.7930940245084,69.5201129267462,15.5123594777124,9.08833047762167,5.78272160187498,4.90394592779035,0.596,0.99,0.541,1,17.0153504507139,54.9636755011844,14.0945150466861,46.6501593913066,8.63530330401816,9.1018293995274,5.19987932542277,-3.30132543295916,25.5385211467545,16.9643396945637,74.5684631523869,82.8432984181013,27.0387449989592,10.898749614303,5.20533325476438,5.37486002692358,0.605,1,0.574,0.996,15.771618512045,51.8778306590235,15.5510227646411,48.9365177245485,11.2975861620795,36.2156849889509,7.40328627196742,28.6090463997498,20.2585729971929,29.394030560014,13.7017509215143,21.9073821039863,24.9180988268714,21.2057601277823,9.13545756282103,8.205631182472,1,1,1,1,15.9382202258495,38.1977161797434,7.55885226278551,28.7638001677612,22.5822149079834,30.4236347355324,14.2226628223701,21.2797726053861,22.2594959538939,21.2049479049757,7.84141982754898,7.05710978301599,1,1,0,1,11.3226382664132,35.8403307382148,5.00700254742912,29.7618141095593,19.9694930337484,28.8028823880784,13.1660694670198,21.0009180815203,24.5176924718016,24.7548115621302,8.83338935433001,7.83484861450058,1,1,1,1,14.1312907534882,38.0127703773972,5.16816704611746,29.9676170791642,21.3626021786587,29.5406580911287,13.0671753631288,21.0084448059182,23.8814796239089,24.7994500330468,8.17805591247001,7.94126944278948,1,1,0,1
896,500,1,1,"L'Ecuyer-CMRG","10407_-493216812_-780151186_1047278557_662190038_1684580555_-48573249","10407_1944551051_-1298167493_-1430698930_209404181_-47750251_23380064",1390346459,2013856287,88224569,1183412016,2057963143,378446468,1819687583,81.3909999999996,6.51199999999881,7.60699999999997,2.47999999999956,2.80600000000049,475.553,1,NA,"613a6588e37d","not-a-git-build","bbd3d4119dab4c61438d29ca56ae93a0","confirmatory",601.239000000001,9.2146615798267,9.25789130082111,4.57420091564598,3.31856884071857,24.3457739023119,23.0308964778099,84.9099880307343,85.7085513378191,20.9233140166965,11.0128991505882,5.27945373197308,5.35827932887521,0.426,0.912,0.388,0.952,11.2582838059045,33.0727537637746,10.8390567029448,34.6601131982537,9.69103076145451,9.77904850772219,5.63904352312317,4.65835468513826,25.4106165097891,24.3706823222296,93.9160772194575,95.6297897163835,31.7988118556773,21.7002683725495,5.5173447013225,5.60888482758166,0.491,0.97,0.448,0.955,13.6377828938627,41.2129141132989,12.5059957229536,38.7484735560869,10.9853622343319,9.08539777090094,6.89548669781507,2.24669561656818,26.667059684481,21.9590232536595,120.678183419485,82.5444526554917,47.5477367997445,5.04764119350668,6.26527041553436,5.32379626642322,0.527,0.949,0.49,1,15.519588255488,48.9079718634504,14.6888582339921,49.0096963178303,9.06453502459065,8.8549116177623,3.86545244635105,0.868627474034565,23.637025433017,20.5809551111259,82.1657952120307,78.4094597583818,14.9417226150013,0.754513688647668,5.24875916286669,5.17347944472972,0.504,0.965,0.436,0.999,12.7014491092005,45.2364826602115,12.9944708414949,44.5710659900905,14.2263803094132,33.9599741890677,12.6740209254254,33.5468868902847,21.1190899586841,27.6284071002142,19.1691201643346,26.8883165549583,19.7335938796545,20.8728659648593,6.50931714153013,7.71919639062362,1,1,0,1,12.2931275388178,35.4035549692002,12.8236274091492,34.7209107189772,21.7610831042231,29.653609454349,20.785293094232,28.0360748540305,23.1104274303823,21.897283309828,7.89252635012595,7.25078175979853,1,1,0,0,16.0468022680104,37.055985968199,10.1675964447784,33.1331342164913,22.6350447453512,30.7798205594152,17.9228238904013,26.107700284567,21.0091837001885,22.9655377717129,8.14477581406399,8.18487639416572,1,1,0,1,12.0890892798461,35.7585556373451,8.48963042416923,32.6736343806217,19.430705403706,27.7361834607282,16.0976639897351,24.6880914622039,23.669466357499,24.1840039564525,8.3054780570222,8.5904274724688,1,1,1,1
897,500,1,1,"L'Ecuyer-CMRG","10407_-1778345298_-1406264558_910635057_-1954374581_359225905_1723998337","10407_-1727508483_301628008_-2106533794_-1069212352_-1299744429_-1996478777",88224569,1183412016,2057963143,378446468,1819687583,672071281,997341294,80.0139999999992,5.21999999999753,6.47400000000198,2.01199999999881,2.03499999999985,489.668000000001,1,NA,"613a6588e37d","not-a-git-build","bbd3d4119dab4c61438d29ca56ae93a0","confirmatory",610.677000000003,15.5474337054246,7.22556951752429,13.4960390823464,-2.31558947655105,33.3424181067251,17.6558396276153,241.722694824573,52.2088548525761,182.143070912222,5.36195462391398,9.71185346090779,4.17909191208809,0.164,0.725,0.556,1,12.0915365131819,38.1841878403753,12.516179231139,39.7950785926325,13.2548047299462,6.74844923218668,10.8701420633829,-1.46845361856231,30.7165210877615,18.5029754856041,175.689848429003,45.541567039401,118.159988478125,2.15635602986874,7.82457103020995,4.13833277045695,0.32,0.896,0.731,1,14.1020302719081,41.4743055544859,15.3167608744225,44.8710914624101,13.4977448267723,7.89386923799041,10.4469558496613,-4.85855998092558,30.29333487404,15.1128691232408,182.189115408658,62.3131715464913,109.138886524772,23.6056050882516,7.67291449626543,5.30973223174282,0.37,0.97,0.809,1,15.5011745535836,51.2603285154071,21.5797314498021,64.8458945436359,16.3110530861759,5.71248378739751,14.3532928534864,-2.46948710923578,34.1996718778651,17.5019419949306,266.050452780047,32.6324710212795,206.017015737945,6.09836658268167,10.1542787158979,4.08928225028134,0.171,0.776,0.877,1,13.8906521150494,44.7398814313811,17.2770295858711,53.3961011682915,21.8840480581363,45.2862256318947,5.96827084320503,29.9681823201836,29.2142120325681,37.3522569708965,13.2184711722897,21.552946299206,23.4021775737583,23.9999114769786,8.13804493832847,8.33447512691625,0,1,0,1,18.4008081788465,42.9931463886067,7.61727308762154,29.8672551041769,26.7639861755337,34.9630897094121,14.6172736837269,22.2251426899491,24.5923382097602,22.2499820165553,8.19910353387832,7.60786900622219,1,1,0,1,18.6360665900838,42.566201956677,1.01238379222751,27.0412022726905,26.192228348833,34.4668650734068,10.7214761666588,20.1413983137851,23.9301353665933,26.028818480463,8.27463672457378,9.41992214712633,1,1,0,1,22.7572101540276,45.3554780037421,5.70323193964837,30.2108736931091,29.8838387763283,38.3809008388431,12.8761700814601,22.0701882321238,22.5982678497145,24.5076417534608,8.49706206251477,9.19401815066366,0,1,0,1
898,500,1,1,"L'Ecuyer-CMRG","10407_-584515046_494799306_1339963237_-1618234040_2103765666_2134267452","10407_1295078130_-1943830592_-1774317768_1557789208_-721727123_-349679893",2057963143,378446468,1819687583,672071281,997341294,940284513,1211466802,75.9369999999981,6.62200000000303,7.4230000000025,2.53699999999662,2.5109999999986,490.429,1,NA,"613a6588e37d","not-a-git-build","bbd3d4119dab4c61438d29ca56ae93a0","confirmatory",610.984,11.3944136744122,16.5589584590822,8.03149561716674,-14.1544974055912,28.0134897228361,5.68918945938022,129.832662983632,274.199105249609,64.5049218485685,200.349796804887,6.63297195488183,10.8494295934579,0.366,0.894,0.194,0.544,12.2592159135056,39.3790345667785,10.3552054299716,31.5334134792327,12.517434436776,16.4341466527664,9.36516341649898,-13.8236365445168,29.3471575221684,6.02005032045454,156.686164878985,270.081176204633,87.7062858177308,191.092927314902,7.33562285015285,10.4254984550411,0.352,0.881,0.238,0.635,13.5125789014202,41.9511917785035,11.9209997196472,35.6447242419316,12.4651823052282,15.9342562380209,8.44321471752983,-13.0714001390852,28.4252088231992,6.77228672588623,155.380769902573,253.900521858907,71.2878747663124,170.861501596075,7.07850824677195,9.40744480458654,0.419,0.953,0.315,0.856,15.0945231962891,52.3620459510112,14.7050736601075,50.7203563373978,11.6329305623823,15.2095267854688,6.79657878584556,-12.3532124405931,26.7785728915149,7.49047442437825,135.325073469208,231.329705037893,46.1934831922059,152.601857602425,6.63012686788955,9.17846431764488,0.415,0.953,0.278,0.84,13.4533651933223,50.9580062486222,11.6220475931738,44.8606126479986,15.0283811582244,42.0873987541744,-4.09793689625787,16.9209286490146,23.426911032861,32.5345460423395,1.70556693039032,9.0460371383979,27.0590175959499,21.0188655452725,9.10763500947846,7.34047020800758,1,0,0,0,17.3474405193366,41.3429886402253,-3.80707779521964,16.973344294098,25.040823488003,33.8371485197867,1.83923191189428,9.89498833967067,23.9955481208888,20.7804220893177,8.7963250317837,8.05575642777638,1,0,0,0,15.8097246818829,39.8750967293943,-5.93131600892303,18.1637756036907,24.0671294328898,32.642597853655,2.71368868501967,10.7980498190546,24.0653720475114,24.0950916126137,8.57546842076515,8.08436113403493,1,0,0,0,15.0616911507067,37.3941400369554,-2.69788494579826,18.1285356285775,22.8524449977685,30.5171737780382,3.36821809645784,11.4387109765621,22.3324488862487,20.8264205743758,7.66472878026974,8.07049288010424,1,0,0,0
899,500,1,1,"L'Ecuyer-CMRG","10407_1522852154_-1979420980_-424575806_-112732960_-1235077018_245784866","10407_1512702059_1794718601_-1947615521_2094066663_-828201883_-2147287771",1819687583,672071281,997341294,940284513,1211466802,16286708,1401991103,75.8819999999978,5.83599999999933,5.78600000000006,2.0109999999986,1.98199999999997,455.869000000002,1,NA,"613a6588e37d","not-a-git-build","bbd3d4119dab4c61438d29ca56ae93a0","confirmatory",570.763999999999,6.32911080545304,6.48066193073669,-2.74055227660457,-2.47758544882745,17.1410284815016,17.6572430301423,40.0576435877024,41.9989790604998,7.51062678080248,6.13842965624154,3.81653992115613,3.89608791406984,0.681,1,0.677,0.999,13.3591730143049,39.6845643743081,13.047059426592,38.3345467411393,6.22637774446888,8.38402814870412,-1.12494709216449,0.626836341350064,18.7566336659417,20.7616648203198,38.7677798168173,70.291927998263,1.26550596016935,0.392923798837134,3.95460851729544,4.81811462818873,0.763,1,0.47,0.999,15.3161060116371,44.9790212463646,12.8365595966467,38.4042514284625,7.30627864130978,7.25954273516003,0.0576592501671414,0.163045189316858,19.9392400082733,20.2978736682866,53.3817075844595,52.7009607236148,0.00332458912983699,0.0265837337593699,4.91288140363997,4.58052331782916,0.792,1,0.662,1,19.6868533882639,60.0255061073149,15.5024332692453,51.640192122573,6.38724860976844,7.82779945217708,-0.875860056204029,0.148161433572625,19.0057207019021,20.2829899125423,40.7969448029889,61.2744442635038,0.767130838053725,0.0219518103982953,4.29769063759102,4.65957256351384,0.746,1,0.573,1,15.6566254069817,53.5767278321367,14.2683003604888,48.0571572283866,4.83365451290216,29.3769874587721,5.96507004995705,29.8768517744221,12.8765673703601,21.04679773279,13.729653899931,21.2702122544179,24.5433329458699,23.9117817244651,8.17023036242981,7.5405583544869,1,1,1,1,7.17542220193113,31.2112687030953,9.28707818610486,31.2619631044993,14.1518287278346,22.7597213800869,17.1588784439845,24.5341500237501,24.0358465011642,21.9748849183944,8.60789265225227,7.37527157976556,1,1,1,1,7.8743967332694,32.1182389839997,9.78155454352072,31.4856867762427,15.5598709094993,24.5479349863847,16.4795677485657,23.8387677986866,24.2438422507303,21.704132232722,8.9880640768854,7.35920005012099,1,1,1,1,6.24152180158933,31.5354219676739,10.0008283685347,31.0333791503445,14.7879130215465,23.4464298613066,16.5601843971267,23.9635702486043,25.2939001660846,21.0325507818098,8.65851683976005,7.4033858514776,1,1,1,1
