"seed","n","dgp","seed_cell_master","rng_kind","seed_data_hash","seed_fit_hash","model_seed_propensity","model_seed_mvbcf","model_seed_bcf1","model_seed_bcf2","model_seed_bart1","model_seed_bart2","model_seed_mvbart","fit_seconds_mvbcf","fit_seconds_bcf1","fit_seconds_bcf2","fit_seconds_bart1","fit_seconds_bart2","fit_seconds_mvbart","converged_flag","error_message","hostname","git_sha","session_hash","seq_phase","replication_seconds","mvbcf_pehe1","mvbcf_pehe2","mvbcf_bias1","mvbcf_bias2","mvbcf_ate1","mvbcf_ate2","mvbcf_crmse1","mvbcf_crmse2","mvbcf_atesq1","mvbcf_atesq2","mvbcf_crps1","mvbcf_crps2","mvbcf_cov501","mvbcf_cov951","mvbcf_cov502","mvbcf_cov952","mvbcf_wid501","mvbcf_wid951","mvbcf_wid502","mvbcf_wid952","bcf_pehe1","bcf_pehe2","bcf_bias1","bcf_bias2","bcf_ate1","bcf_ate2","bcf_crmse1","bcf_crmse2","bcf_atesq1","bcf_atesq2","bcf_crps1","bcf_crps2","bcf_cov501","bcf_cov951","bcf_cov502","bcf_cov952","bcf_wid501","bcf_wid951","bcf_wid502","bcf_wid952","bart_pehe1","bart_pehe2","bart_bias1","bart_bias2","bart_ate1","bart_ate2","bart_crmse1","bart_crmse2","bart_atesq1","bart_atesq2","bart_crps1","bart_crps2","bart_cov501","bart_cov951","bart_cov502","bart_cov952","bart_wid501","bart_wid951","bart_wid502","bart_wid952","mvbart_pehe1","mvbart_pehe2","mvbart_bias1","mvbart_bias2","mvbart_ate1","mvbart_ate2","mvbart_crmse1","mvbart_crmse2","mvbart_atesq1","mvbart_atesq2","mvbart_crps1","mvbart_crps2","mvbart_cov501","mvbart_cov951","mvbart_cov502","mvbart_cov952","mvbart_wid501","mvbart_wid951","mvbart_wid502","mvbart_wid952","mvbcf_ate_l951","mvbcf_ate_u951","mvbcf_ate_l952","mvbcf_ate_u952","mvbcf_ate_l501","mvbcf_ate_u501","mvbcf_ate_l502","mvbcf_ate_u502","mvbcf_ate_wid951","mvbcf_ate_wid952","mvbcf_ate_wid501","mvbcf_ate_wid502","mvbcf_ate_cov951","mvbcf_ate_cov952","mvbcf_ate_cov501","mvbcf_ate_cov502","bcf_ate_l951","bcf_ate_u951","bcf_ate_l952","bcf_ate_u952","bcf_ate_l501","bcf_ate_u501","bcf_ate_l502","bcf_ate_u502","bcf_ate_wid951","bcf_ate_wid952","bcf_ate_wid501","bcf_ate_wid502","bcf_ate_cov951","bcf_ate_cov952","bcf_ate_cov501","bcf_ate_cov502","bart_ate_l951","bart_ate_u951","bart_ate_l952","bart_ate_u952","bart_ate_l501","bart_ate_u501","bart_ate_l502","bart_ate_u502","bart_ate_wid951","bart_ate_wid952","bart_ate_wid501","bart_ate_wid502","bart_ate_cov951","bart_ate_cov952","bart_ate_cov501","bart_ate_cov502","mvbart_ate_l951","mvbart_ate_u951","mvbart_ate_l952","mvbart_ate_u952","mvbart_ate_l501","mvbart_ate_u501","mvbart_ate_l502","mvbart_ate_u502","mvbart_ate_wid951","mvbart_ate_wid952","mvbart_ate_wid501","mvbart_ate_wid502","mvbart_ate_cov951","mvbart_ate_cov952","mvbart_ate_cov501","mvbart_ate_cov502"
900,500,3,1,"L'Ecuyer-CMRG","10407_-1183334517_1482340053_91205750_1542228361_-1244758035_-1326884989","10407_922112365_-743496353_1531702647_-856452748_150403597_-1575154605",997341294,940284513,1211466802,16286708,1401991103,1323769018,671252065,81.96,5.19800000000001,6.746,1.958,2.83199999999999,468.709,1,NA,"5b448b2f0770","not-a-git-build","bbd3d4119dab4c61438d29ca56ae93a0","confirmatory",592.381,8.12837871186158,10.6214354846147,-3.25889928517847,-5.52674463982887,17.1668212053158,14.3400593470239,66.0705404834445,112.814891753832,10.6204245509368,30.5449063138771,4.65950017352024,6.15144988732398,0.503,0.989,0.378,0.933,12.1795299140949,37.1112263237385,11.8256475645304,35.2197387880048,7.18707361315011,9.6122792407398,-1.20221005701949,-2.16973480956502,19.2235104334748,17.6970691772878,51.6540271208385,92.3959122019572,1.44530902119879,4.70774914383816,4.20498368985481,5.51413425841355,0.583,1,0.419,0.984,12.6077870369016,39.5320266143115,13.3052830808361,39.6198339291114,9.42150981805688,9.83246220753809,-3.11248996444279,-4.07021051942167,17.3132305260515,15.7965934674311,88.7648472517423,96.6773130626648,9.68759377875706,16.5666136724108,5.4314591456242,5.66024308193859,0.512,0.977,0.439,0.996,13.721645480839,48.2877182424054,14.2893993092692,47.1979493148928,9.41576860905996,11.0079661675599,-3.16079899495949,-5.04350430474968,17.2649214955348,14.8232996821031,88.6566984993589,121.175319146144,9.99065028653694,25.4369356720286,5.41193098567855,6.32642859066233,0.506,0.991,0.41,0.997,13.8547732114071,48.4442790603314,14.5703358342057,46.8315329643406,6.28952746847764,29.3361148773815,2.48036011229931,26.0222300562365,12.8442899158998,21.1543500009812,10.1133354339233,18.6244407039902,23.0465874089039,23.5418699439372,8.31006008508144,8.5111052700669,1,1,1,0,7.95866271051118,29.7127185665797,7.06759251552007,28.988568468675,15.5967682213799,22.9626740965989,14.0447614959508,21.4905395066443,21.7540558560686,21.9209759531549,7.36590587521898,7.44577801069349,1,1,1,1,4.16363947977498,27.9484094469493,3.03605584338615,29.6733439219247,13.355337584914,21.5933847395295,11.7147538991206,19.9558560684041,23.7847699671743,26.6372880785386,8.23804715461546,8.2411021692835,1,1,1,1,4.68811685440539,28.5010788584598,3.23354713027319,27.3217059481988,13.2762120398532,21.4349711852583,10.1040883417181,19.5008258092971,23.8129620040545,24.0881588179256,8.15875914540512,9.39673746757899,1,1,1,0
901,500,3,1,"L'Ecuyer-CMRG","10407_545299366_1855674690_1418170514_1880335478_1001002965_498517879","10407_1394090068_802750843_-1849716648_-975498225_652751447_-369040570",1211466802,16286708,1401991103,1323769018,671252065,1814863804,1213884683,82.738,5.251,6.41199999999999,2.02200000000002,3.09100000000001,470.527,1,NA,"5b448b2f0770","not-a-git-build","bbd3d4119dab4c61438d29ca56ae93a0","confirmatory",595.092,11.2429861711929,11.1076384622274,-3.72035675034682,-7.48874371768851,16.7387450573269,12.6785767184792,126.404738045635,123.379632207554,13.8410543498512,56.0812824692191,5.81704451242253,6.42677216665171,0.544,0.957,0.445,0.912,13.9311556875977,42.328705980192,13.5620334537712,40.0582574246865,8.25141430823973,11.3973558803239,-0.943722311882752,-6.74892297158616,19.515379495791,13.4183974645815,68.0858380862233,129.899721062753,0.890611801945326,45.5479612764034,4.65236004374563,6.53818295883246,0.631,0.999,0.465,0.947,15.0012866897022,43.0136895765625,14.6729976993189,43.006260791451,11.4867737531205,11.7901661047578,-4.64384048782857,-7.7059634637263,15.8152613198452,12.4613569724414,131.945971255378,139.008016777779,21.5652544763959,59.3818729042847,6.38051076188883,6.86138561318679,0.638,0.992,0.525,0.971,19.3371688301281,59.7902759787745,17.0687246803013,55.9328410604111,13.5340425043475,11.2322521798447,-3.4324585177501,-7.04281473818433,17.0266432899236,13.1245056979834,183.170306509486,126.163489031626,11.7817714760752,49.6012394363864,7.0854928565608,6.55919881567228,0.585,0.998,0.554,0.99,19.9044315459018,65.0528828828782,18.2313322587243,57.0753481584084,5.331284517199,25.7732331705047,1.82408195532369,25.3129136149574,13.2196001936147,20.3767847883275,8.93343710904666,16.2842815787419,20.4419486533057,23.4888316596337,7.15718459471277,7.35084446969521,1,1,0,0,10.0215294345069,29.0320105634028,1.25910454796515,24.7482102767832,15.8696813424017,23.1018446549815,9.77394944463895,17.2444309554755,19.0104811288959,23.4891057288181,7.23216331257981,7.47048151083654,1,1,1,0,4.21316974212753,25.4174866764364,0.50463604717618,23.3516325248824,12.2334439448473,19.7902950860053,8.74460272671245,16.3880165991449,21.2043169343089,22.8469964777062,7.55685114115793,7.64341387243249,1,1,0,0,5.7817686739151,29.6542979788811,1.57284247622717,25.5781654534148,12.8807263336814,21.1099513703334,8.70203628183298,17.4847099650748,23.872529304966,24.0053229771876,8.22922503665191,8.78267368324183,1,1,1,0
902,500,3,1,"L'Ecuyer-CMRG","10407_-310005945_-177754685_-1414625204_-647914437_136569295_-810880562","10407_1350264565_-1043085341_309455915_-1288298302_1108945078_-818842333",1401991103,1323769018,671252065,1814863804,1213884683,2136285009,1218407524,85.686,6.67200000000003,5.11299999999994,3.29900000000009,1.94799999999998,472.288,1,NA,"5b448b2f0770","not-a-git-build","bbd3d4119dab4c61438d29ca56ae93a0","confirmatory",596.852,6.62462253402741,9.94137203702869,0.47549996995966,5.93293963899938,20.6617819650081,26.436344314919,43.8856237183438,98.830877978616,0.226100221431638,35.19977276001,4.11140037742759,5.67131334569426,0.738,1,0.457,0.943,14.9935352037232,45.2095526394322,12.0004382119798,37.4584254078695,4.70156950247427,10.4936652450637,0.104709071534771,6.83607053183601,20.2909910665832,27.3394752077556,22.1047557865962,110.117010275458,0.0109639896616737,46.7318603162367,3.75246922525033,6.01896627529058,0.947,1,0.461,0.923,17.6401418181701,51.9583750448464,12.6600173548504,38.8585196508331,6.69385660243225,11.1658981443135,2.42865882762698,7.13354470962373,22.6149408226754,27.6369493855433,44.8077162139258,124.677281369183,5.89838370101043,50.8874601242007,4.80914895608019,6.36073436502444,0.868,1,0.48,0.933,20.7054936518377,62.8844220869484,13.6649242528846,42.7409623235584,6.16862143719216,10.6567858943884,1.44455581368209,6.34674628814433,21.6308378087305,26.8501509640639,38.0518904353866,113.567085598836,2.08674149884272,40.2811884460739,4.6887736101394,6.12350296835235,0.897,1,0.521,0.978,20.1397415551557,64.917714627843,15.0976654592285,50.3584203482498,9.19852484244444,31.5955224117156,13.9534904262078,38.3305943477738,16.8549906446757,24.4855673751676,22.6727234832842,30.2530271626077,22.3969975692711,24.3771039215659,7.63057673049191,7.58030367932355,1,1,1,0,7.91948562356848,31.2573171412372,16.6107737019042,38.8658765422971,16.2901359219954,24.5176478196058,23.0027872196064,31.3329027072728,23.3378315176687,22.2551028403929,8.22751189761038,8.33011548766648,1,1,1,0,11.3934518746214,34.4181464664908,15.5870292615549,38.6036116149716,18.5139999989527,26.7603964410073,23.6312125686776,31.6131225978334,23.0246945918694,23.0165823534166,8.24639644205456,7.98191002915585,1,1,1,0,7.79461935938864,34.295773873395,13.9409541932419,39.4727493267908,17.7778774189535,25.848115281813,22.407853183119,31.227094857875,26.5011545140064,25.5317951335489,8.0702378628595,8.81924167475597,1,1,1,0
903,500,3,1,"L'Ecuyer-CMRG","10407_-76736628_219715652_1531269947_591269191_-1147817526_775611184","10407_1891810113_678687280_1553272345_-974691317_-1755086602_-358638871",671252065,1814863804,1213884683,2136285009,1218407524,536929228,841029949,86.2109999999999,5.73400000000004,5.65999999999997,2.07899999999995,1.95399999999995,475.781,1,NA,"5b448b2f0770","not-a-git-build","bbd3d4119dab4c61438d29ca56ae93a0","confirmatory",601.439,9.07323752264828,12.0041496328471,7.75771444110173,-7.54261938845026,28.0572118482446,12.1023770416015,82.3236391423926,144.099608407783,60.1821333496784,56.8911072390258,5.32878563947868,6.91381499077358,0.475,1,0.423,0.88,15.4288361723991,45.4177738382488,12.4479497210159,38.5904130319394,10.257757242986,13.398335517176,8.95158917511393,-9.68136135638277,29.2510865822568,9.96363507366904,105.221583656033,179.515394630819,80.1309487600169,93.7287577128616,6.03435468398473,7.8440298139452,0.478,1,0.366,0.825,17.7095957758066,52.8146138878097,13.0473723441179,39.2309710434734,8.3046810947782,13.7452758387624,7.54288204874191,-9.72352558699362,27.8423794558848,9.92147084305818,68.9677280859665,188.932607883665,56.895069601233,94.5469498409197,5.36843080589185,7.90041859720836,0.709,1,0.427,0.931,19.93646621648,61.1065379464637,16.654683680338,52.6884107583395,8.3103856436982,12.6983989661908,7.10936162718133,-7.7865577804198,27.4088590343242,11.858438649632,69.0625095469851,161.249336304556,50.5430227460384,60.6304820678162,5.39721618529488,7.21425384116308,0.657,1,0.542,0.966,19.1523394088128,62.3635544893317,18.1257154525087,55.3890523270067,16.9236109014014,39.9951742071247,2.27292879442038,24.937574940021,23.944426523596,32.3817827761458,8.02357432968258,15.809144656522,23.0715633057233,22.6646461456006,8.43735625254975,7.7855703268394,1,1,0,0,18.4266504871636,41.0304952816794,-1.48977760234517,20.7666206057135,25.1520673508421,33.2360923581647,6.06777320820032,13.5084533140387,22.6038447945158,22.2563982080586,8.08402500732259,7.44068010583836,1,1,0,0,15.7020232875488,40.5080910973764,-0.500861810734378,21.0075614268039,23.6527389687515,32.04405289876,6.1711385614665,13.3502956437688,24.8060678098276,21.5084232375382,8.39131393000856,7.17915708230233,1,1,0,0,15.1512548737638,38.9367669137994,-0.321779217915544,24.3675625960691,23.3828772866767,31.3870112610378,7.35347597564679,16.218595257226,23.7855120400356,24.6893418139846,8.00413397436108,8.86511928157922,1,1,0,0
904,500,3,1,"L'Ecuyer-CMRG","10407_-2100644478_1169234441_-187317258_-2076073672_1039945386_25035821","10407_-418282651_125498966_2051986931_2069049222_317537865_-801564463",1213884683,2136285009,1218407524,536929228,841029949,1228336089,1604444879,85.6009999999999,5.67499999999995,5.70400000000018,1.99499999999989,3.27599999999984,475.134,1,NA,"5b448b2f0770","not-a-git-build","bbd3d4119dab4c61438d29ca56ae93a0","confirmatory",601.006,10.600297582758,7.92263400371765,5.82399091708592,2.92271128856493,25.8268228160623,22.931211743917,112.366308843025,62.7681295568632,33.9188702022993,8.54224127630487,6.15890891610124,4.67124548154265,0.59,0.991,0.639,0.982,18.365072260606,53.2485323740755,14.5548853625851,42.3853385272727,7.51703057317712,7.64908054448662,1.92687808653014,4.300132379419,21.9297099855065,24.308632834771,56.5057486380796,58.5084331760438,3.71285916035005,18.4911384805277,4.53824539665678,4.49228502854281,0.662,1,0.66,0.994,15.6262058065221,47.0914660610914,13.9629050054436,41.6228504534062,13.8660109065982,8.75623756272435,2.80048298728376,4.4468481802209,22.8033148862601,24.4553486355729,192.266258461899,76.6716962548649,7.84270496206578,19.7744587379339,8.03095283315379,5.24492878434338,0.592,0.99,0.662,0.99,23.4071729667229,69.8724380562292,17.1296869945335,52.2344679416903,10.3966838212405,10.4609655336787,2.61856382631199,3.8551306298884,22.6213957252884,23.8636310852404,108.091034478844,109.431799896813,6.8568765124697,14.8620321735037,6.19627679307938,6.09347026745417,0.638,1,0.529,0.967,20.2584750811093,65.2121920356909,16.706105294311,52.7069001813584,10.8283462468185,39.360026952708,10.7836859070094,35.1103795596512,20.7439641745947,31.0894670511227,19.2089993212862,26.7964476783006,28.5316807058895,24.3266936526418,10.3455028765279,7.58744835701445,1,1,0,1,11.0372762528437,33.8592911953642,13.0521979325806,36.9049874530348,17.8628025210768,25.9905393784847,20.4281704603048,27.6399433595298,22.8220149425205,23.8527895204543,8.12773685740791,7.21177289922505,1,1,1,0,9.68229910801442,34.4632432154217,12.8447658518287,35.9932099576613,18.8819217159719,27.4180643465417,20.7961953810112,28.2426378073636,24.7809441074072,23.1484441058325,8.53614263056974,7.44644242635242,1,1,1,0,10.1110108015806,34.7378423775512,12.4865886709662,35.1781177224717,18.327237246952,26.9619583896774,19.8883218254524,27.6464204852873,24.6268315759706,22.6915290515055,8.63472114272536,7.7580986598349,1,1,1,1
905,500,3,1,"L'Ecuyer-CMRG","10407_2013430007_279522678_-112002627_-700905089_168105008_1152216958","10407_431499202_-301217036_-497806939_879583822_-380618095_1592738716",1218407524,536929228,841029949,1228336089,1604444879,958995118,941286158,85.9759999999999,6.34799999999996,5.01999999999998,2.471,1.90300000000002,479.374,1,NA,"5b448b2f0770","not-a-git-build","bbd3d4119dab4c61438d29ca56ae93a0","confirmatory",604.095,7.12903216511026,10.1926219469589,1.8854318299612,-1.93066874165583,22.0113164720276,19.1517244999871,50.8230996111766,103.889542153628,3.55485318543084,3.7274817900069,4.1908404994349,5.87720334060558,0.614,1,0.479,0.981,13.3572011485417,40.5821625431917,15.110897448211,43.9448580550206,7.97592684290058,11.4797463972113,1.02194853159562,-0.120107518314526,21.1478331736621,20.9622857233284,63.6154090033021,131.784577344285,1.04437880123043,0.0144258159556743,4.66647699838975,6.49845455294148,0.611,0.998,0.478,0.978,14.1717033699224,44.1142050362993,16.2991966185321,48.2642085021473,7.25434329773503,15.3689804445964,1.66914510329633,-1.24576920042496,21.7950297453628,19.836624041218,52.6254966813931,236.205559906385,2.78604537585813,1.55194090072744,4.63381065244792,8.73850954026614,0.743,1,0.525,0.981,16.8905104047923,54.3774090827534,22.9556292893662,68.2465089284502,7.42489504875525,14.1273929650366,2.62414156643507,-1.03153654788385,22.7500262085015,20.0508566937591,55.1290664850302,199.583231988567,6.88611896069231,1.06406764962012,4.6265437349432,8.1574526782724,0.682,0.998,0.52,0.965,15.5633753020334,52.1627081821182,21.5361050824454,62.2192155033921,10.653202951314,32.3670548584215,7.5618559950991,30.0739634813044,18.4112148055117,26.0793897357486,15.1486220265327,23.5035700151583,21.7138519071075,22.5121074862053,7.66817493023686,8.35494798862567,1,1,1,1,8.51480908555136,32.5982264701262,8.15616312677388,32.193321894043,17.558682190851,24.9735267090896,16.8753672374969,24.8720041936389,24.0834173845748,24.0371587672692,7.41484451823865,7.99663695614193,1,1,1,1,9.26199257433028,35.6499176123832,7.57771307613071,32.4001654432594,17.3835346890687,26.0643409464235,15.6603226508347,24.4147506541125,26.3879250380529,24.8224523671287,8.68080625735479,8.75442800327778,1,1,1,1,11.0925562218373,33.3811373821513,7.30196778732356,31.8585770067789,18.1850808380985,27.0483877853805,16.1958698366517,24.3953142203861,22.288581160314,24.5566092194554,8.86330694728201,8.19944438373447,1,1,1,1
906,500,3,1,"L'Ecuyer-CMRG","10407_142115757_-1566729515_1537208469_428835711_-264277237_1926574838","10407_340805976_-1809043116_974976478_-2082773792_1841016317_-1015715672",841029949,1228336089,1604444879,958995118,941286158,433683538,426703446,85.9849999999999,5.86899999999991,5.61599999999999,1.98299999999995,3.19800000000009,472.388,1,NA,"5b448b2f0770","not-a-git-build","bbd3d4119dab4c61438d29ca56ae93a0","confirmatory",598.301,7.46643617808009,13.0481977770165,-4.67140285504133,-9.20873599072241,15.0676689860046,10.7914620861924,55.7476692013432,170.255465228138,21.8220046340883,84.8008185468263,4.39937481935107,7.69335599251239,0.682,0.999,0.352,0.828,14.8121412878888,43.0828845713371,12.498648327282,37.1660925896494,9.014739214964,11.5484272355676,-2.35402421108395,-7.35994556499704,17.385047629962,12.6402525119178,81.2655231138097,133.3661716152,5.54142998636939,54.1687987197197,4.95547852636715,6.60819813502814,0.665,0.995,0.441,0.903,16.0975080079199,46.7135817375557,13.7267482348225,40.4492072622205,8.26151805153638,13.1308472687194,-3.2056097785032,-8.94247422899885,16.5334620625428,11.057723847916,68.2526805158615,172.419149994436,10.2759340520353,79.9678453363086,4.90928275858594,7.43075227960379,0.754,1,0.519,0.955,18.2099456570829,56.1716575600188,18.3874846339682,57.7694874078946,10.7365207464099,13.5842313090921,-3.41131073885247,-9.5862133464931,16.3277611021935,10.4139847304217,115.272877738091,184.531340258917,11.6370409570102,91.8954863244824,5.78860297230211,7.65090578154814,0.825,0.998,0.503,0.967,19.127371030021,62.8395420536408,17.920019616741,57.8300741773556,3.49061303956208,26.7420198102819,0.559597476232167,21.5554870739437,10.4991777440004,19.6690495325942,7.47529404613981,14.5531075055614,23.2514067707198,20.9958895977115,9.16987178859386,7.07781345942157,1,1,0,0,6.8565534779071,29.167926512622,1.86148692815852,23.6851919242196,13.376789006135,21.0365028325112,8.43443003682578,16.3449267720788,22.3113730347149,21.8237049960611,7.65971382637615,7.91049673525304,1,1,1,0,4.40743199861445,27.8594294989298,-0.815019895766994,22.1674366657508,12.5207759327622,20.564231538734,6.85043907683652,15.431010218698,23.4519975003153,22.9824565615178,8.04345560597183,8.5805711418615,1,1,1,0,3.80825846782365,29.0996326819383,-1.26351788441365,23.5748657654828,11.4915139078483,20.8977720559999,6.5084375106025,14.4389347073269,25.2913742141146,24.8383836498964,9.40625814815162,7.93049719672444,1,1,1,0
907,500,3,1,"L'Ecuyer-CMRG","10407_-253098988_-1982838906_314413425_-469204222_-1659735267_753416866","10407_-1058738087_2057841954_-1355944131_-1212626261_682368579_490063207",1604444879,958995118,941286158,433683538,426703446,303605879,597549604,85.146,5.1880000000001,6.36500000000001,1.97699999999986,1.8889999999999,477.956,1,NA,"5b448b2f0770","not-a-git-build","bbd3d4119dab4c61438d29ca56ae93a0","confirmatory",601.577,9.84029537171383,8.31216763977811,4.97586537789376,-3.93927151686558,25.0543918775082,16.0448456517664,96.8314130025726,69.0921308717744,24.7592362589218,15.5178600835885,5.57134916977197,4.79223610201977,0.475,0.925,0.553,0.997,12.2134348418169,36.2126215424478,13.3407191723906,41.5706414377815,8.47479717887779,8.74578229699343,1.82414178406577,-5.74268522353063,21.9026682836802,14.2414319451013,71.822187223115,76.4887079864036,3.32749324837464,32.9784335765571,4.86448458169266,5.02607924743293,0.573,0.993,0.555,0.999,13.5907802023184,42.1749733271467,15.4052325012035,43.795638016957,9.44365683310406,10.313043474434,4.3172616884739,-4.68718589488103,24.3957881880884,15.2969312737509,89.1826543814331,106.358865705566,18.6387484867645,21.9697116131717,5.44809416869831,6.31479517548422,0.608,0.997,0.601,1,15.7494747739451,49.787709251702,21.5681600942341,64.0504184969966,9.73062801695653,7.26283809369862,3.49747038169564,-1.86314266378341,23.5759968813101,18.1209745048485,94.6851216043794,52.7488171752799,12.2322990708383,3.47130058560994,5.58500135668464,4.69355070251105,0.519,0.986,0.708,1,13.7354738715229,50.7099737683966,16.5505663374634,55.747770545413,14.0877173938059,36.4149055056945,3.39511102711648,26.6614941789867,20.8463750458033,28.9340065710745,12.5373698311818,20.0654044902794,22.3271881118886,23.2663831518702,8.08763152527121,7.52803465909761,1,1,0,1,9.85529430954381,34.0717194462532,1.54926304544245,26.537568735906,17.6076241282902,25.6832741107595,10.0141556460049,18.6295465448605,24.2164251367094,24.9883056904635,8.07564998246934,8.6153908988557,1,1,1,0,12.4526366267051,36.804110590892,3.58327887541524,27.6938546361365,20.15536730487,28.569249415896,10.9577410180581,19.6318055160548,24.3514739641868,24.1105757607212,8.41388211102592,8.67406449799666,1,1,0,0,11.7840174982012,35.0855042010747,4.6893126686971,31.1935499249658,19.884554432805,27.8301693244214,13.6869747369736,22.2522479329364,23.3014867028736,26.5042372562687,7.94561489161648,8.56527319596277,1,1,1,1
908,500,3,1,"L'Ecuyer-CMRG","10407_-1490731536_1768083558_-1454191143_51008969_-666223140_1848932738","10407_-1773923005_2022588628_174966361_1166890012_944523440_384733892",941286158,433683538,426703446,303605879,597549604,1822665001,1808991099,83.9450000000002,5.9050000000002,7.07400000000007,1.90000000000009,1.92500000000018,474.721,1,NA,"5b448b2f0770","not-a-git-build","bbd3d4119dab4c61438d29ca56ae93a0","confirmatory",599.049,19.1126773911359,8.73146420405939,17.7182030335835,-2.84742346725062,37.3953901562617,16.8945568702294,365.294437057637,76.2384671467705,313.934718739289,8.10782040184957,12.8745560779479,4.98863842781029,0.054,0.657,0.444,0.96,12.4555138668025,40.8077689839476,11.0088757254176,34.2431708744674,20.934912602023,8.55529664157925,19.5319899460544,-2.58481651289394,39.2091770687325,17.1571638245861,438.27056565434,73.1931006254172,381.498631252769,6.68127640532919,14.3732164185651,4.91649874827804,0.047,0.569,0.545,0.988,13.4436528894643,41.3306764284803,13.7012786092209,39.8130916314998,21.2897478664246,8.86112708989735,19.9659429737329,-3.46739128072311,39.6431300964111,16.274589056757,453.253364215933,78.5195733033127,398.638878830356,12.0228022936347,13.2078937322361,5.2081854680574,0.045,0.931,0.607,0.993,18.1429383615289,59.8235684183201,15.6129651364414,49.7940529482491,18.8876011474246,8.57302115455891,17.5128187602196,-1.81508985934397,37.1900058828977,17.9268904781361,356.741477104195,73.4966917165146,306.698820928299,3.29455119749333,12.3972119745474,4.9924502630178,0.071,0.72,0.537,0.989,14.0317530110323,45.9851474055207,13.6340085101995,47.1477870720476,25.152747024095,48.4312509123418,6.48086415324712,27.6144508783277,34.0252482906171,41.3958823539033,12.9693826075032,20.6540888829912,23.2785038882468,21.1335867250806,7.37063406328625,7.68470627548801,0,1,0,1,27.1525652560951,49.4957148841221,5.92281918708915,28.2304009281756,34.9669778336445,43.6633948738258,13.0009688273963,20.9589408844782,22.343149628027,22.3075817410865,8.6964170401813,7.95797205708189,0,1,0,1,28.09765220857,54.1336778903972,4.64595981443482,28.5410191182513,34.7657437603151,44.218059825999,12.3027005046725,20.0545072869529,26.0360256818271,23.8950593038165,9.45231606568397,7.75180678228047,0,1,0,1,25.8066564588161,49.1240960175028,5.89326666274474,29.3524209007157,32.9035434683322,41.574768609843,14.2339637207895,21.8536017377156,23.3174395586867,23.4591542379709,8.67122514151077,7.61963801692618,0,1,0,1
909,500,3,1,"L'Ecuyer-CMRG","10407_-544134411_1146492172_-371239428_852323604_-1539480854_1155764816","10407_293424825_-307732545_-719309167_528873998_295902704_1467570940",426703446,303605879,597549604,1822665001,1808991099,242075423,1179455171,84.8559999999998,5.10699999999997,6.76700000000028,1.90899999999965,1.9409999999998,474.676,1,NA,"5b448b2f0770","not-a-git-build","bbd3d4119dab4c61438d29ca56ae93a0","confirmatory",599.189,12.8330120944927,9.64869952639225,9.328083218282,-2.71465692279072,29.3618351636008,17.4470222920489,164.686199417395,93.097402550602,87.0131365271943,7.36936220845558,7.50777753752689,5.58513815494631,0.347,0.862,0.366,0.949,13.2358212589948,41.4941445427251,11.4483568441142,34.2999145993621,14.0458059527891,9.70384139618361,9.65809813643285,-2.57350088333395,29.6918500817516,17.5881783315057,197.284664863407,94.1645378422868,93.2788596129677,6.62290679652064,8.01132878574446,5.59992098352724,0.377,0.89,0.401,0.962,15.1292073645993,45.698193485322,12.3188854460609,36.7203233162783,14.4057538220809,10.2226158039974,10.091843265342,-3.83769493399292,30.1255952106608,16.3239842808467,207.5257431824,104.501873876137,101.845300492229,14.7279024063949,8.30748580398437,5.87256459274741,0.466,0.969,0.439,0.984,20.4543413049061,64.3903148367153,13.7536510544538,48.3089004921753,12.4709344245883,10.1601198816977,8.98197244413139,-2.99947262041692,29.0157243894501,17.1622065944227,155.52420542238,103.228036010468,80.6758289871356,8.99683600063073,7.20243839060891,5.87413735264861,0.43,0.948,0.392,0.978,15.6345267271323,53.5196410581923,12.4535978677268,47.7474485797051,19.6434349893223,40.372831647485,6.99393778564469,28.0909232632028,25.2734060121016,33.2379504776371,13.5928479860119,21.4592889302638,20.7293966581626,21.0969854775581,7.96454446553548,7.86644094425184,1,1,0,1,18.666071817741,39.9944986767111,7.40410869075425,28.9142567924794,26.2104443557824,33.4310507812237,13.9383265247926,21.0540863311191,21.3284268589701,21.5101481017252,7.22060642544125,7.11575980632651,1,1,0,1,18.7531848626751,41.2512054533915,3.82835746467917,27.3646703044406,26.1568166088707,33.9347260162177,12.6322576440629,20.5935514543634,22.4980205907164,23.5363128397614,7.77790940734695,7.96129381030052,1,1,0,1,18.121802320209,41.4434717921053,5.97441120545367,29.292638433162,24.6350958984653,33.0681382300093,13.1400945654613,21.1860755888554,23.3216694718963,23.3182272277084,8.43304233154402,8.04598102339409,1,1,0,1
910,500,3,1,"L'Ecuyer-CMRG","10407_1730616015_7052569_134522263_-795399112_787679390_-2143887841","10407_-566213646_-505212806_1140347222_49367723_-82305839_-701728720",597549604,1822665001,1808991099,242075423,1179455171,902252614,528951176,85.279,5.95600000000013,6.0659999999998,1.94200000000001,3.01299999999992,476.855,1,NA,"5b448b2f0770","not-a-git-build","bbd3d4119dab4c61438d29ca56ae93a0","confirmatory",601.697,7.38993972212176,9.97848524042658,0.453022922455101,-7.65963305671967,20.6067810999054,12.3550767177712,54.6112090965931,99.5701676934111,0.205229768269761,58.6699785635927,4.24822547730526,5.79202283233129,0.535,1,0.462,0.954,11.740938376227,37.0713210106154,13.4152813030479,40.7771684593486,7.28994683767669,11.3855972135381,-0.294845339010966,-9.49681688771519,19.8589128384394,10.5178928867756,53.1433248961523,129.631823908926,0.0869337739364912,90.1895309987924,4.21386620561477,6.60156144865397,0.592,1,0.38,0.981,12.3463821932514,38.6774753603266,14.8480063482203,43.5034810422012,8.43978752255093,11.5600635371631,-0.63423230154871,-8.18856474543042,19.5195258759016,11.8261450290604,71.2300134258064,133.635068983248,0.402250612327774,67.0525925901059,4.97672535172745,6.66808040446308,0.61,1,0.541,0.987,14.8677274259389,50.0935911950624,18.1190789511906,58.7466555944983,6.58773397701293,10.8981977547273,0.443470342101971,-9.04081866375892,20.5972285195523,10.9738911107319,43.3982389518906,118.770714301144,0.196665944324039,81.7364021109717,4.53920549900466,6.48941405090878,0.786,1,0.575,0.999,17.1126717790952,60.151884906918,20.3993668216285,63.8350214400064,8.30539398437906,32.1283971098617,-2.32473020971311,24.5460794088547,16.8746799935479,24.4872659463759,8.26644428609114,16.9845868151246,23.8230031254826,26.8708096185678,7.61258595282794,8.71814252903346,1,1,1,0,8.49967576472714,30.798068095504,-1.29113209231048,21.9298415861577,16.1091214650353,23.7063740027792,6.65783506067284,14.5610347235116,22.2983923307768,23.2209736784682,7.59725253774384,7.90319966283873,1,1,1,0,5.23366723662982,31.8930931571214,-0.632586133731687,23.4938847091233,15.3771515425014,23.9197794326059,7.46292070378018,16.1203589367866,26.6594259204916,24.126470842855,8.54262789010452,8.65743823300642,1,1,1,0,8.09772414955777,33.9321389921314,-2.25819941314613,25.6413042779137,16.324264017357,25.0933525879079,6.53243010922473,15.4076407579628,25.8344148425736,27.8995036910599,8.76908857055087,8.87521064873804,1,1,1,0
911,500,3,1,"L'Ecuyer-CMRG","10407_1393182925_-950913334_-555773635_-1174386251_1100382872_-328433121","10407_812859852_-1465857517_1980471075_-351509229_-1063419677_-1697736222",1808991099,242075423,1179455171,902252614,528951176,1968760127,1128225794,84.2110000000002,5.1579999999999,6.67500000000018,1.92899999999963,1.93899999999985,472.148,1,NA,"5b448b2f0770","not-a-git-build","bbd3d4119dab4c61438d29ca56ae93a0","confirmatory",595.567,12.354611446301,15.1399225404888,-5.714504760383,-12.7299610605551,14.0872597717833,7.7942121273234,152.636423989073,229.217254532001,32.6555646564399,162.051908603248,6.62564291242693,9.31883472830099,0.508,0.963,0.281,0.775,16.0102401778012,45.986564481299,13.497517413393,39.554597483309,14.6448070731155,13.9486154660036,-7.16885567444488,-10.5380575750003,12.6329088577214,9.98611561287819,214.470374208772,194.563873418435,51.3924916810206,111.05065745402,7.85854447161075,8.21890229197208,0.469,0.927,0.371,0.873,16.0244986296608,48.9506913887169,14.8395572878486,43.376060092806,15.5002632390119,16.7838420879692,-6.73160979726681,-12.4713905096886,13.0701547348995,8.0527826781899,240.258160478664,281.697355233885,45.3145704626586,155.53558124515,8.24117594323746,9.80878765960249,0.572,0.979,0.408,0.912,21.5746626581029,63.4893336898874,20.0101006029697,60.9051287313646,14.4408691613629,15.4527061089829,-8.52783731128578,-12.3485824151152,11.2739272208805,8.17559077276328,208.538702135601,238.786126090599,72.7240092077579,152.487487662892,7.81509517258801,9.12345487620894,0.535,0.956,0.416,0.922,20.2097681101119,62.3161084930635,19.3931508831697,62.0665132433145,1.22028770203825,26.3706613100322,-3.44358097170583,19.4362927209609,9.5924756838653,18.4574574633477,3.30628641255154,11.9106861706497,25.150373607994,22.8798736926668,8.86498177948243,8.60439975809819,1,0,0,0,0.26005669679465,25.3738524877305,-2.47767966694846,21.9136082294503,8.10014367689202,16.9316719161565,5.54037323277438,14.4431076524754,25.1137957909358,24.3912878963987,8.83152823926445,8.90273441970105,1,1,0,0,0.618160526073225,24.5335197755358,-3.01645364532168,20.5242716458492,8.97854221953823,17.5379642565816,3.84760907412599,12.0637824680747,23.9153592494626,23.5407252911709,8.55942203704334,8.21617339394871,1,1,0,0,-1.57723949938874,24.883424440674,-4.68539390648957,22.1600755441047,6.49848269048999,16.3506199184936,3.34994138269694,12.6235912521862,26.4606639400628,26.8454694505942,9.85213722800359,9.27364986948922,1,1,0,0
912,500,3,1,"L'Ecuyer-CMRG","10407_1142032118_415791771_683950389_1604967725_-376776880_-559124103","10407_-260749049_-2011167742_844827462_96686570_-37269488_82626007",1179455171,902252614,528951176,1968760127,1128225794,2034820414,2094477713,85.201,6.971,5.18499999999995,3.30799999999999,1.96500000000015,466.542,1,NA,"5b448b2f0770","not-a-git-build","bbd3d4119dab4c61438d29ca56ae93a0","confirmatory",591.03,9.40870485069095,11.9218504267704,0.318711561232714,8.11763508244125,19.7672442215649,28.188082589293,88.5237269674155,142.130517598285,0.101577059263394,65.8959993316809,5.34695457179476,7.0250954862172,0.512,0.985,0.327,0.875,13.8060773695798,41.0929353052625,11.5084200514261,34.3632273299968,9.08700231417095,13.6532523217975,1.36966176330749,10.888021280518,20.8181944236397,30.9584687873698,82.5736110577482,186.411298962669,1.87597334586659,118.549007405013,5.24947997385568,8.14972786615396,0.577,0.997,0.298,0.911,15.5017583925339,47.5598641072415,12.57814105015,38.8482618054449,10.7251328047514,14.6336990652135,0.288677794667823,10.9788754183834,19.7372104550001,31.0493229252351,115.028473679555,214.145148331231,0.0833348691342777,120.535705452383,6.28258920259163,8.3640423158259,0.579,0.996,0.365,0.96,18.2274689286787,59.1271941243031,17.2181630237191,55.6541533226303,10.0251843904164,12.5556146215097,0.924191983294733,8.56394279209439,20.372724643627,28.6343902989462,100.504322061848,157.643458523869,0.854130821986252,73.3411161462655,5.80678400878876,7.44906542571451,0.598,0.999,0.432,0.959,17.6250503208798,55.1236390002908,16.6159329572089,52.0228431561873,8.72921090492879,32.049704526995,16.9537676107393,38.1487221084902,15.604028347786,23.8313968441519,24.8938942978921,31.8523425096724,23.3204936220662,21.1949544977509,8.22736849636588,6.95844821178032,1,1,1,0,9.18196607151418,32.7325398003595,19.2509732466506,40.4527205221338,16.9036745801641,24.4142369525567,27.323542304108,34.942568901137,23.5505737288453,21.2017472754832,7.51056237239269,7.61902659702895,1,1,1,0,8.91623887453249,30.2228370776391,18.0993065323527,43.3632099479417,16.1927500940917,23.4522557078179,26.9247435477031,35.0076641898083,21.3065982031066,25.263903415589,7.25950561372617,8.08292064210519,1,1,1,0,8.50586112217822,31.8683298559542,17.0782100780929,39.9824794929346,16.6629704531652,24.2992890835668,24.6948963186907,32.6173704602656,23.362468733776,22.9042694148417,7.63631863040156,7.9224741415749,1,1,1,0
913,500,3,1,"L'Ecuyer-CMRG","10407_1434077905_2116151627_1368081460_1772909992_-1292039212_348000914","10407_-1340484399_1730068580_-1707778599_1359086025_1432016172_-55427879",528951176,1968760127,1128225794,2034820414,2094477713,549269381,428122094,86.3249999999998,5.16600000000017,6.50199999999995,1.91899999999987,2.02800000000025,460.149,1,NA,"5b448b2f0770","not-a-git-build","bbd3d4119dab4c61438d29ca56ae93a0","confirmatory",584.227,11.2130549575617,8.17689147847421,7.64995280199186,2.65025962832636,27.5412276962827,23.1802617251294,125.732601481298,66.8615542507441,58.5217778727031,7.02387609753659,6.4144914911517,4.68141523246871,0.391,0.948,0.521,0.984,12.6678161248049,40.7082173314962,12.1218579795109,36.2089569546769,11.6089829827125,6.9940967443993,7.9505370942679,1.34346424663768,27.8418119885588,21.8734663434407,134.768485892909,48.9173892700169,63.2110400873299,1.80489618199376,6.62810487687519,4.23319809187924,0.457,0.948,0.677,0.999,15.1922025078037,45.4561664313188,14.3670740654431,44.7700698277827,10.5779098245294,7.69750738916823,5.87928105904846,0.982396171530599,25.7705559533393,21.5123982683336,111.892176255877,59.2516200062995,34.5659457712859,0.965102237837978,6.11403496567242,4.88452724124161,0.538,0.997,0.718,1,16.7147919460318,54.3002405963279,17.2583529190766,56.4969310279575,11.5693349063297,6.23353127960165,7.14957898858825,1.03935830119752,27.0408538828791,21.5693603980006,133.84951017482,38.8569122137722,51.1164797140625,1.0802656782682,6.74697676027227,4.03946077970319,0.477,0.946,0.728,1,15.7553889995177,51.2961722884365,13.9123878721041,48.2496766021551,14.6911906735979,38.0852229769356,11.0847173762122,34.7936923998889,23.8717954382053,31.7281058883172,19.8224446647678,26.989310322693,23.3940323033377,23.7089750236767,7.85631045011189,7.16686565792521,1,1,0,1,17.0479288278107,38.5797195586669,8.44386829360832,34.1352091609738,24.4378369346269,31.5820254747499,17.8806969876441,26.294260687071,21.5317907308563,25.6913408673655,7.14418854012304,8.41356369942695,1,1,0,1,14.6681304899733,36.4403009943475,8.0762991694236,33.8147654413105,21.8918210570977,29.6089140173012,17.3857261205726,25.648973226698,21.7721705043742,25.7384662718869,7.71709296020345,8.26324710612542,1,1,0,1,15.2483946479306,38.3849924346527,8.38226715061591,35.3380988045131,22.9015741853162,30.8751953512306,17.3094522607793,26.2630894706717,23.1365977867221,26.9558316538972,7.97362116591437,8.95363720989248,1,1,0,1
915,500,3,1,"L'Ecuyer-CMRG","10407_-1933647988_-1665423622_1793323279_753918292_-927873429_2072682253","10407_-713288289_1056531148_342699348_-1315458652_-1997018421_-629956418",2094477713,549269381,428122094,584079654,1914201689,1176667827,1098603296,86.7420000000002,5.14100000000053,6.58700000000044,1.91600000000017,2.27600000000075,463.033,1,NA,"5b448b2f0770","not-a-git-build","bbd3d4119dab4c61438d29ca56ae93a0","confirmatory",587.009,9.90455139582826,9.32883448543342,-5.69930907523796,-2.3745414702086,14.2037860463608,17.7418828455742,98.1001383526036,87.0271528566117,32.4821239350898,5.63844719374041,5.66686806127437,5.34640634713266,0.471,0.926,0.404,0.958,13.0934280283975,39.5273197642559,11.1938039125267,34.1559869212781,9.90912702153071,8.56700861338088,-5.10226841935868,-0.584756473022313,14.8008267022401,19.5316678427605,98.1907983288301,73.3936365817421,26.0331430231849,0.341940132741495,5.64918215517501,4.92396012673378,0.487,0.947,0.483,0.992,13.3138529554436,39.5874742280172,12.629666745002,37.9393896689811,10.678597561664,9.55163836419057,-4.70662556213781,-2.05604840053081,15.1964695594609,18.060375915252,114.032445883977,91.2337954402771,22.1523241821691,4.22733502532531,6.10292291949752,5.55686402795107,0.519,0.986,0.542,0.997,15.9753549316752,50.3953271426051,15.5349421575889,50.553488224268,9.4771952818355,9.4638394186086,-2.88384152325323,-1.57118572822577,17.0192535983455,18.545238587557,89.8172304100451,89.5642565412099,8.3165419312395,2.46862459258035,5.54022319508137,5.53978261516328,0.593,0.995,0.53,0.996,16.5346890603645,54.2666867298599,15.0541252480561,52.1554689255059,1.33253463278594,26.8624531596193,6.65482550256261,27.7401995941409,9.46381400468539,19.2940879809819,14.2705660924168,21.5466136181233,25.5299185268334,21.0853740915783,9.83027397629649,7.27604752570653,1,1,0,1,4.30374527034614,25.8985717453146,8.4209265637176,30.2241657221463,11.4116151605432,18.0088564974346,15.6762373715242,23.4128359832177,21.5948264749685,21.8032391584287,6.59724133689148,7.73659861169354,1,1,0,1,4.06113819406369,27.033270082887,6.62462727575548,29.8941048260594,11.3763417258845,18.9728897515477,14.0513250794067,22.1100148708299,22.9721318888233,23.2694775503039,7.59654802566327,8.05868979142314,1,1,0,1,5.83982769116994,29.4083019027963,6.27805180542634,30.1533204497653,13.161856806838,21.2357596807686,14.2790102484667,22.729371099045,23.5684742116264,23.8752686443389,8.07390287393061,8.45036085057823,1,1,1,1
914,500,3,1,"L'Ecuyer-CMRG","10407_1807206663_269889858_-802746248_694839588_1334781625_2055038948","10407_-1282855777_-1815917442_-1314295499_1881708140_-2019460758_1318483364",1128225794,2034820414,2094477713,549269381,428122094,584079654,1914201689,87.4870000000001,5.25099999999929,6.5649999999996,2.00200000000041,2.26900000000023,463.758000000001,1,NA,"5b448b2f0770","not-a-git-build","bbd3d4119dab4c61438d29ca56ae93a0","confirmatory",588.578,6.83783044061636,9.51410763668271,-1.71739056664634,-2.21780273865531,17.501909366662,17.6693173640657,46.7559251346197,90.5182441223842,2.94943035840585,4.91864898758699,4.14009724164247,5.43089203799517,0.671,0.997,0.445,0.959,14.0471019628408,42.2311837822847,12.4521875221653,38.0638878105823,7.0078711119479,10.6859853364861,-1.25206019497707,-2.88855842116126,17.9672397383313,16.9985616815598,49.1102575216739,114.190282611596,1.56765473184601,8.34376975246163,4.24964771565664,6.09181593816531,0.695,1,0.488,0.971,14.91464352361,43.9654134889868,15.087602719496,45.0134084207203,10.363237995917,12.3639253403988,-2.38780795489703,-0.814747078276916,16.8314919784113,19.0723730244441,107.396701760019,152.866649822955,5.70162682946953,0.663812801560771,5.95762525292074,7.06260794292018,0.636,1,0.514,0.975,19.2808091208545,56.3887180949994,18.6577161080648,56.8521602437573,12.7787873607072,15.5812944383998,-4.08862002637859,-3.69253032469916,15.1306799069298,16.1945897780219,163.297406410171,242.77673637611,16.7168137201041,13.6347801988229,7.15781329749492,9.02414036121773,0.529,0.987,0.398,0.938,19.2713325652646,57.93398265407,18.9746280216903,60.5626028113425,6.42808798958944,28.5370710394159,7.20645396382865,28.6517525986094,13.9212359388159,21.2227218549921,13.8801063276132,21.4623503892442,22.1089830498265,21.4452986347808,7.30148591617618,7.582244061631,1,1,1,1,7.69458807331402,28.1580638560102,4.51128437824096,30.6007963180633,14.6055672851144,21.1969280624639,12.3763399486829,21.5500343407141,20.4634757826962,26.0895119398223,6.59136077734951,9.17369439203122,1,1,1,1,6.26410798338001,28.097091475715,7.09800170731694,30.8080054473374,12.9031503668428,21.0170813878205,15.0605045065696,23.084268067131,21.832983492335,23.7100037400204,8.11393102097769,8.02376356056135,1,1,1,1,3.29021737361277,25.7579911393272,4.16829615425148,28.5155203880134,11.1663642037302,19.1377801559221,11.8132127328336,20.4262554534296,22.4677737657144,24.3472242337619,7.97141595219193,8.61304272059601,1,1,0,1
917,500,3,1,"L'Ecuyer-CMRG","10407_-302739145_-843124091_-1800156517_1891671523_-1820735509_2122899564","10407_1136890874_82312202_-423858621_1936383181_484206186_-67920218",1914201689,1176667827,1098603296,67157182,468724922,1987026892,1896752490,86.0349999999999,5.1889999999994,5.39699999999993,2.00999999999931,3.00700000000052,457.732,1,NA,"5b448b2f0770","not-a-git-build","bbd3d4119dab4c61438d29ca56ae93a0","confirmatory",582.333,6.25951098738563,9.35590047697049,-1.36985658203544,1.97055612073564,18.6698763671266,22.4870289884504,39.1814778012015,87.5328737349767,1.87650705534582,3.88309142496868,4.01562600518019,5.35766095192336,0.767,1,0.434,0.981,15.49908792547,46.114978149175,12.6719893376384,39.1609346593607,7.45393336600523,9.67965578134735,-2.97279904126395,2.82049740241264,17.0669339078981,23.3369702701274,55.561122624846,93.6957360453712,8.83753413973984,7.95520559701644,4.69959223057516,5.51303207499453,0.742,0.999,0.471,0.995,17.2567823059913,52.2211901167971,14.0763010025399,43.9186582938025,9.56111473319741,10.8200865042685,-5.73360576017127,1.7842733648854,14.3061271889907,22.3007462326002,91.4149149413645,117.074271959854,32.8742350130692,3.18363144063947,5.83267354770753,6.23867941673752,0.644,1,0.552,0.995,19.7043140732552,61.6260444575029,17.6132074874575,54.336379817774,8.67404122001716,9.44131213696431,-3.72898952726611,1.86796043141422,16.3107434218959,22.384433299129,75.2389910865567,89.1383748675896,13.9053628944603,3.48927617332921,5.3204231359586,5.44187496535994,0.709,1,0.534,0.992,18.4001123296297,59.1235889977136,15.348077110669,47.1672439374516,6.8492077871625,30.828827349581,11.5624732753689,36.565621631518,14.2665268328813,22.9736056408343,18.0071338220628,26.4267323812784,23.9796195624185,25.0031483561491,8.707078807953,8.4195985592156,1,1,1,1,4.3056341565169,28.3899385119146,10.8662768073146,36.3159475573289,12.7734311082464,21.1474220444957,19.2649431683358,27.2881488059935,24.0843043553977,25.4496707500143,8.37399093624921,8.02320563765761,1,1,1,1,0.618110540958698,27.6177045613075,10.2113509928245,34.4541985702317,9.83563293511428,18.957694052645,17.9816146935821,26.6259143761093,26.9995940203488,24.2428475774072,9.12206111753071,8.64429968252729,1,1,0,1,2.22701079822288,29.214096822303,11.1848641422155,34.2462431044611,11.8908018397453,21.2732289513946,17.8132496782814,26.8680216843907,26.9870860240801,23.0613789622456,9.38242711164925,9.0547720061093,1,1,1,1
916,500,3,1,"L'Ecuyer-CMRG","10407_941660983_-847396214_-23117716_-1587364797_986935182_324997096","10407_562977902_748791801_-975539050_1909370146_-1969424744_1925993792",428122094,584079654,1914201689,1176667827,1098603296,67157182,468724922,85.942,5.6869999999999,5.09100000000035,1.94300000000021,2.4380000000001,465.022,1,NA,"5b448b2f0770","not-a-git-build","bbd3d4119dab4c61438d29ca56ae93a0","confirmatory",590.016000000001,11.0178892611545,10.5273574457825,8.00441862322187,-5.31684610103685,27.778516466339,14.9761960896394,121.393883771063,110.825254791273,64.0707174957812,28.2688524621108,6.44540158043839,6.12520320725566,0.33,0.897,0.361,0.828,11.2071824622908,36.0714688510148,10.8457715625997,31.9628804429329,12.6710765849643,9.58035186636204,9.73664690064132,-3.49643208642492,29.5107447437585,16.7966101042513,160.55618182203,91.7831418833067,94.8022928677682,12.2250373349818,7.33255130439501,5.48186053963653,0.39,0.928,0.471,0.971,15.3165303616148,46.1018301387847,13.0472184884653,40.6495153731704,12.3162159649576,10.5632605206645,7.39794286905518,-4.58271480414105,27.1720407121723,15.7103273865352,151.689175695476,111.582472827429,54.7295586938044,21.0012749760935,7.07093168008059,6.05743582412399,0.451,0.969,0.48,0.972,16.2231621648768,52.9450572294972,14.4303350415999,48.5121019788781,12.6365095874529,9.68126333682102,9.96968617172053,-2.53429494659501,29.7437840148377,17.7587472440813,159.68137455379,93.7268597968749,99.3946423625955,6.42265087633699,7.28369432700539,5.52062288597606,0.387,0.982,0.468,0.991,15.8624512053122,52.4406846552729,13.8663403641697,44.9156975645961,16.8052246532652,38.250488554663,4.48687265090942,24.116693168013,24.5230525370449,30.7944357740197,11.4252355221293,18.6743852328428,21.4452639013978,19.6298205171036,6.27138323697474,7.24914971071341,1,1,0,0,19.1165630497102,39.1740417637506,4.23336534308463,28.0058321064277,25.8216153777787,33.2792046757202,12.9379283129329,21.3264996616822,20.0574787140404,23.772466763343,7.45758929794152,8.38857134874933,1,1,0,1,16.2803622835202,38.7136956762376,3.02107321475534,27.0408250498041,23.4529283834759,31.0249711197206,11.6994956446057,19.9017651270138,22.4333333927174,24.0197518350488,7.57204273624474,8.20226948240803,1,1,0,0,16.6837393592773,41.8821808033153,5.73857517873767,29.0968512648576,26.1077535043946,33.7348927614975,13.9534013237728,21.5541908325802,25.198441444038,23.35827608612,7.62713925710294,7.60078950880739,1,1,0,1
919,500,3,1,"L'Ecuyer-CMRG","10407_-26879148_1963959847_1885719022_589903017_-249367699_1990410718","10407_366722634_-1608005633_505953060_-239366715_-1095818256_2034112646",468724922,1987026892,1896752490,1265916742,1711001461,1584499686,1084036825,86.8060000000005,5.9399999999996,5.88899999999921,1.98899999999958,3.11899999999969,466.223,1,NA,"5b448b2f0770","not-a-git-build","bbd3d4119dab4c61438d29ca56ae93a0","confirmatory",591.921,7.60320425650718,13.5051173952245,-1.97422374534757,-12.0770881575275,17.3484636427473,7.97061626121938,57.8087149661689,182.388195858795,3.89755939669417,145.856058364691,4.41602671988344,8.38373058372344,0.631,0.996,0.175,0.85,13.7461879890166,41.9583772146382,12.4526057696604,37.646947865755,8.12120915241727,11.0778439734975,-0.690555442227549,-9.50896740068919,18.6321319458673,10.5387370180577,65.9540380973061,122.718627101155,0.476866818790085,90.4204610273697,4.74753735345854,6.48839638333396,0.608,0.996,0.316,0.996,14.8070650739937,44.3810753823007,14.2686361282386,41.8827818610103,7.55797433873588,12.0660201586146,-0.541332916009299,-10.321742879435,18.7813544720855,9.72596153931186,57.12297610499,145.588842468095,0.293041325955131,106.538376069168,4.72437981470168,7.07281530589106,0.733,1,0.388,1,16.9770409983869,53.7102480467106,17.3604233724762,53.3922401881072,8.1384306057077,12.5213559271304,0.1826928524039,-9.30821744182558,19.5053802404987,10.7394869769213,66.2340527239199,156.784354253883,0.0333766783194731,86.6429119443059,4.77798561015168,7.29860012980425,0.584,0.999,0.4,0.966,14.4939086088011,48.6622793785136,15.6220581662023,46.8567652059982,6.43545550105461,28.253654590906,-3.72519747755328,17.5495301888529,13.5498093581988,20.8659404003581,4.65753586703811,11.827836560077,21.8181990898514,21.2747276664062,7.31613104215933,7.17030069303892,1,0,1,0,8.02062464470977,29.0185336413414,0.140629002169689,20.5773740006556,14.8899213182951,22.2814842691907,7.02287521148744,14.3180313112741,20.9979089966316,20.436744998486,7.39156295089561,7.29515609978669,1,1,1,0,8.53072782565317,29.2097548255005,0.162682738499509,19.8860130867378,15.0667182798673,22.4542666422251,5.91401141669928,13.3840856695795,20.6790269998473,19.7233303482383,7.38754836235785,7.47007425288027,1,0,1,0,8.8771397307204,29.7062974670795,-0.0420220101835994,22.6457426546115,15.6953525859525,23.1616626304095,6.95940890771988,14.5282667444706,20.8291577363591,22.6877646647951,7.46631004445708,7.56885783675075,1,1,1,0
918,500,3,1,"L'Ecuyer-CMRG","10407_1550369907_381439314_608621139_873795381_318374921_1634716709","10407_835538113_-597275226_1628857604_393253071_223524810_60295015",1098603296,67157182,468724922,1987026892,1896752490,1265916742,1711001461,85.7640000000001,5.04599999999937,6.00099999999929,1.98099999999977,1.91200000000026,467.17,1,NA,"5b448b2f0770","not-a-git-build","bbd3d4119dab4c61438d29ca56ae93a0","confirmatory",591.651,10.7793685717166,7.79682866363233,-5.35152259585275,-0.324530664588863,14.1992528555609,19.3842429294569,116.194786804911,60.7905372100387,28.6387940939226,0.105320152258489,6.08861150276203,4.56680523647319,0.466,0.96,0.657,0.992,14.5379268163647,44.6135540110877,15.3884905658687,43.9181127515628,10.6859222004142,7.80854675607376,-6.5593626048808,-2.20987545350878,12.9914128465329,17.498898140537,114.188933273305,60.97340244179,43.0252377823086,4.88354952002065,6.12588476067889,4.5907270842239,0.488,0.976,0.713,0.996,14.9270628118594,46.0863719626186,15.7695845135011,46.8100476501589,12.9802014956548,10.0463493192522,-6.76553244877496,0.0691047359796748,12.7852430026387,19.7778783300254,168.485630867799,100.929134644439,45.7724293154269,0.00477546453482056,7.31574755198736,6.0505066797802,0.641,0.991,0.763,1,21.8762868288064,66.2140271641667,23.0330181769399,67.392130172396,11.0656628198973,10.8087378891647,-5.05165466976777,0.00401042173393762,14.4991207816459,19.7127840157797,122.448893643657,116.828814756665,25.5192149025865,1.60834824840392e-05,6.20645018618846,6.23405805931598,0.642,0.994,0.672,0.999,19.4571383589908,63.1137193425716,20.4434360008932,63.5240030289572,2.52125451476017,25.9056227850012,7.39085046701356,30.901341515578,10.091193810325,18.1469473941648,14.9995971320189,23.7173320068793,23.384368270241,23.5104910485645,8.05575358383982,8.71773487486043,1,1,0,1,0.525417580937503,25.482094508558,4.61385776437606,29.2852389048018,9.03035343637111,16.886662450336,13.4411561684057,21.4280422683797,24.9566769276205,24.6713811404257,7.85630901396488,7.986886099974,1,1,0,1,-0.00187769971859142,25.1167640096355,8.75445101961233,31.4708906147337,7.9342609774636,17.5784050026026,15.4137571175117,23.998257739025,25.1186417093541,22.7164395951214,9.64414402513896,8.5845006215133,1,1,0,1,1.50822268686092,27.5548599785909,6.87903782991125,33.4448843370367,9.67298236521117,19.3057636803989,15.6290933275873,23.8455409356818,26.04663729173,26.5658465071254,9.6327813151877,8.21644760809454,1,1,0,1
920,500,3,1,"L'Ecuyer-CMRG","10407_1016614125_1732576340_55381658_1592055692_-382209195_-1835075673","10407_-611858654_1558723910_-1074456750_-743099303_-205237541_1174864731",1896752490,1265916742,1711001461,1584499686,1084036825,570077865,222953881,85.0739999999996,6.16300000000047,5.04100000000017,1.94700000000012,2.09799999999996,465.255,1,NA,"5b448b2f0770","not-a-git-build","bbd3d4119dab4c61438d29ca56ae93a0","confirmatory",590.515,8.53652467140012,8.51451924182004,2.97230602525818,-0.948347452598121,23.0762585552106,18.832805509862,72.872253465423,72.4970379193237,8.83460310778607,0.899362890849345,5.02521522347611,4.87462766231896,0.643,1,0.482,0.995,16.5710283980517,48.0989700053019,12.6419795931475,38.9276895104886,7.7407748344425,8.38265042300923,2.86338160402032,-1.53574974356911,22.9673341339727,18.245403218891,59.9195950375383,70.2688281143769,8.19895421024199,2.35852727487257,4.66248188282053,4.81058319220418,0.71,1,0.502,0.992,16.537019043467,48.9371803141848,12.8050765879412,38.5956103105048,9.87621382263254,8.74294526846259,1.0551156707778,-0.746536579660848,21.1590682007302,19.0346163827993,97.539599470358,76.4390919673324,1.11326907872088,0.557316864771718,5.88261761806572,5.09359160660188,0.688,1,0.534,0.998,20.1904554856103,60.1570408313875,14.5139479886801,48.631892740406,10.3581591622542,10.2285999957104,2.00488664586061,-1.29022910961682,22.108839175813,18.4909238528433,107.291461230591,104.624257872246,4.0195704627502,1.6646911553026,6.13520918046109,5.8565541228716,0.666,1,0.539,0.994,20.6990882483616,65.937743303287,16.722292845315,51.7132284338236,12.5826829314537,35.2275387676065,8.03541070878362,29.8400161178108,19.1908476619317,26.8842610439727,15.1863093767923,22.2862232624472,22.6448558361528,21.8046054090272,7.69341338204097,7.09991388565495,1,1,1,1,12.1677105778988,34.238590254435,8.50078528254908,28.3999379631183,19.2740965904029,26.6035177260715,14.6427440145573,22.1801897060291,22.0708796765362,19.8991526805692,7.32942113566858,7.53744569147184,1,1,1,1,10.7991080801914,30.6827915307576,9.73522505664489,29.4707901831534,17.6083415271797,25.0901535613732,15.5820155131826,22.0967615459708,19.8836834505662,19.7355651265086,7.48181203419355,6.51474603278817,1,1,1,1,11.5877804284241,32.9022375949435,8.54377632942384,30.4135205140181,18.4557333806375,25.8093218028699,14.368983236734,22.3834254960436,21.3144571665194,21.8697441845942,7.35358842223246,8.01444225930967,1,1,1,1
921,500,3,1,"L'Ecuyer-CMRG","10407_1179236431_-1722587008_-200581002_-1592520451_1047560392_1373303063","10407_-771228241_-1942762907_-488730203_-510694872_364527333_1510412126",1711001461,1584499686,1084036825,570077865,222953881,1097645490,1788146069,85.1329999999998,6.01699999999983,6.54700000000048,1.96699999999964,1.96199999999953,473.14,1,NA,"5b448b2f0770","not-a-git-build","bbd3d4119dab4c61438d29ca56ae93a0","confirmatory",598.674,9.72063630672983,6.3998574122767,1.74679848962615,-3.43250272693439,21.4430186896399,16.6464305155873,94.4907702077141,40.958174897473,3.05130496336019,11.7820749704121,5.5674302384728,3.96129061950013,0.556,0.983,0.717,1,15.3529248697067,45.8007792593205,14.2633816636042,42.7596789923189,8.22331372456452,6.11811368373367,0.80569074966483,-2.76999341661757,20.5019109496786,17.3089398259042,67.6228886126113,37.4313150470892,0.649137584095476,7.67286352810468,4.86149093000857,3.93907035411201,0.647,0.999,0.781,0.999,15.9785499508142,47.5400268821493,15.2575836287941,45.0598948446712,9.20169809693596,8.30258198726813,0.90601346042218,-2.56579304069787,20.602233660436,17.5131402018239,84.6712478671549,68.9328676553092,0.820860390466173,6.5832939276936,5.51084198787371,5.20259420789544,0.724,0.999,0.811,0.999,19.4312061806554,61.2616677732226,20.2625422054208,59.7901319686245,10.0431794266689,9.88475240880219,-0.704018708948073,-4.26476175273855,18.9922014910657,15.8141714897832,100.865452996266,97.7083301833206,0.495642342548912,18.1881928076216,6.13287653856583,5.96140446692472,0.743,1,0.768,1,22.1254475777317,69.431870952438,21.7246935032681,66.323368552051,8.98481330636682,32.9327216006642,4.72275462198345,28.7169702204915,17.1326165696758,25.4175765828485,12.5702642135348,20.692418862248,23.9479082942973,23.994215598508,8.28496001317264,8.12215464871327,1,1,1,1,10.5120739916864,30.3964084756542,5.47448705674955,27.6006240138189,16.3557948990744,24.4400975649854,13.7644211132657,21.1030128142668,19.8843344839678,22.1261369570693,8.084302665911,7.33859170100108,1,1,1,1,9.97739096216967,32.8638859071938,6.27609191651658,27.8940232402113,16.6743263725185,24.742702901417,13.6857891503953,21.4184063295492,22.8864949450242,21.6179313236947,8.06837652889848,7.73261717915392,1,1,1,1,7.63324253755562,31.3617189828406,3.78818342862309,28.4205067757287,14.8310475441738,23.0027975200024,11.8023638711952,19.5378964268477,23.7284764452849,24.6323233471056,8.17174997582859,7.73553255565249,1,1,1,0
922,500,3,1,"L'Ecuyer-CMRG","10407_-1277979044_-1323124392_-628464782_-1285151554_-137182523_2057227754","10407_-1099200315_-1543419731_-702650223_1344943610_508648276_-154596437",1084036825,570077865,222953881,1097645490,1788146069,1120125881,214539138,86.8979999999992,5.17399999999998,6.5,1.95399999999972,1.92799999999988,454.08,1,NA,"5b448b2f0770","not-a-git-build","bbd3d4119dab4c61438d29ca56ae93a0","confirmatory",578.498000000001,11.5970356567319,6.10662985551659,7.27684393750957,-3.85067377273183,27.3128535907971,16.0926953718212,134.491236023512,37.2909281922866,52.9524576908698,14.8276885040048,6.66747309239487,3.76794617355477,0.472,0.973,0.737,1,15.4771519001355,47.3019209452745,13.7939856290213,40.4034653845158,13.0992524280147,7.12233102318052,10.3918893517328,-3.433351934045,30.4278990050203,16.510017210508,171.590414172849,50.7275992037597,107.991364298658,11.7879055030105,7.69426628997467,4.22071932796898,0.328,0.932,0.667,1,14.1258481382946,43.6792720045478,14.0198356864262,41.159682964364,11.5071883105766,8.09065186714296,8.13502674698266,-3.4129134938233,28.1710364002701,16.5304556507297,132.415382815072,65.4586476353039,66.1786601741232,11.6479785163212,6.67391077057314,5.09626718243168,0.501,0.99,0.738,1,17.6786583849687,59.1259276195766,18.220158682602,59.7247215864714,10.9748889747052,8.29027555204242,6.53453831857504,-3.87598064823243,26.5705479718625,16.0673884963206,120.448188007106,68.7286687287923,42.7001910369256,15.0232259854723,6.46334158032924,5.05788226120592,0.554,0.997,0.694,1,17.9260591702349,60.11430793762,17.2037345766449,56.0873300918955,14.7480909047792,40.6951881856835,5.56538385749694,27.8331634617972,23.0064529767788,31.3574890202103,11.9110852083359,20.1552247351704,25.9470972809043,22.2677796043002,8.35103604343146,8.24413952683453,1,1,0,1,17.8144536205167,42.1165159167119,5.72046215416235,26.5582990603554,26.8110446759488,34.3990614129613,12.9620315287061,20.2493202244586,24.3020622961952,20.837836906193,7.58801673701245,7.28728869575247,1,1,0,1,16.7107287297992,40.2445046164057,6.17261858647995,26.6694801563522,24.3929759923492,32.1116998780871,12.7589441730538,20.3814958877084,23.5337758866065,20.4968615698722,7.71872388573795,7.62255171465462,1,1,0,1,13.222921076869,38.8918781666597,4.33515006411353,26.86768925698,22.4856539684094,30.836946428966,11.8080640563142,20.7296275530345,25.6689570897906,22.5325391928665,8.35129246055656,8.92156349672026,1,1,0,1
923,500,3,1,"L'Ecuyer-CMRG","10407_362306501_1456184272_-1441918725_2044699371_-1284390144_60681026","10407_854593975_1501228896_-2046375873_1559574363_-890742258_733192686",222953881,1097645490,1788146069,1120125881,214539138,1405938511,906666173,86.5330000000004,5.13599999999951,6.63400000000001,2.00799999999981,1.93900000000031,458.842000000001,1,NA,"5b448b2f0770","not-a-git-build","bbd3d4119dab4c61438d29ca56ae93a0","confirmatory",583.192,14.2436682554317,8.02083326874122,-13.1906921423009,-0.382672872002839,6.96082993296673,19.7643461024625,202.882085370793,64.3337663249459,173.994359192959,0.146438526966901,8.61576748747357,4.69091234419322,0.138,0.994,0.532,1,15.1229451892345,45.4840280092405,13.9020486982161,40.3700693167218,16.0694211069578,7.37619658007352,-13.6873069248109,1.76152131715837,6.46421515045679,21.9085402916237,258.226294712742,54.4082759878882,187.342370853975,3.10295735080334,9.65121722020399,4.37898610570689,0.266,0.913,0.644,1,16.2314592161013,48.000918894973,14.5378605149982,42.1434722168742,16.1305417957794,7.08228927982001,-11.9284223418807,0.850606056711865,8.22309973338693,20.9976250311772,260.194378625387,50.1588214430535,142.287259566279,0.723530663714908,9.31011298743148,4.55579363922625,0.466,0.973,0.726,1,22.1207740665485,65.6231663033061,16.4546153727063,54.6551537900161,14.1221668646235,8.41533372196059,-12.1114046875663,-0.634835174973961,8.04011738770132,19.5121837994913,199.43559695227,70.8178416519671,146.686123506004,0.40301569938422,8.21999947858407,4.89522787185671,0.304,0.999,0.491,0.999,16.3636009912047,53.5323377992858,12.9513495820237,43.6313394177302,-4.78073209324225,19.30459883121,7.21646857374659,32.8883758747245,2.47016475176722,10.8301185182746,14.9228318553445,24.693450714025,24.0853309244523,25.6719073009779,8.35995376650742,9.77061885868048,0,1,0,1,-4.59767154123383,18.260796936975,10.1778266348328,33.2558155905374,2.36351929577003,10.6933826730352,17.8531244517892,26.1350525523265,22.8584684782088,23.0779889557046,8.32986337726522,8.28192810053733,0,1,0,1,-3.71102435692133,20.010951199635,8.06018875083211,33.7407541286744,4.08102577008801,12.4289126672216,16.4302436428354,25.0583097362296,23.7219755565564,25.6805653778423,8.34788689713362,8.62806609339422,0,1,0,1,-4.46141647930803,20.0250286939215,7.92854123924894,31.0122256529,3.9439974777421,12.5070629146148,15.4391461333924,23.4407858820708,24.4864451732296,23.0836844136511,8.56306543687266,8.00163974867837,0,1,0,1
924,500,3,1,"L'Ecuyer-CMRG","10407_-1267244182_-564455116_-2037726288_-1362654207_1941603566_-1000213129","10407_-1520339373_762699772_-907804176_-1332836517_-812952401_1500735318",1788146069,1120125881,214539138,1405938511,906666173,543861305,896814127,88.1840000000002,5.11700000000019,6.39500000000044,1.98100000000068,1.94800000000032,455.676,1,NA,"5b448b2f0770","not-a-git-build","bbd3d4119dab4c61438d29ca56ae93a0","confirmatory",582.418,11.351639002052,13.0035419571617,4.70603256442816,10.6571376308951,24.979715126575,30.3826661858744,128.859708032907,169.092103431666,22.1467424974583,113.574582483841,6.30492812988671,7.67516099390638,0.438,0.93,0.308,0.941,13.9648264181088,41.3111535383787,14.0298487765481,42.0198015080095,12.8066460846599,14.0875304037364,4.66465490210347,13.1484410998902,24.9383374642503,32.8739696548694,164.010183937735,198.458512876198,21.7590053557179,172.881503357282,7.05868746905091,8.61145756066896,0.462,0.931,0.143,0.952,15.4725636161368,46.8566326918406,14.9038923256579,44.2077768639907,15.814856473844,11.7917954376523,5.84569314137753,10.0473419756969,26.1193757035243,29.7728705306762,250.109685288286,139.046439643438,34.1721283031483,100.949080776602,8.3787837816973,6.8186020146542,0.465,0.931,0.453,0.996,17.2744852362841,54.2877627275646,18.0982245393953,54.9411992477754,12.5031354207593,9.94563557866053,4.30409431013728,8.07795207859577,24.5777768722841,27.803480633575,156.328395349847,98.9156670635182,18.5252278305561,65.2533097840898,7.1141217710779,5.96990272925192,0.524,0.98,0.585,1,18.377155507113,61.9717149875176,19.3224487590878,59.3417953482467,14.7654692127019,35.074279585678,18.0826913294779,41.142572063746,21.6471333920861,28.5648859910478,26.2545997500128,34.8948340785392,20.308810372976,23.0598807342681,6.91775259896169,8.64023432852646,1,1,0,0,15.1063266891561,36.1151342386353,20.3543163117316,44.3689782844279,21.0851257988392,28.5478134886807,28.7984263760717,37.1994114598612,21.0088075494792,24.0146619726964,7.46268768984156,8.40098508378952,1,0,0,0,14.1900868009086,37.2665475107921,18.1349258111314,41.3611444609194,21.9646596001078,30.0027847292016,26.1009959018984,33.8711025154254,23.0764607098835,23.226218649788,8.03812512909373,7.77010661352709,1,1,0,0,13.0825318228937,36.7830585012225,14.5670251648449,41.5145556949019,20.4067869424932,28.6037372798508,23.2389658989164,32.3948031807561,23.7005266783289,26.947530530057,8.1969503373576,9.15583728183969,1,1,0,0
925,500,3,1,"L'Ecuyer-CMRG","10407_39199572_523599232_1934380629_-902049824_-773735146_97918040","10407_-1772134907_1556549759_1185403411_-1790512506_-998259519_1166025697",214539138,1405938511,906666173,543861305,896814127,914729694,2136571137,86.174,5.08799999999974,6.55400000000009,1.91399999999976,1.90499999999975,462.191,1,NA,"5b448b2f0770","not-a-git-build","bbd3d4119dab4c61438d29ca56ae93a0","confirmatory",586.126999999999,8.95013405964057,8.22571362827756,1.65780806695808,-4.56696251868789,21.684230940781,15.1529489736956,80.1048996855383,67.6623646944312,2.74832758687127,20.8571466471001,5.12041594999971,4.69010302354486,0.538,0.984,0.491,0.998,14.1760827861083,41.7881045163836,12.9789138771338,37.1904934931715,8.85546836503985,7.48671449384733,2.27245732771347,-4.0188883622847,22.2988802015364,15.7010231300988,78.4193199642215,56.0508939123837,5.16406230627865,16.1514636685074,5.09463619308914,4.3349594787012,0.557,0.996,0.536,1,14.3451493966745,44.8462038640518,12.6451728682247,38.2895153156289,9.98274788454362,8.20796903666769,1.46962924423849,-5.98213423126353,21.4960521180615,13.7377772611199,99.6552553263601,67.3707557068955,2.159810115521,35.7859299608549,5.76014364501443,5.10180660002598,0.54,0.984,0.629,1,15.3846002651956,52.6890204291281,17.2963922228029,54.5678943436827,10.2927757825562,8.96786057902442,1.83719089767717,-5.36189799220164,21.8636137715001,14.3580135001818,105.941233309976,80.4225233648203,3.37527039450785,28.749950078776,5.80236346522768,5.26162444231832,0.512,0.992,0.51,1,14.2636571891616,51.9557316475937,14.0250444659981,50.5580474429555,10.6396013217627,34.408924761397,3.34800075224042,25.8914818815441,17.2111253685416,25.5638738514156,10.8888934462015,19.462769365743,23.7693234396343,22.5434811293037,8.35274848287401,8.5738759195415,1,1,1,0,11.1341980356312,34.7289288177903,5.25085071810765,25.6325801007356,17.9428998847884,26.634840388383,12.0768328859936,19.2017056733711,23.594730782159,20.3817293826279,8.6919405035946,7.12487278737754,1,1,1,0,8.29792529732221,34.7606371530566,1.73069133776279,25.2738675272391,17.3222295887418,25.4943574360511,9.50872748215917,18.0999703273706,26.4627118557344,23.5431761894763,8.17212784730932,8.59124284521147,1,1,1,0,9.16899209918073,35.3839906849965,0.932864628738421,26.2251758166,17.3388005842015,26.0804754562167,10.500908608657,18.9223298859007,26.2149985858157,25.2923111878616,8.74167487201525,8.42142127724361,1,1,1,0
926,500,3,1,"L'Ecuyer-CMRG","10407_1398546121_-859356404_-840083588_-634505220_863408164_-69372103","10407_-1260467848_4462721_-440420960_1212239059_594475851_-1377272835",906666173,543861305,896814127,914729694,2136571137,735605372,1471828166,84.7440000000006,7.17600000000039,5.0649999999996,3.08799999999974,1.98600000000079,464.867999999999,1,NA,"5b448b2f0770","not-a-git-build","bbd3d4119dab4c61438d29ca56ae93a0","confirmatory",589.23,5.12859723799904,8.32803621628661,-2.19362009857296,4.55977532713285,17.3153630237908,24.881496580446,26.3025096296114,69.3561872197815,4.81196913686325,20.7915510339295,3.55298154276822,4.73089219893872,0.833,1,0.501,0.997,14.7820567439029,44.4849705245042,13.180175612001,38.1118805404898,4.89343947824405,7.99111563909948,-2.28009206549062,3.50563194016656,17.2288910568732,23.8273531934797,23.9457499272374,63.8579291574604,5.19881982711328,12.289455299916,3.56364807146033,4.62250116205555,0.876,1,0.583,0.998,15.6182387784241,46.9710068318047,13.7591442095829,42.3794591563607,7.27834285447683,9.99374529294173,-3.56745944470444,4.86888892464889,15.9415236776594,25.190610177962,52.9742747073139,99.8749449801951,12.7267668896109,23.7060793605686,4.84264890564513,5.70619108660201,0.798,1,0.453,1,19.2176953559492,57.873474543485,13.9201427367419,48.2529320787244,5.44407485892938,9.61533910513077,-1.16028614950593,5.10180407392074,18.3486969728579,25.4235253272339,29.637951069627,92.454746106657,1.34626394873529,26.0284048086742,4.38515644811592,5.55997948350047,0.909,1,0.502,1,19.3995014377711,60.9462526452317,15.0641471824183,51.5029577230706,6.41556727779677,28.6617807700762,13.9330811170513,36.6555196235716,13.7447515371671,20.6500997709464,20.9448461060627,28.9500655261206,22.2462134922795,22.7224385065203,6.90534823377936,8.00521942005784,1,1,1,0,5.69280464354635,28.0815052287435,11.8572071769832,37.8585544453802,13.3952377061429,20.8647508210106,20.1390647972337,27.972569205549,22.3887005851972,26.001347268397,7.46951311486771,7.83350440831529,1,1,1,1,4.15608334529449,27.0278844088627,12.8583130666907,36.7302528992706,12.1952184616352,19.6378690020171,21.2396294917923,29.3663152888801,22.8718010635682,23.8719398325799,7.44265054038195,8.1266857970878,1,1,1,0,6.65201941241577,30.6231450673402,13.7879471883232,36.7080136700825,14.051892264362,22.4361154810665,21.5916634517068,29.7278154163295,23.9711256549245,22.9200664817593,8.38422321670442,8.13615196462263,1,1,1,0
927,500,3,1,"L'Ecuyer-CMRG","10407_-1895747465_325686914_-489268335_-1712370010_-824707938_1509668739","10407_1559314481_-199086811_587928198_-283095051_-921760436_657215432",896814127,914729694,2136571137,735605372,1471828166,635921906,243508779,86.473,5.22199999999975,4.98700000000008,1.95800000000054,2.85400000000027,470.764,1,NA,"5b448b2f0770","not-a-git-build","bbd3d4119dab4c61438d29ca56ae93a0","confirmatory",595.637000000001,9.885324440554,11.0950454215483,4.95495181255489,-7.50023445122432,24.9425416476368,12.7417684923358,97.7196392950143,123.10003290622,24.551547464741,56.2535168233322,5.66202828560259,6.3990828756911,0.514,0.946,0.451,0.887,14.0153230502156,41.9887739172969,12.6639628187546,37.8204878745906,12.1874691018345,11.9220446232503,8.23524974095552,-7.78982555127143,28.2228395760374,12.4521773922887,148.53440310817,142.135147998771,67.819338295908,60.6813821192412,7.02392985549248,6.87797838549254,0.421,0.896,0.456,0.899,14.0351995651142,43.3117356582291,14.4370041235578,42.2933539900722,10.3860971738547,12.2050615570928,5.09996937805677,-8.14180891662722,25.0875592131387,12.1001940269329,107.871014504752,148.963527612424,26.0096876571168,66.2890524348705,5.95006397367408,7.01242062124973,0.532,0.995,0.538,0.969,15.8307509663496,50.4991294301746,18.1711420635412,55.3666128749373,11.3019729081524,12.528818040084,7.98788823199118,-8.53154173233,27.9754780670731,11.7104612112302,127.734591616611,156.971281481534,63.8063584067832,72.7872043304884,6.5797678610926,7.23309707349793,0.453,0.962,0.507,0.943,15.2979372331407,53.2339938105617,17.3972325917621,52.9196120681797,13.0231588608607,37.176505516134,2.33897496343432,22.4695428451719,20.9438450383517,28.8666670781511,9.42660378880704,16.3011983996501,24.1533466552734,20.1305678817376,7.92282203979946,6.87459461084307,1,1,0,0,15.3215295009661,39.1162931544875,2.19432972406038,22.516771991785,24.4334695021236,32.8127533303134,8.80941870746322,16.0034597120574,23.7947636535214,20.3224422677247,8.37928382818987,7.19404100459413,1,1,0,0,12.7361121205339,37.2821289312769,1.57876758535834,21.9272304545526,21.0669816046729,29.2408230620699,8.34535427688859,15.6737673869729,24.5460168107429,20.3484628691942,8.173841457397,7.32841311008428,1,1,0,0,15.4849941158745,40.9610693276532,0.414599344734962,22.8095956407859,23.6978549887143,32.57557038354,7.68409056358536,15.7229716263963,25.4760752117787,22.3949962960509,8.87771539482566,8.03888106281096,1,1,0,0
928,500,3,1,"L'Ecuyer-CMRG","10407_-901436156_-423186039_-617043112_-1239971371_-835317098_540473303","10407_1357919200_962223547_-926123213_-1749765635_-1997528759_-1621824868",2136571137,735605372,1471828166,635921906,243508779,257584688,974602891,83.7219999999998,5.90600000000086,7.05799999999908,1.93000000000029,1.9380000000001,462.164999999999,1,NA,"5b448b2f0770","not-a-git-build","bbd3d4119dab4c61438d29ca56ae93a0","confirmatory",586.494000000001,13.2978372900951,9.19006695594031,-10.4742125209602,-2.95222297859623,9.59252356554456,17.0903671325157,176.832476593844,84.4573306546661,109.70912793424,8.71562051535157,8.06531168956339,5.27834773743197,0.28,0.766,0.459,0.984,11.3955150897525,36.6081867864777,12.942926551962,39.3332453584159,12.5640399107782,9.73480005818439,-9.42241271334783,-1.09828166437058,10.644323373157,18.9443084467413,157.855098879627,94.7663321728268,88.7818613406588,1.20622261429262,7.38952518695133,5.60090756333896,0.345,0.852,0.547,0.976,13.1874492570171,39.6907263651155,14.9425916668967,44.1959905099233,14.3063336265874,9.36638924496065,-11.0912284036147,-2.63062658291247,8.9755076828901,17.4119635281995,204.671181835224,87.7292474881145,123.015347501149,6.92019621872572,8.37044122017428,5.48521013999885,0.312,0.881,0.602,0.997,14.3044742125481,46.8585393115399,16.6751086354061,50.2851664226494,13.6549532160524,9.50137213434561,-10.6855300806731,-2.77049863235223,9.38120600583174,17.2720914787597,186.457747332579,90.2760724353193,114.180553104969,7.67566267186559,8.04116262246326,5.51522994729268,0.288,0.834,0.46,0.982,12.2395526142008,43.9768860088447,13.7079620469857,47.1044173239872,-0.902616046631704,19.6716536274712,3.82509435850414,27.4342244541931,6.12646000464956,13.3528707356607,13.2646816342096,21.0360851604321,20.5742696741029,23.6091300956889,7.22641073101116,7.7714035262225,0,1,0,1,-0.874845482227808,21.9574170591478,8.26627298654042,29.7974086281332,6.57822145472678,14.9103445714543,15.3488098720022,22.6257968675989,22.8322625413756,21.5311356415927,8.33212311672757,7.27698699559666,1,1,0,1,-1.69882363417598,20.21830606846,4.96526923004324,30.9575279744598,4.81129553130662,13.2796326617934,12.7311893480408,21.6999262509075,21.917129702636,25.9922587444165,8.46833713048674,8.96873690286669,1,1,0,1,-2.30881374959014,22.368033412531,3.69702908597475,29.8385351176315,5.20289189940166,13.3489772208865,13.0954340665202,21.5129068668449,24.6768471621211,26.1415060316567,8.14608532148485,8.4174728003246,1,1,0,1
929,500,3,1,"L'Ecuyer-CMRG","10407_695437454_1318493769_-719806578_-366413657_-997364165_1977738270","10407_-1579101293_-1807018292_1827065633_335662295_1143967026_-1235264686",1471828166,635921906,243508779,257584688,974602891,1352066332,1316678848,84.8060000000005,5.05299999999988,6.54100000000108,1.92500000000109,2.02700000000004,467.504000000001,1,NA,"5b448b2f0770","not-a-git-build","bbd3d4119dab4c61438d29ca56ae93a0","confirmatory",591.294,8.07782850587351,11.7261410837613,0.147102492444244,-9.0700472225529,19.9888701055422,10.6661674307059,65.2513133703026,137.502384716275,0.0216391432833088,82.2657566193395,4.60892768759667,6.85991306479059,0.569,0.993,0.42,0.9,13.2352044370013,39.507906691797,13.5738494724221,40.2602219974673,7.91208515824835,11.9300728578491,-0.156186292285977,-9.05457133714582,19.685581320812,10.681643316113,62.6010915513738,142.326638393587,0.0243941578980405,81.9852620994627,4.59969399814284,6.89989124537095,0.615,0.999,0.417,0.934,14.1139387679346,42.8534372677577,14.3291610509004,43.7856869975731,9.19777050725429,14.7851850678468,0.185654483448889,-8.58548641159937,20.0274220965468,11.1507282416595,84.5989823041167,218.601697490479,0.0344675872246739,73.7105769237574,5.41375475784731,8.54064416410272,0.629,0.997,0.485,0.958,16.5602239845675,54.4697476720445,20.6858814406452,62.7705973426719,9.11080545097013,13.3350746253467,0.619315254413614,-7.38421623109733,20.4610828675116,12.3519984221615,83.006775965427,177.824215263565,0.383551384349399,54.5266493476012,5.26410756590141,7.62442642613308,0.569,1,0.497,0.953,15.0662576083327,48.5587888163619,18.4913687660791,56.2143381804291,9.63828825996999,30.545628173739,0.0235025278062183,23.1486994937158,16.5868609969587,23.2983268684973,6.19124407369623,14.6488812410545,20.907339913769,23.1251969659096,6.71146587153863,8.45763716735825,1,1,1,0,8.83192912945239,32.3255427043237,0.144272920376123,21.8479687566132,15.4938684073457,23.7881763169668,6.84931263624091,14.4365625110855,23.4936135748713,21.7036958362371,8.29430790962107,7.58724987484457,1,1,1,0,8.0079935895371,32.0238148998642,-1.72529240585395,23.3760153476903,16.2192679579693,24.0164426259566,6.90058725988887,15.2774547170976,24.0158213103271,25.1013077535442,7.79717466798736,8.37686745720877,1,1,1,0,9.93523710521675,31.5684990951481,0.0408801711873423,25.3307386254044,16.8223515262256,24.5063463126949,8.24304165976302,16.4192224528993,21.6332619899314,25.2898584542171,7.68399478646935,8.17618079313631,1,1,1,0
930,500,3,1,"L'Ecuyer-CMRG","10407_-1377011924_-115612323_665432606_529679848_1785138076_-1988885211","10407_-1462906885_2102693989_3541363_427971670_949483535_-481878386",243508779,257584688,974602891,1352066332,1316678848,1862350505,1567432283,86.4599999999991,7.08500000000095,5.83400000000074,2.71099999999933,1.94700000000012,463.690000000001,1,NA,"5b448b2f0770","not-a-git-build","bbd3d4119dab4c61438d29ca56ae93a0","confirmatory",590.535,8.99090128564442,9.39938929940713,-6.69855868065986,5.45131085994223,12.9806505631154,26.1643954123447,80.8363059282025,88.3485192018092,44.8706883982435,29.7167900917241,5.02036612370511,5.34092582442565,0.573,1,0.517,0.96,15.2586420083428,45.082004105754,13.549822943609,39.6330329964584,6.99647001282524,10.147827746459,-4.57651227110593,6.78157619575024,15.1026969726693,27.4946607481528,48.9505926403628,102.978407971803,20.9444645675832,45.9897756987663,4.26805181860185,5.87354572495525,0.687,1,0.502,0.936,15.4222854508847,45.4804778070902,13.6528812552757,40.8161181513825,7.6964980800879,7.77245735699339,-6.20203821305923,4.38743272102243,13.477171030716,25.1005172734249,59.2360826967967,60.4110933662806,38.4652779962469,19.2495658814983,5.05471325660559,4.89960699438724,0.752,1,0.73,1,19.259355375172,59.1295529211542,17.8508533726059,54.8871165128977,7.80610260634112,9.1542183499061,-5.66587658388995,5.0518562159421,14.0133326598853,25.7649407683446,60.9352379007256,83.7997135977575,32.1021574638724,25.5212512265529,5.09135409098742,5.40762794963533,0.829,1,0.589,0.99,20.7141924809953,62.7736549409041,15.5251454414956,49.8912932003744,1.31021235925284,24.7222901674577,14.2861584214617,36.3271204068915,9.00884349581838,16.7499974044754,22.3946548530195,30.4540255069298,23.4120778082048,22.0409619854298,7.74115390865701,8.05937065391026,1,1,0,0,4.67124183940747,25.4062771894779,15.5437733154521,39.2576126153576,11.5215910748134,18.9465109814826,23.6010063372096,31.7433710766921,20.7350353500704,23.7138392999055,7.42491990666915,8.1423647394825,1,1,0,0,2.76049770059725,24.5746778222458,12.3678674418068,37.5022092115705,9.81264054763941,17.0447498013498,21.2493129284031,29.2137062746642,21.8141801216485,25.1343417697637,7.23210925371035,7.96439334626113,1,1,0,0,2.57143774456081,26.3488144307946,14.327343701277,37.6010173883757,10.1451096112408,17.7873397292503,21.9166646241241,29.6815646743722,23.7773766862338,23.2736736870987,7.64223011800947,7.76490005024808,1,1,0,0
931,500,3,1,"L'Ecuyer-CMRG","10407_1436433964_-21471147_938926677_-177661950_118750939_-763782170","10407_100180708_1191783025_894762526_-1385714492_-1800401360_1621063587",974602891,1352066332,1316678848,1862350505,1567432283,1399900042,1600693401,83.6560000000009,6.41200000000026,4.98800000000119,2.77500000000146,1.90499999999884,472.029,1,NA,"5b448b2f0770","not-a-git-build","bbd3d4119dab4c61438d29ca56ae93a0","confirmatory",593.967999999999,8.5709979725676,8.84464878796781,0.433375380562346,-0.883480718329643,19.9709295020201,19.3332090103764,73.4620062457579,78.2278121825005,0.187814220477558,0.780538179660263,5.03332681681384,5.08993490239663,0.627,1,0.442,0.991,15.8158098525909,48.8392340888159,12.3494871606917,38.1113245954152,10.9020390403877,8.94288564959716,0.124703404559686,1.12936138647798,19.6622575260175,21.346051115184,118.854455238138,79.9752037417708,0.0155509391087766,1.27545714126747,6.29064398891864,5.13208992256844,0.584,0.998,0.419,0.994,18.6698630198121,53.5398041738347,11.8997057362554,37.4725978739671,13.9020790573167,8.60318727434932,0.877764084287573,-1.15230451099129,20.4153182057454,19.0643852177147,193.267802115885,74.0148312775261,0.770469787665202,1.32780568605088,8.04684646786803,5.02589508682165,0.508,0.989,0.487,0.995,22.0686645173642,66.1057082051213,13.1131197072875,44.0077259373299,10.1717471144969,10.5527720041087,2.28187276578142,0.223055869461927,21.8194268872392,20.4397455981679,103.464439361277,111.360996970701,5.20694331921492,0.0497539209014162,6.26252643062011,6.11142935241354,0.715,0.998,0.546,0.993,22.8258637664482,67.2576453981653,16.828367156304,54.518535883813,8.40574850133121,31.0520805872296,6.92141541906042,30.2507599459511,16.148899178849,24.079534916096,15.4412274705097,23.7301088594895,22.6463320858984,23.3293445268907,7.93063573724696,8.28888138897974,1,1,1,1,8.88884047408294,29.2934220580837,9.74858656074205,31.5233336887224,15.9603914041919,23.4243353136884,17.8879120860916,25.1930656043592,20.4045815840008,21.7747471279804,7.46394390949653,7.30515351826762,1,1,1,1,8.56733954119728,31.6222310386349,7.00164519275563,30.218524201158,16.9148906289277,24.2091814470176,14.6614179629838,23.5083728189995,23.0548914974376,23.2168790084024,7.29429081808996,8.8469548560157,1,1,1,1,9.57505119650055,36.1320158251264,9.3893606981408,31.0998797204825,17.2732192608617,26.3995312402787,16.5951042050206,24.1925612082868,26.5569646286258,21.7105190223417,9.12631197941709,7.59745700326622,1,1,1,1
932,500,3,1,"L'Ecuyer-CMRG","10407_-269584671_-483709254_-1838088773_-202597135_730845856_-249635850","10407_1340526826_-1862403927_-124407329_213650019_-510741112_1863354708",1316678848,1862350505,1567432283,1399900042,1600693401,90053472,461937841,83.7510000000002,6.44100000000071,6.83400000000074,2.27200000000084,1.9429999999993,466.047999999999,1,NA,"5b448b2f0770","not-a-git-build","bbd3d4119dab4c61438d29ca56ae93a0","confirmatory",590.419,7.4734021377298,7.51155661253944,1.31370921363595,4.93229882444384,21.2211449932649,24.6834070272292,55.8517395122243,56.4234827433849,1.72583189799199,24.3275716936101,4.34720592955213,4.60809322443215,0.615,1,0.683,1,13.5340827963543,40.6661269068672,16.3239936666585,47.6092575903664,7.33429076584751,7.56915955105499,2.68632442389581,3.5052722799978,22.5937602035248,23.2563804827832,53.7918210379961,57.292176309327,7.21633891041915,12.286933756921,4.36697883628595,4.64452444169349,0.621,1,0.732,1,13.9528874646951,43.6191862330364,17.0554254095107,49.7089461493709,6.89790089370867,14.4449950225444,1.69855080570105,3.0150529456224,21.60598658533,22.7661611484078,47.5810367394269,208.657881201332,2.88507483954769,9.09054426490632,4.48364871194787,8.38229140978853,0.727,1,0.476,0.97,16.1406013253876,54.3716863087856,20.3045002773986,59.8403321954952,7.32886610008513,9.45705537174861,1.40895345410705,5.52055659206065,21.316389233736,25.271664794846,53.712278312977,89.4358963043193,1.98514983584017,30.4765450861443,5.14882836529068,6.00981848504923,0.818,1,0.73,1,21.7650994802744,64.1026109877732,22.4666754571359,67.4708789582071,10.353290656437,32.9723159448137,12.1933137571475,36.938993073351,16.745658729143,25.1869761329192,20.6850827999024,28.9732273650705,22.6190252883767,24.7456793162034,8.44131740377625,8.28814456516805,1,1,1,0,11.6877007327631,34.9273317259171,12.720168794889,34.9797654344673,18.6774516232395,26.5088089220746,18.8068630876662,27.2899200929352,23.239630993154,22.2595966395782,7.83135729883502,8.48305700526901,1,1,1,1,9.26298537079793,33.3869293933204,10.8871650882478,35.2239710844261,17.4556848687563,25.9133706634699,18.5802082337859,27.1341276466858,24.1239440225224,24.3368059961783,8.45768579471361,8.55391941289989,1,1,1,1,9.80816955113416,32.989624121425,12.2373276699042,37.9874732190411,17.4022086358671,25.1469989709942,20.8124350731355,29.622864745375,23.1814545702908,25.7501455491369,7.74479033512719,8.81042967223949,1,1,1,0
933,500,3,1,"L'Ecuyer-CMRG","10407_-178232255_-222623420_77576133_-1945561848_-540261448_-505230039","10407_1046788894_-1568224229_-1134205116_713665381_182504842_-1559734353",1567432283,1399900042,1600693401,90053472,461937841,481690222,1824897113,83.6090000000004,6.49200000000019,4.96699999999873,2.54900000000089,1.90200000000004,473.993,1,NA,"5b448b2f0770","not-a-git-build","bbd3d4119dab4c61438d29ca56ae93a0","confirmatory",596.487999999999,12.3565002697131,6.02363878317454,-9.03229045926751,-0.104053006967053,10.8075483283726,20.2488755809248,152.68309891542,36.2842241901644,81.5822709405749,0.0108270282588856,7.09534725448586,3.71060337214422,0.423,0.926,0.713,1,15.4658575849333,46.2488075367653,13.4354677089686,40.567427209743,10.564962696613,8.26403871329178,-7.4235659317827,-0.598377107320804,12.4162728558574,19.7545514805711,111.618436780824,68.2943358547852,55.1093311435247,0.358055162565613,6.03885394766033,4.81710165095718,0.504,0.98,0.607,0.997,15.6609066761351,47.1947130722411,14.8026875586693,44.6040956238441,11.1750341945354,10.7948871042554,-8.31367634864077,1.24353775914236,11.5261624389993,21.5964663470343,124.881389249036,116.52958759362,69.1172144299489,1.54638615841281,6.54735045987588,6.48812230353454,0.575,0.993,0.65,1,18.8275805330533,61.2306889018636,22.3658645581544,65.9936086477957,11.2878385400817,6.14387077419282,-7.27514693477941,0.700291075634251,12.5646918528607,21.0532196635261,127.415298906955,37.7471480899806,52.9277629226302,0.490407590612976,6.41285917018983,4.27149625345638,0.519,0.995,0.796,1,16.9136277712496,56.2952843140621,16.8112078599854,54.7024339163106,-1.16411265210152,24.2672622552261,8.32122973295926,33.4787069275396,6.41159372152055,14.592141961348,16.1082769998078,24.3152566244597,25.4313749073276,25.1574771945803,8.18054823982744,8.20697962465193,1,1,0,1,0.907521015409861,25.5274260229156,6.79104505530103,32.3434471610593,7.9520891143367,16.6118522364758,15.3042369276493,24.2727806420721,24.6199050075058,25.5524021057583,8.65976312213905,8.96854371442278,1,1,0,1,-2.06478295305123,23.3269812335835,8.50731036623395,35.6912784742705,7.03794843385108,15.7466360426919,16.4025267569536,26.4283915319927,25.3917641866347,27.1839681080366,8.70868760884078,10.0258647750391,1,1,0,1,1.13914312353088,24.5196833772647,8.86000247634771,33.7341727341638,8.34452934119669,16.7390455818771,16.2419506079698,25.8050981165214,23.3805402537339,24.8741702578161,8.39451624068045,9.56314750855159,1,1,0,1
934,500,3,1,"L'Ecuyer-CMRG","10407_1046423852_1163331432_-1034562938_2085137752_-2080100620_-2015801578","10407_-1124791628_1281416857_-1732308352_-537940976_-1085104297_-759654424",1600693401,90053472,461937841,481690222,1824897113,1795764839,1773623852,81.7489999999998,5.99700000000121,6.16100000000006,2.246000000001,2.49299999999857,468.808000000001,1,NA,"5b448b2f0770","not-a-git-build","bbd3d4119dab4c61438d29ca56ae93a0","confirmatory",592.138000000001,7.73025464711393,9.70770154669282,-1.34655168370076,2.79697488892701,18.9025725031014,23.0173971098807,59.7568369092264,94.2394693196622,1.81320143687734,7.82306852928824,4.40868755844641,5.58303205224912,0.511,0.995,0.405,0.957,11.5412467154679,35.9244507249042,11.9186784419896,36.4811910998511,7.47757282037747,8.99764264717913,-0.634580939949959,2.31273371380335,19.6145432468522,22.5331559347571,55.9140952840479,80.9575732063367,0.402692969347774,5.34873723096264,4.34910178121864,5.18426157616589,0.576,0.999,0.489,0.991,12.6400999114899,40.1792208545581,13.1640151438753,41.5146224571136,8.21228043497289,9.21527392991067,2.26020920109804,3.31147301495223,22.5093333879002,23.5318952359059,67.4415499426385,84.9212736032913,5.10854563272822,10.9658535287568,4.77735587467127,5.50575570705388,0.554,0.997,0.601,1,12.900840404872,47.639426442404,17.051756920901,57.0535903566543,8.53994608937694,10.1335827057811,-0.927822207536693,2.07496581243534,19.3213019792655,22.295388033389,72.9306792094645,102.689498454907,0.860854048798262,4.30548312277547,4.99320870364541,5.90278399863191,0.57,1,0.519,0.991,13.540468903868,53.9981284413224,15.590694603143,54.4197642455653,8.94644076292271,30.9738965480524,11.9264106537393,35.1668124581658,15.0628429945212,22.4600194903605,18.8085211633716,26.946172960336,22.0274557851297,23.2404018044266,7.39717649583926,8.13765179696435,1,1,1,1,10.4146286222528,29.7979778409983,9.84135436563197,34.0820895690152,16.2336973486485,22.970248641162,18.7403535025714,26.5339568445735,19.3833492187455,24.2407352033833,6.73655129251346,7.79360334200215,1,1,1,1,10.6878120650855,33.2727977411707,11.6973753623358,35.6770106932248,19.0453134157403,26.4662481505945,19.455139267689,27.4049517573286,22.5849856760852,23.979635330889,7.42093473485419,7.94981248963961,1,1,1,1,6.88047432604625,31.1535163509251,9.16356464442671,34.7892235684092,15.3647460525651,23.3615219376764,17.9721952857761,26.5049132037806,24.2730420248788,25.6256589239825,7.99677588511129,8.53271791800451,1,1,1,1
935,500,3,1,"L'Ecuyer-CMRG","10407_2143817811_-1951679022_-1041128929_-1941104816_-178358426_-930388541","10407_-187071735_1783185336_-185058188_-1165793342_1716724760_-419497990",461937841,481690222,1824897113,1795764839,1773623852,1317452499,183084842,83.098,6.48400000000038,5.00200000000041,2.28200000000106,1.92500000000109,471.174000000001,1,NA,"5b448b2f0770","not-a-git-build","bbd3d4119dab4c61438d29ca56ae93a0","confirmatory",593.402,7.34217564809577,8.40209582142876,-5.20646649610861,-5.25840306439521,14.8334999909268,15.1325892535557,53.9075432474906,70.5952141924706,27.1072933751015,27.650802787641,4.40776290298183,4.84670915195612,0.656,1,0.53,1,15.2866880706029,45.5540640931589,13.1042338781633,38.7374658269294,6.32662540714375,7.97009786459193,-3.06669048209721,-4.17869184914392,16.9732760049382,16.212300468807,40.0261890423168,63.5224599711729,9.4045905129856,17.4614655701018,4.07856677657276,4.6599567789612,0.759,1,0.567,1,16.0947635841879,45.9439632856229,14.2463540333617,43.6950192965919,7.17206927828024,9.03029181440724,-3.96314090014034,-3.45422951807285,16.0768255868951,16.9367627998781,51.4385777324513,81.5461702533503,15.7064857943652,11.9317015635258,4.91428382285411,5.83615852591524,0.837,1,0.763,1,20.8402934138371,59.7349807608895,21.7728254658519,65.6392173485033,12.0882528514892,7.3984307990884,-1.8027084050903,-2.99331130893565,18.2372580819451,17.3976810090153,146.125857001537,54.7367782888998,3.24975759378321,8.95991259220205,7.11513705118719,5.18830524545593,0.591,0.997,0.816,1,22.2716194912898,65.9306269811691,20.8018010018396,64.9158216857564,2.33068290039754,26.0766281816266,4.96764977406732,27.4600744593128,11.3096930323338,19.011350629782,11.5331878787271,18.5533109496538,23.745945281229,22.4924246852455,7.70165759744816,7.02012307092675,1,1,0,0,7.18627603369119,27.9452995951634,3.86352229602791,27.7764085330076,13.0191813281008,20.8148476659022,12.2501094719213,19.999932382814,20.7590235614722,23.9128862369797,7.79566633780137,7.74982291089264,1,1,1,0,4.37270862205578,27.8511475415036,5.13654952540638,28.2451489549122,11.9590710531039,20.0308165951703,12.8247947974269,21.1561229365266,23.4784389194478,23.1085994295059,8.07174554206645,8.33132813909963,1,1,0,1,7.06844820777748,29.015256396087,4.8727846715377,29.882769193321,14.6866964209093,21.9307076182789,13.3111492043372,21.5617734574847,21.9468081883096,25.0099845217833,7.24401119736965,8.25062425314757,1,1,1,1
936,500,3,1,"L'Ecuyer-CMRG","10407_395292249_925410943_356558798_1763355513_-1975500766_-1888599403","10407_228681659_-853535858_-1372218707_-657535188_-732289186_718258807",1824897113,1795764839,1773623852,1317452499,183084842,1704985806,1453620074,82.8559999999998,5.86499999999978,7.1309999999994,2.27299999999923,3.18399999999929,468.288999999999,1,NA,"5b448b2f0770","not-a-git-build","bbd3d4119dab4c61438d29ca56ae93a0","confirmatory",593.48,14.8727080098619,10.5950799392912,-12.926294068954,-7.22331900868724,6.90780340754799,12.8378546639316,221.197443546609,112.25571891997,167.089078357076,52.1763375012624,8.94237324929505,6.08972882239232,0.241,0.908,0.421,0.958,15.2211623396364,47.6434813442719,12.0392578822221,36.7464328916547,15.3007643978374,10.4029461605846,-12.1291730982421,-6.52965671513359,7.70492437825996,13.5315169574852,234.113391158129,108.221288820022,147.116840047119,42.6364168174892,8.97786943209057,5.91501529277107,0.319,0.906,0.448,0.987,16.3186571670801,49.2440658134813,13.0500495952216,40.5424314478448,18.3905566850119,10.2463136884507,-15.6450451931659,-5.83274110335859,4.1890522833361,14.2284325692603,338.212575184636,104.986944202132,244.767439096204,34.0208687788087,10.7981210930902,5.85030023863839,0.299,0.925,0.504,0.988,20.7645776648301,62.0443978019428,15.2082860768008,47.7098371220494,14.1626065851783,11.7064665557183,-11.8114061313323,-7.35647360490581,8.02269134516974,12.704700067713,200.579425286537,137.041359220152,139.509314799274,54.1177038996759,8.17027921574281,6.73743734610864,0.336,0.96,0.422,0.94,16.4675493394233,54.4121603371304,12.8309126673572,46.4953491696695,-6.59943367363574,20.6599171276787,1.38407999883988,24.6236153831909,2.6324671730696,11.1118689852402,8.94844559783076,16.7843063349063,27.2593508013144,23.239535384351,8.47940181217061,7.83586073707556,1,1,0,0,-2.3232734342058,18.5709242693432,1.35171619561256,25.8635580243965,4.14336064265651,11.2506746494374,8.88309071793868,17.6036817757993,20.894197703549,24.511841828784,7.10731400678084,8.7205910578606,0,1,0,0,-7.44401918574387,16.0009464429393,2.25855455116641,26.9390466481562,0.227285834107522,8.40266177362998,10.176742464833,18.1061713564664,23.4449656286832,24.6804920969898,8.17537593952246,7.92942889163341,0,1,0,0,-4.46813841465973,20.4745193177538,1.42277621176936,24.4229857879207,3.7958355044104,12.5983635959375,8.99264385501682,16.8319139313167,24.9426577324135,23.0002095761513,8.80252809152712,7.83927007629988,1,1,0,0
937,500,3,1,"L'Ecuyer-CMRG","10407_-933741035_-1746543328_-149188871_-793692231_-1233137578_486091334","10407_-1936802927_-1129161061_803063818_-421432372_1597982847_2042794369",1773623852,1317452499,183084842,1704985806,1453620074,1365797076,1132303762,82.4929999999986,5.01200000000063,6.26699999999983,1.91599999999926,2.6830000000009,467.081,1,NA,"5b448b2f0770","not-a-git-build","bbd3d4119dab4c61438d29ca56ae93a0","confirmatory",589.471000000001,10.4088845538445,9.26700197878608,-6.58937628628922,2.54915809144588,13.4565711224887,22.7365729214987,108.344877655263,85.8773256748251,43.4198798423107,6.49820697518401,5.9715693441782,5.34607967543487,0.41,0.893,0.377,0.987,11.6600764928343,37.0733399800578,11.2491345997416,34.657510373955,9.35749899576745,10.9291553530324,-5.04360076036135,5.81843075248117,15.0023466484166,26.005845582534,87.5627874557889,119.446436730717,25.4379086299176,33.8541364214186,5.31459082474374,6.26625723187055,0.504,0.987,0.428,0.928,13.1384518167844,41.7463985134433,12.942773194054,39.7933418883886,12.1295878111525,9.17776603300333,-8.02760646716224,2.65925190465407,12.0183409416157,22.8466667347069,147.126900468459,84.2313893565497,64.4424655916251,7.07162069240632,6.8473821918856,5.29743544670239,0.44,0.953,0.456,1,14.9655507178955,48.0509606334126,13.1770302509764,46.3446933193347,13.0931846424902,9.61859786453797,-9.23476489515268,1.94461785577499,10.8111825136252,22.1320326858278,171.431484082342,92.5174248796943,85.2808826687443,3.78153860499892,7.41132868706537,5.53195744416138,0.374,0.876,0.406,0.978,13.3490979693928,47.0162777799585,12.0705252939403,42.0626423407725,0.675731786770147,25.7222205613482,12.0757550257466,34.8933090010198,9.06157784832051,17.6574014661046,18.509005323051,26.5244878949062,25.046488774578,22.8175539752732,8.59582361778405,8.01548257185514,1,1,0,1,4.73593780426367,26.0106162516087,15.6336715377818,36.0909702464994,11.1569251278773,18.7289101863507,22.1396869026243,30.0477001172533,21.274678447345,20.4572987087176,7.5719850584734,7.90801321462899,1,1,0,0,0.416833388243853,23.0795920205292,10.3996220391653,35.0264971759339,8.19187334692872,16.0907680156886,19.0189219203151,26.8443803323799,22.6627586322854,24.6268751367686,7.89889466875987,7.82545841206477,1,1,0,1,-2.37377851724552,23.4560126865506,11.4021520592453,33.1193833732944,6.3948270228102,15.2947315128518,18.3312269469602,26.1922103998011,25.8297912037961,21.7172313140491,8.89990449004165,7.86098345284094,1,1,0,1
938,500,3,1,"L'Ecuyer-CMRG","10407_-1706710048_-1176177683_-613740231_1078313046_-427974608_12734956","10407_1919694662_-1771682326_-717831150_-1496063160_1074460693_1928731908",183084842,1704985806,1453620074,1365797076,1132303762,1955771462,916712309,82.9139999999989,6.52900000000045,7.04099999999926,2.25200000000041,2.12800000000061,468.427,1,NA,"5b448b2f0770","not-a-git-build","bbd3d4119dab4c61438d29ca56ae93a0","confirmatory",592.554,8.11978743451066,7.54058421634636,-0.863695692985718,-4.53878137426887,18.7455384168287,15.4886177559268,65.9309479816372,56.8604103238119,0.74597025008208,20.60053636341,4.68108215881991,4.37076508392456,0.596,0.995,0.521,1,14.0989878543166,43.035772486408,13.1669469122956,40.3139477603759,7.57458821153416,6.55982345364847,0.581876190719488,-3.13649774156191,20.1911103005339,16.8909013886337,57.3743865743122,43.0312837430366,0.338579901326222,9.83761808282299,4.57093049312491,3.97180793674831,0.689,1,0.623,1,16.0928056217605,47.4707317741065,13.8889242083361,41.3405718221292,10.0862399376714,6.51239718416888,-0.781571971645107,-4.22173139670588,18.8276621381693,15.8056677334897,101.732236080278,42.4113170843708,0.61085474686122,17.8230159859322,6.05745098023543,4.58007795296226,0.658,0.999,0.886,1,20.0142192113981,63.1926993892794,19.5209050699806,58.8663999836031,9.35982416443527,7.89594204061405,0.0993208873821914,-2.88474472834523,19.7085549971966,17.1426544018504,87.6063083891465,62.3459007087363,0.00986463867038594,8.32175214771559,5.54282717220101,4.82975530304397,0.658,1,0.615,1,17.9168390598512,58.9571115568939,15.6500568526116,54.1484500417808,9.31452875915221,29.126069566715,5.71493032756086,25.7631030320494,15.369191278291,22.1193732915187,11.8394555317572,19.3855044746865,19.8115408075628,20.0481727044885,6.75018201322776,7.54604894292926,1,1,1,0,9.0905214985392,30.4107410173251,6.82595492922021,27.5414694869878,16.4551659755723,23.9546718774137,13.307879142425,20.5537496020713,21.3202195187859,20.7155145577676,7.49950590184137,7.2458704596463,1,1,1,1,6.62773510180244,30.2596858505602,5.04918626274384,26.3758555416482,14.9347284579226,23.1654893441566,12.1798711853606,19.2801597134383,23.6319507487578,21.3266692789044,8.23076088623396,7.1002885280777,1,1,1,0,9.10757661198587,30.2275626093397,6.43753408036971,27.2232676558042,16.067577658659,23.1016707392971,13.3349897831648,20.7452970686825,21.1199859973539,20.7857335754345,7.03409308063807,7.41030728551772,1,1,1,1
939,500,3,1,"L'Ecuyer-CMRG","10407_-1630343613_-2060533102_-1601280954_2020297033_-257513332_725772505","10407_1014776347_1228695852_-258100393_1752503126_-1861950614_1288480691",1453620074,1365797076,1132303762,1955771462,916712309,1870826438,16710303,82.8960000000006,6.27100000000064,4.97700000000077,2.31000000000131,1.94000000000051,482.203,1,NA,"5b448b2f0770","not-a-git-build","bbd3d4119dab4c61438d29ca56ae93a0","confirmatory",603.081,7.25154439394921,18.1630519432236,0.0301854855102448,-16.4177275505514,20.1552235601117,3.3656428676738,52.5848960974162,329.896455892238,0.000911163535489199,269.541777924135,4.21019957753315,12.1392406086441,0.577,0.999,0.108,0.574,12.54744829792,38.8056395814395,12.5235540888869,38.8929275249323,7.69684996714747,16.5206325266131,-1.99033382876476,-14.2808607877514,18.1347042458367,5.50250963047377,59.241499416778,272.931299079386,3.96142874992539,203.942984839136,4.47577301761193,10.4157888794538,0.594,0.995,0.204,0.756,13.5097329671,40.9353132256884,13.5841351422503,40.9725221608538,6.59677871798638,18.7345090411511,-0.731660314439416,-16.6343713671204,19.393377760162,3.14899905110482,43.517489454078,350.981829012972,0.535326815725586,276.702310779274,4.45857107186913,11.6359645506456,0.767,1,0.171,0.85,16.4966525451782,57.018925897221,14.956980268943,52.3071922779976,5.93359468641291,20.7131770168234,-0.553945834561247,-17.7973073802303,19.5710922400402,1.98606303799486,35.2075459026275,429.03570213026,0.306855987627757,316.744149986401,4.63869860052644,12.2027424588269,0.915,1,0.246,0.917,20.4600177469807,64.9240381739116,22.2953296020471,71.289484075161,8.70011891179686,32.1665368262398,-7.02269584908152,13.4769941647514,16.433890760613,23.6203889498274,-0.69394814059847,7.1879512750264,23.4664179144429,20.4996900138329,7.18649818921439,7.88189941562487,1,0,1,0,6.67307934375724,29.5771031006582,-6.66429015323889,16.1171058669108,13.7314259046355,22.6044359710162,1.88322179353905,9.41627523646097,22.904023756901,22.7813960201497,8.87301006638068,7.53305344292192,1,0,1,0,5.9825077272249,32.8906181825253,-8.09522419418851,13.7777813360511,14.8006662742388,23.4605825380317,-0.848693907427727,7.00954776909708,26.9081104553004,21.8730055302396,8.65991626379289,7.8582416765248,1,0,1,0,6.75830010780519,32.5646495907117,-10.3272419527998,16.2569321285631,15.1688488989018,24.1763840216254,-2.79877199069753,6.45924906186214,25.8063494829066,26.5841740813629,9.00753512272357,9.25802105255967,1,0,1,0
940,500,3,1,"L'Ecuyer-CMRG","10407_-61488358_1220826986_850576210_-518396971_1646677753_744909714","10407_-1640090028_667426806_-167134847_907965619_-1678105792_2111884448",1132303762,1955771462,916712309,1870826438,16710303,985313735,119890069,81.0500000000011,7.17699999999968,5.91200000000026,3.20100000000093,2.24099999999999,470.194,1,NA,"5b448b2f0770","not-a-git-build","bbd3d4119dab4c61438d29ca56ae93a0","confirmatory",592.541000000001,7.83993575720126,8.08871700561388,-4.08142392323017,2.71447762120908,15.5417706571656,22.7898748138662,61.4645926770428,65.4273427969071,16.6580212411156,7.36838875604489,4.50736218495655,4.68548309924579,0.544,0.989,0.555,0.98,12.457660186875,37.3566402245767,13.3238751012842,39.2688192370217,8.10215673199433,6.40245879455379,-4.55921641588631,4.18188869198604,15.0639781645095,24.2572858846432,65.644943709801,40.9914786159591,20.7864543268872,17.4881930321607,4.67722941561721,3.96661997604517,0.566,0.994,0.731,0.999,13.5001727018296,41.1739706084856,14.3330607853811,42.1383601741294,10.1949265310472,7.25691290901253,-4.54458853561904,3.35159276017217,15.0786060447768,23.4269899528293,103.936526973449,52.6627849689927,20.65328495808,11.2331740300385,5.94631023852158,4.76071970696693,0.526,0.999,0.826,0.999,17.2656151882382,52.9738656099747,18.9111368954103,57.4822517122526,10.5835907453645,11.6722615764261,-5.75954573791259,1.40672996287306,13.8636488424832,21.4821271555302,112.012393065366,136.241690308512,33.172367107107,1.97888918844485,6.16408511445274,6.59844865204235,0.698,1,0.623,0.994,20.7810931992493,62.9271195963924,20.4151257497812,62.6312629842011,6.06850059765012,25.9880668720568,11.7737815784197,32.5204233740737,11.9080149743765,19.1511317843048,19.2267300509845,26.4787513789375,19.9195662744067,20.7466417956539,7.24311680992836,7.25202132795306,1,1,0,1,5.35160192847689,25.0511307420214,15.191608906271,34.361573563098,11.3216597811934,18.8159793404118,20.7173855039186,27.712744419249,19.6995288135445,19.169964656827,7.49431955921844,6.99535891533036,1,1,0,0,4.35860386327436,27.3650845550583,12.7246204476504,33.7542811673322,11.2802418672258,19.1344401863887,19.7235823973438,27.6357255396199,23.006480691784,21.0296607196818,7.85419831916288,7.91214314227616,1,1,0,1,2.03399763417417,25.5190864765107,10.8479604292345,32.689438579494,9.86548646868445,17.8382726301882,17.3824260143693,25.1014119447808,23.4850888423365,21.8414781502595,7.97278616150379,7.71898593041157,1,1,0,1
941,500,3,1,"L'Ecuyer-CMRG","10407_-2115604608_2074412924_1672427460_406085234_-1683775274_1621462340","10407_-787930564_817228328_2119536391_-1239607640_-1975142248_-887806405",916712309,1870826438,16710303,985313735,119890069,183290844,1937471790,80.8559999999998,5.03600000000006,6.5619999999999,1.95499999999993,2.07599999999911,477.557000000001,1,NA,"5b448b2f0770","not-a-git-build","bbd3d4119dab4c61438d29ca56ae93a0","confirmatory",597.635,10.8745952158525,6.7420207452455,-9.2426274604439,-0.738234810822366,10.6112877444868,19.3399199421996,118.256821108642,45.4548437293207,85.4261623725516,0.544990635909934,6.33533649235541,4.00009403712818,0.348,0.997,0.57,1,13.4599871459452,40.2589063118257,12.3491236275028,37.7292347467521,8.32308156621746,7.12723598024341,-5.7463750950069,-0.0724972540487698,14.1075401099238,20.0056574989732,69.2736867579089,50.7974927180762,33.0208267325156,0.00525585184461187,4.86035813606262,4.19704830477669,0.573,1,0.598,1,14.7193105506722,43.1522559994517,13.6213409135513,41.060049309409,11.3377090731125,5.65782149731447,-9.21169710148543,-0.239730438686419,10.6422181034452,19.8384243143355,128.543647026537,32.0109440954738,84.8553634895151,0.0574706832327827,6.57544270920342,3.91140621065757,0.428,0.986,0.795,1,15.4606535114934,47.5856313834906,15.5741098365753,49.9516067178145,8.76134636381211,7.23038431343738,-4.89466827150105,0.968327719992811,14.9592469334296,21.0464824730148,76.7611901066837,52.2784573200014,23.9577774880391,0.937658573306475,5.30673755747456,4.80624901197544,0.633,1,0.747,1,17.1324886823123,56.4971093011113,18.3949067879213,58.2091556642967,-0.594102328007498,21.496629285383,8.60992807867946,32.4428812320297,7.11868973775223,14.41812322552,15.5431665486795,23.3472095881582,22.0907316133904,23.8329531533502,7.29943348776776,7.80404303947872,1,1,0,1,0.49968667776723,24.6742279694007,6.98606132987015,31.2088400481534,9.73486778810925,18.9115364342878,15.877791344537,24.1611139566829,24.1745412916334,24.2227787182833,9.17666864617855,8.28332261214593,1,1,0,1,-1.26523595732528,22.6780079686356,6.61769828518213,31.6611041071376,6.57911160285631,14.5644064613604,16.3542448752065,23.4192192310789,23.9432439259609,25.0434058219555,7.9852948585041,7.06497435587243,1,1,0,1,2.26228971869811,26.6566564749477,8.05519993666255,33.2841867993159,11.2795295963958,18.7089788818561,17.1933969745681,25.552252031333,24.3943667562495,25.2289868626534,7.42944928546025,8.35885505676491,1,1,0,1
942,500,3,1,"L'Ecuyer-CMRG","10407_-1336547785_30519095_-207595810_-848130638_2036302891_-427554043","10407_-1615448593_-459040497_-1754107191_-594236985_-1559839774_-38939083",16710303,985313735,119890069,183290844,1937471790,463109314,1514007270,80.473,5.84699999999975,7.11999999999898,2.30899999999929,3.04799999999886,472.440999999999,1,NA,"5b448b2f0770","not-a-git-build","bbd3d4119dab4c61438d29ca56ae93a0","confirmatory",594.179,11.7488935222194,10.1139745295243,9.1933827464781,-6.38361727202433,28.982865675042,13.3331082884603,138.036498996448,102.292480783867,84.5182863232412,40.7505694756874,6.75603962363822,5.78017999635728,0.389,0.957,0.535,0.948,14.2806243883601,42.4669037066049,13.9311155380705,41.6566916673149,13.786125497965,7.80161348664526,11.3716883873844,-4.46623535668276,31.1611713159484,15.2504902038019,190.057256245642,60.8651729950052,129.315296779774,19.9472582612832,8.09641125810298,4.60633455613651,0.353,0.939,0.649,0.994,16.0570924300277,47.7997310814318,14.3824612320253,42.2270226255159,14.1170275220278,9.57355596823751,12.0376663647531,-4.30050810776849,31.827149293317,15.4162174527162,199.290466057691,91.652973876976,144.905411509107,18.4943699849825,8.19891220746163,5.45644185387152,0.375,0.972,0.525,0.968,18.6921819467037,56.4526923797289,13.5656556209272,43.9430691992331,13.9847540856941,10.7404773798742,12.7496299232734,-5.87902955714565,32.5391128518373,13.837696003339,195.573346837338,115.357854347589,162.553063180428,34.5629885337922,8.1871581935409,6.34460763566761,0.358,0.992,0.578,0.973,20.0546689687097,62.8245408291088,17.2715473844919,55.9683709896189,18.1990125829225,39.4508208214195,1.41613848195931,23.7088152333249,25.7125283525395,32.48805093861,9.25838786986385,17.5211796054914,21.251808238497,22.2926767513656,6.77552258607047,8.26279173562755,1,1,0,0,19.1822220390266,42.6533197982933,2.92888423346831,26.6978509329551,26.9151460524847,35.4706828160651,11.8272836281021,18.795947223391,23.4710977592667,23.7689666994868,8.55553676358036,6.96866359528895,1,1,0,0,19.419317416583,43.1717345470011,4.6060176513992,27.1645250021401,27.9186850860268,35.9952513113564,11.4326661121485,19.1773371742754,23.752417130418,22.5585073507409,8.07656622532956,7.7446710621269,1,1,0,0,20.757267793304,45.0899650327276,2.52760311339271,25.4607859304317,28.5053487565781,36.8539837922859,10.0314137821054,17.7955121854088,24.3326972394236,22.933182817039,8.34863503570779,7.76409840330338,0,1,0,0
943,500,3,1,"L'Ecuyer-CMRG","10407_1812430025_33883650_555064330_-547156771_1977889827_-2136239613","10407_1300142104_1841953985_-40939931_-1237961797_69885603_2126755095",119890069,183290844,1937471790,463109314,1514007270,1779954435,2046006720,80.7049999999999,5.08400000000074,5.51800000000003,1.9369999999999,3.22900000000118,476.392,1,NA,"5b448b2f0770","not-a-git-build","bbd3d4119dab4c61438d29ca56ae93a0","confirmatory",595.997000000001,10.2462573249307,8.02929634179724,8.2401951501565,-6.19190899948871,28.0311394730668,14.0243101565148,104.985789168696,64.4695997443986,67.9008161126626,38.3397370579493,5.86765694814899,4.70894178565912,0.39,0.999,0.621,1,13.5264971767069,40.9369758525873,15.310881967958,45.665752106798,11.8981253576928,8.36230672093154,10.3835015839556,-5.68991129115695,30.1744459068659,14.5263078648465,141.565387027373,69.9281736949368,107.817105144009,32.3750905012354,6.9972970082395,4.87835423019445,0.309,0.989,0.602,0.996,14.7086660271496,44.0684913274733,15.2492855516603,44.8267104783529,10.4743282783561,13.4055449365636,9.01867817970593,-7.66912539977144,28.8096225026162,12.547093756232,109.711552882771,179.708635046225,81.3365561091039,58.8154843974195,6.16581837342039,7.78752046852655,0.446,1,0.587,0.989,16.6585719905831,55.5052024027258,23.7904499122632,68.7301499860842,10.5969447916928,9.06875431831794,9.06047836233936,-6.48959891729019,28.8514226852496,13.7266202387133,112.295238918185,82.2423048860103,82.0922681544197,42.114894107294,6.23205502309648,5.6181643448258,0.412,0.998,0.634,1,14.7396296024505,54.0131441736981,19.0257589533821,56.1231096311809,15.8891580671907,38.8911385312152,3.70637360180391,25.4234090305789,24.4467232662959,31.7592450434762,10.1464756308524,17.9163590143913,23.0019804640245,21.717035428775,7.31252177718031,7.76988338353896,1,1,0,0,19.0308111736566,41.816088565118,4.01408749533386,25.7076506768493,25.6403551427839,34.9920282233671,10.3461906396443,18.3764346029019,22.7852773914614,21.6935631815154,9.35167308058321,8.03024396325761,1,1,0,0,16.7128267643623,41.9063341554667,-0.699985394424339,24.6781181205185,24.7215476875897,32.8434054368904,8.25835767602866,17.18001550294,25.1935073911043,25.3781035149428,8.12185774930074,8.92165782691129,1,1,0,0,16.9930500337027,42.3997285724284,0.580008586733945,27.7175536824375,24.8697071437518,32.7746550961175,9.33894354481524,18.3111238096263,25.4066785387257,27.1375450957036,7.90494795236571,8.97218026481109,1,1,0,0
944,500,3,1,"L'Ecuyer-CMRG","10407_-543758303_-1220236290_-722817251_1160769237_1465540254_406082537","10407_-1298277744_629386590_285544291_-25064738_-582709414_1096479914",1937471790,463109314,1514007270,1779954435,2046006720,782933053,730854126,78.7039999999997,6.12199999999939,7.12200000000121,2.31600000000071,2.25199999999859,473.103999999999,1,NA,"5b448b2f0770","not-a-git-build","bbd3d4119dab4c61438d29ca56ae93a0","confirmatory",594.037999999999,11.0891953875967,8.79947943654204,-6.85640023883195,-2.40462449968565,13.2512999007273,17.9269412554231,122.970254344296,77.4308383541262,47.0102242350548,5.78221898448844,6.37216681896588,4.99800227913521,0.499,0.956,0.474,0.99,15.6772433468109,44.6860188400076,12.6064103301453,38.6510685526744,10.2233937160475,8.5489031668685,-4.87422800180769,0.454623566678713,15.2334721377516,20.7861893217875,104.517779073319,73.0837453564943,23.7580986136062,0.206682587379674,5.81179496642003,4.93548263673833,0.55,0.989,0.575,0.997,15.7951401661255,47.5021039637796,14.7951698981828,43.8094457994056,10.5843895217975,8.73233857194873,-2.6756173073774,0.372879670952067,17.4320828321819,20.7044454260608,112.029301549137,76.2537369351437,7.15892797553749,0.139039249009321,6.09881907255729,5.25711804163628,0.617,1,0.673,0.998,18.9702621141939,59.8239831498393,17.3566819673372,55.0799174869039,8.05958324370484,9.48830623674979,-3.51314478998684,0.374011424577294,16.5945553495724,20.7055771796861,64.9568820622078,90.0279552423449,12.3421863154116,0.139884545714337,4.87535549296853,5.55917251115241,0.578,1,0.544,0.994,14.5068553724151,54.3200607692716,15.801784718453,52.5726943194479,-1.04438622191611,24.2774774704862,6.59278346850533,29.3110504122689,9.23555165819718,18.3434765229559,14.0527073374493,21.7295664444122,25.3218636924023,22.7182669437636,9.1079248647587,7.67685910696289,1,1,0,1,2.35242413994542,27.6431576110106,8.14937274493233,32.6251985390745,10.9578824536561,19.1899247994973,16.1219361483976,25.3890189923437,25.2907334710652,24.4758257941421,8.23204234584125,9.26708284394617,1,1,0,1,4.17440922964759,29.5523507599502,8.46531379457489,32.7480813479609,12.9818202340031,21.9164720808071,16.4472009125394,24.8673395065053,25.3779415303026,24.2827675533861,8.934651846804,8.42013859396592,1,1,1,1,4.29783824570516,29.8368404336657,7.27227264513743,33.2181251656024,12.0843649323906,20.9237477814526,16.4701754529838,24.9445329173766,25.5390021879605,25.945852520465,8.83938284906205,8.47435746439278,1,1,1,1
945,500,3,1,"L'Ecuyer-CMRG","10407_-669009076_867640014_-273174521_1478484058_1366466770_2039697041","10407_346644557_1681213149_-855532048_524581143_655523668_-1440389034",1514007270,1779954435,2046006720,782933053,730854126,880716096,1635418056,80.737000000001,5.09900000000016,5.91100000000006,1.90999999999985,2.91799999999967,466.865,1,NA,"5b448b2f0770","not-a-git-build","bbd3d4119dab4c61438d29ca56ae93a0","confirmatory",587.512000000001,9.95550910985427,10.7995292928314,-6.47403315490212,-7.26989517113785,13.5176651152477,12.8274303355902,99.1121616363914,116.629832946723,41.9131052907719,52.8513757993334,5.56331787339946,6.17583607745959,0.499,0.985,0.422,0.972,13.8591077791771,40.3310374172861,12.95503732907,38.2706680179848,10.8428265774245,10.7554397758862,-8.61429106965228,-6.54954251299305,11.3774072004975,13.547782993735,117.566888188103,115.679484772714,74.206010632691,42.8965071295034,6.15764200858364,6.15988167456366,0.473,0.993,0.464,0.967,15.2848766257425,46.1767875306413,14.7431417460927,43.290991211016,12.1837237484257,13.3533265087213,-8.63294870571563,-8.03159309974844,11.3587495644342,12.0657324069796,148.443124377952,178.311328848519,74.5278033555172,64.5064877199267,7.05231991203521,7.62899121981437,0.521,0.993,0.495,0.968,19.1491628653908,59.9441876393668,19.4020475918235,58.3251412432218,11.9108783888534,13.7121294814287,-7.71996011149756,-10.713998899048,12.2717381586523,9.38332660768003,141.869023994055,188.022494915465,59.5977841231134,114.789772408803,6.77666911369209,8.21795768353629,0.523,0.995,0.433,0.94,17.8814936962478,56.0977983410268,17.5211098287553,56.6909612794855,2.32927505470385,24.781064255884,0.283077999655725,24.6608253581267,9.07746416099525,17.467547773991,8.16160696542055,17.7365199283333,22.4517892011802,24.377747358471,8.3900836129957,9.57491296291275,1,1,0,0,-0.802430949211473,24.5544288251099,1.34704320717352,25.1745014756319,6.6649325795855,16.0499281228167,9.21291717867624,17.7212184272237,25.3568597743214,23.8274582684584,9.38499554323125,8.50830124854745,1,1,0,0,-0.58749104055526,23.4746105907917,0.987444281784711,24.8217741287531,7.46210709681007,15.3269384313527,7.86249059617019,16.0791020399604,24.0621016313469,23.8343298469684,7.86483133454264,8.21661144379022,1,1,0,0,-0.491506276697457,24.5764055236011,-2.40833967763702,21.1511808519892,7.96059045077758,16.7408314590587,4.73638624541967,13.8217978776093,25.0679118002986,23.5595205296262,8.78024100828114,9.08541163218965,1,1,0,0
946,500,3,1,"L'Ecuyer-CMRG","10407_-1420911865_-1483396232_-596982924_1642228365_1614542047_1737213543","10407_-1693435025_1748195200_986468812_-189764385_-1034943523_-1502848832",2046006720,782933053,730854126,880716096,1635418056,1275818415,79057147,81.2829999999994,6.27900000000045,7.09199999999873,2.30600000000049,2.20700000000033,469.018999999998,1,NA,"5b448b2f0770","not-a-git-build","bbd3d4119dab4c61438d29ca56ae93a0","confirmatory",592.195,6.22412855919077,9.67323711540375,-1.9200212375615,0.344797961603586,18.1801260622122,20.2287627059849,38.7397763213342,93.5715162908247,3.68648155268721,0.118885634325988,3.98477812463728,5.55516838834888,0.77,1,0.471,0.992,15.3599145049066,46.289410166585,14.2834463684643,43.9899343458957,5.61823256433668,8.99935278904258,0.912568250219437,1.75668008108453,21.0127155499931,21.6406448254658,31.5645371469731,80.9883506216484,0.832780811308564,3.08592490727915,3.78478093781236,5.17450828943815,0.837,1,0.518,0.996,15.7380641364089,46.7530277517125,14.6296715346474,42.8758453321506,7.774741463516,10.9250947225124,-3.66394281099314,-0.511878444816677,16.4362044887805,19.3720862995646,60.4466048245149,119.357694695868,13.4244769222283,0.26201954226794,5.15355504227884,6.36543396318877,0.809,1,0.571,0.993,20.4588539083258,63.0497139075006,18.7433624495602,58.7914880801877,7.35784403151702,10.5165819679518,-1.32085237019697,0.632723865289307,18.7792949295767,20.5166886096706,54.1378687921307,110.598496288649,1.74465098385496,0.400339489706641,5.22229393108334,6.28094741691434,0.863,1,0.604,0.994,22.0544751552481,67.4990280311362,19.1799709998954,60.6106615357122,6.25481181654682,29.5625128153806,6.96694752033995,31.9516353024092,14.1124847704805,22.1698364533176,16.4430343478541,24.4704184996632,23.3077009988338,24.9846877820693,8.05735168283713,8.02738415180915,1,1,1,1,8.95638048487184,32.3236844871717,11.2946813738682,31.955540832107,17.2862558731426,24.5800255567745,17.5135355021142,25.3720685985346,23.3673040022999,20.6608594582387,7.29376968363189,7.85853309642044,1,1,1,1,4.23288064635058,27.7560136250221,5.08004611853977,30.831400577854,12.803575839136,20.4361783833269,15.4497545038877,23.9146224218796,23.5231329786715,25.7513544593143,7.63260254419094,8.4648679179919,1,1,1,1,6.90784117418331,31.3410014950914,8.16932774525672,32.8371121677444,14.6044727074159,22.7183716601375,16.1431731219406,24.9753408891967,24.433160320908,24.6677844224877,8.11389895272161,8.83216776725616,1,1,1,1
947,500,3,1,"L'Ecuyer-CMRG","10407_2052689588_-253376235_-1768194932_-445825016_121786325_1197221034","10407_1286771650_-488129356_746697904_807744809_-1273769975_-831144950",730854126,880716096,1635418056,1275818415,79057147,1123608740,1048286064,81.3009999999995,6.40400000000045,4.95100000000093,2.70400000000154,1.93500000000131,468.109,1,NA,"5b448b2f0770","not-a-git-build","bbd3d4119dab4c61438d29ca56ae93a0","confirmatory",587.303999999998,12.3716271684465,9.38280466245239,9.14982089347558,-0.200757479538876,29.499681353007,20.3040505715886,153.057158795045,88.0370233337383,83.7192223826823,0.040303565590802,7.24687863881293,5.37754898482367,0.335,0.879,0.399,0.965,12.4765836727393,38.3582689993539,11.6848501889161,36.8656362560638,12.3385135983999,8.86992890472189,7.86120089357394,0.359824612408637,28.2110613531054,20.8646326635361,152.2389178179,78.6756387748209,61.7984794891277,0.129473751695026,7.06124836741306,5.04758421955346,0.431,0.909,0.509,0.995,14.5303448767279,44.0865437076461,13.5963524303184,40.4303176809208,11.343706766613,11.0772747342415,6.64682863995463,-2.13534757825035,26.996689099486,18.3694604728771,128.679683206902,122.706015537865,44.1803309689211,4.55970927993964,6.48383749817945,6.30372944602245,0.517,0.97,0.54,0.975,16.0375464482019,50.7786925345549,17.287089510314,51.6187019791352,12.8701456477475,9.42533644792985,8.4859256374859,1.1129401829908,28.8357860970173,21.6177482341183,165.640648994234,88.8369671566748,72.0109339249405,1.23863585091561,7.4174321977839,5.42753486916616,0.444,0.933,0.472,0.99,16.3370147416187,51.9756778064569,13.6320669922952,46.1798082018136,18.8658846240858,38.8770510127298,8.93001218060421,31.2777095224219,26.0432421204341,33.2046077026036,16.1143032380868,24.7131616306849,20.011166388644,22.3476973418177,7.16136558216946,8.59885839259808,1,1,0,1,16.5211074726921,39.2514444835808,10.4157301056327,30.3183565482221,24.1656465532502,32.0267891925779,17.577185881314,24.4254704427881,22.7303370108887,19.9026264425894,7.86114263932771,6.84828456147412,1,1,0,1,14.2894346382035,38.3852695601649,7.37260725044351,29.467229157052,22.8372499022528,31.2920191594284,14.4513703436505,22.072007343051,24.0958349219613,22.0946219066085,8.4547692571756,7.62063699940046,1,1,0,1,16.8372251302497,38.8313537781285,10.8036991630697,32.2553855293301,25.4871619114159,33.101399305558,17.7578901134708,25.2673962393695,21.9941286478788,21.4516863662604,7.61423739414209,7.50950612589877,1,1,0,1
948,500,3,1,"L'Ecuyer-CMRG","10407_1325582026_-1724016987_394244467_-1944696327_373595749_1192949597","10407_333431372_-424663385_1866251225_738042374_-1332668564_793509983",1635418056,1275818415,79057147,1123608740,1048286064,332462469,263714784,82.3449999999993,7.10100000000057,6.41300000000047,2.21099999999933,2.26000000000022,464.268,1,NA,"5b448b2f0770","not-a-git-build","bbd3d4119dab4c61438d29ca56ae93a0","confirmatory",587.849,7.45238632639,9.02293644711281,0.780359997227769,-3.54339179039177,20.6337036047586,16.5211706235775,55.5380619577646,81.4133821286368,0.608961725273324,12.5556253802158,4.28153423843786,5.1662068519952,0.55,1,0.425,0.989,12.0907114819068,39.0856839731812,12.2910267303009,38.0657559407504,7.62843935438821,7.10663134895598,-0.595693678028681,-1.68408877113151,19.2576499295021,18.3804736428378,58.1930869835787,50.5042091299639,0.354850958043338,2.83615498905123,4.45393164178327,4.21561349657143,0.598,0.998,0.642,1,13.5724346102368,42.9262828596265,14.0807422190702,42.5743513393715,6.90554972978365,7.45510087798801,-0.0739145260367486,-2.8935124417572,19.7794290814941,17.1710499722121,47.686617070515,55.5785291009777,0.00546335715923719,8.37241425060369,4.44550637608055,4.5345378174731,0.711,1,0.631,1,15.585669119276,53.2571033054099,14.9167786098946,48.9256014574187,12.1411832529064,6.40295591095012,0.938827150085316,-3.37905744637696,20.7921707576161,16.6855049675923,147.408330780655,40.9978443975711,0.881396417737317,11.4180292259156,6.71578094157489,4.23509529433265,0.566,0.998,0.78,1,18.7152259272581,59.6733021734064,16.4239187596165,52.0443074188492,8.68849291854934,31.4924611622412,4.62940014699483,27.7318003044968,16.6228127275714,24.4448178359189,13.2192300572125,20.5036291190416,22.8039682436919,23.102400157502,7.82200510834752,7.28439906182908,1,1,1,1,8.72102012727285,31.4143249361831,7.90624890375135,31.3749766683948,15.0616735295854,23.187476417975,14.7408548247707,21.5813720293731,22.6933048089103,23.4687277646434,8.1258028883896,6.84051720460238,1,1,1,1,9.34983631672575,30.7969243193006,5.93007616506142,28.2725370431551,15.6931542132868,23.507467486619,13.2930452450576,21.1299300986117,21.4470880025748,22.3424608780937,7.81431327333217,7.83688485355411,1,1,1,1,9.05519918332947,32.147758407822,5.2991401647227,28.2343262313143,16.8269040732669,24.7312829944498,13.0336386473898,20.4319146466464,23.0925592244925,22.9351860665916,7.90437892118291,7.39827599925654,1,1,1,1
949,500,3,1,"L'Ecuyer-CMRG","10407_-1517465503_663550890_-298771561_-1741135976_-1390245765_153731152","10407_-632942107_-1727709072_-1718871171_-1345871697_470767628_-419474990",79057147,1123608740,1048286064,332462469,263714784,1094546514,353832789,81.9380000000001,5.03900000000067,6.62400000000162,1.95299999999952,1.92399999999907,474.965,1,NA,"5b448b2f0770","not-a-git-build","bbd3d4119dab4c61438d29ca56ae93a0","confirmatory",596.307999999999,6.2181522482051,9.10521029854833,-0.165064420891184,3.65535597966513,19.7100467655813,23.8157838826274,38.6654173818581,82.9048545807905,0.027246263044142,13.3616273380737,3.81068307509362,5.22794924062329,0.695,1,0.403,0.981,13.6731671827268,41.8877374697286,11.3899422292198,36.317476620031,7.53449169406618,8.63451464415323,-3.07158957073201,3.17448518667026,16.8035216157405,23.3349130896326,56.7685650879522,74.5548431400966,9.43466249102962,10.0773562003889,4.39856715311802,4.97915617752313,0.583,1,0.525,0.991,13.4050581752811,41.3656897255332,13.5603101934646,39.921779969137,7.42166468182408,9.43260595807584,-4.05685018187004,3.80679481001171,15.8182610046025,23.967222712974,55.081106649435,88.9740551603279,16.4580333981389,14.4916867255321,4.47485153548889,5.48181048322894,0.611,1,0.526,0.998,14.2150743709712,47.3489050431212,14.890686515508,50.0597881248519,6.77009768295443,10.1660590897767,-2.45652710438258,5.52963816889924,17.4185840820899,25.6900660718616,45.834222636745,103.348757416832,6.03452541456625,30.5768982789474,4.23066434815885,5.89523580210383,0.611,1,0.453,0.982,13.2586646187027,49.8693288268398,13.4282434053648,48.8613590222882,9.23624588084392,32.3825187696827,11.5618188224282,34.3398968857021,15.6294308580112,23.4481437625753,20.6881515530577,27.6630980895642,23.1462728888388,22.778078063274,7.81871290456406,6.97494653650652,1,1,1,0,4.85230188174542,28.9499743081287,11.6073513717687,34.9590546556179,12.9370793850507,20.4352665155465,19.3069029439976,27.6556852142938,24.0976724263833,23.3517032838492,7.49818713049581,8.3487822702962,1,1,1,1,4.74278391799697,27.1226778065774,12.2522600818739,35.6193569428317,12.0328094063343,19.4536281211758,20.0916859847212,27.7192421016175,22.3798938885804,23.3670968609577,7.42081871484144,7.62755611689634,1,1,0,1,5.52566026416452,30.30928416346,14.5107357090118,37.4351608839686,13.1291505550937,21.7712303199815,21.6191642734089,29.5679742737932,24.7836238992954,22.9244251749568,8.6420797648878,7.94881000038432,1,1,1,0
950,500,3,1,"L'Ecuyer-CMRG","10407_1095372372_1406920166_-2142917666_-1286050059_1404653609_-804294743","10407_342108492_-724500643_232975943_217765852_-464708076_-450866702",1048286064,332462469,263714784,1094546514,353832789,1570172545,437892893,79.4470000000001,6.38899999999921,7.15200000000004,2.29900000000089,2.26200000000063,470.019,1,NA,"5b448b2f0770","not-a-git-build","bbd3d4119dab4c61438d29ca56ae93a0","confirmatory",591.630999999999,8.47687198089475,8.68926178445979,-5.23962371304716,0.372558422229112,14.4761494779301,19.9263840742803,71.8573585804784,75.5032703588734,27.4536566543262,0.138799777973845,4.92900396455877,4.99807302466084,0.571,0.996,0.421,0.981,14.1699969913971,43.3793166960932,11.5309920331183,35.1176637677433,9.85496142705909,8.05799979082291,-6.47421463465026,1.59935613324495,13.241558556327,21.1531817852961,97.1202647288224,64.9313606289021,41.9154551355196,2.55794004094823,5.60866756214622,4.62466089143559,0.491,0.989,0.528,0.995,14.2894963548479,43.4643484295627,12.8606348222498,37.7008796854335,9.79112691016285,8.77596702607634,-5.18910014063437,-0.283431953772638,14.5266730503429,19.2703936982786,95.8661661709152,77.0175972427792,26.9267602695316,0.0803336724193748,5.82914562595568,5.13487643134196,0.589,1,0.526,0.999,17.4006335379865,59.1506770036344,14.387586180727,47.9488951594026,10.8216794995143,9.2197485039824,-6.0390101311208,2.62465337342202,13.6767630598564,22.1784790254732,117.108747190208,85.0037624766858,36.4696433637797,6.88880533061559,6.50040280991478,5.58229196374865,0.659,0.997,0.643,1,21.1527771232924,65.7028495052673,18.4358332702911,58.2075039716301,2.51676761033707,26.8805178275629,9.447940451173,30.2300313475552,10.2348513346633,18.3969793426238,16.4385274691215,23.3661856857308,24.3637502172258,20.7820908963822,8.16212800796043,6.92765821660937,1,1,0,1,1.75338284639875,23.9976413471642,11.2899054420242,31.216632945208,9.20011056798724,17.2416133406156,17.0867471669751,24.7180818096195,22.2442585007654,19.9267275031838,8.04150277262839,7.63133464264449,1,1,0,1,2.8136259829142,26.0850822475346,8.1337392805782,28.8622081809881,10.6028616845862,18.2285638253166,15.726303738478,23.3194841171635,23.2714562646204,20.7284689004099,7.62570214073039,7.59318037868555,1,1,0,1,-0.470041793140967,25.6825718825101,11.0504469921668,34.1878958454301,9.2242994781454,18.3281037483976,17.7619220844281,26.1312679052814,26.1526136756511,23.1374488532633,9.10380427025216,8.36934582085331,1,1,0,1
951,500,3,1,"L'Ecuyer-CMRG","10407_1882708468_346960723_874883336_-1066591015_-1924372155_-1395207576","10407_-2045610496_-570566000_602874766_416622994_1361195778_163650541",263714784,1094546514,353832789,1570172545,437892893,1595526104,450308835,80.4039999999986,5.02099999999882,6.52999999999884,1.91100000000006,1.88400000000001,466.592999999999,1,NA,"5b448b2f0770","not-a-git-build","bbd3d4119dab4c61438d29ca56ae93a0","confirmatory",585.092000000001,7.68837206976127,8.98099018476771,-2.92737895815835,-0.386152896948076,17.4855545420436,20.074163185162,59.1110650830853,80.658184698894,8.56954756466829,0.149114059821391,4.47611169217956,5.1429175077904,0.608,1,0.405,0.995,14.1645184788844,42.1582250957454,11.5862129919247,37.8608493275917,8.57021217763394,9.35644103177714,-3.60417091376039,-2.75484352085563,16.8087625864416,17.7054725612545,73.4485367696651,87.5429887811229,12.9900479755964,7.58916282440026,4.95679336029226,5.37000316712947,0.606,0.998,0.474,0.968,14.910295245044,45.2181095908362,13.3135232996542,38.872729241896,10.3115986721662,10.4402968339632,-5.2083814570506,-2.11765288656381,15.2045520431513,18.3426631955463,106.32906717582,108.999797981261,27.1272374021486,4.48445374797204,6.09645030672633,6.14574568318281,0.574,1,0.617,0.999,18.3423664008261,58.2832445878642,18.8768419712637,60.860981044192,10.0243535804185,9.8448545146992,-5.47001909659238,-3.0391841919637,14.9429144036096,17.4211318901464,100.487664705248,96.9211604155932,29.9211089170853,9.23664055268204,5.9772604542727,5.72360772536952,0.596,0.998,0.532,0.991,18.3344218848246,60.495274256744,15.1773811800667,52.3628595081594,4.59239042044164,30.7287942038937,7.59290055339236,31.190222479443,12.9728319158368,21.8362188158543,16.1257291836725,24.1982481347524,26.1364037834521,23.5973219260506,8.86338690001755,8.07251895107985,1,1,1,1,5.40858950609001,27.8992144642168,6.65399518265097,29.3204845269674,12.9649795134939,20.0256054039068,13.7163099449125,21.9692394439613,22.4906249581268,22.6664893443164,7.06062589041292,8.25292949904877,1,1,0,1,3.44800609859823,27.4031178268673,6.28421405716344,31.6766186704587,10.8470852804242,19.66869342313,14.2308411231601,22.3631670331514,23.9551117282691,25.3924046132953,8.82160814270582,8.1323259099913,1,1,0,1,2.99072131104265,29.1209564820387,4.97590660022618,29.0674217590464,10.4524016545763,19.2120130928832,13.631912938585,21.7493398180085,26.130235170996,24.0915151588203,8.75961143830697,8.11742687942345,1,1,0,1
952,500,3,1,"L'Ecuyer-CMRG","10407_1626300699_1610497725_918399885_-824245157_-262441638_-11132992","10407_-2049483754_-260061735_-1493929440_-2018111595_-215197157_1425370339",353832789,1570172545,437892893,1595526104,450308835,70401179,1137651422,80.5519999999997,7.21799999999894,5.76100000000042,3.11700000000019,2.32599999999911,469.616,1,NA,"5b448b2f0770","not-a-git-build","bbd3d4119dab4c61438d29ca56ae93a0","confirmatory",590.851000000001,7.83282613060045,13.6729227348361,-0.0861578117814261,-10.3146962486522,19.8581679607564,9.91807752910808,61.3531651922171,186.948816112797,0.00742316853096365,106.392958701961,4.47725219854708,8.31462062356583,0.517,0.995,0.308,0.772,11.7385104301718,36.9350985077621,11.3248897516774,36.4628756802317,8.88486210155361,13.5678899315648,0.817016410655999,-9.02403772094088,20.7613421831938,11.2087360568194,78.9407745636237,184.087637195057,0.667515815281212,81.4332567889639,5.1257991691924,7.96137696550616,0.583,0.988,0.348,0.848,14.916600258903,44.5591834455453,13.2380062636678,40.3339051313094,9.29884619132054,15.4646801200795,1.90737776889121,-11.1050199246105,21.851703541429,9.12775385314978,86.4685404898365,239.156331216381,3.63808995326042,123.321467525997,5.52019201350725,8.8778800393994,0.638,1,0.344,0.924,16.8823870156232,54.9414405826889,17.099027562515,52.7442121835358,9.24948886709926,14.7915946829078,1.34469329145934,-11.1061845167059,21.2890190639971,9.12658926105439,85.5530443025932,218.791273263426,1.80820004809574,123.347334519119,5.4173807509246,8.59050522059741,0.62,1,0.409,0.903,16.7224456032325,54.9126673521967,17.0695168632106,54.0407883215654,10.3101295243257,30.3482264234182,-1.09681291231952,20.9487092451645,15.873001143469,23.3984897898581,6.08084118683428,13.5119232714217,20.0380968990925,22.0455221574841,7.52548864638917,7.43108208458738,1,1,1,0,8.38544388034433,32.9270744778489,0.132903232862043,21.7730450219442,16.6413244376855,24.9488980548345,7.63987826607694,14.7908032688928,24.5416305975046,21.6401417890822,8.30757361714898,7.15092500281587,1,1,1,0,11.05506640667,32.8058728274109,-2.7733978211044,21.9503876273723,17.924093391052,25.5317656329202,4.80504946816266,13.2814850008648,21.7508064207409,24.7237854484767,7.60767224186825,8.47643553270214,1,1,1,0,9.6319118429771,33.2306180885806,-2.43961629008645,21.1951009663045,17.0674115319896,25.5452400034862,5.05771809318373,13.4186935543077,23.5987062456035,23.6347172563909,8.47782847149652,8.36097546112397,1,1,1,0
953,500,3,1,"L'Ecuyer-CMRG","10407_-1454013052_1448161697_651249784_-689671089_1142284570_-997510447","10407_-782431806_1413640234_373477849_-864069120_-2002928986_-972294211",437892893,1595526104,450308835,70401179,1137651422,1396582238,1146818395,81.8350000000009,5.00200000000041,5.94200000000092,1.9320000000007,2.9369999999999,468.398999999999,1,NA,"5b448b2f0770","not-a-git-build","bbd3d4119dab4c61438d29ca56ae93a0","confirmatory",590.301000000001,11.3984460550807,8.19452953776599,-6.40305234005522,-2.90941068598059,14.4152130799381,17.2534327971427,129.924572470586,67.1503143453193,40.9990792694867,8.46467053969806,6.27252204680358,4.69204823126007,0.502,0.987,0.46,1,15.9850352025173,46.3231948205008,11.746826377724,35.9557824629025,12.7738311568868,8.82079110625581,-7.38619192704777,-1.54799774868764,13.4320734929456,18.6148457344357,163.170762424651,77.8063557402017,54.5558311831857,2.396297029942,7.05415167321747,5.03598209955353,0.492,0.969,0.446,0.998,17.0295951337364,49.0333073530591,13.0360669544074,39.6099665772142,10.4952640950508,8.65803312421952,-5.02218084336223,-3.90323828355371,15.7960845766311,16.2596051995696,110.150568424862,74.9615375800824,25.2223004234345,15.2352690981993,5.977686808429,5.2625304796378,0.681,1,0.592,1,20.0255532034348,60.4208072140288,16.8783054089548,54.1007352987486,14.7310345469392,7.65114479354779,-7.24360706296243,-2.02000376706098,13.5746583570309,18.1428397160624,217.003378823117,58.5400166518335,52.4698432825991,4.08041521894054,7.93420920692418,4.83059397314647,0.516,0.976,0.708,1,19.0444809570733,56.6582671388149,17.2280791360195,55.4775186722011,3.85117336820183,25.4403836387077,6.24093252168566,27.4614775883891,10.3700960123105,18.5609391206147,13.6892759894789,20.815723967853,21.5892102705058,21.2205450667034,8.19084310830417,7.12644797837404,1,1,0,1,3.92320063361058,23.3968422874518,8.42101075780008,29.7181008875028,9.87139568334087,16.6772919495888,15.0548230777687,22.158299434716,19.4736416538412,21.2970901297028,6.80589626624793,7.10347635694729,1,1,0,1,3.13493187663974,27.9200789495896,4.23629631973082,28.3817891575586,11.4054853858808,20.2510791105431,12.3247182033994,20.1125872286384,24.7851470729499,24.1454928378278,8.84559372466232,7.78786902523899,1,1,0,0,0.958032601964141,24.8643580209028,5.60611227210587,30.2425821828866,9.57913078067759,17.5143908593277,13.827113097459,22.6172472785152,23.9063254189386,24.6364699107807,7.93526007865008,8.79013418105621,1,1,0,1
954,500,3,1,"L'Ecuyer-CMRG","10407_1227071005_-151446705_-2134326694_2139301787_-354846416_-1835000652","10407_-1503415092_-2011764772_304597628_831563360_-1251465610_-2099098053",450308835,70401179,1137651422,1396582238,1146818395,243893137,560041478,81.6730000000007,6.1830000000009,5.80500000000029,2.23500000000058,2.29199999999946,468.167000000001,1,NA,"5b448b2f0770","not-a-git-build","bbd3d4119dab4c61438d29ca56ae93a0","confirmatory",591.255999999999,10.7242657818408,10.6629125826833,6.99135864039583,-6.25855323719428,26.5082232557971,14.1839513912114,115.009876559562,113.697704745946,48.8790956386375,39.169488622795,6.24740789016515,6.26339754073864,0.355,0.904,0.322,0.912,11.5480960699812,35.8734690921435,10.5381304179107,32.3806925091314,13.6363402627426,10.0175480315343,9.23790596137112,-4.31045044505855,28.7547705767723,16.1320541833471,185.949775761294,100.351268564096,85.3389065511361,18.5799830393054,8.22496984599585,5.7758439065979,0.328,0.845,0.372,0.962,14.6573542502694,43.0992718860444,11.4747217776079,36.6864405991421,11.3151074915884,10.9765821756008,7.87068846968365,-6.15572261073234,27.3875530850849,14.2867820176733,128.031657546201,120.485356257718,61.9477369868112,37.8929208602814,6.63026188868885,6.29718179239731,0.501,0.995,0.44,0.986,17.4788202520461,54.3941086626001,13.8383290428216,47.4257798320868,13.846431081382,9.97089145985936,8.41989508286813,-5.51957207909879,27.9367596982694,14.9229325493069,191.723653691461,99.4186765042964,70.894633206507,30.4656759363669,8.25464562783641,5.81096367281342,0.366,0.909,0.454,0.95,15.924680681377,50.8059232824191,12.0065101688961,44.4628192473316,17.0855626368063,37.5591981655068,2.18795048407352,24.4227341542564,22.4488257545594,30.103757746435,10.7760994245517,17.9542073233149,20.4736355287005,22.2347836701828,7.65493199187558,7.1781078987632,1,1,0,0,18.3688651625949,38.5834179784472,6.15836393662362,25.6026221853912,24.8209444793036,32.5342327621482,12.7333206909603,19.2709865893955,20.2145528158524,19.4442582487676,7.71328828284461,6.53766589843521,1,1,0,0,16.5568254724834,38.4654838455191,2.73763330893977,24.8791601686361,23.4555351459801,31.0989456819846,10.3538342317513,18.2583452202273,21.9086583730357,22.1415268596963,7.64341053600451,7.90451098847602,1,1,0,0,17.1114559601769,38.249705004093,4.4258432576485,25.3606106265434,24.2717604486438,31.8485565364677,11.0114570894711,18.4295326259372,21.1382490439161,20.9347673688949,7.57679608782382,7.41807553646617,1,1,0,0
955,500,3,1,"L'Ecuyer-CMRG","10407_926190045_267662149_7740302_1311979173_750093426_1452867449","10407_-685093521_1427003481_799363594_373294522_-1652084943_318167704",1137651422,1396582238,1146818395,243893137,560041478,435420196,272378744,81.5409999999993,6.08500000000095,5.01800000000003,2.30099999999948,1.89599999999882,479.821,1,NA,"5b448b2f0770","not-a-git-build","bbd3d4119dab4c61438d29ca56ae93a0","confirmatory",599.190000000001,7.90719327395133,9.88836827848301,-2.10348287122767,-4.33280350426026,18.0682792814606,15.3721963210958,62.5237054716211,97.7798272109089,4.42464018954818,18.77318620653,4.51085404537259,5.70592872060867,0.488,0.999,0.396,0.943,11.576656490953,37.1980104597528,11.678330169314,35.7166840667058,7.94043962820066,9.74515615286069,-2.18597294552951,-3.21394875966055,17.9857892071587,16.4910510656955,63.0505814890995,94.9680684436386,4.77847771858696,10.3294666297236,4.55039457692612,5.58668073998261,0.495,0.997,0.439,0.97,12.0425397311523,37.647013878439,13.0214261907548,38.9037270632773,7.16726549564988,10.864932906966,-2.435857188651,-5.38129686488749,17.7359049640372,14.3237029604686,51.3696946851333,118.046767072872,5.93340024350275,28.9583559480479,4.49536478460613,6.26282140175303,0.669,0.999,0.42,0.962,15.5970360948361,49.5371454771065,13.7183008800729,48.0793822164893,7.66495974894674,11.7796166438707,-3.25385612951566,-6.39112676902263,16.9179060231726,13.3138730563334,58.7516079529737,138.759368276555,10.5875797115866,40.8465013777177,4.68110361629368,6.79443511904124,0.552,0.984,0.382,0.915,12.6519083224861,48.1128895406695,13.2843377610605,47.7241889613011,7.58095838907318,29.5176185113271,5.51766343849583,25.5177559903231,14.18634957251,22.0393088360025,11.4543172953441,19.2044291058423,21.9366601222539,20.0000925518273,7.85295926349254,7.75011181049824,1,1,1,0,8.60029794637957,27.247752564949,5.32699250813908,27.5517817134947,14.4918016315566,21.8504829702793,12.6353889597622,20.5654529397821,18.6474546185695,22.2247892053556,7.35868133872278,7.9300639800199,1,1,1,1,5.53310844585144,29.3019536741221,2.30632644210406,26.6837838667549,13.6091958837395,22.2119225945015,10.2956796325207,18.0159439913637,23.7688452282707,24.3774574246508,8.60272671076203,7.72026435884304,1,1,1,0,6.89303125740532,27.7900734234403,0.708492173510625,25.5286253308887,13.2268977964916,20.4205846405763,8.98138529621234,17.8474840210591,20.8970421660349,24.8201331573781,7.19368684408476,8.86609872484678,1,1,1,0
956,500,3,1,"L'Ecuyer-CMRG","10407_1482133389_-1807932819_-785992393_-1936581002_1525687602_-1842293231","10407_486160403_-1044010304_-1696602188_-1042963403_-870393203_792196530",1146818395,243893137,560041478,435420196,272378744,2136199643,509175319,79.3910000000033,6.28499999999985,7.14199999999983,2.29000000000087,2.31199999999808,468.235000000001,1,NA,"5b448b2f0770","not-a-git-build","bbd3d4119dab4c61438d29ca56ae93a0","confirmatory",590.833999999999,10.9479717204969,8.88241438524208,-7.16626969463204,2.87338235760276,12.7869273108301,22.5749479406264,119.8580847928,78.8972853111553,51.3554213362016,8.2563261729828,6.21386824426533,5.18855866642264,0.444,0.945,0.61,0.992,13.8372989396505,40.7067058862638,15.7585701418239,46.1890435148237,12.5179159094042,7.08120816731293,-9.17783187080436,0.521684685585452,10.7753651346578,20.2232502686091,156.698218714914,50.1435091088194,84.2325978487522,0.272154911174392,7.2950493370114,4.38593437024197,0.352,0.881,0.733,1,12.9424661634702,39.8263185654268,16.2377702621544,47.1941908075333,13.9798710492076,9.91687281013482,-11.007486296126,1.94835641897047,8.94571070933611,21.6499220019941,195.436794552474,98.3443663323913,121.164754559402,3.79609273534342,8.15339867141459,6.13217131812999,0.348,0.931,0.771,1,15.2390121978072,48.5321104211705,23.1246495841168,69.1779216308047,12.1623580117087,11.0620501676181,-8.43681172728732,3.47739371241236,11.5163852781748,23.178959295436,147.922952404975,122.368953910899,71.1797921216929,12.092267031125,6.9750165807422,6.39172679895794,0.437,0.97,0.566,1,15.2757034398305,51.2650832518869,19.012000451452,55.9853008533908,0.748632871737399,23.6793090050301,10.8783844735499,33.8071548194268,8.55609405761482,17.3076304065884,18.7363595595804,26.5130770239707,22.9306761332927,22.9287703458769,8.7515363489736,7.77671746439025,1,1,0,1,-0.174044373270302,20.9288381206648,9.19567067483311,30.5037038857993,6.84063895531721,14.9984388693295,16.1914790512212,24.0074357358741,21.1028824939351,21.3080332109662,8.15779991401226,7.81595668465292,1,1,0,1,-3.15182535400504,21.6129443496641,9.7256052535523,33.4721862066423,4.68102575089462,12.6941584215048,17.6122883357898,25.7832724044411,24.7647697036691,23.74658095309,8.01313267061021,8.17098406865129,1,1,0,1,-1.12852533340262,23.6411693342284,12.16996428625,35.9033472112854,7.2830541628123,15.9618030103383,19.39207708909,26.8910288585894,24.769694667631,23.7333829250353,8.67874884752599,7.49895176949937,1,1,0,1
957,500,3,1,"L'Ecuyer-CMRG","10407_-1193582119_-262192280_1001436459_-642844954_-618541548_-1937250554","10407_-756392833_129525793_551632130_-1073097225_625644841_-587802295",560041478,435420196,272378744,2136199643,509175319,1627228240,1904778803,80.3240000000005,5.04999999999927,6.5010000000002,1.95200000000114,1.91300000000047,477.257999999998,1,NA,"5b448b2f0770","not-a-git-build","bbd3d4119dab4c61438d29ca56ae93a0","confirmatory",596.385999999999,7.03824660003863,9.61777167861884,2.46578929262101,-3.28650362666957,22.2921188596847,16.7096922420681,49.5369152029553,92.5015320620426,6.08011683560444,10.8011060881122,4.09335058111565,5.51487362653407,0.569,1,0.42,0.954,12.4517497103248,38.8723830490269,12.2587299414059,36.3734700444288,6.97514839892561,9.8127036499481,1.55919781251047,-0.453328688735997,21.3855273795742,19.5428671800017,48.6526951870345,96.2891529217048,2.43109781853744,0.205506900031099,4.13891342866423,5.62952351335605,0.636,1,0.425,0.967,13.2657991190003,42.0003904864732,12.9566945569956,39.1374592312818,6.88511058215146,11.5661651951996,3.59278516763696,-2.16735927239262,23.4191147347007,17.8288365963451,47.404747728454,133.776177322646,12.9081052607921,4.69744621562625,4.44243787856104,6.63641309336051,0.733,1,0.487,0.979,16.4110863818167,52.3440453395722,16.3836834622288,51.2349674197429,7.46608684664724,10.0439088006853,1.78212093775095,-2.29548156332132,21.6084505048147,17.7007143054164,55.7424528016789,100.880103996483,3.17595503677034,5.26923560754811,4.60420846169839,5.77141551825903,0.589,1,0.441,0.979,13.3076237034198,51.1065215499573,13.4519420234376,46.7894305551586,11.8894168929559,33.7070785877045,6.23258683588585,27.5690863226771,18.8313916249969,25.6446296211452,12.8772565495351,20.8227744077725,21.8176616947486,21.3364994867913,6.81323799614828,7.94551785823742,1,1,1,1,10.6566198261105,33.4248773749899,8.86812494500879,29.7675559439963,17.2683793974637,25.1531265437917,15.7132687439439,23.3586832931257,22.7682575488793,20.8994309989875,7.88474714632802,7.6454145491818,1,1,1,1,10.8080142501074,34.9665512949235,5.61193364906894,29.4388668955453,19.3058283175298,27.9545162729991,13.4690862426113,22.0386706425052,24.1585370448161,23.8269332464763,8.6486879554692,8.56958439989384,1,1,1,1,10.3934968785034,33.7183979762548,5.55608193071116,28.3706069148648,17.4585700306308,25.9103106409492,13.5775789549645,22.097769279437,23.3249010977514,22.8145249841536,8.45174061031843,8.52019032447247,1,1,1,1
958,500,3,1,"L'Ecuyer-CMRG","10407_-754362979_1420159952_963195154_1532172850_593499547_2071575934","10407_896406704_-1545813622_1266815690_-686698639_24097365_1159787626",272378744,2136199643,509175319,1627228240,1904778803,1502795313,690826329,81.101999999999,7.25200000000041,5.97399999999834,2.69700000000012,2.2410000000018,469.362000000001,1,NA,"5b448b2f0770","not-a-git-build","bbd3d4119dab4c61438d29ca56ae93a0","confirmatory",591.456000000002,10.0812769898803,7.52983101593538,5.79922986776834,3.16376663556088,25.7289140016133,23.1006849594202,101.63214574669,56.6983551285424,33.6310670592164,10.0094193242882,5.85037472503268,4.36583710641414,0.579,0.996,0.583,0.998,17.5008515768512,50.550342111839,12.9045048020084,38.9818083935631,11.1436172189397,6.77140547528022,7.18483203191779,2.39996928075715,27.1145161657628,22.3368876046165,124.180204722248,45.851932110655,51.6218113268719,5.75985254857802,6.43084619067876,4.05542573843241,0.564,0.99,0.682,0.996,18.3660821852708,53.3405152957274,13.7032293592052,40.8037094803899,15.58770650958,7.45782918273537,6.25290371884268,3.79511379107289,26.1825878526877,23.7320321149322,242.976594228803,55.6192161188592,39.0988049171167,14.4028886871917,9.04305413685418,4.6164859987335,0.526,0.952,0.728,1,23.2531670554455,67.8342113532351,16.9553990836233,51.4393579279345,16.1819088555412,8.94836460586633,6.84035842731108,3.41256852824278,26.7700425611561,23.3494868521021,261.854174209044,80.0732291195213,46.7905034140857,11.6456239599531,9.56411288872725,5.18522267589072,0.389,0.981,0.569,1,23.0642665597542,70.0493415568125,15.5992941961494,51.5127565020146,13.6872657344837,37.6287258694981,11.586456736934,32.8124832113629,21.6240710000655,29.6458025533468,19.7929005092103,26.5751099655012,23.9414601350144,21.2260264744289,8.02173155328133,6.78220945629089,1,1,0,1,15.3556797239293,38.8828423838771,10.7831612730266,33.23791495584,23.1726129885404,31.0680918992613,18.3856189325893,26.2764054572832,23.5271626599478,22.4547536828134,7.89547891072088,7.8907865246939,1,1,0,1,14.2446403509463,38.375619523084,11.8248864940004,34.6768289912433,21.9693448819214,30.183810308904,19.5690415721691,27.7932071678797,24.1309791721377,22.8519424972429,8.21446542698262,8.22416559571066,1,1,0,1,14.396468859441,37.9474146466742,11.6649093288811,35.2984382281445,22.6447316021054,30.9891273733795,19.234759779509,27.578716118509,23.5509457872332,23.6335288992634,8.34439577127408,8.34395633899999,1,1,0,1
959,500,3,1,"L'Ecuyer-CMRG","10407_-532694132_-2139488098_1251534749_-8552766_1997140260_2014910443","10407_-244044234_5591494_-1285021348_-1068462627_624766726_1159758253",509175319,1627228240,1904778803,1502795313,690826329,35634555,1792905906,81.6080000000002,5.04500000000189,6.4910000000018,1.92799999999988,2.00500000000102,472.687000000002,1,NA,"5b448b2f0770","not-a-git-build","bbd3d4119dab4c61438d29ca56ae93a0","confirmatory",593.645,9.58832874393213,9.18484101001126,-7.1818681074438,-3.23328903947958,12.7678179832963,16.8777629537738,91.936048101715,84.3613043791847,51.5792295127183,10.4541580128188,5.50983425218048,5.24189498987154,0.48,0.981,0.424,0.976,13.7857820941662,41.8202111263424,11.2712194500811,34.552725224426,9.82126734563929,9.53613630310254,-7.16441217062601,-3.80104810794665,12.7852739201141,16.3100038853067,96.4572922745206,90.9378955913502,51.3288017506141,14.4479667189248,5.67176460572266,5.42602311405191,0.513,0.992,0.481,0.959,15.4421200314747,47.0089434277186,12.4432916321908,37.9999346788089,11.4510084978009,9.34100312910552,-8.71470386011245,-2.71456676093417,11.2349822306276,17.3964852323192,131.125595616707,87.254339457959,75.9460633694588,7.36887269956864,6.83254610226085,5.43403753404013,0.571,0.991,0.556,0.995,20.4146267901729,62.5515917145745,15.0829975641881,51.4669139760375,11.2121243319065,8.66400145877413,-9.06210492795223,-3.78066570381305,10.8875811627878,16.3303862894403,125.71173203413,75.0649212776403,82.1217457252161,14.2934331639882,6.53563460835385,4.99496352751938,0.478,1,0.543,0.997,17.5265566390277,55.5237851295916,13.4412778363751,43.924567740444,1.16529588571377,24.392142618252,7.15379104668014,28.5402097994477,8.69080344375713,17.3165440045735,12.9246520683259,20.8975791796314,23.2268467325383,21.3864187527675,8.62574056081635,7.97292711130545,1,1,0,1,0.956447878184645,23.774327822617,5.11522745782713,27.0511828272326,8.63992899404413,17.0867240422532,12.2958855023257,20.3389810667174,22.8178799444324,21.9359553694055,8.44679504820908,8.04309556439172,1,1,0,1,-0.402701375212921,24.3733979894621,5.90809732860366,28.7491931108001,6.95847829519243,15.5227171101911,13.7545014945472,21.44640648651,24.776099364675,22.8410957821964,8.56423881499862,7.69190499196278,1,1,0,1,-1.67272541380284,25.2426150053415,4.01907277862337,27.7869823690923,6.36694259460088,14.8935671783033,12.4348197430582,20.3673630624301,26.9153404191444,23.7679095904689,8.52662458370246,7.93254331937192,1,1,0,1
960,500,3,1,"L'Ecuyer-CMRG","10407_340402398_-127409278_-1955285707_-1525012042_671018962_-2066621194","10407_1780696597_-1508162651_1193389608_503364365_-424684432_-480075227",1904778803,1502795313,690826329,35634555,1792905906,400619965,822634256,79.9179999999978,5.8739999999998,6.53900000000067,2.2510000000002,2.5779999999977,476.610000000001,1,NA,"5b448b2f0770","not-a-git-build","bbd3d4119dab4c61438d29ca56ae93a0","confirmatory",598.246999999999,8.85164829411058,11.5784487242459,-5.37692408878339,-9.71618671484657,14.7174530935314,10.6219178044261,78.3516775226307,134.060474859992,28.9113126565391,94.4042842777611,5.04183114971425,6.88204916796153,0.562,0.998,0.272,0.967,14.2191471039667,43.0728099373948,11.3971165722218,36.3644104452164,8.68538579085637,11.2345087261471,-5.09786553271585,-8.89626901734783,14.9965116495989,11.4418355019248,75.4359263360098,126.214186317876,25.9882329896523,79.1436024290229,5.05015492032597,6.49854502286157,0.61,1,0.337,0.98,15.9121819879201,48.1802382258728,13.5627758558515,40.7922138215765,8.58537977447032,11.3550645095835,-5.74455798609345,-8.98676187764665,14.3498191962213,11.351342641626,73.7087458718841,128.937490016802,32.99994645559,80.7618890455231,5.34655653916815,6.47639963363942,0.675,1,0.401,0.997,17.2928554251138,59.6399775401402,15.6049037598741,50.4673172029048,9.15299828785527,11.1716414737934,-4.05247227693723,-8.9638950824362,16.0419049053775,11.3742094368364,83.7773776574815,124.80557321898,16.4225315553448,80.3514150489238,5.07192384345565,6.4058037081744,0.561,0.998,0.347,0.98,14.371936192029,51.5242786868283,12.6675664846802,43.50483734168,3.10818382106843,26.2926897300467,-0.101088173316437,21.326565345414,10.6768346351723,19.0756749452806,6.95198877859206,14.353677976868,23.1845059089782,21.4276535187305,8.39884031010838,7.40168919827595,1,1,0,0,2.66671062546042,28.3149364024377,0.740947687489375,22.385111096499,10.5341114523012,19.1840759454544,7.5439253370505,15.3316633515911,25.6482257769773,21.6441634090096,8.64996449315318,7.78773801454055,1,1,0,0,1.53589300289574,27.7695535651593,-0.031916995484937,23.7555314884167,10.6007180469596,18.3594690798826,7.4861695098775,14.9303412938514,26.2336605622636,23.7874484839016,7.75875103292309,7.44417178397391,1,1,0,0,4.2715022910559,29.2898033396593,-0.454996646387683,23.6121362815613,11.8614192686857,20.3082478265449,7.66479374934968,15.2066504001468,25.0183010486034,24.067132927949,8.4468285578592,7.54185665079715,1,1,1,0
961,500,3,1,"L'Ecuyer-CMRG","10407_-351062173_727648326_-591507544_114772255_523991046_616078281","10407_1172144349_1489036452_-1724993112_1889559760_1050671051_620854150",690826329,35634555,1792905906,400619965,822634256,702227365,1832642183,79.2559999999976,5.03100000000268,6.07600000000093,1.90700000000288,1.93400000000111,478.614000000001,1,NA,"5b448b2f0770","not-a-git-build","bbd3d4119dab4c61438d29ca56ae93a0","confirmatory",596.732,9.60881896907747,7.82150768907054,5.07063379926268,0.0264007953201961,24.7895494214725,20.1733937712813,92.329401980503,61.1759825301896,25.7113271262251,0.00069700199353889,5.55577216487046,4.53223721048961,0.5,0.992,0.55,1,14.5801943098346,45.2542377303055,13.5487324898143,42.0201779928784,6.9741632703953,7.14906242464074,2.33944890901945,0.356503574653761,22.0583645312292,20.5034965506148,48.6389533221309,51.1090935514102,5.47302119791229,0.12709479874091,4.47385394400504,4.25115053154461,0.739,0.999,0.584,1,16.9304420255479,50.5911728317312,13.9414425235973,43.2157871741737,17.5214094104375,5.41810685867052,-1.86956011815647,0.270007633303756,17.8493555040533,20.4170006092648,306.999787728169,29.3558819319725,3.49525503540125,0.0729041220422954,9.63435814746628,4.02330014488248,0.47,0.982,0.885,1,22.0681109927851,66.26107845844,17.4926909158317,54.0286004460037,14.6936506912976,7.73332634493994,-1.74587795225277,-0.571777270157074,17.973037669957,19.575215705804,215.90337063787,59.8043363573421,3.04808982416233,0.326929246668276,8.46748242869231,5.25208243793376,0.563,1,0.844,1,26.6783513333458,79.5248466722025,22.0760513848018,66.172377059939,13.2309641865056,37.1788225885,7.87516790012621,32.1298836891012,20.6310702097561,28.8353428104651,16.0199146468809,24.3604474970244,23.9478584019943,24.254715788975,8.20427260070902,8.3405328501435,1,1,0,1,10.186974231581,33.922179184409,6.25120951211657,32.7050655822428,18.2000705447253,25.759861815333,16.5360652021542,25.0334665193927,23.7352049528281,26.4538560701262,7.55979127060765,8.49740131723851,1,1,1,1,6.07085114903798,29.7859943636017,9.37787807384334,32.2817689310716,13.5504637644217,21.6354709476576,16.518971018111,24.1801023940836,23.7151432145637,22.9038908572282,8.0850071832359,7.66113137597255,1,1,1,1,3.36929980561313,32.1229347555704,5.27839696780966,33.7276057389527,12.5913484010521,23.3801425240517,15.1302590291426,24.1940578736082,28.7536349499573,28.449208771143,10.7887941229996,9.06379884446568,1,1,1,1
962,500,3,1,"L'Ecuyer-CMRG","10407_832065198_930966575_-1937576482_-344969758_-932184436_-1089358804","10407_-49956561_1909054438_-1960256907_771029207_-1956711154_-849723924",1792905906,400619965,822634256,702227365,1832642183,1856218098,1153909884,77.7130000000034,5.92099999999846,6.25800000000163,2.32400000000052,2.50299999999697,473.124,1,NA,"5b448b2f0770","not-a-git-build","bbd3d4119dab4c61438d29ca56ae93a0","confirmatory",591.682000000001,9.93406293166387,7.36289452023727,-1.33667624373262,-2.8223153132478,18.7901826792944,17.0287784164302,98.6856063302582,54.21221571614,1.78670338055914,7.965463727393,5.59242281715967,4.26054044563607,0.563,0.989,0.61,0.987,15.6429631450522,46.3462911648967,12.2659375306244,35.5125663325704,9.62337172120439,5.93868616728306,-0.131659106006378,-1.8931361273278,19.9951998170206,17.9579576023502,92.6092832844764,35.2679933934792,0.0173341201943986,3.58396439659369,5.55138682569375,3.77419893764744,0.596,0.991,0.782,1,16.489307004255,49.4410574448283,14.5878481105881,42.335775096347,11.8319169234396,7.21782526379471,0.0574938850957807,-2.10355148808712,20.1843528081228,17.7475422415908,139.994258083176,52.0970015386732,0.00330554682340683,4.42492886303352,6.75179731428956,4.69750239804843,0.551,0.995,0.775,0.999,19.2320169333455,62.9489001134539,17.6862342401207,55.3212370386645,14.2214198024078,7.33875050774873,-2.08807566928584,-0.433140677224532,18.0387832537411,19.4179530524534,202.248781196317,53.8572590149822,4.3600600006635,0.187610846266526,7.96640956684747,4.83710730375404,0.557,0.99,0.789,1,22.0755381886525,70.0543707993861,18.8461082784039,58.9884942933713,6.42260600985884,31.2915124670755,6.56033881134169,28.1362248396225,14.2742176427498,23.2722826860313,13.3400037253703,20.4828548223936,24.8689064572166,21.5758860282808,8.99806504328152,7.14285109702329,1,1,1,1,7.73800042714214,32.0016258987178,7.22888055460751,28.6670032357369,15.7993218661313,23.9689836267139,14.1800422425319,21.7085571591456,24.2636254715756,21.4381226811294,8.16966176058261,7.52851491661371,1,1,1,1,7.38936248705597,31.8017572768306,6.30269930276,28.7945800638582,16.0062977486929,24.8151743182142,14.2119446133174,21.5081225191454,24.4123947897747,22.4918807610982,8.80887656952132,7.29617790582804,1,1,1,1,5.80940631937813,31.1276319756437,7.92131976089113,31.7210303760144,14.2114727820316,22.1318963891394,15.0482584694537,23.5822079854888,25.3182256562656,23.7997106151232,7.92042360710773,8.53394951603515,1,1,1,1
963,500,3,1,"L'Ecuyer-CMRG","10407_1106388169_-2039124097_-728959144_1625624033_461376493_100863081","10407_-772080966_-880511606_-2064647349_-1400863186_-1643731086_-2086142387",822634256,702227365,1832642183,1856218098,1153909884,227657751,139946435,80.5859999999993,5.05299999999988,6.53999999999724,1.87899999999718,1.91700000000128,482.886999999999,1,NA,"5b448b2f0770","not-a-git-build","bbd3d4119dab4c61438d29ca56ae93a0","confirmatory",604.272000000001,9.12662359700932,16.066980412863,4.10073798786131,-13.9726371631494,24.0380144140224,5.99608775936162,83.2952582814873,258.147859587325,16.8160520450888,195.234589293023,5.17669633862048,10.3377726876694,0.465,0.945,0.185,0.666,11.3090848903167,35.2746963544598,11.8459471118412,35.1928509741909,9.10642156306043,13.0802442417711,4.5242571638855,-11.486116296025,24.4615335900466,8.48260862648597,82.9269136841719,171.092789424386,20.4689028849693,131.930867565811,5.16229965806663,7.9522915232122,0.47,0.978,0.265,0.859,11.9818789544084,38.5663587952141,13.8152531396432,40.6875873716471,8.44226159951977,16.0167891908403,1.94774230510369,-14.5199541383923,21.8850187312648,5.4487707841187,71.2717809147261,256.537535983819,3.79370008709064,210.829068181015,4.81382113734946,9.91592139522084,0.536,0.997,0.174,0.866,12.6942928149845,43.2854042329473,15.1406708753081,47.4492378084442,9.98690114732506,16.0645355387044,5.42698088740567,-14.4408739392325,25.3642573135667,5.52785098327849,99.7381945264426,258.069302074297,29.4521215522664,208.538840128804,5.60686938553059,9.92081520793228,0.469,0.99,0.197,0.834,12.704826228322,45.4804228913721,14.3998270306184,48.7999146857127,12.2065971471856,35.4162255359947,-5.64151588711878,18.2685468645202,19.8524423451387,28.3230349650503,1.48354176722317,10.2528699369202,23.2096283888091,23.910062751639,8.47059261991159,8.76932816969707,1,0,1,0,13.1436405544334,35.81219144701,-2.83879435816728,20.2032785575981,20.5480906959667,28.0429710246587,5.12268951452783,12.2425948268762,22.6685508925766,23.0420729157653,7.49488032869199,7.11990531234837,1,1,0,0,10.1232127613069,32.6730118025604,-6.99654829567666,15.7151485282713,17.8732716656363,25.6636668249624,1.82707991818162,9.06428568258839,22.5497990412536,22.7116968239479,7.7903951593261,7.23720576440677,1,0,1,0,14.1150945491375,36.9105151874617,-5.759520380278,16.7199070294173,21.5179831285815,29.264802442758,1.62149037275454,9.79450703064743,22.7954206383242,22.4794274096953,7.74681931417645,8.17301665789289,1,0,0,0
964,500,3,1,"L'Ecuyer-CMRG","10407_1659062505_1602783121_1245815944_335420030_-1349452741_-1943800506","10407_-1375887102_1879493209_1966884238_1480933406_-2134322992_-332383791",1832642183,1856218098,1153909884,227657751,139946435,876887553,1284826626,77.5059999999976,5.89700000000084,7.0769999999975,2.28499999999985,3.17799999999988,472.932000000001,1,NA,"5b448b2f0770","not-a-git-build","bbd3d4119dab4c61438d29ca56ae93a0","confirmatory",592.605,7.02307624974483,10.1461126447702,-2.24718887658087,4.68491298638638,18.1595908708452,25.1717604679567,49.3236000097299,102.943601800366,5.0498578470288,21.9484096900117,4.13248772866788,5.84495753614285,0.639,1,0.397,0.916,13.453809184503,39.9944959278272,11.2922550049901,32.737188928293,8.0253761695159,11.0178152502652,-2.2964091058718,5.9946895016526,18.1103706415543,26.4815369832229,64.4066626622337,121.392252888977,5.2734947815309,35.9363022212239,4.64331280531454,6.34695643078709,0.561,0.995,0.388,0.907,13.1857949881779,40.6329979180264,12.1334604842323,37.4006205277584,7.16178407894107,10.9844855202384,-0.34371399439862,5.07192018374561,20.0630657530275,25.5587676653159,51.2911511933739,120.658922144326,0.118139309945454,25.7243743502861,4.58208021500226,6.29816713981954,0.774,1,0.53,0.997,16.7469586738883,57.4622663635113,17.3245859518782,56.390033393873,7.92148550376059,10.6596603471866,-0.941666656619557,3.94424530660832,19.4651130908065,24.4310927881786,62.7499325862891,113.628358717382,0.886736092189054,15.5570710387018,4.6987197258241,6.13345958466587,0.602,1,0.453,0.972,13.910287499718,50.6504711496366,13.6989121622021,48.499592010053,5.85755558641358,29.0558847366929,14.2639162071592,35.9310244919463,13.8864217609468,22.5758084667061,21.4207654541303,28.9197882513556,23.1983291502793,21.6671082847871,8.68938670575935,7.49902279722532,1,1,1,0,5.83985511184164,29.1400257203633,15.8463634552824,38.0059825093784,13.8827259080021,22.4110500749631,22.162716773564,30.2526229547108,23.3001706085217,22.159619054096,8.52832416696106,8.08990618114684,1,1,1,0,6.63159969125141,34.3451812505736,12.4100218118909,38.474742890029,15.5931098822618,24.3505478204012,20.956771123842,30.3814201466168,27.7135815593222,26.0647210781381,8.75743793813944,9.42464902277478,1,1,1,0,7.64921307793313,30.5408929942484,12.9942808765345,36.618613666865,15.780750017922,23.5759455292113,19.822085482033,28.999003625149,22.8916799163153,23.6243327903305,7.79519551128926,9.17691814311597,1,1,1,1
965,500,3,1,"L'Ecuyer-CMRG","10407_390234334_-1592752985_-1068797719_-1364841419_-171688310_-524383148","10407_-701478148_-266616338_-919081231_1347816820_-1245140378_-2021912719",1153909884,227657751,139946435,876887553,1284826626,370289771,383750069,78.7630000000026,6.47199999999793,5.01499999999942,2,1.92799999999988,483.236000000001,1,NA,"5b448b2f0770","not-a-git-build","bbd3d4119dab4c61438d29ca56ae93a0","confirmatory",599.548999999999,7.93084328095382,16.0427397245916,-4.5277353588476,-13.4947730731449,15.3639670649639,6.65597621905787,62.8982751470503,257.36949787099,20.5003874797588,182.108900295675,4.76454251329416,9.99982748064819,0.7,1,0.254,0.697,17.3127062108471,49.9835714409212,13.2367863822747,39.4809162086939,6.88204971655098,14.2853647571378,-3.47059050959544,-11.1522904270047,16.421111914216,8.99845886519806,47.3626083010794,204.071646244474,12.044998485294,124.37358176826,4.41913396250689,8.42731461831528,0.766,1,0.374,0.856,17.1801462960919,50.7314133658722,14.8526477358347,44.1943085155241,12.7129518972921,17.4809067520027,-1.60155875359435,-12.717810551157,18.2901436702171,7.43293874104571,161.619145942862,305.582100872214,2.5649904412147,161.742705215121,7.34934983688855,10.1913868154246,0.671,1,0.374,0.868,24.5521857651923,70.4305953593732,18.5248528388861,57.2842830456879,8.19551779113739,16.4951925198883,-2.00536998044771,-11.8929534268974,17.8863324433637,8.25779586530533,67.1665118648495,272.091376268179,4.02150875848087,141.442341214351,5.65266822024714,9.43513107475173,0.918,1,0.467,0.94,25.0167509313379,74.3629081996336,21.3638912497748,66.8245462737512,2.76072418810578,27.3247330510415,-5.81018767869346,18.7135131029693,11.3983769558072,19.6241715228269,2.62992092287706,10.4186385396682,24.5640088629358,24.5237007816627,8.2257945670197,7.78871761679114,1,0,0,0,6.60210063195388,27.0560789114798,-3.54518968401366,20.7000031321344,12.7601677258965,19.7694293088535,5.21253284563372,13.1371571559928,20.453978279526,24.2451928161481,7.00926158295697,7.92462431035911,1,1,0,0,6.34633453091919,28.6299635292733,-4.27020342962506,18.6109034024745,14.2071835924736,22.615261976763,3.63754486881191,11.2204038693226,22.2836289983541,22.8811068320995,8.40807838428944,7.58285900051074,1,0,1,0,6.490449509027,31.8687870852342,-3.63271745794158,21.1424019016964,12.9990240625753,21.8476101865224,3.66274124102187,12.5741244292363,25.3783375762072,24.775119359638,8.8485861239471,8.91138318821441,1,1,1,0
966,500,3,1,"L'Ecuyer-CMRG","10407_-328115283_-1059712652_1388436131_1524474588_832244332_-564051774","10407_1133933274_959576940_-847709216_1782974363_1803871435_-1530843314",139946435,876887553,1284826626,370289771,383750069,1844082271,672722570,76.7390000000014,7.36799999999857,6.34699999999793,2.27700000000186,2.28199999999924,476.666000000001,1,NA,"5b448b2f0770","not-a-git-build","bbd3d4119dab4c61438d29ca56ae93a0","confirmatory",594.735999999997,8.56465286727634,9.84770390197008,5.91121544949914,4.75997077922802,25.8557104938626,24.8272503148006,73.3532787369449,96.9772721408768,34.9424680903973,22.6573218191046,4.92532220806708,5.65007726721735,0.535,0.999,0.401,0.951,13.2463327952678,40.2235298360299,11.1607094920796,33.9600872857159,7.0577212264439,9.49459984901977,3.14012907458714,4.66916343560516,23.0846241189506,24.7364429711777,49.8114289101969,90.1474262930063,9.86041060506749,21.8010871883922,4.39693146785678,5.38696019707082,0.725,0.999,0.43,0.978,16.1752935937146,48.3165254812886,11.7995885099265,36.4545025659864,7.23502294756323,9.80092949579935,5.82388681049443,4.85864653316158,25.7683818548579,24.9259260687341,52.3455570517665,96.0582189816296,33.917657581451,23.606446134203,5.00485697735622,5.69234793278899,0.829,1,0.505,0.998,20.0934463376829,63.5721623770926,15.0494212886485,51.0744570156638,9.73210369500938,10.6521973052221,6.33578802128294,6.16969100528471,26.2802830656464,26.2369705408573,94.7138423304152,113.46930742938,40.1422098506324,38.0650871006911,5.61259294631681,6.10664345945738,0.504,0.995,0.444,0.987,13.6383944883818,47.9910352635302,12.65588581008,43.6653367726654,15.8480665473164,35.9856925653618,12.6860910455748,36.6116825771069,22.0295250230081,29.7943677425758,20.9234856106121,29.0040512507171,20.1376260180454,23.9255915315321,7.76484271956767,8.08056564010495,1,1,0,0,13.449848728477,33.3221247971111,14.4483261339551,35.6852614931909,19.6087369435422,26.7608935793943,21.0173877169101,28.4159308008885,19.8722760686341,21.2369353592358,7.15215663585207,7.39854308397838,1,1,1,0,13.8345162539172,37.77328035416,12.6766275901763,37.4304342030352,21.1792030604406,30.2457708706807,21.1144097713547,29.20120141122,23.9387641002428,24.7538066128589,9.06656781024014,8.08679163986535,1,1,0,0,13.3784662853928,37.381919781952,14.1593295255664,38.5248750115982,22.0975829380778,30.6599396502538,22.0529897063213,30.3134995668733,24.0034534965592,24.3655454860317,8.56235671217595,8.26050986055199,1,1,0,0
967,500,3,1,"L'Ecuyer-CMRG","10407_1792766999_783791291_1487373726_944871367_1464860526_-1924820190","10407_1632113764_-1702212566_-1861213043_-1777893452_675554064_22013439",1284826626,370289771,383750069,1844082271,672722570,1982247454,1060955363,76.8989999999976,6.5769999999975,5.02500000000146,3.25500000000102,1.91399999999703,486.334999999999,1,NA,"5b448b2f0770","not-a-git-build","bbd3d4119dab4c61438d29ca56ae93a0","confirmatory",602.106,9.15756617641195,10.2021938828757,-1.08609459795029,-4.94020470262267,18.8466091303862,15.4926411810359,83.8610182753642,104.084760023786,1.17960147569681,24.4056225038152,5.22242402174705,5.79712644566251,0.487,0.989,0.523,0.955,13.374954577619,40.3065500200373,14.3570317878199,42.5360320618928,7.40328680857319,9.8468183645079,-0.376140982574238,-2.41240847681426,19.5565627457622,18.0204374068444,54.8086555699938,96.95983190361,0.141482038771913,5.81971465900528,4.53346431505157,5.61618629086241,0.716,1,0.569,0.981,16.2126429695821,48.5010880849448,15.4927735227245,46.0535309996062,8.35484528470605,10.2452436374661,-1.05307983022016,-3.05416786666732,18.8796238981163,17.3786780169913,69.8034397313749,104.965017191039,1.10897712881652,9.32794135778324,5.10108449525524,6.01440323644554,0.68,0.999,0.639,0.994,17.1302104599065,55.4101085753729,18.7275616387853,59.9531225214596,8.63805988234641,10.4373462860674,0.150825673528143,-2.92728223535576,20.0835294018646,17.5055636483029,74.6160785310026,108.938197495285,0.0227483837952179,8.5689812854294,5.38236098551507,6.06128965589853,0.709,0.999,0.595,0.991,19.3158980966106,57.7932655110885,17.7060649019551,56.2889942909256,8.62718355476533,28.1424229344154,4.20461773887754,27.6824521982059,15.3701547135243,22.4027148832336,11.3650482349149,19.3607935020342,19.5152393796501,23.4778344593283,7.0325601697093,7.99574526711933,1,1,1,0,6.44476646095895,30.3141998172479,7.3707791825653,29.3103224094428,16.3111900430169,23.3163081221747,14.528050905884,21.6743632196836,23.8694333562889,21.9395432268775,7.00511807915778,7.14631231379957,1,1,1,1,7.67130708261355,29.6979134940882,6.06994874624654,28.694173034896,15.0556616231288,22.9098782568192,13.6862135707062,21.2817013237992,22.0266064114747,22.6242242886495,7.85421663369042,7.59548775309306,1,1,1,1,8.41245610251327,30.9632340351331,6.35419485034866,29.6126468403009,15.8589378859067,24.1464898816876,13.7518138345592,20.7531691161509,22.5507779326198,23.2584519899522,8.28755199578087,7.00135528159174,1,1,1,1
968,500,3,1,"L'Ecuyer-CMRG","10407_1289037793_829319676_-835417870_-212814934_-801009303_629548585","10407_-1382871972_44303681_-276721785_-1548374253_-113644244_-552916615",383750069,1844082271,672722570,1982247454,1060955363,2120705848,164225153,75.8470000000016,7.18599999999788,5.88000000000102,3.41999999999825,2.28999999999724,480.774000000001,1,NA,"5b448b2f0770","not-a-git-build","bbd3d4119dab4c61438d29ca56ae93a0","confirmatory",597.557000000001,9.77364005925443,9.6878781932188,4.07980005454252,2.72520864139351,24.1729796767236,22.7092022551485,95.524040007863,93.8549838866443,16.6447684850452,7.42676213912589,5.66807790901768,5.56404118383445,0.553,0.992,0.526,0.993,16.171990432652,46.2167462050389,15.461909242037,44.9674487884832,10.7719461700053,11.7695222975941,4.95249517153249,2.29894223185586,25.0456747937136,22.2829358456109,116.034824289492,138.521655113564,24.5272084240527,5.28513538541041,6.20100839679361,6.72427927721502,0.51,0.969,0.485,0.964,15.6831525409682,47.7759353750652,16.7458198088966,47.9161342828281,14.4753243504475,15.1793602601078,5.22088591758455,2.02823676136516,25.3140655397656,22.0122303751202,209.535015050657,230.412977906141,27.2576497644327,4.11374436015302,8.36177903770926,8.84498669919827,0.53,0.987,0.407,0.974,22.9489606134062,67.2825269487675,19.6669753980232,57.1637925583518,8.89462205527079,16.0705307339448,4.92480625026626,3.89787667023421,25.0179858724473,23.8818702839892,79.1143015061096,258.261958070665,24.2537166026616,15.1934425363561,5.56197263236961,9.41487891303838,0.699,0.996,0.408,0.946,18.731090559006,62.3522164313659,20.0650208176375,59.9406086416737,9.62568050886945,35.4498021835251,11.1262934128434,35.3789681802328,20.2414967806236,28.675050800332,18.1608511816447,26.9012767957619,25.8241216746556,24.2526747673894,8.43355401970835,8.74042561411717,1,1,0,1,15.2904468566137,38.1392000638612,10.2448749313625,34.1806664907343,21.1232785866186,28.4986876981981,18.2042217592838,26.1849538496842,22.8487532072475,23.9357915593718,7.37540911157941,7.98073209040045,1,1,0,1,14.5017988100492,37.488411666993,9.58756639291418,33.963847826998,21.3427194295847,29.4239783661098,18.0041741483026,26.2505645846514,22.9866128569438,24.3762814340838,8.08125893652507,8.24639043634888,1,1,0,1,11.4411091968398,37.8369745111872,11.704536665304,34.8895645844388,20.9725936046537,29.4135036425683,20.0593669384914,28.2124271675352,26.3958653143473,23.1850279191348,8.44091003791466,8.15306022904374,1,1,0,0
969,500,3,1,"L'Ecuyer-CMRG","10407_123612885_-2072720660_1163193401_-1557521494_-1066428283_-1955237035","10407_-485177465_1801409613_69145040_-197968683_-830120129_-2109467789",672722570,1982247454,1060955363,2120705848,164225153,2000208703,2069470147,74.6589999999997,5.03099999999904,6.52300000000105,1.90400000000227,1.9529999999977,481.441000000003,1,NA,"5b448b2f0770","not-a-git-build","bbd3d4119dab4c61438d29ca56ae93a0","confirmatory",595.528000000002,8.91973397425436,9.25418004877329,-6.11383482173018,1.29596194961339,13.7827919702421,20.6922179226417,79.5616541714675,85.6398483751136,37.3789762274005,1.67951737484573,5.15576552646584,5.30330523449924,0.541,0.998,0.455,0.983,14.1796329836664,44.2201697921855,13.0080063802127,38.8811928013146,7.42753282033361,9.85923243069094,-5.53921908549217,4.506341748008,14.3574077064801,23.9025977210363,55.1682437971329,97.2044641223879,30.6829480770807,20.3071159498398,4.48847784349971,5.63125428928783,0.664,1,0.495,0.985,15.8664737966896,47.8759258437453,14.1844366840767,42.8700503585518,7.66702527835506,10.1460800997577,-6.36522322789304,-1.23737808755137,13.5314035640793,18.1588778854769,58.7832766189356,102.942941390699,40.516066740909,1.53110453155229,4.97741062639174,5.83061486515313,0.749,1,0.486,0.981,18.980072680733,57.9839202830897,14.6301224739185,48.2608235763061,7.5662588353611,10.8494370611774,-4.45638711655427,1.19736549871844,15.440239675418,20.5936214717468,57.2482727636799,117.710284544449,19.8593861325909,1.43368413752127,4.96863537308886,6.27468886439578,0.741,1,0.516,0.992,17.9777048633296,57.7480680563049,16.4287911752093,54.4573822777191,1.47071143260463,27.0533884716222,9.90675695822983,31.5182768513099,9.36034363275328,18.0820903757913,16.4355296233052,24.5622648774624,25.5826770390176,21.6115198930801,8.72174674303805,8.12673525415715,1,1,0,1,2.02565335622862,26.6307356788665,10.9352310436428,35.1804976905166,10.0498159011984,18.4340542516193,19.5733953199752,28.1317577360012,24.6050823226379,24.2452666468738,8.3842383504209,8.55836241602602,1,1,0,0,1.24014067317374,27.9100632667599,6.55810690072189,31.2247543552883,9.14142330495362,17.1157338680543,14.0623048473244,22.1809333549056,26.6699225935861,24.6666474545664,7.9743105631007,8.1186285075812,1,1,0,1,2.00944649816862,28.7498252604936,7.50723790647003,32.9483699091546,10.8618232529621,20.155407236397,16.3020259023502,24.8881956394707,26.740378762325,25.4411320026846,9.29358398343488,8.58616973712047,1,1,1,1
970,500,3,1,"L'Ecuyer-CMRG","10407_-484085131_-1765086068_1939454909_571218250_-648997398_-1393217963","10407_1404297049_2070093402_683872481_1237293147_-691052308_-747309945",1060955363,2120705848,164225153,2000208703,2069470147,1083425761,851906874,76.2779999999984,7.20000000000073,5.92299999999886,2.64400000000023,2.23500000000058,487.835000000003,1,NA,"5b448b2f0770","not-a-git-build","bbd3d4119dab4c61438d29ca56ae93a0","confirmatory",605.165000000001,10.4433121139646,6.15990396317321,-1.05012885424296,2.72531367349165,18.5894756813297,22.6870030181388,109.062767909681,37.944416835517,1.10277061051364,7.42733461892054,5.96455732347991,3.82577271782586,0.506,0.981,0.738,1,14.9072226491646,44.051638179089,14.1441669872481,41.8260946427484,8.11489801354033,6.58818204800436,-1.95253768132182,1.99387270410942,17.6870668542508,21.9555620487566,65.8515697701608,43.4041426976469,3.8124033969816,3.9755283601926,4.96216448907678,4.03892331489072,0.689,0.997,0.709,1,17.1281820609271,50.0524675268051,14.536103290486,42.9350247944876,18.2406001521723,9.61868754832017,1.96083673655955,2.52183774967123,21.6004412721322,22.4835270943184,332.719493911429,92.5191501522095,3.84488070744151,6.35966563566684,10.7000236662492,5.83218351626598,0.283,0.972,0.705,0.999,22.8769253892897,68.2920957775565,20.8322418420542,60.5657742913239,20.7142430084968,11.3237781578653,3.68856778474628,1.80109994899204,23.3281723203189,21.7627892936392,429.079863415058,128.227951768547,13.605532302668,3.24396102625911,11.7000912251544,6.50054849302871,0.364,0.857,0.608,0.999,19.4192265349957,63.0953728910678,20.092106904953,60.8813444353359,6.91178273178971,28.8900043687902,12.2712941351713,33.3428194694998,14.8233917073806,22.752323320625,19.1560423647375,26.2633530474352,21.9782216370005,21.0715253343285,7.92893161324447,7.10731068269771,1,1,1,1,6.67070859555384,29.927213083356,10.5001689085965,32.4992800123155,13.6319635547927,21.4295992022962,18.1817034277663,25.7239717233448,23.2565044878021,21.999111103719,7.79763564750345,7.54226829557851,1,1,1,1,8.71548253239673,34.2632629429984,11.2323163688593,33.7677198808278,17.360463986952,26.1796347452339,18.5654118255178,26.2024018843342,25.5477804106016,22.5354035119685,8.81917075828191,7.63699005881643,1,1,1,1,10.9951409123098,36.8693367825289,10.5989497606108,32.8488735073872,19.3147458219865,27.3367665729218,18.0868224856922,25.7374215444874,25.8741958702191,22.2499237467764,8.02202075093531,7.65059905879523,1,1,1,1
971,500,3,1,"L'Ecuyer-CMRG","10407_2027412057_1466822086_1128520520_2136783318_643166494_-130099706","10407_1708567984_-699936340_-139954354_-281067090_-778347725_85246524",164225153,2000208703,2069470147,1083425761,851906874,610261318,817782320,75.9629999999997,5.03199999999924,6.40799999999945,1.95600000000195,1.92799999999988,477.473000000002,1,NA,"5b448b2f0770","not-a-git-build","bbd3d4119dab4c61438d29ca56ae93a0","confirmatory",592.585999999999,7.64115690669487,7.78858723732024,-1.98373231236405,-0.373579105368076,18.2913287864138,19.5529183754829,58.3872788727307,60.6620911533478,3.93519388711722,0.139561347967612,4.42709828525961,4.5053992516079,0.63,0.998,0.444,1,14.0880958728565,41.50820253655,11.8996445417152,35.7843912993693,6.08076612766214,8.85082862827968,-0.442764599336837,-0.557092404496938,19.832296499441,19.3694050763541,36.9757166993232,78.3371674071752,0.196040490425909,0.31035194714818,3.91675898597217,5.08903723284389,0.757,1,0.453,0.991,15.1685619230899,45.5224003537088,12.7472880609402,37.8448741605587,6.40198343943758,8.44836694709865,-1.7026836764326,0.334315562705775,18.5723774223453,20.2608130435568,40.9853919588331,71.374904072829,2.89913170199002,0.111766895467279,4.19962514687398,5.03985784782159,0.746,1,0.515,1,15.6114035799507,51.7040753610826,14.3839239380589,50.5227982370391,6.51322361815825,8.51757369721042,-0.870483973738082,2.00281661859223,19.4045771250398,21.9293140994432,42.4220819001344,72.5490616874108,0.757742348534842,4.01127440770923,4.31465946191195,4.99552794123094,0.716,1,0.476,1,14.9937228166627,51.3312208649357,13.0597902200138,46.8801092074042,7.56468477281692,28.8212902716395,7.54953207177146,30.4978948990852,14.4065792375784,21.9067424097573,15.4241508152714,23.7567143430309,21.2566054988226,22.9483628273137,7.50016317217897,8.33256352775956,1,1,1,1,8.88799012703656,30.5826072992439,7.47486576228113,29.7667932412871,15.9765593926434,23.6960105313347,15.5249941473787,23.56528541689,21.6946171722074,22.291927479006,7.71945113869135,8.04029126951129,1,1,1,1,7.17733994363829,30.0413462007436,8.676495237852,32.0574052407044,14.9913488178627,22.138230152575,15.9726650797783,24.4811629546266,22.8640062571053,23.3809100028524,7.14688133471229,8.50849787484831,1,1,1,1,8.53004537195824,31.3816203607201,10.311093280604,33.9359775309161,15.3704992217004,23.4004420069994,18.0111278794488,26.083556297952,22.8515749887618,23.624884250312,8.02994278529894,8.07242841850319,1,1,1,1
972,500,3,1,"L'Ecuyer-CMRG","10407_1863998663_1077238120_-114575804_-758924085_-134185516_775162449","10407_-321914641_966718774_1337012582_535265810_1976705350_1092222207",2069470147,1083425761,851906874,610261318,817782320,1754237611,156430487,77.7180000000008,6.92999999999665,5.86100000000079,2.76699999999983,2.36700000000201,473.863999999998,1,NA,"5b448b2f0770","not-a-git-build","bbd3d4119dab4c61438d29ca56ae93a0","confirmatory",592.975000000002,7.74025727292907,9.33344214876571,-4.06324771610905,-3.83300902264307,15.7284070341543,16.1256712339191,59.9115826511314,87.1131423443562,16.5099820024654,14.6919581676632,4.57675242186254,5.30985135806749,0.628,0.993,0.451,0.996,14.1638236636608,43.196528751895,13.065084175958,38.6196339543616,7.41109438236075,10.7268807900758,-2.69257869488554,-5.54659560502901,17.0990760553778,14.4120846515332,54.9243199442591,115.065971484497,7.24998002815154,30.7647228057272,4.50387685455888,6.08922772647092,0.687,0.999,0.457,0.978,15.4960536099423,46.8868021110763,14.5525855361717,44.1055019755662,11.1972124111221,12.6285621240001,-6.74642001273855,-5.9588801893653,13.0452347375248,13.9998000671969,125.377565779786,159.480581319731,45.5141829882793,35.5082531112102,6.66797968591042,7.21886871060058,0.617,0.998,0.474,0.969,21.5575683899688,63.4962191902329,17.2117678199877,54.3386050497575,12.0630286336635,11.8938562120147,-4.63043860591455,-6.08918129497888,15.1612161443488,13.8694989615833,145.516659816585,141.46381559208,21.4409616831438,37.0781288431206,7.0082014535187,6.90838229893799,0.578,0.992,0.572,0.961,20.7021591305959,62.2466516149125,18.8959780584572,59.1398933352106,3.93644341052677,27.3156538045481,4.63512276639348,28.4421040788762,11.7418892639126,19.7344299434368,11.714031148575,20.1995402932168,23.3792103940213,23.8069813124827,7.99254067952423,8.48550914464177,1,1,0,1,4.42318102114262,29.0564548866927,2.92225999121185,25.4007850543439,12.7983768196392,21.6029141340934,10.3074171210609,18.3460600232651,24.63327386555,22.478525063132,8.80453731445418,8.03864290220416,1,1,1,0,0.0972482826335088,25.2008687717561,0.778020396059711,25.0978098370384,8.81815004031463,17.2029441413269,10.0855378525656,17.8783570337491,25.1036204891226,24.3197894409787,8.38479410101231,7.79281918118353,1,1,0,0,3.70431885440781,27.0911614945154,1.93448328689744,24.9379716671368,11.0957015506723,19.3740138942803,10.0852150674366,18.0998799164725,23.3868426401075,23.0034883802393,8.27831234360798,8.01466484903596,1,1,0,0
973,500,3,1,"L'Ecuyer-CMRG","10407_-2035938996_137197483_-2018387325_534801079_-1322785633_2094844622","10407_-1255116829_278320084_148266030_-1422617221_1309847456_498386764",851906874,610261318,817782320,1754237611,156430487,438077958,1191150415,77.9130000000005,5.04799999999886,6.54899999999907,1.93799999999828,1.96500000000015,483.434000000001,1,NA,"5b448b2f0770","not-a-git-build","bbd3d4119dab4c61438d29ca56ae93a0","confirmatory",601.576999999997,13.4663919873171,11.2546863397971,-10.7097795235039,-8.64050148015014,8.85837686998229,11.0887030987744,181.343713156079,126.667964607214,114.699377442064,74.6582658284767,7.54470611034272,6.52991240363217,0.388,0.965,0.438,0.915,16.8065909798191,47.8271728536791,13.5909199193081,41.0663119595716,13.1893530015606,10.8366358975595,-10.1746206303322,-7.1984971813423,9.39353576315397,12.5307073975823,173.959032599776,117.432677576274,103.522904971182,51.818361669793,7.50089769532526,6.18729890301271,0.388,0.964,0.427,0.999,16.03822799516,48.0738488481781,14.0061440450061,43.8105883641673,15.5750234127784,9.28975003100728,-11.2765352350741,-7.50761724025612,8.29162115841211,12.2215873386685,242.581354308597,86.2994556385998,127.160246907868,56.364316626191,8.71691894232271,5.56763355292534,0.555,0.993,0.583,1,24.5898209530501,74.6309705278958,17.7303499544746,55.7459157692283,13.1025239627891,11.4393002746046,-9.64774171666456,-6.51648211209771,9.92041467682165,13.2127224668269,171.676134195462,130.857590772568,93.0789202314695,42.4645391172894,7.72786054345795,6.82354232734313,0.532,1,0.623,1,23.757199519338,74.6631462251376,21.6433608675127,67.1778561439094,-3.78954127261774,19.8261102569187,-1.41547603046847,23.1145492786579,4.51586962528165,13.2613216342144,6.77364229663231,15.5833625887888,23.6156515295365,24.5300253091264,8.74545200893272,8.80972029215651,1,1,0,0,-4.06148332805246,23.2161089273903,-0.215061793650777,24.7807415435357,4.39075557359882,13.9229592662193,8.65696145477092,16.9619905133721,27.2775922554428,24.9958033371864,9.53220369262049,8.30502905860118,1,1,0,0,-3.86811717889887,21.2653709630353,-0.4629988223126,24.2746977760103,4.04358283805243,12.5676219460185,8.02625582882041,16.629721388286,25.1334881419342,24.7376965983229,8.52403910796602,8.60346555946558,1,1,0,0,-4.35708117306359,23.6746056697253,-0.791486621096202,27.7451112220145,4.9659713235913,14.7632360092227,7.94534155090064,18.4120689335188,28.0316868427889,28.5365978431107,9.79726468563137,10.4667273826182,1,1,0,0
974,500,3,1,"L'Ecuyer-CMRG","10407_-946145960_-85570800_-1926701344_472746050_-1805373522_-1747868498","10407_-762693128_1124957903_713906216_-144875209_-527782614_2030796068",817782320,1754237611,156430487,438077958,1191150415,248982284,2035839833,78.0080000000016,5.98800000000119,6.19800000000032,2.30599999999686,2.43500000000131,484.73,1,NA,"5b448b2f0770","not-a-git-build","bbd3d4119dab4c61438d29ca56ae93a0","confirmatory",603.988000000001,11.5945356639979,8.87080208453863,-8.22769492414759,4.0882068011696,11.5033158889625,24.2698192924875,134.433257263719,78.6911296230548,67.694963764844,16.7134348491294,6.65279644865118,5.18071492986534,0.388,0.903,0.57,0.972,13.1593077891136,39.0322660193983,14.768866541796,45.0529227845755,10.7169244037911,9.01830707733391,-5.96626955618439,4.64975495671881,13.7647412569257,24.8313674480367,114.852468676573,81.3298625410908,35.5963724170526,21.6202211575312,6.06097443931489,5.24811379327544,0.483,0.946,0.613,0.987,14.3729996940024,42.9712774530121,15.6544784146774,46.7134219531951,11.6020227780043,9.63093407597031,-5.46754850750059,5.39674235404692,14.2634623056095,25.5783548453648,134.60693254133,92.7548911756861,29.894086681872,29.1248280359639,6.52093228725843,5.87227339235793,0.517,0.964,0.699,0.997,16.6247272017756,50.7492632043613,20.0129288766706,61.2240468611811,13.6969224915007,10.2511227833926,-8.42049464095057,3.65365248523345,11.3105161721595,23.8352649765513,187.605685738177,105.085518320192,70.9047299982772,13.3491764828526,7.68979838187284,6.09709879456169,0.419,0.895,0.614,0.977,15.7644753041604,47.8350229890484,17.9806580536441,56.4960856411857,0.762454951662352,23.8453592478746,11.3837618390432,37.3807453411826,7.43791155812965,15.3797460442596,20.27931386959,28.2457525327596,23.0829042962123,25.9969835021394,7.94183448612991,7.96643866316959,1,1,0,0,3.12586299967465,24.818487244151,13.0294027083988,37.6763956987587,9.83044723607912,17.759810007789,20.5139798000376,29.0410382962848,21.6926242444763,24.6469929903599,7.92936277170993,8.52705849624715,1,1,0,0,2.98417939755056,25.5656774858681,13.4180286111272,37.2029397167271,10.2101185436904,18.4181397364895,21.3573077542181,29.6001686695731,22.5814980883175,23.7849111055999,8.20802119279913,8.24286091535502,1,1,0,0,0.107666485195399,22.5703636804352,10.809754577219,37.207667957295,7.18385643737772,14.9590128019326,18.6680212001325,28.6941984320786,22.4626971952398,26.397913380076,7.7751563645549,10.026177231946,1,1,0,1
975,500,3,1,"L'Ecuyer-CMRG","10407_-1625508253_-68877486_698799733_-106086794_1581046636_1604255856","10407_-1521999487_955890434_1430339695_448935200_1367761016_1322069333",156430487,438077958,1191150415,248982284,2035839833,49433751,1619639235,78.5769999999975,5.3760000000002,5.0679999999993,1.93900000000212,2.72200000000157,489.992000000002,1,NA,"5b448b2f0770","not-a-git-build","bbd3d4119dab4c61438d29ca56ae93a0","confirmatory",607.687000000002,7.41196701277994,8.74657378422969,0.490822724063094,-1.13339739573375,20.0483527392919,19.0653973446394,54.937254998538,76.5025529629741,0.240906946456716,1.28458965665605,4.31659594799566,5.00965409730167,0.539,0.999,0.427,0.997,12.1520848711715,40.3615691775934,11.8380383924136,37.2939989512481,7.58462848269579,6.96429104498716,0.820875125000335,1.47356590002101,20.3784051402292,21.6723606403941,57.5265892205202,48.5013497592883,0.673835970844315,2.17139646170472,4.46810301485133,4.13694457038405,0.604,1,0.666,0.995,13.7819537191634,42.389350012405,13.3384913758083,40.1406630925733,7.50104001570985,6.33369080763675,-0.48971128047372,0.720935672628485,19.0678187347551,20.9197304130016,56.2656013172804,40.1156392467423,0.239817138223211,0.519748244068286,4.5839920113486,4.08399844656578,0.659,1,0.758,1,14.9778149014497,51.6423362777933,14.9226170946296,48.7798823633427,7.88265373434679,7.88284337130254,0.588264301775997,-0.910609647741168,20.1457943170048,19.2881850926319,62.1362298956113,62.1392196164884,0.346054888744001,0.829209930559295,4.73727865048633,4.64577882237611,0.603,1,0.553,0.999,14.1325023057119,49.9583774757878,13.5251910051113,45.8739717830056,7.86737602182658,30.1454237608763,8.33187179779171,30.6257512199131,16.7697472253286,23.5214242499434,15.3056450931624,22.9730951444149,22.2780477390497,22.2938794221214,6.75167702461481,7.66745005125251,1,1,1,1,7.99985389358944,30.9829379865288,11.4872728594537,33.0895727937649,15.8950987177372,24.8275468807403,17.9058619753884,25.3263793529646,22.9830840929394,21.6022999343111,8.93244816300317,7.42051737757624,1,1,1,1,7.82676527199025,30.4697947685975,9.46740648161443,32.6300618899196,15.1546997979047,23.0031627678082,17.0711973927855,24.7109975955903,22.6430294966073,23.1626554083052,7.84846296990356,7.63980020280481,1,1,1,1,9.0810095257312,32.7029134454547,8.29546962631333,30.2417978551362,15.6794849669506,24.5167943307893,15.3720523966134,23.5055247535081,23.6219039197235,21.9463282288229,8.83730936383877,8.13347235689474,1,1,1,1
976,500,3,1,"L'Ecuyer-CMRG","10407_776412525_-1298553524_-2086524945_-358795620_-1163525327_-252797525","10407_-710465269_670715651_-1308351115_-205038383_-603881310_-1960410748",1191150415,248982284,2035839833,49433751,1619639235,1368733398,1279448516,76.0380000000005,5.99299999999857,7.25700000000143,2.32200000000012,2.41999999999825,477.749,1,NA,"5b448b2f0770","not-a-git-build","bbd3d4119dab4c61438d29ca56ae93a0","confirmatory",597.051000000003,14.3707252996184,10.0355266721198,11.3914426400268,5.54977201813161,31.3313201595259,25.8054480022103,206.517745637092,100.711795586827,129.76496542102,30.7999694532366,8.47147908208774,5.71346946381061,0.362,0.915,0.475,0.981,16.9515339488487,49.9957654586521,13.9238246514004,41.9685091200928,14.5280892076131,10.6592042656779,11.3303966320244,3.7914710791854,31.2702741515236,24.0471470632641,211.065376024363,113.618635577445,128.37788783899,14.3752529442993,8.36650330699132,6.10194494430924,0.433,0.95,0.506,0.972,18.7848980176718,54.4601119120868,15.8626513675679,47.3870184110734,15.7531897274034,13.6272343908399,10.3795132592908,4.73606498828733,30.3193907787899,24.991740972366,248.162986587567,185.70151714289,107.734295499793,22.4303115732811,9.08510378639863,7.79135033947151,0.523,0.986,0.546,0.975,23.7814680527379,69.2304533593552,20.7381211671595,62.0633645250475,15.6143780759749,12.303997844955,12.687253884741,4.57606127587362,32.6271314042402,24.8317372599523,243.808802699484,151.388362968658,160.966411135877,20.9403368005501,9.17468339205848,7.11942384564647,0.331,0.986,0.577,0.987,19.1390997810969,64.7423082241882,20.5932780850277,64.6449858693327,16.0977168428455,44.5754322172704,13.4569777944397,39.2274007607263,27.2487249289499,36.0658493098502,21.0654709761972,30.2452349154265,28.4777153744249,25.7704229662866,8.81712438090036,9.17976393922923,1,1,0,0,17.7967405311626,44.8010355470849,9.96581132548159,39.1091361187945,26.8568541259468,35.4072215681278,19.357486929841,28.4869530991427,27.0042950159223,29.1433247933129,8.55036744218094,9.12946616930173,1,1,0,1,17.2812376830827,44.7885827964698,12.3350622487165,37.7261098692746,26.0450681725604,34.6757912371408,20.8547166688835,29.2677911535554,27.507345113387,25.3910476205582,8.63072306458044,8.41307448467193,1,1,0,0,18.946887034286,45.431932569833,10.8748682032225,38.4428752298377,27.7611970395859,37.6282948426216,19.7013025962494,29.8275753831067,26.485045535547,27.5680070266152,9.86709780303575,10.1262727868573,1,1,0,1
977,500,3,1,"L'Ecuyer-CMRG","10407_-1063893271_1033055468_-635753772_580195874_1622475068_-1493918893","10407_-470484906_990750341_-610440512_-1169938789_321286368_-1186623568",2035839833,49433751,1619639235,1368733398,1279448516,3656816,680955773,77.3950000000004,5.04399999999805,5.98799999999756,1.91300000000047,2.75200000000041,480.881000000001,1,NA,"5b448b2f0770","not-a-git-build","bbd3d4119dab4c61438d29ca56ae93a0","confirmatory",597.319,7.62838671778442,10.2949486786834,-1.12500618943539,2.5562105235219,18.5835054374644,22.9585769167146,58.1922839160698,105.985968296726,1.26563892626793,6.5342122405641,4.47836184969423,5.94750493265035,0.589,1,0.39,0.945,13.2937714756727,43.4941219547528,11.8999783720577,36.7634461479752,9.18401417331929,12.2706701107549,-2.55866942938639,4.22544637426977,17.1498421975134,24.6278127674625,84.3461163357297,150.569344966973,6.54678924887646,17.8543970618295,5.32986662429719,6.99236292328033,0.613,1,0.453,0.926,16.5014000371147,47.1456851268832,15.6030134836243,45.5977642141752,8.57225955852751,11.8831203842272,-0.68613255875799,3.20965787735522,19.0223790681418,23.6120242705479,73.4836339387663,141.208550066036,0.470777888187786,10.3019036896684,5.20657746264585,6.84249713666564,0.699,1,0.508,0.973,17.8622925578366,57.2161104575647,17.5248011059124,55.851418893325,8.98204509799507,12.2653717786432,-3.94917104460911,2.96757639455193,15.7593405822907,23.3699427877447,80.6771341424173,150.439344868337,15.595951939579,8.80650965750183,5.32727104549655,7.03034340286577,0.622,1,0.49,0.968,16.5454607757313,54.2959313419454,16.8900263455846,56.7202935337759,5.50039859334619,31.6868636714736,10.6363022712498,33.0494603021288,14.6208064524698,22.7374326549416,18.8787831351907,27.2027179915152,26.1864650781274,22.4131580308791,8.11662620247188,8.32393485632451,1,1,1,1,4.25100203386657,30.1455159390608,13.3098580702862,36.7718378447852,12.1059557665577,22.3401502610153,20.5450371281298,28.7558132032388,25.8945139051942,23.461979774499,10.2341944944577,8.21077607510905,1,1,1,0,5.54272981789473,32.0218208271908,11.8258251534048,36.473968837234,14.7527648621798,23.5548248151189,19.3754424822552,28.1408339672118,26.4790910092961,24.6481436838292,8.80205995293916,8.76539148495665,1,1,1,1,2.56127480335764,28.4418868328481,11.4470168976318,35.2287896502569,11.0492733953991,20.382705596149,19.131006737979,27.7398567585586,25.8806120294905,23.7817727526251,9.33343220074993,8.60885002057966,1,1,1,1
978,500,3,1,"L'Ecuyer-CMRG","10407_-1446013538_1985929854_-1431578389_1779323246_-1731291205_-1460648187","10407_-1862811463_-651489755_1605884159_-1676239194_-218006895_278366660",1619639235,1368733398,1279448516,3656816,680955773,346070728,1420717444,74.5269999999982,6.41599999999744,7.1359999999986,2.3080000000009,2.28600000000006,479.328000000001,1,NA,"5b448b2f0770","not-a-git-build","bbd3d4119dab4c61438d29ca56ae93a0","confirmatory",596.881000000001,9.29940611363122,8.07497688696114,-7.43295874083793,3.17334821724305,12.6661368196541,23.3407590412396,86.4789540662417,65.2052517249567,55.248875642999,10.0701389078796,5.41075815764959,4.62656407524078,0.539,0.998,0.533,1,15.5185634069777,46.2100403123674,13.1822420226611,39.0620119207928,8.60648890358999,6.85160931453518,-6.98293460364171,3.07311253226974,13.1161609568503,23.2405233562663,74.0716512476176,46.9445501990252,48.7613756787367,9.44402063599335,5.15608182033827,4.11124744183035,0.613,1,0.653,1,16.8471878634374,49.8491436034023,13.9272615355559,42.1759315721729,12.1733559515257,7.30298890843421,-7.07484158878056,2.0673010200877,13.0242539717114,22.2347118440842,148.190595122547,53.3336469967131,50.0533835063391,4.27373350765566,7.28472600016698,4.68427350778928,0.62,0.996,0.756,1,22.7854080002991,70.1894233903909,17.3726465522582,55.1675855540836,15.2606117736762,7.88839449630803,-6.5689112813205,3.30795827369646,13.5301842791715,23.475369097693,232.886271706864,62.2267677293828,43.1505954218597,10.9425879405169,8.89788102672836,5.32567494438663,0.527,0.975,0.831,1,24.1413586428551,72.1444081838514,21.5237054318215,67.332748275843,2.24057605772327,24.0003944954609,9.18846652281242,35.4721458297886,8.84659859772287,16.3973627547856,19.6304431916055,27.6016181822172,21.7598184377377,26.2836793069762,7.55076415706269,7.97117499061171,1,1,0,1,1.62494699451539,23.4377792320999,9.87523808997669,37.0181973003942,9.53478288054889,16.7777783984635,18.2525442082985,28.1844482904039,21.8128322375845,27.1429592104175,7.24299551791463,9.93190408210538,1,1,0,1,0.88886436466864,25.6422694165926,7.64779830841131,35.5405443838261,8.51519683041901,17.3167333968819,17.7959273552052,26.9276552982544,24.7534050519239,27.8927460754148,8.80153656646284,9.1317279430492,1,1,0,1,2.88310669353564,24.4095444130699,10.4714913415827,36.5191066467894,9.53925476899928,17.7049180798023,19.630265012444,28.0233985775867,21.5264377195342,26.0476153052067,8.16566331080307,8.3931335651427,1,1,0,1
979,500,3,1,"L'Ecuyer-CMRG","10407_-943221534_-1885131289_-839048148_-1021592870_-687549769_1049644912","10407_1878091381_-1982250374_1704964584_-1698935061_1629334530_593451767",1279448516,3656816,680955773,346070728,1420717444,1757967718,1931291510,77.3270000000011,5.03700000000026,5.5,1.94499999999971,3.36599999999817,485.083999999999,1,NA,"5b448b2f0770","not-a-git-build","bbd3d4119dab4c61438d29ca56ae93a0","confirmatory",601.041999999998,10.2815552872317,9.15684974528549,-5.95957285689142,6.64691408077704,14.2198430758949,26.5978004703027,105.710379124401,83.847897257735,35.516508636597,44.1814667972321,5.79819634974654,5.2600652386352,0.528,0.966,0.483,1,15.3263084011523,44.8145363065062,13.4131496147736,39.7619012996075,10.6014604393106,8.64426884618896,-5.85295276258225,5.49184019796277,14.3264631702041,25.4427265874885,112.390963446269,74.7233838851931,34.2570560410192,30.1603087599598,6.04149731898897,4.98005324819917,0.504,0.978,0.565,1,14.9868485921408,46.4352907346654,13.5863711651114,41.4585380658852,11.8793827376218,9.12187949534801,-3.7310077005991,6.09154727711404,16.4484082321872,26.0424336666397,141.119734226906,83.2086855276505,13.9204184619298,37.1069482293154,7.05813484674129,5.61210150427758,0.701,0.997,0.66,1,24.7697412179119,73.6481462284856,19.1109077811023,58.1203286914917,11.840966722572,8.77450821068993,-3.57762194847428,6.15466863720456,16.601793984312,26.1055550267303,140.208492925058,76.9919943394651,12.7993788062049,37.8799460337895,6.78818483023473,5.28719586440654,0.564,0.992,0.592,1,19.7250831823782,62.0428185268531,16.532073192142,55.4089916192956,2.04450361808195,27.0940652965873,14.1867631184248,37.0744802719841,10.0722423664315,17.7662095635957,22.6464108952567,30.6404449434485,25.0495616785054,22.8877171535593,7.69396719716418,7.99403404819179,1,1,0,0,0.998216942721166,26.4132143291734,14.5367703532466,36.0427327106483,10.2858949936083,18.2817289207563,21.6930381270155,28.8679137145628,25.4149973864522,21.5059623574017,7.99583392714802,7.17487558754734,1,1,0,0,2.74788422632635,30.6958979290327,14.6361436490084,36.6144180025208,10.9976104019184,21.7457819642968,21.9023136972522,30.5379650744894,27.9480137027063,21.9782743535124,10.7481715623784,8.63565137723722,1,1,1,0,4.35462136625848,29.7642245872298,13.6969779423835,37.7345313634381,12.1904357421678,20.7407112779471,21.6735368590354,30.2003081340471,25.4096032209713,24.0375534210547,8.55027553577932,8.52677127501165,1,1,1,0
980,500,3,1,"L'Ecuyer-CMRG","10407_811210797_480953327_1486320939_269420870_-726820739_-10303877","10407_-1181764051_-1939830077_1647513199_557721293_-903153330_-1532536129",680955773,346070728,1420717444,1757967718,1931291510,1736569079,1924822522,75.747000000003,6.02699999999822,7.2019999999975,2.31299999999828,2.70600000000195,483.719000000001,1,NA,"5b448b2f0770","not-a-git-build","bbd3d4119dab4c61438d29ca56ae93a0","confirmatory",602.737000000001,13.4068593823161,9.83819698530535,11.3859157028727,-3.4960596615084,31.4443289231511,16.6443548736495,179.743878497197,96.7901199216713,129.639076392923,12.2224331568263,8.04507450472948,5.62851269176888,0.261,0.925,0.366,0.976,13.0585535070301,40.0968129530295,11.6599030062547,35.5304258556046,13.4307065245015,9.54351715694487,11.4323838239484,-2.52935065882336,31.4907970442269,17.6110638763345,180.383877747287,91.078719724901,130.699399898077,6.39761475529015,7.98199900810519,5.46054937787343,0.283,0.934,0.449,0.979,14.5887432792697,43.2546903502746,13.0098566882766,39.1597069594759,11.8524524576517,10.2078923815122,9.959329617349,-4.40675714572063,30.0177428376274,15.7336573894373,140.480629260894,104.201066872535,99.188246427005,19.4195085413598,6.90980933458993,5.86273404858778,0.478,0.999,0.469,0.994,19.2796458292051,59.7384520420135,14.7609587702943,46.1227697268986,13.7764532072435,10.5158664164294,12.1261386338082,-4.88421145289345,32.1845518540867,15.2562030822644,189.790662971369,110.583446488188,147.043238166336,23.8555215165756,8.17414666730868,6.03200423439163,0.265,0.974,0.44,0.988,14.2702447678495,53.2682009440119,13.7774498675846,46.1950397129664,19.5820545387745,42.769456344299,6.34357012527278,28.9806353519312,27.3120379626384,35.4577900749235,12.4130165621746,20.8120235293997,23.1874018055245,22.6370652266585,8.14575211228513,8.39900696722512,1,1,0,1,20.3195940921929,42.6622047146031,6.90206257664676,29.3139298396905,27.5079077809262,35.3320359693478,13.0593216102729,22.059130424164,22.3426106224102,22.4118672630438,7.82412818842162,8.99980881389103,0,1,0,1,17.9483818846845,42.4690136740171,4.23689815403882,27.5777278718911,25.7376169286538,34.4377628527184,11.1512962269428,19.6617566443582,24.5206317893327,23.3408297178523,8.70014592406468,8.51046041741543,1,1,0,0,19.8203981097818,44.0078362232361,3.09013041767144,26.949165670623,27.8974924188756,36.1521543445363,11.0581743637086,19.2795985605818,24.1874381134543,23.8590352529515,8.25466192566066,8.22142419687319,1,1,0,0
981,500,3,1,"L'Ecuyer-CMRG","10407_-1144690517_346647619_-715738334_634239622_-1068026935_212256044","10407_-1387354068_1429502605_-568175730_-1815007118_-819666539_1304667106",1420717444,1757967718,1931291510,1736569079,1924822522,999678317,1996476884,76.7360000000008,6.50399999999718,4.97499999999854,3.18800000000192,1.92699999999968,481.062999999998,1,NA,"5b448b2f0770","not-a-git-build","bbd3d4119dab4c61438d29ca56ae93a0","confirmatory",596.205000000002,7.57455338832782,10.1334117337093,-1.09496824937722,-5.00426559556917,18.9176361612529,14.7581188284346,57.3738590326285,102.686033364876,1.19895546714422,25.0426741509972,4.43339092206976,5.76729623224598,0.626,0.999,0.492,0.982,14.1198454293253,42.5213787866881,15.1367223955946,44.9108300860227,8.20424059090597,10.9168365383068,-2.11743123503602,-5.98256755361345,17.8951731755941,13.7798168703903,67.3095636734691,119.177320004111,4.48351503510618,35.7911145335484,4.75833732151585,6.21642357861603,0.662,0.997,0.526,0.986,15.6119515589901,47.5954479081176,16.0548985724515,47.0099196663277,7.68748161890468,14.8153630854464,-1.35941499370299,-7.2384446285713,18.6531894169271,12.5239397954325,59.0973736409973,219.494983353608,1.8480091251045,52.3950806408927,4.9825601190363,8.35873019001282,0.805,1,0.503,0.977,19.2921284417421,60.5909257057266,21.5848962630921,63.7705564214695,8.41153333614269,15.8540888979788,-1.41064621521674,-6.36285948673562,18.6019581954134,13.3995249372681,70.7538930650397,251.352134785016,1.98992274450532,40.4859808479414,5.42475421190127,8.80240293480218,0.773,1,0.508,0.966,20.2668241488549,67.6185988513384,21.5335793589486,64.9549798621323,6.69793604384795,31.532203353306,2.35582644294828,26.9061007298297,14.8772992010576,23.2754705606662,10.5673744780763,19.1045730201422,24.834267309458,24.5502742868814,8.39817135960862,8.5371985420659,1,1,1,0,5.40336417922551,28.9763889266104,1.58125630544285,26.2594284891524,13.8868305594518,22.1819979019767,9.910425316882,17.5335128607854,23.5730247473849,24.6781721837095,8.29516734252489,7.6230875439034,1,1,1,0,5.65938044774669,29.920842024638,0.905762983840573,23.6384123930624,14.4570278416349,22.9413927189797,8.34096771226641,16.5869595985644,24.2614615768913,22.7326494092218,8.48436487734484,8.24599188629794,1,1,1,0,4.55320185229056,32.1467944555388,0.774310443502331,25.8873722078336,13.8348751743164,22.6755366970436,8.84958079119447,18.3677464434969,27.5935926032483,25.1130617643312,8.84066152272713,9.5181656523024,1,1,1,0
982,500,3,1,"L'Ecuyer-CMRG","10407_1650429644_119460882_-1814974813_520952288_829272947_-405915407","10407_1249460014_1021071073_1857412500_-157657597_2021828623_1610136667",1931291510,1736569079,1924822522,999678317,1996476884,107285896,495570693,76.0920000000006,7.18800000000192,5.8739999999998,3.21999999999753,2.25900000000183,478.275000000001,1,NA,"5b448b2f0770","not-a-git-build","bbd3d4119dab4c61438d29ca56ae93a0","confirmatory",595.208000000002,11.6183936026001,8.47859479859828,10.1147788797849,-5.12614639827478,29.690421363707,14.6737055866539,134.987069904939,71.8865697588178,102.308751786942,26.2773768965455,6.78514628665051,4.86307135263124,0.337,0.993,0.564,0.999,14.6756484910282,45.407414281236,13.0431257666037,39.6876278492308,13.0270934208394,9.19709759437071,11.130939063376,-5.4964824356025,30.7065815472981,14.3033695493262,169.705162995278,84.5866041603795,123.897804432589,30.2113191648868,7.63129675251608,5.26462537760968,0.338,0.973,0.499,0.989,16.4849938916189,48.424161092012,13.0296944913274,39.1194086305063,12.8821234460194,9.04518924458651,8.60369386749474,-4.94980105765256,28.1793363514168,14.8500509272761,165.949104478482,81.8154484703835,74.0235481655666,24.5005305103384,7.25794853951662,5.33364161091636,0.519,0.989,0.588,0.999,19.1913683757903,59.1152022386423,15.4136512597642,50.1866818350748,11.5973437247068,7.80008610313922,9.20318267202314,-3.60627712333277,28.7788251559452,16.1935748615959,134.498381468996,60.8413432163855,84.698571294627,13.0052346902733,6.76153413703066,4.74648685174048,0.475,0.988,0.626,0.999,17.5596077093166,55.6723434230588,14.7854665665548,50.2076946094825,18.3767626688635,41.3349482996262,3.43865885893249,25.5816424308081,25.6526534441283,33.5062579213893,10.7116553370608,18.263840641001,22.9581856307627,22.1429835718756,7.85360447726103,7.55218530394028,1,1,0,0,20.0118682974947,42.119422904724,3.74726152690365,24.4879112339141,26.786968779741,34.5484306946079,10.6713325557247,18.1326062711447,22.1075546072292,20.7406497070105,7.76146191486691,7.46127371541995,0,1,0,0,16.382902249889,40.8180603630257,2.54593557377705,26.7840122027865,23.8342154762601,32.2927221937243,10.4850325188626,18.7598940639488,24.4351581131367,24.2380766290095,8.45850671746421,8.2748615450862,1,1,0,0,17.3486672086691,41.4420020400443,4.50775788661145,27.2888118731728,24.8861957105366,32.6438086745987,12.2424424395306,20.2221836581429,24.0933348313751,22.7810539865614,7.75761296406207,7.97974121861237,1,1,0,1
983,500,3,1,"L'Ecuyer-CMRG","10407_-871341021_-1692141440_-1230789027_-430249939_489449564_-1515702668","10407_-477525434_1018463012_-15196982_504105359_627446337_799531975",1924822522,999678317,1996476884,107285896,495570693,271089772,2028220165,76.2010000000009,5.84000000000015,5.4419999999991,1.92799999999988,1.94900000000052,484.549000000003,1,NA,"5b448b2f0770","not-a-git-build","bbd3d4119dab4c61438d29ca56ae93a0","confirmatory",600.382999999998,7.55775830015223,9.59580878513457,-1.13678294804956,-3.66524111563781,18.8875772241837,16.4951818683439,57.1197105235199,92.0795462408657,1.29227547097626,13.4339924357619,4.36022310989551,5.49354201756601,0.561,0.999,0.459,0.955,12.4732888868584,38.1794195134193,12.7540210273904,38.1941262185789,8.85337981250144,9.74646456541485,-3.16237569009382,-3.77720423473177,16.8619844821395,16.3832187492499,78.382334104408,94.9935715248873,10.0006200052964,14.2672718308756,5.04432335508692,5.5656567000974,0.481,0.975,0.495,0.968,12.2460062251144,37.8993197528283,14.0659582776417,41.1307101007978,8.02616468004661,10.2982264955695,0.380538118403496,-3.75105121828232,20.4048982906368,16.4093717656994,64.4193194712277,106.053468954049,0.144809259558073,14.0703852421773,4.75686487861594,5.96523330552136,0.633,1,0.547,0.998,15.307390931064,49.1430389974792,16.9133073961931,53.9909861113024,8.10852392849502,10.0203083865083,-1.28338978852019,-4.70070585591477,18.7409703837131,15.4597171280669,65.7481602989763,100.406580160728,1.64708934927789,22.0966355438314,4.86818993440856,5.7420022465422,0.602,1,0.513,0.988,14.5530033841217,51.1103277364435,14.5396685481988,48.9042900065266,8.73225837254347,31.3653752858491,5.23553884889892,28.596798740054,14.8681794644943,22.379972529907,12.3598729833644,20.2628792143355,22.6331169133057,23.3612598911551,7.51179306541263,7.90300623097116,1,1,1,1,7.40225684452315,27.6472336413839,5.46155110325432,26.2016820978604,13.3256631665432,20.399804737591,12.4025452915251,20.3688197256314,20.2449767968607,20.7401309946061,7.07414157104778,7.96627443410632,1,1,1,1,7.84372623794118,33.0896423197534,4.42796303173496,28.7076717510994,15.9360335496583,24.6489453236972,12.0828488582727,20.7647871895424,25.2459160818122,24.2797087193644,8.71291177403893,8.6819383312697,1,1,1,1,5.87625391220154,30.677029423296,4.05946461635471,25.7612333333335,14.3478548750637,22.9780624996987,11.7439455126894,19.2731930142186,24.8007755110945,21.7017687169788,8.630207624635,7.52924750152925,1,1,1,0
984,500,3,1,"L'Ecuyer-CMRG","10407_1728186281_-408448136_122354617_-1366878046_-1742689639_-1866771284","10407_672585435_-1586895014_-1499137727_-1059109503_-509456888_502615837",1996476884,107285896,495570693,271089772,2028220165,871750752,872370905,76.0749999999971,6.96800000000076,6.02199999999721,2.72799999999916,2.25800000000163,490.751,1,NA,"5b448b2f0770","not-a-git-build","bbd3d4119dab4c61438d29ca56ae93a0","confirmatory",607.839,8.89866771017243,8.18318619610485,-3.81231239376901,2.48640860265938,16.5463175572133,22.5429990981812,79.1862870160654,66.964536320121,14.5337257876848,6.18222773937856,5.06729772177933,4.700504141204,0.513,0.994,0.487,1,13.3196451515824,40.4213571667432,12.7177169860558,37.7106294238002,8.12323680028081,8.82612609878779,-1.73285226978643,1.90421078847933,18.6257776811959,21.9608012840012,65.9869761134365,77.9005019117029,3.00277698890399,3.62601872696107,4.7939295715729,5.03711307416093,0.628,1,0.482,0.993,15.5716211524017,46.102393527646,13.2915904695721,40.0475783962518,10.435023221839,8.40657514544694,-3.90225306099317,-0.000877141791821856,16.4563768899891,20.05571335373,108.889709640318,70.6705056760462,15.2275789520305,7.69377722960456e-07,6.08967672492378,5.0389785669695,0.607,0.994,0.547,1,18.1132487579313,55.998701153329,15.4934905831932,51.8889984449926,11.0703444591288,9.98343372795375,-3.10793444811913,3.79439923707114,17.2506955028632,23.850989732593,122.552526443764,99.6689490004445,9.65925653380555,14.3974655702861,6.42737372543674,5.84736741899354,0.627,0.999,0.622,0.998,20.232037099864,64.2301279602818,18.4543050740293,58.5438737867969,6.11576110135932,28.8005147568411,10.9180857396329,35.3675012864424,12.59287095536,20.4028036399093,18.0955850553532,26.8290161389857,22.6847536554818,24.4494155468096,7.8099326845493,8.73343108363251,1,1,1,1,6.51373166898853,32.0548215913259,10.2454907573498,33.2214477561029,13.7863832657628,23.1306640363045,17.8910960449687,26.1588491116567,25.5410899223373,22.9759569987531,9.34428077054173,8.26775306668792,1,1,1,1,4.31496094777021,29.4746367943744,8.26612689808737,32.3189904234115,12.3128109851383,20.3946623607902,15.6188135230113,24.1723567434322,25.1596758466042,24.0528635253241,8.08185137565184,8.55354322042099,1,1,1,1,4.34414773222475,31.1278228948067,12.1600142931199,35.6910724537447,12.6527752029461,21.7792090177649,19.8388381963083,27.9379337655977,26.783675162582,23.5310581606248,9.12643381481881,8.09909556928934,1,1,1,1
985,500,3,1,"L'Ecuyer-CMRG","10407_-560428771_-1539271385_1402632017_634406576_-1498624354_-298254805","10407_-1163185369_586216714_-1981743033_16617446_-1493787841_-1316639426",495570693,271089772,2028220165,871750752,872370905,1151156791,1972727011,77.1039999999994,5.12199999999939,6.72299999999814,1.95599999999831,1.91700000000128,479.524000000001,1,NA,"5b448b2f0770","not-a-git-build","bbd3d4119dab4c61438d29ca56ae93a0","confirmatory",595.896999999997,12.4481509709992,8.89992144771714,-9.52729285303131,4.48942735563179,10.2917217457879,24.1776845365841,154.956462596788,79.2086017755356,90.7693091074215,20.154957981495,7.32001330153955,5.11179553798426,0.289,0.855,0.437,0.963,11.306414719061,36.6462953427206,11.3203315025573,36.1540990731012,12.4495779668423,10.372899897145,-9.44259700775249,6.78504529028104,10.3764175910667,26.4733024712334,154.991991552485,107.597052276191,89.1626382508162,46.0368395911649,7.32626667034249,5.97517932436751,0.346,0.88,0.43,0.953,12.469991739564,38.6651163844465,12.1944110207055,37.7564022636362,13.0911826130088,10.4189153265874,-10.3224127782022,6.68469975593501,9.49660182061704,26.3729569368874,171.379062207145,108.553796582597,106.552205563591,44.6852108269975,7.64161048639001,5.98597857871415,0.31,0.919,0.525,0.984,13.0312865074135,46.2507659577947,15.1453027485103,49.5214642486918,13.4130766724259,11.3762130394043,-9.21018316241431,7.52995961671999,10.6088314364049,27.2182167976723,179.910625820376,129.418223117912,84.82747388522,56.7002918294339,7.86941919709266,6.50630725218977,0.384,0.933,0.44,0.993,15.2059600268254,51.9481037566548,14.6047283566632,49.3934252106793,0.287678344591898,20.7025907739216,14.3943577297406,35.1551337650815,6.43292337754195,14.1130867677508,20.2833479044816,27.9254668081379,20.4149124293297,20.7607760353409,7.6801633902088,7.64211890365631,1,1,0,0,-1.01649103091037,22.1282907116086,13.9763898386821,38.6064778688955,6.47299649217735,14.3081444662548,22.6675122208686,30.0037795881235,23.1447817425189,24.6300880302134,7.83514797407745,7.33626736725484,1,1,0,0,-2.03011248223923,21.2456340892067,13.3804337366767,38.3054431928449,5.58837960355836,13.5154238808536,21.9640099817984,30.6485235931463,23.2757465714459,24.9250094561683,7.92704427729519,8.68451361134789,1,1,0,0,-0.0557371236616971,22.4399676401336,14.6411391123881,38.2677140235523,6.68920280637897,14.4800057837555,23.1771963797007,31.792141230856,22.4957047637953,23.6265749111642,7.79080297737651,8.61494485115526,1,1,0,0
986,500,3,1,"L'Ecuyer-CMRG","10407_650608578_-405768220_669290015_-602004438_-2087600143_166779839","10407_1492096288_-120048067_-669872382_-1702746788_-2101748447_1850845306",2028220165,871750752,872370905,1151156791,1972727011,1247965201,449664949,78.4130000000005,7.3660000000018,5.90699999999924,3.27599999999802,2.28600000000006,481.153999999999,1,NA,"5b448b2f0770","not-a-git-build","bbd3d4119dab4c61438d29ca56ae93a0","confirmatory",600.496000000003,12.5238980135116,8.21375874920151,9.84565617274699,-1.99910067869402,29.7978621190292,17.4544024636309,156.848021452839,67.4658327900843,96.9369454719509,3.99640352355489,7.40098680129463,4.72008048697685,0.315,0.902,0.528,0.996,13.1525323598583,40.7921803284543,13.4033977402118,40.4339713351038,12.3349924079523,7.67156444546554,9.5635991140091,-2.50315393243899,29.5158050602913,16.9503492098859,152.152037704242,58.852901040931,91.4624280134757,6.26577960948477,7.10099327741686,4.52282853427594,0.403,0.939,0.624,1,15.4087603203315,46.10042299622,14.4856828382835,43.982333880759,11.9492105411948,10.1237165639641,9.59333352771562,-5.34374894925092,29.5455394739978,14.109754193074,142.7836325578,102.489637067481,92.0320481739926,28.5556528326203,6.92019301422021,5.98121312687241,0.415,0.993,0.56,0.988,16.3992984493265,53.1976519359951,17.2997730110727,55.2816799136308,11.4863919640422,9.57804378793092,6.61281227477138,-3.61014552397988,26.5650182210536,15.843357618345,131.937200351614,91.738922803522,43.729286181367,13.033150704312,6.68096541322812,5.81718556301954,0.515,0.978,0.618,0.998,17.0204012387651,58.1529415974117,18.6687100274913,59.0195266734761,18.0845372293135,41.4712257430694,6.04386323791269,29.2229653504079,25.8569431369365,33.6144189127113,13.0571247054018,21.8969700504504,23.3866885137559,23.1791021124952,7.75747577577484,8.83984534504856,1,1,0,1,16.5570424143654,42.7136298291845,5.85249098590956,27.0971258204309,24.9963846049122,33.925110409625,13.4508409893284,20.6688167562005,26.1565874148191,21.2446348345213,8.92872580471284,7.21797576687204,1,1,0,1,17.103086868941,41.5644567780095,1.63693776625818,26.0695853829395,25.53086293459,33.8330586976531,10.1320085678692,18.0400298885165,24.4613699090685,24.4326476166813,8.30219576306314,7.90802132064737,1,1,0,0,13.5687182503459,38.5372995586224,4.10496004311739,27.4957485577971,22.2110980120798,30.7410488693781,11.6132952194729,20.2444791520741,24.9685813082765,23.3907885146797,8.5299508572983,8.63118393260112,1,1,0,1
987,500,3,1,"L'Ecuyer-CMRG","10407_-948056896_1076228794_-33178401_-1885849009_-506744500_1507780171","10407_-1816374797_-1268447178_-42993109_901759737_-612909163_-1778793322",872370905,1151156791,1972727011,1247965201,449664949,1122233037,1218832594,79.0149999999994,5.09200000000055,5.71800000000076,1.93999999999869,3.1919999999991,487.531999999999,1,NA,"5b448b2f0770","not-a-git-build","bbd3d4119dab4c61438d29ca56ae93a0","confirmatory",606.179999999997,10.4491142947799,12.5574528190951,-5.1694153465971,-9.36989037629614,15.2595995290391,11.2168682646492,109.183989545374,157.6896213038,26.7228550256336,87.794845663807,5.90848548998151,7.28719372401315,0.536,0.968,0.395,0.881,15.3654500720464,46.4783143310187,13.5213737683245,40.2735320701024,11.8339993540934,13.591326274595,-6.74154593619435,-10.1236426855317,13.6874689394419,10.4631159554137,140.043540712684,184.724149902496,45.4484416098186,102.488141224319,6.62863927126505,7.99872861450912,0.51,0.957,0.348,0.834,16.4721109083807,48.3815934724894,13.4848290116492,40.7356099313023,10.6307933240487,12.9514405013192,-2.8139824891288,-7.58460906536156,17.6150323865074,13.0021495755838,113.013766698639,167.739811059211,7.9184974491235,57.5262946743648,6.14010382798268,7.3952776055278,0.555,0.994,0.542,0.975,17.2879271185698,56.6469870807202,20.0730015830745,63.2271092437054,9.06284855097439,11.5843463877613,-1.91685190929279,-7.63486799106409,18.5121629663434,12.9518906498813,82.1352238578986,134.197081231639,3.67432124215941,58.2912092409751,5.39735043736889,6.61884647084566,0.688,1,0.435,0.995,18.219694584949,55.8453384824317,15.1444677573787,52.9711746861183,2.49559768848448,27.6493332869046,-1.94274970542316,22.680577563794,10.5485893453519,20.3123158022391,7.00921873625764,15.3167094072785,25.1537355984202,24.6233272692171,9.76372645688717,8.30749067102085,1,1,0,0,2.79178305870068,23.9958602176151,-1.56500659635128,20.6854061948022,9.88609054325885,17.6575591473509,6.58031346995361,14.8049327329647,21.2040771589144,22.2504127911535,7.77146860409206,8.22461926301109,1,1,0,0,4.79108308517926,30.3702232725527,0.295057111561765,26.6524602045698,13.390782546342,21.9156868653921,8.38436542506526,17.6803881509317,25.5791401873734,26.357403093008,8.52490431905012,9.29602272586648,1,1,1,0,3.67981616223815,32.2421879871968,0.90911517717153,25.0063281545676,14.2161440972796,23.2693725401285,8.85354638208274,17.4458333663319,28.5623718249586,24.097212977396,9.05322844284891,8.59228698424915,1,1,1,0
988,500,3,1,"L'Ecuyer-CMRG","10407_-1357074354_-1765878623_-623715186_1225708881_1031042509_1502494097","10407_1089416102_1156782426_-687559070_153441387_-1480045220_611628473",1972727011,1247965201,449664949,1122233037,1218832594,296543094,797685559,77.0529999999999,7.01800000000003,6.71099999999933,2.3070000000007,2.23500000000058,477.976999999999,1,NA,"5b448b2f0770","not-a-git-build","bbd3d4119dab4c61438d29ca56ae93a0","confirmatory",596.433000000001,7.9033226424352,8.36137850949167,0.609661150209046,2.7325874784185,20.8894679498974,22.8661041199644,62.4625087904289,69.9126505789892,0.371686718074217,7.46703432720957,4.57319060147527,4.81864207853956,0.56,0.998,0.511,0.987,12.8125463331561,40.657898776361,12.8902538219907,39.240657270445,8.40992634914339,9.39560361666509,0.0428233913015177,5.36067968309665,20.3226301909899,25.4941963246426,70.7268611980163,88.2773673214902,0.0018338428425629,28.7368866647651,4.98531583352872,5.42806493941148,0.637,1,0.514,0.976,16.3803168580167,49.0707325236996,13.8655672386865,42.7020410409006,8.8444017571706,9.08405219494948,-0.772906230907246,3.26094102248705,19.5069005687811,23.394457664033,78.2234424422424,82.5200042805665,0.597384041775245,10.6337363521389,5.31093914358749,5.52276735373269,0.638,0.999,0.637,0.997,16.6828260070425,56.3701726973577,17.9183132937385,55.4242046045684,7.67687265916293,8.89780800945013,0.57914581809078,3.66421117817293,20.8589526177791,23.7977278197189,58.9343738250034,79.1709873730349,0.335409878612038,13.4264435582475,4.74770755668358,5.2853823977748,0.675,1,0.591,0.998,15.5858403820411,54.0541689128731,15.6441428554641,51.3287248698797,10.3357482565931,32.2643351625852,11.6504077353811,36.0064750237799,17.0543425815601,24.6419748706617,18.5751406980228,27.0507860505725,21.9285869059921,24.3560672883988,7.5876322891016,8.47564535254971,1,1,1,1,7.64257374605368,31.5843959957037,12.4473344537263,38.5389911005662,16.3116919279244,24.4456605607557,21.122777644334,29.9119602987662,23.94182224965,26.0916566468399,8.13396863283136,8.78918265443216,1,1,1,0,6.90005450872408,32.9470881660274,11.9082866932776,35.2643121117277,14.8548879024872,23.9587350133381,19.2679740288878,27.5379883899436,26.0470336573033,23.3560254184501,9.10384711085092,8.27001436105578,1,1,1,1,7.4810986785656,32.8534869826694,11.9262623916144,35.1084733493925,16.6044811276219,25.3362220786121,20.1908680151209,27.4239341258834,25.3723883041038,23.1822109577782,8.73174095099019,7.23306611076244,1,1,1,0
989,500,3,1,"L'Ecuyer-CMRG","10407_414169063_-601519231_122337120_-595950600_1287220196_-193332926","10407_1826987113_-136974490_1111306550_1319921382_2010226266_1109536947",449664949,1122233037,1218832594,296543094,797685559,1592662276,1530779490,76.262999999999,5.0480000000025,6.36899999999878,1.94700000000012,1.93899999999849,478.127,1,NA,"5b448b2f0770","not-a-git-build","bbd3d4119dab4c61438d29ca56ae93a0","confirmatory",593.728999999999,9.0160650440871,13.4148607380673,3.60151750721254,8.8557169004232,23.7516129316457,28.889696290621,81.2894288792093,179.958488621739,12.9709283547584,78.4237218204412,5.10091274773247,8.02907301687557,0.434,0.949,0.313,0.794,10.7251258929453,33.8300675853598,11.416404501801,37.4781190672409,10.5283059521072,14.9812422535052,6.38746063446785,11.1641884108968,26.5375560589011,31.1981678010946,110.845226221176,224.437619458208,40.7996533568765,124.639102874003,5.97446420485605,9.117064760131,0.442,0.918,0.317,0.751,12.6202621108455,37.5722315452048,13.3408471061267,39.6750928749225,10.3775029789278,14.5685332923336,5.12409812480956,9.6431530530728,25.2741935492428,29.6771324432706,107.692568077655,212.242162289831,26.2563815926768,92.9904008049874,5.74247487499534,8.33004892493847,0.463,0.97,0.439,0.916,12.5481195647874,45.5822689822161,16.8604790076381,55.1242504854012,9.72751934745593,13.9994871851639,5.63965448713285,9.65577122627934,25.7897499115661,29.6897506164772,94.6246326551294,195.985641447568,31.8057027342377,93.233917974244,5.54528911510156,8.03069467368573,0.482,0.982,0.369,0.914,12.864053033259,47.9007859116876,14.4663979328129,50.0053926782756,14.6126420335811,33.7574171186825,17.2251569519766,40.4925995835788,20.3591885212951,27.1961585969988,25.3235879551436,32.2823962163438,19.1447750851014,23.2674426316023,6.83697007570364,6.95880826120021,1,1,0,0,16.4060018358832,37.7755486149739,19.1246642435477,42.3787622584509,22.8572645338159,29.9320123119971,27.5318076392308,35.1631123703315,21.3695467790907,23.2540980149033,7.07474777818117,7.63130473110067,1,1,0,0,15.7095467370786,36.5105625994124,17.7888817638269,40.2152560714392,21.4540788087942,29.1603717556854,26.028114372487,33.6566596519772,20.8010158623338,22.4263743076123,7.70629294689117,7.62854527949015,1,1,0,0,14.6651535401051,36.6829624024415,18.2534029733868,40.7986807846311,21.9427507937702,29.635644350597,25.6665329151422,33.606490210087,22.0178088623364,22.5452778112443,7.69289355682684,7.9399572949448,1,1,0,0
990,500,3,1,"L'Ecuyer-CMRG","10407_1638004868_-37015074_-629800704_-905993424_2095978879_-1095743192","10407_1157786138_861987665_-1860657677_959113248_-91214926_1074912245",1218832594,296543094,797685559,1592662276,1530779490,575830400,1886662949,77.3329999999987,6.37700000000041,7.10800000000017,2.2960000000021,2.23699999999735,476.613000000001,1,NA,"5b448b2f0770","not-a-git-build","bbd3d4119dab4c61438d29ca56ae93a0","confirmatory",596.425999999999,8.55078325513488,5.2916702720967,1.40556170062317,-2.86270698361623,21.6173355297734,17.394356135674,73.1158942762951,28.0017742685919,1.9756036942587,8.19509127404516,5.0864489591791,3.46824692990786,0.63,0.998,0.757,1,16.4485832642048,48.8791517480776,13.7268748042989,40.7269992211407,8.49510802451085,6.16002621886702,2.0540434330656,-3.99868025072043,22.2658172622158,16.2583828685698,72.1668603481086,37.9459230171291,4.21909442491991,15.9894437475016,5.09935736015614,3.84972977240284,0.643,0.996,0.729,1,16.8990245399118,50.3074186171277,14.6184546033127,42.4066817507054,9.13903810074274,7.18209305203899,-0.0114903625688498,-3.05309807250946,20.2002834665814,17.2039650467807,83.5220174068275,51.5824606081468,0.000132028431963625,9.32140784036096,5.85590184577974,4.54790031271798,0.75,1,0.749,1,22.5948585620262,66.565680093886,16.3880268522493,50.5198250297983,10.5128304342697,6.85898387577002,1.88476465323394,-3.04107756402212,22.0965384823842,17.2159855552681,110.519603739707,47.0456598080731,3.55233779808006,9.2481527503987,6.29991930243406,4.6126673996788,0.615,1,0.789,1,20.6880148428789,65.5505998918292,18.2361284444613,55.6500248788437,9.82151336908943,34.0133330820358,7.01495436083823,28.1772463431159,17.2550659789732,25.3908285030928,13.7023027296917,20.8646711481148,24.1918197129464,21.1622919822777,8.13576252411961,7.16236841842304,1,1,1,1,11.4413194391136,32.3263820927363,5.02711853076454,26.0612740678043,18.4921465283035,26.1795324649506,12.7635873840564,19.698810546038,20.8850626536227,21.0341555370397,7.68738593664707,6.93522316198158,1,1,1,0,7.96372819883667,32.1182567589499,5.58217256467517,28.771526737524,15.8025877393073,24.7606194259604,13.1958996113835,21.3332948051176,24.1545285601133,23.1893541728489,8.95803168665316,8.13739519373414,1,1,1,1,10.2319662385567,33.5872035739654,4.63787920460459,30.1183048358053,17.7902668475426,26.6123921458983,13.3646386875147,21.0616720377816,23.3552373354087,25.4804256312007,8.82212529835566,7.69703335026694,1,1,1,1
991,500,3,1,"L'Ecuyer-CMRG","10407_1264854715_148761234_1513265095_-1631725492_1123916153_2123917291","10407_1644736317_-756146172_-177196619_1577980351_1912442083_-1700086961",797685559,1592662276,1530779490,575830400,1886662949,448639047,1146477959,76.7799999999988,5.82499999999709,5.10299999999916,2.20600000000195,1.91699999999764,478.384000000002,1,NA,"5b448b2f0770","not-a-git-build","bbd3d4119dab4c61438d29ca56ae93a0","confirmatory",594.182000000001,11.8393977258008,8.71894511963866,-8.48475890643187,-5.06446796132741,11.3885415447217,15.1473739130893,140.171338509696,76.0200039992709,71.991133700275,25.6488357313118,6.78646634326799,5.02491859532796,0.391,0.959,0.452,1,14.6265483846448,43.4279379494793,12.9881080832378,38.8062070490244,12.8174218267403,7.43101017484888,-9.21674844999483,-2.20785235381503,10.6565520011587,18.0039895206017,164.286302284598,55.2199122187076,84.9484519904821,4.87461201624657,7.3899435271685,4.39449734979071,0.421,0.972,0.618,1,17.0405837404838,49.2695041259678,14.3137477977779,42.2184483090488,13.8632567783528,7.99053329917889,-10.208345169665,-2.4976868733993,9.66495528148849,17.7141550010174,192.189888502546,63.8486224052866,104.210311103024,6.23843971755117,7.92665865858485,4.79004697037314,0.388,0.982,0.556,1,17.1160303672045,56.2503204001339,14.482226967351,49.7473599569793,12.909472183219,9.13748316681749,-8.80154982829715,-3.25581405806123,11.0717506228564,16.9560278163555,166.654472049306,83.493598623873,77.4672793799975,10.6003251806691,7.49520922354802,5.6113036938666,0.414,0.981,0.647,0.999,16.8946813043836,55.6614438354886,19.3245572726408,56.5099035959399,0.691630902624551,23.0345785501234,4.31440739351665,26.2904253649711,7.57793295993827,15.1836842243771,11.1557062219475,18.9430046768852,22.3429476474988,21.9760179714545,7.60575126443879,7.78729845493779,1,1,0,0,-2.52885407915886,23.3421096952477,8.17288833083515,28.8597788083428,5.74927147409566,15.2713985069175,14.5544775493315,21.5418753069707,25.8709637744065,20.6868904775076,9.52212703282186,6.98739775763916,1,1,0,1,-2.08129741404897,21.2650771706844,5.77899809198763,29.1423985918936,5.5344186194588,13.7072789758114,13.9226137470926,21.530460051173,23.3463745847333,23.363400499906,8.17286035635265,7.6078463040804,1,1,0,1,-0.0665380631569446,22.2221117632995,4.19407878702104,28.6842876948855,6.89519456678942,15.1090787629726,12.6291599962022,21.6224896086964,22.2886498264564,24.4902089078645,8.21388419618315,8.99332961249424,1,1,0,1
992,500,3,1,"L'Ecuyer-CMRG","10407_-1641282243_396833127_-462390454_-375607806_1950805413_791840269","10407_-1757612378_-1064142261_-1099191917_1777078387_-936508865_1160730909",1530779490,575830400,1886662949,448639047,1146477959,1418210620,1260052811,77.382999999998,5.85800000000017,7.15599999999904,2.28399999999965,3.02500000000146,481.117999999999,1,NA,"5b448b2f0770","not-a-git-build","bbd3d4119dab4c61438d29ca56ae93a0","confirmatory",601.319,11.8624860136965,9.54849857104873,9.1466119448063,1.2207933142447,29.3775147545323,21.1818654098896,140.718574425146,91.1738249613196,83.6605100688732,1.49033631610456,6.88297323820509,5.43710484484315,0.39,0.976,0.46,0.973,15.3497292214197,46.391593967281,12.882273501744,40.2852766362053,13.9656746593114,10.0546663322467,11.4797372550193,2.41190513668329,31.7106400647453,22.3729772323282,195.040068689733,101.096315052816,131.784367444278,5.81728638835923,8.25614199465506,5.74614665686805,0.313,0.935,0.447,0.953,15.7929715102301,48.0258498482746,13.3092207150854,39.8401457925934,13.7826706981933,11.4467883452742,8.91400471215357,3.14235868037013,29.1449075218796,23.103430776015,189.962011574836,131.028963421504,79.4594800082961,9.87441807609748,8.03548952778457,6.30809797195008,0.475,0.984,0.474,0.983,20.0950387765116,62.1621527768357,15.7546119226321,48.6452107790172,14.2114786385441,11.2203073189162,9.60797771757196,2.53035543915642,29.838880527298,22.4914275348013,201.966125093794,125.895296330923,92.3132358213592,6.4026986484685,8.50627833505961,6.33510964694763,0.441,0.965,0.55,0.99,19.9286507949198,64.5110238064972,17.9382780748376,55.6662759101965,15.7340463709048,41.82593627644,9.34882711400242,32.393763019837,24.6552057034281,34.1571757915046,17.5636366093467,24.8899003660134,26.0918899055351,23.0449359058345,9.50197008807653,7.32626375666671,1,1,0,1,19.5415551909011,42.7146287365399,12.9730968398459,32.1922300858165,27.7184847587837,35.8099901001057,18.5737621013148,25.7491767267559,23.1730735456388,19.2191332459706,8.09150534132198,7.17541462544111,1,1,0,1,15.8216592749443,40.9028663683749,12.2083355504554,34.1647447610491,25.0624768666933,33.15434891213,19.2472601471319,26.8932356501383,25.0812070934306,21.9564092105936,8.09187204543667,7.64597550300638,1,1,0,1,16.8562132634119,43.0965462657976,10.3005995668072,34.5510972427354,25.4432517460785,34.3947471009387,17.9031722814621,26.7017997078983,26.2403330023857,24.2504976759281,8.95149535486013,8.79862742643627,1,1,0,1
993,500,3,1,"L'Ecuyer-CMRG","10407_455597968_373314358_-1870132891_-152344589_83857709_1904592866","10407_-1428410512_939199193_-809729684_-2127825770_1138959818_1979352807",1886662949,448639047,1146477959,1418210620,1260052811,1531611927,757199529,77.2749999999978,6.31499999999869,4.98400000000038,2.44800000000032,1.93400000000111,474.482,1,NA,"5b448b2f0770","not-a-git-build","bbd3d4119dab4c61438d29ca56ae93a0","confirmatory",591.619000000002,10.8885054855606,9.05835506074734,1.50172904305391,-4.52625517985332,21.291088436776,15.8229031552408,118.559551709083,82.053796406567,2.25519011875162,20.486985953149,6.19489673580282,5.19489455935828,0.469,0.958,0.514,0.993,14.28213803222,42.1755235441213,14.019021399913,41.7539577845229,11.7863386273826,9.4465458944846,-0.620874147332479,-6.78411387228388,19.1684852463896,13.5650444628102,138.917778239331,89.2372293366038,0.385484706825833,46.0242010321145,6.75416946447861,5.41733042934837,0.451,0.943,0.457,1,15.6713970393768,44.3827321831656,14.5738017781283,42.5704057389313,13.2169234687549,8.56014036584317,-1.02396537400927,-4.63526661666058,18.7653940197128,15.7138917184335,174.687065978924,73.2760030829377,1.04850508716995,21.485696607528,7.56560902574806,5.25377290661633,0.443,0.971,0.643,1,17.4183838851538,54.7172951086987,17.6229037175728,55.8446338326159,10.5699509248724,9.65725619401863,0.914105591834382,-5.48970809367135,20.7034649855565,14.8594502414227,111.72386255421,93.2625971969111,0.835589033022885,30.1368949537207,6.09178221175921,5.71305675621953,0.58,0.994,0.585,1,17.3547535101271,57.9963601145094,17.1269895035437,58.1783186584815,8.55807119004612,33.2884535573284,3.26988008272868,28.7528133613615,17.0909744290421,25.8704738144055,11.3053381552225,20.2688214232061,24.7303823672823,25.4829332786328,8.77949938536342,8.9634832679836,1,1,1,0,7.41112465740554,30.2994882872876,2.21861042756345,24.8980930323424,14.8657672924639,23.9183236677872,9.41567932642251,18.0169767851412,22.8883636298821,22.679482604779,9.05255637532335,8.60129745871868,1,1,1,0,7.57044242246858,30.1255126724596,2.11914280316965,29.2301486589952,14.7262174388675,22.7366139352862,10.8078579161466,20.6608861421727,22.5550702499911,27.1110058558256,8.01039649641874,9.85302822602615,1,1,1,1,9.6832865520959,32.0131794674835,3.52758165033664,26.4053738212393,16.574645238143,24.8031693744333,10.5460264636662,18.8733767483694,22.3298929153876,22.8777921709027,8.2285241362903,8.32735028470314,1,1,1,0
994,500,3,1,"L'Ecuyer-CMRG","10407_373437857_-1401793014_1471168173_621010099_-97275490_-1863224020","10407_382947914_782666622_-1225598433_-1717818768_1929977883_-1396408093",1146477959,1418210620,1260052811,1531611927,757199529,304810471,2085255432,80.893,7.24599999999919,6.03000000000247,3.07500000000073,2.26199999999881,474.843000000001,1,NA,"5b448b2f0770","not-a-git-build","bbd3d4119dab4c61438d29ca56ae93a0","confirmatory",597.928,7.80131931123832,8.22952162939308,-3.11543783334948,0.483353000994931,16.6242803379717,20.3776312460998,60.8605829958999,67.7250262486486,9.70595289346529,0.233630123570806,4.45901321657913,4.73193666158657,0.551,0.985,0.446,0.997,11.9639418505114,37.0401779259311,12.1289139516097,37.049107966698,9.68449796004892,8.61830152065671,-6.4435507623077,0.64315152575924,13.2961674090135,20.5374297708642,93.7895007381918,74.2751211009537,41.5193464264361,0.413643885086439,5.56650564965264,4.98631634087001,0.499,0.947,0.505,0.997,13.1859172568002,39.7450382416977,14.0733694329662,42.3720916229141,10.0601995506962,7.75042102091646,-4.5934110903805,-0.199421299722371,15.1463070809407,19.6948569453825,101.207614999828,60.0690260014637,21.0994254452306,0.0397688547829596,5.83116172268226,4.9095738462383,0.681,1,0.722,1,19.6852539342884,62.10155980332,17.8137417094019,56.7242684343141,7.54685277962913,8.35689065300351,-5.08840127976831,-0.281423884116904,14.6513168915529,19.612854360988,56.9549868773959,69.8376213862575,25.8918275839478,0.0791994025514448,4.72532828392489,4.95529623341467,0.647,1,0.563,1,14.9976748991417,51.8576420251273,15.0509281602376,49.3151018701519,6.30219752866476,27.6696797544301,9.64625620886901,31.6905382286684,12.9974035392094,19.9966187965259,16.5836066853384,23.9573066254466,21.3674822257654,22.0442820197994,6.99921525731647,7.3736999401082,1,1,1,1,1.72783552761536,24.0727185082221,8.00119383908917,31.7819188699948,9.74192086702645,17.2383877650898,16.1499755331245,25.1434193558233,22.3448829806067,23.7807250309056,7.49646689806333,8.99344382269879,1,1,0,1,3.53514771902026,26.8172851416406,7.82702030119087,31.7234778707105,10.9954378856426,19.4824763523029,15.4183517941309,23.8093372873489,23.2821374226203,23.8964575695196,8.48703846666031,8.39098549321799,1,1,0,1,2.23759865195804,26.2521987906816,7.29304328883196,31.9060546510731,10.3654902779408,18.9181109865071,15.2974992338077,23.990110392787,24.0146001387236,24.6130113622412,8.55262070856631,8.69261115897929,1,1,0,1
995,500,3,1,"L'Ecuyer-CMRG","10407_-492432542_1228845595_-1891346097_-1941142372_1344871453_997817950","10407_737596020_1564964016_-1188206927_209857774_605584708_-193863279",1260052811,1531611927,757199529,304810471,2085255432,1328407728,1051796828,81.2950000000019,6.4210000000021,5.06300000000192,2.8839999999982,1.88300000000163,484.247000000003,1,NA,"5b448b2f0770","not-a-git-build","bbd3d4119dab4c61438d29ca56ae93a0","confirmatory",603.715,8.59629323821631,10.9426641940196,5.83002438588832,-6.13106475562144,25.8375536211158,13.648300380133,73.8962574374034,119.741899663078,33.9891843400525,37.5899550376234,5.16104669798164,6.26857746095128,0.61,1,0.421,0.931,16.9922939639029,50.535254788061,13.1377778444119,40.3601402246778,7.56987864275713,11.2957168372992,5.07025304502426,-6.27435725620904,25.0777822802518,13.5050078795454,57.3030626660706,127.593218868446,25.7074659405778,39.3675589785431,4.87465634274396,6.46341973970747,0.773,1,0.4,0.925,19.3055883335971,55.956707455976,12.5972129745951,38.75653584829,14.2878911774182,11.5298232102922,3.60510428873583,-6.52165564930383,23.6126335239634,13.2577094864506,204.143834297746,132.936823260592,12.9967769326615,42.5319924080965,8.34394998092489,6.60348279167572,0.639,0.998,0.423,0.942,27.0726152199648,79.6339146035028,13.4700098904822,43.2349199906035,11.9254331956513,12.6598116314049,6.36446992913558,-7.8628946775668,26.3719991643631,11.9164704581876,142.215956903942,160.270830542655,40.5064774788711,61.8251127105084,7.5024991284591,7.2557299149343,0.716,1,0.487,0.987,27.2951346075384,80.6415145353148,18.0376590745463,55.9091847949294,14.3190028215674,37.9423324061856,2.18285690724133,24.3197404597057,21.5303207640498,29.7945778517162,9.93745022699547,17.5651167205485,23.6233295846182,22.1368835524643,8.26425708766634,7.62766649355305,1,1,0,0,13.4053263665254,37.296283087376,2.87551222612603,24.6071164706313,20.8382116740793,29.224342242313,9.94978376705855,16.8397574380839,23.8909567208505,21.7316042445053,8.3861305682337,6.88997367102535,1,1,0,0,10.6943364009445,35.580200738254,3.2438101848473,24.2912002291029,19.59779888505,27.8054767068386,9.1272663957865,17.4770096807401,24.8858643373094,21.0473900442556,8.20767782178855,8.34974328495356,1,1,1,0,12.6489603289379,37.9665802344721,0.746327646571086,23.3259578768078,22.3143108794083,30.8309719922614,7.71704099658872,16.0430540906921,25.3176199055342,22.5796302302367,8.51666111285313,8.32601309410334,1,1,0,0
996,500,3,1,"L'Ecuyer-CMRG","10407_-354550925_1193011531_-578611254_1748409291_-821461000_1031745802","10407_-1473907535_-1089647797_-1480342372_-1184630243_-1640376663_-1429415561",757199529,304810471,2085255432,1328407728,1051796828,126830,1663406381,78.5520000000033,7.20500000000175,5.88000000000102,3.47100000000137,2.25199999999677,478.222000000002,1,NA,"5b448b2f0770","not-a-git-build","bbd3d4119dab4c61438d29ca56ae93a0","confirmatory",597.764999999999,7.66487197981738,10.0515710369482,1.58517269399765,-7.42847981723398,21.1073332544187,12.387113957961,58.7502624669896,101.034080310816,2.51277246979577,55.1823123950527,4.36855643705102,5.88073183911971,0.543,1,0.47,0.937,12.5383250122835,37.9736175257363,12.912209384646,38.2001004072349,7.74865673455876,6.93536288003506,4.14268338450052,-5.05175714806163,23.6648439449216,14.7638366271333,60.0416811900228,48.0992582777682,17.1618256242167,25.5202502829918,4.51449967352403,4.085719550317,0.611,0.997,0.62,0.998,13.8621167437431,42.2540550817737,12.7167256524084,37.793014054499,13.9698033523618,7.49126968571008,5.12043098133191,-5.5610064098774,24.6425915417529,14.2545873653176,195.15540570366,56.1191215040388,26.2188134345836,30.9247922906976,7.29295154438713,4.63151804272649,0.636,0.991,0.672,1,19.6532640177872,58.409041254597,15.8258934827314,49.0032998298745,17.3876524126764,10.8112114686562,6.05483520734933,-6.14038131039865,25.5769957677704,13.6752124647963,302.33045642405,116.882293420003,36.661029388157,37.704282637093,8.71554901945594,6.27526750312197,0.594,0.969,0.496,0.96,19.102222574664,59.2605082361053,14.70399471977,46.6432183887815,9.82352586081229,32.3285602394795,-0.373079531102043,25.18911158107,16.8255653672254,25.3490957912447,7.61447379005595,17.1261236443656,22.5050343786672,25.5621911121721,8.52353042401935,9.51164985430967,1,1,1,0,13.6780769703521,35.3004510743764,4.96465529551946,25.6050185306505,19.9617550746137,26.8348267723736,11.275756917114,17.9809839784472,21.6223741040243,20.640363235131,6.87307169775987,6.70522706133313,1,1,0,0,13.2442552786238,36.0529006348787,3.2200042864229,24.5292408271876,20.2001484616826,28.874235142392,10.4104689485278,18.196484483298,22.8086453562549,21.3092365407647,8.67408668070936,7.78601553477015,1,1,0,0,13.1047081647818,37.8244989062379,1.89804555056072,25.4249201141372,21.1651908833924,29.9673920948598,9.20284949418245,17.8195640863687,24.7197907414561,23.5268745635764,8.80220121146739,8.61671459218626,1,1,0,0
997,500,3,1,"L'Ecuyer-CMRG","10407_-1225718127_579082686_1074515775_-250399835_-1020861414_-802746794","10407_-403341222_-1848305355_-1697283305_875739175_1613134650_-1899579678",2085255432,1328407728,1051796828,126830,1663406381,440807562,864769240,79.877999999997,5.02200000000084,6.37099999999919,1.88100000000122,1.88800000000265,486.006999999998,1,NA,"5b448b2f0770","not-a-git-build","bbd3d4119dab4c61438d29ca56ae93a0","confirmatory",605.257999999998,8.01768502696351,9.69079606496044,-3.93895477207503,3.94670125636612,15.9074579087339,24.1295850479334,64.2832731915948,93.9115283726528,15.5153646964527,15.5764508070019,4.55750074473101,5.5626784812388,0.533,1,0.359,0.935,13.2909501055585,40.4571586433487,11.0120377313372,33.8773963001518,10.8562337870803,9.88686626141771,-7.83063711003528,3.65426498490248,12.0157755707736,23.8371487764697,117.857812039743,97.7501244711598,61.3188775490617,13.3536525798843,6.16045864540369,5.68109580871963,0.453,0.978,0.386,0.937,15.2038801154641,44.7399635705906,11.6227148916351,35.9094974972246,9.28705561703897,10.2341977595332,-5.64818813333667,4.70359094789208,14.1982245474722,24.8864747394593,86.2494020339751,104.738803781234,31.9020291895651,22.1237678050923,5.50035984204412,5.8487838834782,0.603,1,0.461,0.982,16.7324518670644,54.5753384445285,14.2063661423463,44.5316987168327,8.87313919679363,9.91059715537628,-4.75217352412955,4.4062402293812,15.0942391566793,24.5891240209485,78.7325992056754,98.2199359761525,22.5831532034379,19.4149529590173,5.06547610741311,5.63701795143207,0.466,0.991,0.427,0.988,12.2127597370419,41.9401161949875,13.0376860509634,45.4241569308286,5.56468832129788,26.9353144949686,14.7758094575014,34.5146276432838,12.2577336193978,19.4684489981864,20.4733118885889,27.6101687646003,21.3706261736707,19.7388181857824,7.21071537878859,7.13685687601134,1,1,0,0,1.16353444268488,23.1106548908378,13.1898727020024,34.078635388666,8.7096692695496,15.4659765317969,20.3622283915156,27.3813646102386,21.9471204481529,20.8887626866636,6.75630726224732,7.01913621872304,1,1,0,0,2.54085110811629,24.8483458572038,12.2417625519742,35.949901807019,10.613581801607,17.9949405292587,20.8452847343138,28.8408644794593,22.3074947490875,23.7081392550449,7.38135872765172,7.99557974514556,1,1,0,0,5.00920975168814,25.2284277968885,12.8602166986079,37.1170651870221,11.2876140066301,18.8267008127623,20.0947311009337,29.1080793792432,20.2192180452004,24.2568484884142,7.53908680613223,9.01334827830947,1,1,0,1
998,500,3,1,"L'Ecuyer-CMRG","10407_-1952595974_-818915290_1875847172_-557152883_-1980762450_1286309987","10407_-1612157079_1569264265_-251560088_-842378926_-1298527266_-2142718747",1051796828,126830,1663406381,440807562,864769240,781196064,1921299922,76.5889999999999,7.34500000000116,5.97200000000157,3.18600000000151,2.26100000000224,480.751,1,NA,"5b448b2f0770","not-a-git-build","bbd3d4119dab4c61438d29ca56ae93a0","confirmatory",598.623,10.1712114734583,9.9210046462492,0.534824868129924,6.94245645195693,20.7284472574431,26.5798641721671,103.45354283781,98.4263331908983,0.286037639570191,48.1977015873183,5.70287027227909,5.70625648605858,0.449,0.984,0.453,0.982,13.1267142315601,40.2709779342941,13.6051545392782,41.591207965156,9.16149011575753,8.86474689572134,-0.558925983116673,5.58618852956531,19.6346964061965,25.2235962497755,83.932901141123,78.5837375252012,0.312398254602939,31.2055022878471,5.19403955113995,5.10724834829895,0.549,0.983,0.512,0.99,14.0452190578277,41.6113264526042,13.9163166613901,42.1040613164327,9.33644021093039,10.7029802276095,-0.583746341543804,6.64787804529346,19.6098760477694,26.2852857655037,87.1691158122779,114.5537857526,0.340759791265776,44.1942825050948,5.37001871823006,6.16798332195545,0.553,0.991,0.523,0.988,14.5640754229339,47.0708113985536,16.1246149686048,52.104732545464,10.3141580542395,10.2274731136877,-2.50068391574942,6.63529004444946,17.6929384735638,26.2726977646597,106.381856367834,104.601206291205,6.25342004648783,44.0270739739701,5.73982124275778,5.87896429407236,0.537,0.999,0.548,0.996,15.5086315195344,53.3165407190824,16.4771088349484,56.118893151966,10.5384114709179,30.8082918419632,14.9520828894123,39.573599002435,17.5233937638329,23.9112557946729,22.0509423767268,30.6635350202271,20.2698803710454,24.6215161130227,6.38786203084,8.61259264350036,1,1,1,0,9.1760389346031,29.4476600631366,14.1499803338729,35.9028817180822,16.0543514941018,23.4060829880758,21.2781336005984,29.0473306704505,20.2716211285335,21.7529013842093,7.35173149397396,7.76919706985205,1,1,1,0,10.1719287788485,29.4330264455337,15.1195127468572,39.3427169415051,15.4648142197638,23.6395597525948,22.5137525233536,30.2724840020837,19.2610976666852,24.2232041946478,8.17474553283094,7.75873147873006,1,1,1,0,6.98308889036683,28.7002019211443,13.8287045859172,38.7065598087929,14.3687373269173,21.3785835464617,21.8395349164889,30.4730274302179,21.7171130307774,24.8778552228757,7.00984621954439,8.633492513729,1,1,1,0
999,500,3,1,"L'Ecuyer-CMRG","10407_-309333905_-953940379_482278383_-694243868_-1498731137_1756566171","10407_-1329284398_-873353704_1187232404_1525731742_-251980415_-77203676",1663406381,440807562,864769240,781196064,1921299922,1940413413,713574300,77.9619999999995,6.40800000000309,4.99799999999959,2.99500000000262,1.91100000000006,447.727999999999,1,NA,"5b448b2f0770","not-a-git-build","bbd3d4119dab4c61438d29ca56ae93a0","confirmatory",562.045999999998,10.273733068319,10.9143561592075,-7.12411119132693,5.40815637561949,12.8401787167265,25.4787435140837,105.549591159072,119.123170370032,50.7529602663897,29.2481553831537,5.91193922784428,6.29208588003818,0.419,0.924,0.372,0.887,11.651489717263,37.3955475475489,11.5195714414078,36.7966373688665,8.93572143428979,12.5909870332443,-3.92650541000891,8.41997621588688,16.0377844980445,28.4905633543511,79.847117551226,158.532954471327,15.4174447348292,70.8959994761007,5.10040847369276,7.30405282405368,0.537,0.987,0.393,0.833,13.4833376747812,41.6400379587436,12.6725629953257,39.1882393435998,10.4243463796037,13.4409089143123,-4.36236069497263,7.30812846867389,15.6019292130808,27.3787156071381,108.666997441956,180.658032442841,19.0301908330421,53.4087417146418,6.20367302470557,7.49889009247187,0.609,0.996,0.48,0.976,18.7386303361681,59.5118013678756,17.5151760974394,57.134548897012,7.78383779487678,13.6589583033777,-3.73919855354044,9.19474428789161,16.225091354513,29.2653314263559,60.5881308169523,186.567141933411,13.9816058227989,84.5433225197154,4.9658465899206,7.60134958966153,0.727,0.999,0.473,0.98,17.6481741907028,56.7330848347179,17.0166676792734,58.0794623299697,1.47026145887312,22.9707061290972,14.5543923943333,38.4294865087719,9.18983636908692,17.0541607361936,21.2746387294183,29.3085842204792,21.5004446702241,23.8750941144386,7.86432436710663,8.03394549106092,1,1,0,0,5.44378015845332,25.7884436259292,16.2522807874217,39.8428529600529,12.5099016129056,19.5427759686643,24.9364366657545,32.0135515833845,20.3446634674759,23.5905721726312,7.03287435575865,7.07711491763001,1,1,0,0,3.37003835904481,28.001635464256,16.4960048103618,38.8980311690131,11.3711848320405,19.6482249053516,23.2850181333413,31.5764292925086,24.6315971052112,22.4020263586512,8.27704007331108,8.2914111591673,1,1,0,0,4.05539317410277,27.9319088612758,16.3432802694363,40.8120315691682,12.0667263214549,20.3077501362329,24.8583105922491,33.5344952332838,23.876515687173,24.4687512997319,8.24102381477794,8.67618464103477,1,1,1,0
