"seed","n","dgp","seed_cell_master","rng_kind","seed_data_hash","seed_fit_hash","model_seed_propensity","model_seed_mvbcf","model_seed_bcf1","model_seed_bcf2","model_seed_bart1","model_seed_bart2","model_seed_mvbart","fit_seconds_mvbcf","fit_seconds_bcf1","fit_seconds_bcf2","fit_seconds_bart1","fit_seconds_bart2","fit_seconds_mvbart","converged_flag","error_message","hostname","git_sha","session_hash","seq_phase","replication_seconds","mvbcf_pehe1","mvbcf_pehe2","mvbcf_bias1","mvbcf_bias2","mvbcf_ate1","mvbcf_ate2","mvbcf_crmse1","mvbcf_crmse2","mvbcf_atesq1","mvbcf_atesq2","mvbcf_crps1","mvbcf_crps2","mvbcf_cov501","mvbcf_cov951","mvbcf_cov502","mvbcf_cov952","mvbcf_wid501","mvbcf_wid951","mvbcf_wid502","mvbcf_wid952","bcf_pehe1","bcf_pehe2","bcf_bias1","bcf_bias2","bcf_ate1","bcf_ate2","bcf_crmse1","bcf_crmse2","bcf_atesq1","bcf_atesq2","bcf_crps1","bcf_crps2","bcf_cov501","bcf_cov951","bcf_cov502","bcf_cov952","bcf_wid501","bcf_wid951","bcf_wid502","bcf_wid952","bart_pehe1","bart_pehe2","bart_bias1","bart_bias2","bart_ate1","bart_ate2","bart_crmse1","bart_crmse2","bart_atesq1","bart_atesq2","bart_crps1","bart_crps2","bart_cov501","bart_cov951","bart_cov502","bart_cov952","bart_wid501","bart_wid951","bart_wid502","bart_wid952","mvbart_pehe1","mvbart_pehe2","mvbart_bias1","mvbart_bias2","mvbart_ate1","mvbart_ate2","mvbart_crmse1","mvbart_crmse2","mvbart_atesq1","mvbart_atesq2","mvbart_crps1","mvbart_crps2","mvbart_cov501","mvbart_cov951","mvbart_cov502","mvbart_cov952","mvbart_wid501","mvbart_wid951","mvbart_wid502","mvbart_wid952","mvbcf_ate_l951","mvbcf_ate_u951","mvbcf_ate_l952","mvbcf_ate_u952","mvbcf_ate_l501","mvbcf_ate_u501","mvbcf_ate_l502","mvbcf_ate_u502","mvbcf_ate_wid951","mvbcf_ate_wid952","mvbcf_ate_wid501","mvbcf_ate_wid502","mvbcf_ate_cov951","mvbcf_ate_cov952","mvbcf_ate_cov501","mvbcf_ate_cov502","bcf_ate_l951","bcf_ate_u951","bcf_ate_l952","bcf_ate_u952","bcf_ate_l501","bcf_ate_u501","bcf_ate_l502","bcf_ate_u502","bcf_ate_wid951","bcf_ate_wid952","bcf_ate_wid501","bcf_ate_wid502","bcf_ate_cov951","bcf_ate_cov952","bcf_ate_cov501","bcf_ate_cov502","bart_ate_l951","bart_ate_u951","bart_ate_l952","bart_ate_u952","bart_ate_l501","bart_ate_u501","bart_ate_l502","bart_ate_u502","bart_ate_wid951","bart_ate_wid952","bart_ate_wid501","bart_ate_wid502","bart_ate_cov951","bart_ate_cov952","bart_ate_cov501","bart_ate_cov502","mvbart_ate_l951","mvbart_ate_u951","mvbart_ate_l952","mvbart_ate_u952","mvbart_ate_l501","mvbart_ate_u501","mvbart_ate_l502","mvbart_ate_u502","mvbart_ate_wid951","mvbart_ate_wid952","mvbart_ate_wid501","mvbart_ate_wid502","mvbart_ate_cov951","mvbart_ate_cov952","mvbart_ate_cov501","mvbart_ate_cov502"
401,500,1,1,"L'Ecuyer-CMRG","10407_-279433737_-91735510_-2047632209_-219928090_-112102314_1452390422","10407_1014065577_826648117_1039518932_-1569800446_630190869_814112914",1046827778,1158493692,2015772371,1076657670,262823759,1004232551,521226529,83.812,5.499,7.06999999999999,2.041,3.12299999999999,495.903,1,NA,"abb1cb188ba5","not-a-git-build","bbd3d4119dab4c61438d29ca56ae93a0","confirmatory",622.889,9.43759093186564,14.6651614137887,5.39708523232857,-12.1660047847402,25.9124907220621,8.23346462779701,89.0681225972326,215.066959292477,29.1285290050191,148.011672422321,5.46814464188826,8.97742234403888,0.499,0.983,0.262,0.788,13.8759174746169,42.1630368379897,12.7969405518947,38.2600637346631,8.99213689668943,13.8612319259423,5.68143842058148,-10.9225856239913,26.196843910315,9.47688378854595,80.8585259688034,192.133750504762,32.2787425268594,119.302876713421,5.25007944949088,8.35735081631191,0.584,0.997,0.308,0.815,15.6737710046767,46.3861424370376,12.2211615106579,38.0861735879377,11.0562375443168,16.3790758834741,6.65612024680042,-13.8027211735723,27.1715257365339,6.59674823896487,122.240388636359,268.274126796602,44.3039367398665,190.515111795382,6.38870617466506,9.76293914812945,0.621,1,0.254,0.872,20.0862889204799,60.485467491287,14.2486563483763,50.8160352251319,7.70268551789323,14.3463219911179,5.02979579042648,-11.6633210439759,25.54520128016,8.73614836856131,59.3313641875622,205.816954672834,25.2988456933919,136.033057774851,4.98526411693335,8.4142171565754,0.708,1,0.28,0.918,17.582759048806,58.5256540623793,13.2069448642688,46.5562539569372,14.532237597063,37.3997120351207,-3.77190635180627,21.7294556417686,22.3494952717661,29.7336817490983,3.72880213793079,13.1700130274497,22.8674744380577,25.5013619935749,7.38418647733215,9.44121088951893,1,1,0,0,14.0552528469653,37.597349765641,-1.78166502824994,21.088487415746,21.9700501887892,30.5018534412419,5.56656575779058,13.4142526855039,23.5420969186756,22.8701524439959,8.53180325245276,7.84768692771329,1,1,0,0,16.1107627906117,39.4170340119001,-5.88159159930392,18.508904122505,22.6421808047387,31.2092085820097,2.34954252039922,10.7677382693285,23.3062712212884,24.3904957218089,8.56702777727098,8.41819574892925,1,0,0,0,14.1197223757684,38.872494972139,-2.94197228132804,20.2193494381254,20.8943521094805,29.869664538361,4.79162407946016,12.4950548882038,24.7527725963706,23.1613217194535,8.97531242888056,7.70343080874368,1,0,0,0
400,500,1,1,"L'Ecuyer-CMRG","10407_1209010469_112770973_-260206374_-1534084850_1341726467_770337829","10407_-174014066_957441428_-2009988366_-1884975610_13684604_1540715216",422808661,193033248,1046827778,1158493692,2015772371,1076657670,262823759,84.724,5.548,6.447,2.02599999999998,3.30099999999999,516.589,1,NA,"abb1cb188ba5","not-a-git-build","bbd3d4119dab4c61438d29ca56ae93a0","confirmatory",643.855,7.16243513967317,10.285647299571,0.230162472581501,4.50094721682447,20.3041782272931,24.5616681765563,51.300477130025,105.794540371173,0.0529747637848302,20.25852584864,4.12621275818806,5.99941071906528,0.555,1,0.398,0.906,11.7226032076501,36.7161202032821,12.2415021919741,36.2509423344274,7.44158454810235,11.3261211996657,0.630337231579055,4.08967286142986,20.7043529862907,24.1503938211617,55.3771805865557,128.281021429517,0.397325025514748,16.7254241135159,4.37272417296935,6.49253170984826,0.623,0.996,0.429,0.939,13.7020458792218,41.7702682077655,13.900799573735,42.0037361704565,7.28199366127675,10.3502957344956,-0.107253028369687,3.38034245370016,19.966762726342,23.441063413432,53.0274316828748,107.128621791518,0.0115032120944689,11.4267151042876,4.59641501130219,6.01868119313192,0.731,1,0.501,0.99,16.8549409425093,52.5311675200921,15.5794959971372,52.0083855459569,8.05096902726113,10.9540063168065,-0.71791320501713,5.1135460708659,19.3561025496945,25.1742670305977,64.8181022779181,119.990254388637,0.515399369937967,26.1483534188681,4.68743446655155,6.3484822843075,0.552,0.999,0.392,0.945,12.7324402648268,46.6574399010015,12.4470506217191,43.7314854841196,9.3828339522697,30.6434083269547,13.088810306205,36.4570498670502,16.7794215594101,23.9841126021692,20.6452735251768,28.2369772684723,21.260574374685,23.3682395608452,7.20469104275908,7.59170374329542,1,1,1,0,9.62694184205123,32.0708426763465,12.8338447895532,35.7405230446734,17.2165972407647,24.5104332741356,20.2479127939256,27.9900672080806,22.4439008342953,22.9066782551202,7.29383603337088,7.74215441415502,1,1,1,0,9.38835140972016,31.2466942134339,12.8098509818138,34.7371276218216,16.0504027777402,23.6940271998369,19.5416063387614,27.0753490131035,21.8583428037137,21.9272766400078,7.64362442209664,7.5337426743421,1,1,1,1,8.47599292272208,31.6890751274902,13.8270912555874,35.7991836424342,15.6984538513684,22.9258845041688,21.2623794173694,29.4634330196909,23.2130822047681,21.9720923868468,7.22743065280037,8.20105360232155,1,1,1,0
403,500,1,1,"L'Ecuyer-CMRG","10407_293181195_-1873674827_-653856516_1134652860_870022468_1670926393","10407_-985682030_1135657240_-1921270367_-874724367_2026133231_658707302",262823759,1004232551,521226529,1868419747,1976514595,950360933,1334194331,86.0649999999999,7.9190000000001,6.61500000000001,1.96899999999994,1.92500000000007,508.156,1,NA,"abb1cb188ba5","not-a-git-build","bbd3d4119dab4c61438d29ca56ae93a0","confirmatory",634.787,7.62684696391983,8.04722707054978,0.370681731278328,3.72415578310298,20.1879807145855,23.7084732803457,58.1687946110531,64.7578635249892,0.137404945903499,13.8693362968194,4.39607095930794,4.61710307452767,0.498,0.998,0.529,0.995,11.6103580331833,37.840909399552,12.1894195952209,38.8951414559442,8.41588433962501,7.38770608126525,2.43368693490534,3.44802508289703,22.2509859182125,23.4323425801397,70.8271092179455,54.5782011431635,5.92283209712896,11.8888769722871,4.82587679613073,4.43376620527923,0.536,0.984,0.707,0.998,12.7514732148274,39.0877547286998,15.1090822351515,44.3435399685398,7.7676799656778,8.02340583262315,1.36949104151834,3.11343580721065,21.1867900248255,23.0977533044534,60.3368520491923,64.3750411549713,1.87550571279898,9.69348252562145,4.6581398220199,5.04167314697727,0.617,1,0.743,1,14.3471208648707,47.6116705714341,18.4510214090736,57.7326722519363,8.04664401777366,9.67925710947704,0.344932898477939,5.57425799993846,20.1622318817851,25.5585754971812,64.7484799487727,93.6880181913617,0.118978704452392,31.072352249878,4.74412749145568,5.6433425581548,0.583,0.999,0.509,0.989,13.7079840899257,46.8365258551745,14.5546573821536,49.7311370099368,9.28116688944366,33.116935818481,12.1135284823335,35.6826231710321,16.3025942083029,24.1295777417799,19.7736449029634,27.5586713269679,23.8357689290374,23.5690946886986,7.82698353347703,7.78502642400451,1,1,1,1,11.6994464169914,33.8589661235935,12.5614041750306,34.696692991839,18.5158133901886,26.0573049988015,19.8522465093296,26.8928167468248,22.1595197066021,22.1352888168084,7.54149160861289,7.04057023749521,1,1,1,1,10.7774560017664,33.6429849494355,10.4261756422593,36.3273441874016,17.1314226100492,25.1672949956147,18.8819258926053,27.6035063463705,22.8655289476691,25.9011685451423,8.03587238556544,8.72158045376518,1,1,1,1,7.0472077872732,32.3142825002407,13.3903338966192,37.4727656096552,15.9627955830875,24.6002266262109,21.0022848365454,29.9067299890182,25.2670747129675,24.082431713036,8.63743104312342,8.90444515247285,1,1,1,0
402,500,1,1,"L'Ecuyer-CMRG","10407_-374822534_-1250713686_-1483101277_447173119_-1715758244_1669172358","10407_122543838_947897031_328835736_1369611814_-2126274849_-1585242015",2015772371,1076657670,262823759,1004232551,521226529,1868419747,1976514595,85.217,5.29999999999995,6.98599999999999,1.91800000000001,2.13599999999997,504.88,1,NA,"abb1cb188ba5","not-a-git-build","bbd3d4119dab4c61438d29ca56ae93a0","confirmatory",630.777,7.76434274721028,7.34249377892033,2.47002737807415,3.84680344488564,22.3784747558996,23.8405077372967,60.2850182961569,53.9122148934837,6.10103524843586,14.797896743584,4.46162232827865,4.32429081071962,0.493,0.998,0.609,1,11.6611564261265,38.6245948101239,14.142406563562,40.3983700286482,7.98446942978466,6.15337959207657,2.53039442452403,3.01505481677554,22.4388418023494,23.0087591091866,63.7517520751658,37.8640804041844,6.40289594366231,9.09055554816136,4.60436715174227,3.96722449309361,0.563,1,0.793,1,13.4612892245932,41.5041613848791,15.6775774546328,46.6590067130498,8.57687196705368,6.24682397645378,1.74930556828582,2.85683909734694,21.6577529461112,22.850543389758,73.5627327392312,39.0228097927978,3.06006997123578,8.16152962813007,4.96250616403963,4.3436628525457,0.536,1,0.852,1,13.37531098677,46.1220516212209,18.2689898739383,55.6589915417246,7.38228380141793,6.85955107250682,1.33504428581996,2.21576020087064,21.2434916636454,22.2094644932817,54.4981141246775,47.0534409163295,1.78234324510053,4.9095932677623,4.45550091944816,4.39500164183753,0.617,1,0.72,1,13.9376779092049,47.7263275219822,15.8945622615438,52.8304882009147,10.3981632208274,32.2282306454662,12.0862646005426,35.390546438321,18.595618263104,26.4756246055949,19.7728609586464,27.5342668325224,21.8300674246388,23.3042818377784,7.88000634249085,7.761405873876,1,1,1,1,11.6535971750152,33.0515743694307,11.6400071279538,34.8119455299144,18.7617598815068,26.1749638137065,18.4898316864603,27.1030317734143,21.3979771944155,23.1719384019606,7.41320393219969,8.61320008695393,1,1,1,1,11.0533455634439,32.7451945908527,12.1570644934669,33.6760499493682,17.886111906797,25.4156793277113,19.0593343538078,26.5990235079978,21.6918490274088,21.5189854559013,7.52956742091429,7.53968915419,1,1,1,1,9.88890158551098,33.1002848659053,9.4426349565819,33.8221384901403,17.3413938911917,25.051574431465,18.0261061210682,26.2261200467957,23.2113832803944,24.3795035335584,7.71018054027333,8.2000139257275,1,1,1,1
405,500,1,1,"L'Ecuyer-CMRG","10407_-70694971_-843318121_-995634264_785499361_-318312930_1512238894","10407_1374862279_-2090239121_152785487_817363542_513229382_1408696103",1976514595,950360933,1334194331,1855652962,530669318,649073358,811817998,87.5409999999999,7.08600000000001,6.00600000000009,1.94800000000009,1.94899999999984,504.083,1,NA,"abb1cb188ba5","not-a-git-build","bbd3d4119dab4c61438d29ca56ae93a0","confirmatory",633.982,10.8684259849139,6.55351583607416,-6.94943800876771,-3.85092142274764,13.0009326072364,16.2198283700131,118.122683389551,42.9485698136748,48.2946886377053,14.8295958041767,6.08727702320433,4.10298820845889,0.463,0.945,0.764,1,13.9637176697576,41.9890650450477,15.5407231763669,45.100772515727,10.4574392511765,7.82405489356231,-6.2560674166765,-1.39213885074538,13.6943031993276,18.6786109420153,109.358035692047,61.2158349774763,39.1383795220014,1.93805057975466,5.86322247788077,4.76449060354696,0.468,0.983,0.725,1,14.4992579193435,42.9304464878932,17.3189290512386,50.3103546648961,14.4912301508198,10.4143537272203,-7.61513227762353,-2.26424122841452,12.3352383383806,17.8065085643462,209.995751284028,108.458763555668,57.9902396057038,5.12678834045208,7.95883977113315,6.15323339804595,0.513,0.953,0.655,1,19.5224626469796,56.8480169653001,20.516218222789,62.0564653547894,16.2766867580282,11.1388774293861,-6.85283683929784,-2.52203996134367,13.0975337767063,17.548709831417,264.93053181897,124.074590386887,46.9613727460376,6.36068556661436,9.02128308719057,6.42268049384846,0.445,0.933,0.584,0.993,19.6646802549829,56.5063419152242,18.539278959533,59.1213125599873,2.29500990648277,24.187882549428,3.72045941112205,27.2130422211351,8.95587409658731,16.6237858118727,12.250446447555,19.892738110593,21.8928726429452,23.4925828100131,7.6679117152854,7.64229166303808,1,1,0,0,3.06648646876737,24.6674927449633,7.50104521035563,30.336294752629,9.79356597302308,17.4130044016426,14.2505706725945,23.0485142938106,21.6010062761959,22.8352495422734,7.61943842861951,8.79794362121613,1,1,0,1,1.36670815144751,24.1648145253538,4.7290105154119,29.758626023069,8.42398754431631,16.2325841768869,13.5232150927887,22.25346039915,22.7981063739063,25.0296155076571,7.80859663257064,8.73024530636131,1,1,0,1,2.74190571463304,25.2575416479781,4.10853798299576,28.6604052695157,9.38547961660385,16.7511963942484,13.6212459239851,21.663015440848,22.515635933345,24.55186728652,7.36571677764456,8.04176951686285,1,1,0,1
404,500,1,1,"L'Ecuyer-CMRG","10407_328395940_1864042965_709773383_77244992_-1892000852_720345634","10407_1371133090_-449190050_-1921602411_589443949_1116683995_35650087",521226529,1868419747,1976514595,950360933,1334194331,1855652962,530669318,86.2149999999999,6.81299999999987,5.34500000000003,2.01800000000003,1.90900000000011,494.656,1,NA,"abb1cb188ba5","not-a-git-build","bbd3d4119dab4c61438d29ca56ae93a0","confirmatory",621.581,8.23690802826152,8.91378658083168,2.25717340279351,-2.85751508274146,22.3963465050857,17.2825155411346,67.846653866039,79.455591208615,5.09483177027844,8.16539244809496,4.70114191966301,5.1220382556916,0.493,0.975,0.433,0.972,11.963648893113,35.4043525954474,12.0185292278692,35.7527764392176,8.05270487149644,8.35387651100442,0.0729600277811073,-0.811781122552024,20.2121331300733,19.3282495013241,64.8460557474226,69.7872527611114,0.00532316565381995,0.658988590931823,4.64026025809346,4.80336722699091,0.531,0.997,0.534,0.996,12.6854276578931,39.4656960975063,13.6339996437608,40.9538307951253,8.89759378419425,11.4959867130428,2.83692158613149,-2.7542487652375,22.9760946884237,17.3857818586386,79.1671751485322,132.157710506456,8.04812408585882,7.58588626081231,5.18814109189151,6.56606263334517,0.568,0.993,0.549,0.992,14.6624811862779,49.097944235921,18.5016293344215,59.1682731517952,8.23061323637994,10.4592536079123,1.1758986583364,-3.0021665647999,21.3150717606286,17.1378640590762,67.7429942468727,109.395986034627,1.38273765467736,9.01300408280245,4.82370807963963,5.99559937427164,0.568,1,0.456,0.984,13.93289258217,46.2771678803413,14.4097430621115,48.0239110336051,11.4885095823801,34.6505878246837,6.2792984193992,29.384578210805,18.0546028728893,26.1667792199706,13.5346776131797,21.1878877801232,23.1620782423036,23.1052797914058,8.11217634708128,7.65321016694349,1,1,1,1,8.29209040831091,31.4538405493723,7.54252297471499,31.6334182326123,16.3990803746512,24.2442265584895,14.9812433876936,23.3920576083628,23.1617501410614,24.0908952578973,7.84514618383828,8.41081422066916,1,1,1,1,11.2703399221536,35.7431819996493,5.01820850089117,29.6740521431457,18.4978871462206,27.371031372781,13.2223762744025,21.4141976747511,24.4728420774957,24.6558436422545,8.87314422656034,8.19182140034854,1,1,1,1,8.66865165334238,34.0659548213211,5.50578612813534,28.9962956501101,17.2671462377901,25.5832981205569,13.1886999334606,20.8978073169616,25.3973031679787,23.4905095219747,8.31615188276675,7.70910738350099,1,1,1,1
407,500,1,1,"L'Ecuyer-CMRG","10407_-1741358282_562738392_306453477_1361274494_1093384713_-1972177491","10407_667235349_-1020693190_45831960_-1260274709_-382642861_1261705436",530669318,649073358,811817998,1606050829,1495090128,1499095592,2112882146,88.1399999999999,6.59300000000007,6.10500000000002,1.9190000000001,1.89300000000003,495.592,1,NA,"abb1cb188ba5","not-a-git-build","bbd3d4119dab4c61438d29ca56ae93a0","confirmatory",623.569,15.2023844152725,12.8909423974991,-13.3239226250158,-9.27543418257821,7.05186287888,10.9738403825707,231.112491909719,166.17639589564,177.526914117408,86.0336792753403,9.59029788658628,7.57183945288824,0.191,0.744,0.374,0.86,12.4868875609516,37.7386370933826,12.9731693005829,38.5992772033756,12.4372523003652,12.1325706498535,-10.8619617491424,-7.64162252706817,9.51382375475337,12.6076520380807,154.68524478294,147.199270573685,117.982213039834,58.3943948461958,7.33335966911049,6.98783101331781,0.262,0.978,0.424,0.928,14.0180963815796,42.59702289168,14.5956272787654,45.6143347241112,16.572498299277,13.8965190764513,-14.6880200835397,-9.53859330726695,5.68776542035616,10.7106812578819,274.647699879539,193.113242442174,215.737933974464,90.9847622814379,9.82304737706077,8.09649074747129,0.249,0.957,0.46,0.948,17.3317149268567,56.025913275956,18.5200184932234,58.0574720887136,15.0372623923359,12.7738774606035,-12.4913230960376,-8.4196069661329,7.88446240785824,11.829667599016,226.119260255959,163.171945378515,156.033152689602,70.8897814641537,8.91814360116764,7.28013877634318,0.292,0.96,0.456,0.961,16.3573102890299,54.800655773746,15.8330711607259,52.3037807980018,-3.27735798497178,18.0538745953028,-1.05882209489641,23.6382069658312,3.84419771542674,10.8102472928247,6.94649970766835,14.8661112245605,21.3312325802746,24.6970290607276,6.96604957739793,7.91961151689218,0,1,0,0,-1.23299610632821,19.5971339885633,1.4440314988575,25.0685732868843,5.66309088572881,13.2536014988566,8.1687590975989,16.8369082382522,20.8301300948915,23.6245417880268,7.59051061312776,8.66814914065331,0,1,0,0,-6.30599351314415,17.0717066573521,-0.919886074341224,22.9723790953678,1.72940764708367,9.77112559888452,6.31241373070836,15.1030129138763,23.3777001704962,23.892265169709,8.04171795180085,8.79059918316793,0,1,0,0,-4.54137266244635,19.9142368603004,1.08685552393245,23.2957220269956,3.71974616828755,12.0629807405327,8.0523071747766,15.3018206906645,24.4556095227467,22.2088665030632,8.34323457224519,7.24951351588791,0,1,0,0
406,500,1,1,"L'Ecuyer-CMRG","10407_38990068_-1434696995_-224883648_540857526_1980957804_1232011611","10407_-603793528_-1777083552_-998726654_339417950_-251844379_177464196",1334194331,1855652962,530669318,649073358,811817998,1606050829,1495090128,90.3990000000001,5.31400000000008,6.81700000000001,2.02099999999996,1.99900000000002,491.599,1,NA,"abb1cb188ba5","not-a-git-build","bbd3d4119dab4c61438d29ca56ae93a0","confirmatory",620.394,6.6643389227271,10.1020373199458,-2.33849964269174,6.8654290314966,18.0202545090188,27.0680794110378,44.4134132769754,102.051158013578,5.46858057886938,47.1341157865163,3.95667611131647,5.7818941509059,0.636,1,0.497,0.945,13.3123432357767,39.1409754576748,12.9437959903575,39.0754968803938,7.92414675947457,11.7168262361914,-3.01212413206522,8.01492508220213,17.3466300196453,28.2175754617433,62.7921018656914,137.284017049103,9.07289178696964,64.2390240733129,4.59182236365692,6.7174402339599,0.57,1,0.47,0.944,13.5336396128592,42.2529715275382,15.4266164101556,46.7339373702309,9.80198949116856,12.2433212757507,-0.909935547965365,8.38962519284403,19.4488186037451,28.5922755723852,96.0789979849788,149.898915861249,0.827982701451028,70.3858108764032,5.84499312705685,7.07355277852792,0.668,0.999,0.554,0.979,20.1416178929139,59.6471420320346,18.3790634743175,61.1164604199688,7.79342656861971,13.5408151387578,-1.6178060289823,9.38857841344126,18.7409481227282,29.5912287929824,60.7374976804676,183.353674622011,2.61729634741148,88.1454046253352,4.89314423105564,7.79675768086423,0.719,1,0.47,0.959,17.4460962687431,57.4984025789459,18.2233894384627,60.3932432228514,5.23546867277595,28.7282797144353,15.2228681334859,38.268655306559,13.8963127332218,22.2832862150629,22.8185119982618,31.4928713034797,23.4928110416594,23.0457871730731,8.38697348184107,8.67435930521794,1,1,1,0,5.9671468656306,31.2834501640827,16.0280294507449,41.5916950169312,13.4305109499669,21.1460275598678,23.5407453927981,32.8539883072269,25.3163032984521,25.5636655661863,7.71551660990098,9.31324291442878,1,1,1,0,7.58168589128595,31.4852149062252,14.7513499851152,42.2922695149295,15.052808509446,24.0715636120308,24.4068959273045,32.8913107080598,23.9035290149393,27.5409195298144,9.0187551025848,8.48441478075527,1,1,1,0,5.61064354136956,30.2499548710943,15.9162534872331,43.776669247712,14.7228165035398,22.9792267974402,25.0724696501346,33.8069204663653,24.6393113297248,27.8604157604789,8.25641029390033,8.73445081623065,1,1,1,0
409,500,1,1,"L'Ecuyer-CMRG","10407_1825825304_-162952747_1179960800_-2063072001_-1482588152_1235778633","10407_-326594769_-930501374_-2013378914_-1464343640_713688305_-604939844",1495090128,1499095592,2112882146,848485326,1726967332,1291124141,1980508576,91.8290000000002,5.95899999999983,5.97299999999996,1.94299999999976,1.91300000000001,493.355,1,NA,"abb1cb188ba5","not-a-git-build","bbd3d4119dab4c61438d29ca56ae93a0","confirmatory",625.101,7.37479957346723,9.86214141695751,2.22489365231951,-3.88192560796289,22.227629646831,15.9512560562851,54.3876687488124,97.2618333280687,4.95015176413164,15.0693464257581,4.27174908782415,5.66636330992563,0.546,1,0.391,0.928,12.5401686405192,38.0223668400173,11.5173593286952,36.1028170269328,6.58819882269954,10.6860284737691,0.827046668463858,-4.6989800114039,20.8297826629754,15.1342016528441,43.4043637274196,114.191204542204,0.684006191817166,22.0804131475734,4.03180664088912,6.10459779774801,0.673,1,0.45,0.94,14.3294328751341,42.538797342204,13.515965111287,40.3087542889118,6.92082785501278,10.7283812265552,0.388666537490412,-4.27419651773507,20.391402532002,15.5589851465129,47.8978581987208,115.098163742302,0.151061677364786,18.2687558722186,4.4559320411147,6.11438781651727,0.727,1,0.509,0.982,16.4974394858327,52.1103520810605,15.244640646015,48.0561309018506,7.7902866443844,10.4492991467177,3.13056853323875,-3.3537536261959,23.1333045277503,16.479428038052,60.688566001674,109.187852657595,9.8004593413046,11.2476633852222,4.55132669044638,6.02293100527053,0.531,1,0.379,0.936,12.5587507148362,45.1610773511786,11.8961844623791,42.3754620687518,11.1301875315187,32.3691970993608,4.51454655261845,26.1814998926537,18.3921180722773,26.0172408954041,12.3080636665264,19.7144574044977,21.2390095678421,21.6669533400352,7.62512282312681,7.40639373797126,1,1,1,0,10.0262205690562,30.8409663984519,4.19873971672667,25.9456807252851,17.4532987905225,24.4202427916229,11.272692586308,19.1793511876881,20.8147458293956,21.7469410085584,6.96694400110034,7.90665860138009,1,1,1,0,8.38949553396797,32.566423384231,2.46486500473826,28.1972825867551,15.9315210545171,24.7211326301418,11.0935708159004,20.2913670386337,24.1769278502631,25.7324175820168,8.78961157562468,9.19779622273331,1,1,1,1,10.8126717137989,34.5439031636366,5.02879174312644,27.3800272214563,19.2831100449612,27.3670032976225,12.7198941004157,20.1958053764787,23.7312314498377,22.3512354783299,8.08389325266124,7.47591127606305,1,1,1,1
408,500,1,1,"L'Ecuyer-CMRG","10407_2137799609_-1403876999_366416069_1508360133_729462882_681187795","10407_1617583035_1165390393_114414656_-191781799_-1951920433_2146438446",811817998,1606050829,1495090128,1499095592,2112882146,848485326,1726967332,90.152,6.39199999999983,5.35599999999977,2.53099999999995,1.97400000000016,498.133,1,NA,"abb1cb188ba5","not-a-git-build","bbd3d4119dab4c61438d29ca56ae93a0","confirmatory",627.467,9.02302554682358,7.48976333451918,-0.468896082001606,-0.608862889216923,19.3619900274102,19.3621710183705,81.414990018631,56.0965548071078,0.219863535716457,0.370714017865579,5.1638561090024,4.28304368531542,0.44,0.952,0.477,1,11.3348789007938,35.0074439410289,10.9910746517052,34.6122840898165,8.75084153106877,7.74096221696347,-0.843720466529767,-0.967389057294664,18.987165642882,19.0036448502928,76.577227501878,59.922496044456,0.711864225641208,0.935841588173459,4.99517233750872,4.47631243939961,0.526,0.987,0.54,1,13.1858676373901,38.9641794537283,12.8775762576079,38.0911937631814,10.2868471832313,8.25499279267448,-2.01431460113413,-0.833961592052386,17.8165715082777,19.137072315535,105.819224971154,68.1449060071076,4.05746331234214,0.695491937018551,5.80733169495065,4.81865547660003,0.497,0.985,0.469,1,14.5150144661558,47.6949147241339,12.7839954331046,43.4426634391873,9.11635310464906,8.71096671667848,2.17910191449564,-1.04964348058354,22.0099880239074,18.9213904270039,83.1078939286446,75.8809411390802,4.74848515375858,1.10175143633153,5.14995976153609,5.05924942721796,0.409,0.983,0.391,0.998,10.7660681415925,41.817488812891,11.1442771950754,41.9090332756389,8.49780994526815,30.1103748462784,10.0587760761507,31.0698039582996,15.4604728786262,23.232078494327,15.8197913714033,22.6111709388888,21.6125649010103,21.0110278821489,7.77160561570081,6.79137956748552,1,1,1,1,8.11543859095803,29.7695735534336,8.02099958838112,30.964521724289,14.9876529527758,22.9185810604502,14.9919474670708,22.8886431950305,21.6541349624755,22.9435221359079,7.93092810767447,7.89669572795977,1,1,1,1,5.31298599081685,28.3612022602772,8.97548530422847,31.2996811311787,14.0387235854022,21.930595683229,15.0034636517423,23.041825187855,23.0482162694603,22.3241958269503,7.89187209782686,8.03836153611265,1,1,1,1,11.3824897279695,32.9398790560929,9.10100183220366,29.5132462016089,18.4240381197728,25.9778442014348,15.2874336669505,22.6702968065102,21.5573893281234,20.4122443694053,7.55380608166205,7.38286313955968,1,1,1,1
411,500,1,1,"L'Ecuyer-CMRG","10407_1291062689_275151259_-2067027892_-1002138582_-1542607123_559630683","10407_-1507507973_-1155412020_1818419650_242526707_-1356354536_-833434369",1726967332,1291124141,1980508576,293560182,268035457,2081860646,1800722097,91.5360000000001,7.04199999999992,5.3130000000001,2.04399999999987,1.87199999999984,493.156,1,NA,"abb1cb188ba5","not-a-git-build","bbd3d4119dab4c61438d29ca56ae93a0","confirmatory",624.062,7.70176327916967,7.84375824871697,-2.38015457654084,2.13934207359706,17.8656299004088,22.3229901585949,59.3171576083663,61.5245434643155,5.6651358082283,4.57678450786255,4.40253015855838,4.50076117494267,0.515,0.987,0.43,1,11.5715551960046,35.0226882500614,12.1317133092622,37.6499833150531,7.78690282013384,8.19048162647684,-1.62518833563175,2.40573193286811,18.6205961413179,22.589380017866,60.6358555302083,67.0839892736547,2.64123712627349,5.78754613282135,4.60248172762428,4.68419988231042,0.641,0.994,0.475,1,14.5126822549794,44.480633121431,12.260756365114,38.401320054899,9.51084896067584,8.67865557338048,-4.61111934952753,-0.734765289455179,15.6346651274221,19.4488827955427,90.4562479527886,75.319062561368,21.2624216555872,0.539880030588153,5.50377455480276,5.05957839162746,0.597,0.988,0.544,1,15.8827748623421,50.7865925902003,14.3576757779774,48.0187441620034,8.49846481610767,9.44667567482186,-2.92968044849199,4.13352078772131,17.3161040284577,24.3171688727192,72.2239042306201,89.239681305271,8.5830275302762,17.0859941025242,4.94925262602195,5.44359943353425,0.581,0.994,0.425,1,13.5374884242065,48.7317236149884,12.4950895344714,46.7803681022004,7.62449869439923,28.660298322641,8.4864907468798,34.4207407914355,14.336711517397,21.122323968802,18.9191349127274,26.0307584451059,21.0357996282418,25.9342500445557,6.78561245140505,7.11162353237854,1,1,1,1,5.32946856164138,32.4900773261408,11.6754307162363,33.9956300504757,13.9457553561905,22.9548942221987,18.9321340579092,25.8762971904194,27.1606087644994,22.3201993342395,9.0091388660082,6.94416313251022,1,1,1,1,4.22845608749346,26.6503084958933,6.38015191098301,31.3075498984357,11.7941798499065,19.5661013002283,15.5196195110607,23.6422236158808,22.4218524083999,24.9273979874527,7.77192145032172,8.12260410482013,1,1,0,1,4.3558233982805,29.2690602067561,11.3915368257819,36.4267949027059,13.4483976117527,21.7951106679672,20.7848675681928,28.6433592245505,24.9132368084756,25.0352580769239,8.3467130562145,7.85849165635762,1,1,1,0
410,500,1,1,"L'Ecuyer-CMRG","10407_70730824_-423025884_-1977972597_-2100501192_-763401359_863036145","10407_2134004603_2067241053_-1315301442_1101246776_-158960397_503136325",2112882146,848485326,1726967332,1291124141,1980508576,293560182,268035457,89.3240000000001,6.8760000000002,5.26999999999998,3.19599999999991,1.94599999999991,507.801,1,NA,"abb1cb188ba5","not-a-git-build","bbd3d4119dab4c61438d29ca56ae93a0","confirmatory",637.449,9.04054741545418,8.23700139688982,0.539027787687854,1.06012244243592,20.4554317103342,21.314315618861,81.7314975710753,67.8481920123648,0.290550955899662,1.12385959295631,5.18500631010784,4.7509469807904,0.464,0.984,0.441,1,12.4743113613069,39.5728682120215,12.4291398536719,39.2703860332887,8.59460262634957,8.07112168297704,0.494819255919325,3.1297352730563,20.4112231785656,23.3839284494814,73.8671943048549,65.1430052214222,0.244846096028554,9.79524287941278,4.95836569704115,4.72253014059204,0.531,0.995,0.535,1,13.7196446868691,42.0108875634511,14.260875606875,43.2705161898041,11.8092431900228,11.0022421742901,5.60767933397846,4.65627370882079,25.5240832566248,24.9104668852459,139.4582247211,121.049332861727,31.4460675127291,21.6808848514557,6.77773569316032,6.20249333935891,0.524,0.994,0.498,1,18.1634473949095,56.6607944729233,16.1393090470625,49.9588841966924,11.1077094702462,14.6233925741083,2.1142611429745,5.31733514912438,22.0306650656208,25.5715283255495,123.381209675397,213.843610376484,4.47010018069185,28.2740530881136,6.30892590519339,8.29312551610332,0.511,0.995,0.373,0.901,16.6616950958778,53.2714092649789,14.6329854303896,49.6706822164991,8.35967665762408,31.813612911189,10.1894556091885,32.6489359339906,16.3141188238739,24.2355357950052,17.513445726261,25.1786881629906,23.4539362535649,22.4594803248021,7.92141697113136,7.66524243672969,1,1,1,1,8.54696438636258,32.4291514437747,13.0009033261161,35.6765494274341,15.5974593799594,24.9147545619635,19.0879620477607,27.3879258905926,23.8821870574121,22.675646101318,9.31729518200409,8.29996384283193,1,1,1,1,13.4633514012982,38.779608542399,12.2164859657241,35.4205635106703,21.0407046153332,30.0275617376904,21.1351547024194,28.5661573773612,25.3162571411008,23.2040775449462,8.98685712235724,7.43100267494183,1,1,0,0,9.03972231597711,34.8138647995709,15.1433470713785,37.1601664461255,17.4281327605629,26.7246541792026,21.550531442136,29.1408732166923,25.7741424835937,22.0168193747471,9.29652141863971,7.59034177455629,1,1,1,0
413,500,1,1,"L'Ecuyer-CMRG","10407_-289215445_776962094_434211297_-2055032780_-562975647_-617890598","10407_1580852487_-984661714_-1425653187_-286114728_-1606386456_957784392",268035457,2081860646,1800722097,348228262,782088951,492556602,185365557,85.6849999999999,7.41300000000001,6.24600000000009,3.08300000000008,1.91699999999992,499.192,1,NA,"abb1cb188ba5","not-a-git-build","bbd3d4119dab4c61438d29ca56ae93a0","confirmatory",626.024,7.99518394301685,9.42616564772002,-3.79895106133575,6.83172659286837,15.9604010571315,26.6069912453481,63.9229662826744,88.8525988182571,14.432029166424,46.6724882397049,4.58100338572573,5.41116711173858,0.613,0.99,0.382,0.99,13.692705418087,40.3564579739012,12.6287503061164,37.2097174059695,8.53895453913542,9.66372118777014,-3.02247561651842,6.3729208212117,16.7368765019488,26.1481854736914,72.9137446214215,93.3875071949575,9.13535885244843,40.6141197934336,4.92330694917857,5.51220898729117,0.609,0.999,0.461,1,15.1320220868473,45.7366965554923,13.6214527289088,41.2735324623894,9.09867888664688,10.6877854622205,-3.33656026321512,7.26244709586421,16.4227918552522,27.0377117483439,82.7859574823137,114.228758086452,11.1326343900661,52.7431378202266,5.41455186244908,6.27054278336963,0.617,1,0.6,0.999,16.8927219228822,54.2399921051184,19.7514954248181,59.0794371064304,10.200572355418,10.9968995895054,-3.20077097524794,6.53447002188708,16.5585811432193,26.3097346743668,104.051676378118,120.931800581664,10.2449348359897,42.699298466941,5.50926870292492,6.30136681458078,0.588,0.996,0.487,0.987,16.2953125075539,52.3021574244375,14.7031613282359,49.776339340298,4.69822058993282,26.6079581009484,15.709923135625,36.7092142816053,12.0593344275653,20.1397632186439,23.025720611001,30.3579375815126,21.9097375110155,20.9992911459803,8.08042879107862,7.33221697051165,1,1,1,0,2.11556594712907,30.024550516166,14.8072217090357,37.7703817960603,12.672340361191,21.3839404464009,22.5685791748595,29.7625577380201,27.908984569037,22.9631600870246,8.71160008520993,7.19397856316066,1,1,1,0,4.49669146359958,29.4415377530109,12.6226854051085,40.0061574681076,12.4200433786269,20.1580830111189,23.0889599856991,31.1762404228181,24.9448462894113,27.3834720629992,7.73803963249201,8.08728043711895,1,1,1,0,2.73463195171895,29.693218284316,14.3488659687349,40.3430533378813,12.3915028984226,20.7110905951253,21.9811250381357,30.5375641664376,26.958586332597,25.9941873691463,8.31958769670278,8.55643912830189,1,1,1,0
412,500,1,1,"L'Ecuyer-CMRG","10407_-1426867955_-380159047_1521693635_1059414252_-4465641_1794457362","10407_-1198744300_1131986289_-2039356911_320880858_-2104376975_731563550",1980508576,293560182,268035457,2081860646,1800722097,348228262,782088951,86.306,6.21599999999989,5.79400000000032,1.94599999999991,1.94900000000007,502.222,1,NA,"abb1cb188ba5","not-a-git-build","bbd3d4119dab4c61438d29ca56ae93a0","confirmatory",629.996,6.33795097060158,7.67181975924877,1.72503049252443,6.21426762313409,21.7670843212452,26.1374078107778,40.1696225057495,58.8568184183998,2.97573020013906,38.6171220919327,3.78149603864522,4.46321030977999,0.615,1,0.533,0.997,12.4740930337747,37.5602433475857,12.9974424495378,38.6414697226758,6.9092959350731,8.62302215047366,0.772451663647818,6.93524771405273,20.8145054923686,26.8583879016965,47.7383703184177,74.3565110075593,0.596681572672282,48.0976608552736,4.11327584181905,5.01888059859543,0.649,1,0.531,0.999,13.5558515547459,42.3694397876016,14.6492881011569,42.2675165977958,7.00865296059534,10.2601454762138,0.0212302980525614,6.72069478777127,20.0632841267733,26.643834975415,49.1212163220618,105.27058519307,0.000450725555400592,45.1677384303759,4.26100871961329,5.94907494828168,0.678,1,0.6,1,14.4918304842624,47.1876632281705,18.3437416253734,58.2013894076399,6.30046934619548,8.29723187754328,0.180785656881326,6.211922133354,20.2228394856021,26.1350623209977,39.6959139823489,68.8440568297204,0.0326834537340127,38.5879765908534,4.127320940129,5.11325845053535,0.765,1,0.647,1,15.282414490973,51.5289751812839,17.401193080962,52.58017635091,9.67217885133357,32.2675100532105,15.1774847134682,38.7225755355385,17.8670546720993,26.3521038155845,22.1307059041242,29.7740524719771,22.5953312018769,23.5450908220703,8.48504914348527,7.64334656785297,1,1,1,0,7.59359844927279,33.1011111392539,15.845038524406,38.0272006362483,16.8715386864138,25.0278290325983,22.8554434738196,30.8243332744095,25.5075126899811,22.1821621118424,8.15629034618449,7.96888980058994,1,1,1,0,9.33601754537086,31.5198386318008,15.1878150812326,39.0581895674384,16.4122766255105,23.8363931070833,22.6050259628464,30.6420687716539,22.1838210864299,23.8703744862057,7.42411648157283,8.03704280880753,1,1,1,0,8.42244571835245,32.2510119209561,15.2683119607633,37.8575107109497,15.7459100482815,24.7763989211298,22.281627835097,30.0442178693097,23.8285662026036,22.5891987501864,9.03048887284829,7.76259003421279,1,1,1,0
415,500,1,1,"L'Ecuyer-CMRG","10407_-1772991506_20123840_-1341466001_1486462776_454169286_-456284721","10407_1709120932_-1390095263_471864430_-1623343224_-744840246_-898947412",782088951,492556602,185365557,480954659,151196321,1936987346,485891084,86.6610000000001,7.88000000000011,6.30899999999929,2.33300000000054,1.95499999999993,493.181,1,NA,"abb1cb188ba5","not-a-git-build","bbd3d4119dab4c61438d29ca56ae93a0","confirmatory",622.431,9.05864701933658,7.96172736645579,-5.34427330804173,-4.24399924164091,14.4554953878575,15.2981447536124,82.0590858209356,63.3891026577711,28.5612571910473,18.0115295630487,5.22414827097082,4.60608985431232,0.552,0.96,0.616,0.984,13.6180870447359,41.4843242939226,13.1100284664546,40.5550145259355,8.11126895591396,7.05695961002154,-2.7191695591383,-3.12102744357091,17.080599136761,16.4211165516825,65.7926840751736,49.8006789374753,7.3938830913444,9.74081230352274,4.68308955304395,4.27743544843333,0.578,0.984,0.722,0.998,13.435938950733,41.1538548953379,15.0754009422216,44.6669549524107,16.0406249968809,8.52554064391933,-4.02459095918235,-2.69695691893715,15.7751777367169,16.8451870763162,257.30165029056,72.6848432711204,16.1973323887323,7.27357662260297,9.40035159474002,5.20329571733173,0.292,0.897,0.725,0.998,16.3968675727574,52.6704121833236,18.3795279721526,56.6298131256466,10.5545877972607,9.32873521869376,-5.70507358955302,-2.75451262428997,14.0946951063462,16.7876313709634,111.399323570085,87.0253007804973,32.5478646622154,7.58733979737283,6.11126222008632,5.36138633700754,0.563,0.979,0.53,0.985,16.1122558388108,55.7190267806497,14.5827121973853,46.8415095838244,4.33731259379381,26.6223556328963,5.83973597758038,27.5422519486874,10.384883311447,18.2736860685486,11.575409417212,18.7908810455346,22.2850430391025,21.702515971107,7.8888027571016,7.21547162832266,1,1,0,0,6.5481538613361,28.06674280485,4.51759721962205,28.3927133755233,13.3396947162507,20.6159511765503,12.5682261728758,20.595820741536,21.5185889435139,23.8751161559013,7.27625646029959,8.02759456866026,1,1,1,1,2.91849775980574,27.9994928451768,4.06595646022424,27.9129974455284,11.8330341574923,19.9302818170301,12.6943133708516,20.7778384067421,25.0809950853711,23.8470409853042,8.0972476595378,8.08352503589047,1,1,1,1,2.64600514303217,25.5285852382548,4.64732459106263,29.1483376488032,9.81614185792042,18.4842805143781,12.5034507714008,21.5535961008424,22.8825800952226,24.5010130577406,8.66813865645766,9.05014532944166,1,1,0,1
414,500,1,1,"L'Ecuyer-CMRG","10407_1970629652_767954164_-1809869606_-871019932_-501122211_-211234334","10407_-1374730897_544418204_1361880719_-1154778485_-12964060_117485104",1800722097,348228262,782088951,492556602,185365557,480954659,151196321,86.4180000000006,5.41599999999926,6.94200000000001,1.88900000000012,1.90999999999985,503.729,1,NA,"abb1cb188ba5","not-a-git-build","bbd3d4119dab4c61438d29ca56ae93a0","confirmatory",629.961,8.8034444223366,9.41277669630086,-1.66790963771125,4.15643732747358,17.9211120200538,23.7972337428453,77.5006336971694,88.6003651344245,2.78192255957009,17.2759712572157,5.02651870227402,5.38496850762193,0.463,0.987,0.467,0.976,12.1389054860978,37.871729093161,12.9446716003528,38.0032072394262,8.91335764489461,9.79408353884645,-1.67501915290438,4.6823215059277,17.9140025048607,24.3231179212994,79.4479445058012,95.9240723659031,2.80568916259649,21.924134684873,5.06241843071324,5.57682942725799,0.513,0.997,0.483,0.98,13.3533119259563,39.3684820151867,13.2637426838392,39.7757808414644,8.58817604248547,9.81978938129045,-2.18068771490189,4.50179597618143,17.4083339428631,24.1425923915532,73.7567677367214,96.4282634929048,4.75539890992402,20.2661670111633,4.99370413495532,5.74499945822565,0.514,1,0.591,1,13.4964108138174,46.4334546222927,16.955528372072,54.4282063339697,8.4699447723971,9.77375266693988,-1.44620407853104,4.07334838290908,18.142817579234,23.7141447982808,71.7399644474569,95.5262411945144,2.09150623675981,16.592167048548,4.82214166565626,5.55834197743276,0.399,0.999,0.396,0.994,9.8417887678631,41.1272173821066,12.0468834059254,43.1377224586359,5.89186340635837,30.4304286297352,12.0322661843643,35.644481998835,13.4453333656317,21.9931558190909,19.1448023667111,28.4021286702341,24.5385652233769,23.6122158144706,8.54782245345922,9.25732630352298,1,1,1,1,7.254373203108,28.4382888083992,12.4388312320387,35.0175247292012,13.9274658405247,21.9317003475986,20.785651181608,28.0961579191619,21.1839156052912,22.5786934971625,8.00423450707386,7.31050673755396,1,1,1,0,6.30842795946847,28.1122695095269,10.5827146471891,36.4693280996939,13.4378298007193,21.4480407223857,20.0127510322642,28.2193090883815,21.8038415500584,25.8866134525048,8.01021092166644,8.20655805611728,1,1,1,0,7.1849247091691,28.9337582459573,11.7642481182676,36.8216057436231,14.2410934091382,21.7877599146074,19.7816038002082,28.0918724605347,21.7488335367882,25.0573576253556,7.54666650546916,8.31026866032647,1,1,1,0
417,500,1,1,"L'Ecuyer-CMRG","10407_-415465283_-592605761_1693949590_1836277258_-1407079152_-1080229671","10407_-1456335079_-1933635524_-2023826769_-273137701_1331184670_1668868134",151196321,1936987346,485891084,2069455286,1711665512,1633853822,574862026,87.2669999999998,6.40099999999984,6.96299999999974,2.36099999999988,2.35200000000077,502.839,1,NA,"abb1cb188ba5","not-a-git-build","bbd3d4119dab4c61438d29ca56ae93a0","confirmatory",633.455,12.1257940617943,7.56915701038741,9.17555519889904,1.63180020727507,29.2036749183859,21.5998909725611,147.034881629047,57.2921378478968,84.1908132080433,2.66277191646297,7.12777107528448,4.4081869819653,0.383,0.862,0.568,1,12.6306455668454,38.0936878263413,13.3296520314345,40.2144909860884,12.3736308124397,8.6889167903,9.1411882590464,3.3280049991362,29.1693079785333,23.2960957644222,153.106739482557,75.4972749887573,83.5613227873278,11.0756172742755,7.1376755467058,5.00730957424698,0.375,0.913,0.51,1,12.7447260717511,42.2372931284378,13.7995421907292,40.6983688693097,12.2418442881271,10.6759129407476,9.11186146327459,3.39175914153403,29.1399811827615,23.35984990682,149.86275157475,113.975117118422,83.0260193259086,11.5040300741796,7.12227882378038,6.43729025816255,0.396,0.923,0.674,0.999,13.3462380543514,44.0427736563663,21.8642720380934,65.4371424291226,11.9430929383916,9.6719985078929,8.36985660454446,1.36153736772039,28.3979763240314,21.3296281330064,142.63746893506,93.5475551366825,70.0544995806364,1.85378400369897,6.88325571292219,5.66705818027558,0.462,0.98,0.557,1,16.265983592084,55.0037588824475,17.1175082426088,54.6019499546062,17.7316827335694,40.4628482380596,10.8716009898383,33.0239926360621,25.0346639450964,33.1606731302326,17.5129688873448,25.6797243806794,22.7311655044902,22.1523916462238,8.1260091851362,8.16675549333465,1,1,0,1,16.810713050477,40.9954791456244,11.7393093141001,33.8586406630026,24.8413117624886,33.456243815975,19.1449774428918,27.3671935317108,24.1847660951473,22.1193313489025,8.61493205348641,8.22221608881897,1,1,0,1,17.5820910185221,40.609706679965,12.0208616659988,34.4551888997037,25.3590018978408,33.3815156335521,19.3453410843942,27.4229705982947,23.0276156614429,22.4343272337049,8.02251373571131,8.07762951390046,1,1,0,1,14.8648549749558,40.6101485834963,9.49506888606584,34.4744116189382,23.7796353072631,32.9752698857727,17.3573804418191,25.2407940650062,25.7452936085405,24.9793427328724,9.1956345785096,7.88341362318704,1,1,0,1
416,500,1,1,"L'Ecuyer-CMRG","10407_-195935523_1701874344_1235136783_1499717903_263442344_588765131","10407_1575060033_701373205_1194652661_-1143538403_314643304_918220366",185365557,480954659,151196321,1936987346,485891084,2069455286,1711665512,87.5999999999995,5.45699999999943,6.07700000000023,1.96399999999994,2.62900000000081,516.712,1,NA,"abb1cb188ba5","not-a-git-build","bbd3d4119dab4c61438d29ca56ae93a0","confirmatory",644.904,8.09221412565677,9.56396480917301,-2.01346494094964,4.15273007711674,17.8761384241181,23.8597367409988,65.4839294554789,91.4694228710997,4.05404106843332,17.24516709339,4.60918454407601,5.56290995927027,0.494,0.991,0.351,0.944,11.6547766204324,37.2663119791001,9.96484835426402,33.02977311436,9.07471085163704,9.39425296281795,-3.89065569817028,2.95667055176641,15.9989476668975,22.6636772156484,82.3503770408191,88.2519887294139,15.1372017617049,8.74190075168272,5.1927220645772,5.41772231857807,0.56,0.992,0.404,0.976,14.5184949912613,44.3125293419889,12.0559234559582,37.1638832265177,8.91898549119331,10.7115972065214,-2.77725315583336,5.59196398800141,17.1123502092344,25.2989706518834,79.5483021921167,114.738314714757,7.71313509158636,31.2700612431046,5.17958017841003,6.15681301331559,0.576,0.997,0.456,0.969,14.9078013317993,50.1360018607778,14.28915441846,48.2245850869386,8.66356122505461,9.70312815150193,-4.03596417562506,3.56435925643145,15.8536391894427,23.2713659203135,75.0572931002698,94.1506959244692,16.2890068269289,12.7046569089086,5.12059523980988,5.63477915224209,0.563,1,0.457,0.99,14.3862141108462,51.8660337430212,13.8119950540739,49.9162138851938,4.13061468466593,29.0819855726586,12.2280947891604,35.2921852078448,14.0493589525774,22.4466133026553,20.1849833946983,27.4100646727805,24.9513708879927,23.0640904186843,8.39725435007795,7.22508127808215,1,1,1,0,3.39064482068137,27.9755915096422,12.0624589398767,32.7974941792912,11.6315529622685,20.4183049027787,19.412139905664,26.3603952542514,24.5849466889608,20.7350352394145,8.78675194051023,6.94825534858739,1,1,1,1,4.47377165060383,29.2035691616911,14.743866034331,37.0810727944467,12.8365651781878,20.9550505618749,21.5033650979875,28.8824635451759,24.7297975110872,22.3372067601157,8.11848538368715,7.37909844718847,1,1,1,0,2.60812543275717,26.8521434554216,10.9386744319761,33.9383685798421,12.216993017037,19.6739490755711,19.3616917292564,27.325677346691,24.2440180226645,22.999694147866,7.45695605853411,7.9639856174346,1,1,0,1
419,500,1,1,"L'Ecuyer-CMRG","10407_-288656027_1190239343_1955344461_-651238335_1991816448_-1004215624","10407_2033554777_1951179315_1746389873_-1312510912_-1900808847_-439153643",1711665512,1633853822,574862026,604371396,876169125,954582449,1698884949,84.8549999999996,7.62100000000009,6.77100000000064,2.40300000000025,2.28300000000036,502.688999999999,1,NA,"abb1cb188ba5","not-a-git-build","bbd3d4119dab4c61438d29ca56ae93a0","confirmatory",631.884,7.70286149007975,8.77529925567951,2.41848785765245,-1.21102731031248,22.4122192569139,18.8542242992407,59.3340751353536,77.0058770267294,5.84908351761233,1.46658714632267,4.52826538944532,5.06140067072151,0.639,0.996,0.419,0.977,14.8514119820247,43.2118892342233,11.5715177680364,34.6118346271651,7.38707055852178,8.73065569082693,2.23282830371316,1.6248526566688,22.2265597029746,21.690104266222,54.5688114365794,76.2243487917687,4.98552223386258,2.64014615588366,4.39245823958333,5.00724509313011,0.652,1,0.48,0.993,14.8581843209266,43.3646144895985,13.0319513107079,40.0232020094252,10.0233657072635,9.2836811835142,2.69954184950356,-0.357578488898682,22.693273248765,19.7076731206545,100.467860101546,86.1867363171357,7.28752619722112,0.127862375723065,5.84767089500546,5.35624259609151,0.589,0.996,0.47,0.998,17.438518272648,56.0845654432026,13.6256120824316,45.7446402560822,10.3004764005006,11.248054911789,0.658888946292358,-2.40199520580075,20.6526203455538,17.6632564037524,106.09981407727,126.51873929862,0.434134643546253,5.76958096868978,5.89829382251979,6.44295145529146,0.53,0.992,0.445,0.971,15.7128567031268,53.8122711026108,14.8458087564313,50.507103423853,10.4648148208199,33.7155623698982,8.08787175112341,29.3468151070853,18.1210558879686,26.6691476955213,15.1564584427961,22.6531144605774,23.2507475490783,21.2589433559619,8.54809180755268,7.49665601778126,1,1,1,1,10.952970439968,32.5273247117575,11.4668423101502,31.728799918224,17.5553988334549,26.7993035466521,17.9116806975262,25.5319208910197,21.5743542717895,20.2619576080738,9.2439047131972,7.62024019349354,1,1,1,1,10.4263817342501,34.7028696053686,8.64380645975798,29.8871563029839,18.6605598721071,26.5474630658071,16.0612788475765,23.458730881063,24.2764878711185,21.2433498432259,7.88690319370001,7.39745203348655,1,1,1,1,7.26736412461547,32.156305636653,4.59121795764044,30.6460939266661,16.9170698729206,24.5745815586727,13.4082659704527,22.2782636995898,24.8889415120375,26.0548759690257,7.65751168575208,8.86999772913705,1,1,1,1
418,500,1,1,"L'Ecuyer-CMRG","10407_1843818417_1704915389_443858705_-48948625_-1005360507_522771804","10407_701036790_1682585832_-1748113815_-483274818_-2100936745_416311944",485891084,2069455286,1711665512,1633853822,574862026,604371396,876169125,84.5429999999997,6.76400000000012,5.39500000000044,2.92100000000028,1.91600000000017,517.348,1,NA,"abb1cb188ba5","not-a-git-build","bbd3d4119dab4c61438d29ca56ae93a0","confirmatory",643.813,7.45183957797147,9.63215821594283,3.27998504640175,-1.1617552518645,23.4175078507534,18.9171654734135,55.5299130958221,92.7784718969549,10.7583019046191,1.34967526523475,4.30900886955116,5.45027559493264,0.587,0.999,0.417,0.961,12.7694024455214,38.0694141119444,12.1618684544461,38.5112983534109,6.72428920777996,10.9019359405881,1.1758112468552,-2.36870692530598,21.3133340512069,17.710213799972,45.216065349866,118.852207252686,1.38253208823118,5.61077249799252,4.13202803422147,6.22411093395912,0.729,1,0.475,0.957,15.1426613155147,44.4321445365118,14.6079726984207,43.2862143159567,7.1553785395283,12.1094017573309,1.46773921810011,-2.27572669591659,21.6052620224518,17.8031940293614,51.1994420439421,146.637610920448,2.15425841234911,5.17893199450744,4.41468549996707,6.92647876842792,0.765,1,0.556,0.974,16.5772025423445,51.8020609527396,18.1966720835383,57.9428532494449,7.91338551681334,10.6506374212456,2.22971077329522,0.537439694758731,22.3672335776469,20.6163604200367,62.6216703377111,113.436077478838,4.97161013254879,0.288841425502358,4.69017280081941,6.08638538670568,0.598,1,0.511,0.98,14.2964014696568,48.6852781704871,15.5764543923492,49.5504283537629,11.9678081584637,33.9564792198122,8.41879312618169,30.0937038889498,19.626186758679,27.4939209061023,14.6771533867684,22.9992344132561,21.9886710613485,21.6749107627681,7.86773414742328,8.32208102648774,1,1,1,1,10.2798447553657,33.5004233952953,4.92878555701662,28.2319655176339,17.0179114560991,25.3200166686996,14.0551794497049,21.9240353332269,23.2205786399296,23.3031799606173,8.30210521260051,7.86885588352198,1,1,1,1,10.5326206217124,32.6229005939561,6.15913080214297,30.7756541545279,17.5028149557771,25.5402525734272,13.7745728454003,21.5349768000394,22.0902799722436,24.6165233523849,8.03743761765006,7.76040395463911,1,1,1,1,12.7857148751083,33.5382318068298,9.54791359857704,31.8936472857976,18.7478560374,25.4567119429777,16.717436226727,24.3623710263734,20.7525169317216,22.3457336872206,6.7088559055777,7.64493479964636,1,1,1,1
421,500,1,1,"L'Ecuyer-CMRG","10407_-1500712536_-816121441_-2062823242_303344704_-1678506180_-625256883","10407_-211920865_1279347383_-1923933582_-88521089_193981664_-1051659212",876169125,954582449,1698884949,338103830,1894589427,1592666461,1520438966,86.6489999999994,7.15499999999975,6.38600000000042,2.51999999999953,2.29700000000048,507.603,1,NA,"abb1cb188ba5","not-a-git-build","bbd3d4119dab4c61438d29ca56ae93a0","confirmatory",637.532,9.36024343822154,9.42016855492875,6.80576775067903,7.10521246239316,26.5776781905478,27.2027752421851,87.6141572227695,88.7395756032683,46.3184746761827,50.4840441357471,5.41313456774246,5.3793096077011,0.455,0.977,0.5,0.996,12.7486603741296,39.6165324779125,14.4350657576859,42.3086793067762,9.40154359011978,9.94983793432797,5.79644031803405,8.23701723112353,25.5683507579028,28.3345800109154,88.3890218769223,98.9992749193918,33.5987203605306,67.8484528658259,5.36866488723687,5.73976283512685,0.458,0.981,0.449,0.992,12.5006355795255,38.6964441357576,14.6167942748405,43.3210926421831,9.08116637099099,12.9251387402128,5.81858399146349,8.96093970332833,25.5904944313323,29.0585024831202,82.4675826576177,167.059211453751,33.8559196657153,80.2984403666859,5.29440096214282,7.17793827132191,0.55,0.999,0.594,0.983,14.9378478494316,49.3562207122947,19.1092453719397,60.4793648074073,9.25021205516956,11.3063441888479,7.47181563230275,8.9124279928798,27.2437260721715,29.0099907726717,85.5664230656043,127.833418916695,55.8280288431237,79.4313727282674,5.53338313786503,6.48692265484821,0.563,1,0.555,1,17.1639049787778,54.9856859108626,18.3328270654937,56.2769484710098,16.6145064646607,38.6739895509399,16.1325455876445,39.1954210447803,22.3987832045287,30.9113735787386,23.4275254704197,30.7789209977081,22.0594830862792,23.0628754571358,8.51259037420984,7.35139552728845,1,1,0,0,16.173700122167,36.437071148144,16.8378859312296,41.0319437176418,21.9856289721242,29.082278453459,24.5522239376108,32.209252043744,20.263371025977,24.1940577864122,7.09664948133479,7.65702810613328,1,1,0,0,14.8881888911309,36.0668370796854,16.667893556566,40.7319844521546,21.5920719480994,29.5423501044858,25.2672813358613,32.9066303021932,21.1786481885545,24.0640908955887,7.95027815638642,7.63934896633184,1,1,0,0,16.2967639229372,39.8575469795592,17.4792357613105,40.9798536453225,23.0633793024286,31.1838532039202,25.0225710442029,32.7385274914619,23.560783056622,23.500617884012,8.12047390149162,7.71595644725897,1,1,0,0
420,500,1,1,"L'Ecuyer-CMRG","10407_-476613405_1757143402_-997212705_1261581874_1540723607_-349622591","10407_-209030020_953194917_-907350299_1131444264_295942919_-664955420",574862026,604371396,876169125,954582449,1698884949,338103830,1894589427,84.8310000000001,5.4429999999993,7.07600000000002,1.93399999999929,1.88599999999951,529.556,1,NA,"abb1cb188ba5","not-a-git-build","bbd3d4119dab4c61438d29ca56ae93a0","confirmatory",654.747,8.68977152286051,17.8521738143506,2.4830586825198,16.5056222716535,22.4623459529791,36.6182900411626,75.5121291195174,318.700109897787,6.16558042083697,272.435566574504,4.95164549449019,11.6914684326712,0.551,0.998,0.091,0.72,14.1482946617805,40.9419188184243,13.808442951657,41.0589004894151,9.46938265799893,16.2215728548837,3.80278475262015,15.3122452940456,23.7820720230794,35.4249130635547,89.669207923611,263.139425886299,14.4611718747603,234.46485594502,5.40670988101075,10.1299670942178,0.53,0.974,0.092,0.94,13.9350264540576,42.2047917022031,15.7109678426598,45.9202695498008,8.2047003787556,16.868157591081,3.181860369419,16.049911178627,23.1611476398783,36.1625789481361,67.3171083051522,284.534740517544,10.1242354104792,257.599648841815,4.94961525707338,10.2892771890691,0.649,0.998,0.078,0.98,15.9635361198105,50.8759762623615,18.4000485827315,54.6900494913963,8.28613748932695,17.6023599369186,1.57171438541769,16.2397059064641,21.551001655877,36.3523736759733,68.6600744920296,309.843075348837,2.47028610932892,263.728047928446,5.00695524164781,10.770692967428,0.677,1,0.147,0.976,17.4583997374833,52.4898002953784,17.099803873432,53.7999927415103,11.3128451176649,32.7438695732934,24.1086597590887,46.9026126204725,18.7458396889316,26.4412251744734,33.0681947593655,40.5242957168403,21.4310244556284,22.7939528613837,7.69538548554175,7.45610095747482,1,0,1,0,13.9927058963196,35.0499112081842,23.2197334957609,48.3201861614943,20.2115442269376,27.4245987101154,30.7179605268738,40.6396995185139,21.0572053118646,25.1004526657334,7.21305448317776,9.92173899164004,1,0,0,0,12.4079755624121,34.0184146047709,24.6989792214502,47.7100952032124,19.2885236471849,26.9953897298839,32.0237852146479,40.42627574774,21.6104390423588,23.0111159817623,7.70686608269894,8.40249053309215,1,0,1,0,10.0379087624234,33.5691026251094,24.8255268529512,48.7288614901636,17.4461113492506,25.5008056366511,32.1900275687507,40.2378655784112,23.531193862686,23.9033346372124,8.05469428740049,8.0478380096605,1,0,1,0
423,500,1,1,"L'Ecuyer-CMRG","10407_-1902657997_-1932631546_-565904770_-2141853725_2062388485_362194366","10407_1058958513_-1038031721_-1631130730_184516397_135305622_69065570",1894589427,1592666461,1520438966,505058611,1274362706,2061050839,665648602,81.1610000000001,6.26500000000033,7.82300000000032,2.35300000000007,3.34900000000016,500.68,1,NA,"abb1cb188ba5","not-a-git-build","bbd3d4119dab4c61438d29ca56ae93a0","confirmatory",625.841,12.2864291850139,16.1010300792045,10.7027198156607,-14.1341706837356,31.0751519454596,6.40738594002495,150.956342118362,259.243169611448,114.548211452537,199.774780916971,7.26389198146032,10.2297584224453,0.271,0.973,0.199,0.693,14.3642847657464,44.0533226600541,12.7751176722053,39.7413374661827,14.4239527620335,15.7189876964801,12.2766337714578,-13.2435393845158,32.6490659012567,7.29801723924472,208.050413281375,247.086574202092,150.715736758498,175.391335429222,8.2814490486398,9.68193063979568,0.312,0.957,0.275,0.768,17.1683075208205,50.4279669580842,13.9182895376658,41.5430741976524,13.9938015289927,19.1494862059407,12.0732546445552,-16.9878465052519,32.4456867743541,3.55371011850869,195.826481232837,366.702821951514,145.763477712273,288.586928885998,8.01842352585813,11.6705179952791,0.363,0.997,0.202,0.842,20.6016498741579,63.1000405874213,17.4215183799194,57.1035821686538,14.3454220715229,17.9482731233582,12.261594612836,-15.4536140748119,32.6340267426349,5.0879425489487,205.791134410138,322.140508110661,150.346702449528,238.814187973223,8.42989719077036,10.7635006268588,0.337,0.978,0.269,0.858,17.3198341896108,60.8135219919843,17.5060194093292,56.4435882024329,20.523590533882,42.8227510477712,-4.8905192565409,17.1789008448712,27.1247815990096,34.6701353622979,2.641879562294,10.2053217032495,22.2991605138891,22.0694201014121,7.5453537632883,7.5634421409555,0,0,0,0,21.7934332879964,44.1486698720814,-4.29710151375331,19.440486994627,28.8300633051864,36.1538040297222,3.32719969092644,11.55315072269,22.355236584085,23.7375885083803,7.32374072453585,8.22595103176357,0,0,0,0,20.0106218110928,44.4762095581915,-8.85656239436283,16.2944758881195,28.5787626223344,36.5061797945057,-1.09685839408356,8.28625242530821,24.4655877470987,25.1510382824824,7.92741717217127,9.38311081939177,1,0,0,0,21.122720946835,45.0617917252594,-7.11502265977511,16.969539943842,28.3318001713664,36.6191115707185,0.761685610266994,9.06359611768207,23.9390707784244,24.0845626036172,8.28731139935215,8.30191050741508,0,0,0,0
422,500,1,1,"L'Ecuyer-CMRG","10407_-889811051_1548648567_1471678403_-377661158_-1199487669_1621843281","10407_386751955_-423184202_1030398205_1523012154_240983638_-1616332036",1698884949,338103830,1894589427,1592666461,1520438966,505058611,1274362706,78.3090000000002,5.33399999999983,6.75,1.9369999999999,1.95499999999993,507.284,1,NA,"abb1cb188ba5","not-a-git-build","bbd3d4119dab4c61438d29ca56ae93a0","confirmatory",626.42,8.85360856663245,8.65605191036801,4.75704623277552,2.24904267151304,25.1045848531739,22.6132554762259,78.3863846511476,74.9272346749857,22.6294888607638,5.05819293828652,5.03334476029823,4.9377913066213,0.548,0.973,0.458,0.989,13.6685079475063,40.4483542707787,11.8936286962875,35.690930534394,10.0377538501117,8.09834346729176,4.64624001547243,1.05328698699227,24.9937786358708,21.4174997917052,100.756502355432,65.5831669142272,21.5875462813772,1.10941347696725,5.65296771396388,4.67205930548177,0.605,0.981,0.533,0.997,16.5402043017663,49.2162268690277,13.3587870972409,39.6911234682173,13.4385865153648,9.09030912730138,4.82769270942563,1.80188004398909,25.175231329824,22.166092848702,180.595607530944,82.6337200298988,23.3066168966413,3.24677169292611,7.68120287013968,5.3634500024368,0.598,0.99,0.613,1,23.0704470607137,69.6000803674661,17.2157096534013,54.8870165014665,10.887981302731,9.63365660218314,5.17091225247706,1.09558970258734,25.5184508728754,21.4598025073002,118.54813684862,92.8073395287868,26.7383335228173,1.20031679641542,6.26307156681264,5.55943020321577,0.562,0.994,0.522,0.999,17.769486842008,56.6496697478237,15.2155385439241,51.014412804117,13.3159631929067,36.247235447877,10.2359237325786,33.1814228192282,20.8415533804337,29.7263087824399,18.4014203397346,27.0276226036588,22.9312722549703,22.9454990866496,8.88475540200627,8.62620226392421,1,1,0,1,12.5541945135727,36.6560686503517,8.35045834854718,32.7151750198832,20.5087731232445,29.4952586195201,17.5327981792584,25.3425244790396,24.1018741367789,24.3647166713361,8.9864854962756,7.80972629978116,1,1,0,1,11.6961400156628,38.5285793755711,10.6583225563319,33.373060498593,20.8195333553144,29.4475514280384,18.1628822568727,26.4512927863903,26.8324393599083,22.7147379422611,8.62801807272403,8.28841052951766,1,1,0,1,13.2528052136321,37.6934052199212,10.0384981371413,33.12180751537,21.3590788046076,29.9615682271373,16.9176593419162,26.003410925094,24.4406000062891,23.0833093782287,8.60248942252966,9.08575158317774,1,1,0,1
425,500,1,1,"L'Ecuyer-CMRG","10407_-1903292580_652119392_-2000366898_1450694234_999969435_222516504","10407_262694426_-1087829251_-1120391646_437627906_2105937698_206859597",1274362706,2061050839,665648602,130779769,1266146221,1188714716,768035927,78.9880000000003,6.35099999999966,7.62800000000061,2.32999999999993,2.82499999999982,511.664000000001,1,NA,"abb1cb188ba5","not-a-git-build","bbd3d4119dab4c61438d29ca56ae93a0","confirmatory",635.052999999999,10.8222060167871,9.39408612939111,-6.96471346200784,-1.21394149206863,13.1934647774339,18.8466913457307,117.120143069783,88.2488542064184,48.5072336078732,1.47365394616581,6.21732183139827,5.38021399315727,0.45,0.919,0.422,0.955,13.6864790938409,39.8931699068745,12.2572178523442,36.2339622982128,11.1633801003372,8.77084380701926,-7.80006412297374,-0.0742457777570742,12.358114116468,19.9863870600422,124.621055264603,76.9277010871282,60.8410003225022,0.00551243551475285,6.40792579137154,5.08034088880823,0.461,0.963,0.507,0.991,15.1420019113038,45.8606798917671,14.0783823554145,42.3711587387011,13.2691912185212,9.82512112130918,-8.30519248080994,-1.3577213423746,11.8529857586318,18.7029114954247,176.07143559368,96.5330050483958,68.9762221433019,1.84340724353948,7.73014483349972,5.74008205397536,0.558,0.969,0.516,0.994,20.784866338581,61.2749369648799,15.5550327129583,52.367120371677,12.0414716318279,11.3184395470405,-8.18058819623878,-1.06829209156334,11.9775900432029,18.992340746236,144.997039060117,128.107073780011,66.9220232364412,1.14124799289677,7.06082884080385,6.56061845360804,0.566,1,0.563,0.991,19.8131188221156,64.4069821107805,18.991022728678,60.1289927587973,2.60851362611799,25.0422394386442,7.73747015685599,29.8322942058028,9.3884644766923,17.0134358370558,15.276754044926,23.0124614645714,22.4337258125262,22.0948240489469,7.62497136036346,7.7357074196454,1,1,0,1,-0.591348085153032,25.3061655241375,9.14365296058731,30.2718582278412,8.14565897754712,16.3026216770493,16.160979302651,23.5847016244342,25.8975136092905,21.1282052672539,8.15696269950216,7.42372232178328,1,1,0,1,-0.131967761239158,23.6650687669913,8.01536991311502,30.6720315683918,7.83512386778049,15.7048499127746,14.7223244959725,22.8231342919922,23.7970365282305,22.6566616552768,7.86972604499413,8.10080979601972,1,1,0,1,-0.444439409300741,25.364782804713,6.2919740360496,30.1496099953982,8.18583441416699,15.5697845070831,14.9189866988372,23.4089859566437,25.8092222140137,23.8576359593486,7.38395009291609,8.48999925780645,1,1,0,1
424,500,1,1,"L'Ecuyer-CMRG","10407_-1982395307_-386241238_-1589102118_1948005993_-1829284460_1116928170","10407_464940191_1141505239_1462067816_-1525063975_-1157009030_-1640477315",1520438966,505058611,1274362706,2061050839,665648602,130779769,1266146221,79.0820000000003,5.35499999999956,6.93299999999999,2.01499999999942,2.27700000000004,536.512,1,NA,"abb1cb188ba5","not-a-git-build","bbd3d4119dab4c61438d29ca56ae93a0","confirmatory",656.936,6.58415339946197,12.1600273333756,0.528416826357169,-7.82654938205182,20.0049962938085,11.6485050943284,43.3510759876466,147.866264748441,0.279224342377383,61.2548752296957,3.98803481365905,7.08002923901598,0.685,1,0.396,0.836,13.9516479891739,41.3182003803522,12.7906651836299,37.4303922718106,5.9626803181724,13.9245139415003,-0.774622719616069,-10.0071931913002,18.7019567478353,9.46786128507996,35.5535565767205,193.892088507037,0.600040357745395,100.143915568006,3.90350389047004,8.3480273712767,0.817,1,0.319,0.766,15.5432575758441,46.3054643625207,12.3232299177317,37.3612829199427,4.96560912999278,14.2331615704293,-0.509293376236105,-9.94397342816261,18.9672860912152,9.53108104821759,24.6572740318677,202.582888289945,0.259379743077971,98.882607540004,4.41541362040054,8.17319530738052,0.967,1,0.39,0.934,20.8367453743612,65.2272163739454,16.4710594208667,51.9423543389719,5.85077287107753,13.5771631312491,0.839675164153149,-9.40334285287755,20.3162546316045,10.0717116235026,34.2315431889369,184.339358692551,0.705054381295618,88.4228568087633,4.00988921237291,7.87369947677775,0.796,1,0.378,0.849,15.8426740485648,51.115874691534,14.2635623596631,44.2354174720072,6.58821791679511,31.6173440060493,0.561814112557693,22.8910288530599,16.1813600429106,24.5156700447419,7.77360998707862,15.4711751078335,25.0291260892541,22.3292147405022,8.33431000183134,7.69756512075488,1,1,1,0,6.05210131863138,29.8506965715648,0.0789152883195012,19.4491685214701,15.0606495878709,22.7894299443215,5.88968996099489,12.5556740244861,23.7985952529334,19.3702532331506,7.72878035645056,6.66598406349121,1,0,1,0,6.55519737739518,30.5686978164184,-1.77895747209228,20.1145050276599,14.6368178539366,23.0883702275949,5.53829941019384,13.1908127672422,24.0135004390232,21.8934624997522,8.45155237365832,7.65251335704838,1,1,1,0,7.60207482164748,33.0047979842072,-0.656690354248786,21.1721139025187,16.135766702598,24.7689826429733,5.81630093597452,14.2067388687177,25.4027231625597,21.8288042567675,8.6332159403753,8.39043793274321,1,1,1,0
427,500,1,1,"L'Ecuyer-CMRG","10407_-70986900_-975494834_-1912931385_-1592387701_-1385530580_163991347","10407_-336194249_53560408_-1781600564_-620056126_1932195137_-1688780184",1266146221,1188714716,768035927,403059360,537107251,2122968996,983644305,81.521999999999,5.33000000000175,7.44800000000032,2.30199999999968,3.59400000000096,502.268,1,NA,"abb1cb188ba5","not-a-git-build","bbd3d4119dab4c61438d29ca56ae93a0","confirmatory",626.007,13.6224599100767,8.12527403771784,-11.8026215631101,2.93578398907855,8.43447064775807,23.3125061426547,185.571414001648,66.0200781880115,139.301875761992,8.61882763052995,8.12411187948378,4.73935595740091,0.256,0.908,0.603,0.998,14.4193313111575,42.9152983257041,14.4498390368079,42.9873265022491,15.0003282164102,10.9325391271482,-12.3241467483223,6.08215272523275,7.91294546254584,26.4588748788089,225.009846600032,119.520411766627,151.884593074184,36.9925817730562,8.85059442335654,6.20275030095069,0.3,0.907,0.486,0.964,16.0040421134548,46.0496845542489,15.1044790015897,44.8948595445413,16.0424041747309,13.2021509901076,-12.6481219671199,4.70688491688297,7.58897024374824,25.0836070704591,257.358731705422,174.296790765599,159.974989295142,22.1547656207804,9.35314602264694,7.60074973152501,0.354,0.899,0.572,0.973,17.9537343372495,54.6589771772185,21.7620535417345,65.0186173820778,15.0800288869316,11.2743106199218,-11.7060017154149,5.86329714022675,8.53109049545332,26.2400192938029,227.40727123069,127.110079954481,137.030476161296,34.3782533545911,8.62028120382,6.52056144910759,0.39,0.968,0.554,0.999,18.3191767324631,58.846987775275,18.2255940906259,58.7624081308037,-3.15795339302284,20.7977080951666,12.5562299896182,34.50074505164,3.74804525281449,12.7957948806584,18.9365718879322,27.4899929316926,23.9556614881894,21.9445150620219,9.04774962784391,8.55342104376039,1,1,0,1,-4.61439626544167,20.3606126878755,15.4460757697011,37.4257035709787,3.11623879014965,12.5614773077217,22.6092433598769,30.3877990932186,24.9750089533171,21.9796278012776,9.44523851757207,7.77855573334172,1,1,0,0,-3.30746432840328,18.9071458046436,13.0111261257665,38.0124057977688,3.58624219357251,11.396788994608,20.781356387197,29.0824604056412,22.2146101330469,25.0012796720023,7.81054680103547,8.30110401844419,0,1,0,0,-4.73567629216705,19.7733033662047,13.5960960140938,38.8496292704049,4.19417600020672,13.1112875242646,21.6528117815541,30.4552830019887,24.5089796583717,25.2535332563111,8.91711152405786,8.80247122043459,0,1,0,0
426,500,1,1,"L'Ecuyer-CMRG","10407_1239261194_-1861322748_-300571531_698289392_546502593_-1317546246","10407_-775390385_1829005833_-206964307_-290280550_-130646083_1795868718",665648602,130779769,1266146221,1188714716,768035927,403059360,537107251,78.5139999999992,6.76699999999983,5.22200000000157,1.90800000000127,2.14899999999943,526.003000000001,1,NA,"abb1cb188ba5","not-a-git-build","bbd3d4119dab4c61438d29ca56ae93a0","confirmatory",641.938,8.3982289881053,9.64817549515374,3.6060419382356,-3.93064698019096,23.6001633443599,15.8236507734569,70.5302501366522,93.0872903852852,13.0035384603139,15.4499856828843,4.83323566591335,5.51603445370611,0.532,0.988,0.453,0.938,12.505083074011,41.3110037094441,12.1002820680482,35.8770494710813,9.18833074280406,11.9464763387844,5.11570127869906,-7.30962633495418,25.1098226848233,12.4446714186937,84.4254218391581,142.718296913137,26.1703995728832,53.4306371566556,5.24880633578063,6.84894945010496,0.542,0.979,0.433,0.908,13.9504482013274,41.8373054950661,13.4461779899587,41.2697840542929,8.73612504171418,10.9073267355188,3.80389346085934,-4.55283142421947,23.7980148669836,15.2014663294284,76.3198807444655,118.969776515363,14.4696054615685,20.7282739773603,5.1265099007712,6.31527151336128,0.597,0.994,0.536,0.967,14.7968695765516,50.4478814059855,16.4660612692484,52.0917569339845,8.9052437990311,9.77984743619348,2.82989575517313,-3.13913191569157,22.8240171612974,16.6151658379563,79.3033671201818,95.6454158752202,8.0083099851469,9.85414918411346,5.24945558793813,5.60344392120884,0.632,0.996,0.483,0.993,15.9363604585842,50.3786574698509,13.6008588057854,44.8127314532687,10.4548736324523,35.882882798679,5.45304217341485,27.054475472277,19.2874909414697,27.8971602579668,11.9865626153993,19.5934766176557,25.4280091662267,21.6014332988622,8.60966931649709,7.60691400225643,1,1,1,0,14.3140832846472,36.3542566771616,-0.637497851803528,23.9994688065833,20.6722273719807,29.5639180393799,8.39651271140869,16.8519553406632,22.0401733925144,24.6369666583868,8.89169066739925,8.45544262925451,1,1,0,0,12.3885554758594,34.7404767866269,3.77196217970154,26.4868190404984,19.6302960719473,28.1950337039411,11.1096744993065,19.0981128235117,22.3519213107675,22.7148568607969,8.5647376319938,7.98843832420522,1,1,1,0,10.4607570322407,33.7226147309306,5.78685012676589,28.4969829755842,18.8301304194167,26.9751787823538,12.6310117036444,20.3423083839841,23.2618576986899,22.7101328488183,8.14504836293709,7.71129668033969,1,1,1,1
429,500,1,1,"L'Ecuyer-CMRG","10407_-2124506726_125414717_-1708784324_-89906165_1751026880_1465897437","10407_317830569_1256841144_1455625643_1188348788_-1042924513_-408206330",537107251,2122968996,983644305,690568592,1918945769,1300272474,497857761,80.8899999999994,6,6.33399999999892,1.92999999999847,3.17900000000009,512.688,1,NA,"abb1cb188ba5","not-a-git-build","bbd3d4119dab4c61438d29ca56ae93a0","confirmatory",634.882,13.9654720750776,7.34800583985342,12.4844315887587,4.7170076254009,32.6368162158979,24.8953513275122,195.034410279774,53.99318982252,155.861032094395,22.2501609380903,8.78005215057865,4.29321699953686,0.205,0.798,0.658,1,12.1333563950699,38.5304294090503,13.1890054890952,39.7164677965186,15.3395273559132,7.72888821827262,13.1207337161792,4.78688734548148,33.2731183433184,24.9652310475928,235.301099502809,59.7357130905534,172.153653250881,22.9142904583307,9.46765046313209,4.61958463966076,0.225,0.76,0.694,0.998,12.9576727043881,39.8254381548379,15.3672345515651,44.444110010895,13.800329732294,8.77735543908791,11.5109387059637,6.01936891287443,31.6633233331029,26.1977126149857,190.449100720037,77.0419685040861,132.501709892453,36.2328021092791,8.13138026035305,5.37014704480373,0.295,0.918,0.69,1,14.2529469835717,47.7224526006166,17.9433306411525,56.18284756949,14.6471006302868,9.22563119450657,12.5759770864695,7.04917597383969,32.7283617136087,27.227519675951,214.537556873747,85.1122709370526,158.155199679405,49.6908819101588,8.81275628735181,5.45882034718127,0.269,0.881,0.584,0.996,14.3118950738328,48.8365053263241,15.5958316259707,51.1386012211307,21.8425903904585,45.2642339453929,9.97850367013192,37.4703160384113,28.3642639653016,36.8907912312843,21.1174405975581,28.9322730561208,23.4216435549344,27.4918123682793,8.52652726598266,7.81483245856275,0,1,0,0,21.9034155688845,42.8815704349311,13.2962187221136,36.3054903181105,29.4032573113025,37.1403690894551,21.0071673709441,28.6967084911456,20.9781548660466,23.0092715959968,7.73711177815257,7.68954112020149,0,1,0,0,19.7464973273233,42.7788194293451,15.1495364090333,37.7567821832363,27.7779750284328,35.8496875194349,22.063817841994,30.4786402906416,23.0323221020218,22.6072457742031,8.07171249100208,8.4148224486476,1,1,0,0,21.335288900535,44.3464734767992,14.8072723707141,39.3372671437017,28.6584252561243,37.0492854746035,23.461945322453,31.3848037259068,23.0111845762642,24.5299947729876,8.39086021847923,7.92285840345374,0,1,0,0
428,500,1,1,"L'Ecuyer-CMRG","10407_-1799656041_2111947406_502913743_-681499127_788337369_-338450994","10407_1904838632_1450689952_1620603186_1390346861_681060031_793093050",768035927,403059360,537107251,2122968996,983644305,690568592,1918945769,76.0249999999996,6.95399999999972,5.70399999999972,2.08799999999974,2.07999999999993,533.186,1,NA,"abb1cb188ba5","not-a-git-build","bbd3d4119dab4c61438d29ca56ae93a0","confirmatory",648.593000000001,9.54715856878745,10.4003068216719,-0.0613321182636,1.28582599651835,19.9147720505654,21.4349217074259,91.1482367375717,108.166381984915,0.00376162873070021,1.6533484933224,5.49085818587796,5.92799943728272,0.536,1,0.413,0.943,15.373723032391,44.548902929141,12.6303074788456,38.2836616316679,9.68141137815458,10.3505400012669,0.762434564482156,3.39171835845185,20.7385387333111,23.5408140693594,93.7297262730609,107.133678317826,0.581306465117095,11.5037534230593,5.62546042008739,5.9270383295272,0.579,0.994,0.424,0.956,16.4756754929701,48.2900116816267,13.032292198722,40.0468016262842,9.92488143378022,10.6628352142505,2.48511632529405,2.54673754654529,22.461220494123,22.6958332574529,98.5032714745953,113.696054806261,6.17580315024299,6.48587213098355,6.00718950033869,6.22413390231393,0.638,1,0.581,0.994,20.2174926076141,60.5877474671293,18.1849298010462,59.2433625740263,12.8537217483609,11.4283179661764,-1.43792122337934,1.55366102900655,18.5381829454496,21.7027567399141,165.218162784285,130.606451536031,2.06761744464475,2.4138625930537,7.46010090412225,6.51182531855163,0.315,0.967,0.404,0.979,14.5030895209312,46.9100456125977,13.4198670580085,46.1358702229122,6.44981604573492,31.391444599469,10.2186958492392,32.4176730551053,15.9343973743093,24.2986282115813,17.953823898026,24.7547840765767,24.941628553734,22.1989772058661,8.36423083727196,6.80096017855073,1,1,1,1,8.70568138233455,32.1538451623021,13.6253044530067,32.9434864734972,17.0122567648215,24.5936517862625,20.2010956642696,27.1102831395356,23.4481637799676,19.3181820204904,7.58139502144095,6.90918747526603,1,1,1,0,11.6017844174007,35.24206910843,11.499229334058,33.013035941696,18.5848334081645,26.5539055060029,19.0102254987848,26.5864157611769,23.6402846910294,21.513806607638,7.9690720978384,7.57619026239207,1,1,1,1,8.11852635460587,29.7471306814189,11.0738300877262,33.7047923324329,14.7124020854116,22.1228124641718,17.7692024220646,25.593237830666,21.6286043268131,22.6309622447067,7.41041037876013,7.82403540860142,1,1,1,1
431,500,1,1,"L'Ecuyer-CMRG","10407_-812438376_217629109_-2011844306_1467178124_1998263919_1196880788","10407_-561829528_733483984_-777068086_-1142460149_1688742820_-1797962648",1918945769,1300272474,497857761,1446680747,981802317,1057074775,286326478,79.6020000000008,5.89500000000044,6.45199999999932,2.08299999999872,2.32400000000052,530.476000000001,1,NA,"abb1cb188ba5","not-a-git-build","bbd3d4119dab4c61438d29ca56ae93a0","confirmatory",651.407000000001,8.73118757542133,9.17023713939182,-0.681735191648396,4.152163775366,19.3222845686679,24.1888993844585,76.2336364771919,84.093249192681,0.464762871531876,17.2404640174616,4.9652028323947,5.24282679622995,0.532,0.997,0.5,0.964,13.9050470713972,41.8769897729903,13.3186017639078,38.0086543604381,9.41623797051954,10.4712863575963,-0.20683811360443,6.15606908824592,19.7971816467118,26.1928046973384,88.6655375174539,109.647837982782,0.0427820052394392,37.8971866192569,5.46697686116378,6.01046117320914,0.606,0.989,0.469,0.961,17.0870007488402,48.1927665164609,13.6563612169363,42.6171563458827,13.7403531802648,10.0844074326591,2.90095417852736,4.46430448790127,22.9049739388436,24.5010400969938,188.797305518414,101.69527326787,8.41553514591537,19.9300145606955,7.5395391466326,5.75157447399361,0.535,0.995,0.444,0.974,21.0645263040528,61.4645066147895,12.9333486237958,44.3186197053386,12.7519523138831,10.7928116068836,1.70504904496753,5.38654860871286,21.7090688052838,25.4232842178054,162.612287815549,116.484782381682,2.90719224574468,29.0149059140265,7.13608285173448,6.3125727962046,0.633,0.992,0.605,0.996,23.1517005876024,65.8565342305153,18.516499268499,60.8130203016454,9.32366409442444,30.859044904273,10.9627469579259,35.881993019585,15.0819664966629,23.2104711601215,20.2400416391487,28.3750329377895,21.5353808098486,24.9192460616591,8.12850466345869,8.13499129864082,1,1,1,0,7.66568554509352,30.8998989451145,12.3971939310677,39.3543413061014,16.024930316068,23.6793904174208,21.6933302848442,30.8218315503507,23.234213400021,26.9571473750337,7.65446010135285,9.12850126550654,1,1,1,0,11.0068096835677,35.29541764316,12.7498025525782,35.8053917409468,18.6132704606992,27.1038937785134,20.8531694103778,28.4998129616065,24.2886079595923,23.0555891883686,8.49062331781412,7.64664355122868,1,1,1,0,10.875797945574,32.9453578845137,12.5104894554085,38.3775500593065,17.9775973591895,25.6594925622333,21.1169898127962,29.9476048711104,22.0695599389397,25.867060603898,7.68189520304383,8.83061505831416,1,1,1,0
430,500,1,1,"L'Ecuyer-CMRG","10407_-1729853252_492656108_-1584191522_-1410056432_-1385093008_-1389328131","10407_-233788296_-600612960_345499744_-288155169_1933801674_1936671215",983644305,690568592,1918945769,1300272474,497857761,1446680747,981802317,78.3340000000007,7.31100000000151,6.2440000000006,2.01599999999962,2.49699999999939,535.905999999999,1,NA,"abb1cb188ba5","not-a-git-build","bbd3d4119dab4c61438d29ca56ae93a0","confirmatory",654.981,10.4554786381329,9.99147074785653,6.44523336696615,3.86644675082132,26.5839921483513,23.9748416271571,109.317033552454,99.8294877052727,41.5410331546538,14.9494104769368,6.01791609953018,5.72074739983526,0.417,0.921,0.423,0.957,11.9161053897202,35.8769315829891,12.4341398868186,38.9456349743788,11.2730026261297,9.93999551449536,8.14330905522149,4.84649738412016,28.2820678366066,24.9548922604559,127.080588208727,98.8035108281879,66.3134823688523,23.4885368942836,6.47503885359716,5.69939389739919,0.416,0.971,0.454,0.948,13.3396840485746,42.6148310393987,13.0641859635107,38.2080586709654,11.6335120922237,10.0704785508082,8.08841773228023,3.37122293206249,28.2271765136653,23.4796178083983,135.338603599914,101.414538242288,65.4225014118653,11.365144057664,6.61326464791112,5.77471346653749,0.413,0.994,0.489,0.994,15.1840524550111,48.8843663747264,14.8475180002651,47.0335439667924,13.2412431521043,9.83878913824243,10.2131170605308,3.71509977317737,30.3518758419159,23.8234946495132,175.33052021315,96.8017717067972,104.307760092106,13.8019663246626,7.757436334052,5.62316719376207,0.35,0.909,0.431,0.97,13.548399716546,46.074972542919,12.9142079448016,43.1276778070798,16.1813223465128,36.0468238092607,11.8488302792699,36.1649436671712,22.9899598087436,30.2669595003441,19.6874793651043,28.3153732765711,19.865501462748,24.3161133879014,7.27699969160047,8.62789391146681,1,1,0,1,15.7886286336175,40.7104014170236,14.2115354721141,37.0453301835812,24.2369099039003,32.1685017611578,20.713084052143,28.7042730756532,24.9217727834061,22.833794711467,7.93159185725759,7.99118902351025,1,1,0,0,17.0008935907711,38.984824376821,12.2943022932974,35.1835734649551,24.6037734503564,31.9027975264639,19.5356010344925,27.4691228604368,21.9839307860498,22.8892711716577,7.29902407610749,7.93352182594433,1,1,0,1,19.6467991843546,42.4824402533812,12.3871509002899,35.5090236720327,26.329460022618,34.4037988195647,19.2570383841823,28.1385540207127,22.8356410690266,23.1218727717429,8.07433879694678,8.88151563653043,1,1,0,1
433,500,1,1,"L'Ecuyer-CMRG","10407_1179027074_-1724367717_-886639027_-1893936386_1544949826_-160221416","10407_612667410_1212168880_675594290_465431823_-730142073_475541554",981802317,1057074775,286326478,362381927,1031999540,1178194949,354666022,81.764000000001,5.55500000000029,6.51399999999921,2.08899999999994,2.8169999999991,521.767,1,NA,"abb1cb188ba5","not-a-git-build","bbd3d4119dab4c61438d29ca56ae93a0","confirmatory",644.761,5.10702109228826,7.98959342365913,1.6909090849013,6.86164222840116,21.9084066792298,27.0234640417515,26.0816644370771,63.8336030753772,2.85917353340175,47.082134070578,3.31389498596419,4.81423101378229,0.793,1,0.534,1,12.8816755425744,40.0326649924325,15.3338874078381,44.5258641563276,6.14149932157724,8.23489845043387,1.03518736935347,6.62620445905903,21.252684963682,26.7880262724093,37.7180139169337,67.8135524889582,1.07161288966896,43.9065855332538,3.83505161951146,4.91708350170229,0.73,1,0.618,0.999,14.372736893662,42.1992738298434,15.7253506222263,46.1796998119914,6.58843695535243,8.14816105738652,2.57879402150669,6.58305365927441,22.7962916158352,26.7448754726247,43.4075015146536,66.3925286171102,6.65017860535866,43.3365954808862,4.3297100681822,5.30159974755141,0.798,1,0.706,1,17.1840149656688,51.9768903604761,19.6444062904884,60.5018565495146,6.34271250177803,10.0260432597563,1.36864637688311,9.11930620150836,21.5861439712116,29.2811280148587,40.2300018802114,100.521543446504,1.87319290495525,83.1617455968688,4.55504598524553,6.08638804589077,0.869,1,0.557,1,18.6547506038858,60.6959364911659,19.8336097860723,62.3261806382705,10.7691724262475,31.8149033073523,16.0749952299754,37.192052040311,18.0969091417024,25.7313411239935,23.3726076395181,30.9824334939973,21.0457308811049,21.1170568103356,7.6344319822911,7.6098258544792,1,1,1,0,9.87045408947115,32.6095324798307,14.644387250526,38.0295563166319,17.4020900975027,25.2777892301407,22.8895517484206,30.8876411275542,22.7390783903596,23.3851690661058,7.87569913263802,7.99808937913362,1,1,1,0,10.6584206147737,34.9841734219535,14.9627978302873,38.1040117105148,18.7944967024177,27.1086457586122,22.8811964132991,30.7814993275791,24.3257528071798,23.1412138802274,8.31414905619441,7.90030291427999,1,1,1,0,8.85828824382854,33.4053120918432,16.251682673083,41.5268786526793,17.5390194531897,25.4572068597986,24.7599324990452,33.6956110846693,24.5470238480146,25.2751959795962,7.9181874066089,8.93567858562416,1,1,1,0
432,500,1,1,"L'Ecuyer-CMRG","10407_-2029580984_-164062319_1163686976_-681476013_-1328605768_898267014","10407_557447845_1522449663_1321971901_-430223744_-1529140161_-1982949885",497857761,1446680747,981802317,1057074775,286326478,362381927,1031999540,78.8009999999995,5.59200000000055,5.84399999999914,2.25300000000061,2.68900000000031,543.1,1,NA,"abb1cb188ba5","not-a-git-build","bbd3d4119dab4c61438d29ca56ae93a0","confirmatory",662.027,8.55589969146735,8.82334080625863,0.44090757356452,-2.92760014611898,20.196168860689,16.9912538704313,73.2034195304511,77.8513429833886,0.194399488426552,8.57084261555589,4.87242170725578,5.07276062450509,0.522,0.983,0.5,0.997,12.6910059742947,40.1690954785062,13.4320003938977,42.3715188065434,8.58171360580413,6.52985754421009,1.95630657053217,-1.15314662852171,21.7115678576566,18.7657073880286,73.6458084120437,42.6390395476774,3.82713539790734,1.32974714687099,4.85215862767947,4.06638280667419,0.513,0.981,0.722,1,12.3222283565002,37.7999292583725,14.8504226937774,44.7133627258318,9.02245585553291,9.47394778962152,0.513335435950044,-4.00781295581497,20.2685967230745,15.9110410607353,81.4047096650401,89.7556867204744,0.263513269802021,16.0625646887983,5.17833691072145,5.75787827633208,0.582,0.999,0.689,0.999,15.3186625661115,49.5951153150577,19.7563107887458,60.3881334254761,7.68101233508362,10.0988131611969,1.14185780033269,-3.20091209294123,20.8971190874571,16.717941923609,58.9979504917067,101.986027264763,1.30383923618062,10.2458382267374,4.77303543160922,6.13569509431256,0.72,1,0.647,0.998,17.0387579474308,54.9378989775263,19.4070657811906,64.5628813785846,9.19532482216022,32.6472797412526,4.72323822187222,29.5767485198071,16.0347491709495,24.31939119393,13.1683122436028,20.9091912506458,23.4519549190923,24.8535102979348,8.2846420229805,7.740879007043,1,1,1,1,12.1045420471797,31.7487528721854,7.69054023806566,30.2390326552388,17.8715982125984,25.3769380640944,15.1247112925155,22.5504782120738,19.6442108250057,22.5484924171731,7.50533985149596,7.42576691955825,1,1,1,1,8.62925759045046,32.2723065676944,3.56458242634691,27.9233529931251,16.6001397365857,24.2244487171642,12.1074566177433,19.7866120817116,23.643048977244,24.3587705667782,7.62430898057854,7.67915546396831,1,1,1,0,8.61889859822276,32.5333926247157,4.55211296642213,29.3823041910351,16.7035780522033,25.1086856142191,11.9350432286221,21.1283865794188,23.914494026493,24.830191224613,8.40510756201582,9.19334335079677,1,1,1,1
435,500,1,1,"L'Ecuyer-CMRG","10407_1233392064_-334704035_-1090012847_926495698_-425345057_-1732282135","10407_-466860147_-309249859_-314487516_298906038_-64947130_-1447115256",1031999540,1178194949,354666022,768591267,747419050,1373017997,2132631588,80.7619999999988,5.75500000000102,6.50799999999981,2.05999999999949,1.88000000000102,540.127999999999,1,NA,"abb1cb188ba5","not-a-git-build","bbd3d4119dab4c61438d29ca56ae93a0","confirmatory",661.078,7.30552663933532,11.1613263204209,1.14575100316953,-7.35292765306733,21.0281833894593,12.7766818498379,53.370719478038,124.57520523092,1.31274536126397,54.0655450712422,4.21366932112065,6.39978865409815,0.552,1,0.509,0.923,12.4403150862976,37.4390732031021,14.4642562239194,41.6836350489704,7.1933473496324,11.5355006254577,1.46158469190308,-6.67780109158788,21.3440170781929,13.4518084113174,51.7442460924635,133.067774679935,2.13622981160543,44.5930274188123,4.13490987011077,6.64601301148873,0.518,1,0.503,0.94,11.6909659857467,36.7625145465531,15.5209542148765,46.2130756270798,7.92243567809513,12.9674523039016,1.12496399977991,-8.97381403832675,21.0073963860697,11.1557954645785,62.7649870735546,168.154819253963,1.26554400080082,80.5293383944703,4.62392117908927,7.47491084545024,0.525,1,0.504,0.959,12.9005776618511,45.3417087554263,17.1620103170542,57.1244182226956,8.10664314656021,11.0874054392809,1.54628929133773,-6.56364386917472,21.4287216776275,13.5659656337305,65.7176631056717,122.930559374996,2.39101057250575,43.0814208413549,5.00892714860473,6.52078008536396,0.677,1,0.585,0.975,16.9963910973019,58.182320422487,17.9390151055624,59.9987105233366,9.9862676188512,32.4447479606199,0.793121817226865,24.8133268898695,17.5299694605165,24.7518795985915,8.71161422395648,16.9030633967302,22.4584803417687,24.0202050726427,7.22191013807499,8.19144917277372,1,1,1,0,10.5255843367929,32.2639207841604,1.00239656993362,25.371447062787,17.8599969404588,24.8430950771139,9.32862359963026,17.7508471808937,21.7383364473675,24.3690504928534,6.98309813665515,8.42222358126343,1,1,1,0,10.2727619058941,32.0460973131255,-1.7224968369859,22.3711865907236,17.03731482757,24.6238838077466,7.29563177713484,15.1701394725677,21.7733354072314,24.0936834277095,7.58656898017659,7.87450769543286,1,1,1,0,9.74059144302471,34.1290297326431,1.48727302255236,25.6781922584837,17.3215496216145,25.2488906733414,9.53090290949731,17.5831241964981,24.3884382896184,24.1909192359313,7.9273410517269,8.05222128700083,1,1,1,0
434,500,1,1,"L'Ecuyer-CMRG","10407_-466344698_-1644824604_1860879508_1460780430_-1150345123_-1984880636","10407_-403891989_1399928470_1160515815_1062822788_-1178593389_1413048279",286326478,362381927,1031999540,1178194949,354666022,768591267,747419050,80.9800000000014,6.3020000000015,5.70700000000033,2.21600000000035,2.16499999999905,554.127999999999,1,NA,"abb1cb188ba5","not-a-git-build","bbd3d4119dab4c61438d29ca56ae93a0","confirmatory",675.392,15.6049904751145,6.30873682779593,-14.0908909362791,-1.48863394431653,6.07110713145095,18.6678362952128,243.515727728414,39.8001603623886,198.553207378111,2.21603102017138,9.69626552756832,3.78857295005841,0.164,0.862,0.661,1,14.1960556577233,42.4964771173303,12.6839166523047,38.8902654299098,16.6404612869058,8.68251685184875,-15.5869071382551,-0.276656329566681,4.5750909294749,19.8798139099627,276.90495184101,75.3860988826375,242.951674136588,0.0765387246893078,10.3354553694768,5.00539920324139,0.103,0.939,0.445,0.995,16.1517458129394,47.7478478889749,12.6252800916435,38.8828805739906,17.9296030519505,8.90936494857594,-13.778855642922,-2.53975667555442,6.38314242480799,17.6167135639749,321.470665600511,79.3767837869136,189.856862828484,6.45036397102323,10.6215949298839,5.26853396685193,0.336,0.854,0.601,1,18.3490107547231,56.1879045715836,16.7941880395855,53.8632555536585,17.0259216297638,9.39454305834617,-14.4774153784507,-1.87710803733655,5.68458268927931,18.2793622021928,289.882007342859,88.2574392751202,209.595556040201,3.52353458383347,10.1423951886752,5.48402913695442,0.258,0.911,0.508,1,16.5152659699882,53.5664288840258,15.3732312432192,51.4204310937364,-6.08348814303911,18.2075579949303,6.05582004355379,31.825732759718,2.04867992730023,10.3206868385922,14.0248872690126,23.2935790554283,24.2910461379694,25.7699127161642,8.27200691129193,9.26869178641565,0,1,0,1,-8.25706703041,16.3083395991166,7.88546608881279,30.9426956544377,0.532467370474454,8.64372081960089,15.759867840745,23.8743892246435,24.5654066295266,23.057229565625,8.11125344912644,8.1145213838985,0,1,0,1,-5.97565221620188,17.9711219253442,4.82815161031031,30.8663888327309,2.1841372051236,10.2907155134989,13.1442281433337,21.9162547840306,23.9467741415461,26.0382372224206,8.10657830837525,8.77202664069692,0,1,0,1,-7.04797965745111,16.9505199245607,6.65711685224114,30.5918863393755,1.47369121751761,10.0833941233616,14.0730027772071,22.9149371732956,23.9984995820118,23.9347694871343,8.60970290584402,8.84193439608851,0,1,0,1
437,500,1,1,"L'Ecuyer-CMRG","10407_297275023_-1910764318_-1694495975_-595940853_-828518681_-1574951053","10407_-879045728_-482155518_-1658406940_627605252_151307955_407031599",747419050,1373017997,2132631588,1504634164,478862853,486668360,1404753946,81.0730000000003,6.46300000000156,5.3130000000001,2.51399999999921,2.11799999999857,537.83,1,NA,"abb1cb188ba5","not-a-git-build","bbd3d4119dab4c61438d29ca56ae93a0","confirmatory",657.901,12.1386853275805,7.0597312801144,10.0899643140505,-2.36209602746094,30.2961460260535,17.6955136700921,147.347681482019,49.8398057474257,101.807379858814,5.57949764294675,7.3041052756681,4.10774446112743,0.289,0.851,0.453,1,11.809414564721,35.6758843686166,11.9173537824009,36.2200922201367,11.8188990008828,6.80874836257734,9.56545884360872,-2.81347347445288,29.7716405556116,17.2441362231002,139.686373593068,46.3590542648996,91.4980028887722,7.91563299144996,6.97399174531255,4.03876520187871,0.338,0.889,0.567,1,12.2023091762545,38.1182648683164,13.0841206815138,39.444184883727,13.2640115318162,6.59005733238782,8.08755840717667,-1.83607499593939,28.2937401191796,18.2215347016137,175.934001916154,43.4288556441585,65.408600989494,3.37117139071385,7.65544806295741,4.2495807465872,0.505,0.993,0.718,1,20.3725310854809,61.9752405871229,15.4673708660772,49.3083270351308,12.2167147138797,7.56906451808522,9.00796009646275,-2.62408716685282,29.2141418084657,17.4335225307002,149.248118400325,57.2907376789367,81.1433450994653,6.88583345924168,7.04865839582877,4.75127996352099,0.537,0.984,0.599,1,20.4772899617823,59.215419842079,16.3241661527386,50.9632820751078,19.8906703570098,40.9135915833044,6.80903408156135,27.116125857118,26.1766237569111,34.2533533968715,14.2118061426259,21.4293322272549,21.0229212262946,20.3070917755567,8.07672963996038,7.21752608462906,1,1,0,1,18.697035833213,40.2126956487396,7.39483476461142,28.2063832838326,25.7461218714976,33.7234944116941,13.5805663833946,21.2467610094212,21.5156598155266,20.8115485192212,7.97737254019653,7.66619462602663,1,1,0,1,17.0408716115619,40.5220478723545,6.3759922153916,28.6664223201375,23.9169476777713,32.4967707654111,14.7526860736877,21.9854981893231,23.4811762607926,22.2904301047459,8.57982308763982,7.2328121156354,1,1,0,1,17.7867717742142,42.2665225350472,5.65678705883581,27.8214711266588,24.9763861476909,33.2864316149164,13.5035420000312,21.2518361259089,24.4797507608329,22.164684067823,8.31004546722544,7.74829412587771,1,1,0,1
436,500,1,1,"L'Ecuyer-CMRG","10407_-720147577_1292751297_1838470560_-840311642_-691845369_1716320187","10407_-340621996_1121740527_661910035_992072470_2016164570_2028458825",354666022,768591267,747419050,1373017997,2132631588,1504634164,478862853,79.0290000000005,5.71600000000035,6.39599999999882,1.96500000000015,2.78799999999865,555.867,1,NA,"abb1cb188ba5","not-a-git-build","bbd3d4119dab4c61438d29ca56ae93a0","confirmatory",675.535,11.5598817616092,10.955096664605,-7.52950570058194,7.75297500816664,12.7815721227553,27.9018282823876,133.630866342384,120.014142930839,56.693456095096,60.1086214772565,6.61718896800296,6.20968721455917,0.426,0.907,0.455,0.993,13.0739258265726,39.7931388739736,14.6849635067009,43.4858246280193,12.2069447687148,9.94190929542492,-9.25692939041384,6.80796750612579,11.0541484329234,26.9568207803467,149.009500586454,98.8415604384563,85.6907417391075,46.3484215644646,7.09868831908239,5.67836437007883,0.373,0.909,0.511,0.997,13.3998482043013,40.6212821770022,15.4894375537418,45.6359461446477,10.9190243097647,10.392290568976,-7.56541125429272,7.18653095824146,12.7456665690445,27.3353842324624,119.225091877232,107.999703270027,57.2354474465789,51.6462272137628,6.25709619744885,6.28545542167596,0.476,0.992,0.656,0.999,15.6499226878078,53.781394415193,20.8033188051075,62.306240711746,12.7072242710046,11.1841599187599,-8.9965123937209,8.16838119569996,11.3145654296163,28.3172344699209,161.473548673608,125.085433088395,80.9372352503737,66.7224513582647,7.30098029591548,6.53630473961601,0.411,0.939,0.509,0.987,14.5405956329579,48.9603897057167,16.4338583837329,55.3886239725935,2.65533522446728,23.5060382511058,15.9306920507577,38.9025004358049,9.24700306922196,16.5193134744045,23.7193155106538,32.3304631689239,20.8507030266385,22.9718083850472,7.27231040518256,8.61114765827011,1,1,0,0,-0.409587619834332,22.3009035773345,16.4829518895949,38.0436258650039,6.79362106061329,15.2430510406048,23.1966851886103,30.5204633748401,22.7104911971688,21.560673975409,8.44942997999146,7.32377818622988,1,1,0,0,2.08087793206519,23.6693955606803,15.1576531975283,40.9541869073826,8.893782822663,16.4352746978464,22.6970458389641,31.5781074835522,21.5885176286152,25.7965337098542,7.54149187518344,8.88106164458808,1,1,0,0,-0.0789714641115159,21.7142194204918,16.2757565359115,38.641465272618,7.68254664837201,15.1355732267807,24.6273812920757,32.3457237147061,21.7931908846033,22.3657087367066,7.45302657840869,7.71834242263039,1,1,0,0
439,500,1,1,"L'Ecuyer-CMRG","10407_-678130849_-589278587_772831541_-1374306069_-1202795347_-937622235","10407_1487414035_-568605901_-1363629173_-432516067_-556828169_117322481",478862853,486668360,1404753946,412151088,1206863524,1192114219,1231133832,80.9639999999999,5.29299999999967,5.95900000000074,2.13199999999961,2.84600000000137,531.523999999999,1,NA,"abb1cb188ba5","not-a-git-build","bbd3d4119dab4c61438d29ca56ae93a0","confirmatory",652.559999999999,11.0494517177307,7.57482758321092,5.42659341095028,-0.480634230359449,25.0937030070972,19.1868257685028,122.090383262462,57.3780129153729,29.4479160477689,0.23100926339322,6.3830582337408,4.39991078314815,0.446,0.933,0.479,1,13.9701872359729,40.8523963440982,12.8713632981076,37.5879697242456,10.166165869333,7.12700726284894,4.31593965284164,0.242766097022589,23.9830492489886,19.9102260958849,103.350928482791,50.7942325247015,18.6273350869708,0.0589353778635809,5.80107862899773,4.20447493242396,0.443,0.941,0.54,1,13.1804930125668,39.1530146814014,13.0759207484856,40.6999767205039,10.4265130637167,7.11877689189454,3.871755298593,-0.0937091681369004,23.5388648947399,19.5737508307254,108.712174667856,50.6769844365717,14.990489092183,0.00878140819290988,5.98283137199765,4.52459748741839,0.51,0.989,0.673,1,15.1423387973248,49.5329734651905,16.1977140830592,52.2154632591654,10.6320168562073,7.87624343714077,3.18799670396772,-2.99880542879323,22.8551063001146,16.6686545700691,113.039782430676,62.0352106811031,10.1633229845091,8.99283399975974,6.12696415168344,4.83285867299619,0.487,0.989,0.529,1,14.9495210074379,50.658161855243,14.4740285738249,51.6345697605959,11.0834060381256,38.2197759934227,6.64496309369133,31.7854135060167,20.4178211922568,29.7163566821387,14.8191625407268,24.0133227164412,27.1363699552971,25.1404504123254,9.29853548988192,9.1941601757144,1,1,0,1,12.8958242598658,34.9396660178281,9.51646588987855,31.6716444692765,20.4338464233822,27.5875951825497,15.2690258608418,23.8250933341012,22.0438417579623,22.155178579398,7.15374875916748,8.55606747325944,1,1,0,1,9.8845412976613,35.618924104605,7.20703482031604,31.1496648026432,19.0770921067573,28.099730774364,15.3775531382316,23.8218082987415,25.7343828069437,23.9426299823271,9.02263866760669,8.44425516050995,1,1,1,1,9.42048028235553,36.1245261981128,3.52255298473521,29.6034291555026,18.1918669160671,27.3525510703716,12.2054408595282,21.1925584544118,26.7040459157573,26.0808761707674,9.16068415430446,8.98711759488357,1,1,1,1
438,500,1,1,"L'Ecuyer-CMRG","10407_-163689721_831469627_-1272448703_1866774708_-1214332609_-403424881","10407_-2022363584_5213387_-1918611471_-1791825876_-790961514_-1482780700",2132631588,1504634164,478862853,486668360,1404753946,412151088,1206863524,79.2170000000006,5.8799999999992,6.46699999999873,2.34900000000016,2.9380000000001,546.799000000001,1,NA,"abb1cb188ba5","not-a-git-build","bbd3d4119dab4c61438d29ca56ae93a0","confirmatory",668.922,8.64784053058237,8.15835346933686,-4.28676174709693,2.76052300221611,15.9687899561482,23.1654575620592,74.7851458423832,66.5587313306407,18.3763262763735,7.62048724576427,4.99622831670925,4.69912967079889,0.576,0.981,0.558,0.996,14.1463937702344,42.1298574330041,13.5958496806539,41.4452154066328,9.9913483236407,9.60238936435656,-4.28206161658995,2.033121050626,15.9734900866551,22.4380556104691,99.8270413243177,92.205881504708,18.3360516882729,4.13358120649857,5.71234130908047,5.4560359847775,0.548,0.978,0.542,0.994,15.3079593612593,45.6397423993183,15.3836976391663,44.1256049429511,11.9201963177425,10.4608725110958,-5.71484272043207,0.294689095319864,14.540708982813,20.699623655163,142.091080253522,109.429853693399,32.6594273192755,0.0868416629004399,6.76567848905208,6.01019397994212,0.55,0.966,0.553,0.998,17.972646121429,55.0678568686407,17.3183041071085,53.2876547538972,14.4415646389223,10.4971363496021,-6.10666535468593,1.31551520205297,14.1488863485592,21.7204497618961,208.558789220171,110.189871542138,37.2913617541214,1.73058024683246,8.18139356336873,6.06172061250595,0.444,0.977,0.545,0.992,19.9789760991358,59.9918898021126,16.7846980699478,52.328517315175,5.67265780456467,26.6501725397549,11.0581662421116,35.4656027336723,12.45937907008,19.5894994395008,18.979211607745,27.5838509484188,20.9775147351903,24.4074364915608,7.13012036942081,8.60463934067371,1,1,0,1,4.08770397793504,26.6988287028063,9.72002574410527,34.7957511123413,11.8345328304692,19.6442988477071,17.6306796516609,27.260968315414,22.6111247248713,25.075725368236,7.80976601723785,9.63028866375311,1,1,0,1,2.4068164292114,26.2657842585024,7.73591078826129,33.719358208513,10.2393510588352,18.8153949345123,16.2620562547861,25.2996849147617,23.858967829291,25.9834474202517,8.57604387567708,9.03762865997566,1,1,0,1,1.05541098843646,27.6703520738085,8.59330025274475,34.450813878741,9.53524540917251,18.9492467844235,17.164700801118,26.3051916589746,26.614941085372,25.8575136259963,9.41400137525096,9.14049085785663,1,1,0,1
441,500,1,1,"L'Ecuyer-CMRG","10407_-393830723_-944485474_1446772781_811104750_1887640787_-1120704311","10407_-177426947_1881920315_1938396123_-275339984_509414497_-332834756",1206863524,1192114219,1231133832,412659026,586738949,301498023,1015624871,80.4629999999997,6.62199999999939,5.94400000000132,2.50099999999838,1.88300000000163,545.073,1,NA,"abb1cb188ba5","not-a-git-build","bbd3d4119dab4c61438d29ca56ae93a0","confirmatory",665.927000000001,4.72213499548508,10.1803886544451,-2.04877418143885,-7.92698630226046,18.2195423688183,12.1425400115673,22.2985589155849,103.640313155555,4.19747564653042,62.837111836225,3.21047140356161,5.9170660763246,0.818,1,0.52,0.994,13.2208480970405,39.3645764533361,15.3123707219223,44.7954918223035,7.58114353294313,9.25728951172196,-2.08439518076845,-7.28572040429571,18.1839213694887,12.783805909532,57.4737372670855,85.6974091038374,4.34470326961072,53.0817218095708,4.42978478074312,5.4561238467394,0.622,1,0.584,0.998,14.0097998356882,41.6879498073041,17.4484930528709,50.6049684944505,8.0069272941105,14.9588940960159,-3.07655748414989,-10.7889891240898,17.1917590661072,9.28053718973787,64.1108846931717,223.76851257582,9.46520595327871,116.402286319729,4.92565350128261,8.65940837237659,0.673,1,0.487,0.985,16.5147984833591,52.7547353989933,22.8023140057363,66.2436031229288,5.52589169945096,13.2367724774253,-3.12252402759185,-9.39979515284969,17.1457925226653,10.669731160978,30.535479074061,175.212145619124,9.75015630288843,88.3561489155365,4.01717013430817,7.69942780034144,0.799,1,0.522,0.985,15.7052884579574,52.7489040007214,20.0227495452328,59.1548543996858,7.76567999184392,29.3356250483686,0.636333274570333,22.4937465066655,14.0890975939118,21.7963310445999,8.82663361556075,15.7560264262178,21.5699450565247,21.8574132320951,7.70723345068808,6.92939281065706,1,1,1,0,5.97425605921372,28.6546448113732,2.00819098267029,25.9233931549795,14.3717158223994,22.1883716552772,8.90609863942179,16.6654283694312,22.6803887521595,23.9152021723093,7.81665583287788,7.7593297300094,1,1,1,0,7.1708512198214,27.8305681362736,-1.67627767796811,19.9405599842242,12.8976113817385,21.6282749902764,5.58598417535266,13.124326068296,20.6597169164522,21.6168376621923,8.73066360853793,7.53834189294332,1,0,1,0,5.91476713932583,28.998834487024,-1.3645696491905,22.7196167589136,13.339154366156,21.1527607947733,6.85333136089601,14.7318018463166,23.0840673476982,24.0841864081041,7.81360642861732,7.87847048542063,1,1,1,0
440,500,1,1,"L'Ecuyer-CMRG","10407_-349513357_-968410455_1138272528_706274751_769527263_-1615670594","10407_615725059_-1732511170_-242816539_-846934496_587498517_-1188270888",1404753946,412151088,1206863524,1192114219,1231133832,412659026,586738949,79.5969999999998,6.36599999999999,5.13199999999961,2.37699999999859,2.14300000000003,560.076000000001,1,NA,"abb1cb188ba5","not-a-git-build","bbd3d4119dab4c61438d29ca56ae93a0","confirmatory",679.896000000001,7.82899608203197,11.4607347587159,-1.17476899237528,-8.28481788466727,19.6478203114941,12.5142967613237,61.293179652472,131.348441209638,1.38008218544644,68.6382073821027,4.46573846120666,6.69176400085375,0.514,1,0.349,0.91,11.560122414303,36.3973956678757,11.3099997628845,36.1605686961039,7.74990307026405,10.5843187552085,0.641123097953557,-7.93707000480299,21.463712401823,12.862044641188,60.0609975984882,112.027803511858,0.411038826729566,62.9970802611433,4.56938129272783,6.08923593145749,0.615,0.996,0.415,0.987,14.3052645753074,43.8352253503879,14.4516317866883,42.5530022918673,7.60157534263274,10.386432151784,-0.322989362834829,-7.15287336187205,20.4995999410346,13.6462412841189,57.783947689722,107.877972843612,0.104322128504449,51.1635973309787,4.75826368987077,6.01296625155342,0.697,1,0.512,0.999,16.6505407458063,54.8942902314887,16.9716290288789,52.3258893700719,8.10986217720423,11.933119376937,-1.18910842047783,-8.77366868804718,19.6334808833916,12.0254459579438,65.7698645332477,142.399338064228,1.41397883565127,76.9772622476194,4.90125224956965,6.80796421291465,0.643,1,0.423,0.998,15.6414747736626,55.7728000915859,15.7408288219067,55.3712445012892,8.24547457340583,29.8248329992706,0.898841317446677,23.2780445070818,15.6597541789389,23.8386567298167,8.46798516275415,16.3816657697917,21.5793584258648,22.3792031896351,8.17890255087783,7.91368060703755,1,1,1,0,8.4827716737127,33.1686902831446,2.2092206831191,25.3741987975936,17.1965333689777,25.8088393582868,8.69524854206604,16.8727169231409,24.6859186094319,23.1649781144745,8.61230598930915,8.17746838107488,1,1,1,0,7.97860657035779,33.99345277958,1.28516910709757,25.861418657273,16.006023457981,24.9708194398254,9.54664385494751,18.0812022579045,26.0148462092222,24.5762495501754,8.96479598184434,8.53455840295702,1,1,1,0,6.4629217833952,34.6140348169328,-1.47791808949822,24.5731855235476,15.1098331152095,24.1248077468901,7.56962088981249,16.5257466547198,28.1511130335376,26.0511036130459,9.01497463168056,8.95612576490726,1,1,1,0
443,500,1,1,"L'Ecuyer-CMRG","10407_1808700932_-1474434823_-842295733_685600089_1912902920_-501095209","10407_-1944742525_-1108774699_920879355_-2120462959_-497407049_1987862751",586738949,301498023,1015624871,1888743192,862736078,1931144896,164568920,81.9480000000003,5.89400000000023,6.20600000000013,2.0570000000007,2.08699999999953,551.906999999999,1,NA,"abb1cb188ba5","not-a-git-build","bbd3d4119dab4c61438d29ca56ae93a0","confirmatory",674.368,9.57933837092146,16.6019192604843,6.71293437186085,14.3485788866156,26.3070740726864,34.0935868421271,91.7637236246082,275.623723131639,45.0634878809108,205.88171606543,5.51575170228057,10.8639521868562,0.401,0.953,0.175,0.594,11.4040404782178,34.4027305067586,10.9195767313275,34.0427007228639,9.24097417783521,18.6508145704169,5.9110292687875,16.5941642263588,25.5051689696131,36.3391721818703,85.3956037554171,347.852884140075,34.9402670164625,275.366286371367,5.26573170569755,12.1624896316261,0.471,0.969,0.147,0.652,12.6169871753022,39.3056184138994,13.4257960231733,40.9030135093994,9.36773194749399,17.9370562641098,5.84755389439315,15.1627162803942,25.4416935952187,34.9077242359057,87.7544018400995,321.737987421841,34.1938865478325,229.907964999731,5.35697911778128,10.8396957341474,0.537,0.996,0.253,0.831,14.3981963009865,44.3780281766013,16.4030882569859,55.0697855719759,8.97606325166406,18.2336083212213,5.17845631644033,15.8603704109227,24.7725960172659,35.6053783664342,80.569711497874,332.464472411709,26.8164098212807,251.551349571672,5.16957318953658,11.3769169874367,0.502,0.993,0.169,0.797,12.8517779323543,47.2799069853349,13.5446518410828,49.0596056332481,14.3459037077589,37.4760742774411,22.350863170197,45.4390893622021,22.1010870913375,30.6332549856982,30.1470181755132,37.9347446054621,23.1301705696822,23.088226192005,8.53216789436073,7.7877264299489,1,0,0,0,14.3239410109786,36.2616556751303,22.6077347676039,48.822397128656,21.6345766050494,29.6031156693688,32.5114283217832,40.3029067934586,21.9377146641518,26.2146623610521,7.96853906431939,7.79147847167544,1,0,0,0,14.4650432447165,36.9643443107875,22.5598820395132,47.0747545459338,21.2814868102661,29.6420394982761,30.3756283292053,39.2834773665161,22.499301066071,24.5148725064206,8.36055268801006,8.90784903731082,1,0,0,0,14.2530746234338,36.0186942221542,23.8840407024841,47.5602991114594,20.5332513778611,28.6131155951083,31.2316080106471,39.9061181784956,21.7656195987204,23.6762584089753,8.0798642172472,8.67451016784858,1,0,0,0
442,500,1,1,"L'Ecuyer-CMRG","10407_1495617860_137974631_-979596721_-1505839839_856827000_33688861","10407_203292418_985034443_-1169204215_2064837032_-1574780383_-1014222556",1231133832,412659026,586738949,301498023,1015624871,1888743192,862736078,82.9269999999997,5.71099999999933,6.10799999999836,2.32700000000114,2.13899999999921,558.974,1,NA,"abb1cb188ba5","not-a-git-build","bbd3d4119dab4c61438d29ca56ae93a0","confirmatory",681.099,7.6730150100736,9.85017200120469,4.72011384593756,4.48149029781603,24.2023725821284,23.9472068430507,58.8751593448147,97.0258884533168,22.2794747186115,20.0837552894192,4.56604344826897,5.625625134531,0.617,0.998,0.426,0.979,14.6975150011778,44.4985213037958,12.8608887609095,38.2587492041303,9.90093811541688,10.9283500051627,7.34787758564433,4.71057103018534,26.8301363218351,24.17628757542,98.0285755653148,119.428833835339,53.9913050136144,22.1894794304214,5.83515543378696,6.15624446880331,0.53,0.991,0.445,0.979,16.5622693250805,47.4927733764414,14.9238430079988,44.2550024923445,10.2092831720365,11.8046157275747,4.23090849473638,6.11282899778364,23.7131672309272,25.5785455430183,104.229462886827,139.348952475705,17.9005866908325,37.3666783561446,6.27686335883015,6.70984647329163,0.621,0.998,0.483,0.996,20.10910863224,62.2747557165026,17.3929932703861,53.5369898473292,10.2583146358388,12.3524179072839,5.28062884161478,6.79603601682926,24.7628875778056,26.2617525620639,105.233019167865,152.582228156187,27.8850409628938,46.1861055420405,6.52195184494348,7.16413085920499,0.693,0.999,0.562,0.994,23.021057184998,70.4145170290569,20.8202666843944,65.4714664713715,14.0951879758102,35.8874474325034,12.8244856115433,35.1389656576202,20.3117252747271,27.8466606809262,20.2305740224973,27.6129648282437,21.7922594566932,22.3144800460768,7.53493540619919,7.38239080574642,1,1,0,0,15.5535638825859,36.7044555440726,11.7770777669819,35.6198203941211,23.5078520759225,30.658565219377,20.1235168744609,28.4256281425904,21.1508916614867,23.8427426271392,7.1507131434545,8.30211126812957,1,1,0,0,10.5401860088867,36.4783600658912,15.272228753401,37.2864172845983,19.2057291021557,28.1849752238969,21.2019552314831,29.7082709897739,25.9381740570045,22.0141885311973,8.97924612174127,8.50631575829082,1,1,1,0,12.167630666934,36.7516464502014,14.271649431899,38.6328676623582,19.8981447277581,29.1497387813433,21.7736247661167,30.8043515285257,24.5840157832674,24.3612182304591,9.25159405358517,9.030726762409,1,1,0,0
445,500,1,1,"L'Ecuyer-CMRG","10407_1309348470_863643788_1253174531_-1161371518_-699541792_3620222","10407_-638442977_757634420_214849374_374935868_1598037111_-683125519",862736078,1931144896,164568920,1809873016,1810355390,298639932,127335717,79.7129999999997,6.50400000000081,5.73499999999876,2.67200000000048,2.38799999999901,542.802,1,NA,"abb1cb188ba5","not-a-git-build","bbd3d4119dab4c61438d29ca56ae93a0","confirmatory",663.498000000001,11.3315730027875,7.53623374267356,-3.34644384351571,6.20428970574793,16.7231704103712,26.1441893027131,128.404546717502,56.7948190242115,11.1986863978042,38.4932107528498,6.38654345976297,4.47210287777024,0.449,0.984,0.54,1,15.2405386002382,45.7597985774903,14.0496907011683,41.79699505341,11.1282457932246,11.034748044961,-3.09656363071223,9.55164806037231,16.9730506231747,29.4915476573375,123.837854434421,121.765664415772,9.58870631904972,91.2339806692141,6.20951478811507,6.40957120668744,0.471,0.982,0.365,0.991,15.0607729877306,44.8538034022514,14.7624816027474,44.1751959716463,15.5092490182862,11.8325127909501,-3.09486070971549,8.82058579483269,16.9747535441714,28.7604853917979,240.536805111211,140.008358947999,9.57816281254067,77.8027337640042,8.66542706305615,6.75824064894292,0.51,0.982,0.587,0.998,20.5791032042275,64.509011388757,20.4841800088033,61.732316665846,14.0240311629836,11.1218092310451,-3.1955416180929,5.09148533831501,16.874072635794,25.0313849352802,196.673450060334,123.694640571759,10.2114862329638,25.9232229502768,8.072878517496,6.29879884062347,0.541,0.995,0.749,0.997,22.1833486391761,70.3661642724883,20.5082691117841,63.126916286369,2.20973170932471,29.4593150798385,13.0838414602348,37.0859969714512,12.4685305844397,21.4439537970151,22.158853406972,30.5863014441989,27.2495833705138,24.0021555112163,8.97542321257539,8.4274480372269,1,1,1,0,6.05088386774398,29.3891219066103,16.3922930643728,41.4716159118323,13.0865457820273,20.2872209452387,25.044962005373,34.2138463201603,23.3382380388663,25.0793228474595,7.2006751632114,9.16888431478737,1,1,1,0,3.62060426336163,30.7055674996009,17.3839367695141,40.1214335730815,12.5652093625341,21.9316533811218,24.6536582136027,32.5063243537726,27.0849632362393,22.7374968035674,9.36644401858774,7.85266614016992,1,1,1,0,1.77480205318919,31.8409460645871,11.5861542375469,37.4834758529347,11.7724700242555,22.0998503831779,20.5000361367837,29.7104924321648,30.0661440113979,25.8973216153878,10.3273803589224,9.21045629538105,1,1,1,0
444,500,1,1,"L'Ecuyer-CMRG","10407_-1203724484_-1027822971_-1512925796_1909427976_-1689996826_-1333175705","10407_-200401222_-1867536805_-21381744_-874252761_-1195622532_784425181",1015624871,1888743192,862736078,1931144896,164568920,1809873016,1810355390,80.2739999999994,5.94300000000112,6.42499999999927,1.98100000000159,2.59400000000096,549.138000000001,1,NA,"abb1cb188ba5","not-a-git-build","bbd3d4119dab4c61438d29ca56ae93a0","confirmatory",669.966999999999,7.9337149689394,8.35540124290597,-3.1969070675807,0.359341964348559,16.9795327314057,20.331083412168,62.9438332083731,69.8127299299547,10.2202147987475,0.129126647341881,4.87212695895037,4.83578734049947,0.714,0.998,0.512,1,17.8850414553438,50.9607557827763,14.0049611673787,40.8928866789548,6.9144034198863,9.34818518060041,-3.47895842742097,2.01312239052978,16.6974813715654,21.9848638383492,47.8089746529354,87.3885661707971,12.1031517397234,4.05266175925235,4.61405663155602,5.36163137761143,0.841,1,0.513,0.999,19.5627858437008,55.9047331375779,14.6829562020116,43.6211671849919,13.4299917372024,8.31617103067405,-5.25094900957849,0.98780456014839,14.9254907894079,20.9595460079678,180.364678061325,69.1587006114223,27.5724655011933,0.975757849049955,7.83925259524039,5.13545278937455,0.64,0.998,0.661,1,25.712972116293,74.7477246565302,17.4305524982414,56.9324797744364,8.86358696943289,11.9819865440672,-3.39448238595062,2.04792098739888,16.7819574130358,22.0196624352183,78.5631739647005,143.568001542208,11.522510668529,4.1939803706288,5.88637433276913,6.8615572610884,0.818,1,0.53,1,23.6545986229949,70.9504931349524,19.5121903806694,59.7835653741444,3.65008585718599,28.8312510503988,9.3398286035933,31.7555650474504,12.826324072632,21.8465582609509,16.1786105894313,24.57635593092,25.1811651932128,22.4157364438571,9.02023418831884,8.39774534148862,1,1,1,1,3.74773462338347,28.4611530575587,11.3805538388811,33.2160125780074,11.960476828831,21.3418101877161,17.8965817704065,25.6134893553148,24.7134184341752,21.8354587391263,9.38133335888509,7.71690758490831,1,1,1,1,1.85211406296061,27.8568558585574,7.94020545125349,32.1509004164385,11.1173355700416,19.1779679591331,16.9272609196624,25.2483134989879,26.0047417955968,24.210694965185,8.06063238909143,8.32105257932555,1,1,0,1,3.41303005987544,29.1871021494763,9.33085796543618,34.2404816560601,12.5743963713938,21.3619799525539,17.3458966405583,26.4844300287362,25.7740720896009,24.9096236906239,8.78758358116008,9.1385333881779,1,1,1,1
447,500,1,1,"L'Ecuyer-CMRG","10407_204798025_1159572269_435655642_-977627020_1089320827_-869797719","10407_-1932148845_-1367372151_988069204_109511020_-1466341269_-1501937358",1810355390,298639932,127335717,1951967879,537366890,2036572079,950191946,83.0149999999994,5.63100000000122,6.45499999999993,2.04299999999967,2.06999999999971,549.622000000001,1,NA,"abb1cb188ba5","not-a-git-build","bbd3d4119dab4c61438d29ca56ae93a0","confirmatory",672.871999999999,8.52317636310163,5.05502463319127,5.62491971267545,2.06781591353386,25.8359838685878,22.2087395316033,72.6445353165343,25.5532740421705,31.6397217740448,4.27586265226387,4.98341421857634,3.4352479595794,0.54,0.997,0.816,1,14.0844983936467,42.2587485569806,14.1299380989181,42.0738770467342,9.12697149830924,5.86706655382769,7.01190429376791,2.44332081208972,27.2229684496803,22.5842444301591,83.3016087309492,34.4224699470436,49.1668018249609,5.96981659079077,5.30840857783662,3.81355770643126,0.508,1,0.794,1,15.1076678301931,43.8427249749372,15.2255474729865,44.3562708954475,10.0220169611292,13.5783926038815,7.057322314515,2.36750412763154,27.2683864704273,22.508427745701,100.440823969161,184.372745705145,49.8057982509513,5.6050757943524,5.92370909531012,7.69079758322225,0.582,0.999,0.563,0.994,18.182545816593,55.1212543116704,21.8802532394445,66.8019222207044,9.37140210984331,6.41806050041428,5.24067358229075,2.54303568121238,25.4517377382031,22.6839592992818,87.8231775043756,41.191500586978,27.4646595961202,6.46703047591932,5.60409012577743,4.42456114909358,0.611,0.997,0.856,1,17.5169821039075,53.7046546349514,18.8482381880669,55.8006608718841,15.84950537612,36.663272578783,10.7331514340251,35.6862700099251,21.8887479672736,29.829584744379,18.1258756898826,26.1318205755222,20.8137672026629,24.9531185758999,7.94083677710539,8.00594488563963,1,1,0,1,16.4764759080991,38.7483873133107,11.9034640807646,33.834668967778,23.0675053743826,31.0309641601762,18.7086955054852,26.4455143572253,22.2719114052116,21.9312048870134,7.96345878579365,7.73681885174015,1,1,0,1,14.7985638315059,39.2509605978676,11.7709736897191,33.1370987222172,23.1947611163885,31.2296636176594,18.7284410064497,26.4005417502373,24.4523967663617,21.3661250324981,8.03490250127092,7.67210074378766,1,1,0,1,14.6607649442042,36.5831409098649,12.8357609676336,32.8371851008252,21.6622593568528,29.3962463653788,19.1956022353576,26.287661107576,21.9223759656607,20.0014241331917,7.73398700852603,7.0920588722184,1,1,0,1
446,500,1,1,"L'Ecuyer-CMRG","10407_1006789746_-1881509187_-1792346962_1502107122_1898888050_1818111840","10407_-1656729493_1404101405_-1661467699_1833216352_5564390_924039751",164568920,1809873016,1810355390,298639932,127335717,1951967879,537366890,82.2240000000002,5.87299999999959,6.55400000000009,2.13199999999961,2.01999999999862,561.173999999999,1,NA,"abb1cb188ba5","not-a-git-build","bbd3d4119dab4c61438d29ca56ae93a0","confirmatory",684.734,6.29117052348069,9.13271614775112,1.05766585094263,4.78322437193352,20.7252022347698,24.5220400309303,39.5788265555123,83.406504235394,1.11865705225021,22.8792353922588,3.78266068954859,5.25391303970905,0.618,1,0.349,0.978,12.3427432165722,38.6764519587716,11.5083876257687,34.9725582113307,6.94865426652274,10.8157801719521,1.8171103824808,6.16507684811712,21.4846467663079,25.9038925071139,48.2837961156647,116.981100727992,3.3018901421195,38.0081725431897,4.26748491593545,6.19736350498551,0.739,1,0.385,0.967,15.7579065799067,47.7658166599409,12.6084135021648,38.6622467960856,8.66647263149706,10.8587683908629,1.55731415143008,4.68993829735304,21.2248505352572,24.4287539563498,75.1077478724875,117.912850966404,2.42522736624438,21.9955212329787,5.23459468915292,6.20958990432401,0.709,0.999,0.456,0.997,18.0167718738435,58.6942193740953,15.3297615069009,51.3613636261817,7.07067262600473,10.4065345925655,1.60291940406575,6.2348273220422,21.2704557878929,25.9736429810389,49.9944113841326,108.295962226262,2.56935061593049,38.8730717356839,4.83993546116828,5.93833469959667,0.819,1,0.495,1,18.7476894857412,61.9612802002898,16.374837870918,55.0898188325461,11.3448623434922,31.0453335895718,14.0980078099123,35.1373242996753,16.815550206104,24.4873789156597,20.8672791427641,28.0838776946285,19.7004712460796,21.039316489763,7.67182870955571,7.21659855186438,1,1,1,0,10.6464698560296,31.8748539640436,15.6094727734698,36.1536924172515,17.6726392497521,25.0828422713523,22.1402757824895,29.7531785311015,21.228384108014,20.5442196437817,7.4102030216002,7.61290274861197,1,1,1,0,10.4284996604285,33.4491274153757,12.9484196014439,36.1478817323917,17.1562582804873,25.3341654152719,20.3690228117907,28.2499023874261,23.0206277549471,23.1994621309478,8.17790713478452,7.88087957563538,1,1,1,0,8.20954096146526,33.7846786551955,15.3807766729529,37.1459543066915,16.9866591597177,25.3354603807518,21.9151929784448,30.1434692354725,25.5751376937302,21.7651776337386,8.34880122103416,8.22827625702765,1,1,1,0
449,500,1,1,"L'Ecuyer-CMRG","10407_1853061301_1630947941_-56293188_-846269227_-1091126629_-1197268992","10407_462950996_-1814877894_-2101527798_2109275527_-557628526_1211266222",537366890,2036572079,950191946,1549797346,278251130,92322885,235155193,83.2180000000008,6.12700000000041,5.98400000000038,2.27099999999882,2.17100000000028,550.394999999999,1,NA,"abb1cb188ba5","not-a-git-build","bbd3d4119dab4c61438d29ca56ae93a0","confirmatory",673.294,13.2615790052949,14.6030501263611,-9.73277304280838,-10.3689478943372,10.4988597091304,9.80368435664598,175.869477713679,213.249072993015,94.7268711028174,107.515080435479,7.67199601095851,8.67457633062336,0.362,0.911,0.341,0.78,14.1033282819432,43.0572331573617,14.1008745091291,40.6201257957383,11.5013021818191,13.803791125605,-6.7699439849487,-6.96736583456754,13.4616887669901,13.2052664164156,132.279951877517,190.544649439331,45.832141559343,48.544186672699,6.53596019820842,7.99959651384917,0.502,0.968,0.391,0.867,16.1458941293499,47.7549869643858,15.0206680099426,44.6221181707084,14.9493233186946,16.018781522807,-8.42762508487608,-8.16770442869487,11.8040076670627,12.0049278222883,223.482267686865,256.601361475423,71.0248645712325,66.7113956345218,8.56182077399075,9.34565003143189,0.495,0.964,0.44,0.886,21.4509013683046,65.8858292773681,19.3332576442786,58.1693267187238,14.6954468313413,16.387858075521,-9.46364759038827,-7.10528850819723,10.7679851615505,13.0673437427859,215.95615757278,268.561892303417,89.5606257150618,50.4851247847196,8.46036117319431,9.47080196704351,0.43,0.92,0.419,0.873,18.6082811964556,56.2089293976626,19.2244184132256,56.92511638666,0.049380394284673,23.6192901648597,-2.10475995009716,21.7710109380481,5.92288281231994,14.7030297117407,5.71449746305793,13.6969154397189,23.569909770575,23.8757708881453,8.78014689942074,7.982417976661,1,1,0,0,3.12746594319063,24.885362440988,1.3335579648633,25.7949772413758,9.92383278120732,16.9286602444315,9.09732289132813,17.1435891135785,21.7578964977973,24.4614192765125,7.00482746322414,8.0462662222504,1,1,0,0,-1.0527062918661,25.4148143506359,-0.49432027432076,23.8818277221936,7.53363515889382,16.1110452062426,7.8996230989395,16.3167519870986,26.467520642502,24.3761479965143,8.57741004734874,8.41712888815908,1,1,0,0,-0.96018701677043,21.6804567030858,2.06591605063481,24.4415196276024,6.88625118454502,14.8386211757236,9.18954653419032,16.798246233259,22.6406437198562,22.3756035769676,7.95236999117861,7.60869969906865,1,1,0,0
448,500,1,1,"L'Ecuyer-CMRG","10407_-75336214_-2140957757_-872836145_799797810_-2131037463_-566622433","10407_-230783890_1152236745_589482393_339284951_2097543822_-26628368",127335717,1951967879,537366890,2036572079,950191946,1549797346,278251130,84.4609999999993,6.45399999999972,6.71800000000076,2.09100000000035,2.19900000000052,562.690000000001,1,NA,"abb1cb188ba5","not-a-git-build","bbd3d4119dab4c61438d29ca56ae93a0","confirmatory",688.860000000001,7.27845872940859,9.52284215575959,1.8421397534908,-3.53523727148413,22.2012582616604,16.9359759667627,52.9759614757041,90.684522723512,3.39347887139115,12.4979025656906,4.19438278475425,5.5154136924102,0.551,0.999,0.35,0.958,12.1094839778153,37.7174524115363,10.9796372483679,34.0843330882282,8.85565628154848,9.03912091150773,5.50802239862213,-1.84677562103089,25.8671409067917,18.6244376172159,78.4226481769291,81.7057068528564,30.3383107437231,3.41058019443404,5.05918883949652,5.22334012880335,0.544,0.998,0.401,0.998,14.3306539519284,43.4416792879748,12.4096230030241,37.4136712022419,8.15361419295498,9.92698548356274,2.20545654546026,-4.23730505003362,22.5645750536298,16.2339081882132,66.4814244075569,98.5450407908654,4.8640385739135,17.9547540870404,4.77116074741444,5.69295464609661,0.588,0.997,0.443,0.995,14.20388899165,46.3428007159386,13.9687284726905,47.8222553207385,7.35744596422041,8.04513721665718,3.50003467655118,-2.06260471935884,23.8591531847208,18.408608518888,54.1320111164233,64.7242328348425,12.2502427370608,4.25433822832135,4.45473835305262,4.71930909796058,0.581,1,0.475,1,13.0362656935694,49.5485842956323,12.4256477906685,45.5639725770569,11.6468245219132,33.1186143094961,6.26491107687943,27.3438125600771,18.5813507198481,26.0585289440071,13.1257853710438,20.9817198901359,21.4717897875829,21.0789014831977,7.477178224159,7.8559345190921,1,1,1,1,15.0886619289536,37.4819321386342,7.04690796718238,31.4438660306408,21.957275117583,29.5838529063035,14.2804847653648,22.6754892864297,22.3932702096806,24.3969580634584,7.62657778872054,8.39500452106496,1,1,0,1,11.187681419096,33.9333349628362,4.9019966942468,28.6739419630028,18.5039306424684,26.3960682669081,12.1479463011235,20.1933462742839,22.7456535437402,23.771945268756,7.89213762443969,8.04539997316044,1,1,1,0,12.8116040877764,35.9936806801612,8.0676113137632,30.1042890326112,20.0873394452302,27.4378469581767,14.301295803457,22.0638378939538,23.1820765923848,22.036677718848,7.35050751294649,7.7625420904968,1,1,1,1
451,500,1,1,"L'Ecuyer-CMRG","10407_1667044610_-266394052_1351983163_-1588928853_-312994357_115147028","10407_1961993283_-750595667_-2076572792_-134321877_-1770713039_718764100",278251130,92322885,235155193,115773617,898772280,768634389,975376803,80.7890000000007,6.86399999999958,5.70099999999911,2.4989999999998,2.08899999999994,550.225000000002,1,NA,"abb1cb188ba5","not-a-git-build","bbd3d4119dab4c61438d29ca56ae93a0","confirmatory",672.046,15.3562453658146,13.9189371495269,-14.4431725519233,-10.6224185037171,6.15529812340775,9.83613998645679,235.814271735102,193.73681137248,208.605233364631,112.835774868112,9.81892980428379,8.52375925478014,0.081,0.833,0.32,0.736,13.6530935901804,42.1598846820344,11.2798199913837,36.0130890431056,14.3028503766348,11.7537810240523,-12.6204553637117,-7.53595462776269,7.97801531161938,12.9226038624112,204.571528896402,138.151368361373,159.275893587439,56.7906121516979,8.5842482898,6.91051525001289,0.284,0.953,0.377,0.867,16.1978103918993,48.0026250349194,12.1368424449179,38.1486963173466,17.7858774213519,16.6196603757827,-16.2558763497514,-11.9723278032729,4.3425943255797,8.48623068690105,316.337435647355,276.213111006361,264.253515898405,143.336633029021,10.4434067435156,9.67403628623654,0.222,0.965,0.393,0.872,21.8651024154863,67.5956081490527,18.1472338321825,55.6977295787331,16.349118677811,15.5452881622528,-14.3723237484946,-10.911066773651,6.2261469268365,9.54749171652294,267.293681541149,241.655984047476,206.563689931541,119.051378139071,9.94231009191382,9.08890724087751,0.364,0.943,0.397,0.865,20.9705115035305,62.363607678207,17.4171328154248,52.6194763981525,-4.41729531110771,16.9870694714822,-0.505943818211499,20.8725347003437,2.3704215408702,9.81834234832827,6.49603397394993,13.2553006777269,21.4043647825899,21.3784785185552,7.44792080745807,6.75926670377699,0,1,0,0,-4.42742655746393,19.6106795712697,2.63565793960073,23.5685417645132,4.0163953932817,12.1464385208845,9.18725132144993,16.6377169261137,24.0381061287336,20.9328838249125,8.13004312760281,7.4504656046638,0,1,0,0,-7.3334700454892,16.8024100825607,-2.77977194977995,17.9761146081289,-0.203916392260026,8.61752786352802,4.79708566605592,12.3982272397417,24.1358801280499,20.7558865579089,8.82144425578805,7.60114157368575,0,0,0,0,-6.68432114619776,19.1752541708407,-1.54994636892899,19.7412215233317,1.89791270697812,10.6644437582111,5.30672813014633,13.8705190913162,25.8595753170385,21.2911678922607,8.76653105123301,8.56379096116988,0,0,0,0
450,500,1,1,"L'Ecuyer-CMRG","10407_512393422_-1938674655_-1455980064_152744367_1089897250_-838211389","10407_-812879846_-130500529_-1291574729_-440899003_-1771606106_360212762",950191946,1549797346,278251130,92322885,235155193,115773617,898772280,79.7099999999991,6.59999999999854,5.28900000000067,2.51199999999881,2.07400000000052,556.82,1,NA,"abb1cb188ba5","not-a-git-build","bbd3d4119dab4c61438d29ca56ae93a0","confirmatory",677.149000000001,7.97707519523143,13.7940829799916,-3.69558532918752,11.1110666622642,16.5702910339517,31.2756212345855,63.6337286703766,190.276725258893,13.6573509253061,123.455802373278,4.59810918145016,8.36484307886968,0.525,0.986,0.304,0.802,12.3561481224001,38.327955795853,12.0950534638751,37.0410628317786,9.95692080123704,14.903133918019,-5.88686677195664,12.7237311815444,14.3790095911826,32.8882857538657,99.1402718421068,222.103400578407,34.6552003907672,161.893335180204,5.7071977217733,9.12531855285589,0.494,0.954,0.259,0.835,14.0753649294615,41.7448737468628,13.6332976418674,39.9273109982556,9.3204283478032,15.0004112373674,-3.02070343990311,12.9094409880872,17.2451729232361,33.0739955604086,86.8703845865335,225.012337290137,9.12464927184249,166.653666624907,5.51075655443655,8.95170015387445,0.594,1,0.272,0.948,16.7061352721848,54.4877760816724,14.9652756440964,51.578863948163,7.87991661147251,15.8544582988246,-2.40430046915847,13.2840246920402,17.8615758939807,33.4485792643616,62.0930858037603,251.363847949169,5.78066074599566,176.465312018735,4.79872959914746,9.60758508495315,0.641,1,0.251,0.85,15.7411388133395,50.6238277829772,13.318619826923,45.5364290047632,5.65046248925141,27.9054615961386,19.8567623608715,42.2349872618862,12.718265991294,20.8820719073774,27.0072006217489,35.6614388598044,22.2549991068872,22.3782249010147,8.16380591608342,8.65423823805546,1,1,1,0,2.29044105910495,27.0485145104715,21.5220181541918,43.0381757066243,9.95963901117283,18.8297417427038,29.15024728848,36.6093312209882,24.7580734513666,21.5161575524326,8.87010273153096,7.45908393250826,1,0,0,0,5.57567799889347,29.1217929964566,21.6965551922296,44.1677928887736,13.1205285485909,21.1415938959912,29.3232088959187,37.0216010907459,23.5461149975631,22.471237696544,8.02106534740031,7.69839219482725,1,0,1,0,5.1566217555009,30.4791419627823,20.6150130478835,45.6184249062092,14.0407263109255,22.0527774003084,29.6544459595511,37.486068533592,25.3225202072814,25.0034118583257,8.01205108938291,7.83162257404092,1,0,1,0
453,500,1,1,"L'Ecuyer-CMRG","10407_871746285_635285185_-837040687_-2040312206_-1778794022_149936320","10407_-977121661_1388250414_111671076_911667219_-957171129_1753191801",898772280,768634389,975376803,1773372796,264280580,580458156,2156840,81.6749999999993,5.30099999999948,6.21099999999933,2.03499999999985,3.0480000000025,541.045000000002,1,NA,"abb1cb188ba5","not-a-git-build","bbd3d4119dab4c61438d29ca56ae93a0","confirmatory",663.192999999999,9.69408589857706,6.37660866331849,-6.89453282183502,3.72219881752297,13.0639187414986,23.7031666833936,93.9753014089906,40.6611380451084,47.5345828313604,13.8547640371694,5.57021616207439,3.84395461652509,0.521,0.99,0.663,0.999,15.0229033347452,43.4425377143839,12.7403737552255,39.1212914453885,9.6129610430349,8.2908158935376,-7.57691886776648,3.94570956704798,12.3815326955671,23.9266774329186,92.4090200149066,68.7376281805356,57.4096995287156,15.568623987494,5.5501745802152,4.82017048317124,0.502,1,0.651,0.996,15.6716881222696,45.4950911356471,15.1669549244495,45.5226932257753,14.2029583992248,8.51925480517379,-8.90189255746661,2.6079596057451,11.056559005867,22.5889274716157,201.724027290111,72.5777024354767,79.2436911046795,6.80145330519814,8.10266015951669,5.39962768504682,0.535,0.973,0.721,0.999,21.0699017567184,61.892028683856,18.8678765301525,61.9887169124207,14.0596351654453,7.14037433332952,-8.7388294677582,4.60712845303799,11.2196220955754,24.5880963189086,197.673340985425,50.984945620071,76.3671404665591,21.2256325827923,8.0643866250579,4.86267957011614,0.563,0.973,0.832,1,21.5687922379498,63.2603575584759,19.557627895245,60.6367580441868,1.86016872985616,23.9470137279432,12.8137796160375,33.948100577888,9.54264500960022,16.8838370118838,20.335649673669,27.35198821504,22.0868449980871,21.1343209618505,7.34119200228361,7.01633854137093,1,1,0,0,0.644012715076507,21.8079275170061,12.6064973481274,34.5547347526615,8.55248602657728,16.7621061414456,20.2314386670723,27.3861826189295,21.1639148019296,21.9482374045341,8.20962011486833,7.15474395185723,1,1,0,0,-0.931173675366186,22.5091135357676,10.2179366117114,34.5582286579644,7.18321205994128,14.9867943863136,18.3105721945978,26.4338127476737,23.4402872111338,24.3402920462529,7.80358232637231,8.12324055307592,1,1,0,1,-0.739213537975082,22.8625832533553,13.3040798202348,36.5173532149088,7.45267339049295,15.195711072756,20.4005531998073,28.2739343167421,23.6017967913304,23.213273394674,7.74303768226306,7.87338111693476,1,1,0,0
452,500,1,1,"L'Ecuyer-CMRG","10407_1955184617_317036783_286416376_312306320_-759065075_1116057498","10407_-442316084_-1836187080_-916289262_273270830_-1220810764_-106946416",235155193,115773617,898772280,768634389,975376803,1773372796,264280580,81.9089999999997,6.37899999999718,5.79699999999866,2.15899999999965,2.02100000000064,559.550999999999,1,NA,"abb1cb188ba5","not-a-git-build","bbd3d4119dab4c61438d29ca56ae93a0","confirmatory",680.272999999997,6.94141280819776,7.5611362438958,0.446264823034589,1.9572885753479,20.6097995032566,21.9598759633214,48.1832117738119,57.1707812987546,0.199152292278093,3.8309785671874,4.15524131422852,4.31535019317099,0.651,1,0.513,1,14.09979201373,41.0904292882298,11.8739273087006,36.2530704315072,8.400873670922,9.37202439129057,1.84134956110158,0.917173620163293,22.0048842413236,20.9197610081368,70.5746784347904,87.8348411909453,3.39056820616897,0.841207449523441,4.85462554119716,5.35700467177712,0.582,0.992,0.485,0.987,14.1648643571474,42.0237755893115,13.5484833979166,39.7709733395009,10.683237677298,11.7689806991811,1.2631054296698,0.463377341090126,21.4266401098918,20.4659647290636,114.131567269639,138.508906697698,1.59543532646134,0.214718560235755,6.33707215663527,6.6965757477413,0.614,0.995,0.5,0.98,20.0545223466234,59.1090557247421,17.3549670866833,53.5995188534801,9.23808232669873,9.07246575190896,-0.637182038109636,1.68509450584698,19.5263526421123,21.6876818938205,85.3421650748633,82.3096348195611,0.406000949689549,2.83954349363568,5.45124343603082,5.23661135478309,0.576,1,0.588,1,17.1952565515938,51.952749626517,15.2883682111201,48.5747939219864,9.36605884828619,31.8345546030844,12.5896053991417,32.068929795055,16.4239450522877,24.708501452051,18.736988267892,24.9351950878365,22.4684957547982,19.4793243959133,8.28455639976331,6.19820681994453,1,1,1,1,11.4803038564017,32.8710812346264,11.4839847623643,32.2050667870894,18.0891772464073,26.0303089743954,16.9293920276231,24.585086226391,21.3907773782248,20.7210820247252,7.94113172798815,7.65569419876794,1,1,1,1,9.63862121945017,32.1005581868285,8.98908888873453,30.6738577969817,17.5381505803835,25.6598948071879,17.0319597735433,24.2537580438934,22.4619369673783,21.6847689082472,8.12174422680443,7.22179827035017,1,1,1,1,7.67454460522019,29.8704037067969,10.5090648531682,32.3574646431918,15.916436098321,23.5894874780567,18.3375868139141,25.1608929956322,22.1958591015767,21.8483997900236,7.67305137973573,6.82330618171818,1,1,1,1
455,500,1,1,"L'Ecuyer-CMRG","10407_381801083_1876760065_-1585782357_-1202163956_1239095949_755933001","10407_-1291215988_2045751584_612536023_-497702903_949676715_1313873255",264280580,580458156,2156840,2097967916,236842377,1056153111,648524421,80.2360000000008,5.85199999999895,5.97600000000239,1.99599999999919,2.16999999999825,547.036,1,NA,"abb1cb188ba5","not-a-git-build","bbd3d4119dab4c61438d29ca56ae93a0","confirmatory",667.874,8.2990289090976,10.8680807228244,4.37867450127301,8.8193225089946,24.0341210768627,28.3205371433429,68.8738808340378,118.115178597826,19.1727903880985,77.7804495176589,4.79097049899608,6.32760947710447,0.581,0.995,0.39,0.919,14.2496855949927,42.1141092878505,12.8622706498185,37.1102376378221,10.8042545725304,12.6778702882767,7.7472326376001,11.3185959094694,27.4026792131898,30.8198105438177,116.731916868045,160.72839504637,60.0196135410962,128.110613361858,6.18364205673917,7.49101190316754,0.434,0.959,0.271,0.948,13.1551850638111,41.6505096536629,14.832590511746,43.4624468220016,11.1831890080992,12.170229940971,6.48067259052281,9.72317622659667,26.1361191661125,29.224390860945,125.063716390871,148.114496816106,41.9991172255537,94.5401559334547,6.38442978772632,7.00137686463121,0.516,0.98,0.424,0.97,16.4158801342544,52.7892888226352,14.7374620991127,50.3107162812223,10.4254374996182,13.4049592675447,5.80552717506793,10.4965634114571,25.4609737506576,29.9977780458055,108.689747058445,179.692932964533,33.7041457804522,110.17784345074,6.04712832876632,7.70361953748925,0.604,0.999,0.399,0.983,17.1049456902666,59.4104952068964,15.53640772893,52.5641567512193,12.4248041645128,35.0548721360166,17.5235742943585,39.7860333051021,20.2503209528074,27.9437133738692,24.3771948003591,32.0163930673123,22.6300679715038,22.2624590107436,7.69339242106187,7.63919826695318,1,1,0,0,16.9070380408679,39.1953280733963,19.09268161374,41.2192914466084,23.1709001856727,31.281484984483,27.57606899961,34.3033475953941,22.2882900325284,22.1266098328684,8.11058479881037,6.72727859578412,1,1,0,0,15.6711755797392,37.1944545595864,16.9812404143901,40.6452958055375,22.2478101592865,30.0447514349995,25.5720005047618,33.3713857761635,21.5232789798472,23.6640553911474,7.79694127571298,7.79938527140167,1,1,0,0,13.9337043549639,38.6102981339526,17.9498818489536,42.0967360643142,21.4220452658704,29.7138608784317,26.1070953191745,34.113929909148,24.6765937789887,24.1468542153606,8.29181561256127,8.00683458997351,1,1,0,0
454,500,1,1,"L'Ecuyer-CMRG","10407_-73412556_1504683085_-1872484329_519199981_-156785357_-1952136173","10407_879591944_566126003_-1407143177_1568249608_631824355_1203845210",975376803,1773372796,264280580,580458156,2156840,2097967916,236842377,82.5599999999977,5.71600000000035,5.75499999999738,1.90299999999843,2.66700000000128,552.332000000002,1,NA,"abb1cb188ba5","not-a-git-build","bbd3d4119dab4c61438d29ca56ae93a0","confirmatory",674.119999999999,9.12689132261244,6.11158826760661,5.07872692663585,1.91787266399884,24.4391272128604,21.4713796479341,83.3001452147783,37.3515111527467,25.793467195336,3.678235555314,5.14796447412008,3.66695099652043,0.489,0.992,0.662,1,13.443528797653,38.937090864857,11.7710979511493,36.1397680272585,8.05394868413648,7.96030844609438,0.881668180302828,2.38066321670508,20.2420684665273,21.9341702006403,64.8660894067037,63.3665105569615,0.7773387801585,5.66755735137257,4.76799914292903,4.56985716175882,0.603,1,0.516,1,15.5947592103775,45.9976019045354,12.6915529573757,39.1434159020387,12.3947405252916,8.84826052939954,2.82459379156687,1.93333045937243,22.1849940777914,21.4868374433077,153.629592689305,78.2917143961298,7.97833008735808,3.73776666513722,7.17743320545698,5.0951087265527,0.537,0.998,0.497,1,20.7641189904512,62.2649513495798,13.4635448065498,44.3488165274864,10.4900501109781,6.22095894173113,4.39758786816733,2.21594725211905,23.7579881543918,21.7694542360543,110.041151330831,38.7003301547045,19.3387790582525,4.91042222417397,6.12202001612725,4.18134078438091,0.564,1,0.806,1,18.31176461321,56.910823732971,15.8527692920989,52.8438904644741,14.141275545058,35.7914153466246,10.8240348334972,32.3672110965983,20.3604288594378,28.2133529855574,17.540105044681,25.4129658700538,21.6501398015665,21.5431762631011,7.85292412611963,7.87286082537282,1,1,0,1,9.48112089250311,30.6604558860914,10.0531151088496,32.2488033489282,16.1985833065744,24.2924578323506,18.1490592683022,25.9623325648216,21.1793349935883,22.1956882400786,8.09387452577617,7.81327329651944,1,1,1,1,10.9604122460832,34.7384394741041,9.97603457304048,33.0792909893845,18.250630241647,26.2278611834293,17.3795665091834,25.4245977019829,23.7780272280208,23.1032564163441,7.97723094178228,8.04503119279952,1,1,1,1,12.8224982297756,35.4307411360604,9.70017241621221,32.3582211750811,19.2384316859602,27.9879321697395,17.8596592766368,26.3518629587719,22.6082429062848,22.6580487588689,8.74950048377934,8.49220368213505,1,1,1,1
457,500,1,1,"L'Ecuyer-CMRG","10407_-49645530_-1235209829_561075347_-769960321_2095509342_1822668853","10407_1931047861_-1047662728_1540712422_361946109_1700767985_-1508567049",236842377,1056153111,648524421,275129037,1339095431,1638891224,1524863907,81.7890000000007,6.3739999999998,5.91100000000006,2.09000000000015,2.2019999999975,541.155999999999,1,NA,"abb1cb188ba5","not-a-git-build","bbd3d4119dab4c61438d29ca56ae93a0","confirmatory",662.792000000001,7.85272765716599,11.5162103078981,0.948937271456938,-8.47337016381229,21.2781556816214,11.8532038281442,61.6653316576196,132.623099855738,0.900481945160138,71.7980019329844,4.48806338853179,6.69845763653313,0.516,0.992,0.406,0.941,11.4322853496351,37.2444234539767,13.4944972667857,38.5218300405659,8.49990059609692,10.203775252511,3.17941947874663,-7.17339619421781,23.5086378889111,13.1531777977387,72.2483101435287,104.117029403756,10.1087082218335,51.4576129592186,4.8048621598178,5.80240191116456,0.573,0.987,0.466,0.999,13.4609980278896,40.5994557983673,13.9423016863682,41.5674199577082,10.5679279843595,11.541574164055,2.92786777813842,-7.35781007212976,23.2570861883029,12.9687639198268,111.681101882609,133.207934184382,8.57240972626119,54.1373690575341,5.59662799063464,6.62514164470772,0.643,0.983,0.466,0.996,16.1687719563612,51.1129318843258,16.2657297706647,54.7542932978172,9.39726446147874,11.4109212418311,4.11327218453413,-7.14129184009071,24.4424905946986,13.1852821518658,88.3085793589713,130.209123587273,16.9190080640622,50.9980491453462,5.22693930025885,6.58342953061223,0.551,0.996,0.441,0.972,14.2209884488917,47.4514606160061,14.1946002966714,48.7973907378924,9.89432640874561,33.1178646092536,-0.81388786960806,24.6062040076148,17.2838873146383,24.8126622164286,6.74165897497405,16.7679240860495,23.223538200508,25.4200918772229,7.52877490179024,10.0262651110754,1,1,1,0,12.9903386572099,34.6997559018281,2.14806205958226,25.9313698887091,19.5877562560456,27.3097865936091,8.46196414634399,17.5381748946414,21.7094172446182,23.7833078291268,7.72203033756359,9.07621074829736,1,1,1,0,12.5436335467041,34.0341201406734,1.59722298721158,25.2814249187132,19.4599381163313,27.072546168199,8.79928235645088,16.7356487591959,21.4904865939693,23.6842019315016,7.61260805186772,7.93636640274501,1,1,1,0,13.7609190153397,33.6544134483437,1.26439728323742,23.6218954077313,20.9483574849069,28.1219343571665,9.36686595920334,17.0769803856963,19.893494433004,22.3574981244939,7.17357687225968,7.71011442649294,1,1,0,0
456,500,1,1,"L'Ecuyer-CMRG","10407_2094089327_-1063044362_881448391_1426933317_-48171479_-567404641","10407_312014044_1785384100_-148781592_302444485_-1723506601_-1112333545",2156840,2097967916,236842377,1056153111,648524421,275129037,1339095431,80.4590000000026,5.4539999999979,6.52700000000186,1.99799999999959,1.90900000000329,563.282999999999,1,NA,"abb1cb188ba5","not-a-git-build","bbd3d4119dab4c61438d29ca56ae93a0","confirmatory",682.585000000003,8.96674127178288,9.48112453578038,-4.3203150107027,-3.84800099438704,16.1015933193432,16.6694067600842,80.4024490350945,89.8917224629767,18.6651217917031,14.8071116528036,5.08241213026486,5.46151215542977,0.462,0.964,0.354,0.975,11.9055027158332,35.8278448419394,10.4475486838208,33.8230016259873,7.97544523158702,9.11474760516247,-2.58078828785497,-3.6823342790722,17.8411200421909,16.835073475399,63.6077266420441,83.078623905815,6.6604681867294,13.5595857428302,4.57867377341272,5.2331011607791,0.535,0.997,0.38,0.992,12.7064533075296,40.1120763002197,11.5336682910432,35.1951453534466,8.97365523278949,10.5828609423988,-3.16683659736581,-6.55676647978533,17.25507173268,13.9606412746859,80.5264882369702,111.99694572615,10.0288540344155,42.9911866704366,5.29851998132874,6.06559162587843,0.64,0.997,0.433,0.998,16.6444891233605,54.1645523443761,13.1022713541967,48.5250356222534,8.51710067844654,9.81398806089951,-3.83354667388098,-2.689659444062,16.5883616561649,17.8277483104093,72.5410039667944,96.314361659478,14.696080100824,7.2342679250319,4.99789227070589,5.67131231641224,0.569,0.999,0.462,0.994,14.8161200352784,51.4505530669753,14.2039976870401,48.6552394332023,4.99907103364042,27.2956470605009,5.33133491926508,28.6672927418007,11.8660174993549,20.1728474717494,13.1038756302107,20.445498871494,22.2965760268605,23.3359578225356,8.30682997239442,7.34162324128329,1,1,0,0,7.02230972901034,28.5528795510778,5.9949027535522,26.4102417791133,14.3160926067915,21.690689543939,13.1934608571682,20.625694002729,21.5305698220674,20.4153390255611,7.37459693714748,7.43223314556084,1,1,1,1,5.44526566382519,27.7614081162086,2.45676280517906,24.8522331976189,13.5113884062795,21.5996184494602,9.97274195635219,17.3767083579799,22.3161424523835,22.3954703924398,8.08823004318074,7.40396640162769,1,1,1,0,4.00963107358292,29.0892413640589,6.02690137983367,28.9539714396826,12.4461572205873,20.840258937351,13.5633071276471,21.6665791653613,25.079610290476,22.927070059849,8.39410171676366,8.10327203771418,1,1,1,1
459,500,1,1,"L'Ecuyer-CMRG","10407_-218082090_-139811571_182520914_-1624244512_-1446665697_-1242815420","10407_-1081314413_516809639_746800833_751578057_-412737559_583596340",1339095431,1638891224,1524863907,1233876415,1119322947,1276461664,598763634,80.5569999999971,6.44499999999971,5.50300000000061,2.96600000000035,1.93900000000212,541.553,1,NA,"abb1cb188ba5","not-a-git-build","bbd3d4119dab4c61438d29ca56ae93a0","confirmatory",662.071,8.38650401768169,9.22732372330305,-4.93573141328741,3.968264750509,15.4856271145058,24.3947560695456,70.3334496385911,85.1435030946314,24.3614445841121,15.7471251301323,4.97059589408028,5.29811292934464,0.594,0.997,0.442,0.972,15.2318310689184,46.1426808885491,12.1416836113367,37.7181556228021,9.20017268526102,10.3433707111944,-4.1166600871538,5.83859206366666,16.3046984406394,26.2650833827033,84.6431774386229,106.985317669194,16.9468902731651,34.0891572859113,5.36197805541907,5.94993087333367,0.612,1,0.418,0.924,17.0991061439203,50.9009375190992,12.354062488739,36.5052280921316,10.1083971951097,11.0647047190389,-4.14674952645829,5.74308056773344,16.2746090013349,26.1695718867701,102.179693854101,122.427690519521,17.195531635182,32.9829744074774,6.06106663022328,6.32462945699299,0.696,1,0.476,0.978,20.942901371397,64.7570227962678,15.126800788308,49.8847078078205,6.98491308822361,9.84119996849066,-3.02652826210647,5.80138177363885,17.3948302656867,26.2278730926755,48.7890108500375,96.8492168198206,9.15987332132921,33.656030483509,4.64236127271528,5.69537190651353,0.808,1,0.498,0.996,17.6263553494064,58.5840075418641,13.9562346229264,46.3960722634248,3.53056743628435,27.8425730547331,12.9873071245428,36.0944318424851,11.2287889113244,19.5864399388929,20.7171339738699,28.1324514872197,24.3120056184488,23.1071247179423,8.3576510275685,7.41531751334988,1,1,0,0,5.87569121239046,26.7725143066812,16.5992018925565,35.8989040001234,12.262793220293,20.0099888426697,22.9173174537376,29.449344121123,20.8968230942907,19.2997021075668,7.74719562237673,6.53202666738538,1,1,0,0,4.13849885375169,28.4796433983241,14.1332904506617,36.7034863531787,12.2066860555261,20.0368494748187,22.3479565282443,30.2519460469503,24.3411445445725,22.5701959025169,7.83016341929265,7.903989518706,1,1,0,0,2.17986977523101,31.1329311695647,14.8275590433426,38.978115128593,12.7091735625262,21.9605956892503,21.5682464366966,30.6681688627584,28.9530613943337,24.1505560852504,9.25142212672413,9.09992242606172,1,1,1,0
458,500,1,1,"L'Ecuyer-CMRG","10407_285055534_1746299180_1279690304_1399120443_1040266852_-659657562","10407_-822166110_1838058449_1469860605_1451508828_-1006449828_-641143058",648524421,275129037,1339095431,1638891224,1524863907,1233876415,1119322947,81.9789999999994,5.96399999999994,5.27899999999863,1.92099999999846,1.97000000000116,562.350999999999,1,NA,"abb1cb188ba5","not-a-git-build","bbd3d4119dab4c61438d29ca56ae93a0","confirmatory",684.124,7.5443538647003,5.86275199764658,3.7877833893683,-2.17717899587818,24.2362420390426,18.1491051008674,56.9172752358184,34.3718609859089,14.3473030047744,4.74010838009313,4.34171412834278,3.58550344297568,0.564,0.986,0.676,1,11.9878455871092,37.1871199433679,12.5748601934673,38.0239466759246,9.15693155120261,6.09206647475399,6.32431112536426,-0.119613642474391,26.7727697750386,20.2066704542712,83.8493954334099,37.1132739328215,39.9969112104062,0.0143074234659915,5.26487762856174,3.76361280635372,0.508,0.984,0.723,1,13.4298293769625,41.6902858860333,13.6433245035852,40.7155536708582,8.98178368531602,5.63854448431536,4.461067432714,-1.97411126226703,24.9095260823883,18.3521728344785,80.6724381698091,31.7931839016032,19.9011226392215,3.89711527580954,5.60638938161392,4.19403958565225,0.708,1,0.891,1,20.1042995487167,61.870094002643,18.0827947422804,56.5252483268609,8.9443946451461,5.1701986632197,5.44996988094003,-1.2967975171262,25.8984285306143,19.0294865796194,80.0021955681181,26.7309542171588,29.7021717031535,1.68168380042469,5.44353591575061,3.86176113897564,0.652,0.999,0.908,1,17.4087844642804,56.8384406715881,16.4278426636122,54.0442111273823,14.1337031890678,34.9359079411922,5.20362151411277,29.7656403967697,20.6348320801177,27.7089642888283,14.0388180873912,22.1784753439104,20.8022047521244,24.5620188826569,7.07413220871055,8.13965725651921,1,1,0,1,15.6932201711668,38.9823678122058,8.7628987868379,31.8571357636185,22.6606330349108,30.476201314495,16.3972415587733,24.2592947283967,23.289147641039,23.0942369767806,7.81556827958428,7.86205316962342,1,1,0,1,13.4602773876901,36.5673380099614,6.0010138172251,29.9198724133904,21.1333826513765,28.9916730708788,14.3932807732171,22.4708398369854,23.1070606222713,23.9188585961653,7.85829041950223,8.07755906376828,1,1,0,1,13.4593511316836,38.1428860706165,5.86870390394164,31.6814890279371,21.2718265845505,30.2145213533376,14.9476615826139,23.2769858889625,24.6835349389329,25.8127851239955,8.94269476878713,8.32932430634861,1,1,0,1
461,500,1,1,"L'Ecuyer-CMRG","10407_-145742063_297613930_-300422531_-37753164_347268226_-1588899750","10407_-97987139_-632202984_-2109440775_582428993_-1492437734_-350271480",1119322947,1276461664,598763634,1123183602,1111022863,1481072793,546634411,79.155999999999,7.27600000000166,5.52100000000064,2.64800000000105,2.03800000000047,543.007999999998,1,NA,"abb1cb188ba5","not-a-git-build","bbd3d4119dab4c61438d29ca56ae93a0","confirmatory",662.808999999997,7.13783691569035,9.33041979988134,-0.677506530053943,3.64402682931982,19.3406538228293,23.5945605745763,50.9487158349919,87.0567336420176,0.459015098265735,13.2789315328026,4.19610358910698,5.33433432372942,0.627,1,0.432,0.935,13.2740896961749,40.7095188447881,11.6261088338738,34.6242314652508,7.54872169874566,10.4056981135486,-3.65103285524048,5.26331992230008,16.3671274976428,25.2138536675566,56.9831992851136,108.278553230308,13.3300409100455,27.7025366044809,4.58464333920928,5.9786902353308,0.719,0.998,0.422,0.923,16.1338076176632,48.2719607158145,12.5359718585477,36.6846301985376,8.68819513218829,10.8022848686302,-3.28383657297154,2.84724663978638,16.7343237799117,22.7977803850429,75.4847346549803,116.689358383036,10.7835826379855,8.10681342777485,5.29370794058325,6.16998739556072,0.765,0.998,0.511,0.97,19.2755856850477,59.2068909518064,15.4206312659267,48.9553802381123,7.42172494108241,10.9584727445419,-2.04711735233241,2.49167542600483,17.9710430005508,22.4422091712613,55.0820011010846,120.088124892869,4.19068945422044,6.20844642855633,4.92432017592584,6.34241113020464,0.789,1,0.535,0.988,18.7984694293042,60.4964314791961,16.6059324623131,52.3550022170042,7.30534621209077,32.8833743786349,12.0589775556473,35.1191900302882,14.8349849322103,24.1717395721979,19.3367992620879,28.1131173179792,25.5780281665441,23.0602124746408,9.33675463998753,8.77631805589135,1,1,1,1,1.22670048745168,27.8913958246185,14.1348130334446,35.7766556146122,12.1755818314043,21.3261572883769,21.2633242448663,29.0106613126723,26.6646953371669,21.6418425811676,9.15057545697266,7.74733706780601,1,1,1,0,5.63606491157869,28.6152095657749,11.72621084344,33.6348445205211,12.2302557582367,20.7094161687406,18.5369475479638,27.1271423050782,22.9791446541962,21.9086336770812,8.47916041050385,8.59019475711439,1,1,1,1,4.37575965201733,30.8904060904248,11.3765152299268,34.2802897498866,13.8158854286721,22.4294192954932,18.2841890253305,26.6268489623039,26.5146464384075,22.9037745199597,8.61353386682111,8.34265993697339,1,1,1,1
460,500,1,1,"L'Ecuyer-CMRG","10407_1668682042_-1078549891_914353329_552356435_81884981_100812699","10407_527397133_997656418_-1873458481_269702357_-286606749_-1695570990",1524863907,1233876415,1119322947,1276461664,598763634,1123183602,1111022863,77.2299999999996,6.90699999999924,5.54099999999744,2.72099999999773,1.96799999999712,552.960999999999,1,NA,"abb1cb188ba5","not-a-git-build","bbd3d4119dab4c61438d29ca56ae93a0","confirmatory",669.610000000001,7.87552958056394,9.71606972008531,-0.0124239804278368,6.10892571170611,19.8047231745587,26.0668678314339,62.0239661743377,94.4020108055586,0.000154355289671271,37.318973351144,4.48222080898481,5.58218703730951,0.468,0.987,0.4,0.979,10.7732229241962,36.5873934267376,11.5650395561369,36.7001636858842,8.20531178803827,11.5002804001435,0.767915415369288,8.23687222786738,20.5850625703558,28.1948143475952,67.3271415389198,132.256449281925,0.589694085161786,67.8460640982129,4.69828390153906,6.70179599529688,0.537,0.994,0.413,0.911,12.8624094032373,39.4489107545922,13.9786209063727,41.0119810098336,9.70428459848977,12.8826795929155,-0.523408356472466,8.70875164812553,19.2937387985141,28.6666937678534,94.1731395684858,165.963433493721,0.273956307625208,75.8423552687292,5.54153820262323,7.14896822841661,0.51,0.998,0.472,1,14.0668989892517,46.6035011603454,19.0002231584509,56.9561785936876,7.82938807769343,13.2380298860765,2.17293317145176,8.77838227503472,21.9900803264383,28.7363243947626,61.299317671128,175.245435264655,4.72163856759542,77.0599953666438,4.70696513710778,7.2953166655572,0.601,0.996,0.419,0.999,13.692128099882,48.8988903930213,17.5626154144733,54.3617336941331,8.83714883406622,31.0789284107018,14.2773919626843,36.7410745943124,16.1618375078652,23.3081734949449,21.6668350416891,30.3608224113368,22.2417795766356,22.463682631628,7.14633598707966,8.69398736964774,1,1,1,0,8.95324066844599,32.1518144140346,17.1289236487052,38.7081539895709,16.4487701556774,24.9622611982226,24.4027566574869,32.3464878779394,23.1985737455886,21.5792303408657,8.51349104254519,7.94373122045252,1,1,1,0,8.38292422341175,32.1818387799189,16.285558274826,39.9700138205144,15.5074569717916,22.8161537142641,24.7053587622994,32.6741987577159,23.7989145565072,23.6844555456884,7.30869674247252,7.9688399954165,1,1,1,0,9.53439855179689,36.2314245366764,16.3499567549868,41.965878366508,17.8066835491124,26.1039831614523,24.5872823357001,32.7187205964244,26.6970259848795,25.6159216115212,8.29729961233988,8.13143826072431,1,1,1,0
463,500,1,1,"L'Ecuyer-CMRG","10407_-78506701_66304739_-906040561_1779011222_1063104116_1548541017","10407_-1133319528_1672051271_1794795689_-631773459_-847033772_-1849396271",1111022863,1481072793,546634411,253712325,47854408,1665994080,1690377233,80.3830000000016,6.33899999999994,5.60199999999895,2.70200000000114,2.09000000000015,547.689999999999,1,NA,"abb1cb188ba5","not-a-git-build","bbd3d4119dab4c61438d29ca56ae93a0","confirmatory",668.880000000001,15.2553667749711,8.50686029019922,13.1552197880085,-0.0394368575508963,33.4023237774349,20.12779431336,232.726215438891,72.3666719969683,173.059807670811,0.00155526573348969,9.46525056118321,4.90482898192532,0.204,0.753,0.442,0.999,12.6296934593111,39.212408639391,12.3972846127107,39.6232134133267,15.5146611770835,8.3940976425053,12.7106844452172,0.641174508834638,32.9577884346436,20.8084056797455,240.704711439703,70.460875231913,161.561499065886,0.411104750779339,9.36299306092734,4.92065055707298,0.281,0.82,0.552,1,14.5343587694579,43.3387086383506,15.1414699160384,44.193067297298,16.9396939900721,7.38085747519442,14.4945103798342,-0.877736496951254,34.7416143692607,19.2894946739596,286.953232477284,54.4770570691334,210.090831151122,0.770421358080259,10.1120305780608,4.85155624941883,0.226,0.867,0.78,1,15.9189948706907,52.0790677197437,18.7126886849661,58.0926909588198,15.5972921140751,9.59693603750077,13.0816056161189,-0.316988975893256,33.3287096055454,19.8502421950176,243.275521291788,92.1011813078809,171.128405495674,0.100482010837855,9.49507047352463,5.59027823598974,0.212,0.788,0.525,0.996,12.6668819264655,40.2350320132359,15.8390998525529,48.8637123523309,21.9264724164638,45.1371048207726,9.51376288631838,30.7405059815134,29.4096542607432,37.1886847652208,15.8803199195047,24.2755070246858,23.2106324043088,21.226743095195,7.77903050447757,8.39518710518105,0,1,0,1,20.423807327777,45.3491884475874,7.97444780709441,32.4663596535265,28.925663847069,37.2371987002327,17.2245907954869,24.841981085047,24.9253811198103,24.491911846432,8.31153485316362,7.61739028956006,0,1,0,1,23.5056951390841,45.5708250262863,7.69167605999503,31.4871072102929,30.7613803954938,38.6818212854721,15.1129211168066,23.4948175609341,22.0651298872022,23.7954311502979,7.92044088997836,8.38189644412753,0,1,0,1,21.1672665370681,44.4847039719604,8.08215393181298,31.1555243507752,29.7408363727718,37.507659519425,16.0666713740797,23.6004649869123,23.3174374348923,23.0733704189622,7.76682314665319,7.53379361283263,0,1,0,1
462,500,1,1,"L'Ecuyer-CMRG","10407_-1368541392_-785396139_713746554_2060858331_-327637237_1529010833","10407_-2077741402_-1126962209_768970488_1936863951_1022693339_1258552983",598763634,1123183602,1111022863,1481072793,546634411,253712325,47854408,81.0599999999977,6.44599999999991,5.34899999999834,2.25299999999697,2.31000000000131,562.256000000001,1,NA,"abb1cb188ba5","not-a-git-build","bbd3d4119dab4c61438d29ca56ae93a0","confirmatory",684.689000000002,10.0543595908592,7.9671199009709,6.81446270000089,4.00951903364046,27.4385504960096,24.5442984581574,101.090146782302,63.4749995164466,46.4369018897034,16.0762428811251,5.7044262881755,4.56318841173102,0.485,0.981,0.563,0.999,14.1434870598683,41.3718306952897,13.3424417710834,39.1017978342641,9.60336259283504,8.60845679771769,8.0275741529322,2.88559264339608,28.6516619489409,23.4203720679131,92.2245730894632,74.1055284381719,64.4419467808252,8.32664490362156,5.58391851411102,4.98438304557088,0.479,0.998,0.606,0.995,14.9019791925359,43.9355550236551,15.0670364167691,45.0444342878626,9.41016870657156,9.54989115273336,6.66582267900574,4.10606081509086,27.2899104750145,24.6408402396078,88.5512750861387,91.2004210290549,44.4331919879472,16.8597354172246,5.50486933146969,5.69002017819736,0.556,1,0.63,0.999,15.8203261479602,50.2153523130374,18.5532992250821,55.4209455862069,10.6401044473282,8.78201776392323,6.48144252964534,4.49872211024287,27.1055303256541,25.0335015347599,113.211822650053,77.1238360058632,42.0090972650954,20.2385006251881,6.25038909278113,5.26497473509563,0.499,0.972,0.611,0.986,15.2795036105224,49.1688123473331,15.7709269986704,49.4860875033882,17.036321464907,38.1302770958487,13.8097845586369,36.3170249227251,23.4041189815581,31.4850475355386,20.5496357005156,28.4058607657981,21.0939556309417,22.5072403640882,8.0809285539805,7.85622506528255,1,1,0,0,17.9331697758671,41.9075515729196,12.5487128915116,35.335355350315,24.5234180811349,32.1917821105611,19.3039258942356,27.2584080693326,23.9743817970525,22.7866424588034,7.66836402942619,7.95448217509706,1,1,0,1,15.7137150674852,38.5597676229308,13.1736798022953,35.3635549661915,23.4055664993923,31.3342746913798,20.6393027238592,28.6870687267023,22.8460525554456,22.1898751638962,7.92870819198748,8.04776600284304,1,1,0,0,16.3664877307864,38.4501826370958,12.9813105646612,35.6912479218555,23.2887620212399,30.794931739619,21.4482362083825,29.0782079831835,22.0836949063094,22.7099373571943,7.50616971837918,7.62997177480106,1,1,0,0
465,500,1,1,"L'Ecuyer-CMRG","10407_521668227_-2125931791_1714894135_972518204_-31130054_548908837","10407_-762995081_-71349889_1633394347_340494672_1162789497_75159276",47854408,1665994080,1690377233,2111972843,986713120,898854976,1717954885,84.8099999999977,5.83699999999953,5.86000000000058,2.2599999999984,2.15899999999965,543.031999999999,1,NA,"abb1cb188ba5","not-a-git-build","bbd3d4119dab4c61438d29ca56ae93a0","confirmatory",669.261999999999,10.8659034100456,10.0827759865512,-8.12622020459633,-4.04082280169835,11.8746151879425,15.8773357537066,118.06785691644,101.662371594973,66.0354548135896,16.3282489147253,6.24495535880482,5.7406416286241,0.416,0.983,0.449,0.967,14.3343171390638,43.945642148922,13.588547793705,41.5238620317203,11.2436100212591,10.8759068728461,-8.30257842441959,-3.80554575073254,11.6982569681193,16.1126128046724,126.418766310158,118.285350306822,68.9328084936377,14.4821784609185,6.46897000134233,6.10880754667996,0.464,0.989,0.485,0.975,16.1608370392562,49.0760966851482,14.929536163226,44.8650996451132,12.166254419248,13.5810688064323,-6.8647077531774,-2.38423107250107,13.1361276393615,17.5339274829039,148.017746593873,184.445429925049,47.1242125365339,5.6845578070796,7.13830879410689,7.59881975238019,0.581,0.983,0.513,0.982,20.4257861716541,60.7378553261204,20.0600846369924,60.1329910076061,11.2203615789168,10.4098037855698,-6.66612915905051,-3.81271591636741,13.3347062334884,16.1054426390376,125.896513961633,108.364014854064,44.4372779651435,14.5368026589214,6.79507670757999,6.18017910548766,0.609,0.998,0.663,1,21.8066359508145,65.4541779930915,20.4332952058126,64.7391890843261,-0.12115918105865,24.8240133348279,3.53521525435762,27.4778308933613,7.4992778090039,16.3425562032981,11.9065271508208,20.0550120932589,24.9451725158866,23.9426156390037,8.84327839429419,8.14848494243813,1,1,0,1,-0.0840885132107213,24.0407395197619,4.26118883423641,27.2176475650972,7.34196722552406,16.0257473065696,12.2175145759325,20.7278819355417,24.1248280329726,22.9564587308608,8.68378008104554,8.51036735960922,1,1,0,1,1.55741013873916,24.4793597664047,5.30419474049391,29.7780338121395,9.50093098346053,16.5825472949283,12.8825690221843,21.6291514394603,22.9219496276656,24.4738390716455,7.08161631146775,8.74658241727603,1,1,0,1,-0.164512160317516,26.0890685741689,2.52226577304617,29.1331185453659,8.91549830665753,17.5957665765757,11.8758518783726,20.3934968684278,26.2535807344864,26.6108527723198,8.68026826991817,8.51764499005518,1,1,0,1
464,500,1,1,"L'Ecuyer-CMRG","10407_1527228566_1291100644_33219976_1576383571_-321752375_660337136","10407_1879117246_65410838_211724708_41295118_1982592695_-948069435",546634411,253712325,47854408,1665994080,1690377233,2111972843,986713120,86.6800000000003,5.97200000000157,5.81499999999869,2.47899999999936,2.21600000000035,554.609,1,NA,"abb1cb188ba5","not-a-git-build","bbd3d4119dab4c61438d29ca56ae93a0","confirmatory",681.400999999998,11.0936447371606,8.83258617542504,7.10560690648943,-0.689191483703439,27.0533254986138,19.4133939522318,123.068953554332,78.0145785463095,50.4896495095504,0.474984901209348,6.41855603022781,5.09759244113172,0.361,0.918,0.371,0.992,12.0266940732292,39.3357975216594,11.3467266826917,37.0527358393418,10.5486146144231,9.47164037158965,6.16828549728042,2.32148730725238,26.1160040894048,22.4240727431876,111.27327028362,89.711971328727,38.0477459759599,5.38930331773392,6.03925459949222,5.46833311525261,0.431,0.94,0.375,0.97,13.2379216011345,39.9985588107795,11.799748443286,38.1278693927613,12.1873174331913,9.40121578757644,6.08693383987021,1.06449357007515,26.0346524319946,21.1670790060104,148.53070621737,88.3828582845765,37.050763570957,1.13314656073134,6.9526914221498,5.52092028823128,0.498,0.964,0.544,0.999,17.6217673294737,55.3342744148983,15.9253070219759,52.2216052407871,12.0769878768307,9.63247884913125,7.27366786932356,0.644229695999577,27.221386461448,20.7468151319348,145.853636177115,92.784648778961,52.9062442732299,0.415031901207708,6.89918716040874,5.60187256257714,0.448,0.955,0.398,0.995,15.6490638739431,54.3937390516186,12.7807577487688,47.3779547142392,15.1774653599251,39.0409181265612,7.87389345455775,30.1577470791148,22.9537072600131,31.2053815766172,15.4194124436721,23.5540517532783,23.8634527666361,22.283853624557,8.25167431660418,8.13463930960616,1,1,0,1,15.3688756161552,37.6916672050974,11.9535703918382,34.9195226564147,21.9006971666316,30.278252679124,18.917399828203,25.8836049544065,22.3227915889422,22.9659522645766,8.37755551249236,6.96620512620347,1,1,0,1,13.5798580297113,37.9259019634152,9.29364938706078,32.6087972156608,22.1953555899518,29.8304925083454,16.8996193511662,25.4073103725819,24.3460439337039,23.3151478286,7.63513691839362,8.5076910214157,1,1,0,1,15.6645616980544,38.9496424786392,9.53252460618175,32.7373245021249,22.9303480910802,30.8617367106144,17.0479465908109,24.420310782414,23.2850807805848,23.2047998959431,7.93138861953421,7.37236419160315,1,1,0,1
467,500,1,1,"L'Ecuyer-CMRG","10407_-1164862284_935352394_-942604241_-738325408_808237956_-311568804","10407_503009755_-258006214_2127082965_-1925466559_1672558297_1601471208",986713120,898854976,1717954885,512630446,1935403220,1072562921,1071108872,80.607,6.17900000000009,5.33199999999852,2.35199999999895,2.08600000000297,552.502,1,NA,"abb1cb188ba5","not-a-git-build","bbd3d4119dab4c61438d29ca56ae93a0","confirmatory",672.805,9.94554520307492,11.8034213194013,-6.39214419403068,-7.07261253835445,13.7183438864498,12.9390428580512,98.9138693864066,139.320754843298,40.8595073972802,50.0218481176886,5.63580160541971,6.89450734089378,0.473,0.957,0.392,0.861,12.8500159244652,38.215891722427,12.4761134371287,36.0452431901806,8.50400223126251,9.65430340060328,-3.67869317373695,-2.67851536461231,16.4317949067435,17.3331400317934,72.3180539493178,93.2055741509,13.5327834664988,7.17444455846421,4.85723127840982,5.54818384085376,0.58,1,0.406,0.981,14.3564981980873,43.4914874998542,12.4075924036357,38.7284530962845,9.39999319495351,12.4091196420101,-4.0636026718871,-7.80939778474629,16.0468854085934,12.2022576116594,88.3598720651723,153.986250289721,16.512866674968,60.9866937604002,5.30230462078332,7.16573251705432,0.583,0.998,0.452,0.945,15.4651538631349,48.3339497344548,15.7444983374516,52.4412302116572,9.30123303845529,10.7027607083595,-3.99967486607033,-4.71284881762131,16.1108132144102,15.2988065787844,86.5129360356522,114.549086780404,15.9973990342747,22.2109439777546,5.24909439276012,6.08991002471088,0.491,0.997,0.424,0.977,12.9224211814751,47.4117774841546,13.5972244490007,47.2235884583744,2.30420137650098,25.1479058035818,2.11591311897048,24.3843102189642,9.40942000400013,18.1345284970352,8.36067690093152,17.3086306069801,22.8437044270809,22.2683970999937,8.72510849303509,8.94795370604862,1,1,0,0,4.69823295599147,29.681347949694,5.65135408540396,29.0054397407351,11.7769588643401,20.9072615097793,13.7357902017734,21.053379348201,24.9831149937025,23.3540856553312,9.13030264543923,7.31758914642762,1,1,1,1,5.01323869352126,27.0014645017569,-0.462464614925668,24.6350357448934,12.6448961668337,19.8007120461431,8.29825398529243,16.6293716993593,21.9882258082356,25.0975003598191,7.15581587930934,8.33111771406691,1,1,0,0,5.24053819531871,25.7458033480681,2.0059928963156,28.0992886945452,12.5898342026005,19.9393960953016,11.1263833743144,19.4852694991749,20.5052651527494,26.0932957982296,7.34956189270109,8.35888612486047,1,1,0,0
466,500,1,1,"L'Ecuyer-CMRG","10407_956611294_-270558343_-853963651_1764938887_269108153_797059381","10407_-862652904_1731563396_842351000_1208188437_-997564353_-759692510",1690377233,2111972843,986713120,898854976,1717954885,512630446,1935403220,82.6219999999994,6.13699999999881,5.54499999999825,2.35699999999997,2.1349999999984,557.040999999997,1,NA,"abb1cb188ba5","not-a-git-build","bbd3d4119dab4c61438d29ca56ae93a0","confirmatory",679.615000000002,9.69893642215161,7.76911018998946,5.36065401261227,6.48609794235402,25.3770305274863,26.4359540283339,94.0693677209391,60.359073144198,28.7366114429361,42.069466517809,5.47887397906472,4.5499591263216,0.482,0.978,0.502,1,13.2424754047835,39.453915800692,13.5816217509715,39.4267535995259,9.18654428388532,7.80402229858274,5.08231981112227,5.78383046492563,25.0986963259963,25.7336865509055,84.3925958797861,60.9027640367766,25.8299746625259,33.4526948470019,5.22029048086575,4.6180202809478,0.48,0.986,0.596,1,12.793771127757,39.2581936418653,14.7350988921122,44.1304806702979,10.0573580880081,10.1588778309659,6.01185470349359,5.69271074809921,26.0282312183676,25.6425668340791,101.150451710423,103.20279878449,36.142396975918,32.4069556615243,5.79090801283788,5.94536118518211,0.532,0.995,0.652,0.98,15.0742685667578,51.1825102651209,18.5205699169882,55.2432940190534,10.2495252077986,7.86783287692164,5.38564761701717,5.60012266115794,25.4020241318912,25.5499787471378,105.052766985298,61.9027941791691,29.0052002546827,31.3613738200146,5.86164862000762,4.90904103141281,0.52,0.996,0.761,1,14.9767863652718,54.4539557001456,18.6521698601938,55.5240554400217,14.1559097143279,35.7490176955156,14.5652889114792,38.114870407258,21.766238586885,29.2037895205619,22.2112660319592,30.7560231920596,21.5931079811877,23.5495814957788,7.4375509336769,8.54475716010036,1,1,0,0,15.033781030833,38.0060473922276,14.4033629000812,35.9813380754586,21.2892813663809,28.63263883117,22.2160229935674,29.1606154521037,22.9722663613946,21.5779751753774,7.34335746478907,6.94459245853633,1,1,0,0,15.2103084306081,38.2631310309738,14.4105825030648,36.7210311142933,22.1244367245571,29.9359371304115,21.9442835268948,29.5761996040732,23.0528226003657,22.3104486112284,7.81150040585442,7.63191607717844,1,1,0,0,12.9651076986303,36.7434270604959,13.0796916263455,36.9984348596013,20.9515483125162,29.8135803826972,21.1539742789374,30.069569350372,23.7783193618657,23.9187432332558,8.86203207018094,8.91559507143466,1,1,0,0
469,500,1,1,"L'Ecuyer-CMRG","10407_-2028830298_327851207_98586083_2095415335_-1129171076_459489674","10407_-778052750_1806095231_-557536181_-461812086_2050595057_853090897",1935403220,1072562921,1071108872,636015730,979083838,1491560473,65969341,80.1689999999981,5.43000000000029,6.19099999999889,2.08000000000175,2.18100000000049,554.545999999998,1,NA,"abb1cb188ba5","not-a-git-build","bbd3d4119dab4c61438d29ca56ae93a0","confirmatory",673.679,9.9800080314931,10.0587003041039,6.18630711078981,-6.19410539307482,26.1382519032292,13.6259638192786,99.6005603086669,101.177451807781,38.2703956690086,38.3669416205186,5.78671302346338,5.67150309680296,0.47,0.962,0.479,0.974,13.9611372821909,41.6946257184477,12.9335819039627,40.1128628438068,13.1590684277961,10.0329766976538,9.12011553852966,-5.45070589771223,29.072060330969,14.3693633146412,173.161081887419,100.660621415665,83.1765074361302,29.7101947833549,7.52104026250714,5.69093030710842,0.402,0.92,0.523,0.975,15.4957341184957,45.0133800661264,14.3633096337862,42.7422063008825,13.2329138382753,11.5329411525504,8.48513691672169,-5.46122079410528,28.437081709161,14.3588484182481,175.110008651218,133.008731628191,71.9975484955133,29.8249325619679,7.67965228761823,6.56285492829039,0.517,0.979,0.51,0.99,21.2011409640025,63.331073658648,16.8953408568536,55.2597814993513,12.8942483231468,11.4082056316731,7.86536671766786,-5.395721234913,27.8173115101072,14.4243479774404,166.261639818974,130.147155734538,61.8639936033974,29.113807644891,7.01161699188884,6.5628653854197,0.575,0.993,0.552,0.995,20.1388713976275,63.832056431158,18.2985442962533,58.7340529109914,16.5401192162379,36.659895025226,1.84175756688474,23.9758222186402,22.4024150777409,29.5977687992737,10.0605446509585,17.6447979254475,20.1197758089881,22.1340646517555,7.19535372153277,7.584253274489,1,1,0,0,19.4472925951793,40.2294773098034,3.28614657291727,25.4363761469528,25.1619939639483,32.9376400470444,10.4557669844584,18.4100020226167,20.7821847146241,22.1502295740355,7.77564608309612,7.95423503815828,1,1,0,0,16.187153925177,38.9295355187427,3.30949798450366,24.5958569838851,25.0710227451813,32.3283329467702,9.97763307066034,18.5151293993484,22.7423815935658,21.2863589993814,7.25731020158896,8.53749632868808,1,1,0,0,15.9987737205125,40.5432670300801,2.60416061911251,28.8296625913114,23.5857545594281,32.0068206858744,9.62410071572692,18.5354297139841,24.5444933095676,26.2255019721989,8.42106612644629,8.91132899825723,1,1,0,0
468,500,1,1,"L'Ecuyer-CMRG","10407_-195088949_-432064818_-1120361571_292451600_1094320171_882655636","10407_-1723152388_958658406_-1804183242_2125883343_-1002207985_-1615229467",1717954885,512630446,1935403220,1072562921,1071108872,636015730,979083838,83.9240000000027,6.40699999999924,7.14199999999983,2.05400000000009,2.61200000000099,547.326000000001,1,NA,"abb1cb188ba5","not-a-git-build","bbd3d4119dab4c61438d29ca56ae93a0","confirmatory",673.877,9.58943748694463,9.23967329127253,-6.47655679875056,5.70734661984466,13.6371068844809,26.0235819661515,91.957311316019,85.371562529455,41.9457879674421,32.5738054390523,5.53885778460061,5.26906297784633,0.529,0.996,0.47,0.999,15.231662348387,46.1312238652572,13.5340613328408,40.3490020789429,11.0253214556992,12.202446027623,-5.90491797593149,9.06506522881268,14.2087457073,29.3813005751195,121.557713201502,148.899689057052,34.8680563024789,82.1754076026287,6.32681829818234,7.12919048955762,0.517,0.989,0.389,0.906,16.8390355423695,49.8214344533715,13.5154052994346,40.0268507062561,14.0495697832933,11.0598580991195,-6.79474266407563,5.55727390812413,13.3189210191558,25.8735092544309,197.390411095628,122.320461172658,46.1685278710096,30.8832932899173,8.09050866890724,6.28830362710196,0.467,0.983,0.511,0.982,18.8336469777982,58.0945952047547,16.1784771132422,50.7998449623473,12.6767481004718,11.5323356976749,-5.24473557275719,7.53670177684846,14.8689281104743,27.8529371231553,160.699942402816,132.994766643866,27.5072512281447,56.8018736731507,7.38887941040445,6.62529376244959,0.496,0.991,0.505,0.984,19.8488200280757,59.3402164371065,17.2056949828873,52.5493703898643,2.31489348713407,24.0129775588863,13.9530249762118,38.7350915853818,9.67273036348778,17.8690891018119,21.6296991280461,30.1998067896656,21.6980840717522,24.78206660917,8.19635873832417,8.57010766161954,1,1,0,0,1.47662908762419,26.4781675068685,15.2435788611815,40.430703573517,10.1636889604425,18.6073647603544,25.1831540313393,34.1973916361492,25.0015384192443,25.1871247123355,8.4436757999119,9.01423760480989,1,1,0,0,1.69354219895823,24.3619293162144,14.4530227605108,38.2351257782358,9.18491935379187,17.4132224495013,21.5547678182294,29.8407658256265,22.6683871172562,23.782103017725,8.22830309570947,8.28599800739716,1,1,0,0,2.8647846251306,26.6174574151623,16.6613822390991,39.757709283733,10.8207098132676,19.112550106188,23.3912690706013,31.9777645421,23.7526727900317,23.0963270446339,8.29184029292043,8.58649547149874,1,1,0,0
471,500,1,1,"L'Ecuyer-CMRG","10407_-1964421122_1774647416_-159258547_-914969711_953828656_551004343","10407_1514602893_382919604_673344581_-838329376_-1110178928_-1297432424",979083838,1491560473,65969341,1929149291,507612458,1589740218,1747776769,77.7560000000012,5.35800000000017,6.33000000000175,2.32600000000093,2.03700000000026,534.864000000001,1,NA,"abb1cb188ba5","not-a-git-build","bbd3d4119dab4c61438d29ca56ae93a0","confirmatory",652.151000000002,13.2298822718652,8.41900300964201,-9.29919914772858,2.60125600740523,10.8509457469883,22.7049351206641,175.029784927414,70.8796116763612,86.4751047891159,6.76653281606178,7.77994070421899,4.79842145085815,0.363,0.852,0.469,1,13.4934890676687,40.6103488630391,12.9182867203283,40.4467580472073,12.658582822058,8.80073421798501,-7.92160748153774,5.69095876120879,12.2285374131791,25.7946378744677,160.239719062903,77.4529227756123,62.7518650915547,32.3870116217791,7.28213867067661,5.04195908169078,0.377,0.893,0.524,1,13.9054532918944,41.1643052340422,14.4730888571415,43.2962839881439,15.6563686691859,8.02533986532231,-10.6625219819444,2.95784884798351,9.48762291277247,23.0615279612424,245.121879905465,64.4060799539315,113.689375015447,8.74886980751735,9.09195222879004,5.08702601817954,0.352,0.895,0.723,1,16.1152002330563,50.7876532012967,18.4087888981697,58.5718402795543,13.98148020109,7.5862561987916,-9.3859370644999,3.01362384574995,10.7642078302169,23.1173029590089,195.481788613471,57.551283113704,88.0958145787531,9.08192868367272,7.97004783385768,4.80396488564253,0.405,0.925,0.648,1,15.7733775817139,53.741262447236,15.9255425356605,55.7192221263015,0.448285694880245,21.5218168377802,11.1120103671402,34.399275396002,7.12279446217279,14.8221868127378,18.8425751614688,26.0619329843824,21.0735311429,23.2872650288619,7.69939235056503,7.21935782291363,1,1,0,1,0.767648357330056,22.1889083790584,14.7248532669991,35.8031646179017,8.88377077823912,16.1346266088495,22.2700523430783,29.4187036126842,21.4212600217283,21.0783113509026,7.25085583061036,7.1486512696059,1,1,0,0,-1.0149433295533,20.1754408618116,11.7341474894554,34.3007264268595,5.8505601424717,13.0332543963432,19.3732638934187,26.9171067807614,21.1903841913649,22.5665789374041,7.18269425387152,7.54384288734268,1,1,0,1,0.112707544706847,23.9803459385317,9.58282839194358,35.9756211897514,6.72732652008881,14.5547732446752,19.1047213506529,27.5196909582475,23.8676383938248,26.3927927978078,7.82744672458644,8.41496960759462,1,1,0,1
470,500,1,1,"L'Ecuyer-CMRG","10407_22690514_1988185907_2141544106_693553435_-380760452_-1313762438","10407_-1821289730_1087364951_1490924448_1079281361_641214143_-200153711",1071108872,636015730,979083838,1491560473,65969341,1929149291,507612458,81.3619999999974,6.86699999999837,5.67699999999968,3.11100000000079,2.22100000000137,554.595000000001,1,NA,"abb1cb188ba5","not-a-git-build","bbd3d4119dab4c61438d29ca56ae93a0","confirmatory",677.003000000001,7.20900622253385,10.6443259034459,2.60835773077578,-5.73935391380831,22.4945757395877,14.0459235774869,51.9697707165317,113.30167393877,6.80353005169777,32.9401833479467,4.27834148406621,6.12163369995781,0.637,0.998,0.416,0.94,13.9128732136439,41.0716853077981,12.7562330068425,37.6843942628922,9.22181661888119,9.63246080520652,1.96228260680636,-1.54462947745468,21.8485006156183,18.2406480138405,85.0419017522733,92.7843011638399,3.85055302897476,2.38588022262191,5.37123737509737,5.51971689382878,0.624,0.996,0.437,0.986,16.9964820623574,49.6302739512754,13.1613559931111,41.4518503671892,11.3008171925323,13.3069439681823,1.79535266740507,-4.91435769166308,21.681570676217,14.8709197996321,127.708469219034,177.074757772345,3.22329120035851,24.1509115216081,6.61476592359619,7.66158039823097,0.664,0.999,0.498,0.953,21.3383066644749,64.8023134778397,18.4001289717434,56.3671037494628,9.51598038107842,12.4561284505529,1.72185751124604,-3.86173011486824,21.6080755200579,15.9235473764269,90.5538826130694,155.155135976673,2.9647932890344,14.9129594800802,5.56673823072667,7.13085263277832,0.562,0.999,0.511,0.976,15.8354170507477,54.538609479243,17.8990732629211,58.906721502427,10.8134180841479,32.527466293126,3.46014328673995,25.3472444844162,18.6096721905154,26.3893086739187,10.0318769222822,17.8174834791872,21.7140482089781,21.8871011976762,7.77963648340321,7.78560655690498,1,1,1,0,11.1404174512276,34.4245780906587,5.93120145269913,29.2482388066293,17.1465952529214,26.133239422158,14.8675488150123,22.5177710549074,23.2841606394311,23.3170373539301,8.98664416923659,7.65022223989509,1,1,1,1,8.37784057011651,33.7124782874629,1.46891105133575,26.4136289474786,17.3088890639661,26.3648602133697,10.2773034937886,19.7922044360241,25.3346377173464,24.9447178961429,9.05597114940369,9.51490094223545,1,1,1,1,8.54979019720991,33.9799909841832,2.8293692807469,28.4267930617687,17.7226651654984,25.6058913215194,11.6964524753142,20.6140831193036,25.4302007869733,25.5974237810218,7.8832261560211,8.91763064398939,1,1,1,1
473,500,1,1,"L'Ecuyer-CMRG","10407_-1580820727_-1987198916_-1395606709_-837093776_-1893933786_-809270772","10407_-1259512606_374537697_1859472965_1672812345_-880599692_1526205211",507612458,1589740218,1747776769,532759443,1354408257,1771060802,330996132,80.9209999999985,6.4330000000009,5.1919999999991,2.38999999999942,1.87899999999718,539.348000000002,1,NA,"abb1cb188ba5","not-a-git-build","bbd3d4119dab4c61438d29ca56ae93a0","confirmatory",661.099000000002,6.9258069859319,14.2781393769004,-3.08087484084337,-11.6603418705597,16.8162948648724,8.41783605123586,47.9668024063831,203.865264066195,9.49178978494167,135.963572538327,4.07978556668727,8.65637704347931,0.647,1,0.306,0.81,13.3651564834917,40.5432560509509,13.2789167952789,40.4604298925249,6.86541869044656,15.4405883603258,-3.68155102673794,-12.4428277138603,16.2156186789779,7.63535020793522,47.133973795133,238.411768913029,13.5538179624751,154.82396151681,4.25133147094664,9.31349297410957,0.747,1,0.316,0.828,15.6056871946839,46.3138767529811,15.3968520894948,45.8263862591137,6.55440256550697,17.027683307136,-3.70299700626072,-13.4607455719961,16.1941726994551,6.61743234979941,42.9601929907243,289.941998808117,13.7121868283759,181.191671354013,4.42525853992315,10.1379530898506,0.805,1,0.366,0.909,17.080908446931,55.4497887111611,19.8198815220331,60.1423776962481,6.99647817384684,13.0476052940936,-3.99128617119007,-10.144733402893,15.9058835345257,9.93344451890253,48.9507068371152,170.240003910459,15.9303653003331,102.915615815773,4.70893215545262,7.66130637467136,0.792,1,0.445,0.954,18.3177232873513,58.7285149915984,17.4828416995172,57.582940981376,6.24862397360202,26.8250925846524,-3.27939774582542,19.5549705856835,12.8867967359919,20.7241418512311,4.57211773197033,12.5191698458526,20.5764686110504,22.8343683315089,7.83734511523923,7.94705211388228,1,0,1,0,5.43021446056621,28.3943412229727,-4.80272291293267,19.3419577659852,11.9627998798719,20.1291457074755,3.32862252666683,11.6079585018878,22.9641267624065,24.1446806789179,8.16634582760356,8.27933597522096,1,0,1,0,3.97771507314147,28.0425187308524,-4.56576337892951,17.2422845993294,12.0852381814942,20.1666027673441,2.595030666717,10.4528409836097,24.0648036577109,21.8080479782589,8.0813645858499,7.85781031689269,1,0,1,0,3.50372767122004,28.3783481412005,-2.06076624848727,21.0132954491203,11.9281088834829,20.3581501221394,6.0923089478761,14.2517595305857,24.8746204699804,23.0740616976075,8.43004123865643,8.15945058270955,1,1,1,0
472,500,1,1,"L'Ecuyer-CMRG","10407_249523795_2067456403_663811605_1964900063_680655578_-136467042","10407_1360444122_415774465_-1983986649_-2059428501_307214947_-940196029",65969341,1929149291,507612458,1589740218,1747776769,532759443,1354408257,80.8810000000012,6.0769999999975,5.41800000000148,3.10800000000017,2.05000000000291,549.220000000001,1,NA,"abb1cb188ba5","not-a-git-build","bbd3d4119dab4c61438d29ca56ae93a0","confirmatory",669.491000000002,8.84796076942911,10.1068356262533,0.715483701391594,0.876995623789917,20.7829144822954,20.8158220772535,78.2864097773566,102.148126376102,0.511916926957016,0.769121324146665,5.04533382905562,5.86960981436353,0.457,0.982,0.348,0.96,11.8970377487799,36.4132351108533,12.1223373166345,36.9715877367258,9.05007270981071,10.4133079594493,1.36323634482706,1.56635505343675,21.4306671257309,21.5051815069004,81.9038160528605,108.436982658331,1.85841333185745,2.45346815342685,5.16439147805873,5.96784390826734,0.48,0.988,0.406,0.984,12.9717518899084,39.4916411006271,14.2202899267209,41.9033055780151,9.60152479251041,11.4870434803655,-0.806063775397043,0.975949844692892,19.2613670055068,20.9147762981565,92.1892783411921,131.952167919807,0.649738810007334,0.952478099356079,5.43128610061296,6.63259423410514,0.507,0.996,0.491,0.993,14.0854804038637,47.4667373932291,17.8999946511612,58.6806729087768,9.13066474976877,10.2448281149336,0.23248481776611,1.4274162114732,20.2999155986699,21.3662426649368,83.36903877267,104.956503104534,0.0540491904917415,2.03751704077651,5.25757853291496,5.92325985718201,0.491,1,0.429,0.992,13.1867243364144,47.9897160015352,14.3655725318276,50.6824800142913,9.30330897348714,30.7928976893,9.40833739255516,30.86703672167,17.2756021338284,24.9626435037115,17.2561890937677,24.5805832802816,21.4895887158129,21.4586993291149,7.68704136988311,7.32439418651392,1,1,1,1,9.68900560087443,32.5735101194726,10.2084978190719,32.9676352185165,17.6934421206869,25.2600651633556,17.5080771566771,25.3956317528908,22.8845045185982,22.7591373994446,7.56662304266862,7.88755459621371,1,1,1,1,7.66179244657827,30.6420063525951,9.75310772045738,33.5530179625489,15.3778542414348,23.2932503527318,16.6754858433921,24.8118790563309,22.9802139060168,23.7999102420915,7.91539611129705,8.13639321293877,1,1,1,1,8.77801651124454,31.4296085127358,8.85965065002691,34.7579517348145,16.4312632455978,24.3416219100288,16.6342448349132,25.2306526370683,22.6515920014913,25.8983010847876,7.91035866443104,8.59640780215506,1,1,1,1
475,500,1,1,"L'Ecuyer-CMRG","10407_669719286_1907506445_1608973053_-847202985_-1827182619_-1867308332","10407_-1298610638_1284321647_-234757568_-1540543369_1881660656_1304768656",1354408257,1771060802,330996132,920430727,330201991,1119632972,717706103,82.6649999999972,6.01800000000003,5.31999999999971,1.87900000000081,2.21199999999953,542.094999999998,1,NA,"abb1cb188ba5","not-a-git-build","bbd3d4119dab4c61438d29ca56ae93a0","confirmatory",662.991999999998,9.7090183254976,6.25909658189066,-0.917169273414654,2.42187530129374,19.1627319832489,22.3451086715398,94.2650368448483,39.1762900214353,0.841199476095964,5.86547997501664,5.53250165452721,4.02731232642149,0.543,0.997,0.732,1,15.3048277920133,45.7166346961368,15.286902056417,44.1505558179707,8.22627016394597,10.1310572497113,0.860719026491168,8.05310884806352,20.9406202831548,27.9763422183095,67.6715208102276,102.638320996928,0.740837242563904,64.852562118759,4.83083247413352,5.91782980125589,0.647,0.999,0.536,0.978,15.9465621429978,46.8643509882798,15.7531065477576,47.010799634564,8.65337150864853,10.4659518746118,-1.65371282198403,5.4133724847349,18.4261884346796,25.3366058549809,74.8808384666902,109.53614864169,2.7347660975944,29.3046016584849,5.33335431828833,6.26109550161526,0.707,1,0.645,0.999,18.6117067021669,59.4508405284495,20.5074151456545,61.2912681263491,8.716064456084,8.41035078778058,0.931867622162354,5.96560973611452,21.011768878826,25.8888431063606,75.9697796026108,70.7340003735214,0.86837726523452,35.5884995236244,5.17273744037469,5.26090353862011,0.64,1,0.688,1,16.7712042041288,54.4030935621613,18.4085751953066,57.7638578168719,6.69835995320826,30.8095290151759,9.67521996686848,33.42691211104,15.0456589583295,23.5434828772737,17.8792483940009,26.7526620885043,24.1111690619677,23.7516921441715,8.49782391894418,8.87341369450341,1,1,1,1,8.59736830725111,32.4821717370348,15.9044858669104,38.8667060858799,16.8986550351925,25.1499457936214,24.1445464496389,32.2504874696614,23.8848034297837,22.9622202189695,8.25129075842889,8.10594102002246,1,1,1,0,6.65623501589454,31.9554243361856,13.2897727097867,38.5686742606556,14.1626540405439,22.58295908831,21.1874806509741,29.6629885646176,25.2991893202911,25.2789015508689,8.4203050477661,8.47550791364347,1,1,1,0,9.29823835000455,32.6474629173636,12.9509553274328,39.933948341253,17.1712175190535,24.8147113377778,21.1047359555758,31.2073358171441,23.349224567359,26.9829930138202,7.64349381872435,10.1025998615683,1,1,1,0
474,500,1,1,"L'Ecuyer-CMRG","10407_1901168176_-571710448_408791046_-1592969608_-17678363_1929015588","10407_-1301485075_1755415054_-1565246007_-1900559037_-968447089_1393287541",1747776769,532759443,1354408257,1771060802,330996132,920430727,330201991,78.3070000000007,5.24600000000282,6.25700000000143,2.10699999999997,1.95400000000154,545.610999999997,1,NA,"abb1cb188ba5","not-a-git-build","bbd3d4119dab4c61438d29ca56ae93a0","confirmatory",663.514999999999,9.32829771051527,12.3755813026603,-1.85700884525414,8.28631791136246,18.1190705476038,28.4281402592081,87.0171381760045,153.155012578754,3.44848185135212,68.6630645281664,5.40326023771054,7.10980897561947,0.62,0.987,0.434,0.938,16.7005781117316,48.5634522515925,14.2416962584145,43.5572681633549,11.407895594517,14.3626892487516,-0.62662824170998,10.4402024263347,19.349451151148,30.5820247741803,130.140081895401,206.286842456205,0.392662953308541,108.997826702844,6.37378972264512,8.45591480431959,0.517,0.962,0.363,0.835,16.3592620806337,47.7638465658061,14.5258609446523,42.2519237886352,13.9481114027032,14.2226196749103,-0.958109624744189,9.63975493113974,19.0179697681138,29.7815772789854,194.54981170222,202.282910417147,0.917974053027451,92.9248751324329,8.12241875136281,8.13658830077442,0.647,0.992,0.454,0.952,25.7749164600348,77.0917048896955,17.8045844201207,58.1344355463604,11.0882081121284,17.063915470193,-2.11650656625747,11.5500164880645,17.8595728266005,31.6918388359102,122.94835913787,291.177211173891,4.47960004501097,133.402880874563,6.70186330359242,9.47921484955353,0.64,1,0.434,0.956,22.0692125335136,68.6456276297689,21.8635145063007,64.8810378723775,5.65627595041249,31.6859896033643,16.9058514022748,39.5539914082753,14.0869767212959,22.1688451305963,24.6358215748718,32.2981251331485,26.0297136529518,22.6481400060005,8.0818684093004,7.6623035582767,1,1,1,0,7.3620331933926,31.2690771281551,19.7039676540655,41.1247397563947,15.4508017530559,23.4541795205508,26.7354370524139,34.5569160200574,23.9070439347625,21.4207721023292,8.00337776749487,7.82147896764348,1,1,1,0,7.57319695069155,31.1187447600034,16.9316688627556,42.1665947582568,14.6288786420561,23.1892948317159,25.6573516075594,33.9238772794972,23.5455478093119,25.2349258955011,8.56041618965984,8.26652567193782,1,1,1,0,4.7228237579878,30.1131782013956,19.2391671676806,42.7217710954927,13.6477403679276,22.3487723215111,27.4843987019021,35.6614141692941,25.3903544434078,23.4826039278121,8.70103195358348,8.177015467392,1,1,1,0
477,500,1,1,"L'Ecuyer-CMRG","10407_-542015663_-208098356_656960346_2036717455_1751440383_-758504171","10407_716898851_824340931_1317200665_-2016353711_-1465484062_-2141808801",330201991,1119632972,717706103,1309835876,2030274184,1787481111,562192037,81.4010000000017,6.79500000000189,5.77200000000084,2.56200000000172,1.98099999999977,544.133000000002,1,NA,"abb1cb188ba5","not-a-git-build","bbd3d4119dab4c61438d29ca56ae93a0","confirmatory",667.132999999998,8.22181149010481,9.89781398812785,0.412023540252061,-3.47771507821109,20.2721822536406,16.7043546353834,67.5981841788195,97.9667217435794,0.169763397721842,12.0945021652168,4.72551171834855,5.71226718260116,0.514,0.991,0.359,0.969,12.3955303609138,37.8426393057031,11.2417518939191,35.9129764596136,7.87674796751763,10.0554427716921,-0.533749250278973,-0.789800879591368,19.3264094631095,19.3922688340031,62.0431585437931,101.111929334775,0.284888262173366,0.623785429403299,4.58290076879859,5.79457406838959,0.582,0.999,0.449,0.98,14.0278152813341,42.4791561226772,14.00855080805,42.0766043882344,8.95846285866304,10.5658435391023,-1.68019933660818,-2.78452042953142,18.1799593767803,17.3975492840631,80.2540567900452,111.63704969279,2.82306981073857,7.75355402247784,5.17817718158385,6.2433562774934,0.533,0.999,0.582,0.995,14.0319722522193,48.7537859193679,18.8302868562825,59.2536368101737,9.37492028427864,10.7926553642455,-0.0690099911183211,-3.8377602515512,19.7911487222702,16.3443094620433,87.889130336579,116.481409811377,0.00476237887415075,14.7284037483863,5.38295607912718,6.23142783531567,0.554,0.999,0.429,0.963,15.813182791437,51.231584678504,13.731598433278,45.1396081686037,9.18150136708919,32.4938290891952,6.97010222176941,27.5113987643606,16.067631802808,24.4392619755767,12.6735282021689,20.384548984868,23.312327722106,20.5412965425912,8.37163017276875,7.71102078269909,1,1,1,1,8.15381887909666,31.7755049055672,8.18110650603074,30.2241805713625,15.1820864704957,22.8985400165397,15.2286430077505,23.3885506007512,23.6216860264706,22.0430740653317,7.71645354604406,8.15990759300074,1,1,1,1,5.79611533916626,29.9567553240045,5.4375621612581,30.0231813907032,14.0895276929097,22.5351803138429,12.7841479610065,22.0264397456921,24.1606399848383,24.5856192294451,8.44565262093323,9.24229178468559,1,1,1,1,7.55902618694009,32.4059158314325,5.25266490249737,26.9798403480473,15.7237092671957,23.8203983452939,11.9206374555028,21.0042497485485,24.8468896444924,21.72717544555,8.09668907809818,9.08361229304564,1,1,1,1
476,500,1,1,"L'Ecuyer-CMRG","10407_691195671_736414946_293063862_804887432_1407300354_1800138191","10407_-606847674_1433498394_-1072162929_51158752_117329098_-865275164",330996132,920430727,330201991,1119632972,717706103,1309835876,2030274184,83.012999999999,6.32500000000073,5.89799999999741,2.59900000000198,2.03100000000268,527.438999999998,1,NA,"abb1cb188ba5","not-a-git-build","bbd3d4119dab4c61438d29ca56ae93a0","confirmatory",651.105000000003,6.9819530240883,11.2978745243087,4.03793748616004,-8.4451247782204,24.2828267863222,11.8822272986344,48.7476680305757,127.641968767023,16.3049391421365,71.3201325197121,4.12950093127092,6.61716195487475,0.65,1,0.397,0.927,13.4638805574495,41.3526703466619,12.6998878781285,38.4535250436772,7.89455092698034,11.079521880145,4.41144417166131,-6.95629001741547,24.6563334718235,13.3710620594394,62.3239343386862,122.755805092612,19.4608396796846,48.3899708063942,4.55513186381729,6.38268046232667,0.618,0.999,0.426,0.972,14.1189832767134,43.6362273544516,13.7015330531155,41.5120423734771,6.85807055245183,14.299829986329,4.2143471179401,-8.19836029181377,24.4592364181023,12.1289917850411,47.033131702407,204.485137637914,17.7607216304901,67.2131114743887,4.40276863122656,7.98606550120024,0.766,1,0.409,0.963,16.5187304946511,50.0479155354358,18.1739881872329,54.3572409436708,11.9398416285367,12.2146618843158,7.74313704559173,-7.644970196878,27.9880263457539,12.6823818799768,142.559818114537,149.197964948156,59.956171306815,58.4455693111528,6.18051879197052,7.093719772488,0.527,1,0.46,0.98,17.6695350291797,55.4569775242614,16.3190157861077,53.0311995536081,12.5318837345529,36.5937903824988,-0.364802742344015,23.3562599399899,19.9913952569341,28.4627581126903,7.6318595513519,16.2973679510474,24.0619066479459,23.7210626823339,8.47136285575618,8.6655083996955,1,1,1,0,13.007953693825,36.0039520734375,2.21822922333478,23.7397297548562,21.1302078029918,28.652568527354,9.8022270067072,17.0966871595038,22.9959983796125,21.5215005315214,7.52236072436219,7.29446015279655,1,1,0,0,12.6938265121409,35.7487873632319,0.249789113623633,24.6747785344555,20.4068136766277,28.6045859586352,7.85765675306518,16.3355980043293,23.0549608510911,24.4249894208319,8.19777228200743,8.47794125126414,1,1,0,0,14.329851898516,41.3291774203407,0.735738472208641,24.3485101521777,23.2349013244824,32.4342797043448,8.37821130080254,17.0655055458397,26.9993255218247,23.612771679969,9.19937837986237,8.68729424503718,1,1,0,0
479,500,1,1,"L'Ecuyer-CMRG","10407_1934862358_184832264_395349802_-1780360958_-586249032_-1579199061","10407_-1000632333_-830219133_370370558_-547901775_795530051_-1364518263",2030274184,1787481111,562192037,900415534,1430577339,77148167,985690636,78.4000000000015,6.41999999999825,5.14500000000044,2.31599999999889,1.94099999999889,541.27,1,NA,"abb1cb188ba5","not-a-git-build","bbd3d4119dab4c61438d29ca56ae93a0","confirmatory",657.906999999999,7.05488152818294,11.177954942473,0.975116707971633,-7.44049099770039,20.7675545659029,12.4478459468527,49.7713533766968,124.946676695957,0.950852594165435,55.3609062868606,4.11860411515208,6.37837323289108,0.584,1,0.467,0.938,12.6278134646512,39.0277108505225,14.4668969183878,43.120865642148,7.53250104160621,9.76423731973725,1.85939083582121,-4.8107344115141,21.6518286937525,15.077602533039,56.7385719417986,95.3403304361497,3.45733428033589,23.1431655781259,4.37306141496958,5.53185471105392,0.579,0.999,0.616,0.986,13.3697963976295,40.5305902836795,16.4938593724373,48.7980813223027,7.28581646279874,14.5248447864471,0.531319483006111,-6.71980222195137,20.3237573409374,13.1685347226017,53.0831215295891,210.971116070378,0.282300393021882,45.1557419021426,4.55736010083707,7.95163931359121,0.708,1,0.599,0.966,16.1551933033341,51.3865016457484,20.7911581200431,62.6986317937629,7.18841613334694,11.3932722975375,1.84414495627547,-6.80286050999093,21.6365828142067,13.0854764345622,51.6733265061626,129.806653645835,3.40087061975625,46.278911118394,4.72062300079944,6.58234093068951,0.76,1,0.606,0.997,17.5373532392934,57.2692795981908,20.5238056796236,60.5713499667102,9.54183339365724,32.2967869538332,0.212897274195347,24.2306647393731,17.0265217913841,24.6702255094378,8.37083520148714,16.446618233873,22.754953560176,24.0177674651777,7.6437037180537,8.07578303238584,1,1,1,0,11.0533319211933,33.186380444058,4.10593784681728,25.7180210272365,17.41213910421,25.410139740934,11.4404999949389,18.8775842444904,22.1330485228648,21.6120831804192,7.99800063672399,7.43708424955142,1,1,1,0,9.489142109117,31.3821565791599,2.67221741772829,24.1267342252262,16.5670910548083,24.2340156323873,9.08069644762908,16.9812168568447,21.8930144700429,21.4545168074979,7.66692457757904,7.90052040921562,1,1,1,0,9.73672029320814,33.3778608039325,1.15780000099049,25.2860638380096,17.7461561201868,25.508396814129,9.22915704588953,16.5513899462003,23.6411405107244,24.1282638370191,7.7622406939422,7.32223290031073,1,1,1,0
478,500,1,1,"L'Ecuyer-CMRG","10407_-1031579403_-255172062_-531215908_116430456_704235643_-309777739","10407_-955368321_2081667638_-1081007471_144034767_1943401866_1805560228",717706103,1309835876,2030274184,1787481111,562192037,900415534,1430577339,80.3169999999991,6.43400000000111,5.57800000000134,2.44000000000233,2.03700000000026,547.384999999998,1,NA,"abb1cb188ba5","not-a-git-build","bbd3d4119dab4c61438d29ca56ae93a0","confirmatory",668.315999999999,6.14788335304159,5.11589627772699,4.78546099877433,2.48020604158356,24.7655582214192,22.6377864293497,37.7964697226059,26.1723947244609,22.9006369707902,6.15142200870761,3.79938745857036,3.40572992138258,0.677,1,0.8,1,13.8376378562042,41.5743637821728,13.5726789485562,41.2792110268252,7.81069254935046,5.58696222238188,4.86035803944471,2.29523353818054,24.8404552620896,22.4528139259467,61.0069181004787,31.2141468743223,23.6230802715948,5.26809699478874,4.56404313217377,3.56317026970677,0.583,1,0.748,1,14.3682029873131,44.028228300969,13.7343513730231,40.5938708552511,9.12343857906376,8.75893534239931,4.86180288209403,2.97507569769516,24.8419001047389,23.1326560854613,83.237131505949,76.7189483323317,23.6371272643378,8.85107540701635,5.61714571217042,5.50319296719474,0.644,0.998,0.718,1,18.1223345786437,55.4316014978155,19.2988959624617,60.2550646135428,6.67244148502519,8.98311241136414,3.27976537092179,4.57120909577149,23.2598625935667,24.7287894835377,44.5214753710852,80.6963085952045,10.7568608882977,20.895952597264,4.71603979686458,5.26483057429301,0.74,1,0.705,1,18.2075784833058,58.0168752893368,18.9073369535017,55.038888409349,12.6460190787401,36.6122132321304,12.0349885511622,34.7749741976931,20.4313740107567,29.0294786208362,18.3445658900258,26.2744308293897,23.9661941533903,22.7399856465309,8.59810461007947,7.92986493936387,1,1,0,1,13.5604877101953,35.9480291117263,12.2702539061221,32.0093127286137,20.6187390512839,29.024671646743,18.5497358937155,26.2419520211619,22.3875414015311,19.7390588224916,8.40593259545906,7.6922161274464,1,1,0,1,13.0034418685767,36.6044840782863,10.4684602516117,34.7617158872047,20.8466071949563,29.0810523857992,19.0577305017403,27.6668957331516,23.6010422097096,24.2932556355929,8.23444519084284,8.60916523141125,1,1,0,1,9.94967754945311,35.3778127511335,12.6278240226137,36.796742708964,19.0966629837103,27.8013343365731,20.2083922273171,28.954095091338,25.4281352016804,24.1689186863503,8.70467135286277,8.7457028640209,1,1,1,0
481,500,1,1,"L'Ecuyer-CMRG","10407_-1497184151_-462584733_-1091516458_-630301505_-2070656037_-287635751","10407_-999387152_-1557193328_-1414794791_1278311252_1901518645_-371595398",1430577339,77148167,985690636,1971781513,1628401784,852974558,731599521,78.1800000000003,5.29099999999744,6.12899999999718,2.03299999999945,2.38199999999779,552.737000000001,1,NA,"abb1cb188ba5","not-a-git-build","bbd3d4119dab4c61438d29ca56ae93a0","confirmatory",669.894999999997,9.55532053382089,9.22176383011153,-5.80777770119663,4.47836057453269,14.4335280582155,24.762974359352,91.3041505040592,85.0409281383532,33.7302818265168,20.0557134355288,5.39243888813353,5.2051392314171,0.485,0.971,0.433,0.996,12.7106041038427,39.5191367404081,12.2008040119935,38.2330149575096,9.96889153434033,8.91841641660051,-6.22729372215149,4.19380424918502,14.0140120372607,24.4784180340043,99.3787984234423,79.5381513798894,38.7791871019474,17.5879940804823,5.61447242739144,5.10284306431496,0.467,0.99,0.559,0.999,13.3838179810167,43.2160678438213,14.9897023426678,44.0200818782793,11.5712583296602,11.3156931778284,-8.34397302567935,4.20623919445522,11.8973327337328,24.4908529792745,133.89401933173,128.044912094752,69.6218858532646,17.6924481609713,6.53246548472699,6.50585987379547,0.373,0.978,0.551,1,12.7766746522656,47.0867637000876,18.791494047161,57.9312567451496,10.7028095291325,11.7383044496862,-6.27719490553829,4.8379905660372,13.9641108538739,25.1226043508565,114.55013181689,137.787791353523,39.4031758821159,23.4061527170649,5.93141803441221,6.73085897747348,0.632,0.998,0.537,0.998,18.3645236610766,59.6969792762969,18.5234016716796,58.8050788791207,2.53493532012448,25.869713324646,14.691039492901,34.5148206162826,10.7871641753693,18.3665124474441,20.8968944302867,28.5132659299868,23.3347780045215,19.8237811233816,7.57934827207479,7.61637149970012,1,1,0,0,0.56792768052255,27.1554658332686,14.4088638914802,35.6891630407481,9.8304904460767,18.1114842562559,21.0246765233556,27.7803948828375,26.587538152746,21.280299149268,8.28099381017916,6.75571835948182,1,1,0,0,0.64858549151739,23.2141830103671,12.8249809796603,36.4011420916822,8.12630449376907,15.5794679551668,20.2925839857532,28.9898373369951,22.5655975188497,23.5761611120219,7.45316346139778,8.69725335124192,1,1,0,0,2.72527706849338,25.303911657757,14.1173489768,35.8975518594092,10.0586950264131,17.7079398019661,21.449600941563,29.118248120185,22.5786345892636,21.7802028826092,7.64924477555303,7.66864717862193,1,1,0,0
480,500,1,1,"L'Ecuyer-CMRG","10407_1846631762_-884643519_1426512408_1200435472_186056689_-2095776031","10407_-1179595509_-1598160332_-2020866791_1595112896_1189308117_1073661400",562192037,900415534,1430577339,77148167,985690636,1971781513,1628401784,84.994999999999,5.81700000000274,5.82400000000052,2.10599999999977,2.5570000000007,570.52,1,NA,"abb1cb188ba5","not-a-git-build","bbd3d4119dab4c61438d29ca56ae93a0","confirmatory",694.804,8.04727325165693,8.32363203296137,-3.14148259932853,-0.700662434741339,16.6338460154038,19.0373461129298,64.7586067868332,69.2828502201406,9.86891292188396,0.490927847457661,4.58816115252915,4.81345081395787,0.567,0.998,0.48,0.999,13.4995747919053,39.913472876722,12.7387887105148,38.9135000937753,8.1600052045731,7.20903357652058,-0.29840260039342,1.00402117161475,19.4769260143389,20.7420297192858,66.58568493866,51.9701651074012,0.0890441119215549,1.00805851305066,4.84646683331085,4.24733356640814,0.648,0.997,0.57,1,16.1436615131474,45.8900498386038,13.0523621039962,41.58926009713,7.85471281019281,7.8624854534932,0.987528316388733,-0.0787892580389773,20.7628569311211,19.6592192896321,61.6965133306071,61.8186775063921,0.975212175669566,0.00620774718233255,4.94318441188536,4.70103023944527,0.746,1,0.54,1,18.7483462119968,56.9964124316209,13.8556609978059,47.7969203227182,8.00838146825725,7.13847407815389,-1.82989170513567,-0.794335514566097,17.9454369095967,18.943673033105,64.1341737411261,50.957812164475,3.34850365252433,0.630968909700986,4.80280099772877,4.4286379504195,0.638,1,0.654,1,15.2366603749881,49.1379465724674,14.4377570401797,48.8620827619851,6.41084025505001,27.8531185449924,5.92157307793294,31.354728357504,13.2445561714063,20.3085008948091,15.3067915509055,23.1593843450771,21.4422782899424,25.433155279571,7.06394472340279,7.8525927941716,1,1,1,1,9.19770644337165,29.3564613391391,9.87394822798879,32.1510957289358,15.6992853914998,23.2252558943186,16.7787649404127,24.58727148107,20.1587548957674,22.277147500947,7.52597050281875,7.80850654065728,1,1,1,1,10.9271801401568,30.3308038033609,8.53837316966295,30.8884738351801,17.0785023859875,24.5813021059045,15.6278362588193,23.4545649899174,19.4036236632041,22.3501006655172,7.50279971991706,7.82672873109811,1,1,1,1,6.75965845864435,29.3989554180668,5.48446819102096,31.2181315481986,14.3489046203763,21.4561475552229,14.6402522738477,22.9197354323613,22.6392969594224,25.7336633571776,7.10724293484661,8.27948315851358,1,1,1,1
483,500,1,1,"L'Ecuyer-CMRG","10407_-1851200136_-1306692354_1526678577_-497719847_-1849135208_1843023421","10407_1614496316_545918621_-1913228459_762398334_1689571247_762957465",1628401784,852974558,731599521,722708070,982999075,746335240,1469500759,80.9480000000003,5.4330000000009,6.65199999999822,2.3289999999979,1.99699999999939,548.999,1,NA,"abb1cb188ba5","not-a-git-build","bbd3d4119dab4c61438d29ca56ae93a0","confirmatory",669.981,6.17441966869708,6.88731779115015,0.199419542185673,-1.72006728501756,20.1987270303598,18.2434016967196,38.1234582451933,47.4351463562934,0.0397681538055434,2.95863146498769,3.69048699522692,4.08356929631594,0.645,1,0.655,1,12.2459881721847,37.9618731400334,13.6825725462827,40.8087226767638,6.66575541028749,7.56625669259078,-2.04267543101575,-4.67959805819492,17.9566320571584,15.2838709235422,44.4322951897769,57.2482403381747,4.17252291647539,21.8986379862617,4.04783987639931,4.46484686600111,0.697,1,0.62,1,13.9721435550453,42.087033915499,14.8925964603213,43.2739825959235,6.8156221458263,10.9555385357836,-1.08078453826649,-5.98733915382024,18.9185229499077,13.9761298279169,46.4527052346779,120.02382460904,1.1680952181559,35.8482301428689,4.49738079235964,6.38901143245682,0.769,1,0.622,1,16.9847606650493,54.5997146491913,20.5434158395537,62.1118336844673,6.57564956564949,8.8023354173389,-2.23281652575485,-4.18005467361689,17.7664909624193,15.7834143081203,43.2391672102264,77.4811087993388,4.98546963768394,17.4728570744264,3.94969853884063,5.19384705977862,0.606,1,0.564,0.995,12.135400460353,42.4870999736203,14.6727286510413,46.8208603561713,7.59557794499479,31.3831404581886,6.58973382459816,30.3599524165873,16.2421166563469,24.6100845140686,14.0319451729495,22.5133053119604,23.7875625131938,23.7702185919892,8.36796785772174,8.48136013901095,1,1,1,1,8.03847609189573,29.1198582477854,4.83442240368563,27.6604851273812,13.8247944608471,22.3000167561321,11.1249597931113,18.960237746126,21.0813821558897,22.8260627236956,8.47522229528497,7.83527795301468,1,1,1,0,6.98974727194803,31.5905633620058,1.82226221279028,25.3919874688933,14.6613993939195,22.9859869075443,9.82892827345068,18.4078301690127,24.6008160900578,23.569725256103,8.32458751362482,8.57890189556204,1,1,1,0,6.41001817767636,29.2023395278528,4.70816301709146,28.1144967865017,14.0710453722773,21.519963147992,11.7778277834682,19.4805942791326,22.7923213501764,23.4063337694103,7.44891777571475,7.7027664956644,1,1,1,0
482,500,1,1,"L'Ecuyer-CMRG","10407_1534453889_-128591028_202633837_-2147393689_1663870002_-1138513634","10407_-134179078_-1687205811_-1141913584_-1664257700_-1219034816_528292665",985690636,1971781513,1628401784,852974558,731599521,722708070,982999075,81.887999999999,5.85100000000239,5.2589999999982,2.13000000000102,2.27899999999863,552.332999999999,1,NA,"abb1cb188ba5","not-a-git-build","bbd3d4119dab4c61438d29ca56ae93a0","confirmatory",673.403999999999,9.29537763267417,9.10066964443142,4.84073927825138,0.117149360629224,24.5113474029253,19.8416926014388,86.4040453340192,82.8221879770756,23.4327567600057,0.0137239726958359,5.28167928112035,5.22798614636007,0.452,0.976,0.448,0.987,11.9560894354649,38.1030402150755,12.6105131812569,37.6375740193209,9.96351150529623,9.68663619934669,6.09534363003186,1.573311270454,25.7659517547058,21.2978545112636,99.2715615161704,93.8309208584937,37.1532139681699,2.47530835373759,5.70297975568835,5.45896814114128,0.449,0.963,0.421,0.985,12.8495673771739,38.6758194741915,12.8604426182484,38.8332072647153,12.9879318088076,12.0879288863727,7.49514669114401,1.99187410582394,27.165754815818,21.7164173466335,168.686372670236,146.118024762005,56.177223921767,3.96756245345193,7.47478064727346,6.87704914212335,0.483,0.953,0.542,0.995,17.4673782265348,55.4907837362855,19.7770456273117,59.036117430298,10.4212353599073,10.0004955757463,6.0503047354226,2.75391751702515,25.7209128600966,22.4784607578347,108.602146426582,100.009911760522,36.6061873914772,7.58406169057797,6.01381947835977,5.63542775923388,0.467,0.992,0.506,1,14.3245504336082,52.6543649230265,14.4992398041797,50.5306506965833,14.3202882409517,35.5531265217989,8.74507885059453,30.6311058839983,20.835424146144,28.1804504179785,15.6431204958669,23.8416115915585,21.2328382808472,21.8860270334038,7.34502627183449,8.1984910956916,1,1,0,1,15.0077515365413,35.7489180845273,10.7282113386899,32.1322400153397,21.9423106788239,29.4349441541605,17.3827164668177,25.1102747534355,20.741166547986,21.4040286766498,7.49263347533663,7.72755828661779,1,1,0,1,15.7895665585256,38.7164130230609,9.77731219185572,34.3076118342304,23.010251112071,30.9993587455977,17.5064725193759,25.8856992659031,22.9268464645352,24.5302996423747,7.9891076335267,8.37922674652723,1,1,0,1,13.3522773263526,37.4759623812734,10.3855832006369,34.8831802739239,21.6214301968199,29.6419977155965,18.3954554014259,26.588996085443,24.1236850549208,24.497597073287,8.02056751877654,8.19354068401708,1,1,0,1
485,500,1,1,"L'Ecuyer-CMRG","10407_-1750135245_-1094724903_-41499242_-1332875141_-1534189116_-577863902","10407_289987324_-778226748_1279133359_-122581236_-2042774642_1462408964",982999075,746335240,1469500759,1976923720,1062086681,897065637,1775792788,81.0679999999993,6.48199999999997,5.50200000000041,2.42299999999886,2.04399999999805,550.673999999999,1,NA,"abb1cb188ba5","not-a-git-build","bbd3d4119dab4c61438d29ca56ae93a0","confirmatory",672.286999999997,8.6940573072771,12.9854506943754,-6.57423305265258,-10.1026779704502,13.4440818367955,9.93422095085769,75.5866324622183,168.621929736055,43.2205402305896,102.064102174619,5.02317298646293,7.78748280805948,0.51,0.996,0.312,0.804,13.6930852042112,41.9993838725345,12.0817603641324,36.3412296405325,11.2495485024201,11.6591820942843,-8.41513380183542,-7.12486194535633,11.6031810876127,12.9120369759515,126.552341508303,135.936527107679,70.8144769027931,50.7636577403868,6.47026654087632,6.70509618104543,0.457,0.975,0.44,0.896,15.8750586230315,46.782126156587,13.6154188219168,40.5757105538948,9.97059032439557,14.3042638446657,-7.1664658259395,-9.58496966932342,12.8518490635086,10.4519292519844,99.4126714169306,204.611964137812,51.3582324343587,91.8716435618499,5.81522958620957,8.27267537347389,0.563,1,0.418,0.9,17.3827599039313,54.2025361852938,16.7676781463164,53.394434725639,7.36255103427853,12.4803673448457,-4.99272798623731,-8.69614604974734,15.0255869032108,11.3407528715605,54.2071577323559,155.759569062292,24.9273327445572,75.6229561185362,4.98739508713695,7.18218920348422,0.81,1,0.463,0.957,19.92340438883,61.2349324237483,15.5951648870973,52.0856250071828,1.71422726505629,23.7036536506884,-1.15939707752664,20.0341378401291,10.1435754218276,16.9900656867832,6.60385127554194,13.6440350985071,21.9894263856321,21.1935349176558,6.84649026495558,7.04018382296517,1,0,0,0,0.293435449772061,23.8654735470219,0.85937266925002,23.4501951373432,7.80363455613297,15.1932575268252,8.9373739050817,17.0180667849861,23.5720380972499,22.5908224680932,7.38962297069223,8.08069287990443,1,1,0,0,-0.628603254477006,27.2089063808842,-2.69374878008481,22.6619174450188,8.73864636723035,17.0642682985929,5.69380273688211,15.158641781803,27.8375096353612,25.3556662251036,8.32562193136252,9.4648390449209,1,1,0,0,2.36407513212632,27.7000419326814,-1.55104833817928,23.2198272784648,10.5433504870559,19.6562230204923,7.38003182152475,15.5396687572423,25.335966800555,24.7708756166441,9.11287253343641,8.1596369357176,1,1,0,0
484,500,1,1,"L'Ecuyer-CMRG","10407_1108671370_761398046_-892080524_-1105938366_-124591194_1337840285","10407_-43400127_241108014_1346126415_-1851260780_-1493067604_1306531195",731599521,722708070,982999075,746335240,1469500759,1976923720,1062086681,82.755000000001,5.33699999999953,6.65100000000166,2.25399999999718,2.75200000000041,560.293999999998,1,NA,"abb1cb188ba5","not-a-git-build","bbd3d4119dab4c61438d29ca56ae93a0","confirmatory",683.384999999998,6.77733959715095,12.1257216748121,-2.86549002165883,-9.34684293081449,17.2425066678748,10.7377834454843,45.9323320151102,147.033126135009,8.21103306422633,87.3634727733169,4.07286928909718,7.03623346117263,0.654,1,0.343,0.94,13.5413889110752,40.4355837451576,13.5997064937674,41.0255398883557,7.31591796652874,11.5568043844781,-3.19596843916286,-6.60338972164787,16.9120282503708,13.4812366546509,53.522655692978,133.559727581091,10.2142142641251,43.6047558159647,4.39919971302659,6.59745329901873,0.655,1,0.405,0.963,15.0105537178615,44.4875979271945,14.1344748382733,43.998115894477,7.30965247361222,12.6458542716034,-2.12307229262396,-7.25139110031929,17.9849243969097,12.8332352759795,53.4310192849852,159.91763025863,4.50743595970757,52.5826728897898,4.59910434132697,7.10009873174239,0.717,1,0.493,0.981,16.7751434986622,52.5089804615663,18.3258108205761,55.9420241417737,8.8862756013022,13.2072108068879,-4.14906169278778,-8.98589786391758,15.9589349967459,11.0987285123812,78.9658940622989,174.430417297575,17.214712930559,80.7463604207586,5.28428341113761,7.51849989248351,0.616,1,0.399,0.928,16.1332960556628,54.6014525821802,14.9973750681963,50.4144188205663,4.79825197566343,28.3653311144546,-1.53741055724337,21.564285712463,14.0179131339588,21.215777240667,6.96959637772867,14.8927227604445,23.5670791387912,23.1016962697064,7.19786410670815,7.92312638271583,1,1,1,0,3.47525528548861,30.8459066322032,2.3046089647589,24.6286045818957,12.3529050143223,21.0332293647708,9.60695782694695,17.071030946678,27.3706513467146,22.3239956171368,8.68032435044845,7.46407311973102,1,1,1,0,6.00773751049665,28.8652938839312,0.770518018962999,25.6478325494977,13.6751587824453,22.5897196474631,8.39935247918214,17.234523793448,22.8575563734345,24.8773145305347,8.91456086501782,8.83517131426587,1,1,1,0,2.03927217907546,27.912746712891,0.407214240499099,22.5147124705829,11.6348177421644,20.5677278450645,6.76600708056089,15.4379819822557,25.8734745338156,22.1074982300838,8.93291010290011,8.6719749016948,1,1,1,0
487,500,1,1,"L'Ecuyer-CMRG","10407_1667853138_-1627715772_1690008336_-717336125_592900920_2047975179","10407_-1245399171_1188063382_1759923615_912535095_1857951398_-1108405454",1062086681,897065637,1775792788,915963876,1953356093,585207068,1056100175,80.6720000000023,6.24599999999919,5.45699999999852,2.22699999999895,2.29400000000169,552.525000000001,1,NA,"abb1cb188ba5","not-a-git-build","bbd3d4119dab4c61438d29ca56ae93a0","confirmatory",673.823,9.69634610209179,8.36131835280902,5.42051474652311,-3.88306402342371,25.7599844636284,16.5024909464192,94.0191277315506,69.9116445970209,29.3819801172745,15.0781862100075,5.51106885038826,4.833076181674,0.502,0.962,0.531,0.999,13.4845589733465,41.5877538190695,13.0279659345801,40.479367214419,12.043192662515,8.88498945577036,7.29084481308372,-3.04249515792765,27.630314530189,17.3430598119152,145.038489506456,78.9430376291504,53.1564180884698,9.25677678601317,6.77395989429941,5.10896819931189,0.458,0.955,0.535,1,15.6515038861661,46.6190284628332,14.4272614577823,44.1003713883209,12.4120329043255,11.5764108060523,5.36035050426404,-2.7209296495826,25.6998202213694,17.6646253202603,154.05856081806,134.013287150485,28.7333575285637,7.40345815797768,7.08332207428457,6.78865266384664,0.543,0.985,0.529,0.976,19.2017144554533,62.0881141810031,18.0562295585531,54.8620725841674,9.97660843387769,8.19317225985921,5.99876521813411,-2.64178931368037,26.3382349352394,17.7437656561625,99.5327158429194,67.1280716797265,35.9851841422956,6.97905077787578,5.78568119940136,4.85659508281612,0.546,0.992,0.528,1,16.0478205269645,53.8233924114695,14.3115453168286,49.9131149745691,14.2832509965728,36.5428609991151,4.48806973857091,27.6838818495117,21.862188641184,29.7652140411844,12.8733820315493,20.4859117881799,22.2596100025423,23.1958121109408,7.90302540000039,7.6125297566306,1,1,0,1,16.0073888481242,38.2621286987457,6.11231046839337,29.3776600317568,24.2611865130781,31.1262359995468,13.1599727024862,21.7354261771222,22.2547398506215,23.2653495633634,6.86504948646879,8.57545347463599,1,1,0,1,14.3738004287654,37.128487533568,4.57783600085729,31.0385706157855,21.8315861133369,29.406650974452,13.2200951960852,21.8033534068359,22.7546871048026,26.4607346149282,7.57506486111509,8.5832582107507,1,1,0,1,13.9546202931527,39.0767952469649,6.26788040924214,31.1501510390889,22.0333197909254,30.5589065317868,13.3848963407207,21.8181358254661,25.1221749538123,24.8822706298468,8.5255867408614,8.43323948474536,1,1,0,1
486,500,1,1,"L'Ecuyer-CMRG","10407_2126502757_-772537030_-236701899_-565953963_1920509787_1927860188","10407_-260800586_890725624_-1575631665_-1091984373_-1127772261_-1491312880",1469500759,1976923720,1062086681,897065637,1775792788,915963876,1953356093,81.9620000000032,5.95000000000073,6.23199999999997,2.11700000000201,2.19900000000052,558.087,1,NA,"abb1cb188ba5","not-a-git-build","bbd3d4119dab4c61438d29ca56ae93a0","confirmatory",680.411,6.35994102662689,5.8134208852342,-3.65985025230162,0.62091756150155,16.1004999949038,20.4234913510612,40.4488498621719,33.7958623888772,13.3945038692723,0.385538618181031,3.90928348835587,3.64098694413097,0.69,1,0.745,1,13.866935675403,41.0341502469815,13.716496866245,40.5147759949134,7.53556565288198,8.30776635176887,-5.86153249136268,-0.546625433926376,13.8988177558428,19.2559483556332,56.7847497088946,69.0189817555831,34.3575631473004,0.298799365015199,4.50553281114363,4.79353417012664,0.668,1,0.541,0.999,15.3783418770015,44.5490810275877,13.3796058697091,41.852111702193,8.55099938028731,9.29987508372173,-7.01285185056872,0.565015834438924,12.7474983966367,20.3675896239985,73.1195904016739,86.4876765728282,49.1800910780251,0.319242893166714,5.13025972576015,5.47309625066502,0.603,1,0.58,1,16.9381497863799,53.1381365787483,16.1886388448623,53.618366534143,6.24639008075825,8.01319762418245,-4.03486429840095,0.41413105010766,15.7254859488045,20.2167048396673,39.017389040995,64.2113361642032,16.2801299065106,0.171504526663273,4.69108290106698,5.22142323027535,0.938,1,0.791,1,21.6514159029737,62.1396975641979,20.3429077649105,62.2187464436592,3.43712403916367,28.1432414324696,9.98785457661622,32.6347145025498,12.6723922313628,19.8965278542338,16.7260479695956,24.0460724564575,24.7061173933059,22.6468599259335,7.22413562287098,7.32002448686187,1,1,1,1,1.41755014286896,26.257493854699,8.16360533692459,30.7160404159713,9.79931653166455,18.2420256263083,15.1808422909568,22.93412419799,24.8399437118301,22.5524350790467,8.44270909464371,7.75328190703311,1,1,0,1,0.85176327446412,25.5858996541643,9.55895040687994,32.2033878984066,8.51987647762443,17.0077543821418,16.6231352198642,23.9718455332391,24.7341363797002,22.6444374915267,8.48787790451736,7.34871031337489,1,1,0,1,4.1229181238604,27.8205597777533,8.86395241185513,31.8409035499955,12.001012316581,19.9134832678715,16.1933389484052,24.2221937990133,23.6976416538929,22.9769511381404,7.91247095129047,8.02885485060813,1,1,1,1
489,500,1,1,"L'Ecuyer-CMRG","10407_209807903_-377914187_979129646_-1241828799_564955085_1292189228","10407_-650152668_2015386385_-468743260_1619171560_1491348963_-1413505837",1953356093,585207068,1056100175,567621947,1951435202,1024073506,1170178763,80.8940000000002,5.59999999999854,6.72699999999895,2.11999999999898,2.74199999999837,554.027000000002,1,NA,"abb1cb188ba5","not-a-git-build","bbd3d4119dab4c61438d29ca56ae93a0","confirmatory",675.109,8.23409765311846,9.19787412448461,0.0214399492763917,4.11519212577627,19.733173495934,23.9222792674601,67.8003641610909,84.6008884098635,0.000459671424974249,16.934806232051,4.64502358934516,5.26211913497072,0.543,0.993,0.417,0.954,12.4217025975968,38.3699849395697,11.1685938264884,34.5663260827316,8.58558690338651,7.74286974757836,1.53867813300916,1.29856689194595,21.2504116796668,21.1056540336298,73.712302475602,59.9520319279642,2.36753039700055,1.68627597285815,4.90821459759368,4.54355341653099,0.565,0.987,0.627,0.999,13.7834403374508,42.6260073169476,14.5454919829876,43.3054180357267,10.5567203179079,10.616140004424,0.699477087318368,3.72892792777791,20.411210633976,23.5360150694617,111.444343870529,112.702428593531,0.489268195683387,13.904903490562,6.00535972844456,6.0725216117088,0.592,0.982,0.55,0.987,17.8019892842912,52.313343573665,16.516764555734,50.5433824578983,8.53627993177426,9.86463899268137,0.534202730678885,3.66779707933137,20.2459362773365,23.4748842210152,72.868075073612,97.3111024559298,0.285372557464777,13.4527354151517,4.98573412785782,5.76388797166654,0.617,0.997,0.558,0.993,14.9356851712377,50.9899337254199,16.4380244079294,52.2810635560777,7.15161893013891,30.3573288343643,13.1813414105671,35.7266554633267,16.1896554730225,23.6975603129478,20.4882540203883,27.1992724290073,23.2057099042254,22.5453140527595,7.50790483992522,6.71101840861897,1,1,1,0,10.0054614328146,33.2930970785844,9.46700045856664,33.7190416392394,17.1691574037476,25.1486447296562,16.7583314429725,24.967812225604,23.2876356457698,24.2520411806727,7.97948732590863,8.20948078263151,1,1,1,1,8.78196004230437,30.4767447948847,12.9431917605183,35.3636539416164,16.5718369451649,24.4344513749702,19.5008638995673,27.5145773849711,21.6947847525803,22.4204621810982,7.8626144298053,8.01371348540381,1,1,1,1,8.7172260933329,33.7918781628189,11.0867168193222,34.199061795002,16.1386570774517,23.9780087194017,19.5820579334159,27.4743983807178,25.074652069486,23.1123449756798,7.83935164195,7.89234044730194,1,1,1,1
488,500,1,1,"L'Ecuyer-CMRG","10407_-1302645410_-1397998785_-1543939673_535564692_51485428_-843722029","10407_-975014855_-407569714_1523606142_-241876497_-301391245_1722434547",1775792788,915963876,1953356093,585207068,1056100175,567621947,1951435202,82.9680000000008,6.26699999999983,5.63600000000224,2.42699999999968,2.17699999999968,565.153000000002,1,NA,"abb1cb188ba5","not-a-git-build","bbd3d4119dab4c61438d29ca56ae93a0","confirmatory",690.528999999999,9.52135839494306,11.0610117323043,3.57350874725586,-7.89651075588302,23.4177996196147,12.0189743690219,90.6562656849526,122.345980542173,12.7699647667141,62.3548821177763,5.41165575794992,6.45452134825438,0.412,0.942,0.436,0.853,11.2757140175151,35.113509922561,11.4011136658429,35.3866705077183,10.2828062700538,10.354328788829,4.82542186376099,-6.15252295783031,24.6697127361198,13.7629621670746,105.736104787457,107.212124667173,23.2846961632626,37.853538746629,5.88135756847736,5.87094392880303,0.434,0.929,0.503,0.961,12.8683292672033,39.0549397166496,13.7560536768794,40.8471310608758,12.980510365724,11.7974421144181,1.75229344445086,-8.01331080409282,21.5965843168097,11.9021743208121,168.493649354667,139.179640443045,3.07053231546547,64.2131500429907,7.42052315988219,6.73750018304394,0.46,0.982,0.551,0.977,17.3965689792739,54.3204267548789,17.2394960143719,54.4010288454048,11.968689905152,10.4487231482536,3.32367718653647,-6.31887739555904,23.1679680588953,13.5966077293458,143.249538045688,109.17581542885,11.046830040303,39.928211540107,6.83612204691669,5.91005686998137,0.429,0.931,0.561,0.976,14.651823770535,49.691384556996,15.5086093790767,48.9371642834691,12.2580073670906,34.6445107881528,0.0239224328346084,23.6333714804764,19.2677711679012,27.3125183350535,7.65080110052814,16.3408368121929,22.3865034210622,23.6094490476418,8.04474716715236,8.69003571166473,1,1,1,0,14.2012173054023,35.3398481454711,1.15293534919553,27.4416591611446,21.1855191605285,28.4457919874229,9.29820219582279,18.3016873330016,21.1386308400687,26.2887238119491,7.26027282689443,9.00348513717885,1,1,0,0,10.3145700219426,33.0522128635668,-1.06728967649275,24.6580136758521,17.3616852341994,25.5673974983854,7.19913705812375,16.6180992320591,22.7376428416242,25.7253033523448,8.20571226418596,9.41896217393534,1,1,1,0,11.7027852032856,34.2891180991557,2.73049024661941,25.931579436283,19.4600821937935,26.9487283125071,9.35106036239397,17.9799314737236,22.5863328958701,23.2010891896636,7.48864611871354,8.62887111132964,1,1,1,0
491,500,1,1,"L'Ecuyer-CMRG","10407_-1880325680_-1429221488_2041427317_-729414896_1026070010_128925006","10407_-1824025959_265729061_2010970200_1438836769_-315895029_1769188065",1951435202,1024073506,1170178763,1373037511,1707635249,211336542,1233597729,80.3189999999995,5.76499999999942,5.74399999999878,2.09899999999834,2.70000000000073,573.061000000002,1,NA,"abb1cb188ba5","not-a-git-build","bbd3d4119dab4c61438d29ca56ae93a0","confirmatory",693.923000000003,6.33449162535085,6.38680368007054,-1.8389699602663,-3.46458856945613,18.1762369174028,16.3622452595183,40.1257841516401,40.7912612477626,3.38181051476184,12.0033739556061,3.77182865647524,3.89426336389588,0.607,1,0.71,1,12.0683031200469,38.4913256327254,14.0804144653395,41.5859664281994,7.34001273284184,7.17212792491942,1.5385586105795,-3.28839337839209,21.5537654882486,16.5384404505823,53.8757869182804,51.439418971409,2.36716259818831,10.8135310110529,4.35852953550216,4.35763758416151,0.65,0.999,0.729,1,14.5517199000872,43.5831805103854,15.7853544596491,47.2071174698123,7.54385725995853,15.5967753866301,-2.48611676502099,-4.27380923755998,17.5290901126481,15.5530245914144,56.909782358629,243.259402460991,6.18077656931846,18.265445399053,4.71508781120448,9.03316009119139,0.722,1,0.53,1,16.9607334209906,54.2469533005017,24.2778453882916,69.4995906054133,7.07503430202992,14.0440101619148,-0.717397080519174,-6.195785381282,19.2978097971499,13.6310484476924,50.0561103748999,197.234221427967,0.514658571137434,38.3877564909078,4.65372027018158,8.03041135363948,0.774,1,0.567,0.995,17.9451225753445,56.3396023271301,21.8442735405511,66.0778172032721,7.72756780687297,29.2453664072249,4.12863303330294,26.5374404403115,14.4925427850011,21.6347417152457,12.635753970584,20.686118359022,21.5177986003519,22.4088074070086,7.14219893024462,8.05036438843808,1,1,1,1,12.7347307187975,31.3485279969937,4.83191371581089,28.1546762105059,18.017176099224,24.7409309548844,12.3082697618034,20.4250690883251,18.6137972781961,23.322762494695,6.72375485566039,8.1167993265217,1,1,1,1,7.80151976809358,28.4019152255974,3.56541073390668,27.5559587318388,13.6127926494688,21.2383447327279,11.5425655345014,19.8104330345134,20.6003954575038,23.9905479979322,7.62555208325912,8.26786750001199,1,1,1,0,8.31256998343522,31.2411529087362,1.36477323059019,25.0353135376432,15.3207539184598,23.3096334993698,9.44665871720663,17.6699590389837,22.928582925301,23.670540307053,7.98887958090996,8.22330032177711,1,1,1,0
490,500,1,1,"L'Ecuyer-CMRG","10407_-1486455179_2030433622_386282218_-1753678205_-2064957991_1416905895","10407_-2063323537_603659763_101200945_-1777710859_-798265535_1230663311",1056100175,567621947,1951435202,1024073506,1170178763,1373037511,1707635249,88.2340000000004,6.05600000000049,6.49200000000201,2.12299999999959,2.0109999999986,578.273999999998,1,NA,"abb1cb188ba5","not-a-git-build","bbd3d4119dab4c61438d29ca56ae93a0","confirmatory",707.889999999999,7.89354824562771,6.53411314110959,1.35317091274535,-0.583388257348627,21.1675221690267,19.2203814879575,62.3081039060523,42.6946345408211,1.83107151910008,0.340341858812268,4.66769198570295,3.90750768710761,0.614,1,0.629,1,15.4394998415755,44.5468140425664,13.057317647307,38.9718313380238,11.5702704357819,7.79592894397408,1.49148908056757,-0.127199303465215,21.305840336849,19.6765704418409,133.871157957128,60.7765080994928,2.22453967745229,0.0161796628020358,6.68457868074951,4.51270496615098,0.451,0.985,0.492,1,16.5315084955123,48.3448166159762,12.7259663365163,38.1050981443217,12.1771060070581,9.01940748920735,1.66030405828032,-1.1601417150784,21.4746553145617,18.6436280302277,148.28191070713,81.3497114563697,2.7566095659421,1.34592879906506,7.19676308375515,5.36266107951659,0.607,1,0.54,1,22.4127985899871,66.3540982516676,15.4806439318582,54.4271193417792,13.7388547150432,8.30373649478751,1.84155285378964,-0.865577693939329,21.655904110071,18.9381920513668,188.756128881066,68.952039774866,3.39131691330078,0.749224744245327,7.99009649859692,5.00464116922388,0.382,0.996,0.595,1,19.3011315288474,57.3145334481104,15.574509465194,52.4201601745558,9.59488856562602,32.2603028074686,7.71943630888186,30.2691910836049,16.6864668071931,25.3038743403021,15.2810748720379,22.9958122753598,22.6654142418426,22.549754774723,8.61740753310908,7.71473740332191,1,1,1,1,11.1904440103387,31.934880793975,9.97411480177218,31.637053812143,17.91661653749,24.7161874390989,15.5282225946042,23.7978756286446,20.7444367836363,21.6629390103708,6.79957090160886,8.26965303404032,1,1,1,1,10.9705262100455,32.7272788663177,7.28890065073664,30.3603455443077,17.2663262560028,25.3101283318153,14.729251465693,22.7128358993204,21.7567526562722,23.0714448935711,8.04380207581251,7.98358443362744,1,1,1,1,10.5444813998641,31.9753028489429,7.06241112121386,30.5354587464602,17.3031897915791,26.1188509424263,14.7297691317556,23.0946564120115,21.4308214490788,23.4730476252464,8.81566115084715,8.36488728025586,1,1,1,1
493,500,1,1,"L'Ecuyer-CMRG","10407_-496510190_-969694955_-294006887_1149193969_-886685927_1461911639","10407_450185970_1119548740_-846986297_314494867_1010630262_-1680934338",1707635249,211336542,1233597729,184900157,337940885,1930655242,195836172,81.5469999999987,6.90099999999802,6.41300000000047,2.50500000000102,2.38100000000122,569.780000000002,1,NA,"abb1cb188ba5","not-a-git-build","bbd3d4119dab4c61438d29ca56ae93a0","confirmatory",694.535,7.88170313361212,10.1073610151607,-4.1856070234042,-8.48508374842965,15.4630023323143,11.1136790922112,62.1212442863911,102.15874669079,17.5193061543705,71.996646217865,4.5627848667074,5.86142505942208,0.56,1,0.379,0.993,13.4852532104825,39.9430213816207,13.9650514080378,40.8650922139222,7.85030911349525,9.95653440652126,-2.44860432928242,-7.22570104071988,17.2000050264361,12.373061799921,61.6273531774265,99.1325773882417,5.99566316138062,52.2107555298604,4.55086509414835,5.70246550296702,0.581,1,0.505,0.983,13.7104626140126,41.236187130522,15.1178718434726,44.265144893368,9.56192361563488,14.8541722929275,-4.03009202180895,-9.37055010054771,15.6185173339096,10.2282127400932,91.4303832312361,220.646434507976,16.2416417042482,87.8072091868747,5.62703338007436,8.3647537038568,0.632,1,0.536,0.979,17.3650813088423,55.7586940306746,22.090558342398,64.8469643955831,8.0489246559117,11.7515299128211,-2.22450507097713,-8.48754527517267,17.4241042847414,11.1112175654682,64.7851881165433,138.098455291928,4.94842281080297,72.038424798106,4.84626649592547,6.82637939461265,0.678,1,0.562,0.99,15.9940638168618,53.198756454877,19.6236878459284,58.2065626571557,2.48606103062954,27.7897261897589,-0.950544017744005,22.871208601707,11.1538363530029,19.6200153945902,6.95646703122047,15.1680875479967,25.3036651591293,23.821752619451,8.46617904158734,8.21162051677625,1,1,0,0,5.38906879023434,28.1643215239601,2.29589664463658,22.8873764123268,13.4096011645685,20.9827965101487,8.47376482165776,16.0835284279733,22.7752527337257,20.5914797676902,7.57319534558019,7.60976360631553,1,1,1,0,4.04595628060221,26.9472401556151,-1.07993583982977,22.2670982787693,11.5090253995425,19.9235528231263,6.04637832370066,14.2569371301693,22.9012838750129,23.3470341185991,8.41452742358377,8.21055880646863,1,1,1,0,5.36074785214694,28.679988123056,-0.481632739920054,22.9410744269754,13.2880073749178,22.1658823584371,7.19514757969515,15.0101561941484,23.3192402709091,23.4227071668954,8.87787498351936,7.81500861445323,1,1,1,0
492,500,1,1,"L'Ecuyer-CMRG","10407_-2083363655_-350866688_842251638_-835756578_1138030030_1356342044","10407_-492910256_1456637680_536156139_1933517586_-225941516_-1513577169",1170178763,1373037511,1707635249,211336542,1233597729,184900157,337940885,82.119999999999,6.2609999999986,5.89600000000064,3.25,2.08400000000256,560.613000000001,1,NA,"abb1cb188ba5","not-a-git-build","bbd3d4119dab4c61438d29ca56ae93a0","confirmatory",684.397000000001,7.59832824953769,7.29985993198605,-3.05252880674533,2.84353189568997,16.9790447890661,22.9499132766897,57.7345921877225,53.2879550266154,9.31793211601006,8.08567364180622,4.42084643187232,4.22350492382602,0.575,0.998,0.589,0.994,13.1231046719211,38.978736435251,12.1989655056835,37.1207061213371,5.49345695853847,9.55611741691799,-1.41294517687391,4.65619675840355,18.6186284189375,24.7625781394033,30.1780693553148,91.3193800859233,1.99641407285125,21.6801682529678,3.79612405236722,5.44395474399281,0.841,1,0.496,0.983,16.3013978220522,46.784233274901,13.0602995960866,39.6789224035918,7.43946743892259,7.69343399690321,-1.88298810372547,2.61056915023725,18.148585492086,22.716950531237,55.3456757747894,59.1889266647061,3.54564419877164,6.81507128817042,4.95279108640687,4.7915063858987,0.794,1,0.671,1,19.998187241573,59.4337743039193,16.0296910033106,52.8270921693052,6.09789928543625,8.45933707713759,-1.87423143594985,3.27665441520958,18.1573421598616,23.3830357962094,37.1843756953239,71.5603837846348,3.51274347550264,10.7364641567124,4.09461592722896,5.00286464202297,0.755,1,0.549,1,15.6844450479361,50.6227390500042,14.2698313030602,49.8369912644305,7.13293839994498,27.6608145738083,11.1260365919552,34.3741861158854,13.2174534157005,20.471957532331,19.1735442763172,26.7356731192344,20.5278761738633,23.2481495239303,7.25450411663055,7.56212884291715,1,1,1,1,8.4558939214036,29.4659846167301,13.9878576349969,36.4620312154041,14.8897738867719,22.2118574995415,20.9774358332999,28.3303613537163,21.0100906953265,22.4741735804072,7.32208361276957,7.35292552041643,1,1,1,0,7.95455350793266,29.94996229061,11.3048358095384,35.0002892851227,14.0404059520481,21.9180735085007,18.6540322804388,27.0271431112879,21.9954087826774,23.6954534755843,7.8776675564526,8.37311083084906,1,1,1,1,7.40905400185239,29.5692466576726,12.8083167158311,34.7006011241917,14.2886215704252,21.7434808239441,19.9491067730883,26.8872345095542,22.1601926558202,21.8922844083606,7.45485925351888,6.93812773646589,1,1,1,1
495,500,1,1,"L'Ecuyer-CMRG","10407_2095921666_-331710307_1740047235_1971004695_1297498412_-1858244479","10407_-1252412965_799029348_645126437_-554059697_-10503710_-1214890155",337940885,1930655242,195836172,729618252,180060719,172682431,1041559739,82.6670000000013,6.18699999999808,6.82900000000154,2.16600000000108,2.31899999999951,559.563000000002,1,NA,"abb1cb188ba5","not-a-git-build","bbd3d4119dab4c61438d29ca56ae93a0","confirmatory",683.637999999999,8.72617611231055,11.014937990892,2.59695945923948,5.70722356463324,22.4682671201796,25.5609770369695,76.1461495430593,121.328858943197,6.74419843293342,32.5724008167049,4.95147682976724,6.33806680147554,0.523,0.992,0.38,0.915,12.9077024781943,40.5379232080797,12.4202802738072,38.9497346764696,10.1210817551008,11.6660876721265,5.27743868920967,6.1793657838657,25.1487463501498,26.033119256202,102.436295893434,136.097601573741,27.8513591183671,38.1845614908102,5.69375252407824,6.63483189292389,0.511,0.965,0.449,0.945,14.2092813282836,42.2712020913687,14.8805072915916,42.225231167359,11.0770442427079,11.5285180033164,6.15958303898396,5.20428474290231,26.0308906999241,25.0580382152386,122.700909154909,132.906727352791,37.9404632141388,27.0845796852057,6.39847509111403,6.55105507070698,0.587,0.995,0.42,0.967,18.7155889894085,57.2096308140437,14.3615566458844,47.7514656367946,11.1171445283078,12.817649683383,5.45481284838808,7.59039661021674,25.3261205093282,27.444150082553,123.590902463285,164.292143405929,29.7549832109397,57.6141207003898,6.56931204229758,7.30176920831589,0.596,0.996,0.421,0.971,19.8252104448174,61.995671700688,15.727147301784,51.9465058455753,10.8847589212625,33.7172590650946,13.8623977068296,39.2400115447645,18.2826005049324,26.3447770301819,21.0314072877054,29.6681672895095,22.8325001438321,25.3776138379349,8.06217652524947,8.63676000180417,1,1,1,0,14.5312390320397,35.9892316465682,13.1033132864953,38.8537397714909,21.1201589290834,28.5317265081104,21.1759742043481,30.9855232672905,21.4579926145285,25.7504264849955,7.41156757902703,9.8095490629424,1,1,0,0,15.4444525370607,36.5757979246012,13.6743103476276,36.9841089624057,21.9026918956663,29.8699858117283,21.4135573878736,28.8041941682587,21.1313453875405,23.3097986147781,7.96729391606201,7.39063678038513,1,1,0,0,12.247125959182,37.4238136152208,16.5166698154857,38.5117016755038,21.0167100748712,29.701136610872,23.4079327854978,31.3880043845312,25.1766876560387,21.9950318600181,8.68442653600081,7.98007159903337,1,1,0,0
494,500,1,1,"L'Ecuyer-CMRG","10407_686796480_1267482633_1854266470_291733042_796845848_-1932122741","10407_-837038873_-23075788_-783994515_-293619422_-285879644_-808689240",1233597729,184900157,337940885,1930655242,195836172,729618252,180060719,88.882999999998,7.36000000000058,6.99099999999817,2.11099999999715,2.01499999999942,574.927,1,NA,"abb1cb188ba5","not-a-git-build","bbd3d4119dab4c61438d29ca56ae93a0","confirmatory",706.392,6.47210974447696,9.90145592214209,-0.0929226906121094,6.87097532322283,19.9732385844286,27.0347902508636,41.8882045445536,98.0388293781226,0.00863462643059381,47.2103018923371,3.79737516075392,5.70386648876444,0.628,1,0.463,0.973,12.1975533856638,37.3512902246382,12.6109461728414,37.9143503256837,7.19777672775148,9.49903306477647,0.184412976357475,6.65260897895731,20.2505742513982,26.816423906598,51.8079898225608,90.2316291657166,0.0340081458490226,44.2572062269035,4.18165614872546,5.44254240291467,0.612,1,0.544,0.985,12.8506416771582,39.2485611733283,14.9364261043579,44.153317336011,7.96888964804758,11.6943614032416,-0.284326905340986,9.10667487084483,19.7818343696997,29.2704897984856,63.50320222276,136.758088629628,0.0808417891007822,82.9315272032768,5.01387015051968,6.77083719269184,0.72,1,0.436,0.997,17.93948331557,57.2646395686433,16.1818953322365,53.8836508975945,5.8953870870694,10.0188998405989,1.02706512470843,7.53631362285352,21.0932263997492,27.7001285504942,34.7555889063846,100.378354015953,1.05486277039235,56.7960230220075,4.08724056609216,5.90230406774918,0.801,1,0.66,1,15.7872909289996,52.4413486629038,18.8126728310587,58.5798054139941,9.68490623589561,32.8601336172287,14.7852591651414,38.7413372633206,16.0825395375577,23.4718755189075,22.7864079974579,31.3151383088789,23.1752273813331,23.9560780981792,7.38933598134983,8.52873031142099,1,1,1,0,10.1065676806662,30.9720974775527,15.6798917064915,39.0839293307577,16.3055120789947,24.0524631327898,22.2554515730732,30.8425731779157,20.8655297968865,23.4040376242663,7.74695105379502,8.58712160484248,1,1,1,0,7.73777011127699,31.1444130686897,15.7975406748246,41.8721539114346,15.6492362083231,23.7459775220602,25.1857189978998,33.9752528166735,23.4066429574127,26.07461323661,8.09674131373718,8.78953381877369,1,1,1,0,9.78330807371306,32.7320971824855,15.1744876399739,40.6807371641385,17.5595246049912,24.7522553291329,23.8519699072538,31.2416337801451,22.9487891087725,25.5062495241646,7.19273072414173,7.38966387289132,1,1,1,0
497,500,1,1,"L'Ecuyer-CMRG","10407_-146955902_1279804440_-1623974277_-1565018761_1827285743_-355246689","10407_-1028833077_-1849084432_-1368372757_-1012835990_1479563742_2143283875",180060719,172682431,1041559739,955839127,1232844701,1406398404,569512604,83.9169999999976,6.47899999999936,5.70999999999913,2.75599999999758,2.1239999999998,566.347000000002,1,NA,"abb1cb188ba5","not-a-git-build","bbd3d4119dab4c61438d29ca56ae93a0","confirmatory",690.585999999999,8.13690639369397,7.57779239614395,-2.09824867159677,1.57671475041565,18.0941393289373,21.9539268611572,66.2092456597379,57.4229375990571,4.40264748785763,2.4860294041783,4.69559750411862,4.38498014761755,0.553,0.989,0.542,1,12.7736247330955,39.3622070773225,12.2029157189968,38.1509771188399,8.57432840805658,8.36696983313195,0.307269700757637,4.06133334763184,20.4996577012917,24.4385454583734,73.519107649206,70.0061841885401,0.0944146690036875,16.4944285605865,4.9515187958051,4.80992524609734,0.541,0.99,0.52,1,13.9049509212695,42.9392092468771,13.9320639349462,41.2467158772833,9.1083233801716,7.69641391666134,-2.38658621913022,3.33489762348998,17.8058017814039,23.7121097342315,82.9615547977807,59.2347871765783,5.69579378134229,11.1215421591591,5.32825588704162,4.58873380295868,0.609,0.994,0.556,1,16.1928168324857,48.7339956121273,14.3043560238194,47.6768911367612,7.82044021109455,8.20933219932122,-1.18484223750778,3.52488774978742,19.0075457630263,23.902099860529,61.1592850953046,67.3931351588122,1.40385112778244,12.4248336486014,4.65100333055016,4.94264753470129,0.605,1,0.582,1,14.2198365300191,47.5308067950809,15.0581789847542,50.2057856309137,7.75955811101472,28.1010569042407,11.3616038916062,33.0706519015181,14.3069319370517,21.8598674402587,18.0045368873469,25.6382532724064,20.341498793226,21.7090480099119,7.55293550320701,7.63371638505959,1,1,1,1,9.99863019038901,30.6782899951293,12.941447685815,35.5061906412884,16.9673325258152,23.8008145518725,20.383799644012,28.659005641848,20.6796598047403,22.5647429554734,6.83348202605731,8.27520599783597,1,1,1,0,6.90276713764722,27.2450132582051,13.1378249256047,34.9932078619387,14.6285764802623,21.4060928796039,19.42530079114,27.9146145049044,20.3422461205578,21.8553829363339,6.77751639934162,8.48931371376442,1,1,1,1,8.65845505588509,31.3993186681905,13.0954797520445,34.5665144884283,14.8947560289168,23.1461678832324,20.1314387188472,27.8757298691535,22.7408636123054,21.4710347363839,8.2514118543156,7.74429115030629,1,1,1,1
496,500,1,1,"L'Ecuyer-CMRG","10407_929763955_1325572651_2069033658_-354519086_1232932696_-705869303","10407_1652174249_1046742852_-1013938342_1726860477_2092267425_-1198324504",195836172,729618252,180060719,172682431,1041559739,955839127,1232844701,82.0060000000012,6.04999999999927,5.14099999999962,2.03399999999965,2.09100000000035,558.138999999999,1,NA,"abb1cb188ba5","not-a-git-build","bbd3d4119dab4c61438d29ca56ae93a0","confirmatory",680.378000000001,7.35946700318151,9.03865256373173,-4.29292209965154,4.17121921613954,15.3903234399799,23.7880205016748,54.1617545709174,81.6972401678541,18.4291801536766,17.3990697490918,4.38571071162906,5.18651677903178,0.666,0.999,0.479,0.982,15.3186488746799,44.4190133636663,12.5107814259756,39.0215196383937,9.45048296364942,9.44274434236553,-5.35063231931706,3.98008918335197,14.3326132203144,23.5968904688872,89.3116282462279,89.1654207152763,28.6292662165203,15.8411099074353,5.38905245573289,5.43231011431643,0.554,0.996,0.481,0.991,15.1701287022323,45.367924343409,13.9242544999218,41.9441128781976,9.58496001970559,9.00927487541197,-4.09092767762803,3.92231149012228,15.5923178620035,23.5391127756575,91.8714585793547,81.1670337807293,16.735689263583,15.3845274255453,6.04557060417893,5.32280252063641,0.731,0.998,0.577,1,22.2970383336563,65.6126699607164,16.1856893304907,51.1547858499407,9.7326343036017,9.94137395837039,-2.10627679584863,3.55766858924088,17.5769687437829,23.1744698747761,94.7241704876446,98.830916180165,4.43640194073037,12.6570057908712,6.16869366965823,5.91890538424272,0.691,1,0.63,0.994,22.4331050580163,66.7787629611913,18.4434689247672,58.3661430751547,2.95489082297112,26.7065706596453,13.1964649218062,34.8953488681379,11.8275540119545,19.1936315452937,19.7985761822121,27.3252408935818,23.7516798366741,21.6988839463317,7.36607753333924,7.52666471136965,1,1,0,0,4.0161061232608,27.3181866377559,12.2971485197372,35.8421043037632,10.1513118714153,17.9608075593285,19.3916687001663,27.722958070411,23.3020805144951,23.544955784026,7.80949568791317,8.33128937024468,1,1,0,1,3.07013758518931,26.9433406274388,12.08807916134,34.7509473299887,11.554875333952,19.4740854233202,19.4412187819702,27.7472912915648,23.8732030422495,22.6628681686487,7.91921008936814,8.3060725095946,1,1,0,1,6.03894822229033,28.9641914324421,11.8110465430741,34.6464999981772,13.6696018990235,21.4428206140257,19.4939369184026,27.3306627096571,22.9252432101518,22.835453455103,7.77321871500222,7.83672579125449,1,1,1,1
499,500,1,1,"L'Ecuyer-CMRG","10407_523791217_461380390_1628990674_1684960090_752675045_304695615","10407_1650385194_-1165660353_-1306537257_622184516_875522439_-101959520",1232844701,1406398404,569512604,1824564619,1955858377,279488147,1292962035,80.2160000000003,5.48700000000099,5.87800000000061,1.97399999999834,2.32300000000032,554.297000000002,1,NA,"abb1cb188ba5","not-a-git-build","bbd3d4119dab4c61438d29ca56ae93a0","confirmatory",675.062999999998,7.41067163870188,6.38258138029296,1.55748777999902,2.01350752284305,21.013024262592,21.2988368763703,54.9180541366604,40.7373450760624,2.42576818484627,4.05421254454555,4.305280560496,3.93075980829094,0.601,0.999,0.7,1,13.1806749045743,39.2653026978683,14.3028601670282,42.0872653398037,8.15185836538536,7.08758696517576,1.04431907942297,2.21524851376364,20.4998555620159,21.5005778672909,66.4527948093032,50.2338889889293,1.09060233964685,4.90732597773202,4.69025011111303,4.25436915882269,0.573,0.999,0.659,1,13.560656887704,41.9501666468015,14.0179746337295,42.6780467702419,9.04290752481989,11.9128692022409,1.17546767610837,2.81350401286597,20.6310041587013,22.0988333663933,81.7741765024442,141.916452629699,1.3817242575756,7.91580483041291,5.25565204902769,6.5536838068052,0.585,1,0.709,1,15.3157235127844,49.9884635486706,20.7969234198903,64.3901162826894,8.10279891233044,8.44917821759207,1.60253394927936,4.25145476721756,21.0580704318723,23.5367841207448,65.6553502136634,71.3886125526324,2.56811505859291,18.0748676376969,4.87506682411547,5.22596810050154,0.684,1,0.678,1,16.4611270407904,54.0709400506515,17.3808126463627,58.725222476278,9.36078017568767,32.2182209273946,9.222859525855,32.1862210257715,16.5114613166504,25.2903000785237,17.3857072889883,25.6700743363349,22.8574407517069,22.9633614999165,8.77883876187324,8.28436704734654,1,1,1,1,8.92977109724666,34.291819864419,10.7929212217976,32.1665526427947,15.8638059593451,24.9073707862144,17.9492761885801,25.07282784422,25.3620487671724,21.3736314209971,9.04356482686929,7.1235516556399,1,1,1,1,7.00122171507494,32.7577636854728,10.1132745248643,35.6078104907687,16.1775629975427,25.299736540693,17.6560155280956,26.4659288525037,25.7565419703979,25.4945359659044,9.12217354315032,8.8099133244081,1,1,1,1,7.33336975471477,33.5034875503771,11.2133800675685,35.747810200847,16.4040409470212,26.188109963063,19.1746919634302,27.7618906601247,26.1701177956623,24.5344301332786,9.78406901604185,8.58719869669444,1,1,1,1
498,500,1,1,"L'Ecuyer-CMRG","10407_149633836_371842177_704063752_-1156563996_650465868_680469492","10407_-1446284695_-2063815249_-1177496901_933654001_-858353624_-1293963053",1041559739,955839127,1232844701,1406398404,569512604,1824564619,1955858377,83.5989999999983,6.23199999999997,6.36200000000099,2.00600000000122,2.20500000000175,410.167999999998,1,NA,"abb1cb188ba5","not-a-git-build","bbd3d4119dab4c61438d29ca56ae93a0","confirmatory",532.611000000001,11.4357584523844,8.25302533595903,10.4976155115668,5.25184024968898,30.5333428144112,25.257123720115,130.776571381282,68.1124271959817,110.199931428687,27.5818260082532,6.75649952714031,4.83845920098226,0.324,0.999,0.622,0.999,16.266013184984,47.5712572883278,15.484419113563,46.8903157676508,11.040308289015,9.65538909522667,9.42951237652572,6.63039046896345,29.4652396793702,26.6356739393894,121.888407116493,93.2265385802221,88.9157036590517,43.9620777709213,6.41361051027845,5.51878611183909,0.458,0.99,0.528,0.986,17.3121224076025,49.396146666878,14.7313202200405,43.6594400414238,10.5044972063498,12.330463146999,8.17223389484593,1.8612416009078,28.2079611976904,21.8665250713338,110.344461558211,152.0403214195,66.7854068320686,3.46422029694984,6.26368456782139,7.07621030474097,0.644,1,0.526,0.993,20.9170023439507,62.4778885318273,19.7796258137868,62.1679721982202,13.3074652853983,11.1667028669548,9.44838300562495,5.65905177640953,29.4841103084694,25.6643352468355,177.088632322082,124.695252918855,89.2719414209824,32.0248670080839,7.70213359015415,6.57486194885129,0.542,1,0.617,0.998,22.6654443948642,68.7706208615071,19.9240075247215,61.5013845066432,17.5502729532363,42.5387897718095,10.6336590069898,37.8450447640671,25.8542559987992,35.2592223267132,20.8222526473802,29.6562151287685,24.9885168185732,27.2113857570773,9.404966327914,8.83396248138833,1,1,0,0,17.2960127522953,40.7276037577191,14.3942847754315,37.4893076148192,25.3057458058311,33.7840923726639,22.5860128367692,31.0233495882451,23.4315910054239,23.0950228393877,8.47834656683274,8.43733675147592,1,1,0,0,14.8008995802674,39.9866124874705,9.65932082586205,34.6662825824135,24.1031329137201,31.9822748793561,17.2463201033483,26.5436756812277,25.1857129072031,25.0069617565514,7.87914196563602,9.29735557787939,1,1,0,1,16.1520178788272,41.8981163401443,13.6296582632999,39.0700299223246,24.8706365876024,34.3924406150254,20.8246651101331,30.2094216141727,25.7460984613171,25.4403716590247,9.52180402742297,9.38475650403966,1,1,0,0
