"seed","n","dgp","seed_cell_master","rng_kind","seed_data_hash","seed_fit_hash","model_seed_propensity","model_seed_mvbcf","model_seed_bcf1","model_seed_bcf2","model_seed_bart1","model_seed_bart2","model_seed_mvbart","fit_seconds_mvbcf","fit_seconds_bcf1","fit_seconds_bcf2","fit_seconds_bart1","fit_seconds_bart2","fit_seconds_mvbart","converged_flag","error_message","hostname","git_sha","session_hash","seq_phase","replication_seconds","mvbcf_pehe1","mvbcf_pehe2","mvbcf_bias1","mvbcf_bias2","mvbcf_ate1","mvbcf_ate2","mvbcf_crmse1","mvbcf_crmse2","mvbcf_atesq1","mvbcf_atesq2","mvbcf_crps1","mvbcf_crps2","mvbcf_cov501","mvbcf_cov951","mvbcf_cov502","mvbcf_cov952","mvbcf_wid501","mvbcf_wid951","mvbcf_wid502","mvbcf_wid952","bcf_pehe1","bcf_pehe2","bcf_bias1","bcf_bias2","bcf_ate1","bcf_ate2","bcf_crmse1","bcf_crmse2","bcf_atesq1","bcf_atesq2","bcf_crps1","bcf_crps2","bcf_cov501","bcf_cov951","bcf_cov502","bcf_cov952","bcf_wid501","bcf_wid951","bcf_wid502","bcf_wid952","bart_pehe1","bart_pehe2","bart_bias1","bart_bias2","bart_ate1","bart_ate2","bart_crmse1","bart_crmse2","bart_atesq1","bart_atesq2","bart_crps1","bart_crps2","bart_cov501","bart_cov951","bart_cov502","bart_cov952","bart_wid501","bart_wid951","bart_wid502","bart_wid952","mvbart_pehe1","mvbart_pehe2","mvbart_bias1","mvbart_bias2","mvbart_ate1","mvbart_ate2","mvbart_crmse1","mvbart_crmse2","mvbart_atesq1","mvbart_atesq2","mvbart_crps1","mvbart_crps2","mvbart_cov501","mvbart_cov951","mvbart_cov502","mvbart_cov952","mvbart_wid501","mvbart_wid951","mvbart_wid502","mvbart_wid952","mvbcf_ate_l951","mvbcf_ate_u951","mvbcf_ate_l952","mvbcf_ate_u952","mvbcf_ate_l501","mvbcf_ate_u501","mvbcf_ate_l502","mvbcf_ate_u502","mvbcf_ate_wid951","mvbcf_ate_wid952","mvbcf_ate_wid501","mvbcf_ate_wid502","mvbcf_ate_cov951","mvbcf_ate_cov952","mvbcf_ate_cov501","mvbcf_ate_cov502","bcf_ate_l951","bcf_ate_u951","bcf_ate_l952","bcf_ate_u952","bcf_ate_l501","bcf_ate_u501","bcf_ate_l502","bcf_ate_u502","bcf_ate_wid951","bcf_ate_wid952","bcf_ate_wid501","bcf_ate_wid502","bcf_ate_cov951","bcf_ate_cov952","bcf_ate_cov501","bcf_ate_cov502","bart_ate_l951","bart_ate_u951","bart_ate_l952","bart_ate_u952","bart_ate_l501","bart_ate_u501","bart_ate_l502","bart_ate_u502","bart_ate_wid951","bart_ate_wid952","bart_ate_wid501","bart_ate_wid502","bart_ate_cov951","bart_ate_cov952","bart_ate_cov501","bart_ate_cov502","mvbart_ate_l951","mvbart_ate_u951","mvbart_ate_l952","mvbart_ate_u952","mvbart_ate_l501","mvbart_ate_u501","mvbart_ate_l502","mvbart_ate_u502","mvbart_ate_wid951","mvbart_ate_wid952","mvbart_ate_wid501","mvbart_ate_wid502","mvbart_ate_cov951","mvbart_ate_cov952","mvbart_ate_cov501","mvbart_ate_cov502"
901,500,2,1,"L'Ecuyer-CMRG","10407_545299366_1855674690_1418170514_1880335478_1001002965_498517879","10407_1394090068_802750843_-1849716648_-975498225_652751447_-369040570",1211466802,16286708,1401991103,1323769018,671252065,1814863804,1213884683,81.977,5.44,5.809,2.10999999999999,3.56999999999999,477.116,1,NA,"45cb0a1bed0c","not-a-git-build","bbd3d4119dab4c61438d29ca56ae93a0","confirmatory",601.391,34.3490805416952,9.51973078319176,33.2151530131686,-4.79905316100511,53.5255717414715,15.4339058367938,1179.85933405986,90.6252741844489,1103.2463896882,23.0309112421532,27.3228569813543,5.46204514048482,0,0.104,0.481,0.908,14.4784179247481,41.3325340322269,11.5185515143273,34.8844575846407,34.6010292731668,10.3362855855865,33.5926372358903,-4.88809086770719,53.9030559641932,15.3448681300918,1197.23122676254,106.838799706803,1128.46527646212,23.8934323309624,27.0173989580853,5.94874454845761,0,0.144,0.442,0.913,16.1895042641576,46.1587103921654,12.3994190108167,36.6205629202642,34.7478660180547,9.77800064275467,32.8766584911204,-5.33766585444389,53.1870772194234,14.8952931433551,1207.41419280868,95.6092965697107,1080.87467354176,28.4906767736962,24.7923078449766,5.75686921494848,0.026,0.443,0.618,0.991,21.2821778307157,61.4911489617296,17.5141005951817,52.6596628094173,35.9992921413813,10.598306121262,34.6012692588203,-3.76661868692135,54.9116879871232,16.4663403108776,1295.94903468052,112.324092639979,1197.24783432138,14.1874163326651,26.6473615427069,6.23777278386142,0.029,0.339,0.598,0.988,20.3491632955727,60.0656396728899,18.9573216384466,56.4788731976944,43.5677373835749,64.1608589131325,6.24547476558281,26.530682754957,49.9007884785978,57.0094166433678,11.8876013738038,18.9156543057886,20.5931215295576,20.2852079893742,7.10862816476997,7.02805293198479,0,1,0,0,44.3704025944583,64.5496257912464,5.27177963274966,25.3473807598457,50.2471389690208,57.3839371023345,12.1294621835351,18.5079072018949,20.1792231967881,20.075601127096,7.13679813331361,6.37844501835979,0,1,0,0,42.4680439625542,62.4157970516125,4.9068541855748,25.2141127849907,49.8333441102727,56.758412868873,11.1880525791427,18.4491174386165,19.9477530890584,20.3072585994159,6.92506875860035,7.26106485947374,0,1,0,0,43.9852061226108,65.4466758861796,5.98591769035643,26.2716831766387,51.0614782357539,58.4110787649158,12.9442274916626,19.8896101183245,21.4614697635688,20.2857654862823,7.34960052916193,6.94538262666187,0,1,0,0
900,500,2,1,"L'Ecuyer-CMRG","10407_-1183334517_1482340053_91205750_1542228361_-1244758035_-1326884989","10407_922112365_-743496353_1531702647_-856452748_150403597_-1575154605",997341294,940284513,1211466802,16286708,1401991103,1323769018,671252065,82.201,5.56999999999999,5.59300000000002,2.06299999999999,3.12400000000002,487.296,1,NA,"45cb0a1bed0c","not-a-git-build","bbd3d4119dab4c61438d29ca56ae93a0","confirmatory",611.128,30.2599968736355,9.0202086190721,29.1559975368888,-1.1735988815058,49.3566326625986,18.8641617905522,915.66741079243,81.3641635315826,850.072192371069,1.37733433467166,24.2023559538524,5.27784457852376,0,0.09,0.322,0.921,11.4078801925455,34.6884040277172,9.33295633911981,29.5927916810976,28.7165057531225,9.04324709555235,27.5606154563696,0.124817033193441,47.7612505820793,20.1625777052515,824.637702669115,81.780318031216,759.58752433388,0.0155792917752126,22.2267142999608,5.22978306354702,0.001,0.177,0.37,0.957,12.4943029357177,37.9971285542877,10.8461097177986,32.9514482104173,31.1811360252588,9.18874494599741,30.1150280178,-0.684820510984096,50.3156631435097,19.3529401610739,972.263243825694,84.4330336825929,906.914912512877,0.468979132264519,23.9919583776862,5.26260486535845,0,0.23,0.405,0.993,13.0467842536385,45.27632385143,12.2094050951005,40.3686930003981,30.6324980917496,9.16455022914379,29.4989779464934,-0.651580650716657,49.6996130722031,19.3861800213414,938.349939341042,83.9889809024994,870.189699887702,0.424557344388342,23.0526646316884,5.26773119436128,0,0.298,0.386,0.992,13.9240063646776,47.8335799646946,11.9920522823611,39.3003570894883,39.2044864852108,60.8297039899388,9.68501905507554,28.876232699264,45.6631983752094,53.1543197243349,15.5613692372973,22.1482518065331,21.625217504728,19.1912136441884,7.49112134912553,6.58688256923585,0,1,0,1,37.5184874811817,57.1094297955667,10.0793527122664,29.157971934151,43.9476553255576,51.6769125809174,17.1423287620269,23.2945970927281,19.5909423143851,19.0786192218845,7.72925725535977,6.15226833070126,0,1,0,1,39.8281212284089,61.3675640876727,8.64346793532576,29.9110254671595,46.5409824555788,53.5970837932518,15.8612490030657,22.4275526513131,21.5394428592637,21.2675575318338,7.05610133767304,6.56630364824742,0,1,0,1,38.4897897033281,61.2163732902245,10.3812868507398,28.9990608244227,45.2500214459113,53.7857912065561,15.6308172715348,23.0583927477941,22.7265835868964,18.6177739736829,8.53576976064481,7.42757547625932,0,1,0,1
903,500,2,1,"L'Ecuyer-CMRG","10407_-76736628_219715652_1531269947_591269191_-1147817526_775611184","10407_1891810113_678687280_1553272345_-974691317_-1755086602_-358638871",671252065,1814863804,1213884683,2136285009,1218407524,536929228,841029949,84.944,6.46400000000006,5.90800000000002,2.04499999999996,2.10500000000002,497.439,1,NA,"45cb0a1bed0c","not-a-git-build","bbd3d4119dab4c61438d29ca56ae93a0","confirmatory",622.689,38.2967685245371,12.9322692310509,37.3876553406294,-9.3183733480254,57.2227301812215,10.3142327219748,1466.64247942197,167.243587464385,1397.83677186969,86.83208185319,31.8577498212504,7.69387801143233,0,0.03,0.343,0.786,12.4803915167582,39.0212741866416,11.2259896469412,34.6325849369278,40.1181034071242,11.7205881939512,39.2159646685832,-6.82009369761574,59.0510395091753,12.8125123723845,1609.46222098471,137.372187612189,1537.89188488756,46.5136780442579,33.4116258089932,6.7257458085727,0,0.029,0.39,0.882,13.2768464671254,40.6514207336264,12.199971993947,37.3921488546902,39.1595337633607,12.6071689547186,38.1967833892931,-8.83342464834686,58.0318582298853,10.7991814216534,1533.46908456379,158.94070905282,1458.99426128858,78.0293910180218,30.7573679922078,7.23149873408133,0.001,0.173,0.42,0.939,16.0406721839709,53.9616152795802,14.9557462772816,46.7929536749211,38.5354780173259,13.3046510271141,37.5443464883996,-9.19805549428705,57.3794213289917,10.4345505757132,1484.9830660238,177.013738953288,1409.577953241,84.6042248759841,30.2467046444629,7.69545168817306,0,0.182,0.393,0.897,15.716174272991,53.0580988540419,13.4788195017166,47.0132860564139,46.7965075988655,69.8861612517071,0.642800339188661,20.6373994903964,53.2423067392572,60.7672851031659,6.70210202185407,13.5639488287672,23.0896536528415,19.9945991512077,7.52497836390864,6.86184680691317,0,1,0,0,48.0872613881806,70.6900194175408,2.74125290949946,23.3404916736194,55.2582122642751,63.0186344336573,9.49213573673595,16.2346091790789,22.6027580293602,20.59923876412,7.76042216938222,6.74247344234298,0,1,0,0,46.2779921052283,68.7441926073728,0.765972910342709,20.8468105281906,54.4750730966623,61.8408464244749,7.5834988156781,14.1650714888111,22.4662005021444,20.0808376178478,7.36577332781261,6.58157267313301,0,1,0,0,45.8322599862664,68.8508202669201,0.551148587196257,20.4820047323852,53.3684216532191,61.303715030404,6.95100880050081,14.0306387740115,23.0185602806536,19.9308561451889,7.93529337718491,7.07962997351071,0,1,0,0
902,500,2,1,"L'Ecuyer-CMRG","10407_-310005945_-177754685_-1414625204_-647914437_136569295_-810880562","10407_1350264565_-1043085341_309455915_-1288298302_1108945078_-818842333",1401991103,1323769018,671252065,1814863804,1213884683,2136285009,1218407524,84.374,6.649,5.11700000000008,2.91200000000003,1.98000000000002,508.304,1,NA,"45cb0a1bed0c","not-a-git-build","bbd3d4119dab4c61438d29ca56ae93a0","confirmatory",633.345,40.7691708001494,13.3469030416299,40.1185534910254,10.6896706416732,60.4807270291245,31.0595064982082,1662.12528773175,178.13982080267,1609.49833421227,114.269058427451,34.6113311927699,8.28342630734961,0,0.003,0.248,0.698,12.2095190276428,39.6362536114599,9.73290468677204,30.3711163071945,41.8073795232265,13.6522116415897,41.0634382573729,10.5712570236353,61.425611795472,30.9410928801702,1747.8569825991,186.382882706758,1686.20596151708,111.751475059758,34.9099772712019,8.38846543512479,0,0.001,0.289,0.684,14.6397122415554,42.4081883240192,10.6006301672529,32.5567890980076,41.6339836553462,14.9856720465153,40.8235299903516,11.8857107841468,61.1857035284507,32.2555466406818,1733.38859501363,224.570366685711,1666.56060087314,141.270120844384,32.8331827318105,8.87082257961781,0,0.088,0.309,0.855,17.778069241496,56.911644531231,14.1866801351843,46.407332438362,41.8374473193671,14.3955108248978,40.9897075287382,11.1872583942849,61.3518810668372,31.5570942508199,1750.37199820082,207.23073190975,1680.1561232915,125.154750380498,34.2443883380606,8.64437933991079,0,0.043,0.316,0.743,14.0629107463899,48.0456224094776,11.3874498246412,39.7012581766397,50.4089570127393,70.2542231845334,22.1527954666364,40.6390817139642,56.980322206133,64.3076513798342,27.3827609330489,34.3178226412177,19.8452661717941,18.4862862473277,7.3273291737012,6.93506170816877,0,0,0,0,51.0365026638624,72.4621261803719,22.5937349888288,39.8346033882382,57.3730613652477,65.1470848915152,28.1294906540677,33.7410716535315,21.4256235165095,17.2408683994094,7.77402352626746,5.61158099946386,0,0,0,0,50.163077422548,72.1527140194258,23.7625071319019,40.4067698559853,57.3537564976718,64.9001741246063,29.232947908018,35.1340831649169,21.9896365968778,16.6442627240834,7.54641762693453,5.9011352568989,0,0,0,0,50.4016688540884,73.6027747485111,20.9407291530719,41.820842218292,57.2522008675228,65.1818977306408,28.2925891542782,34.8901109259083,23.2011058944227,20.8801130652201,7.92969686311798,6.59752177163008,0,0,0,0
905,500,2,1,"L'Ecuyer-CMRG","10407_2013430007_279522678_-112002627_-700905089_168105008_1152216958","10407_431499202_-301217036_-497806939_879583822_-380618095_1592738716",1218407524,536929228,841029949,1228336089,1604444879,958995118,941286158,92.8609999999999,6.56400000000008,6.74399999999991,2.24599999999987,2.29600000000005,515.477,1,NA,"45cb0a1bed0c","not-a-git-build","bbd3d4119dab4c61438d29ca56ae93a0","confirmatory",652.068,41.7558305227682,8.90641691660303,41.0956499924854,3.24240286835221,61.7552255092187,24.2539494108085,1743.54938264614,79.3242622923527,1688.85244830486,10.5131763606986,35.5509700733731,5.06081491374503,0,0.001,0.46,0.928,12.2107872020214,39.2219992613353,11.4204646813241,34.1775865767577,41.8686577132986,10.6002337657666,41.0082795299687,4.15060962570723,61.667855046702,25.1621561681635,1752.98449871336,112.364955888899,1681.67899000805,17.2275602650135,35.1411541547452,5.96396701376723,0,0.002,0.438,0.921,13.6448035681239,40.8333014676598,13.1243559234924,38.6488748994654,42.0036471386028,14.3931804044314,41.3408596644941,3.05142157019984,62.0004351812274,24.0629681126561,1764.30637294425,207.163642154507,1709.0666777994,9.31117359908085,33.6557350561714,7.85151184232986,0,0.026,0.388,0.925,17.4233369174802,54.2282579926815,14.473905567499,45.7001681399754,43.5143193716246,11.2759234530577,42.7498761241787,3.59738737908719,63.409451640912,24.6089339215435,1893.49599037574,127.146449719216,1827.55190863262,12.9411959552158,34.8842483790729,6.30339523918438,0,0.053,0.608,0.974,17.7565114925003,55.602402610786,18.3236814705338,54.3553827428289,49.0844724822878,73.0789180171436,15.0756548984668,34.042472334505,57.8365709708047,65.6409154417343,20.9781551772853,27.288279891305,23.9944455348558,18.9668174360382,7.80434447092956,6.31012471401971,0,1,0,1,52.1579075103543,74.5603873636696,15.4706119066802,34.3633219233979,57.9794553981333,64.6473162486496,21.7660980202858,28.465283081437,22.4024798533154,18.8927100167177,6.66786085051631,6.69918506115122,0,1,0,0,51.2778091875897,72.5446448627868,15.1203347859656,33.0883439310488,58.3558673385984,65.6866679063806,20.6713751105601,27.1532355731656,21.2668356751972,17.9680091450832,7.33080056778223,6.48186046260552,0,1,0,1,53.2374784018193,75.194008908334,16.2420613980842,33.6267614302399,59.6058697440811,66.7986021999392,21.4009986734949,27.9718801610424,21.9565305065147,17.3847000321556,7.19273245585807,6.57088148754756,0,1,0,0
904,500,2,1,"L'Ecuyer-CMRG","10407_-2100644478_1169234441_-187317258_-2076073672_1039945386_25035821","10407_-418282651_125498966_2051986931_2069049222_317537865_-801564463",1213884683,2136285009,1218407524,536929228,841029949,1228336089,1604444879,91.364,7.5469999999998,5.73300000000017,2.25799999999981,2.10699999999997,510.267,1,NA,"45cb0a1bed0c","not-a-git-build","bbd3d4119dab4c61438d29ca56ae93a0","confirmatory",645.445,37.7299154646021,8.84512610336156,36.4154630371859,4.93062602577994,56.3820770614049,24.8732569820593,1423.54652096602,78.236255784368,1326.08594821265,24.3110730060985,30.3376495627316,5.05740666187559,0.001,0.106,0.467,0.94,14.4326580064794,42.6516357828106,11.3650329264898,34.2931634807822,37.9882326830143,9.47291954164512,36.6089649289344,5.94568887441768,56.5755789531535,25.8883198306971,1443.10582237883,89.7362046424819,1340.21631316795,35.3512161913742,30.1968002758666,5.43230673287909,0,0.1,0.469,0.925,15.1624873220815,44.9099531240675,11.5975670399206,36.0769395848007,37.7187047670721,9.52585061246924,35.8280270974876,5.07937933580241,55.7946411217066,25.0220102920818,1422.70068930555,90.7418298910806,1283.64752569831,25.8000944369766,27.5742771094872,5.56958627795452,0.007,0.383,0.605,0.985,20.0659044831949,61.602071673379,16.8268419735053,51.1709079126297,38.3214425913182,9.50113019360628,36.6154755500786,6.18256903491742,56.5820895742977,26.1251999911968,1468.5329622797,90.271474955857,1340.69304975841,38.2241598715197,28.3712424319424,5.58946759118539,0.008,0.391,0.556,0.97,19.8519339944952,62.0588998051854,14.9205894519019,46.8430739620378,46.5200862826333,66.6472232156176,14.859751868464,33.6488055928899,52.6864861138899,60.1746260808354,21.5066024082393,28.5650588664581,20.1271369329844,18.7890537244259,7.48813996694554,7.0584564582188,0,1,0,0,46.7608211061801,67.1403947048328,15.6607293980618,34.8022062235289,52.467877027981,60.5476024759243,22.7330952025194,29.1721930346342,20.3795735986527,19.1414768254671,8.07972544794322,6.43909783211482,0,1,0,0,43.7187473225402,66.7092580429477,15.8030648582412,35.0331490696092,52.1180167666981,60.1403421665478,21.5251767962949,28.1626927689007,22.9905107204075,19.230084211368,8.02232539984972,6.63751597260577,0,1,0,0,44.0933986028185,67.5930236357052,17.0389178571311,35.810874801015,52.4692347523482,61.0644704852508,22.5494577052431,29.417735477449,23.4996250328868,18.7719569438839,8.5952357329026,6.86827777220596,0,1,0,0
907,500,2,1,"L'Ecuyer-CMRG","10407_-253098988_-1982838906_314413425_-469204222_-1659735267_753416866","10407_-1058738087_2057841954_-1355944131_-1212626261_682368579_490063207",1604444879,958995118,941286158,433683538,426703446,303605879,597549604,91.5809999999999,6.8130000000001,7.50699999999983,2.10100000000011,2.13400000000001,500.775,1,NA,"45cb0a1bed0c","not-a-git-build","bbd3d4119dab4c61438d29ca56ae93a0","confirmatory",636.795,41.8448041956892,8.08084917529932,40.9619591436026,0.519292336989555,61.1340711135931,20.7016728310587,1750.98763817557,65.3001233939357,1677.88209688217,0.269664531256073,35.4152316675246,4.61209712596313,0,0.015,0.461,0.989,12.3418104059632,39.0085216457465,11.1060702987714,33.421509028487,43.4199572775673,7.88193792262462,42.5777606053423,0.753681370931059,62.7498725753328,20.9360618650002,1885.29268998577,62.1249454161082,1812.86569816584,0.56803560888852,36.8429326934236,4.50945063828795,0,0.003,0.529,0.986,13.3725241535085,40.0962081635093,12.3723714841383,37.2629468346449,44.5272679093671,7.73591742024813,43.5365134030435,0.898850083689545,63.708625373034,21.0812305777587,1982.67758747255,59.8444183328985,1895.42799929339,0.807931472948703,36.3995400064299,4.80443630596928,0,0.122,0.751,0.999,15.0950573996693,51.7221332384616,17.6385884549741,53.8068754087773,43.9974809732723,8.71988851809786,43.1277657203115,1.85302349607651,63.299877690302,22.0354039901456,1935.77833199346,76.0364557680549,1860.00417602607,3.43369607701162,36.1138003009537,5.05120808439429,0,0.105,0.483,0.994,14.3817467373554,50.7721080080432,12.679682311383,44.5006620940216,50.8475309242702,71.0083957700218,11.985284325236,29.4018899047746,57.8239394986188,64.436343625526,17.5315440695738,23.8744385521004,20.1608648457517,17.4166055795386,6.61240412690719,6.34289448252662,0,1,0,1,51.67668565003,73.1251434791406,12.4429760589607,29.8432343555354,58.7286364076784,66.7526093630269,17.5069727033847,24.1300216053571,21.4484578291106,17.4002582965747,8.02397295534853,6.6230489019724,0,1,0,1,53.4990323314782,73.5428944239559,10.4639211316002,31.3931459673329,60.3340021570666,67.027156353958,18.0465865908399,24.4057906005721,20.0438620924777,20.9292248357327,6.69315419689141,6.35920400973212,0,1,0,1,52.1679149738486,74.4679730062497,12.0056376036924,32.8327404316549,59.6571090934528,67.1864887084163,18.5409555398313,25.567818341704,22.300058032401,20.8271028279625,7.5293796149636,7.02686280187273,0,1,0,1
906,500,2,1,"L'Ecuyer-CMRG","10407_142115757_-1566729515_1537208469_428835711_-264277237_1926574838","10407_340805976_-1809043116_974976478_-2082773792_1841016317_-1015715672",841029949,1228336089,1604444879,958995118,941286158,433683538,426703446,92.146,5.56299999999987,7.16399999999999,1.99599999999987,2.03400000000011,497.722,1,NA,"45cb0a1bed0c","not-a-git-build","bbd3d4119dab4c61438d29ca56ae93a0","confirmatory",635.279,32.3555866657287,9.7467661732765,31.4185366247461,-4.33860468244731,51.206725302843,15.4764389093652,1046.88398848348,94.9994508365271,987.124443640515,18.8234905905537,26.197312786505,5.65932585426668,0,0.061,0.329,0.902,11.9793898040565,36.6372105132845,9.87188776162207,30.6786131841222,34.2947825718174,9.70397610203635,33.5003759569616,-4.03065067796052,53.2885646350585,15.784392913852,1176.13211164823,94.1671521888925,1122.27518925777,16.2461448877436,27.6319004585589,5.57143062779396,0,0.058,0.391,0.922,13.2953179271222,41.3467137067142,11.1357802166239,33.3282045363978,34.1187964049646,9.14207270090335,33.2226831174191,-3.15089989936645,53.0108717955159,16.6641436924461,1164.09226812343,83.5774932686022,1103.74667352044,9.92817017582749,25.4595517387193,5.31045513713183,0.008,0.35,0.606,0.996,18.5951914463612,58.3114166761475,15.7358356427833,49.513286557059,34.587361631168,9.38688730650895,33.8074329692061,-4.02683322492731,53.5956216473029,15.7882103668852,1196.28558460519,88.1136533050989,1142.94252396736,16.2153858213785,26.7103905092973,5.397041627299,0,0.288,0.488,0.957,15.245873852688,51.7955244584747,12.3396139037552,40.3741056070501,40.6324361275114,61.6084606560658,5.97394655829999,25.4422334582191,47.6452301892363,55.1246142428082,11.9223778180849,18.7679644810325,20.9760245285544,19.4682868999191,7.47938405357194,6.8455866629476,0,1,0,0,42.5135543503195,63.0340600959828,7.35502681435509,25.1184873011439,49.8098866136178,57.133289757752,12.3823700667694,18.761244364831,20.5205057456633,17.7634604867888,7.32340314413417,6.37887429806163,0,1,0,0,41.9214449796364,64.1332602858643,6.80897031164923,27.4915392603863,49.1646332894616,56.7219925778668,13.425633447165,19.9446251996925,22.2118153062279,20.6825689487371,7.55735928840524,6.51899175252748,0,1,0,1,42.5903760150369,64.1962294718549,6.10414320732329,24.4947833298205,49.9332620183811,57.304432500195,12.7372176171434,19.1001291282243,21.605853456818,18.3906401224972,7.37117048181389,6.3629115110809,0,1,0,0
908,500,2,1,"L'Ecuyer-CMRG","10407_-1490731536_1768083558_-1454191143_51008969_-666223140_1848932738","10407_-1773923005_2022588628_174966361_1166890012_944523440_384733892",941286158,433683538,426703446,303605879,597549604,1822665001,1808991099,93.223,6.81299999999965,5.49600000000009,2.45000000000027,1.99400000000014,491.843,1,NA,"45cb0a1bed0c","not-a-git-build","bbd3d4119dab4c61438d29ca56ae93a0","confirmatory",626.581,48.0362946423745,9.03370498932797,47.3214547539041,1.99975984006369,67.1030836134778,21.7268897837821,2307.48560296902,81.607825834209,2239.3200800258,3.99903941793154,42.512758878744,5.2928478926521,0,0,0.32,0.89,10.54713193842,34.3261735109565,8.98838556084997,28.1845447175199,49.4915586826774,8.9191127999814,48.7632639540144,2.0707898853923,68.5448928135881,21.7979198291107,2449.41438084091,79.5505731387919,2377.85591144888,4.28817074944306,43.5720770626345,5.1464579322688,0,0,0.385,0.944,12.0561787901949,36.1188798179363,10.5920871836566,31.9126733195562,49.2951097032999,8.57378557061459,48.5042176983444,1.30627907512023,68.2858465579181,21.0334090188387,2430.00784066038,73.5097990108789,2352.65913452839,1.70636502209695,41.5757543753519,4.94722875250647,0,0.04,0.482,0.995,14.3358309796912,49.8323062159829,13.1016738972082,42.7375552204666,47.056872755306,9.72207063858632,46.1834612063487,0.424142057032132,65.9650900659224,20.1512720007506,2214.34927350906,94.5186575016621,2132.91208899831,0.179896484543448,39.6295530281646,5.52951539030081,0,0.011,0.447,0.958,13.8829753412202,46.661118569713,12.2135341148082,41.147419798973,56.1163161515608,77.4342999651902,12.7673611106343,30.3219708863957,63.8299417098799,70.8365169066386,18.8011851314174,24.9118557479231,21.3179838136294,17.5546097757614,7.00657519675867,6.11067061650562,0,1,0,1,58.4335967360046,78.7775281512557,12.4874487321796,31.8475399809131,64.9914488919739,71.8897538153575,18.413669263702,25.1167409141155,20.3439314152511,19.3600912487334,6.89830492338362,6.70307165041348,0,1,0,1,57.7709430417889,78.9198838221061,10.4915467224562,30.8910592809128,64.4906466091365,72.0498647832734,17.5673422709566,24.750641292845,21.1489407803172,20.3995125584566,7.55921817413692,7.18329902188842,0,1,0,1,55.3079848662508,76.7936420920649,12.1619688090936,28.4618800075315,62.5703585544443,69.5580536374553,16.9988971741417,23.0415419638965,21.4856572258141,16.2999111984378,6.987695083011,6.04264478975479,0,1,0,1
909,500,2,1,"L'Ecuyer-CMRG","10407_-544134411_1146492172_-371239428_852323604_-1539480854_1155764816","10407_293424825_-307732545_-719309167_528873998_295902704_1467570940",426703446,303605879,597549604,1822665001,1808991099,242075423,1179455171,93.3609999999999,7.846,5.43599999999969,2.38000000000011,2.10899999999992,507.167,1,NA,"45cb0a1bed0c","not-a-git-build","bbd3d4119dab4c61438d29ca56ae93a0","confirmatory",642.205,37.342584083462,9.09404552278556,36.0902195251135,-0.848378107338007,56.0893091301792,19.208879063984,1394.46858603043,82.701663970496,1302.50394537089,0.719745413010419,30.2500996662582,5.3051523495468,0,0.073,0.359,0.924,13.4470209494274,41.1866492382527,10.070255479586,31.6128870328143,40.0592056803735,9.36260780450213,38.6131461887884,-0.947360281616845,58.6122357938541,19.1098968897052,1604.73995974247,87.6584249009242,1490.97505859674,0.897491503185148,32.1772817525037,5.42221125863883,0,0.065,0.386,0.929,15.4885397224062,44.4710240947866,10.967332657484,32.8110940907291,40.7554278846335,9.55244966152563,37.2253471962055,-0.282863040017755,57.2244368012712,19.7743941313043,1661.00490205956,91.2492945359811,1385.72647387805,0.0800114994080862,28.769029438921,5.4957660940973,0.035,0.385,0.471,0.99,21.135184729649,64.8548344905987,13.7503554131312,44.5916438207775,38.311321469933,9.27192454011534,36.8481095555218,-1.01111976661082,56.8471991605875,19.0461374047112,1467.75735277255,85.9685846775932,1357.78317781574,1.02236318243112,28.4118104941315,5.36936316811896,0.007,0.299,0.494,0.995,19.6575047234744,62.3069170394344,14.1645449579371,45.6600490408729,45.8304485537731,65.9557847388251,10.0934193232133,28.6929120344681,52.537982683538,59.6603356499369,15.9095791003644,22.3570916186872,20.125336185052,18.5994927112548,7.12235296639891,6.44751251832286,0,1,0,1,48.7586279926998,69.5239157352375,10.3371347274908,29.0263463496663,54.9168255808851,62.4575188787555,15.505530419631,22.5563181193034,20.7652877425377,18.6892116221755,7.54069329787043,7.05078769967249,0,1,0,1,46.8058710202442,67.9559308758767,10.6307287450577,29.4338096491185,53.3905578706142,60.7900044350128,16.236037938882,23.1037195698127,21.1500598556326,18.8030809040608,7.39944656439864,6.86768163093072,0,1,0,1,45.2028115643528,68.2769886181478,8.07499799028412,29.0619390133021,53.0515363941118,60.3152100865595,15.7252128869397,22.7668756570773,23.074177053795,20.9869410230179,7.26367369244772,7.04166277013753,0,1,0,1
910,500,2,1,"L'Ecuyer-CMRG","10407_1730616015_7052569_134522263_-795399112_787679390_-2143887841","10407_-566213646_-505212806_1140347222_49367723_-82305839_-701728720",597549604,1822665001,1808991099,242075423,1179455171,902252614,528951176,93.6700000000001,5.73299999999972,5.39300000000003,2.09299999999985,2.51099999999997,500.264,1,NA,"45cb0a1bed0c","not-a-git-build","bbd3d4119dab4c61438d29ca56ae93a0","confirmatory",634.59,41.0633944181381,7.31324835638714,40.3027606658745,-2.38262601207737,60.3967539645351,17.6848160718746,1686.20236113958,53.4836015221993,1624.31251729076,5.67690671342771,35.2605423767624,4.23854907789055,0,0,0.528,0.996,11.5500436395825,35.3379897543024,12.0434715562913,36.5707994737134,42.554620229083,6.4061975367407,41.6851957195667,-0.0782377087263448,61.7791890182273,19.9892043752257,1810.89570284148,41.0393668797426,1737.65554217858,0.00612113906674837,36.116706003352,3.83518043578312,0,0.003,0.669,1,12.5947770322233,38.7076504322481,13.0675265201427,39.3296863527712,43.3513126153985,6.73824643522905,42.2980107409407,-0.0830831863220318,62.3920040396014,19.98435889763,1879.33630547801,45.403965021877,1789.12171264074,0.00690281584942146,35.076999648643,4.62528365831392,0,0.07,0.871,1,16.0403520817026,51.3617710345008,19.3166356232667,58.3059363905189,43.0023777271082,6.63753718557275,42.0013721677104,-0.861131615949038,62.095365466371,19.206310468003,1849.20449018489,44.056899889861,1764.11526397052,0.741547659987001,33.8560416471447,4.73320245948706,0,0.126,0.876,1,17.8266215451496,58.3376186929418,20.4600566737141,61.0150358109061,49.8501819446432,70.9551845695207,7.23014989858871,27.988271863209,56.876690862961,63.8863171579093,14.1234629548219,21.1949047782138,21.1050026248775,20.7581219646203,7.00962629494826,7.07144182339193,0,1,0,1,51.8744208723303,72.6800012909001,10.6688801929375,29.7740505545091,58.2142541126483,65.2630628017038,16.8176632713801,23.6269845807653,20.8055804185697,19.1051703615715,7.04880868905546,6.80932130938526,0,1,0,1,51.1819154006849,72.2452752357919,9.006605005558,29.6996289507978,58.715094581705,66.30825806302,16.6429483189974,23.0641040693009,21.063359835107,20.6930239452398,7.59316348131499,6.4211557503035,0,1,0,1,50.910867768529,73.3735800413439,8.32787570573682,29.9057091723669,58.0606939531444,65.7065903844312,15.4244135757352,23.276046519001,22.4627122728149,21.5778334666301,7.6458964312868,7.85163294326586,0,1,0,1
911,500,2,1,"L'Ecuyer-CMRG","10407_1393182925_-950913334_-555773635_-1174386251_1100382872_-328433121","10407_812859852_-1465857517_1980471075_-351509229_-1063419677_-1697736222",1808991099,242075423,1179455171,902252614,528951176,1968760127,1128225794,93.6500000000001,7.09099999999989,5.44700000000012,3.30000000000018,2.10699999999997,498.626,1,NA,"45cb0a1bed0c","not-a-git-build","bbd3d4119dab4c61438d29ca56ae93a0","confirmatory",634.565,35.5587197422996,9.67852427412944,34.6649213054365,-3.99707862424381,54.8941102146997,16.3521806562804,1264.42254971141,93.6738321249129,1201.65676911211,15.9766375283868,29.0067517930101,5.58692879890608,0,0.022,0.398,0.929,13.2039069273263,39.4453374427728,11.4177659999092,34.6729221154257,36.926294615451,9.48008578116743,36.1401048977008,-2.94344052719211,56.369293806964,17.4058187533321,1363.55123402709,89.8720264182928,1306.10718201682,8.66384213711698,30.1525616166243,5.43568062594777,0,0.023,0.409,0.95,13.9063908746059,41.9401788260421,11.9248953428502,36.5890978429644,37.2024076117979,10.6012166881756,36.4600839159012,-3.22988523747452,56.6892728251644,17.1193740430497,1384.01913211436,112.385795269653,1329.33771915456,10.4321586472559,28.2636308211456,6.07916192148606,0,0.185,0.589,0.985,18.9169459561662,58.6488567459244,17.255447333784,51.4706924540568,36.3848412435553,9.43460263969597,35.6710032972365,-2.66676726822665,55.9001922064997,17.6824920122976,1323.85667231872,89.0117269689581,1272.42047623146,7.11164766288501,28.6300572466635,5.46577336955333,0,0.102,0.541,0.976,15.6286098859793,50.0691228446354,14.7567053284553,46.783239284883,44.4192091207045,66.2500761587127,5.57619135133521,26.1868846294742,51.1999108491582,58.4170089745414,13.1192889735568,19.6391449168271,21.8308670380083,20.610693278139,7.21709812538319,6.51985594327032,0,1,0,0,45.9470062913399,66.6233422755399,7.6347348852595,26.4252035916933,52.7358252549164,59.8937101981106,14.292278020781,20.4898299612399,20.6763359842,18.7904687064338,7.15788494319417,6.19755194045882,0,1,0,1,44.3450907531818,69.4803327560068,7.60501168743605,26.6371638446246,53.082331844545,60.2647149433055,13.6913645658953,20.5817425003959,25.135242002825,19.0321521571886,7.18238309876047,6.8903779345006,0,1,0,1,45.4723737096974,66.2908453199723,8.01985984895443,27.3400672966637,51.9535097313234,59.9495237651945,14.2247604359855,21.3354601985819,20.8184716102749,19.3202074477093,7.99601403387104,7.11069976259635,0,1,0,1
912,500,2,1,"L'Ecuyer-CMRG","10407_1142032118_415791771_683950389_1604967725_-376776880_-559124103","10407_-260749049_-2011167742_844827462_96686570_-37269488_82626007",1179455171,902252614,528951176,1968760127,1128225794,2034820414,2094477713,94.4279999999999,7.16899999999987,5.59799999999996,2.4380000000001,2.07000000000016,480.144,1,NA,"45cb0a1bed0c","not-a-git-build","bbd3d4119dab4c61438d29ca56ae93a0","confirmatory",617.558,35.0337482613248,9.58095355516643,33.7687937374117,4.0338165573279,53.4214711622916,23.936128512774,1227.36351723788,91.7946710262562,1140.33143047985,16.2716760181727,28.0292964271092,5.55743942447227,0,0.076,0.356,0.921,13.7948236488414,40.0681527723556,10.1705255937911,30.9716591524573,36.0698482079473,9.7481865297797,34.3956989243268,4.81738873457688,54.0483763492068,24.719700690023,1301.03394974436,95.0271406193784,1183.06410449294,23.2072342200282,28.3831690432757,5.58282147730721,0.007,0.123,0.386,0.96,14.6401378519462,42.3127032634491,11.4669571456175,35.5012110059117,35.2522704760185,9.43043029509216,32.8943707089662,4.2096817043408,52.5470481338462,24.1119936597869,1242.72257371437,88.933015550592,1082.03962433889,17.7214200518617,25.3904027398591,5.46650488015211,0.021,0.354,0.537,1,18.7190201318827,56.401311354686,15.631653729099,47.7927382761663,36.8034429379903,10.5554002676668,34.1920597502809,4.41257012533275,53.8447371751608,24.3148820807789,1354.49341208991,111.416474810661,1169.09694996678,19.4707751109791,26.3224653701751,6.13245577918796,0.033,0.402,0.558,0.999,19.6363935899629,60.3428137732839,17.4646441921803,55.1057206947429,41.5770956530265,64.7788267056661,14.4376703259365,33.1854761379684,49.688281198487,57.1125985555556,20.6271808508884,27.0159895416097,23.2017310526396,18.7478058120319,7.42431735706862,6.38880869072135,0,1,0,0,44.7123936236548,64.9182541922426,14.4066686813043,35.9329866637983,50.4292881150295,57.5138769966696,21.2950035137104,28.4192253994944,20.2058605685878,21.526317982494,7.08458888164011,7.12422188578403,0,1,0,0,41.3711227896033,63.679654135173,14.1089288888186,33.8043678366807,48.6410730581429,56.4261310763679,20.8270289937167,27.4196753230593,22.3085313455697,19.6954389478621,7.78505801822497,6.59264632934267,0,1,0,0,42.5817585684891,64.7977568213003,14.3966149975251,35.7450924439518,50.1214824872016,57.6194791777203,20.881806599132,27.5961285760742,22.2159982528112,21.3484774464266,7.49799669051873,6.71432197694216,0,1,0,0
913,500,2,1,"L'Ecuyer-CMRG","10407_1434077905_2116151627_1368081460_1772909992_-1292039212_348000914","10407_-1340484399_1730068580_-1707778599_1359086025_1432016172_-55427879",528951176,1968760127,1128225794,2034820414,2094477713,549269381,428122094,94.837,7.58199999999988,5.52799999999979,3.05700000000024,2.1850000000004,481.332,1,NA,"45cb0a1bed0c","not-a-git-build","bbd3d4119dab4c61438d29ca56ae93a0","confirmatory",617.258,47.5699826607644,8.53520410875692,47.0366563934834,-5.93419983575263,67.1649561263544,14.466543342664,2262.90325034543,72.8497091781411,2212.44704467862,35.2147276906465,41.1315944685838,4.90868909011734,0,0,0.465,0.965,13.5624389234508,41.2211988790383,11.3921247880341,35.2462294710473,49.091021470587,8.59393477218257,48.287573982265,-5.13044354142256,68.415873715136,15.2702996369941,2409.92838902564,73.8557148685286,2331.68980109272,26.3214509317244,41.7300791606024,4.89503396957787,0,0,0.442,0.995,14.9733169049458,45.8527418596932,12.1283666091521,37.528396980468,48.975560244519,8.83588585436994,48.0733963533363,-5.3387603133938,68.2016960862073,15.0619828650228,2398.60550126451,78.0728788314547,2311.05143694497,28.5023616838686,39.7110977672024,5.27266923095462,0,0.076,0.653,0.998,18.7888121683164,59.031447770023,17.6546257180976,53.3033472823427,49.3887260981298,7.81737667955992,48.7443803132441,-4.73289297076126,68.8726800461151,15.6678502076554,2439.24626559609,61.1113781501272,2376.01461212218,22.4002758726814,40.7804541700988,4.72877534987666,0,0.01,0.661,1,18.1586311285744,55.9258336363155,15.8515515606352,48.6495773831301,55.915794070649,77.479107913035,4.05270377098564,23.6339909873834,63.9535141390953,70.6416722913928,10.9043153700676,17.9924349188289,21.563313842386,19.5812872163978,6.68815815229749,7.08811954876134,0,1,0,0,58.5270246741488,78.5568230400295,5.91950340250368,25.2707356694682,65.1475537335817,71.7146812009361,11.8397692658367,18.5143692976401,20.0297983658807,19.3512322669645,6.56712746735437,6.67460003180341,0,1,0,0,57.3624477469038,79.1914849232969,5.18780266428798,24.5803742869283,64.3996783465997,71.9573157972746,11.7500592722229,18.5289346130128,21.8290371763931,19.3925716226403,7.5576374506749,6.77887534078991,0,1,0,0,58.0719874852763,79.2628307693372,6.36710524498438,25.4568864019856,64.7726581927975,72.6303160899722,12.5129461590274,18.8840953475101,21.1908432840609,19.0897811570012,7.85765789717466,6.37114918848269,0,1,0,0
914,500,2,1,"L'Ecuyer-CMRG","10407_1807206663_269889858_-802746248_694839588_1334781625_2055038948","10407_-1282855777_-1815917442_-1314295499_1881708140_-2019460758_1318483364",1128225794,2034820414,2094477713,549269381,428122094,584079654,1914201689,90.9710000000005,5.71500000000015,5.19999999999982,2.08899999999994,2.21299999999974,470.896,1,NA,"45cb0a1bed0c","not-a-git-build","bbd3d4119dab4c61438d29ca56ae93a0","confirmatory",601.382,36.930227888089,8.02750138411069,35.9663307850534,0.0348108077007687,55.5615003042988,19.8206282088631,1363.84173186619,64.440778471899,1293.57695013988,0.0012117923327799,30.9724212619087,4.55484902343184,0,0.009,0.498,0.977,11.5195191933186,34.8912658967101,11.3364920280439,33.3101120336641,38.4615019122941,8.31275473693728,37.5688305376219,0.593269504769982,57.1640000568674,20.3790869059323,1479.2871293494,69.1018913164731,1411.41702796455,0.351968705290019,31.999196006155,4.75763816622731,0,0.007,0.568,0.993,12.6915144477891,39.1096070802059,13.4133320020433,39.4052966225423,38.9416690250101,8.28618964033875,37.7820801328416,1.92182739295844,57.3772496520871,21.7076447941208,1516.45358645343,68.6609387556573,1427.48557916447,3.69342052832545,30.7052251299794,5.05512081426787,0,0.09,0.697,0.999,15.9597139906091,50.4216735822857,17.8122911312537,53.4720752699611,39.7479868392272,11.1414756253458,38.1256782133721,0.746244047050656,57.7208477326176,20.532061448213,1579.90245777138,124.132479110176,1453.5673392296,0.556880177758541,30.7288521904401,6.41652875358362,0,0.127,0.533,0.986,16.4159799436956,53.2053177398005,17.2369106186348,52.4257434525805,45.0766658507124,65.6355355800852,10.7262850184649,28.8961762546675,52.7372615338847,58.6614677336481,16.424906262644,23.1710357770227,20.5588697293728,18.1698912362026,5.92420619976335,6.74612951437872,0,1,0,1,47.5409271142635,66.09179256133,10.8895493978147,30.6076145786956,53.517291971502,60.7906622873307,17.2345707812419,23.0622433091232,18.5508654470665,19.7180651808809,7.27337031582878,5.8276725278813,0,1,0,1,46.3356152210101,68.3456539525296,11.6348221431095,31.4973990249983,53.5392107277704,61.0461024529115,18.3935679566321,24.9338180548803,22.0100387315195,19.8625768818887,7.50689172514114,6.54025009824824,0,1,0,1,47.512726789331,68.1600103303192,10.5007122900062,29.6618480724655,53.7318830658792,61.5777109193574,17.519602405833,23.5604975322882,20.6472835409882,19.1611357824593,7.84582785347827,6.0408951264552,0,1,0,1
915,500,2,1,"L'Ecuyer-CMRG","10407_-1933647988_-1665423622_1793323279_753918292_-927873429_2072682253","10407_-713288289_1056531148_342699348_-1315458652_-1997018421_-629956418",2094477713,549269381,428122094,584079654,1914201689,1176667827,1098603296,90.5590000000002,6.79899999999998,5.23700000000008,3.41499999999996,2.1260000000002,479.044,1,NA,"45cb0a1bed0c","not-a-git-build","bbd3d4119dab4c61438d29ca56ae93a0","confirmatory",611.208,26.7520428304406,9.45214194673531,25.2364082803897,4.07481381930097,45.4375716188083,24.2493688140074,715.671795601728,89.3429873812332,636.876302894523,16.6041076619662,20.1612310216144,5.4439702050211,0.01,0.24,0.357,0.932,12.4079727042542,36.9260617698817,10.6314478212012,32.16206983974,27.1924993315968,9.37497819175039,25.2450584241636,4.20812435096088,45.4462217625822,24.3826793456673,739.43201989889,87.8902160957955,637.312974839433,17.7083105531499,19.8366090201455,5.38399959609697,0.035,0.326,0.402,0.939,13.798703520735,40.5991001748332,11.1189852771086,34.3952163989055,26.6278977718687,9.19708360947524,24.7322499283562,3.98476391870381,44.9334132667748,24.1593189134102,709.04493974909,84.586346919678,611.684186518676,15.8783434878038,18.5638738792143,5.27222119118971,0.042,0.478,0.498,0.982,15.7827117179699,49.6167959710776,13.5419411786983,44.3836384970995,26.7355967114783,9.91837124044187,25.2514291797822,5.04653414011872,45.4525925182008,25.2210891348251,714.792131518807,98.3740880632244,637.634675621558,25.4675068273837,18.9126217836445,5.69821462556883,0.012,0.467,0.464,0.978,14.9017342970959,49.4514382870636,13.2694849628919,45.3200990358427,35.5904972519491,55.5765762812416,15.5237338524751,34.5362324771877,41.7808903456568,49.0549876138024,21.0388766250289,27.1927393200552,19.9860790292924,19.0124986247126,7.27409726814552,6.15386269502629,0,1,0,0,35.2853049822919,55.7111496850229,15.2853436046226,33.8496009319063,42.0147501064534,49.1402191097539,21.1611730331151,27.6480264879897,20.425844702731,18.5642573272837,7.12546900330059,6.48685345487461,0,1,0,0,34.6461948678312,54.7361790371314,13.7279814157485,34.5482183691912,41.6345007108598,48.5129461563094,20.9938759011985,27.7308093942882,20.0899841693002,20.8202369534427,6.87844544544968,6.7369334930897,0,1,0,0,35.0352529384168,56.9559938947939,14.5989374959058,35.651556705879,41.5987242135785,49.1369931405516,21.6832130194352,28.7275137867384,21.9207409563771,21.0526192099732,7.53826892697306,7.04430076730321,0,1,0,0
916,500,2,1,"L'Ecuyer-CMRG","10407_941660983_-847396214_-23117716_-1587364797_986935182_324997096","10407_562977902_748791801_-975539050_1909370146_-1969424744_1925993792",428122094,584079654,1914201689,1176667827,1098603296,67157182,468724922,88.4000000000005,6.35599999999977,5.39599999999973,2.10699999999997,2.33399999999983,480.834,1,NA,"45cb0a1bed0c","not-a-git-build","bbd3d4119dab4c61438d29ca56ae93a0","confirmatory",610.007,36.3729417754991,9.96089549440925,35.4024429651581,-4.28894418810666,55.5039787452339,15.8844419605324,1322.99089340385,99.2194390505425,1253.33296790127,18.3950422486939,30.4878770358509,5.78697479750959,0,0.018,0.353,0.846,11.1386165595834,34.5785369591973,10.0306316494605,31.1329263537766,39.135355422933,9.99611800796345,38.2259978084689,-3.49737467023837,58.3275335885447,16.6760114784007,1531.57604407929,99.9223752291311,1461.22690845307,12.231629584025,32.716098074899,5.75761065191629,0,0.012,0.384,0.896,12.6805905103083,38.6878890468134,11.2756928426945,33.3741992940706,36.9686045205168,9.86951249832334,35.8727715980912,-2.46468024935131,55.974307378167,17.7087058992878,1366.67772019437,97.4072769545606,1286.85574212882,6.07464873154246,29.0295631731776,5.63613118263313,0,0.102,0.458,0.978,15.2240078797685,49.1332518970799,13.5391275825638,42.4687200586961,37.6621226689381,9.62516234095427,36.6122604402954,-2.72919350065306,56.7137962203712,17.444192647986,1418.43548393014,92.6437500897244,1340.45761454802,7.44849716400693,29.864964201228,5.53369407263228,0,0.084,0.427,0.981,14.7041586411821,48.7018768520297,12.8321447776204,41.6746483661458,45.1355206526917,66.4811271138311,6.36602093249067,25.642161241598,52.2563568898818,59.2783441781637,12.5868165447158,18.9798826107701,21.3456064611394,19.2761403091073,7.02198728828187,6.39306606605433,0,1,0,0,47.9902672885566,68.8507028804311,8.94242984087909,25.533642882987,54.7023460614508,62.0605766275682,13.4305886381926,19.699278118653,20.8604355918745,16.5912130421079,7.35823056611748,6.26868948046033,0,1,0,0,44.9466787326988,66.9280151653403,8.01762387525265,27.7401482319675,52.4097850235746,59.4562766323832,14.1106861737544,21.522843453359,21.9813364326415,19.7225243567148,7.04649160880861,7.41215727960469,0,1,0,1,44.8116886031659,67.9313036170749,7.57513055814762,27.8193997856869,52.8042450762742,60.61051570541,13.8174701560176,20.8776743852338,23.1196150139091,20.2442692275392,7.80627062913582,7.06020422921621,0,1,0,1
917,500,2,1,"L'Ecuyer-CMRG","10407_-302739145_-843124091_-1800156517_1891671523_-1820735509_2122899564","10407_1136890874_82312202_-423858621_1936383181_484206186_-67920218",1914201689,1176667827,1098603296,67157182,468724922,1987026892,1896752490,88.8029999999999,5.34999999999945,5.70800000000054,2.03800000000047,3.17299999999977,476.407,1,NA,"45cb0a1bed0c","not-a-git-build","bbd3d4119dab4c61438d29ca56ae93a0","confirmatory",604.7,36.847741985704,9.69703978953507,35.956042402184,3.82905632923727,56.2105509093747,24.2720927670802,1357.75608944502,94.0325806798263,1292.83698522765,14.661672372472,30.0998290856116,5.6052119719844,0,0.041,0.362,0.937,13.4295726326587,41.289329205028,10.8736426893244,32.6464484433839,38.1267201012279,10.0921833705051,37.2029431525519,4.24582778151392,57.4574516597426,24.6888642193568,1453.64678567738,101.8521651839,1384.05897921201,18.0270535502754,31.2168253862156,5.80792963057051,0,0.03,0.405,0.908,14.1102553472361,41.5311825475328,11.5829422101695,34.7076965186308,37.4527745585834,10.148392119457,36.059687801025,2.66003257369509,56.3141963082157,23.103069011538,1402.71032213607,102.989862610257,1300.30108430739,7.07577329311893,27.6180932334027,5.80568177486649,0.003,0.331,0.497,0.968,19.4299902129373,62.3634016143817,14.4480152259626,47.2111354753263,36.8948533506146,11.2971890475151,35.4423799584227,2.77562922146538,55.6968884656134,23.2186656593083,1361.23020376336,127.626480375296,1256.1622971172,7.70411757505253,27.6501132711172,6.41675043028855,0.001,0.254,0.467,0.95,17.6491117024248,57.1806517491805,14.826599201737,47.8323420735805,45.5079457007927,68.0358520781097,12.907148438682,34.352272735525,52.6506120036448,59.9262162496872,20.8846796628319,28.1864051690102,22.527906377317,21.445124296843,7.27560424604242,7.30172550617828,0,1,0,0,46.5721700156673,69.6094304443146,14.44014847617,34.268934294385,53.5194813072806,60.8226867665905,21.271655669175,28.245334358135,23.0372604286473,19.8287858182149,7.30320545930986,6.97367868896001,0,1,0,0,44.7037618840375,67.3449541102304,12.6585100844726,33.0506962424949,52.2549109818653,60.4253058829504,19.7154146327925,26.7888002877079,22.6411922261929,20.3921861580222,8.17039490108507,7.07338565491536,0,1,0,1,45.1107469234573,68.0355934364725,14.4152142750092,34.0204517201968,52.3888862092862,59.0692440483476,19.9478166109022,26.4083677213085,22.9248465130152,19.6052374451876,6.68035783906148,6.46055111040625,0,1,0,1
918,500,2,1,"L'Ecuyer-CMRG","10407_1550369907_381439314_608621139_873795381_318374921_1634716709","10407_835538113_-597275226_1628857604_393253071_223524810_60295015",1098603296,67157182,468724922,1987026892,1896752490,1265916742,1711001461,88.183,5.95100000000002,6.71799999999985,2.12100000000009,2.4980000000005,478.828,1,NA,"45cb0a1bed0c","not-a-git-build","bbd3d4119dab4c61438d29ca56ae93a0","confirmatory",607.789000000001,42.9233833129304,7.87188277099156,42.1002682123216,2.36264028066544,61.9607012781174,22.2088623999559,1842.41683502876,61.9665383602338,1772.43258354941,5.58206909582288,35.9105483844394,4.51528607861219,0,0.035,0.548,0.992,14.6002733922682,42.8112313793071,12.8186465108174,36.9053565952016,44.4442079261818,8.06079031484722,43.3337899667653,1.79305970498129,63.1942230325612,21.6392818242717,1975.28761818568,64.9763404999348,1877.81735288373,3.21506310562759,37.0572746683662,4.67766982262884,0,0.054,0.611,0.993,14.6671349032451,44.1595212181194,14.3178648732321,41.6035049038354,42.5914521385425,9.53059475756758,41.7733633140027,3.04148404462448,61.6337963797985,22.8877061639149,1814.03179526975,90.8322364329747,1745.01388256366,9.25062519370526,34.4474814172949,5.65889234449331,0,0.066,0.691,0.999,15.9484259099324,52.6160866326851,19.8695257491445,58.1854812439959,44.1785084421068,10.9667968392958,41.9531419760886,2.37888510444257,61.8135750418844,22.225107223733,1951.7406081693,120.270632914389,1760.06612166584,5.65909434013872,33.7698881458251,6.26485688495351,0.056,0.257,0.545,0.986,21.2291740385887,63.1574306523163,17.2022389178771,53.0635386735326,51.1252602186809,74.0024727991483,11.8158438145463,31.5867025082126,57.7782377585867,65.9083631886256,19.0469337785196,25.4565716673094,22.8772125804674,19.7708586936664,8.13012543003886,6.40963788878985,0,1,0,1,52.632913098775,73.5365038574164,11.561243922636,32.0769249052607,59.3974277498672,66.6085470854712,17.6472976877439,25.154032077257,20.9035907586414,20.5156809826247,7.21111933560398,7.50673438951311,0,1,0,1,50.5247136593812,72.1683092001915,13.8789247066565,32.8059623734619,57.7530661560577,65.5125808810856,19.4264069643027,26.1912106013669,21.6435955408102,18.9270376668053,7.75951472502787,6.76480363706412,0,1,0,1,50.2388308421094,73.935451895037,13.065770418462,32.2438215475456,57.8430908260466,65.7663957956076,18.7104625081648,25.7633901969138,23.6966210529276,19.1780511290836,7.92330496956104,7.05292768874909,0,1,0,1
919,500,2,1,"L'Ecuyer-CMRG","10407_-26879148_1963959847_1885719022_589903017_-249367699_1990410718","10407_366722634_-1608005633_505953060_-239366715_-1095818256_2034112646",468724922,1987026892,1896752490,1265916742,1711001461,1584499686,1084036825,88.4939999999997,6.4380000000001,5.38400000000001,2.29899999999998,1.97800000000007,475.102000000001,1,NA,"45cb0a1bed0c","not-a-git-build","bbd3d4119dab4c61438d29ca56ae93a0","confirmatory",604.858,27.4543112016875,13.8758090108975,26.242019785202,-12.1774487155344,46.0035365453928,7.74691674372199,753.739203559103,192.538075706905,688.643602406933,148.290257219469,21.0107950349183,8.81281028542479,0.003,0.21,0.167,0.766,12.6103402883587,37.3586686813955,11.3389979838896,34.3967925700363,28.6393782519785,14.4216030351453,26.8590845934956,-12.7103151939184,46.6206013536864,7.21405026533791,820.213986659901,207.982634103311,721.41042520055,161.552112328754,21.1388218176349,9.13583125570282,0.019,0.284,0.175,0.761,14.1017571490043,42.2962848488764,12.0745822606395,36.0107631236343,26.987472965143,13.757659655484,25.1101379160591,-12.2485384845556,44.8716546762499,7.67582697470072,728.323697044322,189.273199196132,630.519026163508,150.02669500764,18.7987880322351,8.16341476275477,0.043,0.497,0.269,0.967,16.1557999487093,49.3416601121755,17.0636285579767,51.8804844034315,29.5815721916144,13.1415111866902,28.0117928823932,-11.2733184980779,47.773309642584,8.6510469611785,875.069413327695,172.699316269904,784.660540486094,127.087709959104,20.7491536503099,7.73028304892995,0.021,0.521,0.312,0.986,17.9895256400603,56.2635396380401,16.2538174654642,51.3375523346989,35.9405611789426,56.0600551057462,-1.15477290992507,17.6717075691421,42.5087466001992,49.5297127492127,4.63249601086609,10.6267863958138,20.1194939268037,18.8264804790672,7.02096614901343,5.99429038494774,0,0,0,0,36.3616441491377,57.3923095296152,-2.41698046828741,16.6351922402313,42.7130283297344,50.62897455544,4.2140105847934,10.290626369908,21.0306653804775,19.0521727085187,7.91594622570555,6.07661578511463,0,0,0,0,32.4529055587871,55.8223591644333,-2.06442366109332,16.1916289426367,41.1644165929879,48.7569035642751,4.37398994183347,10.913026376604,23.3694536056462,18.2560526037301,7.59248697128714,6.53903643477051,0,0,0,0,36.8518649172331,57.8295060683852,-0.572460541889248,18.6358185647768,43.5899344662686,51.9612986806929,5.26378177648483,11.8847970982552,20.9776411511521,19.2082791066661,8.37136421442428,6.62101532177039,0,0,0,0
920,500,2,1,"L'Ecuyer-CMRG","10407_1016614125_1732576340_55381658_1592055692_-382209195_-1835075673","10407_-611858654_1558723910_-1074456750_-743099303_-205237541_1174864731",1896752490,1265916742,1711001461,1584499686,1084036825,570077865,222953881,88.3379999999997,6.81099999999969,5.39000000000033,2.27999999999975,2.15700000000015,475.117,1,NA,"45cb0a1bed0c","not-a-git-build","bbd3d4119dab4c61438d29ca56ae93a0","confirmatory",604.811000000001,27.2726581819047,7.28409473125215,25.8679298177632,-0.77590246444036,45.6091817753102,18.9061758612853,743.797884307011,53.0580360538553,669.149793056723,0.602024634324624,20.4442856778912,4.17136809963224,0.05,0.249,0.484,0.986,14.2834465337636,41.7526407149181,10.6282036258776,31.8117732746137,29.1389942768144,8.23279131097144,27.4259934493783,-0.220544587948446,47.1672454069253,19.4615337377773,849.08098746422,67.7788527700069,752.185116685339,0.0486399152733497,21.0767593181515,4.72522261499515,0.042,0.398,0.393,0.984,16.792684282351,49.0725071827158,10.7693868904026,33.2455603212709,29.4148950909707,8.46138890651512,25.0127760720956,-0.454801298849858,44.7540280296426,19.2272770268758,865.236053212812,71.5951022272971,625.638966832797,0.206844221435518,19.4162651122669,4.89025319904822,0.171,0.582,0.483,0.997,20.919738166421,61.0448624990643,13.3926741074397,43.122309294627,27.4816178193437,8.61038035916854,25.5922909214685,-0.390658263694867,45.3335428790155,19.2914200620308,755.239317968471,74.1386499295554,654.965354609079,0.152613878993088,18.7509416530192,4.96209004963629,0.061,0.592,0.459,0.996,18.3813218617258,56.76891320962,12.4121782200448,42.6023675314515,35.9038111062145,55.935114650061,9.93658329994356,27.4103954288228,42.3426039551309,48.9169521710332,15.6900533676066,21.8533596784609,20.0313035438466,17.4738121288792,6.57434821590225,6.16330631085436,0,1,0,1,36.782713888085,56.7758873004616,10.8056919988516,28.4279216694262,43.6401107626763,51.0555949197789,16.5778242403578,22.5728334938397,19.9931734123766,17.6222296705746,7.41548415710255,5.99500925348198,0,1,0,1,34.617365369393,55.031303475252,10.5118668521216,28.0123713554544,41.6743724158944,47.9510329108688,16.1474081748278,22.1731594172055,20.4139381058591,17.5005045033328,6.2766604949744,6.02575124237772,0,1,0,1,35.5062730784269,55.817933938787,9.92133241095395,30.1290702509646,41.7860770040831,48.6369225552499,16.0821520750401,22.6257627480614,20.31166086036,20.2077378400106,6.85084555116679,6.54361067302129,0,1,0,1
921,500,2,1,"L'Ecuyer-CMRG","10407_1179236431_-1722587008_-200581002_-1592520451_1047560392_1373303063","10407_-771228241_-1942762907_-488730203_-510694872_364527333_1510412126",1711001461,1584499686,1084036825,570077865,222953881,1097645490,1788146069,90.192,5.19700000000012,6.6860000000006,2.18199999999979,2.87100000000009,480.822,1,NA,"45cb0a1bed0c","not-a-git-build","bbd3d4119dab4c61438d29ca56ae93a0","confirmatory",612.367999999999,37.1042666119589,7.59022630437033,36.2801807356053,-5.23612101328838,56.0412854411322,14.705526377794,1376.72660081133,57.6115353515552,1316.25151420819,27.4169632658001,30.51586928543,4.3924500563682,0,0.034,0.591,0.984,13.3382380671228,40.4516144288488,12.6451762396175,36.8550528165912,38.1561061180912,7.00757907808792,36.8278560397309,-4.57024994919262,56.5889607452579,15.3713974418898,1455.88843409503,49.1061645356556,1356.29098048315,20.8871845980951,30.8149184278147,4.13470676033167,0,0.077,0.644,0.994,13.9305595125378,42.2771747445956,13.2085453873014,39.4940971753728,39.3858552731664,9.12580389137536,38.0022200388181,-4.37124552363619,57.763324744345,15.5704018674462,1551.24559559881,83.2802966638416,1444.16872787875,19.1077874279094,29.7627493866513,5.55742227784756,0.004,0.245,0.705,1,19.2550228053327,59.8208264073991,19.7774678502669,59.2330717744315,38.6202847241231,11.1662015567,36.4431148715234,-4.5335279569988,56.2042195770503,15.4081194340836,1491.52639217233,124.68405720485,1328.10062153905,20.5528757368897,28.0151180864184,6.42764252168366,0.036,0.418,0.663,1,21.4789532725807,65.7261959084679,21.6568292926434,63.8963113273332,45.2053918627937,66.0974596960442,5.29241304639032,24.3341964547891,52.5492426385578,59.6164887637988,11.2243967978889,18.0135691082643,20.8920678332506,19.0417834083988,7.06724612524108,6.78917231037538,0,1,0,0,44.7351185218666,67.4178279597839,5.89604191253341,24.4366883483031,53.1359551061173,60.2885007660267,11.9687618824248,18.6576069986694,22.6827094379173,18.5406464357697,7.1525456599094,6.68884511624458,0,1,0,0,46.8177602594209,68.8399512001358,5.90103747364899,24.952963304279,53.4191987981018,61.5692971636451,12.1308656932556,18.8670646023973,22.0221909407149,19.05192583063,8.15009836554331,6.73619890914169,0,1,0,0,45.8010960039257,66.3974452591025,4.19437269665683,25.6297025022865,52.6546041544995,59.6046331515853,11.6908385257023,18.938851219618,20.5963492551767,21.4353298056297,6.95002899708583,7.24801269391569,0,1,0,0
922,500,2,1,"L'Ecuyer-CMRG","10407_-1277979044_-1323124392_-628464782_-1285151554_-137182523_2057227754","10407_-1099200315_-1543419731_-702650223_1344943610_508648276_-154596437",1084036825,570077865,222953881,1097645490,1788146069,1120125881,214539138,89.0200000000004,6.09499999999935,6.45100000000002,2.11299999999937,3.28800000000047,498.897,1,NA,"45cb0a1bed0c","not-a-git-build","bbd3d4119dab4c61438d29ca56ae93a0","confirmatory",629.485,46.1955739226156,5.15469628138583,45.6536291544371,-0.489447041972888,65.7829799441957,19.5583383060135,2134.03105003984,26.5708937533329,2084.25385497087,0.23955840689601,39.8173112197957,3.10312808338873,0,0,0.683,1,13.7053486542345,40.4564073431465,10.4892868751716,32.1258201562397,48.2766837505177,6.7200175043517,47.6996115882189,-0.685635911551692,67.8289623779775,19.3621494364347,2330.6381939475,45.1586352587932,2275.25294566695,0.47009660320932,40.9181813715763,3.94074127377954,0,0,0.64,1,15.7403728010891,47.4000417930328,12.5974838414458,38.0513205598039,47.5542403136361,6.47082008213455,46.848385396066,-0.347218577433278,66.9777361858246,19.7005667705531,2261.40577180705,41.8715125353558,2194.77121421833,0.120560740514789,38.2760601070641,4.01073891654613,0,0.077,0.731,1,19.7757947921927,60.0631513737879,14.6422881132608,44.5130126092682,47.2297594323122,5.81248687328321,46.3591069610486,-0.51114435704039,66.4884577508072,19.536640990946,2230.65017603408,33.7850036520896,2149.16679822594,0.261268553734234,38.7964004508419,3.6941141651017,0,0.023,0.73,0.999,17.4162008272827,52.8952994867123,13.5075731969683,42.0482548459559,54.5378446487059,75.9299588241107,10.8356487710562,28.0469574177132,61.7915310142358,69.8832434510679,16.7844740543672,22.3785133107564,21.3921141754048,17.211308646657,8.09171243683216,5.59403925638923,0,1,0,1,56.200561670998,81.2618323123784,10.4452349277351,29.0708797319473,63.4209928359149,72.4150172533893,15.9603924445486,22.5377981334448,25.0612706413804,18.6256448042122,8.99402441747438,6.57740568889625,0,1,0,1,55.780672417448,78.7267386023247,11.3428742368774,28.6482968094726,63.0191149373776,71.0415630047899,16.5555338993344,22.6014391350171,22.9460661848767,17.3054225725952,8.02244806741229,6.04590523568269,0,1,0,1,55.5154882387052,76.7109559070897,11.0970475733589,28.8992971280397,62.7933836970212,70.1847478922772,16.4987185949344,22.5459934433794,21.1954676683845,17.8022495546808,7.39136419525599,6.04727484844492,0,1,0,1
923,500,2,1,"L'Ecuyer-CMRG","10407_362306501_1456184272_-1441918725_2044699371_-1284390144_60681026","10407_854593975_1501228896_-2046375873_1559574363_-890742258_733192686",222953881,1097645490,1788146069,1120125881,214539138,1405938511,906666173,87.884,5.33399999999983,6.86399999999958,2.01500000000033,2.0010000000002,491.25,1,NA,"45cb0a1bed0c","not-a-git-build","bbd3d4119dab4c61438d29ca56ae93a0","confirmatory",620.892,31.5829762630453,7.89000319164791,30.64789311005,0.291540640653317,50.847327134323,20.4870812725586,997.484389632086,62.2521503642143,939.293352085052,0.0849959451525462,25.02872464075,4.51872785625621,0,0.102,0.434,0.996,12.8005107226847,39.9957618594572,10.7563255175652,32.3295369178062,33.9474575424546,8.1443084472601,32.2840615982496,0.863650835410279,52.4834956225226,21.0591914673156,1152.42987359676,66.3297600841123,1042.26063327958,0.745892765504874,25.8009399729205,4.64378290128449,0.004,0.207,0.461,0.995,15.6041781057651,46.7731448832993,11.3353055624955,34.3249134255107,34.5563164847843,8.75708963173213,31.7702062854206,0.0623706750232174,51.9696403096936,20.2579113069285,1194.13900899658,76.6866188181904,1009.34600741818,0.00389010110285179,23.9487006383466,5.08795152304765,0.062,0.498,0.58,1,20.6682364942121,63.2083218979001,14.8697574572137,46.2118421389921,32.3057323113042,8.30380692557934,30.8244289823644,-0.386785167807968,51.0238630066374,19.8087554640973,1043.66034016965,68.9532094572994,950.145422088826,0.149602766036238,23.148821819527,4.8370083295899,0.015,0.448,0.513,1,18.0981976564434,58.82831759442,13.5920157228178,45.5452990078131,39.8626623637386,61.7301482261319,10.3945942082063,31.1588089673579,46.8816263692663,54.9882005604616,17.0041827131378,24.0259512832179,21.8674858623934,20.7642147591516,8.10657419119532,7.0217685700801,0,1,0,1,41.7554073477143,64.8869772405642,12.1282229236859,30.7857727091888,48.5823003830785,56.2905567900431,17.8670746249079,24.3942622882328,23.13156989285,18.6575497855029,7.70825640696464,6.52718766332491,0,1,0,1,40.3581505931742,62.9922366240615,10.353750785089,30.2457578130204,48.0785631896695,56.0640217726381,16.7796090948979,23.8313555265399,22.6340860308872,19.8920070279314,7.98545858296859,7.05174643164196,0,1,0,1,40.0487985708461,62.528631361575,9.94455012760955,29.4266864622505,47.2086384261113,54.9284429514772,16.5911110060773,23.129478709785,22.4798327907289,19.4821363346409,7.71980452536594,6.53836770370766,0,1,0,1
924,500,2,1,"L'Ecuyer-CMRG","10407_-1267244182_-564455116_-2037726288_-1362654207_1941603566_-1000213129","10407_-1520339373_762699772_-907804176_-1332836517_-812952401_1500735318",1788146069,1120125881,214539138,1405938511,906666173,543861305,896814127,92.5340000000006,6.82200000000012,5.49399999999969,2.65700000000015,2.12100000000009,474.724,1,NA,"45cb0a1bed0c","not-a-git-build","bbd3d4119dab4c61438d29ca56ae93a0","confirmatory",607.075,35.3501617917975,12.7653726976384,34.3915320204063,11.5437855733064,54.3420162282611,31.34891463803,1249.63393870626,162.954740109612,1182.77747471063,133.258985362477,28.2546662157332,7.72449650073875,0,0.05,0.202,0.938,14.4790691435785,42.7968100176861,13.5159235564022,39.138385894411,36.9028708726277,14.1194664020104,35.6426727920976,13.0723676927067,55.5931569999524,32.8774967574303,1361.82187864183,199.359331477502,1270.40012376454,170.886797093321,29.1152731863412,8.71298892882939,0,0.117,0.135,0.898,15.4841701740729,45.9264940765651,14.1421797650993,40.975452344989,37.5384374087483,13.6120023224335,35.7366515588184,12.6233209410988,55.6871357666732,32.4284500058223,1409.13428309052,185.286607225936,1277.1082646364,159.348231581983,27.4172324028341,8.04240100285123,0.018,0.367,0.253,0.988,20.7191142538656,61.8105291480669,17.8967225700691,53.496560302694,37.3445049745012,14.8028837607866,36.37295721498,13.6400765562291,56.3234414228348,33.4452056209527,1394.61205179055,219.125367635361,1322.99201656277,186.05168845979,28.7219607138398,8.91313563728229,0,0.229,0.194,0.984,16.983794178163,55.3564076021549,16.658364063404,49.9262957720579,44.4939359866746,64.7046662201004,21.0581518807976,41.4275592935307,50.8008324331548,57.9619385663343,27.7124783846758,35.3394412199809,20.2107302334257,20.3694074127331,7.16110613317957,7.62696283530511,0,0,0,0,46.8814000520383,65.9962730875366,22.5845251069726,42.0731896139922,52.0823608767938,58.7848748478729,29.0987135231975,36.5573701324996,19.1148730354982,19.4886645070196,6.70251397107908,7.45865660930208,0,0,0,0,45.0695247956702,65.7797533219122,21.7294050718095,42.6568238890446,52.0095184063148,59.4601224367564,28.8725654567184,35.8388305680952,20.710228526242,20.9274188172351,7.45060403044161,6.96626511137684,0,0,0,0,46.1303074853496,66.0304461044214,22.0007547302269,44.3449559775277,52.9194791874365,59.9497794564255,29.792014856652,37.3225779454275,19.9001386190717,22.3442012473009,7.03030026898902,7.53056308877554,0,0,0,0
925,500,2,1,"L'Ecuyer-CMRG","10407_39199572_523599232_1934380629_-902049824_-773735146_97918040","10407_-1772134907_1556549759_1185403411_-1790512506_-998259519_1166025697",214539138,1405938511,906666173,543861305,896814127,914729694,2136571137,91.9650000000001,6.27400000000034,6.34400000000005,2.22900000000027,2.09400000000005,485.947,1,NA,"45cb0a1bed0c","not-a-git-build","bbd3d4119dab4c61438d29ca56ae93a0","confirmatory",619.121,32.1617986185668,7.60272397391798,30.766590310048,-1.83784117529149,50.4590309522567,17.7510416062243,1034.38129038125,57.8014118235872,946.583079306338,3.37766018559681,25.2781189853956,4.32548851206042,0,0.162,0.464,0.994,12.7169091746314,39.0531447013856,10.7732760013752,31.8291346338214,34.4261978087851,7.35823530620559,33.122077632495,-0.895254844719751,52.8145182747037,18.693627936796,1185.1630955696,54.1436268214905,1097.07202669302,0.801481236994186,27.3631644669045,4.21989613727147,0,0.099,0.521,0.997,13.4191006008239,40.9541475382435,11.8145715529245,34.7753608343099,32.6794734811045,6.63463006349058,31.1402411898314,-2.03561162509843,50.8326818320401,17.5532711564173,1067.94798700221,44.018316079373,969.714621360871,4.14371468823587,23.3160858513941,4.15374746094042,0.008,0.467,0.725,1,18.3819635866253,60.0173745209455,15.1265759992287,47.5198441608001,32.3093674432541,7.78897302817995,30.9288419366705,-1.90508701079008,50.6212825788792,17.6837957707257,1043.89522458321,60.6681008337147,956.593263543547,3.6293565186811,24.2222070395135,4.52949175719611,0.006,0.362,0.486,1,14.9052020535529,51.154089152989,12.3498894644773,42.4177715445337,39.6831356677877,60.8588454061112,8.55756520184046,26.6452873170526,47.1596626519146,54.0348497169337,14.6025054607101,20.9765157661854,21.1757097383235,18.0877221152121,6.87518706501914,6.37401030547532,0,1,0,1,43.3969792498359,62.1161969262473,9.56323103891414,28.3810068951048,49.5833202622541,56.1790878576923,15.4765271215918,22.0863741045398,18.7192176764114,18.8177758561906,6.59576759543819,6.60984698294798,0,1,0,1,39.0061118837461,62.0084063647337,8.1298714144817,26.953860010685,47.4163396741696,54.4533648209698,14.4006255799724,20.450050266169,23.0022944809876,18.8239885962033,7.0370251468002,6.04942468619658,0,1,0,1,39.5346962314728,61.407253348484,7.95178833699643,26.9440694216527,47.2038373056781,54.2054187242411,14.6143806347845,21.0141880291295,21.8725571170112,18.9922810846563,7.00158141856297,6.39980739434509,0,1,0,1
926,500,2,1,"L'Ecuyer-CMRG","10407_1398546121_-859356404_-840083588_-634505220_863408164_-69372103","10407_-1260467848_4462721_-440420960_1212239059_594475851_-1377272835",906666173,543861305,896814127,914729694,2136571137,735605372,1471828166,89.3159999999998,7.16500000000087,7.34100000000035,2.10800000000017,2.10499999999956,483.587,1,NA,"45cb0a1bed0c","not-a-git-build","bbd3d4119dab4c61438d29ca56ae93a0","confirmatory",615.791000000001,25.4752368056043,6.80300577023152,24.5598051165649,-3.09501992350797,44.4835502969331,17.0785092950819,648.987690301614,46.2808875098033,603.184027363646,9.57914832691126,19.2469046189954,3.88990779225318,0.001,0.234,0.55,0.997,12.4629814205196,38.0249676896981,10.834294363497,33.6995920760083,28.2345465647098,6.67557312046233,27.2035718038572,-1.62072257696116,47.1273169842254,18.5528066416287,797.189619714763,44.5632764866392,740.034318887616,2.62674167147164,21.6644476395119,3.94725094024738,0,0.163,0.64,0.999,13.1031148043937,39.4220460045547,12.9106279121122,37.5253790106508,27.8406810517663,7.13273933852284,26.6240812979808,-1.13944118610707,46.547826478349,19.0340880324828,775.103521426182,50.8759704713112,708.841704961493,1.29832621659708,20.7184237355749,4.29343434617341,0.001,0.321,0.614,1,12.4677289344235,44.6281005095558,13.6854408364748,45.570734692674,27.113507862049,7.35060565186919,26.0398150793461,-2.80669642933244,45.9635602597143,17.3668327892575,735.142308585395,54.0314034492913,678.071969366542,7.87754484642745,19.0136074366245,4.4562211860581,0.006,0.556,0.664,0.999,16.2990639614258,55.2399065144443,14.6707066628192,46.8535511727418,33.9038945701591,54.5773419369533,6.4685818627882,26.892233090239,41.0108720642863,48.0235632617148,13.8654560947406,20.5616916998799,20.6734473667942,20.4236512274508,7.01269119742857,6.69623560513929,0,1,0,1,34.511466443116,59.3810915936639,9.11235000258024,28.8795507846605,43.2550402829046,51.0149405628597,14.8018183586218,21.8826755120014,24.8696251505479,19.7672007820802,7.75990027995516,7.08085715337956,0,1,0,1,36.8218266955642,56.6385900529672,9.36564522436334,28.4105831260573,42.8804041466841,49.9044907142683,15.3518989639469,22.4584968292815,19.816763357403,19.0449379016939,7.02408656758418,7.10659786533459,0,1,0,1,34.2484063907643,56.1076179810959,7.25926447593542,27.8742238913285,42.3317170658668,49.6779136383298,13.4630640068371,20.9873548286306,21.8592115903316,20.6149594153931,7.34619657246298,7.52429082179351,0,1,0,1
927,500,2,1,"L'Ecuyer-CMRG","10407_-1895747465_325686914_-489268335_-1712370010_-824707938_1509668739","10407_1559314481_-199086811_587928198_-283095051_-921760436_657215432",896814127,914729694,2136571137,735605372,1471828166,635921906,243508779,90.3779999999997,5.36800000000039,6.70399999999972,1.97600000000057,2.10800000000017,491.026,1,NA,"45cb0a1bed0c","not-a-git-build","bbd3d4119dab4c61438d29ca56ae93a0","confirmatory",623.606999999999,43.1029245982036,8.80856576755037,42.3432759147457,1.36145846034527,62.2981987709089,21.3953789146293,1857.86210891842,77.5908308812602,1792.95301519228,1.85356913924572,37.5665722212031,5.12406929846226,0,0,0.348,0.917,10.7636516937695,33.4231231850097,9.57617719444148,29.4244687620772,44.574436718142,9.02616910725834,43.8389550314453,1.34873954700612,63.7938778876085,21.3826600012902,1986.88040873964,81.4717287528249,1921.85397824909,1.81909836565826,38.365176020412,5.16041814653443,0,0.002,0.396,0.951,12.3296915117401,38.3161441964614,11.0036927537929,33.7027766730277,42.0064793402973,10.1590920078179,41.0932582009069,1.86654472754293,61.0481810570702,21.900465181827,1764.54430656683,103.20715042331,1688.65586956641,3.4839892199183,33.4170344454752,5.77131959443996,0,0.101,0.507,0.985,16.8536887805161,55.1586710236222,15.2334726005568,45.3135945188469,42.4798538773073,9.68764599055288,41.6518283458041,1.56243497723542,61.6067512019674,21.5963554315195,1804.53798543738,93.8504848382753,1734.87480454833,2.44120305808865,34.7815265810266,5.5544059358842,0,0.08,0.434,0.972,13.9675177150365,49.569310685467,12.9113095471806,42.8428782406509,51.8124777997614,72.4976424103705,13.0640031189289,29.5088429624487,58.3708393422416,66.2253745283621,18.2282164992204,24.3406220260649,20.6851646106091,16.4448398435198,7.85453518612051,6.11240552684449,0,1,0,1,53.8341661725954,75.631364069682,13.9308570149866,29.4265441755423,60.3541342683326,67.0687624378918,18.562250201093,24.2500596971836,21.7971978970865,15.4956871605557,6.71462816955928,5.68780949609054,0,1,0,1,50.6251021401904,72.7856474906818,13.5265512132166,30.6559396729284,57.2059292206806,64.7416056778921,18.8433586655933,24.9137262047894,22.1605453504914,17.1293884597118,7.53567645721146,6.07036753919611,0,1,0,1,49.8981821654918,72.7561359277864,12.8622581652637,31.0237351085447,57.6425925219477,65.5725690447979,18.3706863356534,24.4752444023785,22.8579537622945,18.1614769432809,7.92997652285026,6.10455806672511,0,1,0,1
928,500,2,1,"L'Ecuyer-CMRG","10407_-901436156_-423186039_-617043112_-1239971371_-835317098_540473303","10407_1357919200_962223547_-926123213_-1749765635_-1997528759_-1621824868",2136571137,735605372,1471828166,635921906,243508779,257584688,974602891,86.2279999999992,6.996000000001,7.30299999999988,2.52800000000025,2.14899999999943,480.267,1,NA,"45cb0a1bed0c","not-a-git-build","bbd3d4119dab4c61438d29ca56ae93a0","confirmatory",611.487999999999,24.9120495491934,8.61143196612369,23.577728515952,0.254918677232187,43.523095250222,20.2076540723142,620.610212741467,74.1567605071769,555.909281971935,0.0649835320018078,18.5759303100281,4.94632233090074,0.005,0.283,0.377,0.973,12.1352115950215,36.4524906295627,10.9028124340226,33.6336442998224,27.0886793109475,9.14921793637111,25.7718029910975,2.0214302568391,45.7171697253676,21.9741656519211,733.796546811356,83.7081888472147,664.185829411944,4.08618028326458,20.5912312777329,5.17930036008603,0.002,0.198,0.48,0.963,12.2254825352319,37.0896179235562,12.317633175958,37.2264283903171,25.389854316587,10.3740866123218,24.002063853995,2.70759552268758,43.9474305882651,22.6603309177696,644.644702217509,107.621673039955,576.099069251254,7.33107351447785,18.0476098497874,5.91254983081261,0.011,0.448,0.49,0.972,13.6355010508786,46.4487971370016,14.7372023462392,45.583265654194,27.2742178113841,9.6116458152332,26.1027261663783,2.57892520851822,46.0480929006483,22.5316606036003,743.88295722282,92.3837352774899,681.352313316928,6.65085523113075,19.733890603029,5.47209761454976,0.002,0.407,0.525,0.983,13.9927093188745,48.8753844940492,14.4549850257221,45.8108192598259,32.0468096948629,54.8538859245996,11.2544961918849,28.9775388321381,40.1393751915181,46.9691743554632,17.0667947708472,23.4620000912532,22.8070762297367,17.7230426402532,6.82979916394506,6.39520532040601,0,1,0,1,35.8428222128479,55.8974996345882,11.4537341508737,31.46995472922,42.0051749716276,49.6860186884357,18.7219701688335,25.3054527759374,20.0546774217403,20.0162205783463,7.68084371680814,6.58348260710394,0,1,0,1,33.0923330738367,52.8892583740509,12.9818556728137,32.7182724351981,40.8216439284224,47.6709426233427,19.4375303895006,25.8421040431238,19.7969253002142,19.7364167623844,6.84929869492032,6.40457365362321,0,1,0,1,35.5863438887301,56.3839242666776,12.6117933625858,32.0678958331458,42.4876911895998,49.681864021163,19.337273467715,25.999489160722,20.7975803779475,19.45610247056,7.19417283156322,6.66221569300706,0,1,0,1
929,500,2,1,"L'Ecuyer-CMRG","10407_695437454_1318493769_-719806578_-366413657_-997364165_1977738270","10407_-1579101293_-1807018292_1827065633_335662295_1143967026_-1235264686",1471828166,635921906,243508779,257584688,974602891,1352066332,1316678848,87.7270000000008,6.61200000000099,5.37299999999959,3.49900000000162,2.02599999999984,500.317999999999,1,NA,"45cb0a1bed0c","not-a-git-build","bbd3d4119dab4c61438d29ca56ae93a0","confirmatory",629.254000000001,40.3355263037675,9.8418850988216,39.7059725874599,-5.67051961618436,59.3901159495754,13.9995278291757,1626.95468220192,96.8627022984066,1576.56425911611,32.1547927175316,33.930833655604,5.68161344808528,0,0.001,0.433,0.912,13.4546503968514,39.9094448631821,12.1303012467869,35.5312671157991,41.1978882347666,9.42718107737098,40.3750153198773,-4.83197225611316,60.0591586819928,14.8380751892469,1697.26599500432,88.8717430655415,1630.14186208032,23.3479558838473,34.1288261669639,5.35809429630743,0,0.012,0.462,0.953,14.3776721760859,43.5471688360439,12.5273775058366,37.2538732074986,40.5525901382763,10.4086453379125,39.4171260679299,-3.89106962030694,59.1012694300455,15.7789778250531,1644.51256692302,108.339897770448,1553.70982745508,15.1404227900756,31.8010866539845,6.04291763771007,0,0.116,0.553,0.988,17.3292047709188,54.1085002275085,16.928748118511,51.7395939355469,41.7067816154946,9.75953997815034,40.8205465940265,-3.85168310149938,60.504689956142,15.8183643438607,1739.45563272256,95.2486205851147,1666.31702423509,14.8354627143759,33.3704354321123,5.60157054804881,0,0.097,0.559,0.987,16.5935751084141,52.9780875919309,15.4322443679114,49.2079598165206,48.2490991977781,70.5803583113706,4.06484739796615,24.3867093898164,55.1815625130206,63.2342781300471,10.6580163481789,17.1488955273104,22.3312591135925,20.3218619918502,8.05271561702656,6.4908791791315,0,1,0,0,49.772932712159,71.4339090106603,4.61871749483888,23.318380097164,56.2179278748063,63.2288117489137,11.7798053293016,18.1676396974591,21.6609762985013,18.6996626023251,7.0108838741074,6.38783436815757,0,1,0,0,47.3895482951727,70.378173925404,5.07707302958571,25.7917425431126,55.3419017970614,62.538853266484,12.4300550059141,19.2450374935609,22.9886256302312,20.7146695135269,7.19695146942269,6.81498248764679,0,1,0,0,50.1324238523674,71.3894721202389,5.53163068470205,25.7957548395479,56.7975745244933,63.9716677874062,12.1078690327381,19.379883271131,21.2570482678715,20.2641241548459,7.1740932629129,7.27201423839289,0,1,0,0
930,500,2,1,"L'Ecuyer-CMRG","10407_-1377011924_-115612323_665432606_529679848_1785138076_-1988885211","10407_-1462906885_2102693989_3541363_427971670_949483535_-481878386",243508779,257584688,974602891,1352066332,1316678848,1862350505,1567432283,83.6290000000008,7.16500000000087,6.14799999999923,3.70000000000073,2.45499999999993,487.133,1,NA,"45cb0a1bed0c","not-a-git-build","bbd3d4119dab4c61438d29ca56ae93a0","confirmatory",614.648999999999,32.1107127157011,9.22045866295425,30.9000914927446,4.28762753809442,51.3129220040363,24.9545605909048,1031.09787111029,85.0168579552481,954.815654259986,18.3837499054256,25.2491567579271,5.20475823222685,0.001,0.134,0.462,0.944,13.4650827821653,39.6545472061393,10.8895214903668,33.9319287669812,34.6349170363243,10.3814073445857,33.1525126941339,6.6949508794109,53.5653432054256,27.3618839322213,1199.57747811307,107.773618454218,1099.08909793471,44.8223672777248,26.5076485761749,5.95135256551619,0.003,0.207,0.441,0.918,16.0592032171188,47.5962432233543,11.9027141517822,36.7945161738912,35.8350245615186,7.7807698530739,34.0049042030018,4.62421186563186,54.4177347142935,25.2911449184423,1284.14898532464,60.5403795065037,1156.33350985533,21.3833353782505,25.5969620908821,4.87266132363889,0.013,0.415,0.738,0.997,20.6731337628363,63.2522308491814,17.4818373219268,52.9382453566473,33.5945078481287,10.0955050643285,32.0138486546111,5.31834900703553,52.4266791659028,25.9852820598459,1128.59095755798,101.919222503883,1024.88650568034,28.2848361606358,24.1755120140405,5.76695059847185,0.018,0.425,0.541,0.973,19.0051053239655,60.0507151241599,14.3370830274887,47.4769017405004,39.9539611603957,61.9963225942582,15.8115472958008,35.3188797686859,47.1818880869521,55.3246771464637,21.2288144862938,28.4554809207738,22.0423614338625,19.5073324728851,8.14278905951163,7.22666643448,0,1,0,0,42.8372598737218,64.4181259846115,16.7398664543447,38.1249179483369,49.6761387961256,57.7342631666972,23.9693708216402,30.9985597096022,21.5808661108897,21.3850514939922,8.05812437057163,7.02918888796206,0,1,0,0,43.3352505267901,65.1363981237917,14.888389152647,35.9269790599429,50.3531904000693,58.1841776044908,22.0148553148645,28.6405723043406,21.8011475970016,21.0385899072958,7.83098720442156,6.62571698947616,0,1,0,0,40.4115633409517,64.747899917019,15.0649734767668,35.0523008060785,47.9637736157346,56.7652782987465,22.6143736358868,29.5552289756571,24.3363365760673,19.9873273293118,8.80150468301186,6.94085533977031,0,1,0,0
931,500,2,1,"L'Ecuyer-CMRG","10407_1436433964_-21471147_938926677_-177661950_118750939_-763782170","10407_100180708_1191783025_894762526_-1385714492_-1800401360_1621063587",974602891,1352066332,1316678848,1862350505,1567432283,1399900042,1600693401,84.8500000000004,6.81500000000051,5.32799999999952,3.44400000000132,2.01499999999942,488.566999999999,1,NA,"45cb0a1bed0c","not-a-git-build","bbd3d4119dab4c61438d29ca56ae93a0","confirmatory",614.483,32.0438142948101,8.80736880189773,30.5666724510941,-0.452501870588993,50.4767081054814,19.6510752212805,1026.80603456027,77.5697452126415,934.321464732477,0.204757942886538,24.4376048781097,5.09509846542331,0.003,0.22,0.341,0.937,14.4219247813618,44.146266874761,9.82618004395529,31.0383628559616,33.3429660612721,8.5870755517932,31.4440269595318,-0.334086347663323,51.3540626139191,19.7694907442061,1111.75338576314,73.7378665322045,988.726831431761,0.111613687695019,24.5944176408536,4.95961851267716,0.014,0.287,0.381,0.942,16.8700403132411,49.9781490264891,10.1766442829564,31.3091652170506,35.5047520906636,8.48024408894163,30.6379059788948,-0.164780756767627,50.5479416332821,19.9387963351018,1260.58742101948,71.9145398080294,938.681282771597,0.0271526978009118,23.0857419686536,4.85716314750055,0.161,0.608,0.433,0.992,24.6792075592402,71.3625744188166,11.606226418133,37.8048396979448,35.9433165725799,9.36012792225507,31.5024271522169,0.896089116373567,51.4124628066042,20.999666208243,1291.9220062367,87.6119947209791,992.402916480732,0.80297570448316,23.188980603846,5.53364756155404,0.14,0.622,0.582,0.997,26.2557135197953,73.430713245465,16.8359712421179,52.8602099299805,39.6193315683449,61.0595168597069,10.8045377283889,29.2842921234813,47.33310638875,54.2473270397397,16.2522636562134,22.7962554241196,21.440185291362,18.4797543950924,6.91422065098966,6.54399176790617,0,1,0,1,40.2337909992489,61.3839083857134,11.3055215465629,29.209284389653,47.8010212923285,55.2046749132958,16.5541619727558,22.8457435019831,21.1501173864645,17.9037628430901,7.4036536209673,6.2915815292273,0,1,0,1,39.3307778807319,62.1629896267248,10.8453110772099,29.4752110146739,46.7746420208595,54.5566902091238,16.7887706086065,23.188790674125,22.8322117459929,18.629899937464,7.78204818826428,6.40002006551854,0,1,0,1,39.2441802768968,62.4945414890226,11.0313047439201,31.2649449984993,47.8903333741548,55.268957012313,17.3793571303719,24.4414859826905,23.2503612121258,20.2336402545792,7.37862363815816,7.06212885231865,0,1,0,1
932,500,2,1,"L'Ecuyer-CMRG","10407_-269584671_-483709254_-1838088773_-202597135_730845856_-249635850","10407_1340526826_-1862403927_-124407329_213650019_-510741112_1863354708",1316678848,1862350505,1567432283,1399900042,1600693401,90053472,461937841,84.9609999999993,7.90999999999985,7.53199999999924,2.52800000000025,2.56499999999869,495.147999999999,1,NA,"45cb0a1bed0c","not-a-git-build","bbd3d4119dab4c61438d29ca56ae93a0","confirmatory",626.225,39.4182392755435,7.91817215747891,38.8862708373494,6.32127637641637,58.8955251025826,26.2096501252119,1553.797587584,62.6974503154743,1512.14205963569,39.9585350270397,33.1237521300244,4.6373938299055,0,0.001,0.492,0.998,13.3223144964848,40.3802809694644,13.1042424248018,38.6926575993902,40.3324119465657,9.90194187014723,39.6830979346438,7.74978400533798,59.6923521998769,27.6381577541335,1626.70345342747,98.0484527997748,1574.74826169053,60.0591521293924,34.093722904151,5.79576326337469,0,0.002,0.457,0.995,12.9396017735062,39.0281379149894,15.0679376531789,43.711841297868,40.4145929831801,10.1087393757465,39.7829306533832,6.81414894739057,59.7921849186164,26.7025226961861,1633.33932599611,102.186611766767,1582.6815713719,46.4326258772241,33.052561682884,6.15120143856751,0,0.022,0.651,0.996,14.5465880211356,48.002951186539,20.942121943575,61.431540247752,41.0529731976879,10.0739304161554,40.1876982135076,6.06481801153435,60.1969524787408,25.9531917603299,1685.34660837008,101.484074029542,1615.05108769996,36.7820175130315,31.8373098130556,6.01245020075045,0,0.231,0.652,0.997,19.411430036332,60.0353064084786,20.4418568600952,59.1800793037967,47.445843222134,70.5987155526108,17.0627940856231,34.5517611171037,54.3780130277067,63.099771679357,23.2513789532496,29.3416388421779,23.1528723304768,17.4889670314806,8.72175865165036,6.09025988892826,0,1,0,0,50.1187034037358,70.2638716867888,18.9095800742588,35.9252570881728,56.3107855860852,63.0668167182556,24.8338526207481,30.4985122541106,20.145168283053,17.015677013914,6.75603113217039,5.66465963336253,0,1,0,0,49.2085884244796,70.9230557365109,16.8544261959859,35.7308341226316,56.0844727945501,63.0926942864288,23.4445914001454,30.0897945114892,21.7144673120312,18.8764079266457,7.0082214918787,6.64520311134374,0,1,0,0,48.8412738982136,71.4019120697031,15.102043329439,35.2320680153579,56.5528485265529,64.0260442816026,22.4747977508003,29.4268584782498,22.5606381714895,20.1300246859189,7.47319575504968,6.95206072744943,0,1,0,0
933,500,2,1,"L'Ecuyer-CMRG","10407_-178232255_-222623420_77576133_-1945561848_-540261448_-505230039","10407_1046788894_-1568224229_-1134205116_713665381_182504842_-1559734353",1567432283,1399900042,1600693401,90053472,461937841,481690222,1824897113,85.7819999999992,5.66299999999865,5.97400000000016,1.99599999999919,2.02999999999884,501.271000000001,1,NA,"45cb0a1bed0c","not-a-git-build","bbd3d4119dab4c61438d29ca56ae93a0","confirmatory",628.433000000001,32.8016443311433,8.53313125762881,32.0980608986336,-3.30048586433771,52.2032034676376,16.928469617472,1075.94787082682,72.8143290599218,1030.28551345239,10.893206940693,26.2674788334346,4.8119817658734,0,0.056,0.477,0.937,13.6343231543225,40.7353058412557,11.2942428001091,33.0471950771845,32.9930336770294,8.43114384261998,32.1835135932657,-2.46074398522124,52.2886561622697,17.7682114965885,1088.5402712136,71.0841864949489,1035.77854720792,6.05526096080252,25.9579355984047,4.79206822054666,0,0.122,0.521,0.98,14.7189098984869,43.667073664903,12.4621776070847,37.0444860399678,32.4794857408269,10.4841708536794,31.4365225720915,-3.11183490574695,51.5416651410955,17.1171205760628,1054.91699398858,109.917838489141,988.254951425616,9.68351648062515,23.1258742108223,6.08152815419013,0.004,0.513,0.589,0.973,19.9826353645842,63.415169718169,16.9739382525087,52.4566059330294,33.232298594587,7.88462135753225,32.5810913812196,-2.35110168609602,52.6862339502236,17.8778537957137,1104.38566987979,62.1672539516537,1061.52751559138,5.52767913836354,24.7273769796843,4.60192421449411,0,0.326,0.693,0.997,18.1900419169603,57.3334773617993,14.9287939266395,48.7596340840335,41.3209763913586,63.3427135153985,7.19371608273545,27.573997133272,48.2223236242991,55.8459411406687,13.4817383222737,20.1956785050171,22.0217371240399,20.3802810505366,7.62361751636961,6.71394018274342,0,1,0,0,40.3923343533913,63.9483974590361,6.36445169373737,28.7520387704964,48.075936290377,56.4570891544581,13.752984105077,22.0736853308519,23.5560631056447,22.387587076759,8.38115286408107,8.32070122577495,0,1,0,1,40.5617707209377,62.5725760600042,5.74618008623392,28.2537928339353,47.5805515098729,55.2191567518649,13.1538274756757,20.8504041937483,22.0108053390665,22.5076127477014,7.63860524199196,7.69657671807259,0,1,0,1,39.9413523917521,64.4484592326358,6.71086864403182,29.4154714046264,48.9010995398405,56.4906274223777,14.0591261104479,21.5540049411578,24.5071068408837,22.7046027605946,7.58952788253723,7.49487883070982,0,1,0,1
934,500,2,1,"L'Ecuyer-CMRG","10407_1046423852_1163331432_-1034562938_2085137752_-2080100620_-2015801578","10407_-1124791628_1281416857_-1732308352_-537940976_-1085104297_-759654424",1600693401,90053472,461937841,481690222,1824897113,1795764839,1773623852,86.3870000000006,7.5010000000002,7.16599999999926,2.59000000000015,2.49099999999999,494.83,1,NA,"45cb0a1bed0c","not-a-git-build","bbd3d4119dab4c61438d29ca56ae93a0","confirmatory",626.482,34.5822075859057,8.38898396395486,33.8442790516733,1.45353127656695,54.247472079992,21.809943878253,1195.92908151467,70.3750519474917,1145.43522452753,2.11275317195833,28.5008633311037,4.8540929041143,0,0.025,0.39,0.935,12.2679138872584,36.9001739850492,9.97711028330447,30.1015567084209,35.3495536163444,9.01921114470178,34.615090734087,2.4913009084193,55.0182837624058,22.8477135101053,1249.59094087481,81.3461696727128,1198.20450652908,6.20658021629082,28.461621075468,5.16751363407179,0,0.031,0.407,0.95,14.2877992106279,42.8216730055829,11.0165262131711,34.5514656530235,36.6111614560889,8.97748355492068,35.6093494003358,2.2058195273958,56.0125424286546,22.5622321290818,1340.37714316381,80.5952109788712,1268.0257647152,4.86563978744063,27.8071723502903,5.27253574620735,0,0.215,0.591,0.991,17.8619489214131,56.4229088899911,15.8239040344417,50.6776007739824,35.0994206390735,9.37270906261053,33.9464016392224,1.29317414276463,54.3495946675411,21.6495867444507,1231.96932919862,87.8476751723415,1152.3581842514,1.67229936351505,26.6106331984147,5.40976962587275,0.001,0.244,0.457,0.996,16.1077336121367,54.2723401866869,13.6107837142097,44.3880326908258,43.9366336927238,64.2344898290672,12.6273213634703,30.6558255071636,50.8662766081578,57.8158980153688,18.6532556656473,25.1467092430439,20.2978561363434,18.0285041436933,6.94962140721102,6.49345357739657,0,1,0,1,43.4285865016576,65.8461638662304,13.7221810849463,32.1645466987036,51.202038338231,59.0333106551538,19.7884688619136,26.0817393169715,22.4175773645728,18.4423656137572,7.83127231692277,6.29327045505789,0,1,0,1,45.9841899377003,66.5986190842076,13.2358313615109,32.593171589525,52.286279404437,59.1580751285035,18.8332085759983,26.3700138447804,20.6144291465073,19.357340228014,6.87179572406652,7.53680526878212,0,1,0,1,43.155162174998,66.0772049512504,10.1117851144324,32.2618801857855,50.5024731400003,58.0761877932733,18.1730537459378,25.3855556443698,22.9220427762524,22.1500950713532,7.57371465327302,7.21250189843196,0,1,0,1
935,500,2,1,"L'Ecuyer-CMRG","10407_2143817811_-1951679022_-1041128929_-1941104816_-178358426_-930388541","10407_-187071735_1783185336_-185058188_-1165793342_1716724760_-419497990",461937841,481690222,1824897113,1795764839,1773623852,1317452499,183084842,86.0259999999998,5.57499999999891,7.29200000000128,2.13299999999981,2.08799999999974,493.217000000001,1,NA,"45cb0a1bed0c","not-a-git-build","bbd3d4119dab4c61438d29ca56ae93a0","confirmatory",622.529999999999,29.6629305345695,6.89443980630373,28.5006504124815,-0.236770064922627,48.7434042655373,20.1451965149293,879.889447898693,47.5333002427454,812.287073934481,0.0560600636434651,23.3863595221549,3.96212370930285,0,0.123,0.493,1,11.8116119990861,36.4206796599494,11.17649190619,33.2178207122143,30.938162624967,7.01783285192911,29.6788428024651,1.18364021053302,49.9215966555209,21.565606790385,957.169906608907,49.2499779376154,880.833710093434,1.40100414799065,23.9024635803084,4.11105989232394,0,0.189,0.57,1,13.3230934443799,41.5383227043175,12.7817981997856,39.5893904750994,30.1780205833685,7.18488234656653,28.8975573951776,0.94190895442825,49.1403112482334,21.3238755342802,910.712926330216,51.6225343340034,835.068823407583,0.887192478432119,22.9708750938921,4.52319583233343,0,0.254,0.737,1,12.5227619792695,43.9146561774797,16.5354064293022,52.4122688149677,31.776776315889,7.63046180644217,30.6265299998449,1.62853912786686,50.8692838529007,22.0105057077188,1009.76351303005,58.2239473795726,937.9843398314,2.65213969099336,24.4638693738719,4.49431991934096,0,0.221,0.546,1,13.0874906846131,44.8916157630009,13.3870165566223,44.647859390993,37.3193803477746,59.0032725418129,9.39059225089299,30.434911513579,44.9258191175699,52.3862870042,16.8390290338847,23.5390315612331,21.6838921940382,21.044319262686,7.46046788663009,6.70000252734834,0,1,0,1,38.8167428589979,60.9447872195852,10.5831456155422,34.3549858941303,46.0301822009429,53.4525167056642,17.5221169281191,25.3471365946828,22.1280443605873,23.771840278588,7.42233450472125,7.82501966656373,0,1,0,1,39.4561984678438,58.7831786054749,10.9535362076137,30.3379551397925,45.7003731567075,52.5075463555944,18.116395142656,24.6090721476899,19.3269801376311,19.3844189321788,6.80717319888683,6.49267700503385,0,1,0,1,40.3961021382105,61.7876824981124,11.9434626401843,32.0193536214999,47.1156160525582,54.662027021069,18.5218621357653,25.1339029119872,21.3915803599019,20.0758909813157,7.54641096851088,6.61204077622197,0,1,0,1
936,500,2,1,"L'Ecuyer-CMRG","10407_395292249_925410943_356558798_1763355513_-1975500766_-1888599403","10407_228681659_-853535858_-1372218707_-657535188_-732289186_718258807",1824897113,1795764839,1773623852,1317452499,183084842,1704985806,1453620074,85.1849999999995,7.68500000000131,6.98500000000058,2.5729999999985,2.47400000000016,491.521999999999,1,NA,"45cb0a1bed0c","not-a-git-build","bbd3d4119dab4c61438d29ca56ae93a0","confirmatory",622.668,28.3634484066292,8.55818421978881,27.3087352672826,-1.97671810056117,47.3270943145266,18.099822449167,804.485205515518,73.2425171398421,745.767021898523,3.90741444908617,21.97825488677,4.92698692189237,0,0.162,0.349,0.972,12.3080795054883,38.1630213527817,9.87720976825366,29.8750534472258,30.3923173757804,8.69150275990257,29.1401150730845,-1.18740751093799,49.1584741203284,18.8891330387902,923.692955470165,75.5422202253939,849.146306472604,1.40993659703195,22.894008550017,5.00685124690509,0.004,0.215,0.348,0.994,15.1720590570609,44.5882467598957,10.4340789136872,32.9319568189628,30.9801247708574,8.8858757606816,28.6753604694782,-1.11639783195356,48.6937195167222,18.9601427177746,959.768130817894,78.9587880342687,822.276298054515,1.24634411919062,21.0003428677945,5.10303150262886,0.05,0.567,0.405,0.988,20.5774347861633,61.7643629817955,11.6585006723998,40.5797393518599,30.6694503232784,9.46800510318461,29.0820838143435,-1.09600737457676,49.1004428615875,18.9805331751514,940.615183132043,89.6431206339299,845.767598984503,1.20123216512664,21.7858345814852,5.47102670190439,0.026,0.451,0.412,0.992,17.4002310057167,58.5685672581269,12.7648975311624,43.5442368136507,37.5877020290439,58.0298259679448,9.13278654628768,27.7859403816398,43.9693415339451,50.5635811543047,14.4777416835218,21.3614775640387,20.4421239389009,18.6531538353521,6.59423962035964,6.88373588051681,0,1,0,1,38.5904290076077,59.8594730515668,9.85632924476309,28.019261837464,44.8703358638261,53.6610116431089,15.2732911405136,22.2909271848695,21.2690440439591,18.1629325927009,8.79067577928281,7.01763604435587,0,1,0,1,37.7531099651246,60.1254855568308,9.9202938461494,28.1111850873114,44.7315990076702,52.2806676652507,15.4619620274612,22.394527428624,22.3723755917062,18.190891241162,7.54906865758048,6.93256540116286,0,1,0,1,37.4179883159456,60.3633422839256,9.29786009817164,28.4744155279781,45.3067835566775,53.092115639683,15.6487870270536,22.1608741794751,22.94535396798,19.1765554298065,7.78533208300549,6.5120871524215,0,1,0,1
937,500,2,1,"L'Ecuyer-CMRG","10407_-933741035_-1746543328_-149188871_-793692231_-1233137578_486091334","10407_-1936802927_-1129161061_803063818_-421432372_1597982847_2042794369",1773623852,1317452499,183084842,1704985806,1453620074,1365797076,1132303762,85.0450000000001,6.78000000000065,5.13299999999981,3.14700000000084,2.03399999999965,502.057000000001,1,NA,"45cb0a1bed0c","not-a-git-build","bbd3d4119dab4c61438d29ca56ae93a0","confirmatory",627.945,26.7181239813625,10.2768630402954,25.3480383703549,4.20053584666312,45.5903024645845,24.4213295781656,713.85814908346,105.613913948989,642.523049224985,17.6445013991019,19.7756942829984,5.94540994498731,0.007,0.349,0.363,0.908,13.4142062954166,41.7418303908484,11.0142242414051,33.5646740832246,29.068288545643,12.8780039954899,27.8587656913451,7.19851048767577,48.1010297855746,27.4193042191783,844.96539897276,165.842986907853,776.110825845267,51.818553241178,22.314621125359,7.47633166427938,0.002,0.227,0.36,0.85,12.7623444293031,40.2944965072432,12.5936783053454,37.2739108958729,27.0858683745614,13.4397369947576,25.4248977306453,6.06403714458344,45.6671618248749,26.284830876086,733.644265604064,180.626530488257,646.425424613775,36.7725464908877,18.7897412659819,7.67472606658893,0.035,0.532,0.415,0.911,17.0112822342074,53.6473842012371,15.4237494969626,47.4960984004106,28.1218062974651,11.9353977438342,25.8428262967295,5.90342540090043,46.085090390959,26.1242191324029,790.83598943215,142.453719303521,667.851671002934,34.8504314639965,19.0670625719051,6.87028442849543,0.118,0.558,0.456,0.921,19.9273365992609,62.1174573688611,15.2754143283567,48.0259833103308,34.6431834305236,56.0982525246671,15.8224051059247,33.5633069384466,41.8182200887141,49.4308060698406,20.9690987606653,27.4959971747404,21.4550690941435,17.7409018325219,7.61258598112645,6.52689841407509,0,1,0,0,37.9843417703611,57.5782441297219,17.7040090678672,37.4541640992212,44.7708491546327,51.614565898279,23.7704752150559,30.930561983514,19.5939023593608,19.7501550313541,6.84371674364628,7.16008676845813,0,1,0,0,33.9092694232089,56.1058956224721,16.8049661299167,35.1105288857634,41.7889032587217,49.7576654953195,23.2882347525351,29.6011462928413,22.1966261992633,18.3055627558467,7.96876223659776,6.31291154030624,0,1,0,0,34.8108170220418,56.8509931417862,16.8428483305595,35.2233150772682,42.3705656374638,49.614024701018,22.9059176855095,29.2521986163949,22.0401761197444,18.3804667467088,7.24345906355424,6.34628093088539,0,1,0,0
938,500,2,1,"L'Ecuyer-CMRG","10407_-1706710048_-1176177683_-613740231_1078313046_-427974608_12734956","10407_1919694662_-1771682326_-717831150_-1496063160_1074460693_1928731908",183084842,1704985806,1453620074,1365797076,1132303762,1955771462,916712309,85.241,7.53099999999904,6.29600000000028,3.41200000000026,2.4890000000014,502.352999999999,1,NA,"45cb0a1bed0c","not-a-git-build","bbd3d4119dab4c61438d29ca56ae93a0","confirmatory",632.82,32.5302784064008,7.29746821313975,31.4496963054636,-5.09776769153477,51.1717403923076,14.7804547313701,1058.21901319794,53.2530423217851,989.083397705893,25.9872354368557,25.314076352578,4.22541660276423,0.002,0.164,0.54,0.999,14.6296652939233,43.4797646060339,12.2614056907093,36.4910208845468,35.4770872218612,6.56559288525203,34.3907030811634,-3.45621219703848,54.1127471680074,16.4220102258664,1258.62371774755,43.1070099348721,1182.72045841674,11.9454027509576,27.7085248330774,3.84954793074108,0,0.127,0.588,1,16.0732196981434,46.8667865492004,11.9979912885974,35.5060410751412,38.0658675919565,9.7031431606947,35.0103678302251,-5.37494705389615,54.7324119170692,14.5032753690087,1449.01027552836,94.1509871969364,1225.72585560766,28.8900558321869,27.3481514663842,5.75765414728975,0.065,0.395,0.656,0.994,20.4591968932799,61.682289538607,18.7234246784264,56.0914359843544,35.2510146649642,9.08304139124614,33.4746232198487,-4.20911726044128,53.1966673066927,15.6691051624636,1242.63403490952,82.5016409150906,1120.55039971083,17.7166681121447,25.4270015739292,5.30358503920142,0.011,0.406,0.589,0.999,19.6712449139801,60.8921914660854,16.2476990248392,50.7905962616339,40.5804540125891,62.249144675037,5.72967133949207,24.3331184231903,47.4034548788566,54.8367655949902,11.1808597559593,18.1899981932213,21.6686906624479,18.6034470836982,7.43331071613359,7.00913843726206,0,1,0,0,41.7311238433637,66.6790724336332,8.37786355530074,26.6856918139899,49.8688606718491,58.5388118951449,13.3385774153227,19.2701830423726,24.9479485902695,18.3078282586892,8.66995122329583,5.9316056270499,0,1,0,0,42.3408726686761,67.3109931985427,5.08484169108342,23.7740291390044,50.26832372885,59.4793638713868,11.5753282049882,17.3486586580374,24.9701205298665,18.689187447921,9.21104014253675,5.77333045304917,0,1,0,0,42.0807067522069,65.1403041282743,6.72896831638364,26.5786037426067,49.1797477780034,57.0701435244103,12.5395917448992,18.6587847898592,23.0595973760674,19.8496354262231,7.89039574640687,6.11919304495999,0,1,0,0
939,500,2,1,"L'Ecuyer-CMRG","10407_-1630343613_-2060533102_-1601280954_2020297033_-257513332_725772505","10407_1014776347_1228695852_-258100393_1752503126_-1861950614_1288480691",1453620074,1365797076,1132303762,1955771462,916712309,1870826438,16710303,85.3060000000005,6.96299999999974,5.28799999999865,2.75700000000143,2.05799999999908,498.076000000001,1,NA,"45cb0a1bed0c","not-a-git-build","bbd3d4119dab4c61438d29ca56ae93a0","confirmatory",624.608,38.4435609221473,7.3576240258183,37.7869908200585,-4.42282699736479,57.8648471532477,15.5816698238691,1477.90737637485,54.1346313052987,1427.85667523519,19.5613986486189,32.0636217767966,4.30958912388662,0,0.004,0.524,0.98,13.0291367915618,39.9173324930886,12.0368039660909,35.6967142110547,39.2021094494377,7.78712407589736,38.3344664363472,-4.26141116570395,58.4123227695364,15.7430856555299,1536.8053852857,60.6393013734203,1469.53131695943,18.1596251231863,32.5624710589996,4.5540730112589,0,0.014,0.512,0.986,13.71225459743,39.8559185261821,12.8640214430506,38.3465397238457,40.448078348401,9.20506821423601,39.4336544815812,-4.14599574997701,59.5115108147704,15.8585010712568,1636.04704207838,84.7332808287382,1555.01310577273,17.1892807588275,31.3319399941216,5.60925828091935,0,0.185,0.622,0.994,18.0759430196511,58.7286372770263,17.2226450411642,52.6031305054038,40.5704964435651,9.686455864834,39.8824937782418,-4.03420177347739,59.960350111431,15.9702950477565,1645.96518167732,93.8274272213771,1590.6133099715,16.2747839491281,31.4863930815826,5.76987897517246,0,0.137,0.587,0.992,18.6068484026876,60.1585441716264,16.5524905067903,52.1985563255261,47.4232458664727,69.5932168292751,6.44217916028984,24.6780492561921,53.7929529781349,61.9076478517462,12.2545952123435,18.5905659201478,22.1699709628024,18.2358700959023,8.11469487361136,6.33597070780426,0,1,0,0,47.6215435098597,69.7199283700355,7.3970956223128,23.5187098044567,54.3688336194334,62.0714429896171,13.033674599549,18.7197586669739,22.0983848601758,16.1216141821439,7.70260937018364,5.68608406742496,0,1,0,0,48.5617023083825,69.9821655364706,7.2110386070388,25.6262040582904,55.4653758580324,63.3852310934514,12.4471339820059,19.0822197473723,21.420463228088,18.4151654512516,7.91985523541896,6.63508576536639,0,1,0,0,48.6975719639449,71.7692744450407,5.40719055630819,25.9298038997299,56.2094416380376,63.736234127356,12.5724945679237,19.6532186554122,23.0717024810958,20.5226133434217,7.52679248931847,7.08072408748846,0,1,0,0
940,500,2,1,"L'Ecuyer-CMRG","10407_-61488358_1220826986_850576210_-518396971_1646677753_744909714","10407_-1640090028_667426806_-167134847_907965619_-1678105792_2111884448",1132303762,1955771462,916712309,1870826438,16710303,985313735,119890069,85.2990000000009,6.36599999999999,7.59399999999914,2.61700000000019,3.35000000000036,489.445,1,NA,"45cb0a1bed0c","not-a-git-build","bbd3d4119dab4c61438d29ca56ae93a0","confirmatory",619.620999999999,34.2824126355899,7.26514944521234,33.2860254779408,-1.63072180743679,53.2007934729732,18.2764198743506,1175.28381611685,52.7823964612692,1107.95949211812,2.65925361324991,27.6759129135035,4.20584461893706,0,0.064,0.557,0.992,13.0226791897838,39.2511432510865,12.3915469291888,35.8221659523383,35.7735889755076,7.79856515079904,34.7891546586373,-0.389068418276249,54.7039226536697,19.5180732635112,1279.74966818856,60.8176184112573,1210.28528186258,0.151374234099982,28.9066219071679,4.50614419952304,0,0.066,0.564,0.991,13.6261608795675,41.194268444708,13.2712341316636,39.469789733716,35.1995150324516,9.414634329843,33.9112556476485,-0.937547371904149,53.826023642681,18.9695943098833,1239.00585851979,88.6353395646584,1149.97325960018,0.878995074564376,26.870417403777,5.42072137583373,0.01,0.284,0.664,0.999,16.3628459457981,52.6339607960093,17.8117748298053,53.1860107984469,35.9261024555042,9.63867322749236,34.8967908198654,-1.22794522491942,54.8115588148978,18.679196456868,1290.68483764338,92.904021586378,1217.78600952544,1.5078494754024,27.3034458104861,5.50707881497427,0.004,0.283,0.553,0.996,17.1903696889832,55.6707884218154,16.5693223873059,49.2389683415329,42.5852297475115,63.0435581639845,9.61331163378883,28.2785773627511,49.0191803475905,57.3556143489392,14.9575764521664,21.232355137877,20.458328416473,18.6652657289623,8.33643400134875,6.2747786857106,0,1,0,1,44.5530902954923,65.5135688515605,10.0917921964543,27.7937770932459,50.8753901567632,58.7056420325235,16.6742517161555,22.6817148891261,20.9604785560682,17.7019848967916,7.83025187576037,6.0074631729706,0,1,0,1,44.191289155751,65.0966245052571,11.1673621748495,26.8454984740994,50.102991846067,57.4106213519856,15.8556253408631,22.0759500600667,20.9053353495061,15.6781362992499,7.30762950591863,6.22032471920367,0,1,0,1,43.796374381545,66.1269357911739,8.89529505523353,27.3230917633677,50.8081608828091,58.8232871842456,15.6628677086508,21.8053539595728,22.3305614096289,18.4277967081342,8.01512630143655,6.14248625092194,0,1,0,1
941,500,2,1,"L'Ecuyer-CMRG","10407_-2115604608_2074412924_1672427460_406085234_-1683775274_1621462340","10407_-787930564_817228328_2119536391_-1239607640_-1975142248_-887806405",916712309,1870826438,16710303,985313735,119890069,183290844,1937471790,86.7039999999997,6.83699999999953,5.46899999999914,2.48400000000038,1.99699999999939,499.285,1,NA,"45cb0a1bed0c","not-a-git-build","bbd3d4119dab4c61438d29ca56ae93a0","confirmatory",627.468999999999,30.604461110287,8.46389122008249,29.4961564440117,-4.61621819097193,49.6116968111187,15.4706507051117,936.633039851072,71.6374545853895,870.023244969612,21.3094703866601,24.4758161740318,4.80553413289952,0.001,0.14,0.422,0.974,11.0363884340435,36.3710613952787,10.5715608505544,31.6622056437645,29.5988799216995,7.71418129262012,28.407690513357,-3.88169502703502,48.523230880464,16.2051738690486,876.093692619186,59.5085930154102,806.996880302675,15.0675562829084,23.1979956127702,4.3884259217712,0.003,0.18,0.53,0.997,12.1656060183804,37.1615817095848,11.8134174675185,35.1799343449156,29.8902069035837,7.04675296566466,28.5674192884668,-4.27994561673998,48.6829596555738,15.8069232793436,893.42446873904,49.6567273591036,816.097444803063,18.3179344822518,21.9959635712384,4.6139336141736,0.007,0.365,0.791,1,14.8970117775403,50.0535346214596,18.234008408288,53.9829166001032,30.8847501884036,7.27039944851796,28.1965709244973,-3.74553303092778,48.3121112916043,16.3413358651558,953.867794200095,52.8587081410103,795.046611900209,14.0290176857711,21.9902532102908,4.56274867129403,0.12,0.454,0.729,1,18.4111246239667,53.8851819176268,16.5789129847976,52.6478836555407,39.8156697331641,60.0004795342766,6.75198551828165,25.166958444403,46.1276716254096,52.7820759820929,12.0394927439038,18.6582171035271,20.1848098011125,18.4149729261214,6.65440435668324,6.61872435962335,0,1,0,0,38.8840775418681,59.6031644641312,6.99596160180346,25.2581252046487,44.6204842077952,52.0982587416136,13.0124745492775,19.4080793111482,20.7190869222631,18.2621636028453,7.47777453381839,6.39560476187068,0,1,0,0,38.8039263465617,58.2019275531724,5.96512544911545,24.9643922143497,44.9227374371217,52.4138370559258,12.5858300720294,19.0115072714821,19.3980012066106,18.9992667652343,7.49109961880407,6.42567719945268,0,1,0,0,38.5321217647159,57.7600752016579,6.76837136425632,26.561616406589,44.6291494007775,52.1626698918226,13.4583459866687,19.1727881052001,19.227953436942,19.7932450423327,7.53352049104511,5.71444211853149,0,1,0,0
942,500,2,1,"L'Ecuyer-CMRG","10407_-1336547785_30519095_-207595810_-848130638_2036302891_-427554043","10407_-1615448593_-459040497_-1754107191_-594236985_-1559839774_-38939083",16710303,985313735,119890069,183290844,1937471790,463109314,1514007270,85.8059999999987,6.60200000000077,6.42500000000109,2.86299999999937,2.52800000000025,496.344999999999,1,NA,"45cb0a1bed0c","not-a-git-build","bbd3d4119dab4c61438d29ca56ae93a0","confirmatory",625.984,41.4993156407654,7.78890398132681,40.950646293251,3.234868736852,60.6381590765155,22.9011236758957,1722.19319865188,60.6670252303286,1676.95543183495,10.4643757446624,35.1231900958302,4.46210562225513,0,0,0.457,0.975,13.3711071575929,40.8817226104458,11.0237489888884,32.1101552410272,44.0280381711122,7.14359012165502,43.4613410854958,3.05662468795452,63.1488538687603,22.7228796269982,1938.46814519691,51.0308798262072,1888.88816894981,9.34295448301305,36.759342743597,4.13021888206287,0,0.001,0.568,0.999,15.6192977864543,46.4681344225758,12.5430758530315,36.8075650779253,43.5183754738618,9.26804460554367,42.5853581898372,4.31394185286914,62.2728709731016,23.9801967919128,1893.84900388401,85.8966508103471,1813.51273215673,18.610094309936,33.5238213484275,5.31229516662231,0,0.157,0.514,0.996,21.1999411376907,64.193589965262,13.6686385627329,44.5525508212818,43.3772123733697,8.44105428623093,42.20225542349,2.78446788482798,61.8897682067544,22.4507228238717,1881.58255328442,71.2513974630975,1781.03036282949,7.75326140163842,32.9064071929533,5.04474547323665,0,0.169,0.673,1,21.6810813711589,66.0293740388088,16.9084810769727,54.2409152796386,50.9106254972936,70.9656366045884,13.2305440389976,32.133260946897,56.9240275301461,63.989741589405,19.7655186077947,26.236949076921,20.0550111072949,18.9027169078995,7.06571405925888,6.47143046912629,0,1,0,0,51.6318094835807,74.9896874348617,13.7806768880625,32.6162731158174,59.3928370249101,67.0400438068672,19.4329645981942,25.8719121509929,23.357877951281,18.8355962277549,7.64720678195709,6.43894755279869,0,1,0,1,52.3597788029969,73.5403408027166,14.9540530517418,33.0415402989792,58.3462008398936,65.6382419165237,20.7698596567555,27.3432913298781,21.1805619997197,18.0874872472374,7.29204107663007,6.57343167312256,0,1,0,0,51.3729195707911,73.7812854658864,13.3773036269863,31.2785856206485,57.9403708031762,65.9107894798304,19.1407448299832,25.4769845952287,22.4083658950953,17.9012819936623,7.97041867665412,6.33623976524549,0,1,0,1
943,500,2,1,"L'Ecuyer-CMRG","10407_1812430025_33883650_555064330_-547156771_1977889827_-2136239613","10407_1300142104_1841953985_-40939931_-1237961797_69885603_2126755095",119890069,183290844,1937471790,463109314,1514007270,1779954435,2046006720,88.2670000000016,6.35400000000118,6.61599999999999,2.03100000000086,1.97999999999956,494.782999999999,1,NA,"45cb0a1bed0c","not-a-git-build","bbd3d4119dab4c61438d29ca56ae93a0","confirmatory",624.793000000001,39.6368082640216,5.50429793495195,38.7623632668277,-3.239358491284,58.6291107983515,16.9066521615664,1571.07656935881,30.2972957567163,1502.52080602951,10.4934434350538,33.1860989066456,3.38092443144481,0,0.021,0.737,1,13.2416164383634,38.6841531044614,12.5799259763301,35.3052006089183,42.808875089344,5.83317490611189,41.9544657891589,-3.06076835247676,61.8212133206827,17.0852423003737,1832.59978641506,34.0259294852935,1760.1771996537,9.3683029075233,35.8403550723928,3.64652416762134,0,0.01,0.76,1,14.390425700597,42.4091475607064,13.8662638588244,39.8192806634838,42.2681608023732,8.73963959253338,41.2594469560539,-3.49907666739928,61.1261944875778,16.6469339854512,1786.59741761528,76.3813002073771,1702.34196311943,12.243537524338,33.6970977016203,5.45610404359739,0,0.075,0.707,1,17.1858515433787,53.2736201423334,19.4329992857601,57.9522942495889,41.0519177175597,7.11020820900914,40.425092205241,-4.041010997282,60.2918397367648,16.1049996555684,1685.2599482893,50.555060775461,1634.18807980224,16.3297698801541,33.5918540826832,4.57200548466505,0,0.035,0.738,1,14.9270564883177,48.3751046739507,17.0366305255698,51.8019895540117,48.0967373823937,69.1547162651346,7.84161349702251,26.6664579837683,55.221047624753,62.1771571065507,13.4728975537818,20.2872357904457,21.0579788827409,18.8248444867458,6.9561094817977,6.81433823666396,0,1,0,1,50.306044454375,72.6920759794414,6.88555823764511,26.0288616334038,57.9891136542613,65.603955209761,14.0053932181598,20.2410314557357,22.3860315250664,19.1433033957587,7.61484155549974,6.23563823757589,0,1,0,1,49.7026112103948,71.853974070965,6.36217512235971,25.2209056602627,57.711349143614,65.028650601148,13.0299769419922,20.1083787147535,22.1513628605703,18.858730537903,7.31730145753397,7.07840177276129,0,1,0,0,49.1815207837275,70.4186575801495,5.49862786115373,26.9111781100067,56.7349274238061,64.034818597952,12.8738653461792,19.3305295588828,21.237136796422,21.4125502488529,7.29989117414586,6.45666421270355,0,1,0,0
944,500,2,1,"L'Ecuyer-CMRG","10407_-543758303_-1220236290_-722817251_1160769237_1465540254_406082537","10407_-1298277744_629386590_285544291_-25064738_-582709414_1096479914",1937471790,463109314,1514007270,1779954435,2046006720,782933053,730854126,85.9570000000003,6.41500000000087,6.92300000000068,2.56299999999828,2.53199999999924,486.081,1,NA,"45cb0a1bed0c","not-a-git-build","bbd3d4119dab4c61438d29ca56ae93a0","confirmatory",615.450999999999,35.5432771485216,9.42770137573933,34.842250958008,4.24422373554865,55.0822814036755,24.5375923958326,1263.32455045662,88.8815532301172,1213.98245182081,18.0134351173945,29.097303532485,5.38061083273135,0,0.019,0.417,0.936,13.2869093564527,40.0392718018786,10.8768876914483,34.2853921575164,34.5775277505763,10.0800921998735,33.7523072847055,4.63993286030195,53.992337730373,24.9333015205859,1195.60542534188,101.60825875795,1139.21824704118,21.5289769481098,27.3143217039446,5.79856417396196,0,0.096,0.407,0.883,15.3701927729903,45.0931942071947,11.3390177549943,34.4711900622087,35.3806861850808,10.5385893863641,34.2932354157172,4.01318081374317,54.5332658613848,24.3065494740271,1251.79295492717,111.061866254387,1176.0259952778,16.1056202437963,26.3215419277781,5.98126114743151,0.004,0.34,0.521,0.982,19.2520668881656,57.6486295592262,15.392248718557,50.1916210971826,37.4358189570382,9.67280636017961,36.5701784292291,4.77954929323339,56.8102088748967,25.0729179535173,1401.44054098414,93.5631828815311,1337.37795034566,22.8440914464478,29.4111796082868,5.5504572632611,0,0.152,0.513,0.988,15.6824295478444,51.8216285841335,13.9271295212487,46.1098366154503,44.7558888817576,65.5247941903148,14.0794958713642,33.4666231729913,51.4121547855433,58.471433122548,21.3155447601144,27.7807396119629,20.7689053085572,19.3871273016271,7.05927833700467,6.46519485184849,0,1,0,0,42.6631377340051,64.72882900368,15.9825483436714,33.3604497536305,50.2804770775371,57.7957972153771,21.8158386194969,28.0054621008928,22.0656912696749,17.3779014099591,7.51532013783996,6.18962348139592,0,1,0,0,43.8067950954069,64.6538669670042,15.322965778163,34.3926572504657,50.4741237485414,58.1068181505545,21.1661165189644,27.5062261296531,20.8470718715973,19.0696914723027,7.63269440201317,6.34010961068863,0,1,0,0,44.2418079359196,69.5684091278164,14.8587113540675,34.7975735284153,52.7139367789633,60.6694083208929,21.6113889724508,28.7113418963096,25.3266011918967,19.9388621743478,7.95547154192958,7.0999529238588,0,1,0,0
945,500,2,1,"L'Ecuyer-CMRG","10407_-669009076_867640014_-273174521_1478484058_1366466770_2039697041","10407_346644557_1681213149_-855532048_524581143_655523668_-1440389034",1514007270,1779954435,2046006720,782933053,730854126,880716096,1635418056,85.2860000000001,6.20600000000013,5.32099999999991,2.00699999999961,2.22400000000016,490.884,1,NA,"45cb0a1bed0c","not-a-git-build","bbd3d4119dab4c61438d29ca56ae93a0","confirmatory",617.038999999999,31.2169115498278,9.45613837876877,30.2060772537993,-3.61217658688254,50.0972977194123,16.3410253396417,974.495566709775,89.4185530384237,912.407103062492,13.0478196948224,25.052861413467,5.4317152470949,0,0.088,0.368,0.918,11.9564121004802,35.9796263174444,10.5254680492897,32.9373860359882,33.542315613006,8.54409061564835,32.5904546926746,-0.816586401252593,52.4816751582877,19.1366155252717,1125.08693668251,73.0014844484102,1062.13773707528,0.666813350710661,26.4373368078527,4.87091754383031,0,0.089,0.45,0.993,14.6255213314847,43.1125196217695,11.8264414218129,36.4553215592424,32.7460022437896,10.4149276480695,31.428779575672,-1.43799461024354,51.320000041285,18.5152073162808,1072.30066295027,108.470717914523,987.768185616174,2.06782849908946,24.0957489663945,5.99653672945265,0.006,0.329,0.554,0.981,16.7842752840649,54.8243022800183,16.4636128441559,51.2914445633736,32.1461502840778,9.74811085890634,31.0410889921528,-2.98994770050919,50.9323094577659,16.9632542260151,1033.37497808651,95.0256653175277,963.549205818752,8.9397872517802,24.6660637693295,5.56301233779238,0,0.192,0.464,0.954,13.6810847406882,46.8591369166999,12.9176426004136,42.2310903365566,38.7156743213305,61.5341534165841,7.11174576132087,26.6805017130114,46.0927072535227,54.3097528670073,12.8765717775377,19.5867111053167,22.8184790952536,19.5687559516905,8.21704561348457,6.71013932777902,0,1,0,0,40.5016961895727,63.919481840854,9.85403971469443,29.8454634686127,48.3894842481918,57.2899648099695,15.8422821790932,22.3236600495217,23.4177856512813,19.9914237539183,8.90048056177771,6.48137787042849,0,1,0,1,40.2319039670218,63.529630625553,8.24785252705651,28.6244875896679,47.4105940076084,55.6425135480811,14.8463261672307,21.99860556088,23.2977266585312,20.3766350626113,8.23191954047266,7.15227939364921,0,1,0,1,38.7282085348666,61.4939209293023,6.16713367313241,26.3797483651105,46.9955226291092,54.9740340095628,13.5783101602707,20.2911189395183,22.7657123944357,20.2126146919781,7.97851138045363,6.71280877924763,0,1,0,1
946,500,2,1,"L'Ecuyer-CMRG","10407_-1420911865_-1483396232_-596982924_1642228365_1614542047_1737213543","10407_-1693435025_1748195200_986468812_-189764385_-1034943523_-1502848832",2046006720,782933053,730854126,880716096,1635418056,1275818415,79057147,84.9420000000009,7.38600000000042,6.20999999999913,3.57200000000012,2.49399999999878,491.215,1,NA,"45cb0a1bed0c","not-a-git-build","bbd3d4119dab4c61438d29ca56ae93a0","confirmatory",621.203,31.7612601091574,9.58802007142355,30.8899661530289,5.01203230294639,50.7392501599289,24.7907429190963,1008.77764372155,91.9301288900209,954.190008935273,25.1204678057781,25.1391580341986,5.48975001412244,0,0.058,0.363,0.952,13.3361650423843,40.4925391837927,11.1346496156498,34.2050905862244,33.6984273360668,10.625169430497,32.3164799011376,6.16568230571046,52.1657639080376,25.9443929218604,1135.58400492417,112.894225426767,1044.35487320063,38.015638294951,25.9047982899875,6.07940275560888,0,0.134,0.386,0.95,15.169491697761,45.111085695115,12.197753544201,37.3020609920158,33.9509218170999,10.6291337232275,31.5772590225035,5.41537691975481,51.4265430294035,25.1940875359047,1152.66509223083,112.978483706251,997.123287374281,29.3263071830131,23.4652528003328,6.07449528429181,0.003,0.44,0.481,0.988,20.118222537046,60.3105991875317,14.9542927117854,50.487642695725,31.0035981278203,11.3444918603529,29.6629678368712,5.61456682117305,49.5122518437711,25.393277437323,961.223096871382,128.697495569614,879.891660891255,31.5233605894173,21.7915551344647,6.50595843564944,0.006,0.468,0.448,0.974,18.2721850378191,60.9190220990223,14.9887485638468,49.9008555913886,39.6287730012343,62.1734134356709,14.9326591925352,35.3870782473902,46.6923904533752,54.7342423577622,21.4598031227266,28.1668812782968,22.5446404344366,20.4544190548551,8.04185190438699,6.70707815557013,0,1,0,0,40.9790960794167,63.1990863198607,14.8343850964179,34.5609645318886,48.3132216052384,56.0298958702931,22.7375559003871,29.5499289258065,22.219990240444,19.7265794354707,7.71667426505467,6.8123730254194,0,1,0,0,41.0817306285693,62.4828198840806,15.5243249264368,35.1277940351892,47.675150938587,54.9662765484951,22.0458085544087,28.5349928881191,21.4010892555113,19.6034691087523,7.29112560990815,6.48918433371045,0,1,0,0,38.40215831585,60.1894985656139,15.4872995288255,35.7834655355974,45.6229376681234,53.5579643102329,21.6904531409186,29.1199540432647,21.7873402497639,20.2961660067719,7.9350266421095,7.42950090234612,0,1,0,0
947,500,2,1,"L'Ecuyer-CMRG","10407_2052689588_-253376235_-1768194932_-445825016_121786325_1197221034","10407_1286771650_-488129356_746697904_807744809_-1273769975_-831144950",730854126,880716096,1635418056,1275818415,79057147,1123608740,1048286064,85.4330000000009,6.73800000000119,5.36800000000039,2.17399999999907,2,483.584999999999,1,NA,"45cb0a1bed0c","not-a-git-build","bbd3d4119dab4c61438d29ca56ae93a0","confirmatory",610.526000000002,37.2823600423195,7.74328176199138,36.3826831018535,0.152787278350271,56.7640326581694,20.5882662803351,1389.97437032514,59.9584124455884,1323.6996296899,0.0233439524256831,30.6969793139552,4.42185394657372,0,0.031,0.491,0.989,13.2477470181616,39.8276947210367,11.2887242050694,34.4725898880306,38.3823099181087,8.083167531949,37.3108836078953,1.11139504377791,57.6922331642112,21.5468740457628,1473.20171464974,65.3375973495545,1392.10203560191,1.2351989433341,31.2095653988597,4.61380735138785,0,0.051,0.521,0.992,14.1668505544247,42.8927701502882,12.2934585593865,36.5799874034816,38.5565427484253,10.7094002208339,36.8262832398868,1.45820571767832,57.2076327962027,21.8936847196632,1486.60698871115,114.691253089997,1356.17513726437,2.12636391506975,28.489333834295,6.23943987073771,0.008,0.327,0.506,0.999,19.9441620134367,61.7084113324047,17.4735104353766,52.8626387559487,38.677165821264,8.46587755438561,37.1720285011263,1.32442387291139,57.5533780574422,21.7599028748962,1495.92315596555,71.6710827658501,1381.75970288855,1.7540985951376,29.0502122642952,5.04024059102659,0.006,0.275,0.62,1,18.7252366858697,59.7236659695159,15.7902611108149,50.7164251447679,46.5435772095899,66.6713251550026,11.5343647598022,28.4843808662005,52.6954943200972,60.9742231084572,17.4862810491708,23.722999924246,20.1277479454127,16.9500161063983,8.27872878836,6.23671887507513,0,1,0,1,47.5523109902602,69.9418441053679,12.250958758887,30.9301107616568,53.9287598932664,61.4140209106381,18.1559554179513,24.7338252474115,22.3895331151078,18.6791520027698,7.48526101737168,6.57786982946021,0,1,0,1,46.5912709533151,67.5581615857177,12.7050832748413,31.5310176572381,53.6026734181531,60.9795431565631,18.7370281056746,24.8449638596013,20.9668906324026,18.8259343823968,7.37686973840998,6.1079357539267,0,1,0,1,47.1319511220089,68.1984254682838,12.2751905229651,31.0908972597064,53.8704704609981,61.1273637857231,18.3650853567657,25.2244713326445,21.0664743462749,18.8157067367413,7.25689332472498,6.85938597587879,0,1,0,1
948,500,2,1,"L'Ecuyer-CMRG","10407_1325582026_-1724016987_394244467_-1944696327_373595749_1192949597","10407_333431372_-424663385_1866251225_738042374_-1332668564_793509983",1635418056,1275818415,79057147,1123608740,1048286064,332462469,263714784,86.1010000000006,6.10000000000036,7.46299999999974,2.47899999999936,3.85999999999876,485.296999999999,1,NA,"45cb0a1bed0c","not-a-git-build","bbd3d4119dab4c61438d29ca56ae93a0","confirmatory",615.698,37.0198136074645,7.45169235690239,36.1595371266765,1.38599733429693,56.0546549415676,21.3333656448687,1370.46659953141,55.5277189819175,1307.51212521549,1.9209886106782,30.6576803377889,4.2221969471564,0,0.029,0.499,0.973,12.396021511946,38.6869272656928,10.2556002815236,31.6214181929944,39.007495959314,7.17357931273868,38.1258196744493,1.39949183903989,58.0209374893404,21.3468601496117,1521.5847410159,51.4602401561524,1453.57812584862,1.95857740753925,32.3039482590967,4.13162879107807,0,0.021,0.577,0.994,12.9822588801664,41.1697361600664,11.9420769922271,36.2701801277119,38.7711896745553,6.36629762836421,37.5253234516562,1.94134134167175,57.4204412665474,21.8887096522435,1503.20514878034,40.5297454929158,1408.14990015142,3.76880620488388,29.3697375908541,4.10379115308011,0.005,0.259,0.779,1,18.3637421821732,60.2025082796448,14.8968231972309,47.5771167861658,38.6654511900431,8.55179382064663,37.5433632469944,1.56974279939455,57.4384810618855,21.5171111099663,1495.01711572961,73.1331775508498,1409.50412389577,2.46409245625103,29.8100647356619,5.00685580795303,0,0.166,0.577,0.993,17.6879428179045,55.4083580741397,14.2434484365552,45.7331516573592,45.4640406943904,66.6256171816992,12.7421539796967,29.5134502988305,52.1705914495038,60.0842873882233,18.4034291278148,24.4195363965585,21.1615764873088,16.7712963191338,7.91369593871951,6.0161072687437,0,1,0,1,45.7655803969746,67.8124298892124,12.1441080272614,30.2674220219676,54.7001385368812,61.9984231072967,18.1672385121098,24.560637125498,22.0468494922378,18.1233139947062,7.29828457041546,6.39339861338824,0,1,0,1,47.0066718179067,68.4825114081031,12.6506898584288,30.0218230049896,53.5127813738497,61.0962699298327,18.9203844028278,25.335529547922,21.4758395901964,17.3711331465607,7.58348855598299,6.41514514509424,0,1,0,1,45.9688214616308,68.6335978921456,11.0727058283229,30.3623686943074,53.3547261522367,61.4376931465509,18.5329739368048,24.7366191689695,22.6647764305148,19.2896628659845,8.0829669943142,6.20364523216467,0,1,0,1
949,500,2,1,"L'Ecuyer-CMRG","10407_-1517465503_663550890_-298771561_-1741135976_-1390245765_153731152","10407_-632942107_-1727709072_-1718871171_-1345871697_470767628_-419474990",79057147,1123608740,1048286064,332462469,263714784,1094546514,353832789,87.6380000000008,6.92100000000028,5.42100000000028,2.27100000000064,1.98700000000099,478.545,1,NA,"45cb0a1bed0c","not-a-git-build","bbd3d4119dab4c61438d29ca56ae93a0","confirmatory",608.213,41.557333365546,7.75644837118218,41.0990090917975,2.10267744917077,61.1144399135295,22.2047068844846,1727.01195645512,60.1624913348146,1689.12854832765,4.4212524552513,35.1299127223429,4.43973044386487,0,0.002,0.403,0.954,13.7348916855566,41.6896356989445,9.84901463179092,29.2894890494171,43.4743773636814,9.31139122099546,42.9757608425981,3.88668806148828,62.9911916643302,23.9887174968021,1890.02148715978,86.7020064704313,1846.91602000019,15.1063440873155,36.6002380384522,5.37769304500346,0,0,0.386,0.903,14.8488533742237,44.3256490051994,10.1664599431961,30.2716032491523,44.2180861300031,9.31363337298611,43.5941739043499,3.66785888273149,63.609604726082,23.7698883180453,1955.23914100037,86.7437666064006,1900.4519984027,13.4531887836323,35.1764409111701,5.32013937971724,0,0.096,0.419,0.976,18.0544539869431,60.351405776181,11.6542353136313,38.9089441659515,44.6244902089879,6.96078500055181,43.832527799833,3.14853644366599,63.847958621565,23.2505658789798,1991.34512641206,48.4525278239071,1921.29049332313,9.91328173709285,36.1273599529434,4.07854157277104,0,0.133,0.563,0.999,16.9249745666797,55.2728126029038,11.9859548618324,40.2669101107515,51.3425845919955,71.0556961508928,13.6431224497627,30.9718364136638,57.728383184361,64.6145256825134,19.434582631752,25.2254423399205,19.7131115588973,17.3287139639011,6.88614249815241,5.79085970816848,0,1,0,1,54.1049934431685,73.8729632222931,15.8857456782184,31.3639327832621,59.5873932179617,66.0217754959633,21.2975822787681,27.0157722361323,19.7679697791246,15.4781871050437,6.43438227800157,5.71818995736422,0,1,0,0,52.950404777701,73.7512336971487,14.6393971080497,32.6903830874917,59.9968817981545,67.4873554701171,20.9884462860615,26.6814251655409,20.8008289194477,18.050985979442,7.49047367196261,5.69297887947939,0,1,0,0,54.1325120527583,73.9732541492452,14.478425981415,31.75016312521,59.9735385910273,67.4122356172777,20.0955907792013,26.2562768799549,19.8407420964869,17.271737143795,7.43869702625037,6.16068610075353,0,1,0,1
950,500,2,1,"L'Ecuyer-CMRG","10407_1095372372_1406920166_-2142917666_-1286050059_1404653609_-804294743","10407_342108492_-724500643_232975943_217765852_-464708076_-450866702",1048286064,332462469,263714784,1094546514,353832789,1570172545,437892893,88.4490000000005,7.44800000000032,6.35800000000017,3.59100000000035,2.16300000000047,498.473,1,NA,"45cb0a1bed0c","not-a-git-build","bbd3d4119dab4c61438d29ca56ae93a0","confirmatory",629.589,34.7631638591541,9.33237185199211,33.8595468133293,4.07047427544163,53.3248465515656,23.4694331283599,1208.4775614984,87.0931643838546,1146.46891040404,16.5687608270321,28.293104284297,5.47818534941738,0,0.057,0.315,0.878,12.4214661078783,39.586999797757,9.39449985240253,28.9774205381379,33.0676789581807,9.78000447825215,32.1105262573814,4.68380233290985,51.5758259956177,24.0827611858281,1093.47139168131,95.648487594632,1031.08589652598,21.9380042937717,26.1088628056221,5.6318158705959,0,0.104,0.37,0.93,14.1413930137874,41.9864887969454,10.8120993106241,34.2376097968521,35.1292557590682,10.1864139734177,33.2980912720542,4.89045180862855,52.7633910102905,24.2894106615468,1234.06461018603,103.76302963784,1108.76288236205,23.9165188925182,25.2138787890053,5.81828871383957,0.001,0.349,0.431,0.97,19.2460068073202,59.1021804919634,12.5135409188478,42.2562831988128,37.0296104299372,11.4094198159514,34.5973750310833,5.81245553331573,54.0626747693196,25.211414386234,1371.19204859291,130.174860536625,1196.97835904143,33.7846393267726,26.500220107227,6.37718808929578,0.004,0.336,0.459,0.977,19.57467272977,59.2871821594745,14.817510741259,44.2327852684814,42.201188301095,65.5115418268352,15.8825289900899,31.7172017219683,49.4903230269086,57.1195521825012,20.7754845912986,26.2298064389892,23.3103535257402,15.8346727318784,7.6292291555926,5.45432184769063,0,1,0,0,41.2878001860165,61.7777052156072,14.6610905094913,32.6808092639067,48.0435258157467,55.0916742746036,21.4201961276805,27.0833905301662,20.4899050295907,18.0197187544155,7.04814845885691,5.66319440248566,0,1,0,0,41.889657756024,62.5998356778108,15.832528119036,33.3767330313929,48.9862802376209,57.0882004117931,21.5193588597482,27.0893401712102,20.7101779217869,17.544204912357,8.10192017417216,5.56998131146205,0,1,0,0,43.2138660560095,65.3563494910186,16.3131560229056,34.4993920101409,50.2655734117162,57.9684534431598,22.0567971108525,28.2711042241441,22.1424834350091,18.1862359872353,7.70288003144363,6.21430711329161,0,1,0,0
951,500,2,1,"L'Ecuyer-CMRG","10407_1882708468_346960723_874883336_-1066591015_-1924372155_-1395207576","10407_-2045610496_-570566000_602874766_416622994_1361195778_163650541",263714784,1094546514,353832789,1570172545,437892893,1595526104,450308835,88.021999999999,6.4330000000009,5.40099999999984,2.03299999999945,2.02499999999964,487.615000000002,1,NA,"45cb0a1bed0c","not-a-git-build","bbd3d4119dab4c61438d29ca56ae93a0","confirmatory",616.768,37.7435612814128,9.2989483840446,36.9964453754274,3.83356083009516,57.4682027094804,24.1983106872191,1424.57641820376,86.4704410491257,1368.73697041699,14.6961886380399,31.741962694227,5.37398074252527,0,0.001,0.358,0.931,11.8735872879597,36.9127807650213,9.85575265175796,30.5278169102979,37.963669715729,9.47193681416693,37.344537972787,3.31615980859655,57.8162953068399,23.6809096657205,1441.24021828496,89.7175870115707,1394.61451640093,10.9969158761511,31.3989432458018,5.48087490805096,0,0.006,0.378,0.921,13.6256860290909,41.4958957647514,10.9340724220179,32.6779598703072,38.0454759241359,9.2338798642673,37.3572108189563,3.72733359194039,57.8289681530092,24.0920834490643,1447.45823829401,85.2645373477211,1395.56120017194,13.8930157056072,29.5404277413111,5.30176759476935,0,0.14,0.455,0.984,17.7366628908408,55.5726805778707,12.3101874371479,42.3696541595353,38.6426650473712,9.61742273025026,37.9431257908748,3.969491649035,58.4148831249277,24.3342415061589,1493.25556196332,92.4948199723343,1439.68079478215,15.7568639517586,30.7963049229852,5.51557866221332,0,0.109,0.438,0.977,14.4270369120914,51.9819024414067,11.8989748875268,43.1107267694304,47.1692085869563,68.81095650644,14.839340400197,34.4409435520891,53.4797564619374,61.614846251915,20.7340471298043,27.2748420484865,21.6417479194837,19.6016031518921,8.13508978997755,6.54079491868222,0,1,0,0,46.8794611328992,67.4668696558256,14.3883122899913,33.4029000476745,54.4353239268565,61.6298609266691,20.6029363093122,27.1144745299575,20.5874085229264,19.0145877576832,7.19453699981259,6.51153822064527,0,1,0,0,45.4791460812949,69.3801987552193,14.7400684943914,33.4249347520446,54.1118969536609,61.6522550659267,20.811547921045,27.330674698127,23.9010526739244,18.6848662576532,7.54035811226583,6.51912677708195,0,1,0,0,46.7278160992087,69.1443948506957,14.0249173140837,35.4797778246345,54.6448461619599,62.5601165298759,20.695600091705,27.8675382189194,22.416578751487,21.4548605105508,7.91527036791597,7.17193812721438,0,1,0,0
952,500,2,1,"L'Ecuyer-CMRG","10407_1626300699_1610497725_918399885_-824245157_-262441638_-11132992","10407_-2049483754_-260061735_-1493929440_-2018111595_-215197157_1425370339",353832789,1570172545,437892893,1595526104,450308835,70401179,1137651422,90.262999999999,7.1299999999992,7.01900000000023,2.14599999999882,2.11599999999999,500.003000000002,1,NA,"45cb0a1bed0c","not-a-git-build","bbd3d4119dab4c61438d29ca56ae93a0","confirmatory",634.215999999999,37.8009644986769,14.2195515314369,36.833775331751,-10.3224907660093,57.1527391941209,10.0154691543928,1428.91291703023,202.195645755191,1356.72700518991,106.553815614347,30.8370360834553,8.82782377759604,0,0.035,0.275,0.648,13.9941837263305,41.7483699727564,10.2474596027312,31.5721712269162,38.6418237023424,14.3391733426118,37.9159376462804,-10.4103605906206,58.2349015086503,9.92759932978146,1493.19053904291,205.611892149468,1437.61832759662,108.375607626747,31.8789895454895,8.69845837538308,0,0.011,0.313,0.706,13.9124929493388,42.0155601481337,11.7399073859236,34.6789968402125,39.7689110922038,14.137252120755,39.0035864066467,-9.61222017869993,59.3225502690166,10.7257397417021,1581.56628945961,199.861897525792,1521.27975258076,92.3947767638061,30.3300810395299,8.17479292227826,0,0.234,0.373,0.911,20.021997655208,62.5301188522986,14.7382545010365,48.4856478887852,40.2567221250925,15.1814816094026,39.3736039016957,-10.5905844151333,59.6925677640655,9.74737550526875,1620.60367625691,230.477383856628,1550.28068420762,112.160478254065,31.2998316279564,8.95324049188726,0,0.105,0.33,0.834,19.094908809139,56.4023851445369,14.7941475906655,46.3217731942779,45.2814514449264,68.2032372847107,1.25506151269207,18.0034432576338,53.6094785676027,60.7898756457417,7.1474890215597,13.0760095609632,22.9217858397843,16.7483817449418,7.18039707813901,5.92852053940346,0,0,0,0,47.6657716441547,69.114285168832,-0.421705387414957,20.8492907168235,54.202998039729,61.9419137532629,6.71185917495493,13.2216534264954,21.4485135246773,21.2709961042385,7.73891571353388,6.50979425154047,0,1,0,0,48.5861362104554,70.063611765732,1.16245598078251,20.1725268184693,55.6983530150922,62.9465259194524,7.63716727717863,13.9092527884653,21.4774755552766,19.0100708376867,7.24817290436016,6.27208551128663,0,0,0,0,47.4807878933092,72.6127391934149,0.32652575546148,19.4470917428917,54.8189672922447,63.9741510287926,6.42821790513087,13.0573391003769,25.1319513001057,19.1205659874302,9.15518373654786,6.62912119524602,0,0,0,0
953,500,2,1,"L'Ecuyer-CMRG","10407_-1454013052_1448161697_651249784_-689671089_1142284570_-997510447","10407_-782431806_1413640234_373477849_-864069120_-2002928986_-972294211",437892893,1595526104,450308835,70401179,1137651422,1396582238,1146818395,90.7049999999999,5.92900000000009,6.67699999999968,1.98799999999937,2.01100000000042,498.439999999999,1,NA,"45cb0a1bed0c","not-a-git-build","bbd3d4119dab4c61438d29ca56ae93a0","confirmatory",630.849999999999,36.3704658372047,9.07394952869627,35.7236211208139,-4.02803091817872,56.1925241702056,16.2420423976986,1322.81078521528,82.3365600493272,1276.17710598346,16.2250330778037,29.9102663995801,5.21425956322304,0,0.032,0.407,0.952,13.7466105211705,40.4284227866653,10.691717051296,33.5877840983773,38.8028962732868,9.18969303161208,38.2174653272191,-3.0187609417896,58.6863683766107,17.2513123740877,1505.66475919546,84.4504580152597,1460.57465603719,9.11291762367442,32.3534322358907,5.2689915969861,0,0.015,0.386,0.987,13.4059963657691,40.8847279315006,11.5504087273288,35.789368749657,36.9381260956268,8.74648118275039,36.1469114590488,-3.50686271409599,56.6158145084405,16.7632106017813,1364.42515945643,76.5009330802067,1306.59920802832,12.2980860955167,28.3562309233879,5.11847581385181,0,0.27,0.528,1,18.0814575566584,56.135136000529,15.0177253529937,47.1835980620902,37.1013227028641,8.64743912185883,36.4709047819551,-3.77510763348783,56.9398078313467,16.4949656823895,1376.50814630206,74.7782033662547,1330.12689561443,14.2514376444181,29.3291321705695,4.97371690971094,0,0.208,0.448,1,14.8044079162551,52.5662314492386,11.7780997417874,42.1591669064248,45.1481374387934,65.6667559934521,6.07487326308975,25.5471848760707,52.6599037308552,60.1321090724456,13.0900508628882,19.5665026852515,20.5186185546587,19.4723116129809,7.47220534159035,6.4764518223633,0,1,0,0,49.0863319151483,68.4914800996201,8.24496860002258,26.6048966382133,55.3993932185406,62.5337931977274,14.1936833273266,20.5089259481853,19.4051481844718,18.3599280381907,7.13439997918675,6.31524262085869,0,1,0,1,45.5678199823607,67.2403493262829,6.36447935593059,27.5435657376329,53.1284086732004,60.1461538585673,12.8483879565087,20.6596263388721,21.6725293439221,21.1790863817023,7.01774518536699,7.81123838236335,0,1,0,1,47.2770968223857,67.8587165039406,6.57308052544718,25.8583178715016,53.5407221952368,60.1110315179108,13.2906957177593,19.4639307348196,20.5816196815549,19.2852373460544,6.57030932267405,6.17323501706023,0,1,0,0
954,500,2,1,"L'Ecuyer-CMRG","10407_1227071005_-151446705_-2134326694_2139301787_-354846416_-1835000652","10407_-1503415092_-2011764772_304597628_831563360_-1251465610_-2099098053",450308835,70401179,1137651422,1396582238,1146818395,243893137,560041478,93.007999999998,6.68700000000172,5.39300000000003,2.14199999999983,2.32700000000114,498.969000000001,1,NA,"45cb0a1bed0c","not-a-git-build","bbd3d4119dab4c61438d29ca56ae93a0","confirmatory",633.553,37.147545582891,9.13550670492995,36.3617910084963,-1.28943432456415,56.6945875891065,19.2092176225588,1379.94014283296,83.4574827558201,1322.17984534556,1.66264087736421,31.1707476455782,5.35528878650833,0,0.01,0.336,0.89,11.9569381585145,36.1069617606553,9.64158268620591,29.0135672714117,39.3298853810689,9.16149961218068,38.4724548589366,0.238790451369216,58.8052514395469,20.7374423984921,1546.83988408801,83.9330751439868,1480.12978287292,0.0570208796651137,32.6421237509468,5.27398750483115,0,0.008,0.394,0.955,13.7336365722523,40.5546715096548,10.8936420143719,33.9029580027926,40.6582840613552,9.88498661078285,39.4835363602813,-0.210358532816482,59.8163329408916,20.2882934143064,1653.09606281385,97.7129602953562,1558.94964351365,0.0442507123287029,31.8462944195448,5.71865761518358,0.008,0.17,0.515,0.994,17.9823935081144,55.828581203954,15.4445519262613,51.1289690033031,39.4994118875609,9.31555661334641,38.4738653756051,-0.381644849929703,58.8066619562153,20.1170070971932,1560.20353946319,86.779595016462,1480.23831694018,0.145652791477866,30.9546626752394,5.37725090646239,0,0.164,0.444,0.995,16.4725836441193,54.3609856652811,12.8347147290113,44.1878553570685,46.7748843574397,66.0103406104378,10.2321478324787,27.8864804144289,53.4323913813828,60.0243823099224,16.04016843607,22.0428081577709,19.2354562529981,17.6543325819502,6.59199092853967,6.00263972170092,0,1,0,1,48.2447029669932,68.6911298667736,11.1884108601423,31.303812377268,54.9462414347977,62.5435985613603,17.5619953101557,23.6558282775608,20.4464268997803,20.1154015171257,7.59735712656256,6.0938329674051,0,1,0,1,49.4428321168965,70.3452562005924,10.6504087891823,29.7642371029925,56.1787407869479,63.5353660552093,16.8092826803952,23.8138306622779,20.902424083696,19.1138283138102,7.35662526826139,7.00454798188276,0,1,0,1,47.2319210522909,71.1412462995507,10.7308676479208,29.6682384871348,54.5008359858267,62.5650012343362,17.0908915835095,23.2907437155509,23.9093252472598,18.937370839214,8.06416524850958,6.19985213204139,0,1,0,1
955,500,2,1,"L'Ecuyer-CMRG","10407_926190045_267662149_7740302_1311979173_750093426_1452867449","10407_-685093521_1427003481_799363594_373294522_-1652084943_318167704",1137651422,1396582238,1146818395,243893137,560041478,435420196,272378744,92.9089999999997,5.32600000000093,7.07500000000073,2.04400000000169,2.66900000000169,494.232,1,NA,"45cb0a1bed0c","not-a-git-build","bbd3d4119dab4c61438d29ca56ae93a0","confirmatory",628.849999999999,35.4349204609468,8.90630836877462,34.6031745673964,-0.321347329406397,54.5375694334182,19.400401959905,1255.63358807363,79.3223287597048,1197.37969014171,0.103264106116623,29.3994279786276,5.2172434432383,0,0.017,0.318,0.897,11.4700555419738,36.8404373936818,9.1777194277138,28.632343224415,36.202791624049,8.97982832785334,35.3093204773085,-0.384224455809097,55.2437153433304,19.3375248335023,1310.64212137431,80.6373167977173,1246.74811256928,0.147628432441797,29.8699816922688,5.19956975108661,0,0.024,0.362,0.959,12.2353573770172,38.2338053593343,10.3459524800337,32.267616833213,35.9839849379214,9.66410734466855,34.81049190766,0.703243011528762,54.7448867736819,20.4249923008402,1294.84717201255,93.3949707692766,1211.77034685326,0.494550733264043,27.210281910614,5.53555438439139,0.003,0.262,0.479,0.982,17.281955462206,55.1977881176894,13.6499274757944,45.3811712406304,36.6900209956294,9.56970337521076,35.5261794654901,-0.333352523828431,55.460574331512,19.388396765483,1346.15764065973,91.5792226895202,1262.10942741421,0.111123905142785,28.1142197190278,5.49111317683681,0.001,0.205,0.407,0.984,16.7086405295653,53.6019722929071,12.5513095841308,44.1639775389601,44.4389994454524,65.9023589036228,10.3585294583053,27.5279760066637,50.473303507763,58.5318704544254,16.3441061747834,22.5936529772107,21.4633594581704,17.1694465483584,8.05856694666237,6.24954680242725,0,1,0,1,44.863576116294,65.1577160631342,9.95231580027397,29.0041628228051,51.5585756212888,59.0060171492239,15.9213083582819,22.5244881390148,20.2941399468402,19.0518470225311,7.44744152793504,6.60317978073296,0,1,0,1,44.5048593757043,66.0911884364771,11.0214466208221,30.5566359822487,51.2878192501461,58.4823151861001,17.0188011042058,23.68485912574,21.5863290607727,19.5351893614266,7.194495935954,6.66605802153421,0,1,0,1,44.9256877016124,66.0557134676657,9.86953558497374,28.7749485734753,52.3219195652966,58.9349931318488,16.1753390900446,22.6262552433584,21.1300257660534,18.9054129885015,6.61307356655215,6.45091615331379,0,1,0,1
956,500,2,1,"L'Ecuyer-CMRG","10407_1482133389_-1807932819_-785992393_-1936581002_1525687602_-1842293231","10407_486160403_-1044010304_-1696602188_-1042963403_-870393203_792196530",1146818395,243893137,560041478,435420196,272378744,2136199643,509175319,93.9719999999979,7.40699999999924,5.33199999999852,2.59999999999854,2.22100000000137,490.956999999999,1,NA,"45cb0a1bed0c","not-a-git-build","bbd3d4119dab4c61438d29ca56ae93a0","confirmatory",626.108999999997,32.7277621002317,9.71235000329884,32.1286408765108,7.75056942112953,52.2680812087018,27.6566129555125,1071.10641208936,94.329742586579,1032.2495645718,60.0713263517482,26.0055763007687,5.66866849204676,0,0.056,0.405,0.956,14.2950147136969,42.6666950134526,12.7992889847613,37.7122774231693,32.9810662347463,11.6789418591587,32.3706789372438,8.92804046941566,52.5101192694347,28.8340840037986,1087.75072998072,136.397682949609,1047.86085485812,79.7099066235237,26.2344009134628,6.76938078439763,0,0.041,0.389,0.927,14.6638484116105,42.2854940757252,13.8333259781599,40.0593993090184,32.6656541543503,13.5766787206367,31.928435112024,9.49857170852663,52.067875444215,29.4046152429096,1067.04496133162,184.32620508339,1019.42496870273,90.2228645020225,23.8076355162378,7.88739895812928,0,0.361,0.455,0.968,19.2541774218998,59.1542138034405,19.274477533179,56.9482352691655,33.6210343241278,11.9172346488507,32.3795557774986,7.82589276210532,52.5189961096895,27.7319362964883,1130.37394902418,142.020481675768,1048.43563234814,61.2445975239724,23.8427794246159,6.9959155723105,0.017,0.468,0.544,0.977,21.266060343889,66.3000163103448,19.930062752878,59.2507544124584,39.6782244690676,62.7458236811397,18.9288763763814,36.3093642167075,48.2672717001057,56.6433004836416,24.4169421521673,30.8426942032356,23.0675992120721,17.3804878403262,8.37602878353587,6.42575205106826,0,1,0,0,42.3319013568277,63.4476202741941,19.6056869924943,38.9083609007861,48.4576773216146,56.3268163255498,25.6372893831876,31.8596170187089,21.1157189173664,19.3026739082918,7.86913900393526,6.22232763552131,0,1,0,0,42.1281092303817,63.3023227674481,19.5787300402975,39.7318116200881,48.0616901647804,55.9729341103048,25.9888412182017,32.9056472526079,21.1742135370664,20.1530815797906,7.9112439455244,6.9168060344062,0,1,0,0,40.4827993234037,63.845625910974,17.0639947833856,38.4181495618903,48.6074764148307,56.6577864147549,24.1284927023833,31.1796431141696,23.3628265875704,21.3541547785047,8.05030999992411,7.05115041178639,0,1,0,0
957,500,2,1,"L'Ecuyer-CMRG","10407_-1193582119_-262192280_1001436459_-642844954_-618541548_-1937250554","10407_-756392833_129525793_551632130_-1073097225_625644841_-587802295",560041478,435420196,272378744,2136199643,509175319,1627228240,1904778803,94.3480000000018,5.34400000000096,6.74300000000221,2.08699999999953,3.21800000000076,490.673999999999,1,NA,"45cb0a1bed0c","not-a-git-build","bbd3d4119dab4c61438d29ca56ae93a0","confirmatory",626.790000000001,38.1620178575157,9.75056231225858,37.1652861811329,-1.09960382971283,57.0535007361591,18.8023523400663,1456.33960695735,95.0734654052373,1381.25849692551,1.20912858231911,32.3667565975222,5.68427436285993,0,0.012,0.362,0.915,10.9244564969634,33.6494301667948,10.5160041346627,32.1572943204025,38.6682097232077,10.2261492044386,37.6316604226798,-0.809611728562732,57.5198749777059,19.0923444412164,1495.23044319797,104.574127551439,1416.14186616788,0.655471151026335,32.4569845078893,5.90753395190719,0,0.021,0.387,0.924,11.8992461321895,36.2509901479479,11.8361370999408,35.0865888452555,38.5616503097011,12.7478101773605,37.5561683102602,-0.132641601718458,57.4443828652864,19.7693145680607,1487.00087460767,162.506664318017,1410.46577814859,0.017593794506438,30.948735248441,7.31155087265148,0,0.086,0.391,0.939,13.8609493931763,47.9715195475672,14.7563224656329,46.2912023270359,38.3776763494855,9.65907392049176,37.3716318183384,-1.1052270324518,57.2598463733646,18.7967291373274,1472.84604198586,93.2977090015241,1396.63886476544,1.22152679326222,31.7843542721439,5.57052532704448,0,0.071,0.377,0.938,11.744956713658,39.9830900588427,11.1253261120391,34.8399875259693,47.2635931966756,66.7311772157825,9.10744811945523,28.3836382255218,54.0478958914598,60.0320173357401,15.6508844816797,21.9578074778287,19.4675840191069,19.2761901060665,5.98412144428021,6.30692299614894,0,1,0,1,48.0649230122147,67.772437176907,10.3301222821645,27.5658382361802,53.7515807188898,60.6942849653994,16.1049719474935,22.2513362769193,19.7075141646923,17.2357159540157,6.9427042465096,6.14636432942578,0,1,0,1,48.0933359242983,68.3296697326766,9.31673585816331,29.6070300107943,53.5037102974319,60.9345685165007,16.6472560476667,23.1129064824952,20.2363338083783,20.290294152631,7.43085821906876,6.46565043482857,0,1,0,1,47.5966016801645,68.5423038409915,9.23669189808201,28.3403682006261,53.2112777120399,61.1352590253963,15.5768056436734,22.0558685464999,20.945702160827,19.1036763025441,7.92398131335646,6.47906290282656,0,1,0,1
958,500,2,1,"L'Ecuyer-CMRG","10407_-754362979_1420159952_963195154_1532172850_593499547_2071575934","10407_896406704_-1545813622_1266815690_-686698639_24097365_1159787626",272378744,2136199643,509175319,1627228240,1904778803,1502795313,690826329,94.2340000000004,7.34999999999854,5.34699999999793,3.22599999999875,2.18699999999808,506.375,1,NA,"45cb0a1bed0c","not-a-git-build","bbd3d4119dab4c61438d29ca56ae93a0","confirmatory",641.82,42.6698715034975,7.51279053380406,42.1061102996159,-2.109537590294,62.0060212958885,17.7377347849908,1820.71793412499,56.4420216048159,1772.92452456342,4.45014884486343,35.5569018311293,4.29346667834837,0,0.009,0.488,0.993,15.1257434038525,45.5074551729182,11.2124487888992,33.3810420874398,43.429027465717,7.37390130275505,42.6541832466962,-0.962167354388189,62.5540942429688,18.8851050208967,1886.08042661801,54.3744204227727,1819.37934844274,0.925766017850367,35.480275575042,4.22538775617998,0,0.021,0.495,0.992,17.0372262316398,49.7443620597382,11.3869131473336,33.8582457814596,42.9116562785439,7.6780677542813,41.7182532503626,-2.13771577538989,61.6181642466351,17.709556599895,1841.4102445679,58.9527244393342,1740.41265426139,4.56982873635081,32.6348287683705,4.63019936974799,0,0.287,0.66,1,22.1193958002169,65.302757426231,15.4033673037144,49.0018060189396,43.4597099431919,7.51801720461829,42.6061082251371,-2.59715004579546,62.5060192214097,17.2501223294894,1888.74638834638,56.5205826889366,1815.2804580921,6.74518836037534,33.7156022663016,4.61233345046732,0.001,0.188,0.681,1,20.463780193171,64.1086669947564,15.8521116473813,51.1739453172265,51.1750336231456,73.9338780861353,8.06863973822326,28.1075424177713,58.0665265157289,66.1978000651943,14.3668853428201,21.0470661891334,22.7588444629897,20.038902679548,8.13127354946538,6.68018084631327,0,1,0,1,51.6866179297758,74.2189128426529,9.72568380954115,27.3950915269224,59.003398361313,66.0307836312114,15.6119602706116,22.2484927533789,22.5322949128771,17.6694077173813,7.02738526989837,6.63653248276728,0,1,0,1,50.9040566676502,72.9652544028859,7.77945893647746,27.0204834386041,57.5260750667009,65.2710462024856,14.7780423623261,21.0577315918099,22.0611977352356,19.2410245021266,7.74497113578475,6.27968922948388,0,1,0,1,51.8441262248983,73.0161454944171,6.89049979790993,27.1710165117416,58.8931287187764,66.4029272241156,13.4263763062288,20.7725306923903,21.1720192695188,20.2805167138317,7.50979850533923,7.3461543861615,0,1,0,1
959,500,2,1,"L'Ecuyer-CMRG","10407_-532694132_-2139488098_1251534749_-8552766_1997140260_2014910443","10407_-244044234_5591494_-1285021348_-1068462627_624766726_1159758253",509175319,1627228240,1904778803,1502795313,690826329,35634555,1792905906,94.7700000000004,5.39500000000044,6.95499999999811,2.0679999999993,3.66300000000047,508.913,1,NA,"45cb0a1bed0c","not-a-git-build","bbd3d4119dab4c61438d29ca56ae93a0","confirmatory",645.582000000002,30.5789315539559,10.3405254209771,29.706366677369,-6.32657484550861,49.4719518735459,13.6980081784021,935.071054981521,106.926465981874,882.468221170299,40.0255492758223,23.6206092125108,6.03596686971382,0.001,0.162,0.365,0.871,14.6184807269791,43.0133664017824,10.099230235737,31.8077866421078,33.7291063390088,9.90965568731007,32.7589119929251,-5.02375144395726,52.524497189102,15.0008315799535,1137.65261442816,98.2012758410367,1073.14631496021,25.2380785706626,26.1585828531386,5.73866083280148,0,0.11,0.376,0.88,15.6486601237126,46.4824886643925,10.3675967364352,31.0666630583695,32.769303951195,10.5677112564466,31.528294218417,-5.61956850743532,51.293879414594,14.4050145164754,1073.82728144581,111.676521199627,994.033336323068,31.5795502097588,22.9682836581532,6.04630055874443,0.006,0.511,0.438,0.96,20.6884489606343,64.8884243234474,12.7260929590394,43.3539540724052,32.2373134648253,8.85934464027538,31.4446152533909,-5.22751993585295,51.2102004495678,14.7970630880578,1039.24437942941,78.4879874551762,988.763828433782,27.32696467974,24.1231639432073,5.07044887752335,0,0.283,0.569,0.963,16.4848560966259,53.5634275722702,13.4911087853458,40.205857759396,37.3907369629982,60.3004647578995,3.8973774393865,23.1348029264325,45.6061376620051,53.7884525881576,10.7423611271476,16.5395229416883,22.9097277949012,19.237425487046,8.18231492615253,5.79716181454077,0,1,0,0,41.5631997957844,63.6650063231376,6.09106416295517,24.2105018713552,48.8729802845577,56.0744791576596,11.811669067738,18.2312534737302,22.1018065273531,18.1194377084,7.20149887310197,6.41958440599212,0,1,0,0,39.934463849577,63.6125284945888,5.27186808310314,23.7589531743902,47.0253559145049,54.9921837675376,11.1646852814419,17.579784807471,23.6780646450118,18.4870850912871,7.96682785303266,6.41509952602904,0,1,0,0,41.098746291761,62.5207024929758,5.15637215623505,23.7112257976961,47.5725843756288,55.0895813291313,11.7119701597672,18.3745784970319,21.4219562012148,18.554853641461,7.51699695350248,6.66260833726466,0,1,0,0
960,500,2,1,"L'Ecuyer-CMRG","10407_340402398_-127409278_-1955285707_-1525012042_671018962_-2066621194","10407_1780696597_-1508162651_1193389608_503364365_-424684432_-480075227",1904778803,1502795313,690826329,35634555,1792905906,400619965,822634256,93.0049999999974,7.6710000000021,5.33200000000215,3.40200000000186,2.12800000000061,496.277999999998,1,NA,"45cb0a1bed0c","not-a-git-build","bbd3d4119dab4c61438d29ca56ae93a0","confirmatory",631.677000000003,32.6903141299229,8.35670483821858,31.8900182297501,-5.08257194004471,51.9632153436461,15.0698579619746,1068.65663791304,69.8345157531058,1016.97326269379,25.8325375257299,26.1133509252622,4.75757303402165,0,0.078,0.445,0.991,13.3016047429713,40.6631406379581,11.1551744507591,34.2820906083332,34.2781598501244,8.84663892263153,33.290946448564,-5.11105986440466,53.36414356246,15.0413700376146,1174.99224271068,78.2630202274191,1108.28711544115,26.1229329375282,27.373323457196,5.00292518457307,0,0.061,0.477,0.987,13.8486777274975,41.540596124676,12.1675108636687,35.5966950016253,35.1408520159079,8.4444566311927,34.1932490598064,-5.08512857340977,54.2664461737024,15.0673013286095,1234.87948040394,71.3088477960944,1169.17828126595,25.8585326081085,26.7338979406405,4.94421813943319,0,0.262,0.596,1,16.5504969264422,54.3810244078147,15.1171262104173,48.459746154031,34.665249854953,9.38745152557702,33.8448424143123,-5.9106313651909,53.9180395282083,14.2417985368284,1201.67954750632,88.1242461450583,1145.47335804963,34.9355631351785,27.2518887264582,5.33317751376154,0,0.154,0.44,0.995,14.1038945373949,48.0015750160981,12.556308025399,42.106602628644,41.2177677757923,62.1051625778883,4.36947993652869,25.0868464464527,48.3755212820554,55.3888726606957,11.8776483508611,18.3705789073726,20.887394802096,20.717366509924,7.01335137864027,6.49293055651155,0,1,0,0,43.0514328910795,64.6527870280337,5.62901100931368,24.6065026079717,49.3792964085214,56.8994464641925,11.7657905095404,18.2484464248162,21.6013541369542,18.977491598658,7.52015005567102,6.4826559152758,0,1,0,0,42.348980578448,65.8375653151122,5.07959606471562,23.8575754034798,50.2204881529642,58.2984490736836,11.9215607036312,18.4725502090682,23.4885847366642,18.7779793387642,8.07796092071933,6.55098950543696,0,1,0,0,42.4081885782832,65.6559752093587,5.05164291459003,23.3017089322044,50.2944898984209,57.6171840481218,10.9036707233808,17.3346580631358,23.2477866310755,18.2500660176144,7.32269414970095,6.43098733975496,0,1,0,0
961,500,2,1,"L'Ecuyer-CMRG","10407_-351062173_727648326_-591507544_114772255_523991046_616078281","10407_1172144349_1489036452_-1724993112_1889559760_1050671051_620854150",690826329,35634555,1792905906,400619965,822634256,702227365,1832642183,92.770999999997,5.34699999999793,5.96199999999953,2.10100000000239,2.97199999999793,488.984,1,NA,"45cb0a1bed0c","not-a-git-build","bbd3d4119dab4c61438d29ca56ae93a0","confirmatory",623.287,35.3628936343033,7.12463459471784,34.559118690463,-1.46470076981175,54.8223157659839,18.8392528015852,1250.53424619105,50.7604181082502,1194.33268466151,2.14534834508713,28.7804559905869,4.07835009244843,0,0.043,0.504,0.997,13.2092006148366,40.5018288372993,11.03594214797,33.7841089735464,36.838990351681,6.81193238264978,35.8236284559482,0.656181774835776,56.0868255314691,20.9601353462327,1357.11121013124,46.4024227857927,1283.33235574982,0.430574521626629,29.507437208884,3.93781454828722,0,0.064,0.578,1,14.8889115182582,44.2105607530741,11.9898895874018,36.5681125772207,36.0392327194047,5.78715265951214,34.89168627094,0.849989639590007,55.1548833464608,21.153943210987,1298.82629500341,33.4911359044984,1217.4297708297,0.722482387410349,27.5913058173733,3.94641938227803,0,0.209,0.823,1,16.4624751735745,52.9103651450527,15.7268628007826,50.03837623556,37.2346349337082,6.01999723095955,36.2498349009193,0.220895402343832,56.5130319764402,20.5248489737408,1386.41803864653,36.2403666607607,1314.05053034391,0.0487947787766433,27.8722596682846,4.16446818225895,0,0.264,0.862,1,18.338277630427,61.5260539588079,17.0631891172375,54.2731738422483,43.8533026321381,65.5063265528636,8.22901635046481,28.5260341705461,51.317073267919,58.5899966363101,15.5405851724424,22.1986152119287,21.6530239207255,20.2970178200813,7.27292336839115,6.65803003948631,0,1,0,1,45.3681049917993,65.7836346640481,11.8276902866579,30.4355412933526,52.4915142125918,59.652483584562,17.735340488976,24.1810436704596,20.4155296722489,18.6078510066948,7.16096937197015,6.44570318148358,0,1,0,1,44.1343991167508,65.3775618128349,11.6331323333372,31.7872198713698,51.5010822682747,58.774726150519,17.4794598905597,24.5120752516373,21.2431626960841,20.1540875380326,7.27364388224429,7.0326153610776,0,1,0,1,44.4624273906229,67.8365295659542,10.1086844269144,30.8207651844416,53.026450251283,60.0123231803785,16.9535917698077,24.3577144824538,23.3741021753313,20.7120807575272,6.98587292909546,7.40412271264614,0,1,0,1
962,500,2,1,"L'Ecuyer-CMRG","10407_832065198_930966575_-1937576482_-344969758_-932184436_-1089358804","10407_-49956561_1909054438_-1960256907_771029207_-1956711154_-849723924",1792905906,400619965,822634256,702227365,1832642183,1856218098,1153909884,94.0819999999985,6.32500000000073,6.46299999999974,2.21999999999753,2.15600000000268,483.080000000002,1,NA,"45cb0a1bed0c","not-a-git-build","bbd3d4119dab4c61438d29ca56ae93a0","confirmatory",617.870999999999,37.9960185779466,7.03597125027756,36.9637463404037,0.261845988938507,56.7557773049493,20.0277136891894,1443.69742777566,49.5048914347324,1366.31854351771,0.0685633219231848,30.8780788100425,4.03345129442495,0,0.06,0.511,0.984,13.9039777319748,43.0476046400073,10.8475365501992,31.4493290685148,38.7971817119363,6.08062914709127,37.6181259634666,0.416832832439766,57.4101569280121,20.1827005326907,1505.22130878901,36.9740508244559,1415.12340100324,0.173749610199758,30.9025551023312,3.63277735503014,0,0.085,0.654,0.999,15.7699007681466,47.1089852347871,12.4041117986845,35.3973683692273,37.895027679841,6.10186215686424,36.6212734303758,0.541367472446403,56.4133043949214,20.3072351726973,1436.03312285592,37.2327217813719,1341.11766766235,0.293078740223007,28.1175117597617,3.95752108819433,0.006,0.342,0.772,1,19.9386098608336,62.5714298897869,15.462975874573,46.4357754697458,38.8665892233248,6.97427179084455,37.8407623330468,0.530472780748244,57.6327932975923,20.2963404809992,1510.61175785466,48.64046701257,1431.92329394613,0.281401371114775,29.520744072093,4.32147010668907,0.001,0.238,0.652,1,18.4646371470516,60.3937474632936,14.5309406697414,48.6328683649725,45.1789692586113,68.2612892658507,11.9141904375102,28.9955737373255,52.6758834732483,61.1083459395744,16.8952749494653,23.1419474291944,23.0823200072395,17.0813832998153,8.43246246632609,6.24667247972915,0,1,0,1,46.218377071539,69.2581228236665,11.8660859539922,29.2655288981841,53.8375073093062,60.8270606263043,16.9362785971407,23.1581682372298,23.0397457521274,17.3994429441919,6.98955331699817,6.22188964008902,0,1,0,1,45.1077021306288,68.2851374476333,10.4537113837931,29.1775979292352,52.2942293114896,60.4987979671579,17.2357003003757,23.535475294257,23.1774353170045,18.7238865454421,8.20456865566823,6.29977499388128,0,1,0,1,45.6014447263006,69.4704985245129,10.4264830562639,29.5480973552138,53.9442435929744,61.4636587815489,16.4513291207,23.8635418986828,23.8690537982123,19.1216142989499,7.51941518857446,7.4122127779828,0,1,0,1
963,500,2,1,"L'Ecuyer-CMRG","10407_1106388169_-2039124097_-728959144_1625624033_461376493_100863081","10407_-772080966_-880511606_-2064647349_-1400863186_-1643731086_-2086142387",822634256,702227365,1832642183,1856218098,1153909884,227657751,139946435,93.9249999999993,5.55199999999968,6.89300000000003,2.07500000000073,2.06899999999951,488.616999999998,1,NA,"45cb0a1bed0c","not-a-git-build","bbd3d4119dab4c61438d29ca56ae93a0","confirmatory",625.344000000001,33.1434325909122,12.2499489731216,32.4397671959148,-10.0659212861027,52.357523741876,9.9281774234588,1098.48712390834,150.061249844083,1052.33849572515,101.322771338016,27.1416054717321,7.48414187833158,0,0.022,0.318,0.77,11.8852653451233,37.7591129249343,11.0443561414241,33.3652126781701,35.0990469896279,11.266664530363,34.4436326540241,-8.89478160329564,54.3613891999853,11.0993171062659,1231.94309958011,126.93772963974,1186.36383040535,79.1171397703265,28.3355043830075,6.64734404788638,0,0.023,0.378,0.866,14.1693110300657,42.8445498825913,11.9823360769332,36.7386769521642,33.8144103735847,11.2742646920416,33.0954706363797,-9.71645723104123,53.0132271823409,10.2776414785203,1143.41434891319,127.109044346216,1095.31017664347,94.4095411226534,25.9068421098306,6.63231509765454,0,0.197,0.417,0.977,15.2687481809674,52.5823325846432,15.4935829510177,49.1856232045966,33.6443402072297,10.604346335442,32.9217863863158,-8.99426615344906,52.839542932277,10.9998325561125,1131.94162797981,112.452161202002,1083.84401886621,80.8968236390793,25.6652933716655,6.25486999316501,0,0.232,0.444,0.99,15.6948605221489,52.8930488750238,15.0914308211722,49.4472862288833,42.4389028922101,63.5159748980247,0.341545709358016,20.0551541344214,49.052538164956,55.485040801751,6.47281005512507,13.630692752443,21.0770720058146,19.7136084250634,6.43250263679501,7.15788269731788,0,1,0,0,43.7043968588514,65.3685612014264,0.958899287254415,21.2937281913529,50.5919933676098,57.7901171276799,7.84814095237831,14.4670559425203,21.6641643425751,20.3348289040985,7.19812376007003,6.61891499014203,0,1,0,0,42.8522324968207,64.3565866357419,-0.831137029558716,19.8470816020478,49.2506181241812,56.7011606137601,6.83052855222375,13.9680061505155,21.5043541389212,20.6782186316065,7.45054248957886,7.13747759829179,0,0,0,0,42.3122960920942,63.9120417817759,0.864215226708623,21.4175307507139,49.2310334247523,56.5615067847959,7.39696138961989,14.3560087976643,21.5997456896818,20.5533155240052,7.33047336004358,6.95904740804441,0,1,0,0
965,500,2,1,"L'Ecuyer-CMRG","10407_390234334_-1592752985_-1068797719_-1364841419_-171688310_-524383148","10407_-701478148_-266616338_-919081231_1347816820_-1245140378_-2021912719",1153909884,227657751,139946435,876887553,1284826626,370289771,383750069,92.1810000000005,7.06000000000131,5.63900000000285,2.88400000000183,2.01699999999983,499.963,1,NA,"45cb0a1bed0c","not-a-git-build","bbd3d4119dab4c61438d29ca56ae93a0","confirmatory",632.903999999999,35.4395416869239,15.0230629277804,34.5249305522837,-11.9472559443601,54.6807867795247,8.22706703796071,1255.96111497922,225.692419732051,1191.97082964001,142.736924600048,28.4374289215224,9.30661281082875,0,0.067,0.253,0.686,14.2226899363119,42.686569420471,10.8686791614871,34.1998938367879,37.114801602005,14.9106488988802,35.6920138610835,-11.2393709676667,55.8478700883246,8.93495201465413,1377.50849795619,222.327450585678,1273.91985345978,126.323459748829,29.0435857227205,9.10192771183556,0,0.129,0.274,0.713,15.947685421488,46.7008329613827,11.801855613807,35.2275477126763,37.5135110426323,17.1712820808321,35.2650580935139,-11.4398530245664,55.4209143207549,8.73446995775444,1407.2635107457,294.852928299505,1243.62432233891,130.870237223681,26.3135385905631,9.93009029391275,0.022,0.391,0.358,0.846,23.1726220539354,67.5714849271594,16.927392541121,51.848136862379,37.5205974500841,17.1894997535682,34.0008114956955,-11.9404124095649,54.1566677229365,8.2339105727559,1407.79523301126,295.47890177792,1156.05518236582,142.573448510492,25.3714058470779,9.71534550189374,0.064,0.479,0.407,0.912,23.1737595209315,68.9724751732811,19.6415804791256,60.095102046534,44.0636519851957,66.3502791299939,0.456068684739101,16.5663273788183,50.9491324526349,58.6613971331498,5.17632235969261,11.2568405863172,22.2866271447982,16.1102586940792,7.71226468051485,6.08051822662464,0,0,0,0,44.6556955603866,66.1813465157074,0.513411575564796,16.9952596870014,51.929348621288,59.691367205101,5.92928487120787,12.0049526833924,21.5256509553208,16.4818481114366,7.76201858381293,6.07566781218456,0,0,0,0,43.6339404805483,65.8651859433917,-0.528269617309604,17.9220438010516,51.7910053096798,59.3134660157905,5.57022052472492,12.1328520648313,22.2312454628433,18.4503134183612,7.52246070611063,6.56263154010637,0,0,0,0,44.2625536006413,64.2645176901625,-1.46661816339725,16.7812527618679,50.3768865926275,58.1303592207161,5.10538798270787,11.6278063893202,20.0019640895213,18.2478709252651,7.75347262808857,6.52241840661238,0,0,0,0
964,500,2,1,"L'Ecuyer-CMRG","10407_1659062505_1602783121_1245815944_335420030_-1349452741_-1943800506","10407_-1375887102_1879493209_1966884238_1480933406_-2134322992_-332383791",1832642183,1856218098,1153909884,227657751,139946435,876887553,1284826626,93.2340000000004,6.06099999999788,7.04499999999825,2.07999999999811,3.11200000000099,509,1,NA,"45cb0a1bed0c","not-a-git-build","bbd3d4119dab4c61438d29ca56ae93a0","confirmatory",644.812000000002,33.5711131866803,8.89784850190217,32.5389875575101,-0.807176893216045,52.7855391943966,19.6194165426031,1127.0196405929,79.1717079628027,1058.7857112678,0.651534536941907,27.4805034084353,5.17974956641175,0,0.051,0.345,0.939,10.9932723347993,35.9034868029365,10.4679281185442,30.2860117425041,35.2110259792484,8.92513532602193,34.0976172790177,-0.70458241068204,54.3441689159042,19.7220110251371,1239.81635051131,79.6580405878045,1162.64750410637,0.496436373442515,28.29342279167,5.15551556224405,0,0.062,0.389,0.961,13.3797637367755,40.7685902538414,11.2227345667119,33.929349773422,34.9270648600567,9.60263439802154,33.6724050595746,-0.800171806074172,53.918956696461,19.626421629745,1219.89985973861,92.2105873820664,1133.83086249606,0.640274919236002,26.7287382710008,5.55492820549397,0.002,0.244,0.395,0.984,16.0676216082504,50.2146044858752,12.790126693022,41.0381432345412,35.7340807064232,9.22942951533982,34.4642038558418,0.739346731151198,54.7107554927283,21.1659401669703,1276.92452393317,85.1823691786258,1187.78134741702,0.546633588863961,27.4545964075951,5.33114106138261,0.001,0.223,0.422,0.995,15.3262252131733,51.5248803671618,12.6394113032714,41.8182521715544,42.0491735230998,63.5510262613101,9.72568722022714,29.9291152761901,48.9883114303538,56.4867934088629,15.9178443936322,23.4523255189798,21.5018527382103,20.2034280559629,7.49848197850908,7.53448112534759,0,1,0,1,43.3527246058721,65.4737733929355,10.7911037196537,29.1542222589743,50.7772945372849,58.1748110780207,16.5069875550033,22.7484273524035,22.1210487870633,18.3631185393206,7.39751654073573,6.24143979740017,0,1,0,1,43.6114962382735,63.6725110910287,9.58137745249312,29.5139982406692,50.0052834072136,57.792290582925,16.6381549118863,22.6995984060099,20.0610148527552,19.9326207881761,7.78700717571138,6.0614434941236,0,1,0,1,42.3710334096823,65.5033940367582,10.2035557940307,31.844511902253,51.049187833639,58.3077818271652,17.5256674507297,24.6317213755402,23.1323606270759,21.6409561082223,7.25859399352625,7.10605392481053,0,1,0,1
967,500,2,1,"L'Ecuyer-CMRG","10407_1792766999_783791291_1487373726_944871367_1464860526_-1924820190","10407_1632113764_-1702212566_-1861213043_-1777893452_675554064_22013439",1284826626,370289771,383750069,1844082271,672722570,1982247454,1060955363,96.4099999999999,5.58099999999831,5.89099999999962,2.12099999999919,2.84600000000137,505.182000000001,1,NA,"45cb0a1bed0c","not-a-git-build","bbd3d4119dab4c61438d29ca56ae93a0","confirmatory",644.453999999998,34.7220149971853,8.32562966673091,34.0247070197707,-2.36165029748167,54.2059111333842,17.9713369741102,1205.61832546476,69.3161093475498,1157.68068778123,5.57739212759525,27.9471415518443,4.73298535169696,0,0.074,0.489,0.971,14.2044001307065,42.6514033994609,11.5348897241817,35.1059765880924,36.3469834289689,9.53383456626127,35.3280684135554,-0.72719428957792,55.5092725271689,19.605792982014,1321.10320438574,90.8940015368381,1248.07241783285,0.528811534794735,28.7697205662476,5.41313129308322,0,0.095,0.477,0.954,15.8416798187596,45.8976201416738,12.8150354333251,38.4038800743875,37.3417274838831,11.0959220737142,35.3738971148464,-1.50543717728708,55.5551012284598,18.8275500943048,1394.40461148059,123.119486665938,1251.31259709174,2.2663410947581,26.2987556623621,6.46904018046428,0.036,0.457,0.641,0.99,23.4934188509056,69.1363378884458,19.996042142368,60.0412827689453,37.7695891196713,9.17262827302062,35.0501865225066,-0.83581042599646,55.2313906361201,19.4971768455954,1426.54186226879,84.1371094350172,1228.5155752625,0.698579068204384,26.821798609813,5.37979167720651,0.054,0.452,0.588,0.994,21.7173700176677,63.9277550593064,16.2725427744699,50.7080685410912,43.9882352622755,64.9399871558238,9.80035559741603,27.4196362093017,50.556588470673,57.8409689006574,14.72448435373,21.1619600682468,20.9517518935483,17.6192806118856,7.28438042998434,6.43747571451685,0,1,0,1,45.8452024923412,66.4890702397744,10.0993079847978,29.0020503480938,51.7547083488752,58.886655728077,15.851784488513,23.0854340455563,20.6438677474332,18.9027423632959,7.13194737920181,7.23364955704328,0,1,0,1,45.0545318119102,67.7056874105416,9.92160178181229,28.3086750268329,51.4312330306492,59.473412003085,15.7963578998293,21.9330843686861,22.6511555986313,18.3870732450206,8.04217897243579,6.1367264688568,0,1,0,1,44.4931345732412,66.0141722749545,10.5572213865222,29.0947575349017,51.8977672451674,58.7177677211157,16.2220813543121,22.5668369085702,21.5210377017133,18.5375361483795,6.82000047594828,6.34475555425815,0,1,0,1
966,500,2,1,"L'Ecuyer-CMRG","10407_-328115283_-1059712652_1388436131_1524474588_832244332_-564051774","10407_1133933274_959576940_-847709216_1782974363_1803871435_-1530843314",139946435,876887553,1284826626,370289771,383750069,1844082271,672722570,97.1549999999988,6.91599999999744,5.5010000000002,3.30600000000049,2.15199999999822,504.208999999999,1,NA,"45cb0a1bed0c","not-a-git-build","bbd3d4119dab4c61438d29ca56ae93a0","confirmatory",643.110000000001,45.0214669638828,9.40924961845638,44.2713404212359,4.91048041987052,64.465383950158,25.1860072644432,2026.93248757999,88.5339783824216,1959.95158269295,24.1128179539317,39.3229813370096,5.40870229138847,0,0,0.363,0.95,11.3715325649513,34.4984399419503,9.81189122182418,30.3030391913239,46.5666354318476,9.95468692107565,45.7858171550174,5.28647281591188,65.9798606839396,25.5619996604845,2168.4515354426,99.0957916966346,2096.34105255269,27.9467948333753,40.0822826476938,5.73723107700944,0,0.001,0.365,0.917,13.2537030538913,39.5162212202416,10.3931827144462,32.5636105288527,44.6585981450503,9.34323786316378,43.838169932568,4.84359209441183,64.0322134614902,25.1191189389845,1994.39038828109,87.2960937676574,1921.78514303671,23.4603843770488,37.3285915504924,5.46048201097889,0,0.017,0.513,0.985,14.1005966568352,45.8975279994784,14.4468875973914,46.7618210519439,46.5471857050844,9.8120868036897,45.7940994328538,5.28371408112519,65.9881429617759,25.5592409256978,2166.64049706361,96.2770474431415,2097.0995428661,27.9176344910806,39.0558002414322,5.624994877318,0,0.001,0.437,0.978,15.490264131152,46.3762013355949,12.8349121855246,41.8589374343834,54.215603730897,75.13070937482,14.7345760878661,35.1363604455311,60.7223884711283,68.1552946327939,21.4513718758785,28.6154886753141,20.915105643923,20.401784357665,7.43290616166551,7.16411679943567,0,1,0,0,53.7662480300576,76.647127339018,16.0060239952458,34.0146399521407,61.9511435641037,69.9951604831745,22.6079628858381,28.6802688969155,22.8808793089604,18.0086159568949,8.04401691907078,6.07230601107746,0,1,0,0,52.1511107718143,74.931600355659,15.7841343776621,35.0357236826253,60.4692413572539,67.760784381278,21.8254495272986,28.528258923572,22.7804895838447,19.2515893049633,7.29154302402415,6.70280939627339,0,1,0,0,55.1823301088545,77.2171481613645,15.0797977817453,35.9205925283953,62.050609243862,69.7850265142994,22.2570334249702,28.9431585496059,22.03481805251,20.84079474665,7.73441727043735,6.68612512463575,0,1,0,0
968,500,2,1,"L'Ecuyer-CMRG","10407_1289037793_829319676_-835417870_-212814934_-801009303_629548585","10407_-1382871972_44303681_-276721785_-1548374253_-113644244_-552916615",383750069,1844082271,672722570,1982247454,1060955363,2120705848,164225153,95.400999999998,5.99299999999857,5.52800000000207,2.09099999999671,2.12100000000282,490.113000000001,1,NA,"45cb0a1bed0c","not-a-git-build","bbd3d4119dab4c61438d29ca56ae93a0","confirmatory",627.150000000001,40.2442718573432,9.58725127660196,39.1604525263225,0.845802885064323,59.2326826123474,20.8483986203265,1619.60141732775,91.9153870407059,1533.54104206636,0.715382520383133,33.3867471961484,5.54822243176739,0,0.038,0.385,0.929,13.3081049404385,40.54400975936,11.3123853775024,33.2735333938864,41.830568215208,9.62807548309848,40.4935229451379,2.00256736721049,60.5657530311627,22.0051631024726,1749.79643720717,92.699837508242,1639.72540050841,4.01027606021635,33.9182179481025,5.57100070068613,0.001,0.069,0.397,0.942,15.6305286276243,45.7073730617432,11.2494633989365,34.6047848203578,45.0512709908382,10.6283755248647,39.7731352947267,2.18620835966995,59.8453653807515,22.1888040949321,2029.61701788994,112.962366297542,1581.90229117263,4.77950699189078,31.2087706270648,6.09121758785051,0.088,0.447,0.474,0.98,24.1560153578495,71.15668487716,14.9694502952004,46.4296552754621,42.8415059356371,10.3729027374898,40.8463244170201,1.59920886377243,60.918554503045,21.6018045990346,1835.39463083323,107.597111201423,1668.42221838046,2.5574689899683,31.1578938188772,5.97825294756235,0.005,0.328,0.501,0.99,23.4036904314747,70.0529451228501,15.883039091916,50.3317360223317,48.6133482248222,69.4089101289446,11.780487949557,29.7362473701642,55.7083573360191,62.731640436084,17.7471299056807,24.0126189441151,20.7955619041224,17.9557594206072,7.02328310006494,6.26548903843445,0,1,0,1,51.5866894004943,69.7448962463115,13.2139847321089,31.7939997996427,57.3942257055892,63.6725105349336,18.6503560540617,25.3780259805472,18.1582068458173,18.5800150675338,6.27828482934435,6.72766992648548,0,1,0,1,48.0765831432208,70.9479039522449,11.2740464658667,31.282463071273,56.0415520686428,63.79776621464,18.9791108710554,25.882261368066,22.8713208090242,20.0084166054063,7.75621414599727,6.9031504970106,0,1,0,1,49.7730276455286,73.6937795902001,10.423041456451,31.9586220309818,56.4941455196314,64.9528566458906,18.2792582769866,25.027805776309,23.9207519446715,21.5355805745308,8.45871112625921,6.74854749932238,0,1,0,1
969,500,2,1,"L'Ecuyer-CMRG","10407_123612885_-2072720660_1163193401_-1557521494_-1066428283_-1955237035","10407_-485177465_1801409613_69145040_-197968683_-830120129_-2109467789",672722570,1982247454,1060955363,2120705848,164225153,2000208703,2069470147,94.768,5.35899999999674,6.86699999999837,2.22899999999936,3.23500000000058,492.573,1,NA,"45cb0a1bed0c","not-a-git-build","bbd3d4119dab4c61438d29ca56ae93a0","confirmatory",629.101999999999,35.0785654799694,11.5916679305708,34.3327455230527,7.92956838223155,53.6283720802684,27.1649905018736,1230.5057561325,134.366765412623,1178.7374151507,62.8780547284862,28.8061235407183,6.84616053755387,0,0.032,0.324,0.848,12.5623730787988,38.4684964849127,11.4396101059447,33.7445837801622,35.010965359019,12.2578086529537,34.3009694175812,7.91455585939255,53.5965959747968,27.1499779790346,1225.76769537043,150.253872972426,1176.55650298584,62.6401944514449,28.2864404967463,7.17482648985768,0,0.039,0.335,0.847,13.5677228889973,42.6317132990948,11.907835228177,35.3600308798983,33.9807253002494,12.9144226071498,33.0648960952058,7.87400936483338,52.3605226524214,27.1094314844755,1154.68969193101,166.782311276061,1093.28735378675,62.0000234774838,24.8007416173479,7.34977628912478,0,0.411,0.454,0.936,19.2840466124184,61.1099208055197,16.4779786140321,51.1440650937752,35.1458743806025,12.7675876541596,34.174678658441,7.61445529808219,53.4703052156567,26.8498774177243,1235.23248597709,163.011294506648,1167.9086614077,57.979929486492,26.3253541894532,7.39750084236331,0.001,0.308,0.452,0.929,18.2564273228605,57.5154578419032,16.7955090140536,49.3589657667872,44.8218381047569,63.9180976393641,17.8899956995331,36.9901659630707,50.437234399977,56.5656139400667,23.7744911252828,30.3600422142604,19.0962595346072,19.1001702635376,6.12837954008967,6.58555108897763,0,1,0,0,44.0120738618431,65.0087606748246,18.6873757634838,36.1238916986897,49.9746083455989,56.7698352961459,23.7923700639453,30.3268507399605,20.9966868129815,17.4365159352059,6.79522695054694,6.53448067601519,0,1,0,0,42.6291808800578,62.8716659555073,16.1026666307867,36.5644090848023,48.6610960035674,55.6306007310963,23.7881638262456,30.6610455709254,20.2424850754495,20.4617424540156,6.96950472752887,6.87288174467989,0,1,0,0,42.1358302670713,64.9156950949499,17.0765253315218,36.3560191010717,49.7081606651323,57.2582737710389,23.6215465059967,30.4679929991041,22.7798648278787,19.2794937695499,7.55011310590655,6.84644649310744,0,1,0,0
970,500,2,1,"L'Ecuyer-CMRG","10407_-484085131_-1765086068_1939454909_571218250_-648997398_-1393217963","10407_1404297049_2070093402_683872481_1237293147_-691052308_-747309945",1060955363,2120705848,164225153,2000208703,2069470147,1083425761,851906874,93.525999999998,5.26699999999983,6.73400000000038,2.12100000000282,2.48400000000038,496.328000000001,1,NA,"45cb0a1bed0c","not-a-git-build","bbd3d4119dab4c61438d29ca56ae93a0","confirmatory",630.835000000003,32.2470300997347,7.71908398198439,31.4868312948952,5.78507341440621,51.2657660352678,25.7363460446239,1039.8709502532,59.584257520928,991.420544993194,33.4670744100696,25.7589658094248,4.46101979804383,0,0.051,0.473,0.971,13.2945562021058,40.2057930741284,11.0987261266208,32.7703393518984,33.7989407546721,7.4016463815454,33.1030613998537,4.87901168805451,52.8819961402263,24.8302843182722,1142.36839613783,54.7843691574441,1095.81267404249,23.8047550521726,26.7754987563493,4.27531639166069,0,0.04,0.584,0.993,14.8301816953758,44.4648852414996,12.1940922150369,35.8082646880255,34.023976786781,9.36441697939275,32.4737722551191,6.26722395252669,52.2527069954917,26.2184965827443,1157.63099638741,87.6923053639392,1054.54588447734,39.2780960711243,24.3401437089466,5.56125188372883,0.002,0.397,0.628,0.998,19.6034266440078,60.0787791835368,17.76270312911,52.0452679182893,34.7282106585495,9.34105303227978,33.4315200715647,6.9000041414264,53.2104548119373,26.8512767716441,1206.04861554459,87.2552717518632,1117.66653429543,47.6100571517015,25.709977283261,5.47456385165766,0,0.313,0.525,0.999,17.2834193740548,56.7432206833569,15.5838154136058,49.463510850527,39.7650350663115,62.1360263597527,16.8341221826081,33.6956195338108,47.4716987978136,54.9377470177188,22.673993950711,28.7471620589128,22.3709912934413,16.8614973512027,7.46604821990523,6.07316810820177,0,1,0,0,42.2379500650914,62.8169336799476,17.0119791977455,33.0313169988876,49.3648337530046,56.2879910914352,21.7172667404171,27.9171194556088,20.5789836148562,16.019337801142,6.92315733843062,6.19985271519164,0,1,0,0,41.3831340073804,62.5910523797382,17.4312250460993,35.3615148016951,48.5026437378435,56.1794351187173,23.2528143866883,29.0314024844943,21.2079183723578,17.9302897555958,7.67679138087384,5.77858809780598,0,1,0,0,42.5214269945633,63.8431596967966,17.2306224728399,36.5181348462361,49.6689485146849,56.8629483506595,23.5191874719997,29.8416054014858,21.3217327022333,19.2875123733962,7.19399983597462,6.32241792948614,0,1,0,0
971,500,2,1,"L'Ecuyer-CMRG","10407_2027412057_1466822086_1128520520_2136783318_643166494_-130099706","10407_1708567984_-699936340_-139954354_-281067090_-778347725_85246524",164225153,2000208703,2069470147,1083425761,851906874,610261318,817782320,94.7909999999974,5.38400000000183,6.05400000000009,2.06500000000233,2.87800000000061,501.554,1,NA,"45cb0a1bed0c","not-a-git-build","bbd3d4119dab4c61438d29ca56ae93a0","confirmatory",637.737999999998,24.8708356440688,9.64832500227881,23.8471969521622,-4.7219522385009,43.9137320528987,15.3292315531943,618.558465634282,93.0901753495985,568.688802475215,22.2968329426836,19.1075633418758,5.67260254004027,0.002,0.152,0.365,0.901,11.170212390957,33.8377019482111,10.0920289408991,30.3276036268015,26.4387749020262,9.49778313755104,25.4054065548329,-4.18244221524016,45.4719416555694,15.8687415764551,699.008818320008,90.2078845279489,645.434682216348,17.492822883823,20.0083152817946,5.49476708104552,0,0.204,0.391,0.952,12.6910113982651,38.8495714273798,11.7162643369064,34.5831536464881,26.2336796982191,9.07026844254379,25.2869913120618,-3.07390445027049,45.3535264127983,16.9772793414247,688.205950508754,82.2697696198057,639.431929616291,9.44888856939274,19.3067358847343,5.29870377604478,0.004,0.346,0.505,0.999,13.4077837590125,44.6707923872697,14.7313527979196,48.2692598746856,26.4029708547711,8.73483810616904,25.4763615223229,-2.94741577069599,45.5428966230594,17.1037680209992,697.116869957895,76.2973967409828,649.044996416094,8.68725972534746,19.1283860700329,5.05611264380463,0.001,0.419,0.47,1,14.1619392193802,48.1390392047578,13.1801980526972,44.3325913959147,34.5705016723131,54.8969477561919,6.11573124272848,25.8648024308691,40.459660982393,47.3872165029466,11.9368987816169,18.7295661983946,20.3264460838789,19.7490711881406,6.92755552055353,6.79266741677771,0,1,0,0,35.6420437742526,54.7941781889182,6.13489498209325,25.918710429493,42.2082518576548,48.8802370678047,12.3518356207262,19.1610141816944,19.1521344146656,19.7838154473997,6.67198521014993,6.80917856096819,0,1,0,0,35.4032511575,55.7752988807418,6.68113967327311,27.0169957298835,41.7736079463564,48.8760082664128,13.4570908050957,20.7325044934522,20.3720477232418,20.3358560566103,7.10240032005643,7.27541368835646,0,1,0,1,36.3422723022794,56.5614212961798,6.56928665005546,27.0832299275675,41.9910511935638,48.8805770161182,13.4983663711171,20.9075421830433,20.2191489939004,20.5139432775121,6.88952582255443,7.40917581192617,0,1,0,1
972,500,2,1,"L'Ecuyer-CMRG","10407_1863998663_1077238120_-114575804_-758924085_-134185516_775162449","10407_-321914641_966718774_1337012582_535265810_1976705350_1092222207",2069470147,1083425761,851906874,610261318,817782320,1754237611,156430487,93.9619999999995,6.83699999999953,5.61100000000079,2.16800000000148,2.17699999999968,516.73,1,NA,"45cb0a1bed0c","not-a-git-build","bbd3d4119dab4c61438d29ca56ae93a0","confirmatory",653.406999999999,31.6196566992708,8.90624822856975,30.6077688837322,-2.21150132216239,50.5800118484587,17.7214627489048,999.802689779743,79.3212575089018,936.835516039963,4.89073809792602,25.6073414438366,5.11918088265998,0,0.062,0.411,0.955,11.3456630691346,35.2830584596838,11.079763334492,32.4018352842568,33.4442139079583,8.71963175240987,32.4009243473085,-1.33942119637968,52.3731673120351,18.5935428746875,1118.51544392127,76.0319778976344,1049.81989856001,1.79404914131117,27.2719988050858,4.97627979810075,0,0.037,0.469,0.986,11.5619291951701,36.3276806593944,12.6234580762523,37.5612838451459,32.2156921567749,9.93406311783298,31.0059317883836,-1.73050344128522,50.9781747531101,18.202460629782,1037.85082114009,98.6856100290895,961.367806065896,2.9946421603,23.9037406906667,5.77879228719576,0.002,0.354,0.567,0.985,15.5963966289846,53.401526605337,16.9217794373695,51.0745597323449,30.707355288129,9.47076405572517,29.3044352506777,-1.70023982141515,49.2766782154043,18.232724249652,942.941668791383,89.6953717992159,858.749925361164,2.89081545032583,22.1286942262259,5.42535914426754,0.007,0.394,0.514,0.995,16.1441647635218,55.5041859001141,14.7810746178772,47.0801646253816,39.3701826686684,61.1073468786526,8.40997733425104,27.020394631371,47.4483086693427,53.597892141659,13.9096752437374,21.1475664295087,21.7371642099842,18.6104172971199,6.14958347231623,7.23789118577133,0,1,0,1,42.524178644683,62.7158795819663,8.46186282411701,28.9729520547467,48.8403843767652,55.8437371829134,15.1329632565343,22.0964967194574,20.1917009372834,20.5110892306297,7.00335280614819,6.96353346292313,0,1,0,1,40.4352104817319,61.7048750426192,8.46648618750059,28.2071285173283,47.1621421539002,54.284114668379,14.8450199353294,21.6768509356574,21.2696645608873,19.7406423298277,7.1219725144788,6.83183100032801,0,1,0,1,37.1681467065906,62.1200206493507,7.80803526203797,28.8291581266326,45.6749561483338,53.1136239685045,14.7060196552259,21.7397212856427,24.9518739427602,21.0211228645946,7.43866782017064,7.03370163041686,0,1,0,1
973,500,2,1,"L'Ecuyer-CMRG","10407_-2035938996_137197483_-2018387325_534801079_-1322785633_2094844622","10407_-1255116829_278320084_148266030_-1422617221_1309847456_498386764",851906874,610261318,817782320,1754237611,156430487,438077958,1191150415,97.0430000000015,5.54499999999825,7.43499999999767,2.10199999999895,2.93800000000192,520.141000000003,1,NA,"45cb0a1bed0c","not-a-git-build","bbd3d4119dab4c61438d29ca56ae93a0","confirmatory",660.049999999999,38.6324842650647,9.77993869828256,37.7285535991189,-5.32371596379978,57.1407061161489,14.1849569998008,1492.46884049047,95.6472009421648,1423.44375668159,28.3419516632166,32.0145980849497,5.66194424710125,0,0.021,0.328,0.933,13.1378618713306,39.845027683893,9.87269538751762,32.2286182736836,40.3083661172615,9.20208011316783,39.2077250665865,-4.12896775363664,58.6198775836165,15.379705209964,1624.7643790432,84.6782784091589,1537.24570489704,17.0483747105712,32.7053083145465,5.2475945471538,0,0.035,0.443,0.976,15.1448833118227,45.6250950337955,11.8293311786419,36.7727462811128,40.96758382025,8.53393335593234,38.9015632933467,-3.22800575820835,58.3137158103767,16.2806672053923,1678.34292406921,72.8280185234946,1513.33162666626,10.4200211750263,30.5403981359019,5.04198613600431,0.009,0.27,0.618,0.999,20.1833013037061,61.4460247318301,15.6777505736794,51.001020401716,41.7867342699985,9.16229962746064,39.8019967408862,-5.52887490839519,59.2141492579162,13.9797980552054,1746.13116095147,83.9477344633654,1584.19894456152,30.5684577526819,30.4695771532246,5.46615165027992,0.012,0.351,0.647,1,22.5115200087467,70.0092627734051,17.6823454334625,56.7585548798335,45.6656923093904,69.1502053226763,4.97571879340251,23.9406521258312,53.4020658638896,60.6976714063974,11.0273904603903,17.5011849857548,23.4845130132859,18.9649333324287,7.29560554250779,6.47379452536443,0,1,0,0,46.1080052090237,70.8244796152008,5.03091852651829,26.3195216354103,54.2262820129196,62.9301432315206,11.838814520161,18.5967006341358,24.7164744061771,21.288603108892,8.70386121860096,6.75788611397483,0,1,0,0,46.3869045381296,69.7397577170812,6.90328697717606,25.4649148787571,54.4650090409577,62.0929926182642,13.3064649756812,19.389578766435,23.3528531789516,18.561627901581,7.62798357730654,6.08311379075375,0,1,0,0,48.234676874184,70.8359723528259,4.31229946071812,22.8471351210984,55.6807605552365,63.0493036688029,10.8105385168816,17.4062559295433,22.6012954786419,18.5348356603802,7.36854311356644,6.5957174126617,0,1,0,0
974,500,2,1,"L'Ecuyer-CMRG","10407_-946145960_-85570800_-1926701344_472746050_-1805373522_-1747868498","10407_-762693128_1124957903_713906216_-144875209_-527782614_2030796068",817782320,1754237611,156430487,438077958,1191150415,248982284,2035839833,89.7639999999992,7.11900000000242,7.51699999999983,2.08299999999872,2.14500000000044,489.225999999999,1,NA,"45cb0a1bed0c","not-a-git-build","bbd3d4119dab4c61438d29ca56ae93a0","confirmatory",623.539000000001,27.2650638778916,10.1245766263883,26.3057487877614,7.55009184435229,46.0720771005198,27.5059943607373,743.383708265508,102.507051863608,691.992419284812,57.003886858155,20.4107033034331,5.83614476611124,0.002,0.291,0.46,0.949,14.7021334382628,42.1182638856178,13.0008409024463,39.3915435307696,29.6915647768264,12.6260001736872,28.7647772268655,9.66719498878987,48.531105539624,29.6230975051749,881.58901889648,159.415880385949,827.412408911202,93.4546589512839,22.5019907401586,7.35826117148063,0.001,0.245,0.389,0.867,15.2083701743926,44.3781367433691,14.5683310235043,42.0130051223723,29.1166548240291,16.3802965467194,28.0785085895296,9.30683664513293,47.844836902288,29.2627391615179,847.779588141659,268.314114958469,788.402644612286,86.6172083391891,20.5842759207241,9.21922324003242,0.008,0.565,0.396,0.915,18.8480765686392,56.7497946315292,18.2948367473655,55.9366431511317,29.060972380708,11.0629470929198,28.022904029681,8.32359944358846,47.7892323424394,28.2795019599735,844.540115712275,122.388798380743,785.283150256713,69.2823076973062,20.6250185785945,6.46167053658861,0.001,0.51,0.549,0.991,17.6006723194728,56.1991354774253,18.4377528802848,55.3117248917743,36.0331541855964,56.3406772747643,18.4934629572298,36.4101994543059,42.5932967279515,49.4543041770602,24.4055009054163,30.7608687202875,20.3075230891679,17.9167364970761,6.86100744910868,6.35536781487118,0,1,0,0,38.3396042681376,58.5740284187905,21.067295639087,38.6029549495748,45.1876615894343,52.0394185545572,26.1770404264588,33.0627959946911,20.2344241506529,17.5356593104879,6.85175696512286,6.88575556823233,0,0,0,0,37.2099251743093,57.9880798808372,20.7086040414518,37.6843435406821,44.2713119319165,51.1385086515261,26.3819012919868,32.0995209175249,20.7781547065279,16.9757394992303,6.86719671960959,5.71761962553811,0,0,0,0,37.8910631045967,58.4588368425285,19.2649105324973,38.0166272251359,44.4323842914647,51.0444777528775,24.7937795404626,31.9636847213532,20.5677737379319,18.7517166926387,6.61209346141275,7.16990518089065,0,1,0,0
975,500,2,1,"L'Ecuyer-CMRG","10407_-1625508253_-68877486_698799733_-106086794_1581046636_1604255856","10407_-1521999487_955890434_1430339695_448935200_1367761016_1322069333",156430487,438077958,1191150415,248982284,2035839833,49433751,1619639235,91.9979999999996,5.5199999999968,6.98099999999977,2.05199999999968,2.14199999999983,482.613000000001,1,NA,"45cb0a1bed0c","not-a-git-build","bbd3d4119dab4c61438d29ca56ae93a0","confirmatory",619.037,38.3852490141702,7.35251318328508,37.6326261718081,4.39824980543397,57.5077621799143,24.4620703281793,1473.42734187985,54.0594501103809,1416.21455258705,19.3446013509999,32.1374291238094,4.20775306025516,0,0.009,0.577,0.968,12.6362457478785,38.4549450775432,11.1940010943413,34.2846486573971,39.9922376664818,7.9531345881226,39.0010041663488,4.40489220386569,58.8761401744551,24.468712726611,1599.37907357237,63.252349776792,1521.07832598356,19.4030753276767,33.0269413681614,4.58919114135887,0,0.019,0.58,0.973,13.8366529429223,41.6928110695013,12.4479920780042,37.324398413819,37.5331713686457,8.73472388121233,36.2825860524466,6.3606871866969,56.1577220605528,26.4245077094422,1408.73895298813,76.2954012810211,1316.42605065319,40.4583414870101,28.2807859686786,4.97162918039446,0.002,0.28,0.62,0.989,17.9751995277422,58.307356411627,15.2818519514744,45.9912048387661,38.4560960297036,8.82540323529953,37.1821670746878,5.73481122732585,57.057303082794,25.7986317500711,1478.87132184578,77.8877422656353,1382.51354836999,32.8880598130626,29.5430766380015,5.11099444780629,0.001,0.243,0.621,0.994,16.3353905162474,56.3064674783789,14.8055325884249,46.8633859093419,46.112326648164,68.5518250544608,16.0518073280955,33.4275024155254,53.8320126340145,61.248290715006,21.5461883388326,27.544344025587,22.4394984062968,17.3756950874299,7.41627808099157,5.99815568675438,0,1,0,0,46.9104627108215,69.5972396264767,14.9164413258572,33.7879180135698,55.6888633973919,62.5637789622736,21.2366006601452,27.7841463090095,22.6867769156551,18.8714766877126,6.87491556488164,6.54754564886426,0,1,0,0,45.1058412593003,66.0358152528189,17.2569242822023,36.1652209330846,52.4921152535628,59.8018244896034,22.9901992463803,29.7103081621504,20.9299739935187,18.9082966508823,7.30970923604051,6.72010891577003,0,1,0,0,46.3031522970396,68.0734173373145,15.517304917571,34.8655407402967,53.3172318596379,60.8397915750739,22.3239561843715,29.2001695866276,21.7702650402749,19.3482358227257,7.522559715436,6.8762134022561,0,1,0,0
976,500,2,1,"L'Ecuyer-CMRG","10407_776412525_-1298553524_-2086524945_-358795620_-1163525327_-252797525","10407_-710465269_670715651_-1308351115_-205038383_-603881310_-1960410748",1191150415,248982284,2035839833,49433751,1619639235,1368733398,1279448516,91.3240000000005,7.53199999999924,5.24799999999959,2.66800000000148,2.08899999999994,490.512000000002,1,NA,"45cb0a1bed0c","not-a-git-build","bbd3d4119dab4c61438d29ca56ae93a0","confirmatory",622.559000000001,47.2597837734857,11.4928607971075,46.272670181988,7.24169748613152,66.3475613529539,27.3983225367028,2233.48716231663,132.08584930169,2141.16000577104,52.4421824806435,40.8615034679812,6.70588186482344,0,0.001,0.355,0.865,12.362896761557,37.7974672868221,11.2078884075014,34.7730662773014,47.3119224110333,12.5743454466181,46.3852016676785,7.28266859099822,66.4600928386443,27.4392936415695,2238.41800222764,158.114163410885,2151.5869337512,53.037261806312,40.8591077955879,7.29033839394992,0,0.001,0.382,0.86,12.3854502625379,39.0760789371817,13.4817942561613,39.5332415243998,46.0623526512759,15.0754680873282,44.9131412760683,6.2674328024544,64.9880324470342,26.4240578530257,2121.74033177051,227.269738052052,2017.19025928407,39.2807139332814,37.1036545963706,8.53393030971334,0,0.085,0.462,0.932,17.5680677709623,55.7863155705632,19.0809254133366,56.7609754537983,48.4167060266439,13.9884691311403,47.4454799665183,7.86249898850112,67.5203711374842,28.0191240390724,2344.17742247045,195.677268632865,2251.07356925329,61.8188903441812,39.0222362157935,7.96980640010474,0,0.11,0.493,0.957,18.6984821448406,60.0208633228529,19.1465134515961,57.431665768026,55.7991445183935,76.4748529167945,17.1789802690579,37.2329654028543,62.8586773934606,69.8717437402391,23.8500818443346,30.8688008851793,20.675708398401,20.0539851337963,7.01306634677852,7.01871904084474,0,1,0,0,56.7796622268206,76.2090109587454,16.8037015304423,36.7311959524716,63.1528295470711,69.7466354269261,23.7449038952575,31.0652800150054,19.4293487319248,19.9274944220293,6.59380587985496,7.32037611974788,0,1,0,0,52.6898598576352,77.2121530947779,16.1118561181289,37.7631998319334,60.8954067021235,69.1008622730614,22.7402900425378,30.2652841151816,24.5222932371427,21.6513437138045,8.20545557093791,7.52499407264385,0,1,0,0,55.3050936269173,79.5138128266773,17.8931727290817,38.8750194441273,63.6616847222702,71.1520929167489,24.7024423684383,31.4489929003162,24.2087191997599,20.9818467150457,7.49040819447869,6.74655053187785,0,1,0,0
977,500,2,1,"L'Ecuyer-CMRG","10407_-1063893271_1033055468_-635753772_580195874_1622475068_-1493918893","10407_-470484906_990750341_-610440512_-1169938789_321286368_-1186623568",2035839833,49433751,1619639235,1368733398,1279448516,3656816,680955773,90.9600000000028,5.53399999999965,5.65500000000247,2.15000000000146,2.48499999999694,489.675999999999,1,NA,"45cb0a1bed0c","not-a-git-build","bbd3d4119dab4c61438d29ca56ae93a0","confirmatory",621.002,40.2622923273911,10.0904506411501,39.3899085281412,2.62140409313082,59.4273168170543,22.8918659915038,1621.0521834563,101.817194141487,1551.56489385533,6.87175941948304,33.3170084380464,5.89427442356501,0,0.04,0.343,0.891,13.9255935136293,42.553505188531,10.6888736154546,32.8019361441609,42.5324549126613,10.8578319107787,41.7535732070365,2.43757344674902,61.7909814959496,22.708035345122,1809.00972089756,117.892513802725,1743.36087555536,5.9417643082959,35.0852683765505,6.25788589687857,0,0.01,0.38,0.903,15.6267565509985,46.2343112810927,12.2006919918803,37.0155196868695,41.9739212971663,12.2628892276022,41.0368896051713,2.64091005209467,61.0742978940843,22.9113719504677,1761.81006906071,150.378452208443,1684.02630846701,6.97440590325466,32.62476470653,7.04764459078407,0,0.167,0.467,0.965,18.8738886954749,60.5277366876649,16.9616931832338,51.8540124311076,41.9013369616656,12.9007854882521,40.8865714101762,3.77199862196354,60.9239796990893,24.0424605203365,1755.72203917505,166.430266213895,1671.71172167944,14.2279736040949,32.5260075603205,7.36080761216356,0,0.153,0.435,0.928,18.5987014639887,60.0884376528315,16.6289068587062,51.1410597248738,47.4450730238001,70.7327116106242,13.3009408079279,33.0679010541014,55.6202900697091,63.269663225088,19.495883120802,26.3159837642676,23.287638586824,19.7669602461735,7.6493731553789,6.8201006434656,0,1,0,1,50.447759895319,74.2446427604402,13.3336223696148,33.4090867920504,57.7865155684343,65.6149818845898,19.4158899085916,25.778316199267,23.7968828651212,20.0754644224357,7.82846631615548,6.36242629067543,0,1,0,1,48.4272188257682,73.1215602690895,12.9799551345288,32.5028874898031,56.8112779250586,65.03538717614,19.9348877681307,25.92556781392,24.6943414433213,19.5229323552743,8.22410925108137,5.99068004578931,0,1,0,1,48.2009471470954,73.744966406317,14.1324695325499,33.3133703148996,57.0383707995435,64.9176185482117,20.4942930731562,27.5306251657367,25.5440192592216,19.1809007823497,7.87924774866819,7.0363320925805,0,1,0,0
978,500,2,1,"L'Ecuyer-CMRG","10407_-1446013538_1985929854_-1431578389_1779323246_-1731291205_-1460648187","10407_-1862811463_-651489755_1605884159_-1676239194_-218006895_278366660",1619639235,1368733398,1279448516,3656816,680955773,346070728,1420717444,91.5969999999979,6.34100000000035,5.47300000000178,2.14400000000023,2.53700000000026,488.431,1,NA,"45cb0a1bed0c","not-a-git-build","bbd3d4119dab4c61438d29ca56ae93a0","confirmatory",620.936000000002,33.0149236935924,6.51485607676317,31.848903381861,0.501614945606882,51.9378009150474,20.6500649556341,1089.98518649373,42.443349700938,1014.35264662711,0.251617553656195,26.7605803302442,3.77124392550037,0,0.077,0.559,0.998,11.8152574385961,35.8715271342656,11.237808253073,33.7355080302336,34.2061123355916,6.27522995500659,33.0169321039234,2.79144028678916,53.1058296371098,22.9398902968163,1170.05812111511,39.378510988212,1090.11780555509,7.79213887470953,27.4208214950653,3.73691688451021,0,0.076,0.64,1,13.1700724048588,39.2752316159454,12.4295030742081,36.8067394853322,34.0012603802725,6.37504678600262,32.5859635729872,1.09505496571415,52.6748611061736,21.2435049757413,1156.08570744709,40.6412215237224,1061.84502198005,1.19914537793522,25.7599881634366,4.21875540677676,0.009,0.29,0.795,1,15.8988127089632,50.5271274200506,16.7014184968435,51.5589950890809,34.2538137338319,6.6925969531474,32.6518862385687,0.481883902498236,52.7407837717551,20.6303339125254,1173.32375531205,44.7908539772778,1066.14567493643,0.232212095486929,25.6728149283344,4.23493688827769,0.008,0.301,0.688,1,15.8822050852459,52.3508645234372,14.6060568882059,49.21037564098,41.8947701007018,63.2101805710534,9.63025924475378,30.4965345378346,48.401171356335,55.4881999811763,17.3242786783766,24.0855774484317,21.3154104703515,20.8662752930808,7.08702862484129,6.76129877005514,0,1,0,1,42.153757179485,64.4010703361636,12.3713664205474,32.4698505487365,49.109224398988,57.0902867412505,19.7444301342816,26.3037248899853,22.2473131566786,20.0984841281891,7.9810623422625,6.55929475570364,0,1,0,1,41.5389772197635,62.8547218385254,11.1784977617029,31.9633921879424,49.4002054013612,56.3127461604971,17.8664375849549,24.5601517714707,21.3157446187619,20.7848944262395,6.91254075913583,6.69371418651575,0,1,0,1,41.1202640387894,63.414510141219,9.84167120116774,30.1148203815317,48.9603104825701,56.5309918863258,17.1502717865266,24.1837210347053,22.2942461024296,20.273149180364,7.5706814037557,7.0334492481787,0,1,0,1
979,500,2,1,"L'Ecuyer-CMRG","10407_-943221534_-1885131289_-839048148_-1021592870_-687549769_1049644912","10407_1878091381_-1982250374_1704964584_-1698935061_1629334530_593451767",1279448516,3656816,680955773,346070728,1420717444,1757967718,1931291510,90.1949999999997,5.40299999999843,6.79500000000189,2.11900000000242,2.02899999999863,485.513999999999,1,NA,"45cb0a1bed0c","not-a-git-build","bbd3d4119dab4c61438d29ca56ae93a0","confirmatory",619.133000000002,31.9019165688951,7.53122903062317,31.0800692327865,2.11726860714388,51.1236275496553,22.1526493430812,1017.73228076874,56.7194107117012,965.970703514803,4.48282635479699,24.8729606078585,4.30356167583416,0,0.173,0.512,0.982,14.6393058945494,43.923295923752,11.0204883563353,33.3189853998592,34.2083223306079,8.8595028465809,33.2899651835712,2.72606995949656,53.3335235004399,22.7614506954339,1170.20931667477,78.490790688575,1108.22178192338,7.43145742406959,26.6396400545504,5.04908825810356,0,0.149,0.459,0.966,15.7695355390058,47.010359929424,11.6923529249195,34.8908708631193,32.7671552722806,8.93503446592498,31.7613115231835,4.27857134928306,51.8048698400523,24.3139520852204,1073.68646463775,79.8348409072672,1008.78090967271,18.3061727909059,23.9581242686857,5.29102162815677,0,0.363,0.629,0.994,18.7598253218544,57.162017953492,16.1915220996396,49.6575612302548,33.8337015252404,7.84588392948197,32.3995593977095,3.12564718736999,52.4431177145783,23.1610279233073,1144.71935889905,61.5578946349034,1049.73144916571,9.7696703399139,24.3978919783878,4.79832600687163,0.018,0.394,0.694,0.999,20.2964173775589,60.6914500595622,15.9637889945475,50.6534050399079,40.3182222547765,62.324255650719,13.5745133328304,30.6965046094694,47.5112650583351,54.7788237143072,19.1682255585626,25.3665531306459,22.0060333959425,17.121991276639,7.26755865597211,6.19832757208329,0,1,0,1,43.8138199083268,64.636368495461,14.0962411853834,31.614246771482,49.2920493579584,57.1336107117923,19.5392263645662,25.9957479288124,20.8225485871342,17.5180055860987,7.84156135383385,6.45652156424627,0,1,0,1,41.4378909234184,61.1329048520089,15.1006917110108,33.6036241880955,48.3661242160921,55.4688717799194,20.9741765176169,27.7559900502289,19.6950139285905,18.5029324770846,7.10274756382731,6.78181353261201,0,1,0,0,41.6460040688876,64.697346170025,12.4449777050376,33.6556095094641,48.3728607763936,56.2906965101074,19.8235477127872,26.4894762818599,23.0513421011374,21.2106318044265,7.91783573371384,6.66592856907274,0,1,0,1
981,500,2,1,"L'Ecuyer-CMRG","10407_-1144690517_346647619_-715738334_634239622_-1068026935_212256044","10407_-1387354068_1429502605_-568175730_-1815007118_-819666539_1304667106",1420717444,1757967718,1931291510,1736569079,1924822522,999678317,1996476884,92.3690000000024,5.91799999999785,5.46600000000035,2.21299999999974,1.99299999999857,478.220000000001,1,NA,"45cb0a1bed0c","not-a-git-build","bbd3d4119dab4c61438d29ca56ae93a0","confirmatory",611.303,36.5428883418618,10.2145255759885,35.3603437184686,-7.23984022614641,55.3824209160017,12.6493671456285,1335.38268836578,104.336532742524,1250.35390788824,52.4152865001277,29.5544810863005,5.8247655514519,0,0.09,0.428,0.966,12.5517785475537,42.0102093412891,13.4676671511668,39.7466807565553,38.5806758983283,12.0247130388985,37.5736556937191,-7.77055757103719,57.5957328912523,12.1186498007377,1488.46855277185,144.593723667856,1411.77960219015,60.3815649648034,31.5422490362417,6.88046597979277,0,0.053,0.405,0.931,14.1117570064583,42.2331642309553,14.4607199605948,42.738034802031,38.3609451566755,16.4824844932309,36.6085364325569,-6.1482108621108,56.63061363009,13.7409965096641,1471.56211331346,271.672295069599,1340.18493973384,37.8004968049773,28.6792366451604,9.43936489785403,0.009,0.311,0.397,0.917,19.3910827836785,58.9532941846525,19.7905328023317,58.8639228596575,38.3582704287481,16.2205810034093,36.9058601971751,-6.85909247837032,56.9279373947082,13.0301148934045,1471.35691028497,263.107248088161,1362.04251689343,47.0471496268362,28.6582823541673,9.12073022203125,0.003,0.373,0.432,0.951,19.3175310278143,60.6784087292026,20.4131015467743,60.1480486675605,44.5841360040834,66.2288772268237,3.78645207593159,22.1349848289015,51.5782089672721,59.242823286832,9.31967678893871,15.8676160282091,21.6447412227403,18.3485327529699,7.6646143195599,6.54793923927034,0,1,0,0,46.5612674195817,68.9535746222703,2.14751381124323,20.841300489531,53.3171880073731,61.6357749787642,8.90206272026627,15.4540482292909,22.3923072026885,18.6937866782878,8.3185869713911,6.55198550902465,0,1,0,0,45.1431177664707,68.7925528452858,4.50543192840255,23.2757134095431,52.6058052237495,60.6028394079066,10.3319365510147,17.2401748277297,23.6494350788151,18.7702814811405,7.99703418415701,6.90823827671507,0,1,0,0,45.7952874768769,68.4481188878012,3.47912702175672,22.1826339166478,52.9991218154762,61.0601000134834,9.78271252194696,16.2681517724912,22.6528314109243,18.7035068948911,8.06097819800717,6.48543925054429,0,1,0,0
980,500,2,1,"L'Ecuyer-CMRG","10407_811210797_480953327_1486320939_269420870_-726820739_-10303877","10407_-1181764051_-1939830077_1647513199_557721293_-903153330_-1532536129",680955773,346070728,1420717444,1757967718,1931291510,1736569079,1924822522,90.8970000000008,5.84100000000035,7.09599999999773,2.11799999999857,2.17900000000009,485.289000000001,1,NA,"45cb0a1bed0c","not-a-git-build","bbd3d4119dab4c61438d29ca56ae93a0","confirmatory",620.27,43.6943647709781,9.15323096474628,42.889910426213,-0.593524923754906,63.048793605953,19.5618947256098,1909.19751273929,83.7816370939902,1839.54441636857,0.352271835118267,37.7605726534041,5.33410389617088,0,0.002,0.351,0.912,11.5854128912634,35.847078351715,10.097463499266,30.4081618720559,46.1442971013966,9.37037317154228,45.308772788812,0.146943677410491,65.467655968552,20.3023633267752,2129.29615498195,87.8038933739593,2052.88489162819,0.0215924443309183,39.2512206852709,5.39483739677266,0,0,0.407,0.962,14.2087742689683,41.9890524764727,11.822178045974,35.8980550368874,44.2998891889387,10.0303998205295,43.3272480994567,-0.648172159924385,63.4861312791967,19.5072474894403,1962.48018215225,100.608920559678,1877.25042787187,0.420127148901043,35.9300233438375,5.7852308168247,0,0.016,0.496,0.979,16.3069956981902,52.0290605636275,15.0366543703333,49.1771004002366,45.8203297534443,10.4231544334647,45.0238002639609,-0.590018231803874,65.1826834437009,19.5654014175609,2099.50261871437,108.642148343855,2027.14259020905,0.348121513860971,38.0910909181018,5.95266814058466,0,0.01,0.47,0.967,14.7795788147774,49.106883962584,14.7369985375014,45.4914988996905,53.1822980672499,73.6206509815762,9.42222362278657,29.2021921852729,59.0703243904779,66.7493188436413,16.3476745785991,23.1788015446462,20.4383529143262,19.7799685624863,7.67899445316346,6.83112696604707,0,1,0,1,53.8133268860417,76.7110293818672,9.78654266128503,29.9683371800046,61.218496738259,69.5041769966944,17.0535744934714,23.6555217535401,22.8977024958255,20.1817945187196,8.28568025843545,6.60194726006868,0,1,0,1,52.6015015744083,74.1975633888328,8.31205867081968,28.7021068465277,59.8444313153591,67.1088314697183,15.8667699488731,22.9875168567806,21.5960618144245,20.3900481757081,7.26440015435918,7.12074690790751,0,1,0,1,53.9918661665384,76.6675311547406,9.94098947958633,29.2536552157503,61.0573996468861,69.2348078643107,16.2661055017329,23.0432489018395,22.6756649882022,19.312665736164,8.17740821742457,6.7771434001066,0,1,0,1
982,500,2,1,"L'Ecuyer-CMRG","10407_1650429644_119460882_-1814974813_520952288_829272947_-405915407","10407_1249460014_1021071073_1857412500_-157657597_2021828623_1610136667",1931291510,1736569079,1924822522,999678317,1996476884,107285896,495570693,93.25,6.04699999999866,5.39600000000064,2.17299999999886,2.37199999999939,483.865999999998,1,NA,"45cb0a1bed0c","not-a-git-build","bbd3d4119dab4c61438d29ca56ae93a0","confirmatory",616.914000000001,44.2460639762604,9.06015796300932,43.4570479180607,-5.54911101400828,63.1038013789571,14.1303569989955,1957.71417739133,82.0864623146812,1888.51501375262,30.792633045788,38.1088704425123,5.1957935523204,0,0,0.385,0.951,12.24481615298,37.5584024049477,10.4556498074096,31.6613457026402,46.4987874375399,8.34304878574738,45.6534240487191,-4.51483547196677,65.3001775096155,15.164632541037,2162.13723316152,69.6064630413609,2084.23512737217,20.3837393389294,39.8028478024244,4.76458191484431,0,0,0.451,0.984,13.5737242920109,40.785716717959,11.5170602234505,34.834211598954,45.6371893346289,8.62416740568095,44.5531575064102,-6.12829711262111,64.1999109673065,13.5511709003827,2082.75305036477,74.3762634412097,1984.98384379099,37.5560255005602,36.8250684599688,5.12966342380505,0,0.048,0.584,0.998,17.8540303888318,54.2444252691914,15.5109694067155,49.8641426496554,45.7158512312323,8.44633128432891,44.9340113948402,-4.65500427973521,64.5807648557365,15.0244637332686,2089.93905379617,71.3405121646332,2019.06538003163,21.6690648443531,37.9673338879108,4.85302561856139,0,0.047,0.475,0.999,14.9525587618203,49.6292685619743,12.5842971988016,41.9031207398573,52.2434907114448,73.7286542152011,5.46099885673987,23.3883073434279,59.3130376195726,67.0933096965945,11.120292956769,16.9468752800446,21.4851635037563,17.927308486688,7.78027207702194,5.8265823232756,0,1,0,0,56.0190039666254,74.0533947300723,6.42046873940047,24.8258520687604,62.0663868919936,68.5780966054255,11.7592570569153,18.1012082407825,18.0343907634469,18.4053833293599,6.51170971343185,6.34195118386726,0,1,0,0,53.8071481036217,74.8508762134948,3.87831715578009,23.5974955027799,60.702853533191,67.5612237721996,10.1956370669961,17.1225666926281,21.0437281098732,19.7191783469998,6.85837023900859,6.92692962563204,0,1,0,0,53.1106666988153,75.7178923904453,6.53602271831788,23.8739375803442,60.2905994944472,68.7318654313642,11.6351885748371,18.4026346686088,22.6072256916301,17.3379148620264,8.44126593691699,6.7674460937717,0,1,0,0
983,500,2,1,"L'Ecuyer-CMRG","10407_-871341021_-1692141440_-1230789027_-430249939_489449564_-1515702668","10407_-477525434_1018463012_-15196982_504105359_627446337_799531975",1924822522,999678317,1996476884,107285896,495570693,271089772,2028220165,94.7109999999993,6.14799999999741,5.36200000000099,2.26399999999921,2.31000000000131,492.669000000002,1,NA,"45cb0a1bed0c","not-a-git-build","bbd3d4119dab4c61438d29ca56ae93a0","confirmatory",628.857,36.745466031791,8.05438610642819,36.0716514034361,-0.758761408709798,55.8632502243395,19.1857825358607,1350.2292738935,64.8731355514234,1301.16403497101,0.575718875347278,30.8510733405075,4.59611947863695,0,0.004,0.417,0.972,11.6896773266759,36.7490760168113,10.303766986563,30.1704511788978,38.2788697059321,9.01858888113529,37.6676137632876,-0.943338764388411,57.459212584191,19.0012051801821,1465.27186596373,81.3349454069371,1418.84912662021,0.889888024397854,31.5533097121876,5.13482680862017,0,0.003,0.47,0.97,13.8242827694451,43.0433170039087,12.5134733583242,37.1181492576056,37.9348201492035,10.2158619476589,37.1258937367076,-1.04417790512011,56.9174925576111,18.9003660394504,1439.05057975241,104.363835333625,1378.3319857493,1.09030749754102,29.067433895579,5.90158905916734,0,0.212,0.573,0.987,18.2610860707334,59.1336360248048,16.8202056393078,51.9053493374017,38.3284332881524,9.82783396982214,37.4908873973917,-1.44887713707482,57.2824862182952,18.4956668074957,1469.06879832435,96.5863205383899,1405.56663784391,2.09924495833814,29.0275008348622,5.64453737007404,0,0.258,0.552,0.992,19.1152630471137,61.645206183598,15.9662670491303,48.0832167137467,44.0530103502985,66.5915397486277,9.50146410058329,28.8186478360497,52.2102690463424,59.4695259056827,15.4285860165938,22.7056874029223,22.5385293983291,19.3171837354664,7.25925685934029,7.27710138632852,0,1,0,1,46.2348458259569,67.9799452389976,8.50792741535209,29.7236182747147,53.2955635804346,61.2567161893081,15.4630753731176,22.5737165853378,21.7450994130406,21.2156908593626,7.96115260887343,7.11064121222026,0,1,0,1,45.3751512985842,67.2524781876848,10.2836165254079,27.7756915262273,53.3949736072765,61.36250060926,15.5584452998369,22.0443660514549,21.8773268891006,17.4920750008194,7.96752700198353,6.48592075161796,0,1,0,1,45.5054313026426,67.2038906145433,7.44742525505751,28.376566750253,53.5200747416084,61.2269280783353,14.9478638979921,22.0362918138684,21.6984593119007,20.9291414951954,7.70685333672687,7.08842791587632,0,1,0,1
984,500,2,1,"L'Ecuyer-CMRG","10407_1728186281_-408448136_122354617_-1366878046_-1742689639_-1866771284","10407_672585435_-1586895014_-1499137727_-1059109503_-509456888_502615837",1996476884,107285896,495570693,271089772,2028220165,871750752,872370905,93.2549999999974,7.63299999999799,5.38600000000224,2.43599999999788,2.09100000000035,489.859,1,NA,"45cb0a1bed0c","not-a-git-build","bbd3d4119dab4c61438d29ca56ae93a0","confirmatory",623.805,27.3131322775575,8.26585565417035,26.1814141444238,1.53366799420061,46.339293604668,21.6078261573539,746.007194811356,68.3243696955799,685.466446601832,2.35213751643532,20.8110588315402,4.72889717424985,0,0.23,0.41,0.987,12.590603854944,39.2803782396197,10.8602663591176,34.1965776863337,31.1236430358719,8.75003247135611,30.0590372124909,2.35651974312666,50.2169166727351,22.43067790628,968.68115582438,76.5630682497863,903.545718141914,5.55318529974576,24.4628006900691,4.97036411397732,0,0.115,0.466,0.981,12.8586013206296,39.5602840244334,12.3984613123802,36.6979306506006,28.0156258841756,8.95589382774361,26.6691787425654,0.882463830173826,46.8270582028096,20.9566219933271,784.875293682089,80.2080342538162,711.245094802904,0.778742411565059,19.9013381752185,5.22637549627572,0.014,0.414,0.546,0.994,15.3926650805952,52.021371621431,15.0140286285919,48.0465260825953,28.8649691399741,8.59893618342568,27.7269151783016,2.32203560326819,47.8847946385458,22.3961937664215,833.186443451657,73.9417034866274,768.781825304733,5.39184934284507,21.1536233647234,4.99735365448301,0.001,0.384,0.526,0.996,14.2909197065653,50.0901482413789,13.7671419633745,47.1470499216842,33.0268006899194,57.7063349318164,12.1397493959458,31.5743428493488,42.4921580666533,50.8528601996018,17.9280889148352,24.9076937626138,24.679534241897,19.434593453403,8.36070213294855,6.97960484777865,0,1,0,1,39.1949585231318,61.6701349017167,13.9712836844059,31.1190820093056,46.2057089654406,54.0418210338022,19.2631341254988,25.4869075476903,22.4751763785849,17.1477983248996,7.83611206836152,6.22377342219142,0,1,0,1,36.0774959517966,57.4572676549605,10.9372294485561,31.4801419587325,42.5258753649673,50.9878738352816,17.631068068331,24.5388851306953,21.3797717031639,20.5429125101764,8.46199847031429,6.90781706236429,0,1,0,1,37.9274927583464,59.8474123174998,11.1500216521741,32.6155094605387,43.7480900053814,51.7059492034162,19.3212615989309,25.4335399501065,21.9199195591534,21.4654878083646,7.9578591980348,6.11227835117557,0,1,0,1
985,500,2,1,"L'Ecuyer-CMRG","10407_-560428771_-1539271385_1402632017_634406576_-1498624354_-298254805","10407_-1163185369_586216714_-1981743033_16617446_-1493787841_-1316639426",495570693,271089772,2028220165,871750752,872370905,1151156791,1972727011,93.4170000000013,6.3179999999993,5.48300000000017,2.26499999999942,2.05099999999948,487.412,1,NA,"45cb0a1bed0c","not-a-git-build","bbd3d4119dab4c61438d29ca56ae93a0","confirmatory",622.023000000001,28.6412003442757,8.72980890413828,27.5665088265743,4.28502251049579,47.3205673635649,23.978534754029,820.318357160937,76.209563502772,759.9124088856,18.3614179154556,22.8848181582075,5.02165870345161,0,0.111,0.37,0.972,10.6355304549726,33.4903839696075,9.82746599229149,30.851499195925,30.3765927563772,9.26427231859462,29.1316736654614,5.09329280941618,48.885732202452,24.7868050529494,922.737387486787,85.8267415930785,848.654410550937,25.9416316424506,23.9749745202144,5.35530686603932,0.001,0.133,0.406,0.93,12.1522662151257,36.68776635744,10.8032861850378,34.017180359794,29.893082215106,7.87717801772553,28.6288065938732,4.79192835973219,48.3828651308638,24.4854406032654,893.596364319089,62.0499335229382,819.6085669894,22.9625774048057,22.58110451935,4.7567790964005,0.003,0.273,0.659,0.999,13.6318147202064,44.4910919559775,15.1905603045185,47.403910774124,30.0301165639659,8.60906785694084,28.7324611169606,4.87213856703409,48.4865196539512,24.5656508105673,901.807900845382,74.116049365412,825.554321837652,23.737734216381,22.4573084990531,5.03252444432535,0.01,0.339,0.496,1,13.6818183613445,47.5825228283277,13.0406179837393,46.9675464947326,37.4295266027764,56.8800667848343,15.2339502602943,32.8080422664663,43.9943479304173,50.8004110093044,20.6685537096535,27.323850425994,19.4505401820579,17.574092006172,6.80606307888712,6.65529671634054,0,1,0,0,38.6959692041969,59.2437384964974,16.2655097173973,32.9759527620745,45.5720683495936,52.0211509018185,22.1830262092429,27.7250995214846,20.5477692923005,16.7104430446772,6.44908255222489,5.54207331224163,0,1,0,0,37.8871370089812,57.9607167079809,15.0127984245893,34.3429441892095,44.9937769486577,51.6122964431414,20.9329202771336,28.4180306274579,20.0735796989998,19.3301457646202,6.61851949448371,7.48511035032424,0,1,0,0,37.5658196679212,59.0729495764007,13.8475556288376,33.8282903226788,45.059992708544,52.0385771295611,21.3657214222395,28.1311779491028,21.5071299084795,19.9807346938411,6.97858442101715,6.76545652686328,0,1,0,0
986,500,2,1,"L'Ecuyer-CMRG","10407_650608578_-405768220_669290015_-602004438_-2087600143_166779839","10407_1492096288_-120048067_-669872382_-1702746788_-2101748447_1850845306",2028220165,871750752,872370905,1151156791,1972727011,1247965201,449664949,91.3050000000003,6.38200000000143,6.27799999999843,2.17099999999846,3.21600000000035,487.531999999999,1,NA,"45cb0a1bed0c","not-a-git-build","bbd3d4119dab4c61438d29ca56ae93a0","confirmatory",620.501,44.8885548328321,8.36111136962978,44.1376726690175,-2.71949148957892,63.8134111850701,16.8011635193356,2014.98235498018,69.9081833353524,1948.13414863733,7.39563396189216,38.8627784148646,4.7810308199094,0,0,0.434,0.979,11.7407565846163,36.9029722397027,11.2650218064015,33.8230570434029,45.8131369240925,8.99348274956368,45.1144158438243,-3.03040972832576,64.790154359877,16.4902452805887,2098.84351482565,80.8827319666994,2035.31051692951,9.18338312153143,39.5856191874113,5.10696873437111,0,0,0.495,0.989,12.39552248477,39.1164949605956,13.2407897769676,39.3007776210457,44.4560872666561,12.7878304558812,43.6711681708903,-3.3355035336328,63.3469066869429,16.1851514752817,1976.34369506055,163.528607768363,1907.17092941018,11.1255838228769,37.2596722656785,7.33754815825768,0,0.03,0.466,0.995,13.38962836573,45.8191578294819,17.8071562977702,53.6925857136273,45.2394396114307,9.70497772607387,44.5592004061525,-2.6697384245629,64.2349389222052,16.8509165843516,2046.60689635629,94.18659266359,1985.52234083566,7.1275032555876,37.4425294953207,5.62452265559022,0,0.024,0.568,1,15.4923902468251,50.7168006909242,16.6299479573405,50.4936422707816,54.0100324320803,73.7240858387625,8.49317432273359,26.9620421605359,60.5714880273431,67.157178085372,13.6342955989625,19.6407499120256,19.7140534066822,18.4688678378023,6.58569005802892,6.00645431306313,0,1,0,1,54.3562349533597,74.7542708709729,7.76431476528996,26.7982499406333,61.069241126919,68.6693629710367,13.22711115598,19.6232202270897,20.3980359176132,19.0339351753433,7.6001218441177,6.39610907110963,0,1,0,1,52.4800973638794,73.3546599441883,7.24384480962633,25.5356562956857,59.7050629135683,66.8622451006341,12.7709913921945,19.5295818042943,20.8745625803088,18.2918114860594,7.15718218706575,6.75859041209984,0,1,0,1,53.9944851149762,76.7553981769126,6.69270380886163,27.2958746825044,60.5093104809501,67.6613530123858,13.5983357061355,19.7709453551348,22.7609130619364,20.6031708736428,7.15204253143574,6.17260964899926,0,1,0,1
987,500,2,1,"L'Ecuyer-CMRG","10407_-948056896_1076228794_-33178401_-1885849009_-506744500_1507780171","10407_-1816374797_-1268447178_-42993109_901759737_-612909163_-1778793322",872370905,1151156791,1972727011,1247965201,449664949,1122233037,1218832594,93.3869999999988,5.41800000000148,7.07299999999668,2.0570000000007,2.03999999999724,492.795999999998,1,NA,"45cb0a1bed0c","not-a-git-build","bbd3d4119dab4c61438d29ca56ae93a0","confirmatory",629.574000000001,40.2195303458448,10.5650360857323,39.3997841204537,-6.38316134050617,59.6835035973094,13.9996560227313,1617.61062124033,111.619987492826,1552.34298873836,40.7447486989326,32.8482755481281,6.05327238398861,0,0.032,0.397,0.901,15.2788941592241,45.5688964467809,11.8602425727949,35.0078786439772,41.166197698888,10.7738403600662,40.1961393794937,-6.33382821555118,60.4798588563495,14.0489891476863,1694.65583298393,116.07563610419,1615.72962101569,40.1173798641122,33.6781271692631,6.16940701780863,0,0.03,0.4,0.905,15.3164990972227,45.2522692963292,12.3515500393593,36.2539983923098,41.9077793348406,11.0269282704039,40.5237799855045,-6.17522910127374,60.8074994623603,14.2075882619638,1756.2619687777,121.593147080633,1642.17674431358,38.1334544532181,32.2085634635732,6.29199348272368,0,0.245,0.499,0.974,19.9389345211481,59.3929728029476,15.3491689734795,47.6094723166206,40.87754412786,12.1385902972321,39.5527010261044,-6.45048765743601,59.8364205029601,13.9323297058015,1670.97361392514,147.345374404057,1564.4161584604,41.6087910187342,31.0509363535837,6.82475172352442,0.003,0.231,0.454,0.954,19.9926209491455,60.8361992403538,15.571941161211,47.8609543462597,48.7809914402941,72.6436587639432,4.65719331748707,23.7675242396947,55.7256942849225,62.9838400767996,11.0421656667621,17.2995835380741,23.8626673236491,19.1103309222076,7.2581457918771,6.25741787131194,0,1,0,0,50.1461460494671,71.6783341331554,4.05081415588922,23.3645961112421,56.5178043538302,64.0544450773656,10.8439881946358,17.7919329120731,21.5321880836883,19.3137819553529,7.53664072353546,6.94794471743729,0,1,0,0,49.8617074350525,71.7060848658262,4.0938107806949,23.9327654306507,56.7294747189931,64.7528750686114,11.031678766411,17.5194757349713,21.8443774307737,19.8389546499558,8.02340034961826,6.48779696856032,0,1,0,0,48.3296252065819,71.8566692048778,5.36195595457616,22.7979158765532,55.9642464128326,63.8175424595417,10.4642805797382,17.2852591208893,23.527043998296,17.435959921977,7.85329604670906,6.82097854115114,0,1,0,0
988,500,2,1,"L'Ecuyer-CMRG","10407_-1357074354_-1765878623_-623715186_1225708881_1031042509_1502494097","10407_1089416102_1156782426_-687559070_153441387_-1480045220_611628473",1972727011,1247965201,449664949,1122233037,1218832594,296543094,797685559,89.594000000001,7.53600000000006,6.17799999999988,2.68400000000111,2.05199999999968,487.635000000002,1,NA,"45cb0a1bed0c","not-a-git-build","bbd3d4119dab4c61438d29ca56ae93a0","confirmatory",618.728999999999,37.4900197969398,8.96468029186607,36.5203356871822,2.70707783827038,56.5354261111719,22.7909610819014,1405.50158437494,80.3654927353718,1333.73491870447,7.32827042245465,31.3102963439059,5.17355972690632,0,0.025,0.384,0.942,11.4367227364836,37.0809233767276,10.6045320213199,31.9067773927495,37.9998276003411,9.09245112135097,36.937124291636,2.51302089654558,56.9522147156258,22.5969041401766,1443.98689765565,82.6726673941566,1364.35115093577,6.31527402647473,31.1991081713419,5.20395899486778,0,0.054,0.468,0.976,12.8957202646374,40.6106692128133,13.0510799913922,38.1335106111664,37.5578526970227,9.77768418638053,36.3857402452751,3.03049017862336,56.4008306692648,23.1143734222544,1410.59229921125,95.6031080485959,1323.92209319663,9.18387072273262,29.4502032128097,5.72185180332805,0,0.185,0.589,0.993,14.9431982348309,49.9982450262619,16.9696869205785,52.3443968524252,37.2314995648826,10.3929568095528,36.104766485911,2.48968341341922,56.1198569099007,22.5735666570503,1386.18455984986,108.013551245231,1303.55416300216,6.19852349905479,29.0986891148584,5.98797364294485,0,0.218,0.462,0.974,14.9039268670961,51.4276124043808,14.5748176690172,46.9315629714068,45.9291424032377,67.3336857416257,13.1368947973508,32.2814908640889,53.0889836174309,60.0699797634889,19.366712496311,26.0612278438813,21.4045433383881,19.1445960667381,6.980996146058,6.6945153475703,0,1,0,1,46.8994199225991,67.7535388147827,11.578114586193,33.2255745852355,53.6598400523704,60.2297999063771,19.0700917770271,26.1447433992732,20.8541188921836,21.6474599990426,6.5699598540067,7.07465162224617,0,1,0,1,46.0717277812045,65.9544832313636,13.727276437989,32.3090183551619,53.1788648189601,60.0709069888455,19.6850074166035,26.3987565415597,19.8827554501591,18.581741917173,6.89204216988543,6.71374912495621,0,1,0,1,44.2626710202623,66.6887804977634,12.4695681258734,32.0296193865414,52.800667407463,59.7987088280107,19.4006232930876,26.318362167212,22.4261094775012,19.560051260668,6.99804142054765,6.91773887412432,0,1,0,1
989,500,2,1,"L'Ecuyer-CMRG","10407_414169063_-601519231_122337120_-595950600_1287220196_-193332926","10407_1826987113_-136974490_1111306550_1319921382_2010226266_1109536947",449664949,1122233037,1218832594,296543094,797685559,1592662276,1530779490,89.0400000000009,5.4900000000016,6.96299999999974,2.0779999999977,2.07300000000032,495.448999999997,1,NA,"45cb0a1bed0c","not-a-git-build","bbd3d4119dab4c61438d29ca56ae93a0","confirmatory",627.950000000001,31.7479665305534,11.0607302021535,30.9172862142213,4.86568097172947,51.2047901501537,25.1424982436643,1007.93337882514,122.339752604831,955.87858685208,23.6748513186503,25.2106022836861,6.54855001298731,0,0.1,0.318,0.821,13.382346052669,39.743649942374,10.3741371319171,31.1632300731748,34.2666742052604,12.0933278095803,33.1942265020767,7.42314438480567,53.481730438009,27.6999616567405,1174.20496108946,146.248577509967,1101.85667307117,55.103072557672,26.9491999540865,7.22568604531717,0.001,0.088,0.316,0.787,14.6747640482757,44.1798804719821,10.3627591953872,31.8666679469454,35.0835937745529,13.326416435837,33.0257180918768,7.13129161768411,53.3132220278092,27.4081088896189,1230.85855213784,177.593375021346,1090.69805548412,50.8553201364516,24.1497584493958,7.78033945308792,0.021,0.514,0.364,0.886,22.878097762623,67.6227809895361,13.7287137511174,44.1970561480816,33.132580679242,12.8440697276658,32.0699617657703,6.25028621553328,52.3574657017027,26.5271034874681,1097.76790246648,164.970127169142,1028.48244765797,39.0660777760854,24.2347521010263,7.51628177367269,0.003,0.343,0.357,0.867,18.7197700163167,57.456373257167,12.4089895510616,39.8506750350147,39.8305226916263,61.400739629115,16.2449508496448,34.9517328133543,47.6557470071022,54.8387765365654,21.9834084345,28.2337862178744,21.5702169374887,18.7067819637095,7.18302952946317,6.25037778337443,0,1,0,0,43.8600371027881,63.802174797658,18.9856875360865,36.1353530142152,50.1062766215603,56.8137187369517,24.8378831131654,30.7869388107262,19.94213769487,17.1496654781287,6.70744211539139,5.94905569756086,0,1,0,0,42.963588508047,65.0230141046401,18.266086827392,36.442524421619,49.7115415751738,56.9131612095347,24.6555310727634,30.1420281478535,22.0594255965931,18.176437594227,7.2016196343609,5.48649707509006,0,1,0,0,42.3493168984736,62.5862415331522,15.7907452593564,36.5118628390063,48.2150172285059,56.1693770797062,22.8002649884856,30.1278412290948,20.2369246346786,20.7211175796499,7.95435985120031,7.32757624060917,0,1,0,0
990,500,2,1,"L'Ecuyer-CMRG","10407_1638004868_-37015074_-629800704_-905993424_2095978879_-1095743192","10407_1157786138_861987665_-1860657677_959113248_-91214926_1074912245",1218832594,296543094,797685559,1592662276,1530779490,575830400,1886662949,89.5289999999986,6.28600000000006,7.28499999999985,2.58699999999953,2.79999999999927,501.235999999997,1,NA,"45cb0a1bed0c","not-a-git-build","bbd3d4119dab4c61438d29ca56ae93a0","confirmatory",634.661,42.695040275747,5.82267504723397,41.9546137312694,2.80115562489402,62.2384463187521,23.1527094782329,1822.86646414766,33.9035447056811,1760.18961334002,7.84647283487542,35.9173718375662,3.40845862629021,0,0.002,0.701,0.993,14.0013937858433,41.9748812537224,11.2998292297062,32.2741799166724,44.45696596307,5.31414157575146,43.6092057813419,2.49098961265672,63.8930383688246,22.8425434659956,1976.42182264157,28.2401006871302,1901.76282887943,6.20502925036365,37.5297322511851,3.34590264720209,0,0.001,0.765,0.999,14.0715756322562,42.2658304472076,12.3680594345786,36.7540141966302,43.355671331982,6.70113621176384,41.7713941352687,2.27101819292744,62.0552267227514,22.6225720462663,1879.71423664685,44.9052265286126,1744.84936800396,5.15752363260743,33.3675375530189,4.37859632206265,0,0.236,0.791,1,20.3613155762411,60.134249074324,17.2160109178802,52.2088510652583,44.4405039482478,10.1930611349974,42.6917044864544,2.76414519894025,62.975537073937,23.1156990522791,1974.95839117423,103.898495301795,1822.58163195875,7.64049868082443,34.5729990701048,5.87377175722819,0,0.154,0.541,0.996,19.117338378108,57.1006100932709,16.1437658531839,50.2362916673083,50.6726096738151,71.863643235165,12.9931458456151,32.5375234787979,58.7560562633657,65.8647628382056,20.035214173852,26.5091557844157,21.1910335613499,19.5443776331828,7.10870657483991,6.4739416105637,0,1,0,1,52.7759121410433,75.3239246011832,13.6562373222783,32.2576252856727,60.1129312880615,67.6505913045462,19.7302549996958,26.0757717872859,22.5480124601399,18.6013879633943,7.53766001648465,6.34551678759016,0,1,0,1,50.8602493847109,73.1620600646258,13.784992532812,32.6323943705165,58.1398174811108,66.0721465583848,19.160022789295,25.6999511936602,22.3018106799149,18.8474018377045,7.93232907727408,6.53992840436518,0,1,0,1,51.4496833376269,74.7282485797419,13.8021153175431,31.5068797760902,59.3990616124348,66.7922028617753,19.9871749358977,26.4888129377308,23.2785652421149,17.7047644585471,7.39314124934049,6.50163800183304,0,1,0,1
991,500,2,1,"L'Ecuyer-CMRG","10407_1264854715_148761234_1513265095_-1631725492_1123916153_2123917291","10407_1644736317_-756146172_-177196619_1577980351_1912442083_-1700086961",797685559,1592662276,1530779490,575830400,1886662949,448639047,1146477959,90.8770000000004,5.3739999999998,7.26800000000003,2.09999999999854,2.70500000000175,508.144,1,NA,"45cb0a1bed0c","not-a-git-build","bbd3d4119dab4c61438d29ca56ae93a0","confirmatory",641.721000000001,29.0623372539281,7.47181512464878,27.9908447534073,1.30557514547085,47.9908365999572,21.430498297343,844.619446661059,55.8280212569303,783.487390009349,1.70452646047123,22.8070909717174,4.25404720709826,0,0.149,0.507,0.977,12.2584814152138,36.6546436327811,11.0612779007254,33.0741303409681,31.7019361583821,6.47662054823676,30.5870719589973,1.89104760478237,50.5870638055472,22.0159707566545,1005.01275619013,41.9466137258427,935.568971024881,3.57606104355313,25.0644341019883,3.85530967636469,0,0.09,0.705,0.989,12.8891987434689,38.6557180440255,12.6281389280393,37.4891605537354,30.375226700897,7.32050838085789,29.0094521602418,3.11187377804725,49.0094440067916,23.2367969299194,922.654397130884,53.5898429542106,841.548314637355,9.68375841049807,22.6228551136199,4.53120689809973,0.002,0.269,0.76,0.996,15.0105357224807,46.1303788707164,16.2529046878424,49.6063173054639,30.7164502517168,6.36809785868253,29.7998221882236,2.68681530632943,49.7998140347735,22.8117384582016,943.500316066192,40.5526703377571,888.029402449746,7.2189764903261,22.9880585314835,4.09387601093826,0,0.266,0.782,0.998,15.5471532773927,49.0948071764502,15.9444163269022,47.1557158890435,38.1660523151978,58.9456999800263,12.3565485098431,31.0044503455873,44.046251288386,51.6447004707368,18.1208197865022,24.5615997865771,20.7796476648285,18.6479018357443,7.59844918235085,6.44078000007488,0,1,0,1,39.8687471372214,59.7253367017192,14.010740885879,30.4155072261582,46.9126200259473,54.5689442046155,18.6996852528986,25.3494170221057,19.8565895644978,16.4047663402792,7.6563241786682,6.64973176920711,0,1,0,1,38.0700457362061,59.6652813576321,13.7049783568448,32.7507246121508,45.2165812279966,52.7267046586456,20.0891112409132,26.5495889689132,21.5952356214259,19.045746255306,7.51012343064892,6.46047772799994,0,1,0,1,38.5299196139474,59.9382769280265,13.5849154614026,32.6188301417355,46.0847249666547,53.5427017484071,19.6703637943262,26.1743964960677,21.4083573140791,19.0339146803329,7.45797678175231,6.50403270174146,0,1,0,1
992,500,2,1,"L'Ecuyer-CMRG","10407_-1641282243_396833127_-462390454_-375607806_1950805413_791840269","10407_-1757612378_-1064142261_-1099191917_1777078387_-936508865_1160730909",1530779490,575830400,1886662949,448639047,1146477959,1418210620,1260052811,90.0569999999971,7.61899999999878,6.77699999999822,2.52399999999761,2.61300000000119,495.370000000003,1,NA,"45cb0a1bed0c","not-a-git-build","bbd3d4119dab4c61438d29ca56ae93a0","confirmatory",630.399999999998,40.6029704542593,9.37676313254555,39.7574377028045,2.58505093145077,59.9203071012161,22.6777249400368,1648.60120970945,87.9236868438654,1580.65385269238,6.68248831819447,33.7483582350306,5.47622674889744,0,0.02,0.339,0.883,14.139141161896,41.6918522774318,9.82579945308739,30.0917644261679,41.1554221416389,9.61528812381408,40.16077354071,3.69426096492631,60.3236429391215,23.7869349735123,1693.7687716565,92.4537657039601,1612.88773138819,13.6475640769783,34.0276565435556,5.5627308766826,0,0.031,0.392,0.914,14.5371230069768,42.5695741204973,10.7130252131319,32.8955025242367,42.4583387904454,9.44764959182349,41.390664883236,2.75754760889314,61.5535342816476,22.8502216174792,1802.71053284424,89.2580828098826,1713.18713947635,7.60406881531226,33.371071145074,5.40599410040882,0,0.169,0.424,0.988,18.3546919927876,57.3579741786832,12.3453801145814,41.0319682374125,41.9125227393213,10.2212719089316,40.7727178053532,3.19878192325189,60.9355872037647,23.2914559318379,1756.65956237413,104.474399436314,1662.41451723496,10.2322057925231,32.6528266924651,5.8266923616942,0,0.194,0.448,0.964,18.1561190670773,58.7700877403465,13.9556997844114,43.9729318468771,48.0482148659264,72.3885807411683,13.5573654641593,31.5767720040264,55.530538172924,64.0918069557986,19.5946811642751,26.2022924076665,24.3403658752419,18.0194065398671,8.56126878287458,6.60761124339136,0,1,0,1,50.6450549208408,70.867233749777,14.9612632237797,32.2809520094581,56.9315926415205,63.5265944621961,20.4684303599678,27.2153314851498,20.2221788289362,17.3196887856784,6.59500182067559,6.74690112518199,0,1,0,0,50.7559394823512,71.7038143211897,14.0508823001282,33.2427165464275,57.791309733819,65.6987602004403,19.507490556872,26.294337884396,20.9478748388384,19.1918342462993,7.90745046662128,6.78684732752399,0,1,0,1,48.9700121893462,73.2434415059123,14.4343273125925,33.6722393712842,56.876528575812,64.7535450894705,20.3130674725965,26.5787232264884,24.2734293165661,19.2379120586916,7.87701651365853,6.26565575389187,0,1,0,0
993,500,2,1,"L'Ecuyer-CMRG","10407_455597968_373314358_-1870132891_-152344589_83857709_1904592866","10407_-1428410512_939199193_-809729684_-2127825770_1138959818_1979352807",1886662949,448639047,1146477959,1418210620,1260052811,1531611927,757199529,89.2010000000009,5.42099999999846,6.85699999999997,2.03399999999965,2.01100000000224,479.608,1,NA,"45cb0a1bed0c","not-a-git-build","bbd3d4119dab4c61438d29ca56ae93a0","confirmatory",611.180999999997,29.6893861388581,8.65982880363061,28.2974389921758,-4.13541092333099,48.4898343166123,16.2675263116819,881.459649302217,74.9926349081903,800.745053515909,17.1016235048053,22.7942865400424,4.92599704129507,0.003,0.235,0.473,0.994,12.8624652421387,40.1250241408892,12.619880907106,37.4902867699725,31.8607858967296,7.35287666929353,30.1611400951601,-3.14450253366479,50.3535354195966,17.2584347013481,1015.10967795724,54.0647953138411,909.694371839873,9.88789618422427,24.2648342846071,4.21731697631226,0.006,0.198,0.544,1,14.5966019393603,41.9069397351486,12.5367144242168,37.6894006558619,31.0017406600989,6.86794812355986,29.1987736643181,-2.01357809132802,49.3911689887546,18.3893591436849,961.107923956028,47.1687114279094,852.568383500075,4.05449672987618,22.2632351567333,4.612700541737,0.015,0.398,0.837,1,16.6128572376493,52.6332365877467,18.8651698805604,56.6658823040747,31.6992436151768,6.93856812043383,29.7591246525606,-2.29611002518927,49.9515199769971,18.1068272098236,1004.84204577433,48.1437275619007,885.605500086638,5.27212124777466,22.3768155508206,4.67345654126995,0.028,0.455,0.755,1,18.3805665176672,57.3574282835213,17.9036943137297,57.0924541020159,36.3762623950301,59.8407456612389,5.45406706994778,27.0482940974297,44.7242748764385,52.4024336565913,12.6277883192443,20.229331379343,23.4644832662088,21.5942270274819,7.67815878015273,7.60154306009868,0,1,0,0,38.7477941301669,60.4892215920991,8.21841146644253,27.2178550351872,46.653629027353,54.4422794452861,14.0874719228473,20.2576254207941,21.7414274619323,18.9994435687447,7.78865041793318,6.17015349794678,0,1,0,0,39.0690726437101,59.7280450214627,8.45465102407139,27.6753082576404,45.6593327552831,53.3871534100349,15.0217854523442,22.1135862150225,20.6589723777526,19.220657233569,7.72782065475177,7.09180076267827,0,1,0,1,38.438827283606,61.0535169885692,5.99539593424196,29.0207567918126,46.1784961654332,53.8015097325086,14.4375026577773,22.00723329857,22.6146897049632,23.0253608575707,7.62301356707543,7.56973064079272,0,1,0,1
994,500,2,1,"L'Ecuyer-CMRG","10407_373437857_-1401793014_1471168173_621010099_-97275490_-1863224020","10407_382947914_782666622_-1225598433_-1717818768_1929977883_-1396408093",1146477959,1418210620,1260052811,1531611927,757199529,304810471,2085255432,90.8760000000002,6.32400000000052,6.26900000000023,2.11399999999776,3.17000000000189,487.82,1,NA,"45cb0a1bed0c","not-a-git-build","bbd3d4119dab4c61438d29ca56ae93a0","confirmatory",620.809000000001,39.2925135420514,9.02667433051871,38.5013457308644,4.44741149631618,58.1542177176032,24.1442284015916,1543.90162045229,81.4808494692453,1482.35362308755,19.7794690175653,33.1448138419044,5.15874036393887,0,0,0.422,0.919,12.4491282169615,37.2401081005229,10.6114763055268,31.767018740783,39.8729540437119,9.49458172152547,38.9000069582894,4.89323410621263,58.5528789450282,24.5900510114881,1589.85246417196,90.1470820667256,1513.21054135497,23.9437400182026,33.1965201049199,5.42461320460005,0,0.013,0.459,0.935,13.0066172021948,39.8506530951053,11.8682970294835,35.7407772144842,38.9706518862043,8.97109129488509,37.9834483072925,4.30632092163394,57.6363202940313,24.0031378269094,1518.71170843571,80.480479021163,1442.74234531276,18.5443998801022,30.8565352585119,5.26678210447544,0,0.092,0.623,0.991,16.1833593079741,50.4037543718661,15.8875169437738,47.911902397827,40.5845092076398,9.68456227831698,39.6118014826071,5.07055095847695,59.2646734693458,24.7673678637524,1647.102387625,93.7907465226002,1569.09481669748,25.7104870225115,32.2697441072945,5.56394679243561,0,0.096,0.478,0.987,15.9891758716662,52.7038805044244,13.8242793454247,45.4035721332074,47.8018976015274,68.0399918441514,15.6284719819517,33.2725202645019,54.2150604374244,62.1183282496056,20.8933390240807,27.8653417862771,20.238094242624,17.6440482825502,7.90326781218113,6.97200276219644,0,1,0,0,48.3001286568416,66.8031040208274,14.6686604101429,34.1847244424887,55.2577317039115,62.0232206526624,21.1946035632239,27.8114425742299,18.5029753639858,19.5160640323458,6.76548894875091,6.61683901100603,0,1,0,0,48.4519604886457,67.3465102725443,15.1080671842045,34.0748230642078,54.0004844362277,61.1378927992559,20.6113865257742,27.5302146258334,18.8945497838986,18.9667558800033,7.13740836302825,6.91882810005925,0,1,0,0,48.1365180455502,69.9086358184894,15.3923342948302,34.0403281332483,55.4787209443953,62.9263756362961,21.3283552553857,28.1001852627468,21.7721177729391,18.6479938384181,7.44765469190087,6.77183000736113,0,1,0,0
995,500,2,1,"L'Ecuyer-CMRG","10407_-492432542_1228845595_-1891346097_-1941142372_1344871453_997817950","10407_737596020_1564964016_-1188206927_209857774_605584708_-193863279",1260052811,1531611927,757199529,304810471,2085255432,1328407728,1051796828,91.469000000001,5.55099999999948,6.24799999999959,2.03300000000309,3.61399999999776,479.799000000003,1,NA,"45cb0a1bed0c","not-a-git-build","bbd3d4119dab4c61438d29ca56ae93a0","confirmatory",612.93,38.1513301991631,10.2289327792549,37.5986031123499,-4.04337640014731,57.5332435810594,15.7674553187965,1455.52399596558,104.631065802514,1413.65495600001,16.3488927132682,31.9414225579688,6.02610284271315,0,0.002,0.327,0.859,12.9324041063775,39.6678652734468,9.96923275200634,29.7622032163272,39.2555822573764,9.8837492336714,38.586239769682,-3.3813796556436,58.5208802383914,16.4294520633002,1541.00073836564,97.6884989141001,1488.89789956339,11.4337283756004,31.6498046986407,5.7343121098866,0,0.036,0.349,0.915,16.680807559283,47.8901134774805,10.7097503994713,32.9334169936915,39.6983058922124,10.1463436170515,38.5509256791358,-2.9431221990889,58.4855661478453,16.8677095198549,1575.95549071167,102.948288795282,1486.17387071826,8.66196827876991,29.8377267071037,5.84345050007894,0,0.248,0.399,0.963,20.8170142907755,62.1806440578483,13.0900549798679,42.8871456310137,39.7303739351575,9.16038195352913,38.8202394352242,-3.40700910638504,58.7548799039336,16.4038226125587,1578.50261302745,83.9125975345421,1507.01098980813,11.6077110509906,29.8477109995684,5.29934953247377,0,0.244,0.528,0.996,21.2391779033401,64.1652233302646,14.4690464815962,47.8420190603953,46.3844034018161,68.2650300490578,7.13557704898741,24.8290551331333,54.2565786769777,61.0690372209292,12.9576132337546,18.6934578313264,21.8806266472417,17.6934780841459,6.81245854395151,5.73584459757178,0,1,0,0,48.2835522220129,70.2030790075818,7.29687372731724,26.2397427705484,54.8115651358867,62.3997951703425,13.3019745874768,19.3898840230892,21.9195267855689,18.9428690432312,7.58823003445573,6.08790943561245,0,1,0,0,47.9232934724283,68.4364770287451,7.30938298586236,26.8891821643966,54.666455538385,62.206541668916,13.7170341592855,20.4322750710501,20.5131835563168,19.5797991785343,7.54008613053097,6.71524091176451,0,1,0,1,46.4601335571941,69.7516580232888,7.82394747423709,26.7247519492436,54.3589037922003,62.981530450397,13.2016458715843,19.2265729576188,23.2915244660947,18.9008044750065,8.62262665819667,6.02492708603453,0,1,0,0
996,500,2,1,"L'Ecuyer-CMRG","10407_-354550925_1193011531_-578611254_1748409291_-821461000_1031745802","10407_-1473907535_-1089647797_-1480342372_-1184630243_-1640376663_-1429415561",757199529,304810471,2085255432,1328407728,1051796828,126830,1663406381,90.625,7.88100000000122,5.55499999999665,2.59500000000116,2.04100000000108,503.434000000001,1,NA,"45cb0a1bed0c","not-a-git-build","bbd3d4119dab4c61438d29ca56ae93a0","confirmatory",636.417999999998,45.2678225591281,6.98724298005162,44.4729579663969,4.1023482032951,64.0029453626402,23.7347111187243,2049.17575924471,48.8215644622806,1977.8439902809,16.8292607810786,39.073224339092,4.00102152285935,0,0.003,0.477,0.999,12.4184138649856,37.5854114905536,10.567960877128,31.1509281855122,47.0373147794628,7.37977606456154,46.2112703760565,4.88804167155604,65.7412577722999,24.5204045869852,2212.50898166227,54.4610947630754,2135.481509769,23.8929513828684,40.5353106793104,4.24521238349901,0,0.005,0.488,1,12.9125051599427,39.735187143763,11.5821393572924,33.9839878986052,45.9646813134649,6.64286290731572,44.9291454010366,3.85412775190942,64.4591327972799,23.4864906673386,2112.75192824839,44.127627605391,2018.62810646749,14.8543007280383,37.6184777949019,4.10367467341586,0,0.069,0.69,1,15.8043036611839,52.5096821724099,14.7412392949169,43.5319831246502,46.6313050435337,6.5387664526179,45.7903087673109,3.66212355539023,65.3202961635542,23.2944864708194,2174.47861006309,42.7554667218812,2096.75237700567,13.411148934944,38.8223832115782,4.03566885726377,0,0.093,0.684,1,14.8508881867636,50.1222811118636,14.4300171874244,43.49227901209,53.8287627548476,75.1797091485813,14.9263123610266,32.5126084187913,60.2399336006503,67.7114750572837,21.157040532453,26.7096316846936,21.3509463937338,17.5862960577647,7.47154145663345,5.55259115224068,0,1,0,0,55.518735176614,76.0738829009143,14.963607728889,34.0050480456425,62.1718223467956,69.3483017541895,21.3186481987392,28.1848690124348,20.5551477243003,19.0414403167534,7.17647940739391,6.86622081369553,0,1,0,0,53.9366712187714,74.2852741880295,14.3356607768753,32.0535246578353,61.253117103853,68.1052617291373,20.4955025254889,26.4712132313284,20.3486029692581,17.7178638809601,6.85214462528432,5.97571070583947,0,1,0,0,55.2987598252491,74.9010288757983,15.1053885377277,32.3519386669951,61.7068862460051,68.9065458688218,20.0882830555866,26.2355703927209,19.6022690505492,17.2465501292675,7.19965962281677,6.14728733713428,0,1,0,0
997,500,2,1,"L'Ecuyer-CMRG","10407_-1225718127_579082686_1074515775_-250399835_-1020861414_-802746794","10407_-403341222_-1848305355_-1697283305_875739175_1613134650_-1899579678",2085255432,1328407728,1051796828,126830,1663406381,440807562,864769240,94.5870000000032,5.81199999999808,5.85000000000218,2.15899999999965,2.06399999999849,504.816999999999,1,NA,"45cb0a1bed0c","not-a-git-build","bbd3d4119dab4c61438d29ca56ae93a0","confirmatory",642.298000000003,31.8510230109614,9.55102275420739,30.7443277299072,3.65178203324428,50.85997478233,23.8343640830488,1014.48766684479,91.2220356513874,945.213687563942,13.3355120183258,25.9137622791055,5.58458127578314,0,0.052,0.335,0.884,11.0448431999507,34.1087621053627,9.95566368265379,30.1947446670457,30.4795775762088,10.0054139467692,29.1748966536442,3.56105574206772,49.2905437060669,23.7436377918722,929.00464922413,100.108308246204,851.174594750818,12.6811179981134,23.5700780748972,5.83661159720547,0.003,0.171,0.332,0.908,13.5250643816519,39.8064293719636,10.3452392268915,32.73026104631,30.4268660929269,9.85707005601078,28.8140451540901,2.78216044764206,48.9296922065128,22.9647424974466,925.794180236902,97.1618300891044,830.249198141941,7.74041675642387,21.8536672746155,5.66062252491605,0.013,0.432,0.4,0.979,16.1828588410131,53.7629982368338,12.516423660267,41.890446184977,31.3868381673526,10.0242338816657,30.1296002504912,3.48500984222921,50.245247302914,23.6675918920337,985.133610143582,100.485264914335,907.792811254399,12.1452936004345,23.6104289887252,5.77257799423708,0.001,0.268,0.342,0.957,14.3627158593293,48.2135253125697,10.8166260013423,37.4496174162101,41.1672370005538,60.8686282097195,14.3957569269854,33.9965415032814,47.221384061473,54.4659165628746,20.0454104331878,27.1760458050456,19.7013912091657,19.6007845762959,7.24453250140166,7.13063537185782,0,1,0,1,39.8597035695373,58.1614553801347,14.2750017128245,32.8473249380463,45.6751337151388,52.9903710809356,20.4195437518121,27.1104789106366,18.3017518105974,18.5723232252218,7.3152373657968,6.69093515882451,0,1,0,0,38.5061904033207,59.9798053332825,13.5759434218212,31.6908312308374,45.5638680235397,52.3163104352502,19.4892035263878,26.8905397238466,21.4736149299618,18.1148878090162,6.75244241171051,7.40133619745876,0,1,0,1,40.842652462619,60.2335786163624,14.4673303103051,32.7074781316431,46.664629195026,53.6195239111845,20.5881312027677,27.0898498550296,19.3909261537434,18.240147821338,6.95489471615853,6.50171865226187,0,1,0,0
998,500,2,1,"L'Ecuyer-CMRG","10407_-1952595974_-818915290_1875847172_-557152883_-1980762450_1286309987","10407_-1612157079_1569264265_-251560088_-842378926_-1298527266_-2142718747",1051796828,126830,1663406381,440807562,864769240,781196064,1921299922,93.3309999999983,7.84300000000076,5.479000000003,3.52999999999884,2.13799999999901,499.115999999998,1,NA,"45cb0a1bed0c","not-a-git-build","bbd3d4119dab4c61438d29ca56ae93a0","confirmatory",634.147999999997,34.0900173192534,10.0682216355986,33.0988242092387,5.81667055809994,53.0358327096912,25.5401971547885,1162.129280827,101.369086903535,1095.53216403408,33.8336563814666,28.5406501001154,5.92235940509313,0,0.022,0.325,0.864,10.1315601867211,32.496017655928,9.22450467613736,29.4261112612874,34.6972613164185,9.69473991578866,33.7958288328967,6.76373807356281,53.7328373333493,26.4872646702514,1203.89994285983,93.987982034786,1142.15804650245,45.7481527277631,28.6446708344873,5.55469364632284,0,0.026,0.419,0.95,11.5597250538191,36.3967163119607,12.0553071778975,36.2911758477384,35.71497018279,10.1020719664107,34.7076466622653,7.11193463661498,54.6446551627179,26.8354612333035,1275.55909515758,102.051858014542,1204.62073683266,50.5796142754839,28.4254716946032,5.81521349317998,0,0.107,0.482,0.986,13.3009963662806,45.3605656767596,14.6227587799035,47.3543422707798,35.656927565471,9.18835430860755,34.7285848782666,5.88495392541728,54.6655933787192,25.6084805221058,1271.41648340924,84.4258549005069,1206.07460764697,34.6326827042843,28.2953494298412,5.29362722624288,0,0.16,0.527,0.989,12.9833235711593,47.8866195153241,12.9689958532729,45.4070843938759,42.5217279971916,62.2128938489868,15.9046747461688,34.4517610056382,49.8780968352414,56.4185736023175,22.3076290794785,28.6940492638748,19.6911658517951,18.5470862594694,6.54047676707618,6.38642018439627,0,1,0,0,44.4317457865325,63.1740057820131,17.2221594651295,36.1597469578954,50.3655050393725,57.1699090480959,23.1848620842437,29.9626185508217,18.7422599954807,18.9375874927659,6.8044040087234,6.77775646657799,0,1,0,0,44.2822637830818,65.13236055086,16.9549407673999,36.8571425402337,51.5786299270454,57.8376904957151,23.6765133158364,29.9433271295543,20.8500967677782,19.9022017728338,6.25906056866976,6.26681381371788,0,1,0,0,45.0373741987007,64.3343548902179,16.1825404720914,34.3671103159098,51.4814189758828,57.7467556896906,22.6949440672247,28.6960479932606,19.2969806915172,18.1845698438184,6.2653367138078,6.00110392603588,0,1,0,0
999,500,2,1,"L'Ecuyer-CMRG","10407_-309333905_-953940379_482278383_-694243868_-1498731137_1756566171","10407_-1329284398_-873353704_1187232404_1525731742_-251980415_-77203676",1663406381,440807562,864769240,781196064,1921299922,1940413413,713574300,93.6709999999985,6.40000000000146,5.62099999999919,2.03800000000047,2.03900000000067,495.210999999999,1,NA,"45cb0a1bed0c","not-a-git-build","bbd3d4119dab4c61438d29ca56ae93a0","confirmatory",630.438999999998,30.6786325914794,10.1049437621593,29.6853013470034,2.58668608474965,49.7663606902968,22.6918842101538,941.178497682985,102.109888436402,881.217116062403,6.6909449010375,24.4461338462495,6.04077444134819,0,0.093,0.278,0.828,11.8653717761456,37.3445653929407,9.31739701152106,27.5830084649103,32.4801758850543,9.6437249166526,31.1685124084897,2.08372758345941,51.2495717517831,22.1889257088635,1054.96182552406,93.0014302680662,971.476165758174,4.34192064206959,25.2270810172899,5.66862842935227,0,0.135,0.296,0.895,14.2354261427549,41.7522777012346,9.52694391060099,31.1378766446013,33.6181193152367,10.9514123589411,31.2143861940359,2.51246000173478,51.2954455373293,22.6176581271389,1130.17794629349,119.933432655567,974.33790547042,6.31245526031713,23.1480913618572,6.26075339117326,0.035,0.497,0.363,0.961,20.3621343855917,64.0091743394614,13.6707818447948,45.1709840611634,33.7873461300069,13.4640138038245,31.6031691626016,3.7471074117218,51.684228505895,23.8523055371259,1141.58475850889,181.279667709577,998.760301120011,14.0408139549804,23.9266649373827,7.5062876230533,0.013,0.394,0.41,0.943,19.047537164894,57.7957017836604,16.0427418967437,48.0103959035541,39.160589594005,59.4066702071462,12.9326627795555,31.0875550810022,45.8642455365665,53.7177466051683,19.5016834400411,25.9692537639102,20.2460806131411,18.1548923014467,7.85350106860179,6.46757032386908,0,1,0,1,40.6651815487841,60.9537978139045,12.7740592907671,31.7932086972678,47.9266111570404,54.6453808784068,19.374014794778,25.3229175561169,20.2886162651204,19.0191494065006,6.71876972136641,5.94890276133897,0,1,0,1,38.2483484156124,63.27784985921,13.509056574059,31.6877309994774,46.9282899349855,55.7471410430834,19.6838827222374,25.857667509435,25.0295014435976,18.1786744254184,8.81885110809795,6.17378478719762,0,1,0,1,40.9582097615097,62.143657839127,14.5260222127618,33.0815747146468,47.7069924817794,55.4225126562086,20.4592913480321,26.9786922766166,21.1854480776173,18.555552501885,7.71552017442919,6.51940092858452,0,1,0,0
