"seed","n","dgp","seed_cell_master","rng_kind","seed_data_hash","seed_fit_hash","model_seed_propensity","model_seed_mvbcf","model_seed_bcf1","model_seed_bcf2","model_seed_bart1","model_seed_bart2","model_seed_mvbart","fit_seconds_mvbcf","fit_seconds_bcf1","fit_seconds_bcf2","fit_seconds_bart1","fit_seconds_bart2","fit_seconds_mvbart","converged_flag","error_message","hostname","git_sha","session_hash","seq_phase","replication_seconds","mvbcf_pehe1","mvbcf_pehe2","mvbcf_bias1","mvbcf_bias2","mvbcf_ate1","mvbcf_ate2","mvbcf_crmse1","mvbcf_crmse2","mvbcf_atesq1","mvbcf_atesq2","mvbcf_crps1","mvbcf_crps2","mvbcf_cov501","mvbcf_cov951","mvbcf_cov502","mvbcf_cov952","mvbcf_wid501","mvbcf_wid951","mvbcf_wid502","mvbcf_wid952","bcf_pehe1","bcf_pehe2","bcf_bias1","bcf_bias2","bcf_ate1","bcf_ate2","bcf_crmse1","bcf_crmse2","bcf_atesq1","bcf_atesq2","bcf_crps1","bcf_crps2","bcf_cov501","bcf_cov951","bcf_cov502","bcf_cov952","bcf_wid501","bcf_wid951","bcf_wid502","bcf_wid952","bart_pehe1","bart_pehe2","bart_bias1","bart_bias2","bart_ate1","bart_ate2","bart_crmse1","bart_crmse2","bart_atesq1","bart_atesq2","bart_crps1","bart_crps2","bart_cov501","bart_cov951","bart_cov502","bart_cov952","bart_wid501","bart_wid951","bart_wid502","bart_wid952","mvbart_pehe1","mvbart_pehe2","mvbart_bias1","mvbart_bias2","mvbart_ate1","mvbart_ate2","mvbart_crmse1","mvbart_crmse2","mvbart_atesq1","mvbart_atesq2","mvbart_crps1","mvbart_crps2","mvbart_cov501","mvbart_cov951","mvbart_cov502","mvbart_cov952","mvbart_wid501","mvbart_wid951","mvbart_wid502","mvbart_wid952","mvbcf_ate_l951","mvbcf_ate_u951","mvbcf_ate_l952","mvbcf_ate_u952","mvbcf_ate_l501","mvbcf_ate_u501","mvbcf_ate_l502","mvbcf_ate_u502","mvbcf_ate_wid951","mvbcf_ate_wid952","mvbcf_ate_wid501","mvbcf_ate_wid502","mvbcf_ate_cov951","mvbcf_ate_cov952","mvbcf_ate_cov501","mvbcf_ate_cov502","bcf_ate_l951","bcf_ate_u951","bcf_ate_l952","bcf_ate_u952","bcf_ate_l501","bcf_ate_u501","bcf_ate_l502","bcf_ate_u502","bcf_ate_wid951","bcf_ate_wid952","bcf_ate_wid501","bcf_ate_wid502","bcf_ate_cov951","bcf_ate_cov952","bcf_ate_cov501","bcf_ate_cov502","bart_ate_l951","bart_ate_u951","bart_ate_l952","bart_ate_u952","bart_ate_l501","bart_ate_u501","bart_ate_l502","bart_ate_u502","bart_ate_wid951","bart_ate_wid952","bart_ate_wid501","bart_ate_wid502","bart_ate_cov951","bart_ate_cov952","bart_ate_cov501","bart_ate_cov502","mvbart_ate_l951","mvbart_ate_u951","mvbart_ate_l952","mvbart_ate_u952","mvbart_ate_l501","mvbart_ate_u501","mvbart_ate_l502","mvbart_ate_u502","mvbart_ate_wid951","mvbart_ate_wid952","mvbart_ate_wid501","mvbart_ate_wid502","mvbart_ate_cov951","mvbart_ate_cov952","mvbart_ate_cov501","mvbart_ate_cov502"
800,500,2,1,"L'Ecuyer-CMRG","10407_-449014555_-1935748713_-1866111124_1238998843_432708250_213157973","10407_1723535170_-1281335255_1884469965_1128136827_1565282569_-41350378",201844770,581642245,59803272,1454991747,1743588391,318033775,1237015234,84.685,6.724,5.929,2.16,2.13000000000002,469.514,1,NA,"81ec74a2af5f","not-a-git-build","bbd3d4119dab4c61438d29ca56ae93a0","confirmatory",594.369,31.0358472347128,9.93909629833233,29.053190811253,4.28557939239412,48.9190711171977,23.9647215783819,963.22381357643,98.7856352275234,844.087896315075,18.3661907285131,23.2229315790448,5.85426871265264,0.011,0.277,0.334,0.848,13.9743160950022,42.4499856233614,9.56371293970959,28.6511885208142,31.4609876172855,9.4685202327662,29.007575551807,3.46910574172779,48.8734558577518,23.1482479277156,989.793741854993,89.6528753983029,841.439439393793,12.0346946472887,22.636506947545,5.50964098489076,0.023,0.354,0.346,0.885,15.9183443600625,47.736399099353,9.73897284804923,29.7229644886515,30.7579888807789,8.67103083739573,27.5670576608885,2.72409338220088,47.4329379668332,22.4032355681887,946.05387999012,75.1867757830676,759.942668078751,7.42068475495063,20.0080448725367,4.97557064457225,0.096,0.647,0.433,0.987,21.9480232515899,65.6037792841657,11.3095410730294,38.3224264026926,31.2130778175574,9.72511381304984,28.3776456358059,4.25219354837962,48.2435259417507,23.9313357343674,974.256226844895,94.5778386767728,805.290771831376,18.0811499728813,21.0281391237253,5.54880452853512,0.049,0.55,0.399,0.986,19.8428928956964,58.2363323220635,12.1888299207691,39.9566427982417,36.4746461600538,60.8177983208988,15.4973488397199,32.5671934182775,44.9346183216831,52.8044535693134,20.8978152623685,27.1289151662967,24.343152160845,17.0698445785576,7.86983524763031,6.23109990392819,0,1,0,0,38.6997163555164,58.9749273421909,14.3713600804291,32.3046988476441,45.0925824838674,52.8588054686164,19.7805693069595,26.5017266732361,20.2752109866745,17.9333387672151,7.76622298474903,6.72115736627661,0,1,0,0,34.673787242782,60.4156961830475,13.491511214009,31.5207922115457,43.181661896371,51.515410928543,19.2904070492811,25.6211158757632,25.7419089402655,18.0292809975367,8.33374903217202,6.33070882648205,0,1,0,1,36.8840759896159,59.0328942096665,14.6446217835952,33.1329885588929,44.7492342183359,52.064987820415,20.7259539198351,27.1538630054879,22.1488182200506,18.4883667752978,7.31575360207902,6.42790908565286,0,1,0,0
801,500,2,1,"L'Ecuyer-CMRG","10407_232279126_1548265814_2053268350_1166186877_1225427998_1369165011","10407_-113178902_-70118724_-1390118441_186656165_-1552900617_559433091",59803272,1454991747,1743588391,318033775,1237015234,1338941432,336895300,84.63,6.77199999999999,5.548,2.25299999999999,2.15799999999999,478.097,1,NA,"81ec74a2af5f","not-a-git-build","bbd3d4119dab4c61438d29ca56ae93a0","confirmatory",602.599,33.7930013832545,8.96701194492827,33.1563071556054,6.22125918661272,53.5849454494549,26.4889660152919,1141.96694248864,80.4073032204863,1099.34070419685,38.7040658670132,26.9522495256747,5.12741920983161,0,0.073,0.499,0.937,14.588497457406,43.5155657006114,11.5849837466495,35.7909502335468,35.250649689501,10.3687206226311,34.0206153570076,6.23385683406104,54.4492536508571,26.5015636627402,1242.60830353192,107.510367350176,1157.40226926946,38.8609710275696,27.2861601977518,5.8882900513928,0.001,0.181,0.457,0.918,16.0837897856242,47.8611495288207,12.7271383396989,37.710065162367,34.5395129935946,12.0480542446349,32.540566086946,6.80511282870525,52.9692043807955,27.0728196573845,1192.97795783469,145.155611081665,1058.8884412589,46.3095606114088,24.5970584803328,6.89567783844868,0.029,0.45,0.507,0.935,21.0264200886537,60.3325295298523,16.6997114437992,49.2449030067614,35.761816436835,10.3215212743339,34.9563342156483,6.84195872545682,55.3849725094978,27.109665554136,1278.90751486188,106.533801416527,1221.9453017961,46.8123992008548,27.1572871088848,6.06154992353552,0.001,0.265,0.593,0.987,17.792875415837,57.719450385156,17.8827153529205,53.9060000907483,42.9374415883185,63.6985905143915,17.0900281769286,35.6596785028012,50.1210473923331,56.9635752598153,23.3229122814605,29.4715714237709,20.761148926073,18.5696503258726,6.84252786748219,6.14865914231034,0,1,0,0,43.211857019371,65.7937530839507,18.0125133221203,36.2551600319752,50.9719538687332,57.9774211207178,23.3924597620481,29.3683355694438,22.5818960645797,18.2426467098549,7.00546725198458,5.97587580739575,0,1,0,0,42.5232681559445,63.3385690689334,17.838968384092,35.3821724089976,49.2938400766622,56.6686982127271,23.7626146115677,30.4206576575851,20.815300912989,17.5432040249056,7.37485813606497,6.65804304601739,0,1,0,0,43.4684084037425,65.9805757450412,17.4021665809075,36.7903545117147,51.6343421452924,59.4703632540108,23.4740189592041,30.3371165369589,22.5121673412986,19.3881879308072,7.83602110871843,6.86309757775481,0,1,0,0
803,500,2,1,"L'Ecuyer-CMRG","10407_729760356_978920250_-1412526692_-679334148_962722624_-10253926","10407_-772607704_1394677971_1412923680_619399662_1234242513_1515085857",1237015234,1338941432,336895300,2043716102,951929628,1729563673,820635858,88.102,5.3850000000001,6.49300000000005,2.11300000000006,3.55499999999995,522.584,1,NA,"81ec74a2af5f","not-a-git-build","bbd3d4119dab4c61438d29ca56ae93a0","confirmatory",652.171,34.4614482969827,8.53813006443655,33.5279776896557,1.19051307688004,53.2567861300057,20.9395858820079,1187.59141872561,72.8996649972353,1124.12528795805,1.41732138622237,28.1592945757111,4.98076445888705,0,0.041,0.315,0.943,11.9452721573125,38.0551637947153,9.41203336009801,28.7017616106523,37.3174985013289,8.56462652601885,36.3800531123306,2.22179310103773,56.1088615526806,21.9708659061656,1392.59569439669,73.3528275301858,1323.50826445599,4.93636458381883,30.520110126112,4.92802284051124,0,0.035,0.384,0.987,13.5367503327777,41.2382335757234,11.1766184998886,34.9540922715231,37.1408358578245,8.96222317197104,35.7911318016179,1.28995809910542,55.5199402419679,21.0390309042333,1379.44168821786,80.3214441842147,1281.00511564078,1.66399189744768,27.7154878630363,5.18444030039069,0.001,0.327,0.446,0.997,18.6519357787952,59.4111899547517,13.2491826563477,44.7815827912487,34.4066976138893,8.47359554376058,33.2119269439935,1.41354170491436,52.9407353843435,21.1626145100422,1183.82084069362,71.8018214392392,1103.03209133316,1.99810015153219,26.1834003867413,4.91309519280994,0,0.289,0.424,0.995,15.7332679221227,51.419209035871,12.1522401606405,43.3782908373154,42.9192641172305,65.2363083169551,12.370503758576,29.7610307779174,49.585882831733,56.9083970327264,18.0114358437248,23.9639211954206,22.3170441997246,17.3905270193413,7.32251420099347,5.95248535169587,0,1,0,1,45.0065028997138,66.4946526547646,12.2213350692048,32.0350215620575,52.5299927634902,59.5330401492669,18.1673329521597,25.5397449233837,21.4881497550508,19.8136864928526,7.00304738577671,7.37241197122403,0,1,0,1,44.2443103160783,64.8808240764081,11.3410023325481,30.8517165878258,51.9164574897826,59.3170741143946,17.7369156787241,24.2635439670236,20.6365137603298,19.5107142552776,7.40061662461195,6.5266282882995,0,1,0,1,42.5897972219462,62.8724234402571,12.0539710075047,29.9082357957994,49.0450389412146,56.7275824858437,17.9343663616308,24.3898777099682,20.2826262183108,17.8542647882947,7.68254354462908,6.45551134833741,0,1,0,1
802,500,2,1,"L'Ecuyer-CMRG","10407_-1259961775_717487921_-422512419_930090469_1951320707_1955335298","10407_-164894384_-2033415533_-777410382_-910908517_1595050859_2071779686",1743588391,318033775,1237015234,1338941432,336895300,2043716102,951929628,87.24,7.42399999999998,5.34400000000005,3.44299999999998,2.03899999999999,535.712,1,NA,"81ec74a2af5f","not-a-git-build","bbd3d4119dab4c61438d29ca56ae93a0","confirmatory",664.252,31.324620618364,9.6252886868433,30.461300983341,6.13787587126563,50.7662021736898,26.504972038397,981.231856884436,92.6461823050737,927.890857597694,37.6735202110649,25.3705029403108,5.52283517917329,0,0.051,0.401,0.946,11.7389847411463,35.588064291563,10.9882629293131,32.8876117656822,32.8415120950034,10.5151796560175,31.9792104986513,6.75907192111702,52.2841116890001,27.1261680882483,1078.56491668626,110.569003198325,1022.66990411705,45.6850532348325,26.4565342002558,6.03483987194456,0,0.06,0.414,0.916,12.5318757099263,38.9494293757621,12.1513477652999,36.3484463025073,33.0531600405161,8.47400627553725,31.8757215718492,5.7062636987407,52.180622762198,26.073359865872,1092.51138866397,71.8087823578448,1016.06162572605,32.5614453995659,24.3623695830725,5.12253745411863,0.001,0.341,0.684,1,16.8896689380486,56.0920131782691,17.3122111121959,53.4164267788002,32.8394112913741,9.57398681460015,32.0105162299872,6.92302839320895,52.315417420336,27.2901245603403,1078.42693396403,91.6612235261376,1024.67314931028,47.9283221331773,24.8047273836122,5.51258835480446,0,0.17,0.5,1,15.4825775728463,52.5409512084493,14.8747000508805,48.2232525817308,41.0081819509143,60.7693398949152,16.588045666221,36.21347166315,47.2700707588575,54.4724691195229,23.263145143282,29.9195567328994,19.7611579440009,19.625425996929,7.20239836066537,6.65641158961746,0,1,0,0,42.9280438836351,63.2526010314354,18.0226919640201,37.7488239380071,48.5811885450359,55.6657258768743,23.8459763851092,30.3446485748742,20.3245571478003,19.726131973987,7.08453733183843,6.498672189765,0,1,0,0,41.3348402161029,62.285894726902,15.1852958701398,36.7813274485953,48.6705055272238,55.9241636879028,22.3581093151684,29.9108603116531,20.9510545107992,21.5960315784555,7.25365816067898,7.55275099648467,0,1,0,0,40.4293085432371,63.5864812694529,17.1779163758581,37.9287532513096,48.4376637403026,56.0736230870902,23.8141198565831,31.0282251636498,23.1571727262158,20.7508368754515,7.63595934678762,7.21410530706672,0,1,0,0
805,500,2,1,"L'Ecuyer-CMRG","10407_1726067065_-848665355_593218309_-2056775110_-451088847_1135847685","10407_-1106431216_1014698425_-1981912594_-960821748_295289388_1671705877",951929628,1729563673,820635858,1587882381,461785430,640654534,303558434,94.105,7.82599999999979,5.57899999999995,3.12900000000013,2.1099999999999,546.104,1,NA,"81ec74a2af5f","not-a-git-build","bbd3d4119dab4c61438d29ca56ae93a0","confirmatory",684.462,31.6698439143447,7.84414097034737,30.5389421749231,-2.88054762622055,50.0769827538874,16.683560862601,1002.97901355895,61.5305475626822,932.626989163296,8.29755462692485,25.2575324890305,4.44821332197888,0,0.115,0.535,0.991,11.4206441869898,38.4969492661581,11.5031038854491,34.9242754245617,33.4311095272532,8.28018982459976,32.2036903547682,-2.1331371161344,51.7417309337325,17.4309713726872,1117.6390842232,68.5615435314055,1037.07767246579,4.5502739562302,26.173797036714,4.72316216451079,0.002,0.115,0.542,0.982,14.2301970613022,42.6381280411902,12.6778869118586,37.1794244217925,33.9878212542049,7.76704339675097,31.9655301567538,-2.18152655016278,51.5035707357181,17.3825819386588,1155.17199360778,60.3269631270129,1021.79511820234,4.7590580890651,23.9649253780402,4.90632225589729,0.021,0.401,0.739,1,20.237117389288,62.9300547804429,18.015010956073,56.1234285900934,34.556678431588,8.44047718897063,33.3238769923399,-2.15859400012891,52.8619175713041,17.4055144886926,1194.16402422418,71.2416551775335,1110.4807778006,4.65952805739253,25.8210315916086,5.00252763491669,0,0.216,0.629,0.998,15.9084698687713,55.4100285980658,15.7809278030014,50.1615028728595,39.5434597326011,62.2273217476475,6.21429221235167,25.8967249251532,46.2804367070316,53.6975260590405,13.0917699643352,20.5454347133647,22.6838620150464,19.6824327128015,7.41708935200892,7.45366474902949,0,1,0,1,40.9784126565264,61.0764760628199,7.59092958878261,27.196880117108,48.5857150614116,55.0773089212279,14.0442341715341,20.9112696975853,20.0980634062935,19.6059505283254,6.49159385981625,6.86703552605126,0,1,0,1,40.1900761681354,62.5721743191497,7.37497452815166,27.8128558198101,47.8347142709728,55.2396276688377,13.6777888633906,20.7025514211164,22.3820981510143,20.4378812916584,7.40491339786488,7.02476255772583,0,1,0,1,41.9153336123095,63.9905809887385,7.184544885166,28.7077817311098,49.2867057248304,56.6362649851725,13.655947025861,20.4855602188331,22.0752473764289,21.5232368459438,7.34955926034204,6.82961319297214,0,1,0,1
804,500,2,1,"L'Ecuyer-CMRG","10407_1544097133_-111199833_-990807722_-1702057164_1460709041_1994054365","10407_-899250221_-1982518476_785519804_-2026718967_-177685556_1939695611",336895300,2043716102,951929628,1729563673,820635858,1587882381,461785430,94.0999999999999,5.55899999999997,7.58199999999988,2.22199999999998,2.17499999999995,547.825,1,NA,"81ec74a2af5f","not-a-git-build","bbd3d4119dab4c61438d29ca56ae93a0","confirmatory",687.213,31.3260859930337,10.052802425069,29.9313597708925,-4.27732875852469,49.5729738423063,15.1945753826136,981.323663642945,101.058836597473,895.886297734601,18.2955413085024,24.0036145212871,5.69321134259045,0.006,0.196,0.442,0.901,13.9317997010012,42.537456846536,11.6957829520078,34.9895373336797,31.9196735221889,10.017546469589,30.4871844773727,-4.69024511690015,50.1287985487865,14.7816590242382,1018.86555776313,100.351237270374,929.468417357355,21.9983992566057,24.3270991303191,5.65335106889215,0.008,0.205,0.478,0.945,14.6661937216932,44.224657289569,12.6720348678327,37.780374885316,32.4201311000142,13.693316133795,30.8622163393469,-4.65989866967144,50.5038304107607,14.8120054714669,1051.06490054211,187.506906740051,952.476397376649,21.7146556116056,23.5412029132318,7.69429084349707,0.011,0.349,0.412,0.935,17.2020555313383,54.6803820186459,16.0978017193645,51.7524734794815,31.6134476078568,12.385009848363,29.3949962933718,-6.13239483679564,49.0366103647856,13.3395093043427,999.410069654707,153.38846894405,864.065807087342,37.6062664343578,21.5139835373684,6.89701371488802,0.079,0.587,0.567,0.97,21.4856888178133,66.4267634426553,18.830075952551,54.8047789174059,39.6195544930611,59.9464630418245,5.74695316347084,23.5847407171977,45.6513817973181,53.1341715857151,12.2608538960777,18.0116712444432,20.3269085487634,17.8377875537269,7.48278978839706,5.75081734836548,0,1,0,0,40.4540542281319,60.0081288080641,4.47149647442305,23.8874884169702,46.6984407449076,53.713557373112,11.5416467745438,18.0198827546166,19.5540745799322,19.4159919425471,7.01511662820439,6.47823598007281,0,1,0,0,40.0397116702096,61.1428913716434,5.22143392689125,23.8659093848681,46.3280248303908,54.271547364584,11.522526341958,17.9391518324315,21.1031797014338,18.6444754579768,7.94352253419328,6.41662549047353,0,1,0,0,37.4637411518541,60.455762627543,4.12451532704406,22.4300751160524,44.8089613049788,53.103235199874,9.95472372091138,16.6047831203964,22.9920214756889,18.3055597890084,8.29427389489523,6.65005939948502,0,1,0,0
807,500,2,1,"L'Ecuyer-CMRG","10407_1071040252_1651983189_1698888599_1064098713_-1634375664_-16200875","10407_1307428657_1960309991_73681827_666345959_1352991644_856174446",461785430,640654534,303558434,1589623123,1723901441,556510650,1848931446,95.125,7.81700000000001,5.48500000000013,3.72800000000007,2.17200000000003,496.273,1,NA,"81ec74a2af5f","not-a-git-build","bbd3d4119dab4c61438d29ca56ae93a0","confirmatory",635.815,35.1751589081907,9.91511217490529,34.1565027066527,-1.67054141041679,53.7701620963286,17.9983322595577,1237.29180421647,98.309449440955,1166.66667714957,2.79070860391731,29.6928631529673,5.85346347536684,0,0.01,0.328,0.852,10.1396619638517,30.9549410275268,10.1812352701043,29.470928357247,35.0436834465441,10.2400004641391,34.010844797486,-1.20997372114647,53.6245041871619,18.458899948828,1228.05974950159,104.857609505569,1156.73756383868,1.46403640586503,28.8146604021678,5.93768764769985,0,0.03,0.367,0.916,12.2099456508456,36.134058963872,11.4898509968778,34.7114270714722,34.9022112396435,12.5014328778433,33.2659831297945,-0.132110866601909,52.8796425194704,19.5367628033725,1218.1643494167,156.285823999221,1106.62563359177,0.0174532810743075,26.2974622320907,7.13517504418046,0.001,0.25,0.509,0.971,16.0670004432996,50.242101503412,18.3060032808264,55.0411062102943,34.6081981712228,10.4682249650386,33.4986267382925,-1.00990820980126,53.1122861279683,18.6589654601732,1197.72738065863,109.583733918658,1122.15799335144,1.01991459222399,27.1655030009537,6.00823607187238,0,0.212,0.425,0.951,13.0353705306125,46.5730850044506,13.2368107043028,45.9618480381503,43.7900218239565,63.937158005398,9.35299286047342,27.9014946179155,50.3042413867726,57.3651346136126,14.485664294919,21.3919462384547,20.1471361814415,18.5485017574421,7.06089322683996,6.9062819435357,0,1,0,1,43.3824491070843,63.7664241311011,9.17295954461548,27.647227107987,50.2190524604256,57.497911139206,15.0998641883549,21.8435334997578,20.3839750240168,18.4742675633715,7.27885867878037,6.74366931140292,0,1,0,1,41.9555530372464,62.6103101946502,10.3544304398155,30.0882371488738,49.6801421529706,56.2248002159437,16.2918313170046,22.666693343395,20.6547571574038,19.7338067090583,6.54465806297304,6.37486202639045,0,1,0,1,42.6402142175011,62.9062845990413,9.58150618918238,28.7566792629817,49.4082674788521,56.9307761633449,15.181139028205,21.8375488646825,20.2660703815401,19.1751730737993,7.52250868449286,6.65640983647745,0,1,0,1
806,500,2,1,"L'Ecuyer-CMRG","10407_49480114_-1095492327_1472394970_-80309010_204236215_1085144943","10407_-800705573_-1725718679_1562499377_-304259031_-1146452931_1544970738",820635858,1587882381,461785430,640654534,303558434,1589623123,1723901441,94.962,5.53400000000011,7.59999999999991,2.20599999999968,2.71500000000015,497.286,1,NA,"81ec74a2af5f","not-a-git-build","bbd3d4119dab4c61438d29ca56ae93a0","confirmatory",637.419,33.7992063374456,13.9581026137367,32.7053541821016,-10.3553696917394,52.6102545822371,9.59149714528769,1142.38634904122,194.828628575602,1069.64019217671,107.233681452595,27.6576102844529,8.6387593004565,0,0.07,0.281,0.656,11.243415559367,35.9140975416588,10.1289435817825,31.1293198368166,35.739125358324,14.3896099462532,34.6420086520498,-10.8840260375668,54.5469090521853,9.06284079946026,1277.285081378,207.060874405309,1200.0687634487,118.462022786433,28.8706326167176,8.79554503202479,0,0.071,0.295,0.701,13.5017980172372,40.4493145546556,11.5101434571623,33.9502849831357,34.9885243391655,14.2642911824998,33.8270202622271,-9.99979915982785,53.7319206623626,9.94706767719924,1224.19683543238,203.470002939142,1144.26729982112,99.9959832368938,27.3613842484088,8.40299337035158,0,0.22,0.385,0.856,14.4012014473287,46.8112172258488,14.8037464703872,45.6717491621333,33.4792905732438,13.9628879693997,32.3443788520672,-9.98872826121579,52.2492792522027,9.9581385758113,1120.86289728769,194.962240446008,1046.15884332605,99.774692276411,26.2663816808388,8.25664997837246,0,0.187,0.34,0.813,12.7627518291436,44.4703093724425,12.4524551913512,41.6592217414499,41.1866043213282,63.7030725392991,1.31738488858409,18.9200866722121,48.9098263285935,56.1914392510678,5.99949527797345,13.1772136775264,22.5164682179709,17.602701783628,7.28161292247423,7.17771839955299,0,0,0,0,43.5320613257719,66.6071768661062,0.0184688311677581,19.0864260936175,50.6628160298992,58.5701369654573,5.55377417095594,12.4630265233466,23.0751155403342,19.0679572624498,7.90732093555811,6.90925235239067,0,0,0,0,42.6283120978165,65.002506348868,0.759534411294592,19.380470700758,49.8359917453502,57.4454304016841,6.77131349506006,13.3227037484716,22.3741942510515,18.6209362894634,7.6094386563339,6.55139025341155,0,0,0,0,40.8783341578263,63.1053382794744,1.16554463418854,19.4186118920989,48.9447412370675,55.9277711955051,6.34476611016928,13.6309940755363,22.2270041216481,18.2530672579104,6.98302995843765,7.28622796536705,0,0,0,0
809,500,2,1,"L'Ecuyer-CMRG","10407_104181465_1584674955_768582101_408105588_1449555339_-2007268647","10407_-2027232123_-724427805_1576721684_742774456_1690063614_199915297",1723901441,556510650,1848931446,502879018,73100349,1709678639,1554321826,87.1559999999999,6.39499999999998,6.5329999999999,2.11900000000014,2.05300000000034,476.459,1,NA,"81ec74a2af5f","not-a-git-build","bbd3d4119dab4c61438d29ca56ae93a0","confirmatory",604.008,29.4664748482089,8.39819013646569,28.1603163097978,-3.35401954146569,48.0784673028887,16.5996714894468,868.273139980126,70.5295975682296,793.003414667861,11.2494470845337,23.1028972944016,4.78584540935541,0,0.13,0.423,0.949,11.7330850266651,36.0063065637822,10.3227101157409,31.6789288876832,30.4586399322256,10.2070655323528,29.0991042757326,-5.96184162402601,49.0172552688235,13.9918494068865,927.728746520966,104.184186781744,846.757869649961,35.543555549969,23.6620590147166,5.82888299085033,0.004,0.157,0.416,0.95,12.7046680068605,39.1166068115627,12.3483145604316,36.8235703297182,31.9515915925739,10.4679239039863,30.5178885464046,-3.90807555364321,50.4360395394955,16.0456154772693,1020.90420529864,109.577430859647,931.341521330772,15.2730545329837,23.4208976238992,6.05518907916129,0.011,0.317,0.529,0.998,16.6615896920003,52.7129064221152,16.5294009267254,52.2748073766904,30.7572705152418,10.549875509881,29.0270623837624,-4.64895930676734,48.9452133768533,15.3047317241452,946.009689547762,111.299873273987,842.570350630833,21.6128226359787,21.9764160846187,6.13968309892038,0.02,0.374,0.522,0.988,16.5180741654484,54.3505890169964,16.4873340851549,54.0133308009055,39.0621048004166,58.0065128289425,7.25378988453369,26.0995816657389,44.3049129106764,51.7310772010363,13.403049344184,19.6687715350307,18.9444080285259,18.8457917812052,7.42616429035986,6.26572219084669,0,1,0,0,38.1552108095841,58.5016608749601,3.94609661287985,24.9735663233807,45.9091025001805,52.4435184271598,10.8027015375137,17.4158018996837,20.3464500653761,21.0274697105009,6.53441592697934,6.61310036216996,0,1,0,0,39.2334835856458,60.4067664203434,6.66965719801269,25.479556856065,46.8884325693799,54.1411882366463,12.9427902953924,19.1935395908795,21.1732828346977,18.8098996580523,7.25275566726645,6.25074929548709,0,1,0,0,38.5649767489303,60.5441647012468,5.90822619228716,26.307339986836,45.1025382024792,52.5741085591412,11.6005654221278,18.5015845518183,21.9791879523165,20.3991137945488,7.47157035666195,6.90101912969051,0,1,0,0
808,500,2,1,"L'Ecuyer-CMRG","10407_-609222836_816645692_-2009404864_-1801965815_-200013286_66089399","10407_947702517_1840053426_-705372009_-672081354_-629486776_-1637338329",303558434,1589623123,1723901441,556510650,1848931446,502879018,73100349,87.3210000000004,7.06099999999969,5.43700000000035,3.23000000000002,2.00700000000006,471.393,1,NA,"81ec74a2af5f","not-a-git-build","bbd3d4119dab4c61438d29ca56ae93a0","confirmatory",600.032,33.5734193644474,8.16199305024103,32.51985986105,-0.668926820695507,52.749603638309,19.6201397531762,1127.17448782105,66.6181305521828,1057.54128538233,0.447463091445799,26.528658276112,4.67481316202589,0,0.1,0.44,0.984,14.3645208365321,41.6228067792804,10.9401647356471,33.7035170636202,33.6229402963148,7.81301593862367,32.3222183215795,0.549503695575247,52.5519620988385,20.838570269447,1130.50211416955,61.0432180571876,1044.72579722785,0.301954311450853,26.1925370639415,4.48151328411066,0.001,0.119,0.486,0.997,14.7744186443136,43.1194337350024,11.7660134721489,33.9484932864372,33.4940112214978,8.57045221273858,31.8568471915921,-0.85146804420333,52.0865909688511,19.4375985296684,1121.84878770582,73.4526511308356,1014.85871298845,0.724997830299443,24.3314225111653,5.0009229895654,0.008,0.361,0.557,0.998,18.0906054767683,55.8967092075489,14.5481326878694,46.4139107835485,35.1286608293598,8.11703968972081,33.5378414144493,0.060279640896173,53.7675851917083,20.3493462147679,1234.0228116642,65.8863333245029,1124.78680674075,0.00363363510657157,25.6267437210858,4.73381855171286,0.005,0.347,0.555,1,18.8131578942537,58.7531930165338,14.2286809763789,44.0675694421182,42.3728189802799,63.8791458638043,9.10177178028972,29.9194367916478,49.0044564740562,56.4445195678929,16.3465414857223,22.7885236198643,21.5063268835245,20.8176650113581,7.44006309383672,6.44198213414203,0,1,0,1,41.0616607160733,63.1406472084614,11.0993696345864,29.7106735871296,48.9179350131965,56.3317137076576,17.8942114206232,23.8566963707792,22.0789864923881,18.6113039525432,7.4137786944611,5.96248495015603,0,1,0,1,41.8878590034486,62.9752122084751,10.0913734622423,29.9179016334429,48.0683987238795,55.9679008475684,15.9206808346445,23.0215564716384,21.0873532050265,19.8265281712006,7.89950212368888,7.10087563699386,0,1,0,1,42.0219543763823,65.2510573955189,9.86752174448617,30.1628064564731,49.5648225836543,57.6800921603216,16.3839797885874,24.0908089665454,23.2291030191366,20.2952847119869,8.11526957666729,7.70682917795798,0,1,0,1
811,500,2,1,"L'Ecuyer-CMRG","10407_-2089419617_866771932_655838705_86577047_-799437219_-551708423","10407_-278339094_62743012_-223555405_-1276684063_-1491152686_1562218042",73100349,1709678639,1554321826,644943313,83390616,838795164,1732020698,89.9469999999997,5.29800000000023,6.88200000000006,2.07400000000007,2.8720000000003,469.016,1,NA,"81ec74a2af5f","not-a-git-build","bbd3d4119dab4c61438d29ca56ae93a0","confirmatory",598.476,33.5363438088259,7.82284346396888,32.4668031740481,-1.22908692368512,52.8233154692362,19.0229053446221,1124.68635606377,61.1968798617606,1054.09330834238,1.51065466597376,27.2502399031269,4.47327329953681,0,0.07,0.48,0.985,12.1599613409915,36.7247244388224,11.2810192494215,34.3159045940203,35.4853770132322,7.33909193069414,34.4905242095981,0.91810607520258,54.8470365047861,21.1700983435098,1259.21198177123,53.8622703671799,1189.59626025287,0.842918765323886,29.3270256534821,4.25736704469507,0,0.033,0.571,1,11.7797274550404,36.1359088072927,12.7997474278896,38.3215705837526,35.3946815700236,7.43048218292513,34.3202472230768,0.132831253832819,54.6767595182648,20.38482352214,1252.78348344337,55.2120654707678,1177.87936945311,0.0176441419947988,27.9049213845625,4.72336220260252,0,0.16,0.739,1,14.005512254245,46.8141699805357,17.7341682551776,52.9590904211202,35.8437724067127,7.08459536762964,34.7910112990211,1.1212904157962,55.1475235942092,21.3732826841034,1284.77602034422,50.1914915230393,1210.41446720862,1.25729219655641,28.8896478980682,4.35174739018649,0,0.113,0.607,1,11.7884960342806,43.5427481447557,13.9686771237291,43.5874666762069,41.8349215363251,63.3124225978092,9.7374331430242,29.4289644096408,49.1437086035654,56.819008829782,15.6548173021705,22.1442301456353,21.4775010614841,19.6915312666166,7.67530022621659,6.48941284346483,0,1,0,1,44.4118712282145,64.7777573249912,10.9520749867914,30.306166232688,51.2425662309351,58.2178880653164,17.851165611671,24.2047655791902,20.3658860967767,19.3540912458965,6.97532183438124,6.35359996751918,0,1,0,1,44.2186049433207,65.9574371584067,10.5663182507089,29.3644707915227,50.8331121157256,58.5097092482839,16.8809571037141,23.9480273004586,21.738832215086,18.7981525408137,7.67659713255837,7.06707019674452,0,1,0,1,45.754902297278,65.1464232422113,10.3658930115603,31.6613461186592,51.7710820631099,58.5048454564778,18.0454482149436,24.7579769128114,19.3915209449334,21.2954531070989,6.73376339336784,6.71252869786781,0,1,0,1
810,500,2,1,"L'Ecuyer-CMRG","10407_-947153903_-523435176_-566448696_-405569533_-1327060540_-2037223055","10407_2102379333_136791011_-1505506745_2079072330_655347562_-19251925",1848931446,502879018,73100349,1709678639,1554321826,644943313,83390616,88.0369999999998,6.10300000000007,5.27599999999984,2.19999999999982,2.13400000000001,474.331,1,NA,"81ec74a2af5f","not-a-git-build","bbd3d4119dab4c61438d29ca56ae93a0","confirmatory",604.249,38.9365573010248,10.3544146051171,38.4055277200632,0.182365186206699,58.1251359133449,19.9541613312392,1516.05549445599,107.213901814662,1474.98455945654,0.0332570611402039,32.5118362821601,6.21714319053817,0,0.001,0.282,0.862,13.4015263559461,41.1930471554744,9.64180739781616,30.5780804474228,38.8770022318118,10.1531886107796,38.1739742921285,0.490053639500569,57.8935824854102,20.2618497845331,1511.4213025323,103.087238966064,1457.25231325609,0.240152569587754,31.2516290565489,5.91323100862174,0,0.053,0.359,0.919,16.3024868781455,48.4380115810912,11.3809142756965,34.3525330076001,39.6204446261977,10.221325628471,38.4894555730482,0.0370616840197258,58.2090637663299,19.8088578290523,1569.7796323776,104.475497603238,1481.43819030965,0.001373568422378,29.6749963674767,5.8263538145807,0.002,0.28,0.406,0.972,21.1244792050486,63.223443494422,12.6871417146588,41.4340062667057,40.1375245616621,10.8395414147957,39.270545178805,0.664194526020054,58.9901533720867,20.4359906710526,1611.02087793803,117.49565808307,1542.17571864057,0.441154368395005,29.8678643922179,6.24468244834629,0,0.266,0.424,0.994,22.0727996561595,67.2476125834796,15.1155554728851,48.9137437991395,46.2084970471919,69.855439464131,12.1239631967453,29.4329786129315,54.0020171475573,62.0241807472628,16.7140630825489,23.1474026592691,23.6469424169391,17.3090154161862,8.02216359970542,6.43333957672016,0,1,0,1,45.4535570619136,67.6690454722311,10.5180127114898,29.9874511313295,53.9420656525953,62.1138247147986,16.8867816953655,23.7931996976516,22.2154884103175,19.4694384198397,8.17175906220334,6.90641800228601,0,1,0,1,46.8216459729408,69.7255857822256,10.6671738267082,28.9063579450113,54.3831564437615,62.0136675439484,16.8409567266808,22.4176288885452,22.9039398092848,18.2391841183031,7.63051110018685,5.5766721618644,0,1,0,1,47.2421221139157,70.6751167819867,8.85916063088642,30.8633400723636,54.6889333076951,63.2267802147285,16.8569401939004,24.0824137238936,23.432994668071,22.0041794414772,8.53784690703343,7.22547352999324,0,1,0,1
813,500,2,1,"L'Ecuyer-CMRG","10407_2013057393_-31232909_138137523_1517518308_-930141125_-1876288688","10407_2104228199_-2034156449_2039974893_-1314210496_334021844_1500726122",83390616,838795164,1732020698,1094414821,1366025011,2107426439,774063750,86.654,5.83600000000024,6.39599999999973,2.10100000000011,2.75499999999965,466.374,1,NA,"81ec74a2af5f","not-a-git-build","bbd3d4119dab4c61438d29ca56ae93a0","confirmatory",592.159000000001,35.7139415450085,9.63591259703319,34.6326351173264,-3.90225080661938,54.6346267920249,16.0821817724691,1275.48562068029,92.8508115776629,1199.41941516987,15.2275613577616,29.0969854961561,5.53551776503337,0,0.063,0.415,0.923,12.8790941394247,39.0139273921876,11.6871426976156,34.4726517779441,38.03246177309,9.51363530952227,36.8216543747069,-2.97415982995404,56.8236460494054,17.0102727491345,1446.46814852155,90.5092568025889,1355.83423089037,8.84562669411222,31.2870828486204,5.45972703066054,0,0.036,0.438,0.948,12.7938111505656,38.5855435855316,12.4435065130459,36.4956644791181,35.5413186078894,13.0900571488259,33.8202747766296,-3.98683780013056,53.822266451328,15.9975947789579,1263.1853283875,171.349596159527,1143.81098596673,15.8948756445499,26.1419744900344,7.35450374648472,0.025,0.371,0.498,0.982,19.6424154210202,58.1155459623505,18.4938168186467,55.2929791650566,36.3985107498036,13.6923254872542,34.7568746675434,-3.3255494210752,54.7588663422419,16.6588831580133,1324.85158480357,187.479777248911,1208.04033665532,11.0592789520136,27.413309031675,7.80645825823221,0.003,0.319,0.455,0.939,17.0245643209282,53.6919223299057,17.7594020324406,52.4363603914453,43.2622466633662,65.2330752527187,6.99739981898078,25.5411146896939,50.9280321864332,58.3864245009337,12.9412789690564,19.2009391947551,21.9708285893525,18.5437148707131,7.45839231450053,6.25966022569873,0,1,0,0,46.745644415464,67.4596418399325,6.52509836113552,26.8496870497797,53.0970301622311,60.8981195854693,13.9006953775033,20.2211196308702,20.7139974244685,20.3245886886442,7.8010894232382,6.32042425336688,0,1,0,1,43.493288491044,63.4098506926852,6.7448148533289,26.2188182207387,50.0171848223189,57.6052620004618,12.2202175906238,20.0285073444822,19.9165622016411,19.4740033674098,7.58807717814289,7.80828975385841,0,1,0,1,43.0630634295488,65.5648706036153,6.72490097237255,26.3708818334106,51.0841071262587,58.6016531611992,13.4291209299106,20.0005719174444,22.5018071740665,19.6459808610381,7.51754603494049,6.57145098753388,0,1,0,1
812,500,2,1,"L'Ecuyer-CMRG","10407_-256775876_-269006561_-1294180896_-1106040660_336466807_1986508856","10407_1150125650_232690913_-1780410613_486771372_-2091831291_18541548",1554321826,644943313,83390616,838795164,1732020698,1094414821,1366025011,85.4209999999998,5.19999999999982,6.33100000000013,1.99800000000005,1.94300000000021,467.863,1,NA,"81ec74a2af5f","not-a-git-build","bbd3d4119dab4c61438d29ca56ae93a0","confirmatory",592.961,33.3088481510746,10.2906569008275,32.6220486844983,-7.34266358553515,52.6618355464181,12.4813296657584,1109.47936515135,105.897619450549,1064.19806037378,53.9147085303439,26.8045086997096,6.02603560268556,0,0.042,0.342,0.896,13.6849513546565,40.716148009296,11.2110042400504,32.3468954795431,36.3335024060248,9.61633882843922,35.504266918813,-5.81262118016594,55.5440537807327,14.0113720711276,1320.12339708861,92.4739724633477,1260.55296944232,33.7865649841137,29.1713721817143,5.51254345191491,0,0.052,0.392,0.953,14.5685687080744,44.6211781831197,11.7744771791515,35.133499549326,36.4206829907447,10.5387568550616,35.3414389792018,-6.82845136760046,55.3812258411216,12.9955418836931,1326.46614951232,111.065396050107,1249.01730912065,46.6277480796845,26.9324770643364,5.99200598057333,0,0.351,0.414,0.986,20.1646418931936,61.1512573232036,13.7634573782347,44.4845275527696,36.2267469622402,9.23158205681653,35.3159062201018,-5.66857496955221,55.3556930820215,14.1554182817414,1312.37719546618,85.2221072717369,1247.21323214702,32.1327421854338,27.1824690565941,5.37947124993744,0.001,0.334,0.575,0.99,18.8024641698465,60.2863739811639,14.958963958196,48.888275677258,41.1200058006833,63.4555522558212,2.26118081933607,21.7355205417262,48.7925370375614,56.517572671041,9.08047317130449,15.8870791292026,22.3355464551379,19.4743397223901,7.72503563347961,6.80660595789815,0,1,0,0,44.4839383314446,67.0641177548054,4.5954639888683,23.3591592058513,51.8535641217921,59.0908974737325,11.0035856393964,17.2889913340291,22.5801794233608,18.763695216983,7.23733335194041,6.28540569463274,0,1,0,0,44.473127044141,65.5356749895588,1.97865775559774,23.1433513599281,51.5763732339714,59.1529069150612,9.49418146133113,16.7809690903902,21.0625479454178,21.1646936043304,7.57653368108975,7.28678762905906,0,1,0,0,43.3271131509689,67.2598082266034,3.90384382895552,24.5599405209627,50.9521288373857,59.4123894725813,10.3846595298261,18.1016179551743,23.9326950756345,20.6560966920072,8.46026063519561,7.7169584253482,0,1,0,0
815,500,2,1,"L'Ecuyer-CMRG","10407_579033280_299675354_-1393823883_2029488007_-735378507_1197560291","10407_-162823892_-1477718928_1590479408_472535548_-998071549_-2115283989",1366025011,2107426439,774063750,344213783,271869343,139694862,887121000,85.4350000000004,7.12199999999939,5.64100000000053,2.0630000000001,2.08399999999983,482.561,1,NA,"81ec74a2af5f","not-a-git-build","bbd3d4119dab4c61438d29ca56ae93a0","confirmatory",608.027,38.7704827138982,8.28656813663214,37.8797654848435,-0.670049950941507,57.7720791975999,19.2581794231947,1503.15032986868,68.6672114830471,1434.87663318674,0.448966936756717,31.760520440129,4.76689186392105,0,0.047,0.36,0.96,14.1315923588357,43.1237741579884,10.2469297786189,31.5187664446937,38.6731012188294,8.22704812867412,37.5336162872396,-0.386076132687815,57.4259299999961,19.5421532414484,1495.60875788182,67.6843209115204,1408.77235159774,0.14905478023118,31.0698603235616,4.72101074854055,0,0.11,0.399,0.978,15.1141720281225,45.6442169923108,10.8369116177678,32.8690502313177,39.7317794986638,7.80362007591942,37.6923768862215,-1.08324342545521,57.584690598978,18.844985948681,1578.61430213044,60.8964862892926,1420.71527533297,1.17341631879193,30.0417947459105,4.63247510795814,0.021,0.316,0.581,1,18.646073405939,57.9202537959875,14.3371595071924,47.4462216432479,40.4312881437599,7.64043945864615,39.1252630752288,0.241107562391395,59.0175767879852,20.1693369365276,1634.68906096374,58.3763151212371,1530.78621070586,0.0581328566423205,30.9340006266533,4.5753444590326,0.004,0.311,0.599,1,19.1872378698511,60.026432147827,14.2744943607013,46.1061984881664,46.7751628250404,68.709160318597,10.3151259463116,28.606595895285,53.7854665874304,61.663662025258,16.0904021776209,22.4890291654597,21.9339974935566,18.2914699489735,7.87819543782757,6.39862698783881,0,1,0,1,46.2706243025484,68.4412446469565,9.55429243178091,29.2150413893247,53.4228839395962,61.1967216201616,16.2421964937334,23.0180361859581,22.1706203444081,19.6607489575437,7.77383768056544,6.77583969222468,0,1,0,1,46.4587073470006,69.9707209879299,8.76200569838716,28.39480511724,53.7322632940221,61.529668379912,15.8797174118888,22.0743338436419,23.5120136409292,19.6327994188528,7.79740508588985,6.19461643175315,0,1,0,1,46.6695406031574,70.4807656149328,10.8259771612078,29.8518605901611,55.1632202625016,63.2967362922983,16.6745104356601,23.350456120475,23.8112250117754,19.0258834289534,8.13351602979672,6.67594568481496,0,1,0,1
814,500,2,1,"L'Ecuyer-CMRG","10407_1323757052_1874227803_-833521358_-1656422448_1937692212_454315703","10407_1064432810_-1264837141_-1308058020_788696086_202214004_867433216",1732020698,1094414821,1366025011,2107426439,774063750,344213783,271869343,86.1300000000001,6.70700000000033,5.28999999999996,3.38999999999942,1.9970000000003,480.389,1,NA,"81ec74a2af5f","not-a-git-build","bbd3d4119dab4c61438d29ca56ae93a0","confirmatory",608.072,30.1256278513055,8.69621775041923,29.2768301035094,-1.06879326941898,49.357085429289,19.0349354171208,907.553453435355,75.6242031627064,857.132780909757,1.14231905275532,23.6452367564996,4.97515014428979,0,0.114,0.415,0.971,13.4933667621617,39.346733923816,10.9950634884352,33.5267382335895,31.9550684093172,9.36706649915068,31.0342219239508,-0.691052835806726,51.1144772497303,19.4126758507331,1021.12639704414,87.7419347995111,963.122930425026,0.477554021876518,24.7074057872059,5.37564622072201,0,0.174,0.433,0.974,14.6910895882343,45.1587788030711,12.2364094603249,36.9742232545318,31.5951869186246,9.76033986269693,30.5520122708211,-0.0971281005534479,50.6322675966007,20.0066005859864,998.25583642283,95.2642342353508,933.425453796405,0.00943386791712069,22.9494364586632,5.65998980612431,0.003,0.355,0.548,0.998,17.9660834509787,56.269709084306,16.226020893896,50.6265368792661,31.8798187297673,10.4263470973031,30.3088061156951,-1.21143005768854,50.3890614414747,18.8922986288513,1016.32284224282,108.708713793442,918.623728158799,1.46756278467126,23.7987965709005,5.98342975869886,0.006,0.271,0.456,0.961,15.5530426568903,47.8399863956177,13.5890308467148,42.5780796703149,38.3778753121169,59.9708126138124,8.51141332924291,29.5740319500364,45.771918561751,53.1394035958324,15.694175333136,22.5395089674902,21.5929373016955,21.0626186207935,7.36748503408144,6.84533363435421,0,1,0,1,40.2788885880158,63.0096613570525,9.71486106878019,29.8006144984008,47.3470150101806,54.9995727988985,16.1089367980291,22.5083697669188,22.7307727690367,20.0857534296206,7.65255778871789,6.39943296888972,0,1,0,1,40.4083496522222,62.1341914319487,9.08257060499323,29.723881295294,46.9974273961452,54.3831232863592,16.9542666592399,23.609137319999,21.7258417797265,20.6413106903008,7.38569589021396,6.65487066075906,0,1,0,1,39.8486438927869,60.8279939574231,8.62663415127477,29.2430657661687,46.9264906838556,54.0627190987544,15.4001168988733,22.3513686887128,20.9793500646363,20.616431614894,7.1362284148988,6.95125178983946,0,1,0,1
817,500,2,1,"L'Ecuyer-CMRG","10407_-1770240586_727828875_-380615329_1042153759_-856624927_-1276711607","10407_-2128291820_-838043704_1029060751_955352337_2141330781_-847863700",271869343,139694862,887121000,197323075,584832429,947709633,606405686,89.3620000000001,6.89500000000044,5.21399999999994,2.14499999999953,2.15500000000065,470.355,1,NA,"81ec74a2af5f","not-a-git-build","bbd3d4119dab4c61438d29ca56ae93a0","confirmatory",600.015,31.8122253477353,7.96201826324782,31.0377141829686,5.19354668490011,51.1408025536425,25.3055602849587,1012.01768157509,63.3937348242918,963.339701703648,26.9729271682369,25.4739573972872,4.54218403239337,0,0.057,0.435,0.996,12.7599591556963,39.3007700782283,11.552342557668,33.3846348671071,32.2147629103938,8.18468782238065,31.2673600071283,6.09096342782472,51.3704483778022,26.2029770278833,1037.79094937288,66.9891147498262,977.647801815367,37.0998354790983,25.5172744370326,4.66233062781194,0,0.102,0.462,0.999,13.3930819282306,40.687067537449,12.6771265306036,37.0411608264723,32.487428125474,8.10200085969549,31.5864960600422,6.22868968285174,51.6895844307161,26.3407032829103,1055.43298620784,65.6424179305065,997.706733351062,38.7965751652638,24.2785406338007,4.9671101357859,0.001,0.37,0.618,1,16.8647167084994,54.1801210363283,16.5864668849031,51.2663888853853,32.4550684003505,8.03930451285263,31.5219214761206,5.3780394127832,51.6250098467945,25.4900530128418,1053.33146487143,64.6304170503726,993.631533546712,28.9233079254495,24.2251754136734,4.83041422128288,0.005,0.327,0.615,1,16.5992551761997,55.0344804318902,15.1230776924028,48.9653431104328,41.3586986037537,62.2408328944547,16.0938585273506,33.7131447825704,47.3359787058745,55.135760178772,22.2178109758455,28.5474452289841,20.8821342907011,17.6192862552198,7.79978147289759,6.32963425313858,0,1,0,0,40.1032803408273,62.3036995183355,16.0012896748478,35.7565875322912,47.6178930141695,54.9778726662446,22.5184546721889,30.062828188045,22.2004191775083,19.7552978574435,7.35997965207505,7.54437351585613,0,1,0,0,40.9415727524437,62.6896714786166,17.6407045203629,35.0159690073527,48.1223260915702,54.8581342895832,23.1826948813648,29.4252961361572,21.748098726173,17.3752644869898,6.73580819801299,6.2426012547924,0,1,0,0,40.0205291072179,62.6544640512649,16.2121590467203,34.9049735930881,47.6884682912891,55.800813397446,21.8919301563067,29.2118394096391,22.6339349440471,18.6928145463678,8.11234510615684,7.31990925333243,0,1,0,0
816,500,2,1,"L'Ecuyer-CMRG","10407_-2125238005_-47471440_-1308783849_-258213229_768613404_-73538082","10407_-288508228_-1706160162_1019904900_-1404770957_1042109285_-1233692306",774063750,344213783,271869343,139694862,887121000,197323075,584832429,89.6719999999996,5.22299999999996,6.76699999999983,2,2.70800000000054,466.881,1,NA,"81ec74a2af5f","not-a-git-build","bbd3d4119dab4c61438d29ca56ae93a0","confirmatory",595.812000000001,41.4949626655692,9.4436734647116,40.6466760306919,6.00817192102281,60.5235900668025,26.0252703580784,1721.83192661698,89.1829685080981,1652.15227234403,36.0981298325669,35.4568005684622,5.45452668496909,0,0.002,0.38,0.958,11.4909864706372,36.9312561628118,10.2708588154663,31.4063976474,42.0406763876101,10.0878365096352,41.2331321525564,7.2147565028987,61.1100461886669,27.2318549399543,1767.41847112776,101.764445445128,1700.17118711018,52.0527113961191,35.7729304977977,5.79220259022494,0,0.006,0.375,0.971,12.2295088967331,38.5158516738985,11.5342975245728,35.0792453386771,42.1998914943906,8.59698505884654,41.2754333717449,6.9385307963498,61.1523474078554,26.9556292334054,1780.83084213834,73.9081521020306,1703.66140002535,48.1432096118945,34.2470815223005,5.09792784926212,0,0.067,0.584,1,15.3497052808361,50.1129263950964,15.9429751595358,50.4775290142221,42.2871689386849,9.65607757283408,41.4448424122695,7.07031696317286,61.32175644838,27.0874154002285,1788.20465684888,93.2398340925892,1717.67496257785,49.9893819597299,35.4392363245323,5.47427755829804,0,0.019,0.413,0.998,12.3626793707668,43.2976476950505,12.1556270960452,41.8744162247964,49.7869291037344,70.6267510973323,16.0859115968795,36.0627864281992,57.122547595392,64.0585310364169,22.9352800133235,29.095517820041,20.8398219935979,19.9768748313197,6.93598344102484,6.16023780671755,0,1,0,0,50.9056201426542,71.1658049252986,17.8038689230388,37.239443825885,57.5167608577881,64.94166958524,23.8213761417575,30.6177011274928,20.2601847826443,19.4355749028462,7.42490872745195,6.79632498573537,0,1,0,0,51.5119071461408,72.1601711466543,16.5986934370717,36.2626236370096,57.6542671412374,64.5469709844306,23.8004450533428,30.2668838671274,20.6482640005135,19.6639301999379,6.89270384319327,6.46643881378464,0,1,0,0,51.2446189209935,71.4176741112011,16.6102316582085,38.0571379913221,57.5858954285762,64.9658989850747,23.4375885660135,30.9085804425158,20.1730551902076,21.4469063331136,7.38000355649848,7.47099187650228,0,1,0,0
819,500,2,1,"L'Ecuyer-CMRG","10407_27570518_-1737779522_1479855927_-776522970_-1612411142_-1507962424","10407_-2102376577_-1939609875_901713709_-2098198494_288147794_2124863561",584832429,947709633,606405686,839592230,1733536689,626628881,2142090248,88.8010000000004,5.91799999999967,6.27900000000045,2.05400000000009,3.36099999999988,514.691000000001,1,NA,"81ec74a2af5f","not-a-git-build","bbd3d4119dab4c61438d29ca56ae93a0","confirmatory",644.183,31.1433361357623,10.5538078263045,30.5099068395103,8.09334495160526,50.5350488481794,28.092695098877,969.907385665077,111.382859634566,930.854415355599,65.5022325056743,25.0323156353654,6.27442830055448,0,0.06,0.333,0.864,12.3812121556257,38.6422589882635,10.5123496508876,30.9866024299015,32.1977220232429,12.2992924389139,31.4800853526546,9.16671882742961,51.5052273613237,29.1660689747013,1036.69330348602,151.272594497924,990.995773810417,84.0287340611525,25.5849054101472,7.4368749795537,0,0.061,0.308,0.777,12.9707897966714,42.3381023890917,10.5788832220935,32.6540366532878,33.6415109101799,12.0493957308891,32.6585480387393,8.67812260105433,52.6836900474084,28.6774727483261,1131.75125631975,145.187937479568,1066.58075999864,75.30981187893,24.774815857942,6.98137560179877,0,0.381,0.403,0.965,18.1224903147835,58.0309728932002,14.9182695819288,47.4327634610116,32.831694867758,11.6041223911957,32.1358871091535,8.40100338338432,52.1610291178226,28.400353530656,1077.92018788957,134.65565646985,1032.71524029226,70.5768578476349,25.0775222085146,6.80126181695417,0,0.242,0.389,0.943,15.6196778438535,51.3876027204847,13.4982901456321,44.7017067347462,39.6583737402813,61.3243465044623,18.393006034353,37.0300226849839,46.7806174938088,54.1705281969584,24.9218081014151,31.7214735840216,21.665972764181,18.6370166506309,7.38991070314955,6.79966548260649,0,1,0,0,41.3649394950766,62.7765967676903,20.5196541600117,37.7295269768303,47.8391856492404,54.8062679865391,26.0298471308486,31.9931614203692,21.4116572726136,17.2098728168187,6.96708233729873,5.96331428952061,0,0,0,0,42.6373294835413,64.0009464405316,20.0048940190559,38.4001345022158,49.1888683199186,56.3065145641747,25.5118650037743,31.4893995611659,21.3636169569903,18.3952404831599,7.11764624425616,5.97753455739164,0,0,0,0,41.8985034538004,63.7173615667353,19.4228056061126,37.7221167329971,48.1961128216036,55.8697222304274,25.2179278431608,31.7369579018752,21.8188581129349,18.2993111268844,7.67360940882384,6.51903005871442,0,1,0,0
818,500,2,1,"L'Ecuyer-CMRG","10407_866521670_868625773_682722140_-24329053_1787033095_995064705","10407_1625420623_1069341497_2075618154_1872551042_-346732658_-142917342",887121000,197323075,584832429,947709633,606405686,839592230,1733536689,87.7249999999995,6.10400000000027,5.74499999999989,2.19300000000021,2.02000000000044,516.302,1,NA,"81ec74a2af5f","not-a-git-build","bbd3d4119dab4c61438d29ca56ae93a0","confirmatory",644.568,31.7844739301175,8.75184868491427,30.8114667895738,-2.88088765939553,50.7611191700951,17.1611860272632,1010.25278301432,76.5948554036356,949.346485725006,8.29951370605747,25.6796129702192,5.04322607279284,0,0.065,0.352,0.934,11.6201280652193,36.4925474393853,9.36882880504477,30.2581756704916,33.2442682075909,8.46047445396907,32.2313712934368,-0.945093892827742,52.1810236739582,19.096979793831,1105.18136865824,71.5796279862632,1038.86129545538,0.893202466260296,26.4898563498741,4.84929235072427,0,0.067,0.401,0.988,13.354586633832,40.4121374856387,11.1072427942978,33.9690232935235,33.9770609927625,8.72331637147208,32.5847212687542,-1.59151249181615,52.5343736492755,18.4505611948426,1154.44067370591,76.0962485167929,1061.7640601624,2.53291201160684,25.5988324649052,5.01062420269376,0.002,0.231,0.412,0.998,16.3279939383424,50.8915519809334,11.9351970219326,41.2760939601479,32.7837810716571,8.95332489378807,31.7664234860388,-1.24299061370731,51.7160758665601,18.7990830729514,1074.77630135434,80.1620266537252,1009.10566109436,1.54502566576447,24.6184677285669,5.16753646633429,0,0.271,0.458,0.994,15.5234659111741,52.5898981165741,12.8193436869269,43.6203823599365,38.4356543960014,62.2703981219205,6.74446026874692,25.5734761792217,46.5568378653682,54.7585396383449,14.4681636196221,20.3249662932623,23.834743725919,18.8290159104748,8.20170177297669,5.8568026736402,0,1,0,1,40.6166432080266,63.3593518346217,9.25062107878377,28.2855920106893,47.9411637296257,56.3312761599547,16.0503192014187,22.3708883894898,22.7427086265952,19.0349709319055,8.39011243032898,6.32056918807108,0,1,0,1,40.6153059619954,63.6250034063169,8.83039704701136,27.8787106016749,48.3248568488252,56.8805924110983,15.3269642509272,21.580425961683,23.0096974443215,19.0483135546635,8.5557355622731,6.25346171075577,0,1,0,1,40.326404344016,63.0297879967523,9.16885095384007,28.1603683758615,47.9221422878396,55.7656072414014,15.0294548430928,22.4231299860924,22.7033836527363,18.9915174220214,7.84346495356187,7.39367514299957,0,1,0,1
821,500,2,1,"L'Ecuyer-CMRG","10407_-616083001_-1335029944_47210779_-1534282867_2132412587_-3853884","10407_-1788126159_335658938_-1377378145_158584098_1305516481_-205384081",1733536689,626628881,2142090248,728779006,1146914111,1787165366,982373611,93.924,7.35800000000017,5.67200000000048,2.3090000000002,2.11700000000019,538.931,1,NA,"81ec74a2af5f","not-a-git-build","bbd3d4119dab4c61438d29ca56ae93a0","confirmatory",675.973999999999,39.7507307060407,10.128168309232,38.9217751151136,-4.51424671585809,59.3378731649946,16.1523658215021,1580.12059166416,102.579793300132,1514.90457811148,20.3784234116355,33.3078218488207,5.90019974346742,0,0.008,0.355,0.899,12.8988605322965,39.3532436059449,10.8103361924837,31.8701911199934,41.2436404375472,10.8511125992005,40.4086819836875,-4.87784207845651,60.8247800335685,15.7887704589036,1701.03787654168,117.746644640528,1632.86157965879,23.7933433423609,34.4553532358665,6.27925824584167,0,0.005,0.382,0.886,13.9937802254823,41.1123675417084,11.8871469244522,34.4560177107134,40.7909646465546,11.055472825524,39.6908117552169,-3.68129965473145,60.1069098050979,16.9853128826287,1663.90279679647,122.223479395899,1575.36053778806,13.5519671479259,31.8844119040149,6.29653365106941,0,0.168,0.443,0.959,18.034026994067,55.4606957012215,14.2877024979337,44.699598476466,40.9375920585912,11.8161941209956,39.8211932488672,-4.56605200035381,60.2372912987483,16.1005605370063,1675.88644355563,139.62244350505,1585.72743176363,20.848830869935,32.2387230289803,6.74454730464482,0,0.132,0.442,0.949,17.1906001863984,54.087285548586,15.0149068617884,46.1283928601822,49.3207847367468,70.044078866208,7.83220262572861,25.4136905291692,55.7811448822169,62.838055751348,13.1222157447682,19.027034809216,20.7232941294612,17.5814879034406,7.05691086913102,5.90481906444782,0,1,0,0,50.5397180073122,71.8066015091963,6.97642206409712,24.241056351523,56.9404351767999,64.5391784137583,12.599502596191,19.0104096874083,21.2668835018841,17.2646342874259,7.59874323695848,6.41090709121734,0,1,0,0,48.8414399246432,69.8069177334863,7.74664850526237,25.3423730556615,56.7598300674067,63.823340824971,14.0571804448829,20.1248444868782,20.9654778088431,17.5957245503991,7.06351075756427,6.06766404199535,0,1,0,0,50.2873587062274,70.1752524563659,4.46612112406957,24.0770484225315,56.7663566479446,63.5461546419078,13.3283953576335,19.2293847029903,19.8878937501384,19.6109272984619,6.77979799396314,5.90098934535678,0,1,0,0
820,500,2,1,"L'Ecuyer-CMRG","10407_-298956430_-1916794587_506036122_-688766402_-321290953_594967368","10407_-2057165017_-1846027554_-570615402_-2099846583_-1277675042_21973517",606405686,839592230,1733536689,626628881,2142090248,728779006,1146914111,92.6729999999998,5.58199999999943,7.55699999999979,2.10599999999977,2.08600000000024,542.728,1,NA,"81ec74a2af5f","not-a-git-build","bbd3d4119dab4c61438d29ca56ae93a0","confirmatory",681.307,39.6203777346361,11.3176726006584,38.7914189498293,-8.36993895266865,59.251752297003,12.1008982969578,1569.77433183525,128.089713095694,1504.77418414118,70.0558780714,33.6267505836947,6.70635672865671,0,0,0.383,0.849,11.5916194312272,36.4365986559043,10.9361856214811,34.7172292930927,40.6180953705148,12.1838798196256,39.9082581044388,-9.46611348990329,60.3685914516125,11.0047237597232,1649.82967152824,148.446927459081,1592.6690649305,89.607304603729,34.2341407030495,7.17182752176997,0,0,0.382,0.899,13.0361037720728,39.7350289544194,13.3106101953542,40.2377454596523,39.3794017193896,11.2207017799316,38.5788327119176,-8.5172331356366,59.0391660590913,11.9536041139898,1550.73727977707,125.90414843416,1488.32633341412,72.5432602867861,31.7664187489145,6.63421007291836,0,0.05,0.557,0.992,14.1821074526537,49.205873083057,19.3943362160386,58.8717234727565,40.3541796513115,12.3661083328541,39.3437432009525,-8.76609748815131,59.8040765481262,11.7047397614751,1628.45981533033,152.920635299884,1547.93012906249,76.8444651717726,31.773693386665,7.23707605945688,0,0.115,0.473,0.959,16.0084976419231,54.6226098473765,16.4948551732946,54.165928086387,49.7052328303285,70.0911971206355,1.89517754363004,22.983165952981,55.6205821876004,62.434022166155,8.5589021324692,15.1756786683838,20.385964290307,21.087988409351,6.81343997855461,6.61677653591461,0,1,0,0,50.5813190410149,70.2144629279822,0.852866950467003,22.0886956057431,56.6157335971499,63.9042497929461,7.25270969049916,14.4905118230105,19.6331438869673,21.2358286552761,7.28851619579617,7.23780213251129,0,1,0,0,49.1879594898037,68.5193702025908,1.453525659692,23.1403132793493,55.7379309958634,62.4182837929617,8.33760757478053,15.4368455095092,19.3314107127871,21.6867876196573,6.68035279709829,7.09923793472868,0,1,0,0,49.1966542789884,70.7233803190827,1.82422523639257,22.1865040907442,56.0902677453034,63.291366097353,8.34506211854543,15.4628219820928,21.5267260400943,20.3622788543516,7.20109835204964,7.11775986354739,0,1,0,0
823,500,2,1,"L'Ecuyer-CMRG","10407_467122499_-685839306_1479895887_-905350068_96811078_1689539286","10407_-375220099_-1038303028_-1806338454_587035888_-1191136683_805792231",1146914111,1787165366,982373611,107183893,1318700403,1080041371,1576356713,97.1800000000003,8.35800000000017,5.65300000000025,3.04799999999977,2.11599999999999,538.539,1,NA,"81ec74a2af5f","not-a-git-build","bbd3d4119dab4c61438d29ca56ae93a0","confirmatory",680.301,34.5824296358107,11.7791309375446,33.5621328894054,7.82036076103106,53.1642924342005,27.398135540359,1195.9444395158,138.74792564382,1126.41676408611,61.1580424326744,28.3306687627706,7.03158766624604,0.002,0.081,0.314,0.772,12.2484711247024,36.9300910658943,9.99607924489125,31.2968374742946,35.0362880396068,12.125298463349,34.1364598191859,7.64429840762235,53.738619363981,27.2220731869503,1227.54147959429,147.022862825295,1165.29788898689,58.4352981447776,28.5855446164921,7.07464607320838,0,0.062,0.353,0.857,12.832425432281,38.9416726223406,11.8429643417077,35.760044445795,35.3700729629415,13.8112868244281,33.737123270953,7.93242296443664,53.3392828157481,27.5101977437646,1251.0420614038,190.751643746623,1138.19348659948,62.9233340867217,27.0206658068447,7.82400111542487,0.047,0.23,0.447,0.936,16.687271233913,52.8011588252744,17.2616791834284,52.2260010131369,34.7290329614026,12.3867718238414,33.667001560327,6.78109407917149,53.2691611051221,26.3588688584994,1206.10573043419,153.432116215911,1133.46699406306,45.9832369105746,26.0862765756919,7.06690588081428,0.001,0.317,0.461,0.936,16.0602122662847,57.0936986576089,15.9978319026126,50.0274876357028,42.289412615712,64.3035274389942,18.0791963226177,36.7023045478706,48.9879710664862,57.0523941437541,24.2399795701643,30.5197156553415,22.0141148232821,18.623108225253,8.06442307726789,6.27973608517718,0,1,0,0,42.3007689888622,64.6562318037906,17.6249139888943,36.8623213054774,49.8989153121956,57.7769831834545,23.9203361729596,30.377841003209,22.3554628149283,19.2374073165832,7.87806787125886,6.45750483024933,0,1,0,0,42.6446516077222,63.1782854454585,17.9372310769441,37.4541328261435,49.5788136391119,56.8407280495397,24.100578159477,30.6382749849056,20.5336338377363,19.5169017491994,7.26191441042788,6.53769682542866,0,1,0,0,42.5167838672618,64.953442598995,16.6847060462751,36.0805503516562,49.3569712933043,57.5721246761027,23.0210067136092,29.6823897498186,22.4366587317332,19.3958443053811,8.21515338279843,6.66138303620938,0,1,0,0
822,500,2,1,"L'Ecuyer-CMRG","10407_1321292331_1818583409_-96158923_1463114191_233981653_692764484","10407_633193944_1717697849_-668618064_1752006615_173697707_1712921573",2142090248,728779006,1146914111,1787165366,982373611,107183893,1318700403,95.6499999999996,5.67299999999977,7.3159999999998,2.11599999999999,3.35199999999986,541.318,1,NA,"81ec74a2af5f","not-a-git-build","bbd3d4119dab4c61438d29ca56ae93a0","confirmatory",682.384,46.5123211099443,10.1415706572651,45.7938048771867,-4.66111916719562,65.3906668719346,14.8465379564065,2163.39601503457,102.8514553963,2097.07256512985,21.7260318907984,40.7823871569286,5.93935425281939,0,0.002,0.343,0.846,11.7394190064355,34.529391309734,9.85086271071668,29.1068150332627,48.5531923702069,10.4346190497724,47.8798023632169,-4.51951400051926,67.4766643579647,14.9881431230829,2357.41248933832,108.881274713874,2292.47547434071,20.4260068008896,42.3991149621618,5.99037338733108,0,0,0.413,0.909,12.2865727561293,38.6477886437583,11.7317974354196,35.2148913438396,50.6447767099942,11.5062584734476,49.3227085922077,-5.54893286424344,68.9195705869556,13.9587242593587,2564.89340800517,132.393984057786,2432.72958287184,30.7906559318809,40.6539352542117,6.56480337497434,0.005,0.136,0.489,0.93,20.0379891589067,62.2543595228323,14.6690343411936,44.6781791577005,47.3848611686144,10.8541013360678,46.5758966887138,-5.18111951739179,66.1727586834616,14.3265376062104,2245.32506796886,117.811515813629,2169.31415235774,26.8439994534981,39.9150736868525,6.18725044130807,0,0.025,0.435,0.92,14.1643041543751,47.5329541703886,12.606150514987,40.5366927263461,56.5718728194828,75.8360219781743,6.03156469214466,22.8480498977358,61.7605909466851,68.7904487965144,11.7422968129163,17.766864042333,19.2641491586915,16.8164852055911,7.02985784982931,6.0245672294167,0,1,0,0,57.0858469515209,77.9667467827143,5.95782803544106,24.3760463814956,64.0386801891441,70.8156653585687,11.8122645946334,18.090269463419,20.8808998311934,18.4182183460545,6.77698516942461,6.27800486878562,0,1,0,0,59.28942640476,78.8044186232415,5.72140729557568,23.3742630602358,65.6656434689324,72.0356341495513,10.9704120949727,16.8263913163058,19.5149922184815,17.6528557646601,6.36999068061887,5.85597922133317,0,1,0,0,56.1892160643633,77.9583725379792,4.78186817354063,23.7259765087796,62.2936360156502,69.5731344959955,11.1993987996284,17.3886601438712,21.7691564736159,18.944108335239,7.27949848034526,6.18926134424287,0,1,0,0
825,500,2,1,"L'Ecuyer-CMRG","10407_181240646_-1629771262_-1451211063_-708897058_22406356_-1362810514","10407_-755873584_354207901_78956947_98087834_433292390_-217292967",1318700403,1080041371,1576356713,1848326298,2143195410,907344586,968762228,95.5259999999998,6.64500000000044,5.84799999999996,2.09500000000025,2.18399999999929,519.576999999999,1,NA,"81ec74a2af5f","not-a-git-build","bbd3d4119dab4c61438d29ca56ae93a0","confirmatory",659.688,38.7293560793265,10.358408090983,37.9465907126073,-5.92366649282131,57.8553179962703,13.9709918115382,1499.96302231926,107.296618179342,1439.94374671013,35.0898247181739,32.6252481925424,6.18348192657528,0,0.003,0.322,0.785,12.1280691966419,36.9673030812332,8.95683024909706,27.8422646884945,38.703517066913,10.2530470466921,37.7480474917075,-6.04059260354673,57.6567747753705,13.8540657008128,1497.96223334883,105.124973741681,1424.91508943621,36.4887590020235,31.8260811937199,5.96922324031552,0,0.022,0.379,0.837,13.9811964548538,40.903042137204,10.4381731918238,31.0017727756194,39.1865948187303,10.9308567331207,38.1514206861427,-5.50847796630231,58.0601479698056,14.3861803380572,1535.58921348734,119.483628920011,1455.53090037104,30.343329505238,31.0327425286604,6.15773361050026,0,0.082,0.396,0.936,15.6785483398243,50.9665078803855,12.7090756797998,40.0618180600733,40.1933184579303,11.4891831644233,39.2255809399238,-5.36440554457277,59.1343082235868,14.5302527597867,1615.5028486606,132.001329785668,1538.64620007452,28.776846846643,31.137669922414,6.52284338074421,0,0.194,0.403,0.917,18.2272602410742,57.7096062657456,13.1368314366682,43.3683833916097,47.0983357391949,68.6432128584984,5.17363728704892,22.6553796727216,54.1775218278991,61.7311145130327,10.8350899012658,16.7689158998073,21.5448771193035,17.4817423856727,7.55359268513359,5.93382599854148,0,1,0,0,46.6699901311535,68.1544480890617,4.53238807736217,22.7083293697558,54.2866381894589,61.2326776163027,10.8695548343794,16.928151825135,21.4844579579081,18.1759412923936,6.94603942684378,6.0585969907556,0,1,0,0,47.8959927286182,68.6694562599161,5.66956787087386,22.4198338678541,54.3082655359024,61.6281384704184,11.3072052277717,17.3121364540765,20.7734635312979,16.7502659969803,7.31987293451599,6.00493122630486,0,1,0,0,47.9795346431169,70.5852636007376,5.73696600830301,23.4049421243977,55.273626545382,62.6416805722943,11.4068105760849,17.7962601029959,22.6057289576207,17.6679761160946,7.3680540269123,6.38944952691095,0,1,0,0
824,500,2,1,"L'Ecuyer-CMRG","10407_42643727_2012287126_359104534_-1997897802_-1507005475_-1896716639","10407_-595525710_799523821_-162264372_1891252825_-657187013_-864530230",982373611,107183893,1318700403,1080041371,1576356713,1848326298,2143195410,94.6180000000004,5.70799999999963,6.73300000000017,2.08299999999963,2.85399999999936,513.636999999999,1,NA,"81ec74a2af5f","not-a-git-build","bbd3d4119dab4c61438d29ca56ae93a0","confirmatory",652.400000000001,47.9233018624995,9.83133651625794,47.2989723244461,-2.29615739075266,67.4359816096684,17.8516330783067,2296.64286140425,96.6551776959067,2237.19278294872,5.27233876310805,41.623098108775,5.81802391487479,0,0.001,0.293,0.857,12.343375050956,40.7706430955912,9.25698357967285,29.7496254500884,50.2924705675489,9.68791817593736,49.6491530505056,-1.38506685984935,69.7861623357279,18.76272360921,2529.33259578778,93.8557585836574,2465.03839863253,1.91841020625294,43.586124589779,5.67312323818757,0,0,0.339,0.892,13.8018341699659,42.2821816611006,10.3436175142031,31.7517085725974,49.7910681182172,11.8456066167289,49.0181776246185,-1.11246945591173,69.1551869098407,19.0353210131476,2479.15046435294,140.318396118293,2402.78173763865,1.23758829033653,40.8159346551865,6.66850189151229,0,0.021,0.411,0.96,18.5790471089312,57.3618630442206,14.949544853903,46.6336235698926,49.1541053132199,10.5471229884136,48.186218136223,-2.45796167785072,68.3232274214453,17.6898287912086,2416.12606914312,111.241803332722,2321.91161827167,6.04157560978274,40.3239169358681,6.01977645469409,0,0.042,0.427,0.96,17.4582520802482,55.5673099719594,13.8242878264947,45.1523281411406,55.294127450346,80.1116010011324,8.55294359848371,27.4299072162642,63.2770797542203,71.7242282946784,14.6171672588689,21.1080916082309,24.8174735507864,18.8769636177805,8.44714854045809,6.49092434936197,0,1,0,1,58.1530911699966,80.7642067884124,9.29169877928251,26.6527178870223,65.8579661052694,73.5908619759281,15.9582335916763,21.8457629335362,22.6111156184158,17.3610191077398,7.73289587065874,5.88752934185998,0,1,0,1,57.8445731843469,79.6473168137516,9.95557313821658,28.9386023515223,65.4986443666843,73.2161019749136,15.9142258259675,22.3901970837089,21.8027436294047,18.9830292133057,7.71745760822931,6.47597125774132,0,1,0,1,56.7191235716403,79.797917951867,7.46177948394214,27.169312533442,64.0975885221196,72.3331406814173,14.5322196986493,20.7672555048371,23.0787943802267,19.7075330494998,8.23555215929773,6.23503580618775,0,1,0,1
827,500,2,1,"L'Ecuyer-CMRG","10407_-1969890461_-1868764666_1512559704_1875362790_-991808441_102880616","10407_1001825924_477533746_-1863684374_1569867357_1758221165_-1608572302",2143195410,907344586,968762228,1725728137,1385362004,35700005,1261637460,93.0470000000005,7.50300000000061,6.76000000000022,2.09399999999914,2.15499999999884,527.482,1,NA,"81ec74a2af5f","not-a-git-build","bbd3d4119dab4c61438d29ca56ae93a0","confirmatory",664.815000000001,35.3618514013324,10.2769184128388,34.4775793557769,5.54110737542519,54.3708838143045,25.3886338446408,1250.46053452991,105.615052064145,1188.70347823389,30.7038709459915,29.6307252635755,5.98737768931976,0,0.028,0.363,0.879,11.3448541559597,33.920368304104,10.1249328827136,31.930760008852,33.802296990652,10.1921974489178,32.8486755738559,5.90214138022274,52.7419800323835,25.7496678494384,1142.59528184424,103.880888837726,1079.03548695644,34.8352728721376,27.5677012231841,5.83856746570696,0,0.053,0.429,0.914,11.8545700067031,37.2046693456005,11.7676774536505,35.9000519125202,35.5405165017299,11.0199015795118,34.3282819341433,6.72519111676619,54.221586392671,26.5727175859818,1263.12831320973,121.438230822128,1178.43094055003,45.2281955570308,27.1637022509914,6.30050083175295,0.009,0.253,0.475,0.966,16.6735789171886,53.0060182708649,14.1504602591227,45.7631289973232,34.7537338512786,10.0827118651846,33.7800248278442,5.08766890583437,53.6733292863719,24.93519537505,1207.8220166055,101.661078556335,1141.09007736977,25.8843748953939,27.2979853155427,5.7753616968386,0,0.18,0.442,0.954,13.7101687833859,47.6530535949332,12.4254915788464,39.5200591277895,43.9284020508631,64.5309842362214,16.228255632968,35.1096863527412,50.8447003084232,58.2195041864498,22.1289307710299,28.3616700937477,20.6025821853583,18.8814307197732,7.37480387802653,6.23273932271783,0,1,0,0,41.263231933982,62.4962846134624,16.7122781821767,35.5450593701988,49.1731331674741,56.4705869616914,22.1661186396625,29.0707496420033,21.2330526794804,18.8327811880221,7.29745379421728,6.90463100234076,0,1,0,0,42.4199383644649,65.2810890878663,16.1216182658198,36.1951772628426,50.4122877911933,58.0110673106522,23.3427192078302,29.9764648254796,22.8611507234014,20.0735589970229,7.59877951945893,6.63374561764935,0,1,0,0,42.4076365306961,64.6981120481889,14.8557984572173,34.4960545465922,49.7167286748131,57.5019828306213,21.3383785902664,28.4633439712336,22.2904755174928,19.6402560893749,7.78525415580815,7.12496538096718,0,1,0,0
826,500,2,1,"L'Ecuyer-CMRG","10407_-216095593_-1192767466_-643818617_988982691_-1452224053_-238906859","10407_105113415_-5973219_-202579637_1122465671_-306383534_1758151147",1576356713,1848326298,2143195410,907344586,968762228,1725728137,1385362004,94.6569999999992,6.44500000000153,5.8169999999991,2.53199999999924,2.03700000000026,525.466999999999,1,NA,"81ec74a2af5f","not-a-git-build","bbd3d4119dab4c61438d29ca56ae93a0","confirmatory",663.956,34.4924442581092,9.43383946047522,32.9226079770504,-3.83289034210542,53.0410356525315,16.29501647436,1189.72871089877,88.9973269660194,1083.89811601054,14.691048374605,27.0705142134356,5.40927853411372,0.001,0.142,0.431,0.924,14.12779359112,41.1550782185862,11.3719332837123,32.8755343071897,35.8702606879626,9.03854844042071,33.7989564342271,-2.92426281235087,53.9173841097083,17.2036440041146,1286.67560182239,81.6953579098317,1142.36945604278,8.55131299569821,27.6033625277573,5.1751351428534,0.004,0.201,0.463,0.955,14.8120706538946,44.9319962867781,11.8803323870602,35.2332426250008,36.8008307202463,9.54448964160149,33.6720525833492,-3.71084594791899,53.7904802588304,16.4170608685465,1354.30114170022,91.0972825186382,1133.80712517583,13.7703776491868,26.8622031731566,5.48101559962693,0.031,0.344,0.492,0.988,16.9072880651757,52.7633737498528,13.8254844134785,44.5306119059147,36.5453192806868,10.9641940791984,34.1363955239154,-2.92127717811216,54.2548231993966,17.2066296383533,1335.56036132734,120.213551806328,1165.29349936519,8.53386035135892,26.2438877965725,6.29822093713292,0.036,0.41,0.481,0.973,20.3724396656309,61.047495642764,15.0556815392107,48.6162340671791,43.1843378593382,63.6211643295351,7.42692344265483,25.0489616529267,49.1735364039045,56.7630645013344,13.3314226715545,19.3582861773468,20.436826470197,17.6220382102718,7.58952809742991,6.02686350579231,0,1,0,0,43.5765445008055,65.7466595821028,8.43286460425226,25.7411863598192,50.0828797247959,57.4254454213323,14.0222783067199,20.3426896577966,22.1701150812973,17.3083217555669,7.3425656965364,6.32041135107662,0,1,0,1,42.2893593743242,65.3398397276323,7.90804618924949,24.812438830474,49.9793965489903,57.4331782930952,13.335136063453,19.6919946814125,23.0504803533081,16.9043926412245,7.45378174410487,6.35685861795957,0,1,0,0,42.9159431692233,66.424618907057,8.37839953027405,25.9970022925748,50.365750277158,57.9273548097305,14.0248816671041,20.419960837092,23.5086757378338,17.6186027623007,7.56160453257247,6.3950791699879,0,1,0,1
828,500,2,1,"L'Ecuyer-CMRG","10407_-112722468_-1529373137_-1386603088_864590881_-719695185_375989172","10407_-1880072640_1777634772_2012490879_-1558442798_736745508_-257263081",968762228,1725728137,1385362004,35700005,1261637460,323831461,926445047,94.9849999999988,5.47599999999875,6.30600000000049,2.17500000000109,2.58899999999994,513.936,1,NA,"81ec74a2af5f","not-a-git-build","bbd3d4119dab4c61438d29ca56ae93a0","confirmatory",652.608,35.5503095191633,11.0360924288351,34.6367386915981,-7.4836027517855,55.1397316337224,13.0723586455047,1263.82450690831,121.795336097791,1199.70366719005,56.0043101465315,29.8196407731291,6.62153456915071,0,0.015,0.318,0.769,11.0813461109724,33.7491436848697,9.72236804312488,29.5168223259087,36.6630618204722,9.90969207728635,35.7510068614452,-5.74447721373132,56.2539998035695,14.8114841835589,1344.18010205176,98.2019970666318,1278.1344916071,32.9990184590784,30.3816616154207,5.70843843078246,0,0.032,0.379,0.912,12.329688404098,37.696330457403,10.9867990944679,34.1718865540842,36.835363266011,10.0855435124192,35.8398724358285,-5.67336713735729,56.3428653779528,14.8825942599329,1356.84398693899,101.7181879409,1284.49645621646,32.1870946752456,29.7234466441207,5.74150698575641,0,0.142,0.422,0.985,12.9283924410766,44.3424284641748,12.6521295831805,41.7637826394382,37.0963375468611,11.2594134267192,36.113684361088,-7.20271856980322,56.6166773032122,13.353242827487,1376.13825939066,126.774390713784,1304.19819813229,51.8791547957881,29.2081560974234,6.49091077152171,0,0.238,0.362,0.946,14.0141450369993,51.4880764715514,11.9746558062733,40.6505971636229,44.3485122785874,66.5838689628975,4.25205074579225,22.4964504693598,51.6743003387723,58.5485519950179,10.092496096889,16.2824142497306,22.2353566843101,18.2443997235676,6.87425165624555,6.18991815284167,0,1,0,0,46.6256345908743,66.5036024682379,5.83330458969985,23.1806096729051,52.7007746549887,59.9546490763601,11.6608127456148,18.1899737291514,19.8779678773636,17.3473050832053,7.25387442137137,6.52916098353666,0,1,0,0,46.2486114796506,67.5681026278814,4.81489665072244,24.5041947139253,52.6426291440437,60.0075079372416,12.1029056510316,18.3285949456286,21.3194911482308,19.6892980632028,7.36487879319782,6.22568929459702,0,1,0,0,44.9549436064927,67.336929833366,4.91064245945449,22.1287911763938,52.6458755775339,60.5143783244398,10.1167202622718,16.4885033078653,22.3819862268733,17.2181487169393,7.86850274690584,6.3717830455935,0,1,0,0
829,500,2,1,"L'Ecuyer-CMRG","10407_919508832_-650105258_-1433465218_523876780_-401174901_1571822216","10407_-1321629040_1217696475_-1200329127_1407003427_-1853783932_-994791434",1385362004,35700005,1261637460,323831461,926445047,240126966,1325199793,95.7610000000004,7.05299999999988,6.66800000000148,2.15699999999924,2.20199999999932,522.747000000001,1,NA,"81ec74a2af5f","not-a-git-build","bbd3d4119dab4c61438d29ca56ae93a0","confirmatory",662.560000000001,38.1192632400041,9.15462133772097,37.3320348626096,-3.78881524758131,57.6376002129814,16.6392830392245,1453.07822996073,83.8070918370561,1393.6808269831,14.3551209803046,31.3090543074894,5.23738457005056,0,0.062,0.376,0.964,13.707741267348,42.4343921399332,10.9643039119934,34.2871835476537,40.9024310680815,10.3809902252604,40.2246732727415,-3.41933815351958,60.5302386231133,17.0087601332862,1673.00886727916,107.764958056952,1618.02433989881,11.6918734081147,34.1698308982476,5.95734176221557,0,0.015,0.416,0.935,14.062914605514,42.2879003679374,12.5679781818507,37.8952816454329,38.228044755518,10.5893378945861,37.391496155783,-3.34536157286259,57.6970615061548,17.0827367139432,1461.38340582989,112.134077045718,1398.12398476794,11.1914440531856,29.2782791278317,6.00416961360038,0,0.225,0.533,0.997,18.0147944188004,59.5894851309907,17.1918477077394,52.4179334920451,38.9769895013807,10.6761035150442,38.0514608517646,-4.4749770957783,58.3570262021364,15.9531211910275,1519.20571059074,113.979186263939,1447.91367295338,20.0254200077404,30.3439659138584,6.0694894991609,0,0.19,0.462,0.963,17.1065161291744,55.7548326887334,14.0869371377505,45.3908019332796,47.1186315713534,67.9980438173558,8.01074662375811,25.476837143035,54.1430067015426,61.4963106428136,13.3154133056971,19.9966149769584,20.8794122460024,17.4660905192769,7.35330394127103,6.68120167126135,0,1,0,0,49.2822641540902,72.1255134051833,7.94467795115787,25.6793603723415,56.5199533038529,64.0787209908019,13.6976024251911,19.8128057382164,22.8432492510932,17.7346824211837,7.55876768694895,6.11520331302536,0,1,0,0,46.3209272589723,69.3586973406425,7.059491874177,27.4620199666156,54.0311414790115,61.6665653667563,14.0420825634982,20.1957596580637,23.0377700816701,20.4025280924386,7.63542388774475,6.15367709456555,0,1,0,0,46.4270931724218,68.2249536898037,6.41848934208671,24.8722863261167,54.9962677747605,61.9104127027497,12.678275467278,18.9893248350009,21.797860517382,18.45379698403,6.91414492798923,6.31104936772285,0,1,0,0
831,500,2,1,"L'Ecuyer-CMRG","10407_1528598001_1881088151_-720590983_-1078155304_962794457_225381262","10407_306177582_787268222_-656290664_924895513_666709529_-718028569",926445047,240126966,1325199793,203863590,863321488,605360325,1931713851,98.2690000000002,7.44300000000112,5.73400000000038,2.66300000000047,2.15400000000045,522.050000000001,1,NA,"81ec74a2af5f","not-a-git-build","bbd3d4119dab4c61438d29ca56ae93a0","confirmatory",662.621000000001,30.3575968482112,10.3344421443567,29.3974381600903,4.83836641933026,49.6698115614904,25.187440825595,921.583686398523,106.800694435056,864.209370376332,23.4097896077027,24.2690462016332,5.97724630358616,0,0.087,0.376,0.913,11.9033129919452,35.935057693693,11.4185335481592,34.3909391575105,31.3070502487115,12.0790287647175,30.2334492939074,5.24147289997681,50.5058226953075,25.5905473062415,980.131395275346,145.902935898872,914.061456207272,27.4730381611913,24.4569055285283,7.02444637412879,0.001,0.134,0.384,0.872,13.1579457326748,41.3260454616775,13.1936434069725,39.2201536027139,31.6119236486243,16.1709263336407,29.6554020478945,5.8385838428132,49.9277754492946,26.1876582490779,999.313716766452,261.498858488034,879.442870622268,34.0890612895594,22.5978264996923,9.61537744841686,0.073,0.39,0.317,0.883,18.3258502370939,58.7664616830757,16.5209978863683,51.163398985561,30.8904068071404,11.3205649308822,29.5133281674547,5.36619409007823,49.7857015688548,25.7152684963429,954.217232710627,128.15519035432,871.036539519876,28.7960390123905,22.3510094364723,6.4943154548838,0.008,0.424,0.404,0.957,16.6439646508566,55.5616705476074,13.839499797203,46.019573201959,39.1589620374538,60.5294629523219,15.7176966595313,34.9327763126549,46.1077857861615,53.2336049901634,21.7976430410345,28.7484412163375,21.3705009148681,19.2150796531236,7.12581920400193,6.95079817530296,0,1,0,0,40.6600074723028,60.3258941466391,16.5993577746809,34.0116247235209,46.9322159155767,53.8778922896272,22.821835849465,28.3454715459908,19.6658866743363,17.41226694884,6.9456763740505,5.52363569652578,0,1,0,0,37.7400577848213,62.0999858811403,14.8628064472546,36.334550530773,46.2947642899174,53.8269709926878,22.9870395165213,29.4205596574556,24.359928096319,21.4717440835183,7.53220670277034,6.43352014093427,0,1,0,0,38.3281986619649,60.2601694960014,16.6015610248081,35.0840839731765,45.981360454984,53.7423130970332,22.5394974729309,28.6655733624591,21.9319708340364,18.4825229483684,7.76095264204916,6.12607588952815,0,1,0,0
830,500,2,1,"L'Ecuyer-CMRG","10407_321870129_-828635538_990443195_975649828_25740062_1655711608","10407_-875907815_-2031420664_124826630_1352253297_2082097193_-2143039527",1261637460,323831461,926445047,240126966,1325199793,203863590,863321488,97.6599999999999,7.35499999999956,5.74099999999999,3.19200000000092,2.13500000000022,525.444000000001,1,NA,"81ec74a2af5f","not-a-git-build","bbd3d4119dab4c61438d29ca56ae93a0","confirmatory",667.218999999999,35.1015555749933,12.100931787195,34.0842799437979,8.23332825509337,53.708487138505,27.8210717907989,1232.11920378435,146.432550118347,1161.73813928718,67.7876941561188,28.5017297017631,7.11259746955957,0,0.054,0.351,0.821,12.8962978240121,38.9297529471574,10.8410324260027,33.683465495539,34.5447760957898,12.8030921602487,33.2587859952969,8.75129964778883,52.8829931900041,28.3390431834944,1193.34155550825,163.919168863822,1106.14684588096,76.5852455253889,27.2374185421582,7.54035576734457,0.001,0.123,0.36,0.799,14.3365268563879,42.3154328722287,11.6751647605511,35.4645537723883,35.7640873536482,14.3860939460556,34.0516299436453,8.38910901419356,53.6758371383525,27.9768525498991,1279.06994423938,206.959699024738,1159.51350181896,70.3771500520237,25.4581108222459,8.06615800370212,0.005,0.399,0.47,0.906,20.799676913092,63.6200268466412,16.8925922096713,52.9504564933017,36.1669944959981,13.8278097846631,34.8222120523758,9.25940533385584,54.4464192470829,28.8471488695614,1308.05149087356,191.208323440826,1212.58645222062,85.736587136638,26.7871919952801,7.92403669287166,0.003,0.318,0.421,0.895,18.3851438907662,59.067402456431,15.2810267997559,49.536214099533,43.4364861917856,63.1055080549975,17.5810556462003,37.4311098748013,49.9440281038266,57.2082320811406,24.3466311045407,31.2990641419253,19.6690218632119,19.850054228601,7.26420397731391,6.95243303738455,0,1,0,0,42.4132161785417,63.6832047492145,20.10951601227,36.3753330082811,49.6155560391482,56.2487580797968,25.5507116743153,31.2555159399056,21.2699885706728,16.2658169960111,6.63320204064861,5.70480426559025,0,0,0,0,41.4334898992401,66.4577278078263,18.6532272358816,37.9765657053743,49.6597603479956,57.8084148221562,24.4925303052638,31.044075916465,25.0242379085862,19.3233384694928,8.14865447416057,6.55154561120118,0,1,0,0,42.8993106733476,65.0768748537516,19.151229916755,38.3852388606186,50.7940983132489,58.2559270438161,25.6670854502458,31.9876343155009,22.177564180404,19.2340089438636,7.46182873056716,6.32054886525506,0,1,0,0
832,500,2,1,"L'Ecuyer-CMRG","10407_-1983416276_849862724_1336763843_1118567468_685443057_-606161214","10407_871639807_-410169158_1822909913_1104311267_-525680382_-1371724383",1325199793,203863590,863321488,605360325,1931713851,1264129945,311916278,99.6620000000003,7.52100000000064,5.88299999999981,3.35800000000017,2.21999999999935,533.556999999999,1,NA,"81ec74a2af5f","not-a-git-build","bbd3d4119dab4c61438d29ca56ae93a0","confirmatory",677.116,29.4937613512514,16.2438383735341,28.8005371119776,13.7941577480428,48.71720884476,33.5156550812116,869.881958644572,263.862285105501,829.470937938401,190.278787977888,23.3541512308877,10.8831393214053,0,0.085,0.172,0.509,12.90325390478,37.8232004702399,9.56505956762157,28.1797323800308,29.983793150458,18.5863240267745,29.2759270311433,16.2405329615712,49.1925987639256,35.9620302947401,899.02785168945,345.451440828254,857.079903532826,263.754910875881,23.128533359847,12.7844051991991,0,0.157,0.128,0.464,14.2380331717333,43.5833571652053,9.60466376791113,30.6288438169125,29.9585342245044,16.6231419371608,29.2229441613024,13.6294846679806,49.1396158940847,33.3509820011495,897.513772880804,276.328847862995,853.980465454598,185.762852314719,21.9862005965743,10.2249813504656,0,0.433,0.235,0.744,16.6338647919308,53.3337354907152,13.0260590976115,43.1270305375889,30.5073078827266,17.4564079368438,29.4572564039124,14.7902751839035,49.3739281366947,34.5117725170724,930.695834251471,304.726178057502,867.729954845839,218.752240015592,22.4394581634454,11.1780713568395,0.001,0.378,0.195,0.661,15.7793756534069,52.1542632427222,11.5645542337137,38.967822521302,37.4896123456547,59.1278911516063,23.7600227300446,42.9094888441957,45.2993091143817,52.2356142008146,30.4250435282893,36.7269581434095,21.6382788059516,19.1494661141512,6.93630508643285,6.3019146151202,0,0,0,0,38.029170072059,60.8528693064567,26.5621851772884,44.8139788199116,45.245234588686,52.4969586699548,33.2731041288687,39.0667754101998,22.8236992343978,18.2517936426232,7.25172408126879,5.79367128133116,0,0,0,0,38.1090799358619,60.138370812785,23.7076729513758,42.7355093774362,45.2431678120356,53.0191615861519,29.9469120842818,36.8098003837713,22.0292908769232,19.0278364260604,7.77599377411624,6.86288829948947,0,0,0,0,37.3183099674289,60.3972679380399,25.1678611191718,44.175016518201,45.7100679408224,53.8293245302216,31.1035169128513,37.8042661081495,23.078957970611,19.0071553990292,8.11925658939916,6.70074919529813,0,0,0,0
833,500,2,1,"L'Ecuyer-CMRG","10407_1836978031_-1329175316_1267875780_-352186757_-1245014810_-1614383256","10407_1698308871_359785086_-1155227245_-1784598321_1163469701_-1069582939",863321488,605360325,1931713851,1264129945,311916278,1995212783,999595146,99.3209999999999,7.42300000000068,5.88700000000063,3.72799999999916,2.2450000000008,546.370000000001,1,NA,"81ec74a2af5f","not-a-git-build","bbd3d4119dab4c61438d29ca56ae93a0","confirmatory",690.605000000001,33.4456388311967,10.4359710664142,32.4197724631865,-5.57291108927338,52.998213795848,14.9941823571246,1118.61075682685,108.909492099034,1051.04164656479,31.0573380089463,27.1296493909252,6.19924438619537,0,0.079,0.307,0.826,12.252971075116,37.1988368866346,9.26191075128334,28.8649540519985,35.5368045467687,10.1059248808785,34.5223976425718,-4.74982739735654,55.1008389752333,15.8172660490415,1262.86447739524,102.129717697959,1191.79593899185,22.5608603046788,28.4418722942993,5.82342018142498,0,0.086,0.394,0.918,14.0813306233676,42.3904134951413,11.2503431967134,34.1316316497068,35.5151349562252,10.9423593053329,34.4359771303758,-5.35953531511685,55.0144184630373,15.2075581312812,1261.32481095889,119.735227167006,1185.83652092377,28.7246187939847,27.1902289111348,6.2681856929131,0,0.185,0.475,0.966,15.9179148190161,52.392206303546,15.1777883847202,47.7850743105017,35.1947070265448,11.5368006571814,33.7168759748061,-4.56613343831304,54.2953173074676,16.000960008085,1238.66740268432,133.097769403542,1136.82772550046,20.8495745764804,26.4703074423211,6.54657891542206,0.001,0.25,0.44,0.958,16.1053441613236,52.9705980747185,14.964486951525,47.3023847647486,42.4034077088682,64.617130993786,7.35267196609117,22.2122838149993,48.9842177512293,56.8201283454976,12.2908027391994,17.6169319709616,22.2137232849178,14.8596118489081,7.83591059426823,5.32612923176226,0,1,0,0,44.2628889130504,65.6222740009738,6.20667062936476,24.1310231230319,51.1692320237017,59.0768261968702,12.570472624776,19.0888888145815,21.3593850879234,17.9243524936671,7.90759417316847,6.51841618980554,0,1,0,0,43.7960317554016,66.8121264753181,5.93090678537066,23.9250829892907,50.9816620095008,59.1811863531097,11.8102336316996,18.590668758422,23.0160947199164,17.9941762039201,8.1995243436089,6.78043512672237,0,1,0,0,44.0156363479521,65.2251913535186,7.21508666404874,24.1907450286915,50.6621254975973,57.9195606793615,13.3681337092117,18.9576741179723,21.2095550055665,16.9756583646428,7.25743518176422,5.58954040876058,0,1,0,0
835,500,2,1,"L'Ecuyer-CMRG","10407_-1468714131_1539879544_1805462914_13737795_2010477876_413018387","10407_1436313173_-1315569155_1122287664_1021229816_1646313990_-2108881744",311916278,1995212783,999595146,972759852,640821493,326841076,1579775966,92.8369999999995,5.55400000000009,7.50200000000041,2.03499999999985,2.06999999999971,527.044,1,NA,"81ec74a2af5f","not-a-git-build","bbd3d4119dab4c61438d29ca56ae93a0","confirmatory",665.855000000001,34.1032726108673,10.7623838983353,33.0210367792485,5.99653052881861,53.0418730852798,25.9951613709323,1163.03320277113,115.828907175146,1090.38886997648,35.9583783830536,27.8644434716745,6.42429529638872,0,0.074,0.31,0.805,11.4525679072235,36.6949147730039,9.85291313117223,29.1393602478111,34.358770484431,10.5993390204128,33.1051797656124,5.06666627055254,53.1260160716437,25.0652971126662,1180.5251092018,112.345987669646,1095.95292731351,25.6711070971548,27.2647135949419,6.15213800819599,0.002,0.11,0.367,0.891,13.5082875987182,41.4822446012318,11.5374367158748,34.3827197297815,34.8507836787716,11.7346424750457,33.1789850704731,5.06764627148889,53.1998213765045,25.0662771136026,1214.57712302453,137.701834017146,1100.84505030668,25.6810387329352,25.3968654367978,6.67340875128533,0.013,0.328,0.442,0.958,18.4543296955611,57.9995020554137,15.1624209178259,46.9202531115956,33.992113166973,12.5501936863431,31.8169504350286,4.58668817584256,51.8377867410599,24.5853190179562,1155.4637575563,157.507361564726,1012.31833498507,21.0377084224139,23.6405095410506,7.17625067600465,0.029,0.487,0.43,0.96,20.3487113718695,64.1407319280094,16.1538135621505,50.8762124535315,41.2221016355012,63.3119153555685,16.8677036056404,35.4258365621046,49.7362406167677,56.7230761332573,22.6180462780059,29.3038846980972,22.0898137200673,18.5581329564642,6.98683551648961,6.68583842009138,0,1,0,0,42.6515185717134,63.0325510529828,15.6017501058197,35.0200863234203,49.2693531793484,56.8680439439135,21.647652738892,28.5766483975716,20.3810324812694,19.4183362176005,7.59869076456508,6.92899565867959,0,1,0,0,42.3118247794623,64.6742517101799,15.1114196757214,34.3881370023693,49.4790261228968,56.772957604597,21.7966131597134,28.3014318396807,22.3624269307176,19.2767173266479,7.29393148170027,6.50481867996729,0,1,0,0,40.1035591028831,61.5767759634702,15.4865112538787,33.4617683007344,48.1479543130931,55.8702478377659,21.3029543520255,27.5554742406418,21.473216860587,17.9752570468556,7.7222935246728,6.25251988861626,0,1,0,0
834,500,2,1,"L'Ecuyer-CMRG","10407_-1888895927_1933036375_-572340443_-639778347_-1546794726_-1260250980","10407_59553935_-1114224908_-1734009626_1762056663_-1350520577_1382155499",1931713851,1264129945,311916278,1995212783,999595146,972759852,640821493,94.4129999999986,6.77100000000064,7.14899999999943,2.1200000000008,3.66000000000167,540.172999999999,1,NA,"81ec74a2af5f","not-a-git-build","bbd3d4119dab4c61438d29ca56ae93a0","confirmatory",679.937,26.2244484364661,10.3640890590654,24.7169161626046,4.76952711020849,44.6512027185206,24.8578742689493,687.721695796869,107.414342024239,610.925944589226,22.7483888550138,19.352650671445,6.00799874213531,0.028,0.337,0.377,0.872,13.6891377600396,40.4861093803365,11.3651713545663,32.9794331919432,27.2088891940941,11.4755098353387,25.4484191500314,5.98803495425781,45.3827057059474,26.0763821129986,740.323651176492,131.687325980955,647.622037235686,35.8565626134133,19.9106193682248,6.69925102192999,0.032,0.351,0.377,0.852,14.1480560581341,42.4014946572505,11.6167184391995,34.2346266682327,27.614972550492,12.4355127531446,25.5125529140302,6.03579909826736,45.4468394699462,26.1241462570082,762.586708964427,154.641977433623,650.890356191191,36.4308707546451,18.5987422071547,7.17028930521244,0.088,0.616,0.481,0.923,19.7628439489104,59.4882158573268,16.2783785444492,48.4315431359952,27.0486115379003,12.0367668570899,25.5862577371229,6.82962251407086,45.5205442930389,26.9179696728116,731.627386128232,144.883756371937,654.656584990481,46.6437436847035,18.8144312722365,6.87585578687188,0.025,0.562,0.458,0.94,16.6751462366311,53.45794062732,15.1897119184648,47.8718485602518,35.0468359271078,54.4946173467631,15.3709121438123,34.1664850643958,41.1875671923685,48.0537209778888,21.6409402918142,28.1621465788226,19.4477814196553,18.7955729205835,6.86615378552028,6.52120628700843,0,1,0,0,36.3291494824669,55.7442177299864,17.7379631374838,34.913338592694,42.1893544128966,48.5469152201034,23.0949311902328,29.3754414578786,19.4150682475195,17.1753754552102,6.35756080720677,6.28051026764582,0,1,0,0,35.1433741676991,56.5100744432289,16.7242302893636,36.1420004627702,41.433170002932,48.9258614176491,22.8057631797682,29.1423757894912,21.3667002755298,19.4177701734066,7.49269141471714,6.33661260972299,0,1,0,0,34.5877186322652,55.8888097665944,17.1187527881535,36.0422135880387,41.9618448095512,49.3422773902384,23.5483584258535,30.4165737068033,21.3010911343291,18.9234607998852,7.38043258068719,6.86821528094978,0,1,0,0
836,500,2,1,"L'Ecuyer-CMRG","10407_-1193361128_698248186_1800848829_-2037018865_-1979807706_-63782362","10407_-1494329895_1705566421_1340747872_-2146867970_-1724763042_-1631082937",999595146,972759852,640821493,326841076,1579775966,450381676,856691010,96.4160000000011,5.61700000000019,7.17900000000009,2.22600000000057,3.47999999999956,521.666999999999,1,NA,"81ec74a2af5f","not-a-git-build","bbd3d4119dab4c61438d29ca56ae93a0","confirmatory",660.850999999999,41.1563127917759,10.1075166162964,39.873544526412,-5.06614243232407,59.5815600091188,14.8182221405599,1693.84208261449,102.161892148709,1589.89955309976,25.6657991445944,33.3449846886128,5.85763898027519,0.002,0.071,0.365,0.873,15.5314922426246,45.8725434488494,10.2120399141976,31.7072161545645,43.1050176125722,10.7013694864278,41.2018831797508,-5.73370769089361,60.9098986624575,14.1506568819904,1858.04254338016,114.519308885049,1697.59517755783,32.8754038846125,34.3882372852015,6.21008635900752,0.005,0.114,0.362,0.832,16.4505489309619,47.7039668275836,10.4567057508695,31.958240308942,43.7719851101503,10.5870319582341,41.6907445338755,-4.48209537221164,61.3987600165823,15.4022692006724,1915.98668048322,112.085245684669,1738.11817978887,20.089178925601,33.0287246034115,6.01127613733529,0.007,0.308,0.431,0.942,21.10996049137,62.9619511062793,12.4656883082908,41.2941195862505,41.456138799379,10.7184435934205,40.1291510578126,-4.92981785976206,59.8371665405194,14.9545467131219,1718.61144415338,114.885033065337,1610.34876462074,24.303104130429,32.5462724282884,6.12587705881548,0.002,0.203,0.405,0.896,17.7313466907838,53.7920408506828,11.9162745253224,36.3565078142205,47.39277976925,71.7563075984373,5.81661776831292,23.9694095652806,55.6374127551877,63.6354848477137,11.7024558474555,18.0750567602973,24.3635278291873,18.1527917969676,7.998072092526,6.3726009128418,0,1,0,0,50.3663262488076,71.0088532476917,5.16167586251091,22.4236158311756,57.0707783843334,64.657923597746,10.9714925216951,17.1069876799593,20.6425269988841,17.2619399686647,7.58714521341257,6.13549515826423,0,1,0,0,49.7734014427035,72.8025811818504,6.19379296490934,25.1595883469619,57.9789140034362,64.9163543271385,12.0114351987422,18.7879231528734,23.0291797391469,18.9657953820525,6.9374403237023,6.77648795413119,0,1,0,0,49.0436429839388,69.4085713228731,5.65725428550095,23.6477746706987,56.2580563444822,63.5779637600985,12.0697284156129,17.8806949081823,20.3649283389343,17.9905203851978,7.31990741561633,5.81096649256942,0,1,0,0
837,500,2,1,"L'Ecuyer-CMRG","10407_1816286655_1278741649_-1841772794_864039057_-1386385424_1519834389","10407_-649648249_-1529905448_-1769051077_-874303699_1262707315_-82296467",640821493,326841076,1579775966,450381676,856691010,288889800,1945452926,92.7690000000002,5.90200000000004,7.11599999999999,2.11800000000039,2.10800000000017,524.937,1,NA,"81ec74a2af5f","not-a-git-build","bbd3d4119dab4c61438d29ca56ae93a0","confirmatory",662.689,33.9147344826851,8.66957102372889,33.1546724422029,3.35544618113233,52.6612536077394,23.0199969366957,1150.20921503103,75.1614617354797,1099.23230474977,11.2590190744755,27.2844917335631,4.92046510202885,0,0.072,0.429,0.977,13.3760051168303,41.3448755922472,10.7161135731392,32.8318091079284,33.1209188327692,9.17953315771038,32.0812105543433,4.19595429611362,51.5877917198798,23.8605050516769,1096.99526432689,84.2638289935042,1029.20407063211,17.6060324550743,25.6551138474812,5.246637810412,0,0.169,0.467,0.955,15.3689659848486,45.4260372607608,11.4521195284607,35.3733383010444,36.7683667397547,10.3282486803085,33.5462945785262,4.73635821411161,53.0528757440627,24.4009089696749,1351.9127927091,106.672720802295,1125.35387994926,22.4330891323825,27.6024257267343,5.94099093356922,0.109,0.265,0.552,0.97,17.1013818417438,53.4084437527823,15.6791907493922,48.2582941789093,34.9424796281158,10.8883271376833,33.3864801977328,4.96984575345549,52.8930613632693,24.6343965090188,1220.97688256129,118.555667857211,1114.65705999361,24.6993668131395,25.16089551531,5.98321557262698,0.036,0.426,0.569,0.985,21.4945354564601,64.5529357043402,15.948752337301,50.7502923237459,42.3140712942885,62.9918600449251,13.4677668515518,33.3055376362679,49.4348070914347,56.0079767726539,19.0265011074936,26.55321632094,20.6777887506366,19.8377707847161,6.57316968121923,7.52671521344642,0,1,0,1,41.5938469933489,61.6665368863978,14.6738911144608,34.4223655448165,47.6444058117545,55.2841965041196,20.7667117458404,27.0564650998691,20.0726898930489,19.7484744303557,7.63979069236515,6.2897533540287,0,1,0,0,42.8784387422305,62.9466923439953,15.3164424795288,34.2085330660857,49.3865138104872,56.4526662465207,20.9963496278402,27.6758788981029,20.0682536017648,18.892090586557,7.0661524360336,6.67952927026271,0,1,0,0,42.4583387005142,63.5879563529895,14.7878761479548,35.0232559283626,49.1769399783005,56.3275752389552,21.1004053038225,27.8568702157627,21.1296176524752,20.2353797804078,7.15063526065474,6.75646491194019,0,1,0,0
839,500,2,1,"L'Ecuyer-CMRG","10407_1742842665_736434163_-1754224445_2059195014_-674267160_1162239421","10407_-1111016762_808419599_-388366463_-692158935_1898793376_-1975935098",856691010,288889800,1945452926,753163732,1338110178,1461327892,1472869698,93.4689999999991,7.25900000000001,5.53800000000047,2.72299999999996,2.22500000000036,524.813,1,NA,"81ec74a2af5f","not-a-git-build","bbd3d4119dab4c61438d29ca56ae93a0","confirmatory",661.156999999999,31.4659965610509,9.65237772867848,30.2662613040353,3.26427660687298,50.2665324159429,23.2627155458211,990.108939580069,93.1683958170884,916.046573324146,10.6555017661781,25.3664255282177,5.61244867205454,0,0.128,0.357,0.927,10.8831393203987,35.4289271169111,10.2829068957121,31.42460458607,33.409458295155,10.2473722079032,32.2059111309748,4.41483199559263,52.2061822428824,24.4132709345408,1116.1919035757,105.008637167308,1037.22071177625,19.4907415493084,26.6012965118473,5.89882422983708,0.002,0.137,0.376,0.928,12.7683778321068,40.4340100996999,11.0073421836332,33.2725911983229,33.9026743834151,10.6842576979411,32.71420905184,3.61049227173109,52.7144801637475,23.6089312106793,1149.39133034787,114.153362556014,1070.21947388749,13.0356544442299,25.6684797170102,6.07786512350314,0.004,0.288,0.454,0.976,15.7125263409785,52.1047233229067,13.9880763301953,44.5947447724594,33.6310716905123,9.97770711993389,31.918538928455,2.57243119571203,51.9188100403625,22.5708701346602,1131.04898305238,99.5546393711794,1018.7931273273,6.61740225667241,25.2033601676486,5.70890327102089,0.054,0.354,0.469,0.985,16.8002468501018,53.0170500274121,13.8443342287228,43.3628930587286,40.8220431828856,59.9078418241154,11.9121133086212,33.378424436007,46.967875949239,53.5383544722347,19.597534116519,26.8661062039891,19.0857986412298,21.4663111273858,6.57047852299577,7.26857208747012,0,1,0,1,41.4887059533558,62.5123287808612,15.873545516353,32.6218034817785,48.5946836911364,55.8476588691734,21.3931578287246,27.6252207604411,21.0236228275054,16.7482579654255,7.252975178037,6.23206293171652,0,1,0,0,42.2998167629668,61.6503475879883,14.2474121078412,32.6117443762847,49.2520967722606,56.4459364420033,20.4463075081053,27.1132357023288,19.3505308250215,18.3643322684435,7.19383966974262,6.66692819422346,0,1,0,0,41.816393028466,62.9625512002525,12.708053606707,32.3208039770543,47.7955907109065,56.1297749254768,19.2409987603618,26.1517902988475,21.1461581717865,19.6127503703473,8.33418421457031,6.91079153848563,0,1,0,1
838,500,2,1,"L'Ecuyer-CMRG","10407_-830776589_-1166987219_850562238_613523938_-1749024105_-524909918","10407_-612389165_-1853048152_-285937077_19779301_-1459369715_2025619506",1579775966,450381676,856691010,288889800,1945452926,753163732,1338110178,93.2960000000003,7.31899999999951,5.51699999999983,2.94000000000051,2.24699999999939,524.286999999998,1,NA,"81ec74a2af5f","not-a-git-build","bbd3d4119dab4c61438d29ca56ae93a0","confirmatory",661.532999999999,34.7993915749226,8.98538694759587,33.9853993674521,3.58854267367931,53.9275592301682,23.6170057903774,1210.9976539848,80.7371785980263,1155.00737016522,12.8776385208175,27.9089078775059,5.11826801906644,0,0.06,0.455,0.965,14.5239034833693,42.124906454289,11.862122527636,35.5334333926694,34.9719969046486,10.6826530477873,34.0785623352568,3.33462089051674,54.0207221979729,23.3630840072148,1223.04056749875,114.119076139399,1161.34841083798,11.1196964834706,27.4976238413885,6.13014548588631,0,0.095,0.414,0.922,15.8455644122372,45.7495360560916,12.7525306447029,37.5119173777163,34.0757552414122,14.8875418728165,33.2079878210303,4.78234646428918,53.1501476837463,24.8108095809872,1161.15709527263,221.638903014864,1102.7704551217,22.8708377044992,25.0777076944547,8.9882184789039,0,0.366,0.272,0.846,19.14835574997,59.1792133583054,14.1751638414978,43.1967640541761,36.0675864949539,10.1741509216423,34.9830453489252,3.88060020538826,54.9252052116412,23.9090633220863,1300.87079557098,103.513346976355,1223.81346188496,15.0590579540594,26.6159988139459,5.95272230584291,0.001,0.316,0.63,1,20.1824933068513,60.6575734766313,19.1778922143566,55.7532526810341,42.9048754683009,63.7841584203527,15.3860933244252,32.4644857461602,50.5951238020356,57.3916869567173,20.7863402978486,26.5165094269463,20.8792829520519,17.078392421735,6.79656315468168,5.73016912909769,0,1,0,0,44.0558349046592,64.6059261886601,14.8987506661623,32.7282654864454,50.451332402523,57.7170689197787,20.1204028545913,26.1108079351903,20.5500912840009,17.8295148202831,7.26573651725565,5.99040508059896,0,1,0,0,43.6168514538029,63.0867054809442,16.2129722673361,33.9254153280802,49.485843502142,56.4900944458098,21.5853807913991,28.021294993096,19.4698540271414,17.7124430607441,7.00425094366778,6.43591420169697,0,1,0,0,44.8856332222357,65.0035738360289,14.3097173409727,32.8588550851457,51.139628796555,58.5854877794743,20.0896072887703,27.3279775386537,20.1179406137933,18.5491377441729,7.44585898291923,7.23837024988333,0,1,0,0
840,500,2,1,"L'Ecuyer-CMRG","10407_2105866734_-1896112191_-1974342565_-1356045722_2051690472_-1115089529","10407_-1595002108_346327523_-1927896007_-1700435542_-451709869_643699065",1945452926,753163732,1338110178,1461327892,1472869698,93359273,672281812,96.5229999999992,7.33100000000013,5.91800000000148,2.49499999999898,2.20099999999911,532.091,1,NA,"81ec74a2af5f","not-a-git-build","bbd3d4119dab4c61438d29ca56ae93a0","confirmatory",670.985000000001,38.3758727860682,5.98621239381645,37.7944003786528,1.54830612702524,57.9973833375248,21.8071923068976,1472.70761209249,35.8347388238816,1428.41669998191,2.39725186298389,31.7837411953012,3.58066311535562,0,0.021,0.663,0.998,13.8890607414381,42.0764416241165,11.9320974685185,35.7579716417596,41.6282444520572,6.66839104937185,40.9131199090622,1.997712886682,61.1161028679342,22.2565990665544,1732.91073616023,44.4674391873426,1673.8833806933,3.99085677761534,35.0205028736351,3.91066374293506,0,0.012,0.606,0.997,13.4917395839184,41.0460530553419,12.0276571310849,36.2824683130328,40.4730409008017,6.94053575565753,39.1136294895445,1.87890192463774,59.3166124484165,22.1377881045101,1638.06703975796,48.1710365755607,1529.87601184536,3.53027244240742,31.4938039592026,4.34356029200112,0.004,0.193,0.706,1,17.7804015229117,55.5113134036232,15.5898051736953,48.2927902738926,39.9214197108674,6.62477923517735,39.1670513630584,1.2216040068632,59.3700343219304,21.4804901867356,1593.71975173123,43.887699914837,1534.05791247645,1.49231634958422,31.0103257014031,4.32786295241498,0,0.189,0.776,1,18.5883258041221,58.4380369515839,16.5115993554851,50.9574853759909,47.3860482038366,69.2338650988789,13.0043802301712,30.2411769478213,54.1585869055666,62.0074884610775,18.4836984586664,25.1923006256658,21.8478168950423,17.2367967176501,7.84890155551084,6.70860216699938,0,1,0,1,51.944804875357,70.4921605925482,13.972910777327,31.1302160053671,57.8576977366664,64.2910896480339,19.4693806924502,25.2166967949188,18.5473557171912,17.1573052280401,6.43339191136756,5.74731610246857,0,1,0,1,48.7204186216984,69.3934492165747,12.1391782453935,31.0990136541429,56.1018190518821,62.7346411687642,19.1442272277028,25.4788107509708,20.6730305948763,18.9598354087495,6.63282211688215,6.33458352326798,0,1,0,1,48.2056455169951,69.3499257674394,12.7096864643304,31.1371086609412,55.4145960677916,63.2745407665811,18.1511744625561,24.6713773613226,21.1442802504444,18.4274221966108,7.8599446987895,6.52020289876647,0,1,0,1
841,500,2,1,"L'Ecuyer-CMRG","10407_2031704436_-4530217_-1596420537_22418437_-109653265_-786699672","10407_-199279929_328788731_-1174877021_955974157_-69046_1858608883",1338110178,1461327892,1472869698,93359273,672281812,1875017018,1199427572,95.6890000000003,7.44399999999951,5.71999999999935,2.70499999999993,2.23999999999978,534.819,1,NA,"81ec74a2af5f","not-a-git-build","bbd3d4119dab4c61438d29ca56ae93a0","confirmatory",672.896000000001,31.1385700560602,7.830527928501,29.9244790387125,1.76839725791719,50.0746170803291,21.9973177003874,969.610545136167,61.3171676390342,895.474445738344,3.12722886180904,24.4049063738268,4.47880649075593,0,0.163,0.468,0.965,12.9033201756131,39.3332932386385,10.8878541820695,30.8866317136005,32.0178394280788,8.51302979567159,30.7684026899857,2.14383409239108,50.9185407316023,22.3727545348613,1025.14204164224,72.4716763019922,946.694604093122,4.59602461569828,24.8750963914423,4.86742413649055,0,0.153,0.44,0.965,13.5636290013094,41.962792179086,11.1216604332932,33.2895510035108,32.3635161252306,7.32134827843752,31.0342659776399,1.31510828069352,51.1844040192565,21.5440287231637,1047.39717598806,53.60214061418,963.125664770896,1.72950978994865,24.0156373669177,4.50208915991864,0.001,0.295,0.701,1,15.7034072868422,51.7469670550382,15.5707777586156,48.2811893628997,32.7257068794673,7.96204386734172,31.4931914163391,2.10072237732891,51.6433294579557,22.3296428197991,1070.97189076081,63.3941425454739,991.821105586175,4.41303450661041,24.411731541601,4.63734026942553,0,0.289,0.471,0.999,16.5236250119465,51.5052208191804,11.7213041797977,42.3218918044489,38.8484402351425,63.1066927872361,13.4065080236644,31.6205441506443,45.6763150372691,54.3737678016666,18.5792799409405,25.1284673891141,24.2582525520936,18.2140361269799,8.69745276439753,6.54918744817369,0,1,0,1,39.1984102215247,63.3698730926963,13.6788332550557,31.6903441762795,47.2689306157651,54.3967646183161,19.1516756906071,25.411257428615,24.1714628711716,18.0115109212237,7.12783400255098,6.25958173800788,0,1,0,1,39.7768660693502,62.7290071060554,11.3462741304711,31.6986560414158,47.2463521791382,55.3731020673395,18.0794291508683,24.6568531972981,22.9521410367052,20.3523819109448,8.12674988820122,6.5774240464298,0,1,0,1,38.654682885701,64.5198204918784,12.9064580780095,32.1820216475244,46.9309931371439,56.0800652295953,19.2254479237038,25.6492290186541,25.8651376061774,19.2755635695149,9.14907209245148,6.42378109495027,0,1,0,1
842,500,2,1,"L'Ecuyer-CMRG","10407_-65221054_-1663699365_-2018144467_-1263018634_7950547_-61712631","10407_1336499377_867477226_538665769_-1405427065_803989344_672252425",1472869698,93359273,672281812,1875017018,1199427572,1589264699,775701038,97.7069999999985,5.60299999999916,7.01800000000003,2.27299999999923,3.33699999999953,526.733,1,NA,"81ec74a2af5f","not-a-git-build","bbd3d4119dab4c61438d29ca56ae93a0","confirmatory",668.507,32.1727062110969,9.07452275268825,31.1907304909671,2.98571002930654,51.3517058113628,23.4373290654848,1035.08302494555,82.3469631890568,972.861668560142,8.91446437910167,25.5138370858721,5.16511045029738,0,0.087,0.466,0.954,13.0595746419688,40.2671275644424,12.0355674129337,35.799432292801,32.4685154161274,9.75781674681614,31.4194219655484,4.94271956071994,51.5803972859441,25.3943385968982,1054.2044933273,95.2149876644454,987.180076649184,24.4304766559235,25.5718065559257,5.52831237663521,0,0.125,0.502,0.954,13.3026416064271,41.7719626992268,13.1228579694313,39.3778353545684,33.6280127176686,11.9606066953383,32.5421460640994,3.9533222142295,52.7031213844951,24.4049412504078,1130.84323933968,143.056112520572,1058.99127045718,15.6287565295204,25.8006829235387,6.76716272189212,0.001,0.213,0.476,0.977,15.024455744245,48.803433646726,16.2582644291457,48.9502314769743,33.1504574476189,10.8736280090332,31.8629975529607,3.85373848246425,52.0239728733564,24.3053575186425,1098.95282898639,118.23578607883,1015.25061305998,14.8513002912259,23.5986309889071,6.28735063329708,0.004,0.429,0.588,0.987,19.0763737734238,62.6272896168248,17.5900619160357,54.1384592677853,39.9861871930791,62.8456647736965,13.8694441468699,32.9196766551105,47.7556104097234,55.2212423054003,20.1157171759467,26.6511881256725,22.8594775806174,19.0502325082406,7.46563189567683,6.53547094972583,0,1,0,1,39.601719070476,62.9469698964232,15.8100688545357,34.5271660969321,47.6068648039694,55.2071240424976,22.1718077436156,28.7878353955714,23.3452508259472,18.7170972423964,7.60025923852823,6.61602765195581,0,1,0,0,41.2997392703881,64.0671278147368,15.2659139214349,34.0847178657268,48.9119403384411,56.3623038428637,21.1970656812196,27.3911360954794,22.7673885443487,18.8188039442919,7.45036350442252,6.19407041425981,0,1,0,0,41.1085118419222,64.272639207743,15.2902917830522,34.3122846966686,47.6548066170587,56.0499725737388,20.5718647902224,27.92138402671,23.1641273658209,19.0219929136164,8.3951659566801,7.34951923648763,0,1,0,0
843,500,2,1,"L'Ecuyer-CMRG","10407_465731006_-355808295_-182948430_381676002_-1486922965_-1100753011","10407_1428710773_745903025_1703412408_737923256_799246705_1188337935",672281812,1875017018,1199427572,1589264699,775701038,550471065,713858949,97.8080000000009,5.52899999999863,6.95000000000073,2.13400000000001,3.04000000000087,528.374,1,NA,"81ec74a2af5f","not-a-git-build","bbd3d4119dab4c61438d29ca56ae93a0","confirmatory",670.878000000001,45.8507066525999,7.9998017226561,45.2068170702933,4.2302285921149,64.8109150287548,23.7437473383335,2102.28730054277,63.9968276018115,2043.65630962696,17.8948339415464,39.372359970138,4.60137647993273,0,0.002,0.459,0.983,13.5452959526167,40.6211603568707,11.7671736029652,34.6939573371261,48.2300381985541,9.53310044063413,47.431569986164,5.73933389714808,67.0356679446254,25.2528526433667,2326.13658463399,90.8800040112187,2249.75383135237,32.939953582953,41.1299525459779,5.42051726340623,0,0.004,0.446,0.992,14.7732131238929,43.8112793692903,13.3092332242492,38.9650737545559,48.1050696073919,9.48338485090577,46.7647088262212,3.8809214399861,66.3688067846826,23.3944401862047,2314.09772193202,89.9345882303891,2186.93799160125,15.0615512233438,38.2036361759036,5.57393619336358,0,0.141,0.581,1,20.6218372471151,60.116537298541,17.6636647244903,52.2459188268324,47.9971609408516,8.8217088369397,47.3740763670579,5.15126110134284,66.9781743255193,24.6647798475615,2303.72745838201,77.8225468037399,2244.30311163183,26.5354909342078,39.8569310106535,5.13939059591888,0,0.043,0.587,0.991,16.3446388956728,53.3867892104223,15.4283185593985,47.2275029184173,54.7854992548118,75.4405072855389,14.9241119136256,32.2568413023499,60.9346804676989,68.47872082273,20.3730358767127,27.1490572414959,20.655008030727,17.3327293887244,7.54404035503114,6.77602136478328,0,1,0,0,56.0760651502338,77.4092576560766,15.5835170535165,35.3890549748157,63.2115684085249,70.9544752654973,21.815512265915,28.9518589526577,21.3331925058429,19.8055379212992,7.74290685697244,7.13634668674277,0,1,0,0,54.7532659671116,76.7194568310752,13.5597301643849,33.2844716760805,62.8851907784935,70.1004639121275,20.0458686758516,26.4303542936732,21.9661908639636,19.7247415116955,7.21527313363406,6.3844856178216,0,1,0,0,54.8324225179752,78.6466230255024,16.6077802881165,33.3884089917382,63.0621098353906,70.7281522849622,21.3338746775517,27.7183154275284,23.8142005075272,16.7806287036217,7.66604244957163,6.38444074997667,0,1,0,0
845,500,2,1,"L'Ecuyer-CMRG","10407_1001401926_-1287213465_-1090921635_-1675530385_340537097_1241678083","10407_1752667907_246210026_1492843156_-460248186_-1639351648_1223343944",775701038,550471065,713858949,2040666231,1915636296,1306744799,311624743,94.0650000000005,6.01100000000042,5.55199999999968,2.30599999999868,2.15699999999924,533.797999999999,1,NA,"81ec74a2af5f","not-a-git-build","bbd3d4119dab4c61438d29ca56ae93a0","confirmatory",670.591,37.2841899447942,9.88839166810246,36.3343381763501,2.89961607923919,56.3188940021664,22.9191213186167,1390.1108198395,97.7802897817981,1320.18413071337,8.40777340698248,31.0023329111346,5.85980023566192,0,0.027,0.304,0.868,11.9381939734483,37.7581847538049,9.80680296069353,29.6488879910586,37.8166171468614,9.94081857465828,36.7705410636601,2.43179904151861,56.7550968894765,22.4513042808961,1430.09653243229,98.819873934271,1352.07269011432,5.91364657833084,30.782006003191,5.85537911538752,0,0.047,0.314,0.903,13.8406078538795,42.1315870592598,10.3517394370945,32.0928018767587,36.5587792050684,10.120611710739,35.3484525687939,3.17652331925131,55.3330083946102,23.1960285586288,1336.54433696494,102.426781399548,1249.51309900827,10.0903003977474,27.7534343833016,5.8508565307042,0,0.258,0.357,0.948,16.9440369768995,56.2210629286542,11.5931524859406,39.0257738874154,37.4704374596108,10.0224109780479,36.4849186848507,3.33419584796484,56.4694745106671,23.3537010873424,1404.0336834146,100.448721812895,1331.14929144017,11.116861952586,30.1006901010243,5.80959968033601,0,0.097,0.329,0.936,12.9743984220996,46.6674531710149,10.6948131070159,35.8964306996886,45.2334376627715,67.5671312040597,13.0460393567269,33.3126944711695,52.6223730790604,60.036326905858,19.5505215458989,26.0047719240436,22.3336935412882,20.2666551144426,7.41395382679757,6.45425037814471,0,1,0,1,44.9123848826687,67.6493547097131,13.3621421238928,31.9514280204053,53.1442780152324,60.5703591422724,19.3620690114813,25.3670031937114,22.7369698270444,18.5892858965125,7.42608112703995,6.00493418223012,0,1,0,1,44.1170001799369,66.8537768346015,14.3257056810958,33.2217569009756,51.2639616450169,58.9249965096032,19.6772684684094,26.3390165953477,22.7367766546646,18.8960512198798,7.66103486458636,6.66174812693831,0,1,0,1,46.1400547869876,68.8700518207675,13.5221732983885,33.951624942062,52.7327963902846,60.0040679844318,20.0596353904305,26.5432671731203,22.7299970337799,20.4294516436735,7.27127159414718,6.48363178268978,0,1,0,0
844,500,2,1,"L'Ecuyer-CMRG","10407_-2018452060_-1259381599_-1782321833_-922814828_1074397200_-591496888","10407_-803150845_-267620282_525530777_-1328802697_594015987_1392675068",1199427572,1589264699,775701038,550471065,713858949,2040666231,1915636296,94.6810000000005,5.58899999999994,6.90400000000045,2.12699999999859,3.45000000000073,543.759,1,NA,"81ec74a2af5f","not-a-git-build","bbd3d4119dab4c61438d29ca56ae93a0","confirmatory",683.887000000001,34.2807583555414,9.19061438510395,33.1513488533217,2.68930031389572,53.0448619717347,22.3381285752777,1175.17039343102,84.4673927756796,1099.01193079463,7.23233617831961,27.8464708853646,5.27050036940815,0,0.058,0.412,0.953,12.2465440738453,36.9657904749498,11.429495007574,33.8728538902851,32.7387411598064,8.93692582697072,31.6421401593235,1.60794728510477,51.5356532777365,21.2567755464868,1071.8251727288,79.8686432367764,1001.22503386228,2.58549447167582,26.3395140969031,5.13065407290865,0,0.077,0.407,0.967,12.2439077079413,37.2180195817634,11.3897271268146,33.7226194620156,32.7651150696326,8.60784308833489,31.5343320595827,2.87506634921006,51.4278451779957,22.5238946105921,1073.55276552626,74.0949626333947,994.414098444028,8.26600651236005,25.3585488641509,5.02645423241912,0.001,0.221,0.552,1,13.5682206770083,44.9258807986083,14.6396905550774,46.6590999635312,35.269316856223,9.32240691897316,34.1458264010692,3.02437976879738,54.0393395194822,22.6732080301794,1243.92471150465,86.9072707629186,1165.93746061195,9.1468729859109,27.1091002095077,5.43196364394447,0,0.211,0.505,0.993,15.8055083559988,50.8896110644858,14.313642997416,46.2573789230831,41.9490412898844,63.3039443671705,12.2001037666403,32.0323394886536,49.4582444583285,56.8209126845752,18.9539451789803,25.6781456700044,21.354903077286,19.8322357220133,7.36266822624669,6.72420049102405,0,1,0,1,42.0093581494849,61.9955990969396,12.6192593662943,30.3858766037906,48.1287280760637,55.0664184530364,17.8240937719855,24.2691661416888,19.9862409474547,17.7666172374963,6.93769037697268,6.44507236970331,0,1,0,1,39.5967973531924,61.5545875686639,12.5536713242846,31.6379772987197,47.8405856646502,54.9914476705209,19.0992793624763,25.588308959462,21.9577902154714,19.0843059744351,7.15086200587069,6.48902959698576,0,1,0,1,40.8284867042543,65.6223119369949,13.067111568919,31.2966359072008,50.3602968602425,58.0896310138958,19.1105548969131,26.4581605567636,24.7938252327406,18.2295243382817,7.72933415365329,7.34760565985048,0,1,0,1
846,500,2,1,"L'Ecuyer-CMRG","10407_-261264227_955272866_-157662688_1011711391_256696436_-1700300441","10407_637379759_-250024505_-959173010_1752727437_1298085186_-284285435",713858949,2040666231,1915636296,1306744799,311624743,1852570233,1964963765,94.9189999999999,7.29600000000028,5.83100000000013,2.72299999999996,2.05500000000029,533.992999999999,1,NA,"81ec74a2af5f","not-a-git-build","bbd3d4119dab4c61438d29ca56ae93a0","confirmatory",671.517000000002,32.6421250474477,8.75423198396635,31.6481247692315,3.27659070652442,51.4606617757828,23.2099579474284,1065.50832761321,76.6365776290994,1001.60380140884,10.7360466580822,25.8956204704734,4.99300205137929,0,0.075,0.407,0.961,13.4254617944371,40.2288821531369,10.8456384391346,33.5412712304786,34.4341124790238,9.95473082920795,32.8847341681462,4.33045051774032,52.6972711746975,24.2638177586443,1185.70810221806,99.0966658819832,1081.40574130964,18.7528016865974,26.6101833650877,5.72076932566284,0.002,0.15,0.389,0.925,15.1095138807812,44.4232246731587,11.0380079359535,34.4067389376267,34.588338946613,9.71897899734589,31.5868227272618,4.2485820676759,51.3993597338132,24.1819493085799,1196.35319108578,94.4585527508505,997.727370003464,18.0504495857773,23.7933486272271,5.60706939958253,0.049,0.521,0.506,0.985,20.9921938742268,61.8964543546415,14.4279861995522,46.8846688392884,33.8673626518374,10.8651163133045,32.1032394912169,4.34920958714942,51.9157764977682,24.2825768280534,1146.99825299107,118.050752501635,1030.61798583043,18.9156240329524,24.4726007611979,6.18903360757958,0.015,0.371,0.479,0.979,18.9246435165868,56.1194783463646,14.9696996307496,47.2799164904788,41.5133778678383,62.2967575824275,13.310730105205,33.1215871837773,47.649395510001,55.0326377272787,19.9415001148368,26.3465042407647,20.7833797145892,19.8108570785723,7.38324221727779,6.40500412592784,0,1,0,0,43.4284860088452,61.7333291507085,14.3910069332677,34.1354690988084,49.6653643684115,55.6755583130998,20.6623382043394,27.8720628683746,18.3048431418633,19.7444621655407,6.01019394468829,7.20972466403521,0,1,0,0,41.2802044846998,62.5279112840766,15.1324190716968,33.3771116819138,47.4420037442713,55.2685040759948,20.9511119574354,27.7797813664515,21.2477067993768,18.244692610217,7.82650033172351,6.82866940901618,0,1,0,0,41.2953016235106,62.1651612241044,13.7122552809325,34.1638926664723,48.1029414498943,55.8959726542171,21.2198212896919,27.5147014364018,20.8698596005938,20.4516373855398,7.7930312043228,6.29488014670991,0,1,0,0
847,500,2,1,"L'Ecuyer-CMRG","10407_487776174_-193341434_1767968655_1848510553_1728627498_-1400945250","10407_-753236774_795839427_489666349_337692381_-1655816823_-385313085",1915636296,1306744799,311624743,1852570233,1964963765,615545761,772930394,93.4850000000006,6.42000000000007,7.39300000000003,2.17000000000007,3.41699999999946,542.207999999999,1,NA,"81ec74a2af5f","not-a-git-build","bbd3d4119dab4c61438d29ca56ae93a0","confirmatory",681.945,44.2088296825727,9.54095868061753,43.4202596592226,-4.45125546160083,63.419333368539,15.6129585806373,1954.42062190272,91.029892545251,1885.31894887431,19.8136751844312,37.8266459601427,5.50935383167834,0,0.002,0.386,0.905,12.5792916041306,39.1798922328823,10.1981453003724,30.2568843045356,47.3818505884316,9.49066095480393,46.5375429940783,-4.43441385378189,66.5366167033947,15.6298001884562,2245.03976518446,90.0726453590398,2165.74290792569,19.6640262266128,40.6221563272634,5.45319822293828,0,0.001,0.386,0.931,13.7528930144861,40.9530802758479,10.4952023659729,31.8927392185128,46.9734875232472,9.18375983526861,45.9663478650383,-4.94095711876873,65.9654215743547,15.1232569234694,2206.50853009666,84.3414447118929,2112.90513604971,24.4130572495113,37.6570629629755,5.25025638444023,0,0.093,0.484,0.995,18.7652581453042,58.9172597861515,13.5229819542462,43.5559708588474,47.1574375817531,9.65785802012284,46.3244089347306,-3.35754880073068,66.323482644047,16.7066652415074,2223.82391927694,93.274221536851,2145.95086315214,11.273133949288,38.9513526699995,5.53149883028228,0,0.035,0.428,0.974,15.5040349746906,52.80266715125,11.9947250407708,39.9342536529017,52.1126114716797,75.5197535464791,6.50612137669413,25.6908225471647,59.261492619115,67.5771031568727,12.083727060968,19.1751176581963,23.4071420747994,19.1847011704706,8.31561053775766,7.09139059722831,0,1,0,0,56.0301379666017,76.9077517269211,7.21805669986574,24.2158640336225,62.5793168744214,70.1370931348999,12.5991086657714,18.4259714624688,20.8776137603194,16.9978073337568,7.55777626047851,5.82686279669737,0,1,0,0,54.7363042191533,77.4910735806628,5.12522207588876,24.3072488374117,62.6182327707096,69.54756889858,11.7079285448199,18.3377970368986,22.7547693615095,19.1820267615229,6.92933612787047,6.62986849207871,0,1,0,0,55.3199135793379,77.5132267802162,6.86579562517684,25.9579768913477,62.0579817250467,70.6827595763871,13.6329526351798,19.8190657382433,22.1933132008783,19.0921812661709,8.62477785134035,6.18611310306351,0,1,0,0
848,500,2,1,"L'Ecuyer-CMRG","10407_311638012_-2073221161_-1770141324_-547309028_-1123668558_823983830","10407_-2048458523_1363912710_-1316267083_184183994_1298914282_-849535264",311624743,1852570233,1964963765,615545761,772930394,1286497446,972941966,99.0450000000001,6.03100000000086,5.76900000000023,2.21500000000015,2.37299999999959,531.012999999999,1,NA,"81ec74a2af5f","not-a-git-build","bbd3d4119dab4c61438d29ca56ae93a0","confirmatory",674.493,42.0087792409099,10.0048688582309,41.3785325405656,-6.60099468567693,61.3504580604242,13.1870451061637,1764.7375333115,100.097400870399,1712.18295521065,43.5731308403351,36.1618266633786,5.83822564535888,0,0,0.353,0.892,12.0300131845078,36.5090871505299,9.90451223507481,30.3070852123979,43.3037101322611,9.86213980956834,42.6486412461999,-6.2035895801991,62.6205667660585,13.5844502116416,1875.21131121889,97.2618016234726,1818.90660014706,38.4845236795549,36.6774715121119,5.66426674967875,0,0.002,0.39,0.942,13.7920486798111,41.8061989626873,11.2682013923988,34.4305201832963,42.6942444117968,8.55099206177316,42.0570308340963,-5.29627075758498,62.0289563539549,14.4917690342557,1822.79850589424,73.1194652405076,1768.79384258013,28.0504839376498,35.4130428408218,5.01326762504103,0,0.009,0.63,1,13.9537164806276,47.6445335831308,16.0154292823093,51.1567180242326,43.3285402677536,8.09642847492408,42.7716340908668,-5.00710549732963,62.7435596107254,14.780934294511,1877.36240173434,65.5521540495615,1829.412682803,25.0711054613886,36.3914521929473,4.69908173263219,0,0.002,0.556,0.991,13.6397563181667,45.3632141849697,13.9916588760356,42.2848491068941,49.9130159121367,72.1841111159008,5.19772963398383,21.5396351795963,56.9736910380617,65.4755881544185,9.96363342203371,16.2751257553127,22.271095203764,16.3419055456124,8.50189711635681,6.31149233327898,0,1,0,0,50.4372538250599,74.7940686426239,5.13079499200877,22.4614705610434,58.5777035308432,66.6175123184233,10.6519824769255,16.152306299711,24.356814817564,17.3306755690346,8.03980878758004,5.50032382278546,0,1,0,0,51.353392041748,73.9667377729106,4.92975258059908,24.2353203329277,57.7694942053543,65.7597414840647,11.4085313787847,17.7994035937143,22.6133457311626,19.3055677523286,7.99024727871037,6.39087221492963,0,1,0,0,52.3563873276491,74.1070173824879,5.41991551035183,23.6846390863229,59.2502868954347,66.2467416859038,11.4581831537366,17.9570491150386,21.7506300548388,18.264723575971,6.99645479046907,6.49886596130202,0,1,0,0
849,500,2,1,"L'Ecuyer-CMRG","10407_-1803269913_-1242383130_-1997236424_1808022371_-1648094744_-372899747","10407_2073350595_-1716537646_-2055739294_1108014052_2030169793_1255592477",1964963765,615545761,772930394,1286497446,972941966,1741966393,219111090,99.4740000000002,7.17399999999907,5.60100000000057,3.09900000000016,2.11300000000119,536.039000000001,1,NA,"81ec74a2af5f","not-a-git-build","bbd3d4119dab4c61438d29ca56ae93a0","confirmatory",679.626999999999,31.77080492049,11.0145187169952,30.8062865823467,6.88318109514074,50.7129842199282,26.9196970136325,1009.38404529583,121.319622567037,949.027292993672,47.3781819885029,25.5547044949748,6.43888452057126,0,0.061,0.363,0.83,12.0758211799272,37.2190879068271,10.3856352952991,32.5252944104081,34.4367058373401,12.3430971110948,33.6923063973451,9.03757879544488,53.5990040349266,29.0740947139366,1185.88670892749,152.352046293918,1135.17151037258,81.6778304838749,28.0284172399477,7.30252600826829,0,0.005,0.368,0.817,13.3615212653633,39.1794783476263,11.9245442494419,35.8674670916162,33.2048367868076,12.4032458965087,32.2037367598882,8.11187014216139,52.1104343974698,28.1483860606531,1102.56118603853,153.840508769261,1037.08066130018,65.8024372032894,24.8446126404835,7.04403780928338,0,0.267,0.459,0.966,17.1982842376224,52.9759591767164,15.3827467211596,48.9608924818879,33.1800919225239,11.3232018312969,32.1114706222032,7.50603457128098,52.0181682597847,27.5425504897727,1100.91849998713,128.214899712286,1031.14654552062,56.3405549852653,25.1015944520504,6.45845437037559,0,0.205,0.466,0.926,15.9334833654309,50.6051716193912,13.6845610483259,44.8075654499588,40.8227369480874,60.5391606326843,17.3249610563924,35.9214336376913,47.5242662475948,54.3990594584718,23.7449118580599,30.2825685126308,19.7164236845969,18.5964725812989,6.87479321087709,6.53765665457086,0,1,0,0,44.1441250124094,63.4669419508706,19.7223797065955,38.9587980008547,50.0845896444112,56.9968116193192,25.9584076472295,32.0637115351012,19.3228169384611,19.2364182942592,6.91222197490797,6.10530388787166,0,1,0,0,41.2758829717728,61.4557010360993,18.6724506019971,37.6137016554219,48.8783323752453,55.3985737810153,24.644815600431,31.6479090762649,20.1798180643265,18.9412510534248,6.52024140576993,7.00309347583391,0,1,0,0,42.9178288980071,62.4997269946142,17.3295576464903,37.0652239193173,48.5426599289746,55.4251254992214,23.9415047257805,31.2233439416783,19.5818980966071,19.735666272827,6.88246557024682,7.28183921589777,0,1,0,0
850,500,2,1,"L'Ecuyer-CMRG","10407_1602843888_-1946692427_991318525_-1027439195_-1404900568_1447372861","10407_915831151_1056081913_559393556_-278703839_347587013_1015377386",772930394,1286497446,972941966,1741966393,219111090,1889968521,2122496133,94.4419999999991,7.29699999999866,5.33399999999892,3.33299999999872,2.15200000000186,521.883999999998,1,NA,"81ec74a2af5f","not-a-git-build","bbd3d4119dab4c61438d29ca56ae93a0","confirmatory",657.034000000001,34.9005899774558,8.26084897710119,34.2613605771485,1.97574734825341,53.8218717319199,21.4817452549224,1218.05118077449,68.2416258224738,1173.84082859739,3.90357758413038,28.1868031482387,4.72345137728076,0,0.056,0.474,0.974,14.0626346253344,42.4740393160132,11.9100855162682,34.4156740372584,35.3141944415383,10.0366094674729,34.390063859696,1.85547863742451,53.9505750144674,21.3614765440935,1247.09232905477,100.733529602566,1182.67649227397,3.44280097393873,28.0510678951429,5.71089768977446,0,0.1,0.408,0.94,15.3056553722761,44.1834809486041,12.4529928863706,36.7557209235852,36.3525943428,12.226592959822,34.4792425447204,1.39156995426951,54.0397536994918,20.8975678609385,1321.51111545217,149.48957540517,1188.81816645766,1.93646693762565,25.8969646504292,6.87711952997155,0.048,0.463,0.49,0.976,23.1190989994639,66.7984213748873,17.0696891347206,51.2694881355678,36.4716970231145,10.4082360425037,33.9879043619229,2.95427730639322,53.5484155166943,22.4602752130622,1330.18468374586,108.331377516474,1155.17764291522,8.72775440306998,26.4648830409974,5.77759396990817,0.049,0.432,0.586,0.982,19.1819525977452,59.3998039049241,17.1720046814034,49.8854921032881,44.5884702206007,62.8126818063893,12.9211623514295,30.8248385252932,50.684089898758,57.3502942363479,17.9394701314282,24.5089254492468,18.2242115857886,17.9036761738637,6.66620433758997,6.56945531781862,0,1,0,1,43.7661258378937,64.1601724417907,13.0503590184323,30.6209436373249,50.5749840184015,57.5447323880134,18.1017666321681,24.1078694935411,20.394046603897,17.5705846188926,6.96974836961187,6.00610286137295,0,1,0,1,43.1123056941979,64.7329905488165,11.8166184892766,29.2475638379586,50.2133572256667,58.1397829493381,17.6838825231553,24.3179483018102,21.6206848546186,17.430945348682,7.92642572367144,6.6340657786549,0,1,0,1,44.0955509851801,62.7324430082704,12.6261490399586,32.2049833032881,50.34493196816,56.9776960073432,19.3846535104241,25.5577520297461,18.6368920230902,19.5788342633296,6.63276403918323,6.17309851932202,0,1,0,1
851,500,2,1,"L'Ecuyer-CMRG","10407_1156816525_1468156228_1324243524_184298172_713957944_1255621624","10407_-1056918280_-1977258124_564329002_-649046484_123491764_1015181528",972941966,1741966393,219111090,1889968521,2122496133,1088358267,1025191473,92.5169999999998,5.24599999999919,6.90699999999924,2.10499999999956,1.97799999999916,520.019,1,NA,"81ec74a2af5f","not-a-git-build","bbd3d4119dab4c61438d29ca56ae93a0","confirmatory",656.581999999999,31.6654653490609,8.35487530948045,30.8405922732116,1.36179865352289,50.5956438540865,21.2381311708584,1002.70169577258,69.803941436966,951.14213176248,1.85449557273675,25.0927033502539,4.75992478144734,0,0.088,0.459,0.955,13.1690527401499,40.7922763479782,10.9180147623687,33.758958937134,32.5576291640377,9.53642325106466,31.8067793889684,3.08157383684595,51.5618309698433,22.9579063541814,1059.999216783,90.9433684234466,1011.67121509851,9.49609731193348,25.6235310268777,5.3777883640451,0,0.073,0.512,0.944,14.2338520815967,43.5496776719367,12.6317010202087,37.4219845624085,32.8063174415002,10.5373004418764,31.8312951999385,1.14535268564855,51.5863467808134,21.021685202984,1076.25446407248,111.034700602369,1013.23135410563,1.31183277452235,23.9589685027213,6.03853734060103,0.002,0.391,0.523,0.985,18.6958426487888,58.3248516457794,15.9391285558652,49.1678570750186,33.5886601235453,9.34696377638461,32.6539200731016,2.01899096586817,52.4089716539764,21.8953234832036,1128.19808889504,87.3657318370461,1066.27849614051,4.07632452025729,25.3960010279008,5.41313838352924,0,0.294,0.574,0.978,16.174575329551,53.3979965016886,14.7882622000299,46.8425839223911,37.7904145374586,61.2380258420708,12.2734232987727,30.8404619079024,46.8148488874276,54.5524469018059,17.8064079407856,24.4942870455968,23.4476113046123,18.5670386091297,7.73759801437832,6.68787910481119,0,1,0,1,40.1742066456647,62.8683708538917,12.2333138618617,32.7192173022846,47.5393535415354,55.9857259820304,19.549828004277,26.587829670679,22.694164208227,20.4859034404228,8.44637244049505,7.03800166640201,0,1,0,1,40.616840728864,62.058640285435,11.4697040665584,30.9815777666748,47.7134250210587,55.9383035983447,17.8814139411243,24.1442227713054,21.441799556571,19.5118737001164,8.22487857728598,6.26280883018113,0,1,0,1,41.5018819250559,63.5124330962617,12.4542591859983,30.9237405909961,48.3826296045557,56.2113193968473,18.9245266774563,24.9324229096881,22.0105511712059,18.4694814049978,7.82868979229157,6.00789623223183,0,1,0,1
853,500,2,1,"L'Ecuyer-CMRG","10407_1775308424_-785522779_1714746625_-1688024124_-1288585235_1630113504","10407_-2120476347_2080505830_-2098325928_-560778237_-1805351958_-531160327",2122496133,1088358267,1025191473,1343120261,1632069580,2037860360,209945730,97.2920000000013,7.50400000000081,5.76500000000306,2.91999999999825,2.13899999999921,518.293999999998,1,NA,"81ec74a2af5f","not-a-git-build","bbd3d4119dab4c61438d29ca56ae93a0","confirmatory",658.09,31.2804660665855,9.00422807619368,30.294635741531,-3.82533167959267,50.6743181557447,16.433161996662,978.467557342809,81.0761232481146,917.764954712049,14.6331624588953,25.0919019190508,5.2000222391748,0,0.075,0.348,0.922,11.9080058783404,36.693678180688,9.56137886694451,29.6197765709515,34.0768136223982,7.49342963993628,32.9106930089145,-1.03264264244499,53.2903754231282,19.2258510338097,1161.22922665566,56.1514877686756,1083.11371432702,1.06635082699578,26.6521329796705,4.2766161229383,0,0.115,0.438,0.992,14.7047865711451,44.0691313502382,10.549486072079,32.5498448084567,33.4914081239346,7.88604098177416,32.0766503011509,-2.58094888546032,52.4563327153646,17.6775447907944,1121.67441812395,62.1896423662216,1028.91149454233,6.66129714935887,24.6609179371742,4.61443893717825,0.006,0.327,0.512,1,17.617926286239,54.6421330813336,13.1063033379712,42.5555231803513,31.8237003028907,9.79974413296134,30.7053078179173,-3.69884013844557,51.0849902321309,16.5596535378091,1012.7479009682,96.0349850715103,942.81592819305,13.6814183697761,24.2778574604507,5.64746569336984,0,0.247,0.405,0.989,14.2309172666131,47.4280867547432,12.3929076877982,41.0365313999359,39.7903358925141,60.8249358537649,6.82538623179097,25.1343940867684,47.0725109895046,54.3891902831519,13.1854512571684,19.6406621638212,21.0345999612507,18.3090078549775,7.31667929364728,6.45521090665281,0,1,0,0,41.9331433653094,64.6971632509267,9.18610732913952,29.317637498495,49.3144740458134,56.7854909765174,15.9237138123977,22.3870348668588,22.7640198856173,20.1315301693554,7.47101693070401,6.46332105446113,0,1,0,1,41.4948183466075,62.8525560488555,7.77726813097774,28.5743746941082,48.6685250566959,56.5333600575428,14.1435695972551,21.3504366328306,21.357737702248,20.7971065631305,7.86483500084685,7.2068670355755,0,1,0,1,40.4394272984277,61.6535320166423,6.72210431520405,27.6561194263688,47.4145012412963,54.6790460804547,12.9408428230938,20.3431369452279,21.2141047182146,20.9340151111647,7.26454483915833,7.40229412213409,0,1,0,1
852,500,2,1,"L'Ecuyer-CMRG","10407_-821068621_684280752_-212019105_179180849_348488286_1348000867","10407_1939319070_1160971192_-346068000_-521146294_2032598208_1650586059",219111090,1889968521,2122496133,1088358267,1025191473,1343120261,1632069580,97.6870000000017,6.1140000000014,5.68000000000029,2.16999999999825,2.19800000000032,533.370999999999,1,NA,"81ec74a2af5f","not-a-git-build","bbd3d4119dab4c61438d29ca56ae93a0","confirmatory",675.406999999999,27.9008333747865,7.34074829012654,26.8130460295506,-0.24381004539002,46.963900153651,20.0581772869632,778.456503007601,53.8865854589957,718.939437382802,0.0594433382330838,21.6334105643177,4.20894532466832,0.001,0.157,0.491,0.992,11.7484399895482,37.3081322360849,10.8302687223411,32.130441845253,29.1971184207848,7.73441883980226,27.8712523451619,-0.189644097356684,48.0221064692623,20.1123432349965,852.471724077333,59.8212347894881,776.806707287695,0.0359648836622314,22.3878780843129,4.46857558725438,0.001,0.189,0.557,0.994,13.0637953324452,39.1740107092734,12.8146770919215,37.9469166246965,29.4493693073199,8.53892614474966,28.1354211507671,-1.2647552214902,48.2862752748674,19.037232110863,867.265352598915,72.9132597054894,791.601923331033,1.59960577028673,21.2954073219833,5.05008336788664,0.002,0.341,0.588,1,15.1783503103795,51.5003552981885,15.3519376372291,49.9011327583766,28.9989893334263,8.47932947966949,27.3246771378106,-1.20359471312559,47.475531261911,19.0983926192276,840.94138236017,71.899028424792,746.63798068559,1.44864023346387,20.353915648697,4.96165943053732,0.017,0.473,0.526,0.997,16.5808094527086,54.5318546060244,14.1787162126015,46.0343673012582,35.3471906008987,59.6194364645172,10.3425953953056,29.3539699001742,43.0673567555161,50.7671728951606,16.8894219554553,23.3338314252436,24.2722458636185,19.0113745048686,7.69981613964448,6.44440946978836,0,1,0,1,38.6145706384218,58.0328758534794,9.14700959086569,30.2259153174029,44.419994883733,51.7342560221835,16.5989420490273,23.8672344508214,19.4183052150576,21.0789057265372,7.31426113845054,7.26829240179412,0,1,0,1,35.8482053856688,58.154721892357,8.89956426015695,28.6886383858746,44.3292494200339,52.249643047232,15.4531363660094,22.7834361061011,22.3065165066882,19.7890741257177,7.92039362719811,7.33029974009171,0,1,0,1,36.0197346801179,59.1775489153053,9.4991789520273,28.1552094695639,43.8029291205792,51.1778318618843,15.9330303431586,22.6206180596954,23.1578142351873,18.6560305175366,7.37490274130518,6.68758771653674,0,1,0,1
855,500,2,1,"L'Ecuyer-CMRG","10407_-467884194_-1134373882_-1001472738_-1135918760_954686181_-1444720389","10407_-1562415900_1584126493_1775852582_54952043_-1379686280_-60990916",1632069580,2037860360,209945730,1710326498,1662539806,1286018508,1347878676,94.7690000000002,6.71299999999974,7.13799999999901,2.15099999999802,3.60900000000038,483.858,1,NA,"81ec74a2af5f","not-a-git-build","bbd3d4119dab4c61438d29ca56ae93a0","confirmatory",623.947,42.6426576427606,8.48240710533297,42.0285054618321,3.05648577406357,61.8424084732025,22.7371912200118,1818.39625083769,71.9512303006033,1766.39527135525,9.34210528705299,36.7942880187658,4.82720708318888,0,0,0.456,0.951,11.9867930500666,36.5119238486728,11.0187444131322,32.3649731707578,43.829356475111,9.75190865146318,43.1651594963007,4.54980614176256,62.9790625076712,24.2305115877108,1921.01248902235,95.0997223464824,1863.23099434108,20.7007359276203,37.6248691006867,5.55081444490908,0,0,0.438,0.925,12.8090486516125,38.7166353425365,11.6317977891432,34.9977917732895,45.0856085793198,10.256873302933,44.2463974040955,3.03493590971543,64.0603004154659,22.7156413556637,2032.71210096764,105.20344995242,1957.74368324115,9.21083597608024,37.1741090485731,5.92477650683565,0,0.066,0.537,0.981,14.6253698260555,50.8823750493763,15.927115413872,50.0564792979529,44.5691321138773,9.38659164673272,43.7030456839715,3.39673447809193,63.5169486953419,23.0774399240402,1986.40753738424,88.1081027425125,1909.9562020553,11.5378051146584,36.4263210640832,5.39151692092591,0,0.066,0.482,0.964,14.6937845404413,52.8453734284458,13.2662033183946,44.2481486664685,51.827752644389,72.4929980529132,13.3634089290758,33.1640185033332,58.439936524807,65.1677236655539,18.9107247052587,26.0080545198357,20.6652454085242,19.8006095742574,6.72778714074684,7.09732981457697,0,1,0,1,53.7312837970687,72.6790702316575,13.7399252042918,33.4896331244484,59.7149427809426,66.2957525871188,20.9054004898493,27.5951018198731,18.9477864345888,19.7497079201566,6.58080980617612,6.68970133002375,0,1,0,0,54.5246449924609,74.7673649983179,13.0715719923283,32.978601871552,60.592067708391,67.4130392687065,19.2087582153271,26.1143327299319,20.242720005857,19.9070298792237,6.82097156031545,6.90557451460483,0,1,0,1,52.7541522337097,74.6956451837896,12.3663053972647,33.3148609110817,59.7063073548692,67.0365660987144,19.2585259738324,26.9622848885567,21.9414929500799,20.9485555138169,7.33025874384514,7.70375891472426,0,1,0,1
854,500,2,1,"L'Ecuyer-CMRG","10407_-118870947_-1717937587_-1854278397_23144717_1961304324_-583314531","10407_-1123904998_-1583219943_-1553379930_1985052402_-1394020216_1801561745",1025191473,1343120261,1632069580,2037860360,209945730,1710326498,1662539806,94.5509999999995,5.94599999999991,7.50699999999779,2.09200000000055,2.0679999999993,486.648999999998,1,NA,"81ec74a2af5f","not-a-git-build","bbd3d4119dab4c61438d29ca56ae93a0","confirmatory",626.952999999998,43.2570879333485,6.27610754635013,42.2433611429344,1.71181467882775,62.5580087503295,22.0387109590397,1871.17565647344,39.3895259333531,1784.50156065238,2.93030949465017,36.2531234387583,3.7020414536366,0,0.003,0.604,1,13.7434643740733,41.8344863212352,11.9615642884813,35.5191578038058,46.8269981951707,6.20929946436798,45.7938521457736,1.65869992013557,66.1084997531688,21.9855962003475,2192.76775997052,38.5553998382005,2097.07689434898,2.75128542505775,39.7847201664554,3.72501665261142,0,0.001,0.677,1,13.9626981111388,41.9643104885783,12.8387682298296,37.7927277173321,45.2293241292896,8.52424622413536,43.4692529922197,1.47692840120666,63.7839005996148,21.8038246814186,2045.69176119234,72.662773689686,1889.5759557016,2.18131750229086,34.8184222926969,5.06807531484405,0,0.153,0.821,1,20.4177222208294,61.2915610057298,19.8751892053276,58.2283577081463,43.5584090289705,14.9793455703161,42.2184845738122,2.48677174598604,62.5331321812073,22.813668026198,1897.3349971351,224.380793714949,1782.40043970922,6.18403371663444,33.904458620662,7.50324962302641,0,0.124,0.662,0.915,18.6592216076011,59.2667346850561,17.3383181487717,54.0407939919346,51.5912644653891,74.5669739794863,12.2944899525669,32.1434257952676,58.8411345062255,66.5312323038941,18.5952669659186,25.2568991945566,22.9757095140972,19.8489358427007,7.69009779766859,6.66163222863796,0,1,0,1,55.6462621990483,76.6053545264106,12.5168422615307,31.7728171190824,62.9803454892071,69.7932212376656,18.2995117983504,25.4378815868979,20.9590923273623,19.2559748575517,6.81287574845845,7.13836978854749,0,1,0,1,53.4441536394671,74.2345512371532,12.0278718755051,31.0496943367069,60.2810370131672,67.2893649373396,17.954669224821,25.3841746009884,20.7903975976861,19.0218224612018,7.00832792417242,7.42950537616741,0,1,0,1,51.4591825143572,73.6268922315917,12.8822686721465,33.0929670644382,58.2003135544408,66.6462079616022,19.0999884147074,26.6212429724793,22.1677097172345,20.2106983922917,8.44589440716134,7.52125455777198,0,1,0,1
857,500,2,1,"L'Ecuyer-CMRG","10407_-804476456_654943183_-1862098592_2007005929_-1922010495_1460230519","10407_1630328625_-96417556_-1141747620_1050888777_-1778616694_-957018942",1662539806,1286018508,1347878676,1918544540,118404411,1050078477,1823707658,89.4029999999984,6.20999999999913,7.27900000000227,2.06599999999889,2.1260000000002,503.183999999997,1,NA,"81ec74a2af5f","not-a-git-build","bbd3d4119dab4c61438d29ca56ae93a0","confirmatory",636.124,32.8549118016705,12.2542807002158,31.8364002707336,9.75366195804683,51.9937066298784,29.7880487426354,1079.44522949555,150.167395479681,1013.55638219837,95.13392159185,26.1074286769254,7.39727789654171,0,0.112,0.302,0.798,13.2368271823408,40.6235251286499,11.0106261395181,33.2802614672751,34.3015950498897,12.8972539411152,33.0758862460331,10.0490695230167,53.2331926051779,30.0834563076052,1176.59942296662,166.339159221612,1094.01425096052,100.983798278422,27.1974012834149,7.71374726068923,0,0.087,0.317,0.828,13.5686067320114,41.3423931794671,12.0681250650131,36.3234448593774,35.9920034648578,13.0393477781535,34.5805369382105,10.8611596416322,54.7378432973553,30.8955464262207,1295.42431341434,170.024590479637,1195.81353493494,117.964788761019,26.5298070096446,7.5505753777839,0.001,0.358,0.33,0.985,18.5909117861007,60.3262602969712,16.0282356134031,50.0292568029836,34.5780263032398,12.2829963034763,32.9782972234932,10.0785439930035,53.135603582638,30.112930777592,1195.63990302754,150.871998191213,1087.56808776106,101.577049018906,24.8393747393974,7.11720227115819,0.007,0.453,0.371,0.984,19.2165050016063,62.3683474686767,14.8370174215112,50.414427266009,40.8416639302415,63.4934133901632,20.5259018474561,38.8112218836111,48.2879763155402,55.5218321380706,26.6844373761568,32.9932773668509,22.6517494599217,18.285320036155,7.23385582253037,6.30883999069416,0,0,0,0,41.8692230604133,63.0781836100898,20.5228209838264,39.6488557966956,50.0274223543389,56.7150497519809,26.2925678885513,33.6807303868431,21.2089605496765,19.1260348128692,6.687627397642,7.38816249829182,0,0,0,0,44.0292610810273,66.0225359932045,21.3974756757355,41.1736321368238,50.2638431927224,58.8994623603593,27.4779607804853,34.304148845818,21.9932749121772,19.7761564610883,8.63561916763684,6.8261880653327,0,0,0,0,42.0649917207016,64.1038061887612,20.2624323993226,40.2619196745035,48.9012200139261,57.2882005806727,26.6253210917424,33.6468268349395,22.0388144680596,19.9994872751809,8.38698056674667,7.02150574319708,0,0,0,0
856,500,2,1,"L'Ecuyer-CMRG","10407_261239392_-1156865012_2058070518_-864484826_-2067687308_-1856073083","10407_-1463409479_1396619367_-200724841_2076235350_1913496664_-1503106353",209945730,1710326498,1662539806,1286018508,1347878676,1918544540,118404411,92.3319999999985,5.46299999999974,7.43999999999869,2.09899999999834,3.41800000000148,510.499,1,NA,"81ec74a2af5f","not-a-git-build","bbd3d4119dab4c61438d29ca56ae93a0","confirmatory",646.348999999998,33.3091866837548,7.61626526808791,32.1738564875143,2.15112136019131,52.0332517249057,22.0845901336335,1109.50191753323,58.0074966338821,1035.15704127917,4.62732310627133,26.5595838979129,4.33988009727229,0,0.088,0.455,0.969,13.2690713761515,39.7184555584632,10.1500801195858,30.1777265255275,35.2307273779801,7.60294613042423,34.0616252712065,3.18988912151064,53.9210205085979,23.1233578949528,1241.20415158155,57.8047898621328,1160.19431611609,10.1753926075319,27.8675212919066,4.34275569541364,0,0.112,0.57,0.982,14.3549908302652,43.9516273001457,11.7522951379244,35.3716827235223,34.8601557345167,6.91516132469765,33.0669580040739,1.56666197122431,52.9263532414653,21.5001307446665,1215.23045783475,47.8194561465942,1093.42371164319,2.45442973208045,24.7342592401518,4.29792221982921,0.01,0.449,0.741,1,20.656429733484,63.1475818013736,15.4465062039641,47.7475255943843,33.4610036366135,6.94507531643824,31.8388146685695,1.90056566591387,51.6982099059609,21.8340344393561,1119.63876436946,48.2340711509998,1013.71011949952,3.61214985045062,23.5287056035399,4.49302849127508,0.012,0.493,0.772,1,19.9429998869386,64.3376802457293,16.8069461524058,52.9791887216822,41.2786358378114,64.4322002569402,13.5076407761582,31.1249838889948,47.8018968134106,56.1526526430671,19.3405888098332,24.7813765821915,23.1535644191287,17.6173431128366,8.35075582965648,5.44078777235829,0,1,0,1,42.4111404342605,66.3592395959454,13.9356907375769,32.1890611752664,50.2677261315469,58.0072341685723,19.8646605351952,26.338681279209,23.9480991616849,18.2533704376895,7.73950803702542,6.47402074401379,0,1,0,1,40.9889511082844,64.6338244201205,12.3016009579845,31.4577602578149,48.6947657412637,57.126497290149,18.3239241309784,24.6117028091927,23.6448733118361,19.1561592998305,8.4317315488853,6.28777867821427,0,1,0,1,41.1338423988707,63.8129698447182,12.0229805355616,31.6111246901503,47.4424298836903,55.6848326983015,18.2256436021476,25.3891139658836,22.6791274458475,19.5881441545888,8.2424028146112,7.16347036373603,0,1,0,1
859,500,2,1,"L'Ecuyer-CMRG","10407_-255727111_1701536875_-1660395399_176648757_2093863514_292502672","10407_1457878126_1932796251_-1576079403_-1316580740_-1527530308_-1829995588",118404411,1050078477,1823707658,1610338995,297513894,1094934066,693620337,84.4759999999987,7.70000000000073,6.46500000000015,2.58799999999974,2.11200000000099,471.665000000001,1,NA,"81ec74a2af5f","not-a-git-build","bbd3d4119dab4c61438d29ca56ae93a0","confirmatory",598.945,32.3016682318605,7.36605226301594,31.1680369541954,-1.45459681069935,51.0034281623992,18.3338543848503,1043.39777056118,54.2587259414823,971.446527578091,2.11585188169673,26.4533140345206,4.20330135427894,0,0.045,0.433,0.991,10.8759283790662,32.7972819380285,10.3982842032335,31.5800746535676,32.2159345978903,7.61176814138718,31.0810287727367,-1.85979741359702,50.9164199809406,17.9286537819526,1037.86644201555,57.9390142382368,966.030349571688,3.45884641962216,25.713448771826,4.39494523653104,0,0.077,0.535,0.995,12.4573640636574,37.9834385740752,12.5493091302089,36.5983392529479,32.5611772240969,7.44985395083359,31.3798314813309,-0.997920502352592,51.2152226895347,18.7905306931971,1060.23026221905,55.5003238887508,984.693823796724,0.99584532901565,24.5581580051619,4.51520618028936,0.001,0.234,0.628,1,14.605796202441,50.5973394297558,14.7857063617877,48.3538417560793,31.8329946593935,7.13312007822007,30.6333227198647,-2.1823944516048,50.4687139280685,17.6060567439448,1013.33954898497,50.8814020503063,938.400460859377,4.76284554239543,24.3757008486793,4.2696068953183,0,0.224,0.59,0.999,13.2474931373121,46.5695439850303,12.9527942233782,43.2498466740427,39.9756896377398,60.6469457666204,7.86291555613277,28.3100005813553,47.6538755781178,54.8117367167706,15.2276856539291,21.471877782824,20.6712561288805,20.4470850252225,7.15786113865286,6.24419212889493,0,1,0,1,40.313785754675,61.2319825654957,7.46248903213929,29.4157873354809,47.2037342686673,54.5126155504892,14.3084978969598,21.2170427116062,20.9181968108207,21.9532983033416,7.3088812818219,6.90854481464639,0,1,0,1,41.3271915150615,61.7415313303947,9.00462819361368,28.7943753507744,48.0374796250249,54.4855389722666,15.0747780936277,22.0335217095309,20.4143398153331,19.7897471571608,6.44805934724168,6.95874361590317,0,1,0,1,38.9704013875169,60.2489975980921,7.13315695541921,27.5522102583369,47.265582889555,54.3068313794472,14.1851472178738,21.2437235657292,21.2785962105752,20.4190533029176,7.04124848989223,7.05857634785546,0,1,0,1
858,500,2,1,"L'Ecuyer-CMRG","10407_1672405247_331069942_-1818760390_-1771654087_1709983460_571059537","10407_-1010835965_1261355009_-1365012713_1527448329_-552267966_-1678593303",1347878676,1918544540,118404411,1050078477,1823707658,1610338995,297513894,85.4789999999994,6.85599999999977,5.16500000000087,3.14600000000064,1.98400000000038,477.622000000003,1,NA,"81ec74a2af5f","not-a-git-build","bbd3d4119dab4c61438d29ca56ae93a0","confirmatory",604.970000000001,32.1431894638621,7.81303427111067,30.1955362289839,3.99082680785417,49.8908129792816,23.568817774571,1033.18462890974,61.0435045215498,911.770408155881,15.9266986102875,24.2503026153262,4.49968556374662,0.023,0.25,0.516,0.995,14.4317020182838,43.840578343013,12.5161277645573,36.9674172955534,33.586271742191,8.10273931474758,31.4131368987941,4.86610493829789,51.1084136490918,24.4440959050147,1128.0376495403,65.6543844027561,986.785169822381,23.6789772705271,25.3534087629763,4.66012573070974,0.033,0.265,0.497,0.99,15.1740916012361,45.2395662111882,12.586104604071,37.5907162378146,35.2787978826535,8.0083759024426,31.540447684856,3.89571994218027,51.2357244351536,23.4737109088971,1244.59358004511,64.1340845948234,994.799840161138,15.1766338679011,25.1016454770245,4.95487067568783,0.128,0.441,0.707,1,19.6778967023622,60.6015227797046,17.6224586385597,53.991629939407,34.0047219558342,10.3365919594042,30.125513110156,4.14284856169193,49.8207898604537,23.7208395284087,1156.3211152936,106.845133335219,907.546540150182,17.1631942051129,24.1633922296067,6.06120295112899,0.132,0.43,0.56,0.992,18.5271561606976,58.7950159354894,17.4274440603338,53.5022507630344,39.4322354064418,60.5087098995359,14.2948412029148,32.6558030467557,46.2004468814471,53.4118652425337,20.5159062257338,26.9849430925011,21.0764744930941,18.3609618438409,7.21141836108651,6.46903686676723,0,1,0,0,40.7115656337772,61.2406678137355,16.7261863894222,33.1278070766663,47.5501801253343,54.7512814755881,21.4825000889628,27.2502690976783,20.5291021799583,16.4016206872441,7.20110135025384,5.76776900871547,0,1,0,0,40.1554241198374,62.0212940968459,13.685026710454,32.5419884177656,47.7355008793245,55.1188683052413,20.3574265550349,26.8755441557735,21.8658699770085,18.8569617073116,7.38336742591684,6.5181176007386,0,1,0,0,38.2253342682392,61.0019981006195,14.6070279641487,32.634405343242,46.0216853088679,53.859068407087,20.1904723655893,26.954079944336,22.7766638323803,18.0273773790933,7.83738309821904,6.76360757874677,0,1,0,0
861,500,2,1,"L'Ecuyer-CMRG","10407_-1251000960_-1192089676_-1721636977_603014040_-2068274459_-588262538","10407_165493264_1877695016_-1697460522_598926971_-548210812_2117017328",297513894,1094934066,693620337,2042423168,595918363,481392869,711712091,83.8180000000029,7.52300000000105,5.97399999999834,3.46500000000015,2.48199999999997,474.332000000002,1,NA,"81ec74a2af5f","not-a-git-build","bbd3d4119dab4c61438d29ca56ae93a0","confirmatory",601.064999999999,35.2198870032425,9.82463593345251,33.0401033002284,-3.6379956136254,52.5505995850651,16.0167673523673,1240.44044052117,96.5234712248862,1091.64842608976,13.2350120847576,27.793415717757,5.79495396510589,0.004,0.146,0.315,0.839,12.3772325570976,37.9069096008878,8.99657786746551,28.3666123858656,36.4995574306884,9.75844782340999,33.3973273577039,-3.55725808781301,52.9078236425406,16.0975048781797,1332.21769263612,95.2273039222151,1115.38147463764,12.6540851033111,27.7080759520452,5.69673908768041,0.014,0.217,0.346,0.871,13.8905570620826,41.2478477205412,9.83423696803234,30.523484326117,38.0968272709364,10.3096068091199,33.1958638859985,-2.96709950429051,52.7063601708352,16.6876634617022,1451.36824811156,106.287992558652,1101.96537913774,8.80367946836101,26.5424405035764,5.93266630525882,0.084,0.435,0.407,0.943,17.4201199732556,55.6037386374385,12.0327685713704,40.9933185396031,38.4287960379474,10.5202143002592,34.2985866351234,-3.6903723307933,53.8090829199601,15.9643906351994,1476.77236492616,110.674908923378,1176.39304516707,13.6188479398848,27.0829598263323,6.00906386102885,0.05,0.438,0.44,0.955,17.7662295401286,58.5200598933948,13.2768763151384,44.3831069724174,42.5969568873751,62.315648279674,8.02258858579437,24.3754375376693,49.3699121333253,55.9317131981334,13.1503039865316,18.986154938734,19.7186913922988,16.3528489518749,6.56180106480809,5.83585095220236,0,1,0,0,39.7361185264844,63.753908116765,7.80775279993201,25.2980618230235,49.354970576692,56.4771907127412,12.9959719211021,18.8738538206177,24.0177895902806,17.4903090230915,7.12222013604924,5.87788189951557,0,1,0,0,42.0654720202127,63.7687367209838,8.22866558964715,24.9342170481794,48.8802116433135,56.5420038418324,13.6826415941344,19.8280912873827,21.7032647007712,16.7055514585323,7.66179219851895,6.14544969324831,0,1,0,1,40.7715436686567,66.1708201743585,7.61570296412883,25.0117470993935,49.5798067185257,58.018766105382,12.6560241363601,19.1249717313596,25.3992765057018,17.3960441352647,8.43895938685625,6.46894759499948,0,1,0,0
860,500,2,1,"L'Ecuyer-CMRG","10407_1960562520_-707250009_379037951_1477699473_-551778175_-1250612616","10407_1487546468_-559577582_-191799510_-926195521_-867188550_1780791645",1823707658,1610338995,297513894,1094934066,693620337,2042423168,595918363,83.7560000000012,6.15000000000146,5.08499999999913,2.63099999999758,1.98800000000119,482.964,1,NA,"81ec74a2af5f","not-a-git-build","bbd3d4119dab4c61438d29ca56ae93a0","confirmatory",606.374,36.9443856984553,8.71400965918094,36.0714205470874,-0.814129948537037,56.1813966612978,19.2527892871058,1364.88763463623,75.9339643402987,1301.14738028484,0.662807573104918,30.8773786032296,5.01692530285244,0,0.013,0.434,0.975,11.7410310478854,36.3963525292146,11.6379165263959,33.8905503454409,37.9600295721155,8.68019414382284,37.0066524723689,-0.540920897210647,57.1166285865793,19.5259983384322,1440.96384511588,75.3457703744564,1369.49232721069,0.292595417039171,31.5197945486307,4.99220129495091,0,0.014,0.489,0.98,12.4476829212784,38.4048069405772,13.0424390503871,38.1441883443552,37.7783138439989,10.9952467690685,36.8985399608438,-0.0241487746967479,57.0085160750542,20.0427704609461,1427.20099689568,120.895451512711,1361.50225124199,0.000583163319354293,29.8863212718293,6.42875365200042,0,0.111,0.628,0.995,15.2132435224334,50.7923170470081,20.5381282301314,60.5924923259984,37.3787989123664,10.1154808862292,36.3210284689428,-0.682023572618949,56.4310045831532,19.3848956630239,1397.17460813112,102.322953559667,1319.21710904175,0.465156153607914,28.9836895294092,5.91851981593953,0,0.136,0.619,0.996,16.1869858228916,53.2902692068879,18.8661500389717,56.3374241062848,46.0406458223294,67.487116666352,9.90479868181661,28.1505476808312,52.321157023106,59.8381129286397,15.9504179364905,22.6910029175516,21.4464708440226,18.2457489990145,7.51695590553371,6.74058498106111,0,1,0,1,47.7407232605757,66.8026393022875,10.6007312208716,28.3527493003356,53.8199745585996,60.5874760709363,16.1776210465554,22.6831300113903,19.0619160417118,17.752018079464,6.76750151233666,6.50550896483488,0,1,0,1,46.1142507723438,67.7313619980637,10.4559925542122,29.7000808128867,53.4325557002247,60.4739067754925,16.561464129616,23.7571238020647,21.6171112257198,19.2440882586745,7.04135107526777,7.19565967244874,0,1,0,1,46.2940934829123,66.7554711965047,8.64591015618802,28.5620319910834,52.4590960202205,60.4373398338991,16.3083355967675,22.7768580711339,20.4613777135924,19.9161218348954,7.97824381367858,6.46852247436642,0,1,0,1
863,500,2,1,"L'Ecuyer-CMRG","10407_-1830843757_-1529973624_1001861135_-685305624_1622352148_296415918","10407_-1526823509_1140694477_1020041420_933093725_-917161272_-848821715",595918363,481392869,711712091,525401545,210069338,2035470002,746541132,83.7920000000013,7.36799999999857,6.01200000000244,3.34700000000157,2.63600000000224,493.210999999999,1,NA,"81ec74a2af5f","not-a-git-build","bbd3d4119dab4c61438d29ca56ae93a0","confirmatory",621.870999999999,28.1360388875403,8.36417184896481,27.2170067616264,2.06608521949629,47.2142567416943,21.9765148857899,791.63668428118,69.9593707190154,740.765457062419,4.26870813422104,22.4388290495662,4.81795756927936,0,0.109,0.365,0.971,10.8647322554644,34.0623105882909,9.44931500522661,30.0923661800952,30.2009957967685,8.81911659329702,29.3007032081261,2.94359629363874,49.2979531881939,22.8540259599324,912.100147116427,77.7768174861668,858.53120849069,8.66475913992375,23.3901307534374,5.0545905940574,0,0.133,0.46,0.953,13.9898667699917,41.7667624822074,11.4732143616729,35.3047315309647,29.2501011677768,9.50438314396229,28.2097388879934,3.51834860963353,48.2069888680613,23.4287782759272,855.568418325178,90.3332989472346,795.789368128768,12.3787769389102,21.0291749874508,5.66607261790936,0.001,0.477,0.638,0.994,16.5105369681014,54.7030645767286,18.0387920976628,55.1043232065637,28.9947447581497,8.82525226068366,27.9236104003291,2.72984528587851,47.920860380397,22.6402749521721,840.695223590248,77.885077464702,779.728017789369,7.45205528483311,20.6461944913727,5.25186860166101,0.006,0.511,0.636,0.999,17.0385221622175,55.9873922404075,16.9070186937651,51.8727253123125,38.0521899299802,56.7933633936419,11.5476338433478,31.5678409192719,43.5264223020919,50.481129346601,18.9885104665448,25.2313144404639,18.7411734636617,20.0202070759241,6.95470704450906,6.2428039739191,0,1,0,1,38.5690794294678,61.3169652357848,13.6810262996153,32.9517177347492,45.3352851097282,53.2507036490458,19.5122686556906,25.953547104499,22.747885806317,19.2706914351339,7.91541853931761,6.44127844880839,0,1,0,1,36.1746343777849,59.6593964291738,13.1119759530394,32.8638612248302,43.5808773408167,52.3528408978011,20.2463974371746,27.0831864787908,23.4847620513889,19.7518852717909,8.77196355698445,6.83678904161623,0,1,0,0,35.9696543780158,60.8191726058296,12.1507757127741,34.3637752227117,44.2663665379383,51.6810533864578,19.2669293998726,26.101584024824,24.8495182278138,22.2129995099376,7.41468684851947,6.83465462495143,0,1,0,1
862,500,2,1,"L'Ecuyer-CMRG","10407_1723579346_-1248878939_-396225814_-642171248_-1690437971_1062359174","10407_-1242205921_-900516997_766343157_262324736_-127296958_1845575503",693620337,2042423168,595918363,481392869,711712091,525401545,210069338,85.7980000000025,5.52000000000044,6.20000000000073,2.05900000000111,2.56200000000172,501.005999999998,1,NA,"81ec74a2af5f","not-a-git-build","bbd3d4119dab4c61438d29ca56ae93a0","confirmatory",629.206999999999,27.510617351857,9.62475986208033,25.9468575847863,2.65196089825641,46.2985406159463,22.8972349089894,756.834067080296,92.6360024027126,673.239418525184,7.03289660588092,20.9325230442807,5.6082181062177,0.005,0.253,0.349,0.901,11.9881668621726,36.2483365108395,9.8440785548143,31.651563473239,28.708316973566,10.4110351119805,26.9364939180774,4.68097540621768,47.2881769492374,24.9262494169507,824.167463454738,108.389652102892,725.574704598622,21.9115307536147,21.348362844993,5.98172659204425,0.015,0.313,0.415,0.903,13.5417507600216,41.6893560564237,11.7030203016968,35.0641381971818,27.7354579300004,10.3885643049945,25.9210042434226,3.50757515894695,46.2726872745826,23.75284916968,769.255626586821,107.922268319006,671.898460987535,12.3030834956617,19.1624997347426,5.94092268783724,0.034,0.557,0.434,0.961,16.7202578406714,54.7483324150612,13.2935740253434,42.6505669536236,28.0919629327212,10.3488923851238,26.6031859634103,4.31917731638364,46.9548689945703,24.5644513271166,789.15838141338,107.099573598874,707.729503403793,18.655292690363,20.3983907105087,5.92192354441032,0.009,0.434,0.402,0.95,13.2108663890561,48.406793564492,11.6823075130492,41.1083149649761,36.3473594781914,55.5702396024925,14.3665881701809,32.5396150249808,42.6689724012606,49.9771325023406,19.6712170858299,25.9456196488401,19.2228801243011,18.1730268547999,7.30816010108005,6.2744025630102,0,1,0,1,38.484562325038,57.5093584382008,14.9503432953183,33.9767491708387,43.6998143595252,50.7899409987931,21.6692183385685,28.3717274102813,19.0247961131628,19.0264058755204,7.09012663926791,6.70250907171278,0,1,0,0,35.2699492074567,56.3037393859078,12.7430354308536,32.6225554088886,42.5383184708395,50.0990463473312,20.2453319898132,27.1960504263704,21.0337901784511,19.879519978035,7.56072787649169,6.95071843655714,0,1,0,0,35.6616074891102,58.7417756011858,15.8315902598749,34.130197272789,43.8654218283773,50.380759775268,20.9953758016242,27.937180943875,23.0801681120756,18.2986070129141,6.5153379468907,6.94180514225076,0,1,0,0
865,500,2,1,"L'Ecuyer-CMRG","10407_-1449635087_1558848728_-736996633_-1077720188_-1291819530_-1652059551","10407_-1876515951_1113463619_-1882241853_-1496181415_992005254_-1508131610",210069338,2035470002,746541132,1889645920,1007700128,83593356,571016167,83.0569999999971,6.63100000000122,7.71799999999712,2.54699999999866,3.09199999999691,481.324000000001,1,NA,"81ec74a2af5f","not-a-git-build","bbd3d4119dab4c61438d29ca56ae93a0","confirmatory",608.817999999999,36.5438586479114,6.73011475131651,35.4161308600583,1.94835025136807,55.6414542056326,22.4355117167413,1335.45360487853,45.2944445658881,1254.30232509677,3.79606870200602,29.778967553909,3.92102422316621,0,0.067,0.629,0.998,12.9622710966936,39.5722877448378,12.2223744150685,36.1335918476376,37.9256738738277,7.74785266071531,36.534240101676,3.24595941107217,56.7595634472504,23.7331208764454,1438.35673878393,60.0292208521534,1334.75069980691,10.536252498328,30.2474904193154,4.43220624680705,0.001,0.125,0.586,0.991,15.1538272515079,43.9931943326697,12.6640634314628,37.4603770429352,38.8625921230849,7.37020877966207,36.7593572555168,2.14928925840627,56.9846806010911,22.6364507237795,1510.30106652526,54.3199774558079,1351.25034583871,4.61944431630059,28.5168626825536,4.58039877297521,0.031,0.369,0.741,1,20.6771620591849,62.9539220621479,16.5746536372741,51.1726931108109,36.0090194388413,8.53871181291282,34.7723447290082,2.02367629440456,54.9976680745826,22.5108377597778,1296.64948094685,72.9095994239769,1209.11595795298,4.09526574453495,27.7322607140715,4.9500633391499,0,0.232,0.517,0.999,15.4637619119158,51.8470819867617,13.9177051232763,45.2911844327699,43.921322466638,65.4670028417442,12.5659611763714,32.8906346099366,52.3009277865009,59.5217884772993,19.1941527177983,25.710171078689,21.5456803751061,20.3246734335652,7.22086069079835,6.51601836089063,0,1,0,1,46.3712212564824,65.9811354665908,14.9690119688555,32.387961282063,52.9185334237085,60.5833382977449,20.7617773504971,26.8559790111603,19.6099142101084,17.4189493132075,7.66480487403633,6.09420166066325,0,1,0,0,46.4817273950855,66.808607830018,12.9562513252635,32.6554430505049,53.4287322193691,60.4859484254338,19.497370444687,25.66132921103,20.3268804349325,19.6991917252414,7.05721620606469,6.16395876634299,0,1,0,1,43.6046823909027,65.8406093841991,12.792359405435,33.4107171079418,50.8869273892322,58.8472217040435,18.8708634439864,25.9978674291425,22.2359269932964,20.6183577025068,7.96029431481133,7.1270039851561,0,1,0,1
864,500,2,1,"L'Ecuyer-CMRG","10407_1712580824_1427867680_534559681_-743387125_-1936870115_-1623120915","10407_1937766930_-2144330948_2032979819_-290460250_970244823_1185477008",711712091,525401545,210069338,2035470002,746541132,1889645920,1007700128,86.6949999999997,5.29799999999886,5.97700000000259,2.01100000000224,3.41599999999744,475.387999999999,1,NA,"81ec74a2af5f","not-a-git-build","bbd3d4119dab4c61438d29ca56ae93a0","confirmatory",602.951999999997,31.7098384896514,6.08126715647241,30.93873152669,-0.251875891676207,50.8748185106701,19.7291757174415,1005.51385703978,36.9818102283901,957.205108480599,0.0634414648076842,25.2220218608717,3.57937118750613,0,0.106,0.639,1,13.3252981050714,40.4268021594866,11.7301204599041,34.451245922999,32.7573932136612,6.66338306048344,31.9016205396853,-0.166698676790535,51.8377075236655,19.8143529323272,1073.04681015442,44.4006738107376,1017.71339305807,0.0277884488437152,25.9863992356888,3.9249091242252,0,0.123,0.617,1,13.6712949558354,42.0542032994179,12.4663371904596,37.4096850187539,31.5565245323193,5.20421706273885,30.516125259179,-2.04962810913003,50.4522122431592,17.9314234999877,995.814240558868,27.0838752361022,931.233900833902,4.20097538573594,23.3603115489263,3.76151817784117,0.003,0.405,0.872,1,16.3925810800759,53.7066801335312,16.0912250505958,49.3166738286058,31.412796023375,4.63269002632768,30.7600854468228,-1.43533757933412,50.696172430803,18.5457140297836,986.763754006162,21.4618168800359,946.18285669584,2.06019396664873,23.6361652651199,3.59208056899109,0,0.343,0.926,1,16.4848559472753,51.3094716326148,16.4158336379001,48.3952272199307,37.9226355709293,63.5097082202909,9.26779435120887,29.3856326270369,46.6109618013548,54.9018837374444,16.8507476798664,22.9129624991905,25.5870726493617,20.117838275828,8.29092193608954,6.06221481932411,0,1,0,1,40.7242135106052,64.4140308781412,9.47219134219259,29.2687166244786,47.8286110454489,55.5738196354163,16.2932962382962,23.5675866402708,23.689817367536,19.796525282286,7.74520858996742,7.27429040197457,0,1,0,1,39.6357759244123,61.8162994942125,8.34550681901879,28.4663819122027,46.568947662869,54.4734358339693,14.8327678898943,20.9606989397492,22.1805235698003,20.1208750931839,7.90448817110033,6.12793104985488,0,1,0,1,38.5831928376801,64.2889675245595,7.59946870428677,30.4571799565741,46.5258933899997,55.0287598545129,14.3990490546383,22.4490587697172,25.7057746868794,22.8577112522873,8.50286646451315,8.05000971507889,0,1,0,1
867,500,2,1,"L'Ecuyer-CMRG","10407_1790565921_355864321_-72243219_215488491_1860150183_1947523831","10407_332697861_2092636533_-156856365_1493868220_-730967437_87550277",1007700128,83593356,571016167,1894448696,466103732,468289785,1973827244,84.018,7.61999999999898,6.15599999999904,2.87000000000262,2.51599999999962,516.661,1,NA,"81ec74a2af5f","not-a-git-build","bbd3d4119dab4c61438d29ca56ae93a0","confirmatory",644.555,39.3651986530755,7.14378604304907,38.573871272928,3.63071093333354,58.154308829026,23.0439320537418,1549.6188649961,51.0336790288627,1487.94354498042,13.1820618814277,33.771066542085,4.09777675070128,0,0.001,0.556,0.992,11.1722594090913,33.4577801913104,12.1804618521512,35.4971953272932,40.7629830423107,7.38363547826043,39.9187288528758,4.75197591758855,59.4991664089738,24.1651970379968,1661.62078650771,54.5180728758262,1593.50491322942,22.5812751213415,35.0011063180212,4.28487930787671,0,0.001,0.553,1,11.1488666762318,34.4873895321529,12.4045401081215,36.6868509411833,38.6406076187438,8.89370881491878,37.618268279337,3.94989523660764,57.198705835435,23.3631163570159,1493.09655714572,79.098056484564,1415.13410833617,15.6016723801757,31.1056041533721,5.28125239366698,0,0.095,0.591,0.998,14.0655037681534,46.3999521254956,16.8780409522697,49.7800172565527,40.4511585457132,8.77713963597015,39.5655465413831,4.63994510705248,59.1459840974811,24.0531662274608,1636.29622769042,77.0381801893183,1565.43247311835,21.5290905964603,32.4018247582337,5.22743048897139,0,0.111,0.636,0.999,15.5440034382384,51.7684253533388,16.9473936597499,49.8801832659923,47.0594025242717,67.1952362164399,14.1611160998657,33.003272884548,54.7756408289386,61.8089228650651,19.9205533549065,26.0648045626956,20.1358336921682,18.8421567846823,7.03328203612656,6.14425120778913,0,1,0,0,50.0496504515179,70.293269802853,16.12153286174,33.2062584453439,55.4493784427492,63.0248191650124,20.8601317752074,27.1620878466744,20.2436193513351,17.0847255836038,7.57544072226312,6.30195607146691,0,1,0,0,47.2971588178908,66.202723772551,14.7637607791792,31.9642853741032,53.9237231255346,60.5918780584522,20.5937746184195,26.09489347564,18.9055649546602,17.200524594924,6.66815493291763,5.50111885722043,0,1,0,0,48.1624185593638,70.1178405168977,14.2363255653972,33.3490903185461,55.2552306360797,63.0573948857468,20.7847304502985,27.4390867563177,21.9554219575339,19.1127647531489,7.80216424966715,6.65435630601919,0,1,0,0
866,500,2,1,"L'Ecuyer-CMRG","10407_304402608_203285592_11149065_954799635_-2100627441_1868261682","10407_-1618082443_288864987_1325718573_-669518504_-896947207_-568060033",746541132,1889645920,1007700128,83593356,571016167,1894448696,466103732,84.2719999999972,5.25900000000183,5.69700000000012,1.99200000000201,3.3859999999986,512.881000000001,1,NA,"81ec74a2af5f","not-a-git-build","bbd3d4119dab4c61438d29ca56ae93a0","confirmatory",639.121999999999,30.9060755941781,8.58214249173076,29.7307429865596,-1.59728047499892,50.0853412170502,18.7847344526996,955.185508633053,73.6531697483706,883.917078532863,2.55130491581277,24.739209417544,4.98247627798059,0,0.111,0.298,0.98,11.6951742804966,35.1566217183422,8.94239141710288,29.1526193060365,32.2500538982022,8.06149308296522,31.0615465730563,-1.11419981010334,51.4161448035469,19.2678151175952,1040.06597643695,64.9876707266961,964.819675510147,1.24144121683431,25.3757152812121,4.62686198257713,0,0.118,0.418,0.995,13.5308387447973,39.7993059320122,10.7460869602559,33.4496949393724,31.1681034497987,8.92706653758147,29.8505615660843,-2.05316521304316,50.2051597965748,18.3288497146554,971.450672657356,79.6925169664068,891.056025810588,4.21548739205056,23.3640043186636,5.17272228244622,0.001,0.251,0.513,0.996,14.5550570081251,48.0295560903454,13.9268680516668,44.2029027696267,32.6419017500107,8.2386722999652,31.4526280524628,-0.621647992853497,51.8072262829534,19.7603669348451,1065.49374985735,67.8757212662138,989.267811406571,0.386446227018781,25.3783173353678,4.74558583079836,0,0.186,0.378,0.998,13.0712501725414,44.4734744392562,10.6471043619002,37.6876936095456,38.1698422666818,60.429634845874,9.64246353412468,27.6168860921369,46.2814835365513,53.9793416574734,15.5305832426174,21.7927124437243,22.2597925791922,17.9744225580122,7.69785812092211,6.26212920110689,0,1,0,1,40.1324589973056,62.9149757092525,8.89134365474048,28.9947354295575,47.3892993831136,55.4573644128184,16.0271865258151,22.6667930431296,22.7825167119469,20.103391774817,8.06806502970483,6.63960651731447,0,1,0,1,38.4656788648983,61.6866585725408,9.2365143020484,28.0446147312394,45.9577079367295,54.6826001280565,14.6338586075457,21.7265741766115,23.2209797076425,18.808100429191,8.72489219132696,7.0927155690658,0,1,0,1,41.4560602272442,62.9422557486158,10.8372754628689,28.541955420619,48.0837869783993,55.7511278304875,16.5864194171349,23.0492058918238,21.4861955213716,17.7046799577501,7.66734085208816,6.46278647468894,0,1,0,1
869,500,2,1,"L'Ecuyer-CMRG","10407_1320044305_51226003_2108294082_109193651_110432223_-1376783970","10407_1624879568_336296754_51832215_-1170865799_-867488684_-2002761770",466103732,468289785,1973827244,979762241,1335491562,1077672244,1390125274,84.594000000001,7.63100000000122,6.28399999999965,2.85299999999916,2.50499999999738,500.48,1,NA,"81ec74a2af5f","not-a-git-build","bbd3d4119dab4c61438d29ca56ae93a0","confirmatory",628.704000000002,25.4080573670988,9.423444163523,23.9758059166998,-1.49422364939269,43.8383161910463,18.3950666667547,645.569379169786,88.8012999030357,574.839269355258,2.23270431440442,18.4891086253437,5.45001596845652,0.02,0.373,0.36,0.922,13.2378772906458,41.5419077855107,10.4116516719976,32.0819354019917,24.5005354237696,9.28389756316795,22.8414059562888,-1.52098749832954,42.7039162306353,18.3683028178178,600.276236051387,86.1907539633959,521.729826059984,2.31340297007474,17.1921011107102,5.34242736967601,0.039,0.499,0.409,0.941,14.7227969006102,44.512497082443,11.1236788067707,34.221759103612,26.7229822151961,10.2442561639714,23.5379937441591,-1.48869819330675,43.4005040185056,18.4005921228406,714.117778473688,104.944784353065,554.037149500073,2.21622231075477,16.9289900813374,5.93271271311319,0.178,0.768,0.549,0.99,22.7929548217964,68.0237609104961,16.5202497375078,52.2305566882846,27.365483550916,10.2460354369618,25.578672519901,-1.50864549036428,45.4411827942475,18.3806448257831,748.869689975453,104.981242175477,654.268487880338,2.27601121559648,18.2808286481121,5.85829517100097,0.042,0.659,0.523,0.978,19.2330412937177,61.0722330460926,15.2219729850163,47.6616831308763,33.3559703094992,54.4110896190502,9.63884101870967,26.8921054637969,39.774794512198,47.9541675939075,15.6537606024808,21.4405026430879,21.055119309551,17.2532644450872,8.17937308170949,5.78674204060707,0,1,0,1,32.094730294525,53.1653009140048,8.77117249826307,27.7989845158234,38.970377340034,46.1656529251831,15.1448129018009,21.3964977215088,21.0705706194798,19.0278120175604,7.19527558514901,6.25168481970791,0,1,0,1,31.5020435345009,54.5448440368751,8.72599252333804,28.1608795040513,39.2495349771889,47.6436883500842,14.8958967152161,21.7669287157485,23.0428005023742,19.4348869807133,8.39415337289528,6.87103200053246,0,1,0,1,33.6038938861012,56.9708524420449,7.84230545947982,28.5773029979757,41.2882588814124,49.8122044812919,14.8902642217117,21.8782379028447,23.3669585559437,20.7349975384959,8.52394559987945,6.987973681133,0,1,0,1
868,500,2,1,"L'Ecuyer-CMRG","10407_359668637_2055134924_809744581_-1276358882_-1703983904_793200221","10407_163820876_737226357_-1535022520_-990493323_1710717088_2036082405",571016167,1894448696,466103732,468289785,1973827244,979762241,1335491562,85.7150000000001,5.41899999999805,6.73500000000058,2.06899999999951,2.11699999999837,486.711000000003,1,NA,"81ec74a2af5f","not-a-git-build","bbd3d4119dab4c61438d29ca56ae93a0","confirmatory",614.838,28.7097291891332,12.0852690305278,28.0221841360516,9.84515842950447,47.8132240544884,29.6226115518856,824.248550113366,146.053727540234,785.242803754783,96.9271445020428,22.0274542705359,7.38539226597887,0,0.192,0.249,0.874,14.2877403253044,42.3316390433972,11.6616538917186,33.9928557491764,29.2117587905386,13.2699009260418,28.4649390492743,11.1553252285081,48.255978967711,30.9327783508892,853.326851636608,176.090270586966,810.252755078898,124.441280953788,21.8075724691123,7.97332580366065,0,0.305,0.26,0.93,15.7986863940895,47.9859003983656,13.1358910624073,39.3059355906959,31.5008022671086,11.8003483946512,29.3582307396196,10.4849187051353,49.1492706580563,30.2623718275165,992.300543471471,139.248222235147,861.905712160744,109.933520253296,21.109295437157,6.88110469427816,0.072,0.643,0.323,0.99,23.8708930885528,67.663018715344,16.0415704949393,47.229761596471,32.6716425721833,12.3871148826217,29.5989842734238,10.3843631839835,49.3900241918605,30.1618163063647,1067.4362283645,153.440615115268,876.099870018388,107.834998736872,21.2760267512337,7.3091229932406,0.036,0.658,0.345,0.989,22.3597130133069,68.447193350221,17.0152856944732,54.1150315695282,36.2480206205574,58.3939389507513,20.2212161660057,38.8710505477853,43.9275464677434,51.4694006691393,26.1081033623466,33.2318107189178,22.145918330194,18.6498343817796,7.54185420139587,7.12370735657122,0,0,0,0,37.194764859175,59.686038617387,19.6578580510827,40.7618408094076,44.6015679738529,51.9899980303989,27.4122302364135,34.7898198712834,22.4912737582121,21.1039827583249,7.38843005654591,7.37758963486984,0,1,0,0,37.7395636650139,60.4682208119245,19.8770575377427,39.8331180422235,45.513002346002,52.8873561292774,26.9148098408698,33.6678452674649,22.7286571469106,19.9560605044809,7.37435378327541,6.75303542659508,0,0,0,0,37.9781724822491,61.30079945206,20.3687001718283,39.3666579685638,45.5939446082902,53.2760728746268,26.9677983076179,33.5241699798349,23.3226269698109,18.9979577967356,7.68212826633658,6.55637167221696,0,0,0,0
871,500,2,1,"L'Ecuyer-CMRG","10407_1143655400_1468918775_-2042425440_-1834109366_-22150872_1351747698","10407_248740241_455098185_350777919_-111028159_648611073_-1775231230",1335491562,1077672244,1390125274,1782846854,484492787,986675633,1213035111,88.520999999997,7.81199999999808,6.09900000000198,2.8169999999991,2.05599999999686,504.369000000002,1,NA,"81ec74a2af5f","not-a-git-build","bbd3d4119dab4c61438d29ca56ae93a0","confirmatory",637.071,46.4630793735927,10.351836255317,45.715243979932,-2.89121591440693,65.9799742281699,17.273036833555,2158.81774487678,107.160513856896,2089.8835321447,8.35912946371991,39.9085378627422,6.10137491836698,0,0,0.317,0.908,13.3272413322238,40.5402023603971,10.9175567076096,33.3879216611962,48.5643204240492,10.0638377712029,47.5170409886465,-2.24126823156383,67.7817712368844,17.9229845163981,2358.49321824972,101.28083068509,2257.86918431671,5.02328328581727,41.4870664425611,5.800668646347,0,0.002,0.375,0.934,14.0203151028202,42.0878980069386,11.9929992113343,36.4693163403465,48.291990789166,11.2641950435571,46.9290808217312,-2.99574018561601,67.1938110699692,17.1685125623459,2332.11637438089,126.882089979296,2202.33862677258,8.97445925971463,38.9591912548673,6.43139066089931,0,0.094,0.449,0.971,18.2048014584526,56.0736957354334,15.5439270225947,49.0545752498991,48.5022155151651,10.908165037203,47.0911025427943,-1.92221777712591,67.3558327910322,18.242034970836,2352.46490987953,118.988064478858,2217.57193869597,3.69492118269887,38.712240013243,6.22972381899533,0,0.105,0.48,0.986,18.805682234614,59.644144705611,15.1936917163325,49.0082043189417,55.0352055424623,76.8428088176305,8.3742203212757,28.7745238956434,61.9046671467052,69.667523822435,13.6650338135392,20.6833066949592,21.8076032751682,20.4003035743677,7.76285667572979,7.01827288141997,0,1,0,1,57.3100546966464,79.073689075807,7.58941459140375,27.835113814865,63.9383065940833,71.6180849567121,14.1213862262537,22.0026939094197,21.7636343791606,20.2456992234613,7.67977836262875,7.88130768316605,0,1,0,1,56.1923346829365,77.7929960242008,7.52292511375942,26.6716717414891,63.2403457310728,71.0837957533136,13.9449953415425,20.5529941733012,21.6006613412643,19.1487466277297,7.84345002224089,6.60799883175866,0,1,0,1,55.7006044499521,79.1982485284348,8.43325699398452,27.9444754607688,63.3317523115961,71.1396419991155,14.5834823294854,21.7634330995304,23.4976440784827,19.5112184667843,7.80788968751941,7.17995077004492,0,1,0,1
870,500,2,1,"L'Ecuyer-CMRG","10407_-418528060_156435069_-335185180_-292483996_864291682_-470263475","10407_1968302435_-1132839552_-2035627996_-1135981650_-1264625843_1515429288",1973827244,979762241,1335491562,1077672244,1390125274,1782846854,484492787,89.4789999999994,5.54299999999785,6.80099999999948,2.12799999999697,2.02200000000084,503.655999999999,1,NA,"81ec74a2af5f","not-a-git-build","bbd3d4119dab4c61438d29ca56ae93a0","confirmatory",637.722000000002,39.7980477621116,10.4082475776936,38.3030368162431,-3.97963297529134,58.688449102513,16.4515254264282,1583.88460567532,108.331617638564,1467.12262934647,15.8374786180262,32.1594214611998,6.10300836088735,0,0.064,0.345,0.86,14.6452473037999,42.8243210812769,10.7060011473639,32.070279261354,41.5380845973989,10.566426974167,39.5892186882156,-4.08510406595678,59.9746309744855,16.3460543357627,1725.41247202067,111.649379000404,1567.30623634336,16.6880752296966,33.1812079795244,6.14382526360998,0,0.095,0.368,0.898,15.325464525115,44.7943228156924,11.692975404163,34.950691215176,42.4651272866797,11.3683749314179,39.9414716835353,-3.64088952925064,60.3268839698052,16.7902688724689,1803.28703547391,129.239948581292,1595.32116024665,13.256076564207,32.2587113825453,6.50577617051762,0.005,0.25,0.461,0.962,18.1363510628311,55.9033146267778,15.8590740689922,47.8291598482509,41.7953169486894,11.3839018046769,38.7988720435048,-4.33498806242328,59.1842843297747,16.0961703392962,1746.8485188414,129.593220298525,1505.35247184826,18.7921215013524,31.0489918186638,6.50160269622582,0.006,0.345,0.447,0.972,17.5555606353622,58.8877619449821,14.7150863600508,47.006886229997,46.7671481782968,69.4246478376965,7.86132591391336,25.274045975795,55.3681180441447,62.2505074267355,13.3069245165375,19.422328949269,22.6574996593998,17.4127200618816,6.88238938259083,6.11540443273142,0,1,0,0,49.0527234928438,70.8605365052226,7.75361343242678,25.4386616198561,56.3348246545009,63.7832176654106,13.3170575915946,19.2613704888479,21.8078130123788,17.6850481874293,7.44839301090967,5.94431289725326,0,1,0,0,50.3706160424571,71.711957366274,7.48839963706141,26.1822912355092,56.389023418124,64.0365461200285,13.7311394149275,19.7018986084181,21.3413413238169,18.6938915984478,7.64752270190446,5.97075919349064,0,1,0,0,48.5682174438968,70.9593003869869,6.99831438357344,25.4548586171727,55.7003332796608,62.6988179274979,12.8656307609003,18.8928601755415,22.3910829430901,18.4565442335992,6.99848464783713,6.02722941464116,0,1,0,0
873,500,2,1,"L'Ecuyer-CMRG","10407_1490232153_-1873010365_1344512564_1926165561_-1640151205_-1603047206","10407_-857844820_-774486426_2097995114_1913118175_-427490803_1841305422",484492787,986675633,1213035111,627132360,603343188,1935765702,156269809,88.987000000001,7.25900000000183,6.76599999999962,2.14999999999782,2.01800000000003,471.180999999997,1,NA,"81ec74a2af5f","not-a-git-build","bbd3d4119dab4c61438d29ca56ae93a0","confirmatory",602.654000000002,39.9022270205447,7.99018193973908,39.2548576793696,-2.18542933697171,59.0502736497283,17.688209601353,1592.18772119909,63.8430074301326,1540.94385142757,4.77610138689662,33.489662940628,4.57270682347164,0,0.018,0.38,0.972,12.981558185557,40.5102597163343,9.3754639763554,29.6107695127119,42.175749522929,7.33237660628704,41.2699108477197,-1.28623626832725,61.0653268180784,18.5874026699975,1778.79384782084,53.7637466964254,1703.20554137874,1.6544037379604,34.5885759232809,4.18600579182354,0,0.014,0.472,1,15.8358312930118,46.3709244002074,10.9176753055826,32.3712700957772,42.5140798055725,7.5925833155416,40.5066123276988,-0.267587905865152,60.3020282980574,19.6060510324596,1807.44698171459,57.6473214034407,1640.78564226648,0.0716032873652977,32.1125509378187,4.58437852362974,0.004,0.281,0.605,1,20.9522189504628,60.652586755137,14.6299509460417,47.4309146297224,41.8800246254257,6.31486583617626,40.8776558323612,-1.0566282967919,60.6730718027199,18.8170106415328,1753.93646262626,39.8775305289061,1670.98274634898,1.11646335758136,32.5014121016433,4.06629828325895,0,0.199,0.703,1,19.0616933035577,60.5460017718928,14.9589143764146,47.6298324987494,49.3077835107057,69.6585391605675,8.69621157887278,27.013916537862,55.0891773433357,62.6633015766574,14.6403965559199,20.6101488488743,20.3507556498618,18.3177049589893,7.57412423332165,5.96975229295437,0,1,0,1,51.0567516152797,72.5106802210975,9.88802856019121,27.0944312440263,57.2551840259929,64.7708286493673,15.5809287499356,21.5556312306892,21.4539286058178,17.2064026838351,7.51564462337445,5.97470248075359,0,1,0,1,49.5764446999613,72.0400111269332,10.4364900181336,29.3258706448565,56.1578667366233,63.8925875012379,16.3495683683372,22.6495784551136,22.4635664269719,18.8893806267229,7.73472076461454,6.3000100867764,0,1,0,1,49.890587570478,71.2232704275796,9.01232447195479,28.8273386179156,57.1064898023923,64.6609958790149,15.1958880575406,22.1716948332249,21.3326828571017,19.8150141459608,7.55450607662262,6.97580677568429,0,1,0,1
872,500,2,1,"L'Ecuyer-CMRG","10407_1941246358_-1430160721_2078200602_-817674244_-199114738_604578418","10407_937275521_438486064_1832011523_-1864213962_-235011119_236023811",1390125274,1782846854,484492787,986675633,1213035111,627132360,603343188,89.5949999999975,5.33399999999892,6.67599999999948,2.10800000000017,2.45200000000114,489.922999999999,1,NA,"81ec74a2af5f","not-a-git-build","bbd3d4119dab4c61438d29ca56ae93a0","confirmatory",621.82,34.9570956058958,8.49429545487651,34.1282191490345,-2.52846723658807,54.1473533561183,17.5050072747584,1221.99853319974,72.1530552747356,1164.73534228452,6.3931465664993,28.1346607222824,4.86169128929201,0,0.047,0.437,0.945,13.8529839767648,42.0718308566185,10.6611617241326,31.8815956926136,37.2401385547657,9.1511589175053,36.1565374726933,-0.989976059214094,56.1756716797772,19.0434984521324,1386.82791957814,83.7437095334368,1307.29520201428,0.980052597817067,29.5452832455753,5.28087436129287,0,0.059,0.408,0.948,15.5695174211636,46.1218014360101,11.2595997077014,33.6214150737007,38.735107051107,8.9386501385584,37.3045858220732,-1.42229090173714,57.323720029157,18.6111836096093,1500.40851826072,79.89946629955,1391.63212335642,2.02291140916424,29.5617009608002,5.22544375635249,0,0.121,0.593,0.997,18.0950410711938,54.8576410189943,15.4310806253488,48.5293312830681,37.3869906755072,10.3589701109755,36.2126394430272,-0.367111786803271,56.231773650111,19.6663627245432,1397.78707177046,107.308261760083,1311.35525543069,0.13477106400989,27.7214689719413,5.96595322505194,0.001,0.285,0.566,0.983,19.1853642088988,62.396361312968,17.0096966107967,51.980089446051,43.350766372214,64.3502514635052,9.05009733663704,26.0385150307522,50.4860125427532,57.9745726640161,14.4726610293953,20.5439035928883,20.9994850912912,16.9884176941151,7.48856012126293,6.07124256349297,0,1,0,1,44.8635113338997,66.1273488260404,11.3491648912566,26.505095481759,52.1767140575749,60.3051865377915,16.2885993185867,21.8777435427067,21.2638374921407,15.1559305905024,8.12847248021654,5.58914422411997,0,1,0,1,46.4512766937206,68.1392704537793,8.82859857806439,27.8919021036136,53.753604749444,60.6736034756059,15.7764805155041,21.6417861114844,21.6879937600586,19.0633035255493,6.9199987261619,5.8653055959803,0,1,0,1,45.3862966883442,66.6053862608127,10.484191050034,29.4616886232928,52.6573838656659,60.311943980033,16.7809872457137,22.7590859360757,21.2190895724684,18.9774975732588,7.65456011436704,5.97809869036207,0,1,0,1
875,500,2,1,"L'Ecuyer-CMRG","10407_497251016_-795350299_643273845_1399559981_-1083227337_-1683771020","10407_-72517258_-1290969255_85891106_-959556709_1872384183_1423562243",603343188,1935765702,156269809,929456650,1988023335,189040314,594099715,84.4210000000021,7.53900000000067,6.25200000000041,4.01900000000023,2.53099999999904,484.811000000002,1,NA,"81ec74a2af5f","not-a-git-build","bbd3d4119dab4c61438d29ca56ae93a0","confirmatory",614.242999999999,39.6763352450984,15.3844493607067,38.9064477847855,12.2681942689977,58.9349270181891,32.1604304735374,1574.21157848144,236.68128213215,1513.71167923024,150.508590621867,32.9909641183463,9.51680223285977,0,0.006,0.249,0.699,13.6255659555583,41.2762564096437,12.073367461932,35.8403673048615,39.3714194331419,16.8742896628669,38.6935806125255,13.9758771638591,58.7220598459291,33.8681133683988,1550.10866818038,284.741651626335,1497.19318061801,195.325142499277,32.6725390308024,10.4863164211463,0,0.009,0.222,0.736,14.246853028066,41.7236054356213,13.6276782780014,40.3241359064354,40.5288888949381,20.2834340189525,39.7701712869827,14.9542113521614,59.7986505203863,34.8464475567011,1642.59083505824,411.417695601198,1581.66652419594,223.628437165114,32.2037109821685,11.8849731856147,0,0.1,0.331,0.804,16.7236867991495,54.2955373273647,18.4068067280126,55.5107537824072,41.8856220033601,16.5735762466692,41.1896903081776,13.6107701753508,61.2181695415812,33.5030063798904,1754.40533060836,274.683429604158,1696.59058768358,185.253064766218,33.636078191235,9.73869258418803,0,0.036,0.313,0.882,17.0356095097947,53.3261011851756,17.7120771137474,53.4375713960124,46.8117049102304,70.5673639541796,23.2047707526587,41.4225089530444,55.1557998218109,62.8005448541301,28.9931028415109,34.9892352647869,23.7556590439492,18.2177382003857,7.64474503231917,5.99613242327603,0,0,0,0,47.4838784803894,69.6061059084514,24.6496021139814,43.0994433624609,54.7098125146292,62.4946717766939,30.6385441239951,37.3247660628211,22.122227428062,18.4498412484795,7.7848592620647,6.68622193882604,0,0,0,0,48.4538620893551,72.3715290709966,26.1257494118441,44.0769746329499,55.3810808792238,64.0325797262946,31.6210104830953,37.861375036125,23.9176669816414,17.9512252211058,8.65149884707076,6.24036455302965,0,0,0,0,49.8926108218496,72.6106857457905,24.7660669462216,42.9265371248993,57.0670212995074,65.2565240205102,30.0008562203099,36.8311798607847,22.7180749239409,18.1604701786777,8.1895027210028,6.83032364047471,0,0,0,0
874,500,2,1,"L'Ecuyer-CMRG","10407_733669353_1976162442_375881141_1107230532_-173325629_-1360031437","10407_-71796974_1691018130_-1701183025_973872245_2085641999_-208733387",1213035111,627132360,603343188,1935765702,156269809,929456650,1988023335,85.7780000000021,5.17299999999886,6.40999999999985,2.02200000000084,2.94599999999991,466.403999999999,1,NA,"81ec74a2af5f","not-a-git-build","bbd3d4119dab4c61438d29ca56ae93a0","confirmatory",593.091,34.8353147177546,7.74501514571914,33.8070296859133,2.23418837568097,53.6083467116097,22.0209927674566,1213.49915148501,59.9852596074189,1142.91525618422,4.99159769802796,28.0361845950701,4.42565082995969,0.001,0.118,0.446,0.993,13.468014020982,40.6237147460418,11.0665904237386,33.0711354119223,35.693752353429,8.05691365759018,34.7452569335999,3.50526920938635,54.5465739592963,23.2920736011619,1274.04395706792,64.9138576858632,1207.23287938187,12.286912230272,28.6746455842482,4.59376184512322,0,0.068,0.542,0.989,13.741247883629,43.1738860254066,12.3647766899402,36.1004464279477,36.1669931765733,9.26983446722845,35.0796881047056,3.74717816794672,54.881005130402,23.5339825597223,1308.0513954343,85.9298310498166,1230.58451752342,14.0413442223365,27.32268594515,5.30381485687471,0.001,0.282,0.523,1,16.6945637731013,57.8820472165931,14.2187496517183,45.3423957207771,35.6663112864436,9.64572385381507,34.6221924330355,3.40762275054943,54.4235094587319,23.194427142325,1272.0857607815,93.0399886640571,1198.69620887014,11.6118928100621,28.0313676748119,5.51694734196365,0,0.132,0.497,0.991,14.1490671216515,47.5403929248,14.0633619256834,44.023527666799,42.2763989240437,65.3069166978982,12.2359801552694,31.7739389872106,49.7794766941413,57.4116223067609,18.809100820981,25.4294638915122,23.0305177738544,19.5379588319412,7.63214561261967,6.6203630705312,0,1,0,1,43.5826098886707,66.6480280386966,13.0618915256921,33.3230892811527,50.6635650922779,58.3775755585013,19.7349341808083,26.6341905213432,23.0654181500259,20.2611977554606,7.71401046622343,6.89925634053489,0,1,0,1,43.7786837282615,65.7957782032368,14.1861080404456,33.6905206902891,50.9417294140308,58.7559840161176,20.2994839224092,26.5258377477013,22.0170944749753,19.5044126498436,7.81425460208683,6.22635382529203,0,1,0,0,42.4922010611509,65.6512942623873,13.3751776792919,33.6198848529237,50.3858740865527,58.1591792773241,19.5125658443888,26.6810901149513,23.1590932012364,20.2447071736318,7.77330519077145,7.16852427056248,0,1,0,1
877,500,2,1,"L'Ecuyer-CMRG","10407_-26484786_-923280946_1318563754_-2031062872_-1981270953_-1745393058","10407_1275632757_-1630513257_2125359135_617026200_-940387141_709330933",1988023335,189040314,594099715,369201556,373729591,1707881763,2096507183,86.025999999998,7.37299999999959,6.06599999999889,3.18500000000131,2.0679999999993,496.954999999998,1,NA,"81ec74a2af5f","not-a-git-build","bbd3d4119dab4c61438d29ca56ae93a0","confirmatory",625.694,38.7193522607542,7.37352721463407,38.0043088716776,2.69342714387985,58.065160911301,22.5448306634008,1499.18823949237,54.3689035849493,1444.32749281388,7.25454977938876,32.4026645096656,4.25105527249389,0,0.016,0.501,0.992,12.8721549187943,39.1985093465906,11.4809102060846,34.6063896992196,40.6131339028684,7.48092102316608,39.724750106955,3.02677715979801,59.7856021465784,22.878180679319,1649.42664541232,55.9641793548482,1578.05577106002,9.16137997507488,33.701596706836,4.31304627943499,0,0.019,0.556,1,13.5932603486618,42.1859440421583,12.8129155641542,37.7091790431048,39.4557480197305,9.52940742852157,38.4965250103699,3.9800453591271,58.5573770499933,23.8314488786481,1556.75605179647,90.8096059387622,1481.98243787403,15.8407610607091,30.7665846505507,5.5905483838811,0,0.136,0.563,0.999,17.0633691418423,55.2797943095364,16.9684843736185,51.0632773956328,39.3213188662198,11.1389627146027,38.4682329450492,3.22744553457694,58.5290849846726,23.0788490540979,1546.16611737894,124.076490357309,1479.80494591457,10.4164046786606,31.8719700473891,6.39830918040293,0,0.049,0.444,0.942,14.0664981684817,47.2826163794273,13.97404531786,41.457942948083,47.6325002112656,68.8661093392955,13.1091244522541,32.6959724278599,54.3955194786647,61.5556344158735,19.7100146711265,25.7285932482703,21.23360912803,19.5868479756058,7.1601149372088,6.01857857714382,0,1,0,1,48.8546544829446,70.2177350919883,13.5418192252446,31.7380718262744,55.9329797892753,63.8927524664583,19.7157769536481,26.1472780299186,21.3630806090437,18.1962526010298,7.95977267718307,6.43150107627052,0,1,0,1,47.5865805303225,68.9026327430671,15.0935471535422,32.7183573103485,54.7805784938306,62.2777708532741,20.4278640318388,27.214789132442,21.3160522127446,17.6248101568063,7.49719235944347,6.78692510060312,0,1,0,0,47.2841470718554,68.8052631048205,13.1252240880884,33.0282368944456,54.4438244657546,62.2837241959604,19.9974971940978,26.5309970987417,21.5211160329651,19.9030128063572,7.83989973020577,6.53349990464395,0,1,0,0
876,500,2,1,"L'Ecuyer-CMRG","10407_-420946963_2012458681_1376864215_-384047345_-1684654971_1560660052","10407_776662786_780770753_2117209328_-1873370721_-1056798963_985450697",156269809,929456650,1988023335,189040314,594099715,369201556,373729591,86.5889999999999,6.60299999999916,5.55900000000111,2.04899999999907,1.98099999999977,499.006999999998,1,NA,"81ec74a2af5f","not-a-git-build","bbd3d4119dab4c61438d29ca56ae93a0","confirmatory",627.268,29.0464374413371,8.92862355665887,27.1986761909176,1.79352293012963,46.9871553500156,21.5864736456649,843.695528033512,79.7203186165236,739.767986538388,3.21672450090077,21.1796390044244,5.13119484235451,0.016,0.305,0.37,0.968,14.8133573427737,44.4556663617923,11.0474070986339,33.8630774600178,29.8585826837772,8.42877631185067,27.9374647495215,2.33173331038465,47.7259439086195,22.1246840259199,891.534959883962,71.0442701152149,780.501936630754,5.43698023075734,21.7092793429309,4.83929321945054,0.019,0.3,0.457,0.981,15.7552714427307,45.8992655288342,11.9177759354125,36.5530724508022,31.0507339688958,8.6191372239138,27.6378172276252,1.95726875447776,47.4262963867233,21.750219470013,964.14808000714,74.2895264846564,763.848941107617,3.83090097725491,20.2563885349339,5.06828429318047,0.11,0.615,0.58,0.993,21.0863844996861,63.419126281424,14.9112643615651,48.9755489727601,28.9426155473913,9.79340838308088,26.0958649283682,0.374576814817448,45.8843440874662,20.1675275303527,837.674994724099,95.9108477577988,680.994166359636,0.140307790198785,18.5787049926157,5.68732072890289,0.098,0.645,0.515,0.999,21.7946199351823,65.3447113111168,15.8592701463381,50.5912236547504,36.9780966845712,57.2505906145851,12.0692266862646,30.6987173014632,43.5875515112849,50.579994233561,18.2025258448908,24.880677526994,20.2724939300139,18.6294906151986,6.99244272227612,6.67815168210322,0,1,0,1,38.6373904039964,57.0507100179152,13.0209342984543,33.4268340535813,44.3708854616885,50.9693868906267,18.6395655364199,25.5582800529236,18.4133196139188,20.405899755127,6.59850142893823,6.91871451650373,0,1,0,1,37.1119327093432,58.898199755236,11.9998959813949,30.9104515730044,43.4896045166233,51.0778413453104,18.2008558698807,25.2005402445224,21.7862670458928,18.9105555916095,7.58823682868711,6.99968437464174,0,1,0,1,34.7302189167593,57.2374070988965,11.4485004790349,29.7871986577653,42.2745628806116,49.5664323987049,16.7881094230537,23.5822487866489,22.5071881821372,18.3386981787304,7.29186951809328,6.79413936359521,0,1,0,1
879,500,2,1,"L'Ecuyer-CMRG","10407_-1548350433_-31780573_-1300910295_-1234772256_-1843768614_281746363","10407_1673843853_588162381_-963788694_150033038_-588348897_209611390",373729591,1707881763,2096507183,398989701,7448243,450803106,2052039552,92.8499999999985,7.55999999999767,6.13000000000102,2.96500000000015,2.125,491.879999999997,1,NA,"81ec74a2af5f","not-a-git-build","bbd3d4119dab4c61438d29ca56ae93a0","confirmatory",628.633000000002,32.1284928793601,9.26309308354491,31.4670740371264,-4.48723433451354,51.1132411872296,15.2941379382185,1032.24005469909,85.8048934744176,990.176748457993,20.1352719728372,25.838175709166,5.32153055993112,0,0.046,0.407,0.961,13.0813224846328,39.329362611139,11.6739714765304,32.9756533205417,35.663892352001,9.18215377208429,35.0001633292419,-2.73753192539708,54.6463304793452,17.043840347335,1271.91321769512,84.3119478942017,1225.01143307361,7.49408104256824,28.7721086235507,5.25670915607928,0,0.029,0.395,0.983,14.657928482618,43.3464331564924,11.7948142923325,35.0173721399758,34.3385873558722,8.70341427578242,33.462181567469,-2.54854551254834,53.1083487175722,17.2328267601837,1179.13858159687,75.7494200558932,1119.71759525426,6.49508422953027,25.8218359143469,5.08989781655097,0.004,0.281,0.563,1,18.2745485563456,55.5185996149438,15.2243972439976,49.4922951523329,34.1672730442968,8.31323581064643,33.2825646380846,-4.19327679323915,52.9287317881878,15.5880954794929,1167.40254728353,69.1098896434141,1107.72910888828,17.583570264718,25.7277179863895,4.78817615638175,0.009,0.3,0.573,1,18.982808891317,55.5620251894187,14.1822082081271,43.9218353280374,39.5277098956639,61.8600379639557,4.38298917875293,26.455592910634,47.6228007947098,54.8800331108844,11.42190890936,19.4435614977711,22.3323280682919,22.0726037318811,7.25723231617462,8.02165258841107,0,1,0,0,44.3599879005304,65.1288791393643,7.96577320909923,27.3927587495268,50.6603639590276,58.4105741029807,13.6903665615095,20.074776492388,20.7688912388339,19.4269855404275,7.75021014395311,6.38440993087853,0,1,0,1,42.9458741214361,63.3041100686823,6.45779009933032,27.3150791655585,49.6407740557049,56.7986072983225,13.8989246138309,20.7246269028338,20.3582359472462,20.8572890662282,7.15783324261754,6.82570228900281,0,1,0,1,41.3763108350364,62.9001373521388,5.22226903099642,26.346753822647,49.2522310624612,56.5716595090982,12.0405064468127,19.0436952677544,21.5238265171024,21.1244847916506,7.31942844663698,7.00318882094173,0,1,0,0
878,500,2,1,"L'Ecuyer-CMRG","10407_1906278149_-127891571_-1714631997_-1112026618_-374833124_1903497113","10407_-1308387460_669186116_529430693_1191614036_-817653982_-1235635326",594099715,369201556,373729591,1707881763,2096507183,398989701,7448243,91.882999999998,7.22899999999936,5.6260000000002,2.77699999999822,1.98800000000119,493.089,1,NA,"81ec74a2af5f","not-a-git-build","bbd3d4119dab4c61438d29ca56ae93a0","confirmatory",628.598999999998,30.2218793588354,9.19125553641806,28.9021968838489,-2.29245209196034,49.0297089863351,17.8602387619748,913.361991980003,84.4791783357356,835.336984712764,5.25533659393333,23.3610952041588,5.43547187791228,0.001,0.173,0.316,0.873,12.6996125687301,39.9927829935055,9.32618572296547,28.3647221313483,31.4359767702522,8.72451226989625,29.432482762001,-1.35597064415823,49.5599948644873,18.7967202097769,988.220635499837,76.1171143475703,866.271041535489,1.83865638781889,23.0703277517337,5.05326403908332,0.016,0.309,0.365,0.957,15.6323860891192,47.2811717347884,10.2483538988626,31.2369774795684,31.1466811277187,9.2875202200698,29.0277261916233,-1.72425787860757,49.1552382941095,18.4284329753276,970.11574527179,86.2580318382054,842.608887855854,2.97306523194029,21.5222417479155,5.32102795119755,0.027,0.503,0.399,0.989,18.6601826068787,58.6752476499918,12.2501925606592,42.1873289738326,31.4194547630482,8.6810301145347,28.5729997871674,-1.2104678893433,48.7005118896537,18.9422229645918,987.182137607233,75.3602838494584,816.416316837471,1.46523251113121,21.1740365340617,5.11017880172113,0.084,0.566,0.507,0.999,20.4318606372004,64.1115835051782,14.4578412306739,48.4150680352458,39.6669222827605,58.5649205707005,9.23773220389661,26.9810388939686,45.8929623178531,52.3606627350887,14.717585524439,21.138787557755,18.89799828794,17.743306690072,6.46770041723558,6.42120203331599,0,1,0,1,39.5703724134738,59.6903910532384,11.2658702359534,27.4862679019752,45.817123098139,53.2915818603783,15.7361688096903,21.4724264532755,20.1200186397646,16.2203976660219,7.47445876223927,5.73625764358522,0,1,0,1,38.2709787036783,60.1804819207,9.33221271897007,27.3033960532575,45.2832168511576,52.6954791415861,15.8762905272583,21.5890095344397,21.9095032170217,17.9711833342875,7.41226229042848,5.71271900718137,0,1,0,1,38.0442933162585,58.1675664966444,9.60948691277536,28.4248055996174,45.1923075946525,52.3370704494846,15.4990997251709,22.2616940181871,20.1232731803859,18.815318686842,7.14476285483206,6.76259429301619,0,1,0,1
881,500,2,1,"L'Ecuyer-CMRG","10407_-371080401_-1231064538_-29898933_-474243858_-338209861_2053947930","10407_-74402519_255373156_354243561_-1377903839_1907491162_1094452464",7448243,450803106,2052039552,1328469636,1066615838,2089721437,1114617787,87.5290000000023,7.43100000000049,5.98700000000099,2.27500000000146,2.07700000000114,498.401999999998,1,NA,"81ec74a2af5f","not-a-git-build","bbd3d4119dab4c61438d29ca56ae93a0","confirmatory",628.786,39.1367158389298,8.82944757755131,38.2242559544287,0.132417688165507,58.3344912434773,20.3103303824478,1531.68252665714,77.9591445247267,1461.09374326968,0.0175344441390975,33.0211885717235,5.12117485842919,0,0.016,0.338,0.946,12.0657447931817,36.1180386484896,9.55237072662901,30.6769301682297,40.4150066236349,8.95018604655484,39.4859773421038,0.569025969871031,59.5962126311524,20.7469386641534,1633.37276038845,80.1058302679449,1559.14240666113,0.323790554387668,33.6726163749276,5.1579545888184,0,0.016,0.399,0.958,13.3307787937481,40.5628031595218,10.8287529757486,32.5290617862857,41.0860673936751,8.98506594119848,38.7947185422732,-0.0556061871911204,58.9049538313218,20.1223065070912,1688.06493387762,80.7314099676849,1505.03018677419,0.00309204805393393,31.0963142578117,5.14609045440471,0.02,0.26,0.449,0.986,19.1864453563603,56.7078147186183,12.4348863631663,40.6686182247655,41.8266290855883,9.84521584191262,39.2978084095307,0.880739024983598,59.4080436985794,21.0586517192659,1749.46690066338,96.9282749738473,1544.31774579218,0.775701230129058,31.8501987619824,5.61976104406098,0.009,0.249,0.414,0.975,18.0074212823658,55.2238084210438,12.9898088240985,41.3827470008601,47.7948522174185,69.4133148308495,10.6860319914044,30.0075031834742,54.6719900626707,61.8953693406444,16.9505947395965,23.7605807577238,21.618462613431,19.3214711920698,7.22337927797366,6.80998601812733,0,1,0,1,48.6348054265251,69.084277516134,11.5583064137478,29.7369343373596,55.5941652015911,63.2622889564218,17.4962952311088,23.7610934210206,20.4494720896089,18.1786279236118,7.66812375483078,6.2647981899118,0,1,0,1,48.3840929818736,70.1039625452276,10.0263893995577,29.6666065620574,55.0693603784021,62.5894483043097,16.8955570461224,23.2016356678014,21.719869563354,19.6402171624997,7.52008792590753,6.30607862167898,0,1,0,1,48.5260702758894,71.2119646133154,10.3983716186995,29.5456255832103,55.2999497085755,63.3054101977298,17.9907973517787,24.526589529444,22.685894337426,19.1472539645108,8.00546048915431,6.53579217766535,0,1,0,1
880,500,2,1,"L'Ecuyer-CMRG","10407_-380456272_-1501364678_-819601792_-1242795010_-1533067131_-1028927626","10407_-1479253020_-1931772191_-1801500245_147044596_1585625458_-1204457133",2096507183,398989701,7448243,450803106,2052039552,1328469636,1066615838,86.7979999999989,5.29300000000148,6.23699999999735,2.05599999999686,2.02100000000064,509.467999999997,1,NA,"81ec74a2af5f","not-a-git-build","bbd3d4119dab4c61438d29ca56ae93a0","confirmatory",636.975999999999,27.0469723485332,10.2990522881638,25.4245251112045,-4.68865703534989,45.5768968360003,15.3224576464933,731.538713222322,106.070478034332,646.406477130266,21.9835047951361,20.1679300853595,5.98233279247014,0.011,0.292,0.365,0.893,12.8172672038808,38.6304248036846,11.0075106116258,33.1601340361378,29.6956479995883,9.51764525750515,27.8465904202519,-2.76329296642665,47.9989621450477,17.2478217154165,881.831510115452,90.5855712477102,775.432598033264,7.63578801830302,21.9668546604399,5.43686458736521,0.017,0.309,0.434,0.949,14.795652555252,43.0235177531454,12.1027272109299,36.7190066008691,28.5729634004604,11.155405858772,26.1755766738738,-4.27439433117061,46.3279483986697,15.7367203506726,816.414237484049,124.443079873926,685.160814209847,18.2704468983434,19.3338421438652,6.34305538505805,0.072,0.58,0.522,0.98,18.166362099763,57.6756690540559,16.648533260493,50.1551872373588,28.194906024341,10.774190895298,26.173985557224,-3.66925140728044,46.3263572820199,16.3418632745627,794.952725721419,116.083189448323,685.077519949772,13.4634058898295,19.1681064862517,6.11653354072704,0.056,0.581,0.493,0.994,18.6726110034012,57.836476106181,15.7450670208302,49.4907826464222,34.5101899555035,55.078851041188,5.6778254680548,24.3325158166933,42.2457417866769,48.9770230611777,11.9562935470834,18.77238075697,20.5686610856845,18.6546903486385,6.73128127450072,6.81608720988665,0,1,0,0,37.2341421014266,58.7809354059573,7.81160905758721,27.9731434678059,44.4392830348357,51.6660323121998,13.6629077729359,20.739068930105,21.5467933045307,20.1615344102186,7.22674927736412,7.07616115716917,0,1,0,1,36.0613038703952,57.2561994123282,6.1544799282905,24.699134423625,41.9860500420249,50.4926630101255,12.3370049668075,19.1952329423533,21.194895541933,18.5446544953345,8.50661296810061,6.85822797554581,0,1,0,0,32.5264128124412,58.545171030747,5.83449087306779,27.6016100761457,42.1086117966782,50.661329837436,12.2366258629525,19.8618246443472,26.0187582183058,21.767119203078,8.55271804075783,7.62519878139466,0,1,0,0
883,500,2,1,"L'Ecuyer-CMRG","10407_-2024939581_-161222173_780448642_1655584418_-1850421016_108861108","10407_240307485_-1958853615_-214770000_268078144_-1884563100_1343292725",1066615838,2089721437,1114617787,1535502238,295717517,2063043500,1279582465,89.4549999999981,7.64899999999761,6.28500000000349,3.63400000000183,2.15399999999863,502.453000000001,1,NA,"81ec74a2af5f","not-a-git-build","bbd3d4119dab4c61438d29ca56ae93a0","confirmatory",635.049999999999,24.7743098432089,8.70613757788992,23.1896896068902,-5.43909896008893,42.8238684732685,14.0704900317278,613.766428207318,75.796831525147,537.761704063911,29.5837974976404,18.010726486434,4.96838112911567,0.02,0.343,0.439,0.996,12.8675170717928,38.6480621368478,11.3148374807432,34.5066418815646,25.4074755718308,7.77526145591392,23.7998653845066,-5.13816033520456,43.4340442508849,14.3714286566122,645.53981493318,60.4546907078206,566.433592320634,26.4006916302694,18.5636912200548,4.48703888680774,0.019,0.334,0.531,1,12.8518283029768,39.1784576944763,13.0507817426727,38.5435175287149,26.425565714948,7.85937326515802,22.8926901354334,-4.81039079977557,42.5268690018117,14.6991981920412,698.310523355036,61.7697481210807,524.07526163697,23.1398596465654,16.7458124710446,4.81461077799223,0.151,0.655,0.659,1,18.8465570480153,57.6529894995752,16.4180230008667,51.2597692212773,24.256942784887,8.96617949604707,21.3256898442322,-4.67050480128114,40.9598687106105,14.8390841905356,588.399273269282,80.392374755335,454.785047332387,21.8136150987902,15.2950791525032,5.24335064413364,0.139,0.733,0.62,1,18.9805538933034,62.9735663781502,15.9696616381503,53.0168831877405,30.7323975988274,54.8910296092609,3.98710471343834,24.4560826021515,38.2151377509368,47.081809885622,10.5842526259525,17.4746660326696,24.1586320104335,20.4689778887132,8.8666721346852,6.89041340671711,0,1,0,0,33.0970253350988,53.832324830665,3.60558703786034,24.5438956823987,40.1160508332234,46.9910654524791,10.344714152052,18.0579491973448,20.7352994955662,20.9383086445384,6.87501461925577,7.71323504529283,0,1,0,0,31.6437821727186,53.8939851296113,5.09223916559796,25.0831730365032,38.6161961152296,46.4190059513058,11.1894698061366,18.334588461229,22.2502029568927,19.9909338709052,7.80280983607619,7.14511865509238,0,1,0,0,30.0588226559761,54.0516917520756,5.1857665256374,23.6003820932201,36.7594196117606,44.8387664453485,11.4208991174518,18.5459332918073,23.9928690960994,18.4146155675827,8.07934683358791,7.1250341743555,0,1,0,0
882,500,2,1,"L'Ecuyer-CMRG","10407_-1211596322_691155427_-62109461_-1618583495_1326700853_-1144561075","10407_1561184296_-100672260_966901063_571090620_-1002431359_-1421253363",2052039552,1328469636,1066615838,2089721437,1114617787,1535502238,295717517,89.2000000000007,6.54499999999825,5.58099999999831,2.04400000000169,1.97800000000279,498.228000000003,1,NA,"81ec74a2af5f","not-a-git-build","bbd3d4119dab4c61438d29ca56ae93a0","confirmatory",631.351999999999,39.6792219956303,10.8922377646536,38.5626596846593,9.25710231250121,57.8535292341491,28.5630794535815,1574.44065817851,118.640843521747,1487.07872195485,85.6939432241153,31.8866684881892,6.38262118550826,0,0.065,0.302,0.959,15.6253463040988,46.8460465676029,13.0220493183037,37.8422117743925,42.8423176457539,11.4233033635543,41.7246205609234,10.0162911004239,61.0154901104132,29.3222682415042,1835.46418125967,130.49185973579,1740.94396095303,100.326087408432,34.5666752307162,6.84217360576734,0,0.042,0.257,0.924,16.6521692635981,50.1556296514169,12.501669419863,36.4477359619568,40.1969974981013,10.9322637967208,38.6358721280183,8.82825924140069,57.926741677508,28.1342363824809,1615.79860786236,119.514391721093,1492.73061509258,77.9381612333768,29.9218753216208,6.40404101764619,0.003,0.347,0.449,0.987,20.3341999106086,63.9612334067887,16.4039097277082,49.9901102234128,40.2376268801807,12.1534765662372,38.5075987291804,8.95912258273015,57.7984682786702,28.2650997238104,1619.06661694864,147.706992646077,1482.83515988758,80.2658774523853,28.5627621191925,7.24617916895416,0.01,0.514,0.441,0.985,24.3524592608907,76.219337294378,19.3035347604667,55.5552479346036,46.8933597207716,68.7402321068358,18.9083777732843,37.8501334996487,54.5778232768532,61.5671921380719,25.3574479642731,31.9484623327041,21.8468723860642,18.9417557263643,6.98936886121875,6.59101436843108,0,1,0,0,49.8340408825279,72.2509532919032,20.5842825175745,37.7677408662926,57.4120089321083,64.465188740695,25.7758444352361,32.6111612342576,22.4169124093752,17.1834583487182,7.05317980858663,6.83531679902155,0,0,0,0,46.8526144049753,71.2833229125151,19.2359687430211,37.3541087371603,54.0038959803413,61.9984245560946,24.9261800371022,31.1387569776056,24.4307085075399,18.1181399941392,7.99452857575333,6.21257694050341,0,1,0,0,44.4569334947816,70.211712349499,18.3699623231848,38.0728985485565,53.3756353074288,62.3673428888443,24.7331057266918,31.8057483705681,25.7547788547175,19.7029362253717,8.99170758141543,7.07264264387635,0,1,0,0
885,500,2,1,"L'Ecuyer-CMRG","10407_-298286834_-1507805449_-946805774_-524436290_-1414820467_-560686170","10407_1509268461_937092810_-1649266265_951593796_-539610565_1850879397",295717517,2063043500,1279582465,168930652,1073738505,464652038,42022083,88.6399999999994,7.86700000000201,6.40100000000166,2.98799999999756,2.12299999999959,488.722999999998,1,NA,"81ec74a2af5f","not-a-git-build","bbd3d4119dab4c61438d29ca56ae93a0","confirmatory",621.925999999999,38.0668567302202,8.80424393655725,37.3969423232475,1.71434500764124,57.0974741241376,21.4314805457332,1449.08558131911,77.5147112944051,1398.5312951283,2.93897880522444,32.3048072750108,5.15340165238024,0,0.004,0.331,0.927,11.8835427613975,35.1573833265819,9.28122215187559,28.501758570776,37.1964082592417,9.24927368143018,36.5718109868179,2.1606925957761,56.2723427877079,21.877828133868,1383.57278738818,85.5490636339971,1337.49735885553,4.66859249344165,30.9768867037465,5.33777999358759,0,0.003,0.384,0.935,12.92968960172,38.9186150001285,10.7058853921537,33.2412587693103,35.9735489732484,9.70131050890636,35.2648485907035,0.682418806321412,54.9653803915935,20.3995543444133,1294.0962257307,94.115425590217,1243.60954612524,0.46569542722114,27.5156779039136,5.63448442197625,0,0.239,0.521,0.985,18.0515151515957,55.5191074798923,15.4279938688004,49.0593653137352,36.8798540680886,8.35299012080303,36.2756231068295,0.689204090070824,55.9761549077196,20.4063396281628,1360.12363608351,69.772443958233,1315.92083178875,0.475002277770352,28.9465239981564,4.84462869139328,0,0.078,0.519,0.999,16.6723220909965,51.4312642294847,13.3617801245055,43.6532193017004,46.8826926624501,65.8415131119341,13.7072318832894,29.8346520850408,53.6239076780555,60.6252794311958,18.4303244821209,24.3591624449202,18.958820449484,16.1274202017514,7.00137175314033,5.92883796279923,0,1,0,1,47.5678461545143,66.6306903562769,12.9304468020072,30.9578704994758,52.8429024300121,59.577244701495,18.7651327997656,25.0465812049377,19.0628442017627,18.0274236974686,6.73434227148289,6.2814484051721,0,1,0,1,43.0292964697791,65.7985305623807,10.1414194218253,30.9027737230296,51.2216913273055,58.6867010540469,17.4120583929663,23.6866059275587,22.7692340926016,20.7613543012043,7.46500972674136,6.27454753459243,0,1,0,1,45.7944350120316,67.1043887565101,11.161138607805,30.0009751649717,52.1316067149127,59.868872436535,17.0473411451811,23.5630112719036,21.3099537444785,18.8398365571667,7.73726572162231,6.51567012672247,0,1,0,1
884,500,2,1,"L'Ecuyer-CMRG","10407_-1316199236_-1583736534_626831885_-1647116069_1217172018_1718335593","10407_-1868316819_-1110522641_2130948912_179487114_-1538589714_588682228",1114617787,1535502238,295717517,2063043500,1279582465,168930652,1073738505,90.4269999999997,5.98099999999977,5.7019999999975,2.04899999999907,3.37700000000041,490.393,1,NA,"81ec74a2af5f","not-a-git-build","bbd3d4119dab4c61438d29ca56ae93a0","confirmatory",622.204000000002,34.4889701289748,10.9424661929806,33.5724389929494,9.13917617558347,53.5632921223087,29.2329678014997,1189.48906055732,119.737566384522,1127.10865993531,83.5245411683525,27.9481423447743,6.52546780121138,0,0.047,0.274,0.938,12.9821125627723,39.1968022791614,11.5089827245931,34.3468436768925,35.076388230594,12.3226042729212,33.9571614086246,11.0263728097446,53.9480145379839,31.1201644356608,1230.35301130336,151.846576067017,1153.08881093139,121.580897339475,27.9407395348615,7.4140394615165,0,0.079,0.226,0.958,13.7438561301618,42.6693131377588,13.5414727688043,39.937720220503,34.7889007226027,14.2944579679273,33.5085001583192,11.2496165624983,53.4993532876785,31.3434081884144,1210.26761348711,204.331528596839,1122.81958286008,126.553872803235,25.9290579367695,8.39654863781658,0.004,0.333,0.345,0.97,16.8637108582716,56.3833708750878,17.4005233353709,53.3865432403744,35.3152364635088,13.3698762500247,33.8906113575958,10.3485241011887,53.8814644869551,30.4423157271049,1247.16592647354,178.753590940976,1148.5735381916,107.091951072883,25.8004623057794,7.74088240940112,0.007,0.366,0.447,0.986,18.6233451858791,60.5974234248761,18.8956659912342,55.7959034852029,43.5292537981362,64.1727175981496,20.535062180919,37.5650971371743,49.4274560270462,57.4089987113018,25.9377265038782,32.3107393315667,20.6434638000134,17.0300349562552,7.98154268425561,6.37301282768849,0,0,0,0,42.7164137007431,64.1172846613427,20.5539231979185,40.7664395435139,49.9958579301616,57.757427960819,27.7634297522077,34.544667007484,21.4008709605996,20.2125163455954,7.76157003065739,6.78123725527628,0,0,0,0,42.8078965805844,63.6907081093344,21.2290945485131,41.1344384960227,49.9179387006915,57.2991757566219,28.031351069027,34.5710001894858,20.88281152875,19.9053439475096,7.38123705593048,6.53964912045881,0,0,0,0,43.6610162633206,64.4430245048809,19.7679788400751,41.3685886783188,49.9275026274938,57.6893872841005,26.7041845799258,34.0176694291131,20.7820082415603,21.6006098382437,7.76188465660677,7.31348484918722,0,1,0,0
887,500,2,1,"L'Ecuyer-CMRG","10407_201043062_-1373698526_-1695658193_-876373243_1569864433_-621003299","10407_-1485733211_-2084338839_-1674278171_1131348010_1652005095_457881335",1073738505,464652038,42022083,1674871782,117757398,705423258,57618481,87.3830000000016,6.86899999999878,7.27900000000227,2.4910000000018,2.08300000000236,476.089,1,NA,"81ec74a2af5f","not-a-git-build","bbd3d4119dab4c61438d29ca56ae93a0","confirmatory",607.834999999999,27.5210477133687,10.8851660962086,26.5172258328741,7.76101528919408,46.5464627988083,27.9196976291739,757.408067241515,118.486840942049,703.163265871648,60.2333583191043,20.9458271159197,6.23247528815155,0.001,0.221,0.366,0.95,13.0262210677568,40.1151155437039,12.0039855572911,37.4483834022426,29.7182177702763,12.1610233352877,28.7001268858773,8.06157048976346,48.7293638518115,28.2202528297432,883.172467441565,147.890488561411,823.69728326546,64.9889187614251,22.7666960947481,6.8938859723395,0.001,0.183,0.419,0.928,13.8270517593712,42.5150743670957,13.9102537626809,41.555385888562,28.149264442717,12.7060488194865,27.0659814873269,8.36531152482837,47.095218453261,28.5239938648082,792.381088666012,161.443676603173,732.56735387232,69.9784369074264,20.5405223281501,7.18029805636984,0.001,0.354,0.573,0.982,14.9087390363041,48.8291838873432,19.596900304847,59.4361090384143,31.1043735296858,14.2459588084912,29.8004345418441,9.54072620356063,49.8296715077782,29.6994085435404,967.482052674217,202.947342373227,888.065898882736,91.0254564913084,22.416147196252,7.73192737360664,0.001,0.404,0.435,0.936,16.8840805967826,54.8308517914612,16.468700355665,52.0834063267449,36.626650857326,57.0945585723087,19.4267563698726,35.9840141175997,42.9188182935881,49.9223276596787,25.3336113333727,30.7969230740898,20.4679077149827,16.5572577477271,7.0035093660906,5.46331174071716,0,1,0,0,38.3899892973236,61.4787414706324,18.4121498009637,38.4469471778823,44.7960150295676,52.2113568794488,24.6172463339573,31.3112674956455,23.0887521733088,20.0347973769186,7.41534184988119,6.69402116168823,0,1,0,0,36.6514565597675,57.6872183693218,18.4433657251033,38.7210223031722,43.4600866837337,51.0650076441906,24.8291365185489,32.1023362015533,21.0357618095544,20.2776565780689,7.60492096045692,7.27319968300441,0,1,0,0,39.3568286526585,60.061571309273,20.3315949166282,38.8556408724158,45.9747317324334,53.392952595062,26.5943783376879,32.9090312382594,20.7047426566145,18.5240459557876,7.41822086262866,6.31465290057147,0,0,0,0
886,500,2,1,"L'Ecuyer-CMRG","10407_-601978320_-1534451848_-1341139319_-226817971_347612374_-1734935598","10407_1946220905_-1279271964_-792465349_462478549_1069975488_106481595",1279582465,168930652,1073738505,464652038,42022083,1674871782,117757398,88.1990000000005,6.65399999999863,5.27000000000044,2.22499999999854,2.00500000000102,482.687000000002,1,NA,"81ec74a2af5f","not-a-git-build","bbd3d4119dab4c61438d29ca56ae93a0","confirmatory",612.977999999999,44.8736455090498,15.1603858168385,44.1023450935541,12.2166306101024,64.4798854696633,32.6426647819783,2013.64406127186,229.837298115398,1945.01684275093,149.246063463692,38.9942619130507,9.47785218007368,0,0,0.279,0.687,11.8645657860333,35.587425858403,11.8990984260844,34.767256251561,46.8695240630666,15.4363161006583,45.987522124458,12.0525653766827,66.3650625005672,32.4785995485585,2196.75228589838,238.279854759444,2114.85219114752,145.26433215921,40.2455079443441,9.55188861108611,0,0,0.298,0.699,13.2126048768722,40.2248663450403,12.5176773609322,37.3166832504394,48.5873108533293,17.0480798195755,47.4866475760183,12.7244748114961,67.8641879521275,33.1505089833719,2360.72677595805,290.637025534617,2254.98169800896,161.912259228398,40.5415629120591,10.1218639300525,0,0.007,0.346,0.863,15.5542451660691,48.8341910784737,18.1466361708602,54.1845327608501,48.1182458281396,17.8805394067466,47.0387288758002,12.3308550727202,67.4162692519094,32.7568892445961,2315.36558157728,319.713689476219,2212.64201425104,152.049986824431,39.3226676983283,10.6777730451455,0,0.032,0.346,0.807,17.466110551747,54.2729474871964,17.7028989864816,53.1823394164474,54.6565419538589,74.2733415713443,23.2527857567629,41.8529499611337,61.0079119902529,67.9285443380733,29.2388019044977,35.8610451685726,19.6167996174854,18.6001642043708,6.92063234782043,6.62224326407497,0,0,0,0,56.7315761858046,77.0415930627179,23.4205580999238,41.587197968165,63.0055147791735,69.759138246283,29.4913779160248,35.5494719898832,20.3100168769133,18.1666398682411,6.75362346710958,6.05809407385843,0,0,0,0,57.044090876025,78.3180708994639,23.9645591240463,43.2559839128531,64.1903541329034,71.6142433185218,29.6058830139534,36.4987828921511,21.2739800234389,19.2914247888069,7.42388918561846,6.89289987819767,0,0,0,0,58.6205168065244,78.5864394628789,23.9252516043844,41.2825418546119,63.8063033794647,70.5624002665164,29.7682275592263,35.8619945894113,19.9659226563545,17.3572902502275,6.75609688705178,6.09376703018504,0,0,0,0
889,500,2,1,"L'Ecuyer-CMRG","10407_2125123327_-282975723_758908_-247347856_2064762142_1968168192","10407_1582079701_-1271095707_981200360_-1735980273_-321283646_-380232251",117757398,705423258,57618481,226211757,1819036584,1362730621,1011446204,93.0699999999997,6.96299999999974,6.62799999999697,3.49600000000282,2.31599999999889,514.084999999999,1,NA,"81ec74a2af5f","not-a-git-build","bbd3d4119dab4c61438d29ca56ae93a0","confirmatory",654.021999999997,39.6222551206127,7.44461428081527,38.7765740562055,1.13912971262584,58.7725020068879,21.1970716590252,1569.92310084292,55.4222817901186,1503.62269553639,1.29761650218703,33.0337378343331,4.28319137905615,0,0.021,0.525,0.995,13.3952135993506,40.0374165612827,12.1371861955007,35.8163519035851,42.1016260304445,7.17613736227581,41.0935449637114,2.47615640479294,61.0894729143938,22.5340983511923,1772.54691440741,51.4969474422508,1688.67943768457,6.13135054099709,34.4646746042073,4.18769313115193,0,0.042,0.608,0.999,15.2572646343189,46.4611092213934,13.3493303118574,39.2402369898162,42.8615054332446,9.21846415559986,40.805851195103,3.0306132036122,60.8017791457854,23.0885551500116,1837.10864800406,84.9800813880795,1665.11749175689,9.18461638990861,31.7971746679926,5.48567224618475,0.006,0.241,0.668,1,22.1323615228471,64.5844356206318,18.5973762341482,54.6811429663872,41.2594920823488,9.20415637931308,39.905881540187,1.86448512339442,59.9018094908694,21.9224270697938,1702.34568689341,84.7164946548497,1592.47938149944,3.47630477535911,31.0425127673967,5.50157743684211,0.002,0.213,0.658,0.999,20.671406067228,63.7539345370057,18.0161994992016,55.1351423453148,47.9938275519528,69.9254992907048,11.2428488501522,30.4548465017153,54.8888353304258,62.6023349398478,17.8971189537165,24.5348673993368,21.931671738752,19.211997651563,7.71349960942203,6.63774844562034,0,1,0,1,50.3712722479545,72.47521308763,12.6049035458955,31.4539140964399,57.5451952966126,64.8882830360822,18.9944100893412,26.183240861066,22.1039408396755,18.8490105505444,7.34308773946963,7.18883077172481,0,1,0,1,49.0345200559145,71.0890548169776,13.3472334521916,33.4305481232491,56.8033633031915,64.4323920382606,19.4902184481743,26.523331892094,22.0545347610631,20.0833146710575,7.62902873506907,7.03311344391974,0,1,0,1,49.4437241664476,71.5302422330732,12.1718826165782,31.6243793862762,56.2035715775054,63.5411757598544,18.3281105239034,25.2656092264147,22.0865180666256,19.452496769698,7.337604182349,6.93749870251124,0,1,0,1
888,500,2,1,"L'Ecuyer-CMRG","10407_804220409_1919248373_-333046416_720598344_-159495535_-6287022","10407_771920411_1449202531_723484677_-1301486483_-1334709784_1975009266",42022083,1674871782,117757398,705423258,57618481,226211757,1819036584,94.018,7.37900000000081,5.31999999999971,2.62899999999718,2.07099999999991,520.239000000001,1,NA,"81ec74a2af5f","not-a-git-build","bbd3d4119dab4c61438d29ca56ae93a0","confirmatory",657.483,35.1035208565182,7.75493754571249,34.0045515035882,-2.51133024634875,54.2131380601425,17.6282222766623,1232.25717652401,60.1390563379012,1156.30952296018,6.30677960622605,27.5104263412692,4.43520807767543,0,0.157,0.629,0.995,15.5999671411255,45.6491317497663,13.9199832234797,40.2692632599544,36.3151662752164,8.6681393638835,35.0393357520876,-1.83886780746336,55.2479223086419,18.3006847155477,1318.79130159661,75.1366400317067,1227.75504994752,3.38143481332509,28.8550602360602,4.93059097535445,0,0.115,0.611,0.996,14.7851699277439,43.2269856629372,15.1215929804448,44.0454361966925,36.4476216045215,9.46337748076068,33.6417627180125,-2.33105309865618,53.8503492745668,17.8084994243549,1328.42912062639,89.5555133433683,1131.76819877506,5.43380854875458,25.8293817772544,5.64952872376748,0.059,0.408,0.72,0.999,20.8326708716889,62.1317861833683,20.0580815986715,58.7632045338936,37.6057916950837,9.45037184679969,35.9658379199372,-1.25773968813904,56.1744244764915,18.8818128348721,1414.19556901402,89.3095280427841,1293.54149728319,1.58190912312008,27.648857182725,5.46226212032498,0.005,0.353,0.668,0.996,20.1486000926662,62.0121325523913,17.6436035952919,54.3054354104089,45.0351874052438,63.5698764785213,8.15213836848025,26.4304107718488,50.7005253207223,57.560790634917,14.4137941434928,20.5907952678694,18.5346890732775,18.2782724033686,6.86026531419472,6.17700112437653,0,1,0,1,45.8784051881972,64.3964436010727,9.71301206250498,27.2664300922861,51.8845178896062,58.4283064050635,15.2430884343142,20.9246113509066,18.5180384128755,17.5534180297811,6.54378851545738,5.68152291659236,0,1,0,1,42.4742409959992,64.748631656775,8.30366792142142,26.5475553889684,50.00885769017,57.6191519432797,14.5475165231724,21.0308049322776,22.2743906607758,18.243887467547,7.61029425310971,6.48328840910521,0,1,0,1,45.627048065947,66.192199045737,9.1518100479285,27.1916122220083,52.8500410867959,59.5022623761052,15.979714107292,22.2570505945883,20.56515097979,18.0398021740798,6.65222128930923,6.27733648729627,0,1,0,1
891,500,2,1,"L'Ecuyer-CMRG","10407_1252393014_-455892603_912543142_-192204275_392022639_1851456522","10407_441520219_1038340734_1164512700_1330963288_1622529772_1598328729",1819036584,1362730621,1011446204,1356043343,632790793,1171106644,1592068213,85.3129999999983,6.15599999999904,7.40899999999965,2.47100000000137,3.68399999999747,490.682000000001,1,NA,"81ec74a2af5f","not-a-git-build","bbd3d4119dab4c61438d29ca56ae93a0","confirmatory",619.804999999997,28.3594995959591,12.7299448739455,27.3391359781772,-10.8600876540431,47.0771789971695,8.80061695003135,804.261217333205,162.051496493692,747.428356033263,117.9415038535,21.6481053706808,7.86487644327239,0,0.182,0.223,0.772,13.2565734811749,40.8257888485287,10.8615330958848,33.317498084963,30.8518661588192,12.6242013211914,29.2810392316605,-10.5318953002173,49.0190822506527,9.12880930385715,951.837645481691,159.370458997971,857.379258486039,110.92081861474,23.1138142602108,7.63329712687044,0.009,0.259,0.304,0.856,14.9572424902842,44.786396827419,12.3249117481896,37.3729616678971,31.874473505486,11.6052323460581,30.1475361586807,-9.75326749788845,49.885579177673,9.90743710618604,1015.98206125193,134.681417805994,908.873936438958,95.1262268853671,23.1575550333588,6.77413121860525,0.017,0.366,0.461,0.997,16.9682153579424,52.3711604485081,18.0171579695667,55.254066005054,30.8314631119627,11.3344620051405,29.2901746059734,-8.69914412526524,49.0282176249657,10.9615604788093,950.579117624318,128.470028945974,857.914328448409,75.6751085121367,22.3574566045906,6.54557629392571,0.016,0.401,0.479,0.945,16.6195097169534,52.3487936624919,14.9182508133704,47.97101280046,36.3488346714194,57.9534138183346,-0.448223308371547,19.4859616081116,42.9030831337901,51.0814369821868,5.73522444627554,12.2812792296953,21.6045791469152,19.9341849164832,8.17835384839663,6.54605478341979,0,0,0,0,38.1249115701051,60.0702677623194,-0.816026162636335,19.441726772085,45.2843716341105,52.8989684411567,5.44330592217514,12.8581463542997,21.9453561922143,20.2577529347213,7.61459680704621,7.41484043212458,0,0,0,0,39.5757073951285,60.3419793330395,0.00531060332709802,19.1848309772273,46.3896111628886,53.2444794970148,6.8567597469921,13.2202595433163,20.766271937911,19.1795203739002,6.85486833412614,6.3634997963242,0,0,0,0,37.2234096698025,59.5738257391604,1.87290993530955,19.963727509575,45.2647011614128,52.963181259066,7.49444453031967,14.1333606310235,22.3504160693578,18.0908175742655,7.69848009765324,6.63891610070387,0,1,0,0
890,500,2,1,"L'Ecuyer-CMRG","10407_-1548025731_1294357559_-2067156905_969252279_1612608164_1514824041","10407_134068456_1177788539_-1470676404_1099477909_1163811614_973857457",57618481,226211757,1819036584,1362730621,1011446204,1356043343,632790793,85.5480000000025,6.34400000000096,5.11899999999878,2.00799999999799,2.0010000000002,494.014999999999,1,NA,"81ec74a2af5f","not-a-git-build","bbd3d4119dab4c61438d29ca56ae93a0","confirmatory",620.999,36.064125978918,10.5175876483372,35.0461188735384,-4.97927519918078,55.0207879954686,14.7207673403792,1300.62118262327,110.619649940455,1228.23044809819,24.7931815091768,29.8860980801127,6.18929742166181,0,0.052,0.322,0.823,11.8607569481583,36.2410050278116,9.44143109751903,30.7482443544157,38.149162680434,10.6155020229452,37.1710688364074,-4.9245972580777,57.1457379583376,14.7754452814823,1455.35861321822,112.688883199154,1381.68835844094,24.2516581542664,31.7991790357541,6.16066127569018,0,0.02,0.388,0.886,12.435338810731,37.4316904192805,11.5564826482024,34.8910100394515,37.1595714043133,10.32002156254,36.1134660187769,-3.28219981239979,56.0881351407071,16.4178427271602,1380.83374695226,106.50284505129,1304.18242788936,10.7728356085172,29.0671755729274,5.91397750025328,0,0.165,0.418,0.968,14.4268748040599,51.9473879693617,12.8795124544377,42.6608876025736,37.0031235660332,10.4840600755354,35.9530927226144,-3.75818786300519,55.9277618445446,15.9418546765548,1369.23115364312,109.915515667435,1292.62487632091,14.1239760136395,29.3156844353348,6.00643908255076,0,0.165,0.413,0.95,14.5944497881027,47.8678558513323,12.6203240741023,40.7335960325866,44.1947059155433,64.6265006520735,5.30945742509362,24.5923839627689,51.5521308451234,58.9261221416889,11.6041360463475,17.9028497586774,20.4317947365303,19.2829265376753,7.37399129656549,6.29871371232989,0,1,0,0,47.2693918856357,67.4397759486257,4.9976714695541,25.0329270714795,53.5553085771971,60.5381789410242,11.6509933701765,18.3491993952721,20.17038406299,20.0352556019255,6.98287036382712,6.69820602509555,0,1,0,0,45.1970452730258,66.1276306583537,6.37548107498472,27.7890059108245,52.3231102798693,59.9650149437813,13.1184276949527,19.7094366141208,20.9305853853279,21.4135248358397,7.64190466391202,6.59100891916814,0,1,0,1,45.2895204933426,66.5060776155784,6.33661818546011,26.1099996492376,52.2065675943775,59.775707871491,12.6901134863168,19.1328790921366,21.2165571222358,19.7733814637775,7.56914027711349,6.44276560581987,0,1,0,0
893,500,2,1,"L'Ecuyer-CMRG","10407_-795920889_2068171618_-1529677579_1912144634_-1616597261_1508366958","10407_-1787521286_-158479461_879261100_1098905086_1163913382_103163705",632790793,1171106644,1592068213,1710250573,428991178,1249780866,1390346459,82.75,6.16500000000087,7.63799999999901,2.54599999999846,3.48800000000119,490.25,1,NA,"81ec74a2af5f","not-a-git-build","bbd3d4119dab4c61438d29ca56ae93a0","confirmatory",617.492000000002,33.918760457793,7.07691027046775,32.8818119505716,5.73913769378376,52.8791837225808,25.7323976033973,1150.48231099314,50.082658976252,1081.21355715275,32.9377014682095,26.9281872129816,4.21478349945807,0,0.076,0.566,1,14.2349482308772,41.4128016586271,13.7903466572916,39.8081188795444,35.6717577520009,8.36812495487308,34.5590171260457,6.74740157194547,54.5563888980549,26.740661481559,1272.47430111744,70.0255152603696,1194.32566471832,45.5274279730922,28.4698266537447,4.88531036908464,0,0.066,0.49,0.997,14.0090465576553,42.5327208960708,13.6404510544083,40.7235821153076,36.4642565483096,12.4446507950332,34.6953864304508,6.96987279322218,54.6927582024601,26.9631327028357,1329.64200562094,154.869333410321,1203.76983955831,48.5791267536988,26.6218988202222,7.23684981138829,0.009,0.336,0.575,0.955,19.3133757223971,59.3051108392845,18.7552506456655,58.6855061013877,35.2111709577741,12.302222508633,34.1066937860922,5.71390532355448,54.1040655581014,25.707165233168,1239.82656021759,151.344678651917,1163.26656101826,32.6487140465443,25.7016647226608,7.07767945569478,0.001,0.361,0.517,0.93,19.1331384133387,62.4226829092797,14.2263159990719,48.5218442304998,41.4942843653731,64.5133284525212,15.282997514494,35.1260514686426,48.8490621343839,57.1740908753364,22.0075344372498,29.6947198217874,23.0190440871482,19.8430539541486,8.32502874095244,7.68718538453761,0,1,0,0,42.2080249117704,65.6093564407499,16.770116935872,37.2712158943689,50.7414968267417,58.3686248584521,23.2397747391397,30.1277589117445,23.4013315289795,20.5010989584968,7.62712803171039,6.88798417260482,0,1,0,0,42.2574067651639,66.9181905365451,17.0922046172158,38.4394368713259,50.748641582854,59.0862149966302,23.1464546698321,30.5903886625198,24.6607837713812,21.3472322541101,8.33757341377621,7.44393399268771,0,1,0,0,43.1759960980192,65.4764120232458,16.3614805678419,35.1704804785764,50.0240111484864,58.1539984354174,22.2532719572768,29.2189324471567,22.3004159252265,18.8089999107345,8.12998728693103,6.96566048987999,0,1,0,0
892,500,2,1,"L'Ecuyer-CMRG","10407_2037299106_567344695_1953263282_-229640252_250310144_324790160","10407_-849855481_-1183629790_-898326371_1509084133_-1947492520_208377450",1011446204,1356043343,632790793,1171106644,1592068213,1710250573,428991178,83.3650000000016,6.84799999999814,5.25799999999799,2.61599999999817,2.00799999999799,491.201999999997,1,NA,"81ec74a2af5f","not-a-git-build","bbd3d4119dab4c61438d29ca56ae93a0","confirmatory",615.513999999999,34.2150461291252,8.42556660136419,33.1004350391043,2.24858142583619,53.314391463331,22.537782119497,1170.66938161816,70.9901725540237,1095.63879977796,5.05611842861552,27.5893980860726,4.82904335806296,0,0.113,0.398,0.975,12.5199692209623,38.9489558506528,10.6671719644106,32.4484318950385,33.5810114149735,7.46940493498647,32.095183287001,1.93273368863741,52.3091397112278,22.2219343822982,1127.68432765258,55.7920100828003,1030.10079022619,3.73545951119398,26.3022900170875,4.31943335371256,0.003,0.168,0.58,0.999,13.8433096620328,41.3333433018938,12.8372057743861,37.9267395442242,34.7505549440644,11.0639416299616,33.0614517269271,1.67646456931229,53.2754081511538,21.9656652629731,1207.60106892044,122.410804391196,1093.05959029193,2.81053345215943,25.1895714217675,6.36152583252439,0.011,0.416,0.506,1,18.9443047197327,59.249102736688,17.7540881074114,52.7273433658059,34.7107037104023,12.2690094626489,33.2930658489683,2.60267247146571,53.507022273195,22.8918731651265,1204.83295207134,150.528593194567,1108.42823362374,6.77390399372542,26.0497049686692,7.11086098397805,0.003,0.302,0.479,0.967,17.1199697894492,53.1340369238506,17.5891668994519,52.9026855247734,42.6010223076201,64.6043376502024,13.1781436673439,32.1196273911751,49.6630211421032,56.9976798708895,19.2188330376573,25.8415350600173,22.0033153425823,18.9414837238312,7.3346587287863,6.62270202236008,0,1,0,1,42.9555756918407,61.9605345448753,12.5204690681206,30.9354062514085,49.2812708582989,55.4712343370753,19.2623438783005,25.202316827411,19.0049588530346,18.4149371832878,6.18996347877639,5.93997294911049,0,1,0,1,42.4406752849015,63.8517525497307,12.6439349346341,32.486375401888,49.6130269062604,57.1378581640757,18.1316877551558,25.1508008001018,21.4110772648292,19.8424404672539,7.52483125781534,7.01911304494597,0,1,0,1,43.0024126871593,63.7159652227533,13.4063675995949,32.875083458578,49.6136295526329,56.850069785643,19.8983465550872,26.3305416853459,20.7135525355941,19.4687158589831,7.23644023301013,6.43219513025871,0,1,0,1
895,500,2,1,"L'Ecuyer-CMRG","10407_-247797504_60240691_913784969_-1304405645_1611077898_-1302719588","10407_1598670529_587510240_-2083506190_-1464441064_-1019811899_710798010",428991178,1249780866,1390346459,2013856287,88224569,1183412016,2057963143,85.5020000000004,6.18499999999767,7.30599999999686,2.51499999999942,2.91399999999703,520.588,1,NA,"81ec74a2af5f","not-a-git-build","bbd3d4119dab4c61438d29ca56ae93a0","confirmatory",648.992000000002,39.6314650948887,8.56462083103318,38.5043124125665,-3.130048048715,58.8429542338982,17.1356170788079,1570.65302556738,73.3527299793675,1482.58207436453,9.79720078726456,32.2917087585266,4.89567297823377,0,0.096,0.38,0.974,14.3257933414266,43.8408865562244,10.0829359226069,31.517234714567,40.9371916400216,7.67452645227442,39.8512565773165,-1.10469063829666,60.1898983986482,19.1609744892262,1675.85365937185,58.8983562666598,1588.12265079111,1.22034140634028,33.3378622046302,4.38052339233786,0,0.076,0.452,1,15.0678534468367,45.6006700369851,11.2245104020551,34.3112908418157,40.5981128998571,7.62651179351035,39.3787944068727,-2.56129280294092,59.7174362282044,17.7043723245819,1648.20677102955,58.1636821365524,1550.68944893875,6.56022082239695,31.3775777817114,4.43651096042631,0.002,0.263,0.558,1,17.8437354287199,58.7694833756708,12.720013268631,43.1347912594812,39.8835035056586,7.97559829638347,38.8248590901256,-2.49608376917957,59.1635009114573,17.7695813583433,1590.69385188588,63.6101681852749,1507.36968336811,6.23043418276171,30.6756223747554,4.79314300080618,0.001,0.274,0.593,1,17.9165980315082,59.8360020741748,14.9865329536312,46.3252035065199,49.3185600615051,69.3529655547629,7.23309211763038,26.2792088334309,54.8197055632384,62.9398126353826,14.1053388964773,19.9347540783949,20.0344054932578,19.0461167158005,8.12010707214415,5.82941518191754,0,1,0,0,49.1494182887616,71.7328083540656,9.05426186047604,28.84497066062,56.4081983688972,64.2967144860493,15.5256724744688,22.9499680896989,22.583390065304,19.7907088001439,7.88851611715207,7.42429561523008,0,1,0,1,46.9322742741131,70.8617383023469,8.57796694382537,27.758969101933,55.9526363311652,63.6791208090114,14.3765218212651,21.1896374608713,23.9294640282338,19.1810021581076,7.72648447784616,6.81311563960629,0,1,0,1,47.6468469061277,70.0404809620573,7.3146068383471,28.0552418772171,55.3321914405953,62.9595725091443,14.4468538192906,21.2851854070489,22.3936340559297,20.74063503887,7.62738106854904,6.83833158775825,0,1,0,1
894,500,2,1,"L'Ecuyer-CMRG","10407_-588497878_-632082228_620669965_1738779344_1942309024_-190722770","10407_655865220_-1801854533_1745520397_-792661897_620611493_421486255",1592068213,1710250573,428991178,1249780866,1390346459,2013856287,88224569,85.8769999999968,6.64799999999741,5.19499999999971,2.68600000000151,1.99699999999939,514.231000000003,1,NA,"81ec74a2af5f","not-a-git-build","bbd3d4119dab4c61438d29ca56ae93a0","confirmatory",641.989999999998,31.2137883010543,9.66153161585935,30.3099418899595,-5.63889214937211,50.3631660937349,14.3848430045374,974.300580103037,93.3451931642497,918.692577372724,31.7971046722504,24.279866170087,5.52987192844961,0,0.153,0.418,0.934,14.5857705224025,42.3477896256772,11.4494296842497,33.753815686429,33.3636764559199,8.93622002791121,32.1673242634333,-4.0403145316381,52.2205484672086,15.9834206222714,1113.1349066553,79.8560283872415,1034.73675026886,16.324141514566,25.8174319466442,5.0922625131284,0,0.142,0.524,0.963,14.9990019642315,45.1370876920941,13.1170475489834,38.3000195251646,33.7506865672368,11.5259224873591,32.3955392865754,-5.03904043589978,52.4487634903508,14.9846947180097,1139.10884375986,132.846889184611,1049.47096566805,25.3919285146331,24.0096897981453,6.66596748527442,0.013,0.489,0.614,0.987,21.0390490458742,63.324901240228,19.8543572773237,58.8851413268141,33.7328849326022,9.28884802144286,32.668800406461,-4.44182332386148,52.7220246102364,15.581911830048,1137.90752587618,86.282697565463,1067.25051999719,19.7297944403998,23.8711057126943,5.59298687876404,0.008,0.529,0.676,1,21.899748542644,66.2193382897523,18.6230441422037,57.8787775387254,39.1826637604798,61.6026767560621,3.84310727939413,24.2261285764581,46.0403211584998,54.6642312839121,11.1277391979081,17.7857597380998,22.4200129955824,20.3830212970639,8.62391012541237,6.65802054019169,0,1,0,0,41.7746579571537,64.8203558468459,6.34376432710931,25.8210217774244,47.69423178065,56.3553520317702,12.0777999267792,19.657216856085,23.0456978896922,19.4772574503151,8.66112025112021,7.57941692930577,0,1,0,0,41.1809465019111,63.3144138154146,4.64577222701072,25.1122751691106,48.6400159959832,56.5417642002311,11.2398599109933,18.7937225174148,22.1334673135035,20.4665029420999,7.90174820424789,7.55386260642149,0,1,0,0,41.1535505466339,64.8461076591324,5.73855832454662,26.1865455751961,48.7194142275713,56.4525345036317,12.0590469786429,18.9187956414785,23.6925571124985,20.4479872506495,7.73312027606032,6.85974866283561,0,1,0,0
897,500,2,1,"L'Ecuyer-CMRG","10407_-1778345298_-1406264558_910635057_-1954374581_359225905_1723998337","10407_-1727508483_301628008_-2106533794_-1069212352_-1299744429_-1996478777",88224569,1183412016,2057963143,378446468,1819687583,672071281,997341294,88.619999999999,7.54799999999886,6.14099999999962,3.44000000000233,2.09499999999753,486.888999999999,1,NA,"81ec74a2af5f","not-a-git-build","bbd3d4119dab4c61438d29ca56ae93a0","confirmatory",617.554,48.4125091689484,7.12895686796306,47.8603778993367,1.16650760469157,67.7067569237154,21.137936708858,2343.77104403351,50.8220260252776,2290.61577266732,1.36073999180327,42.6331886035968,4.08348729894492,0,0,0.472,0.999,12.1347770468031,36.6657647594916,10.7076116142272,33.1553275591635,51.1357915809942,6.67633203435105,50.5568819075065,3.15677041627342,70.4032609318852,23.1281995204398,2614.86918061488,44.573409432902,2555.99830820955,9.96519946105909,44.7219013256841,3.93752162530074,0,0,0.668,0.992,13.2990170660188,40.8060351391201,12.8133398380839,37.9057152154071,49.9868347129967,6.15901847381995,49.3870950763598,0.859167500128788,69.2334741007385,20.8305966042952,2498.68364462445,37.9335085608554,2439.0851600814,0.73816879327755,42.02085460502,4.22769552572848,0,0.003,0.824,1,15.6839501656524,52.5353855533206,17.4576397321141,52.6078071360478,49.582897170476,5.9102588550482,49.0961759379252,1.24981162391255,68.9425549623039,21.2212407280789,2458.463691818,34.9311597336756,2410.43449172771,1.56202909526692,41.5533901135687,4.06171935430038,0,0.018,0.841,1,16.7104149910635,53.0651034505527,16.8802944310636,51.0967866977982,56.6376225736464,77.0917649040052,10.9052113850931,32.5469457629648,64.4396446816537,71.4098699800194,17.5837229718334,24.6274984552804,20.4541423303589,21.6417343778717,6.97022529836565,7.04377548344695,0,1,0,1,60.0418031096604,81.8924853781839,14.9694105396596,32.7906638210982,66.8385927755275,73.8879116118557,19.7169045343214,26.2626126689822,21.8506822685235,17.8212532814386,7.0493188363282,6.54570813466073,0,1,0,1,57.3427435141529,80.2803101605458,10.7545485623059,30.6029501324972,65.450503765224,72.9880947922864,17.5011599699595,24.2321828680643,22.9375666463929,19.8484015701913,7.53759102706243,6.73102289810481,0,1,0,1,58.4566936631823,80.1308375185378,10.1460728511906,31.20896117766,65.2321854618655,72.7779442049698,17.9917665084856,24.5299978654076,21.6741438553555,21.0628883264694,7.54575874310427,6.53823135692201,0,1,0,1
896,500,2,1,"L'Ecuyer-CMRG","10407_-493216812_-780151186_1047278557_662190038_1684580555_-48573249","10407_1944551051_-1298167493_-1430698930_209404181_-47750251_23380064",1390346459,2013856287,88224569,1183412016,2057963143,378446468,1819687583,88.1860000000015,5.24699999999939,6.76800000000003,2.01900000000023,2.34200000000055,499.460999999999,1,NA,"81ec74a2af5f","not-a-git-build","bbd3d4119dab4c61438d29ca56ae93a0","confirmatory",627.629000000001,44.6909554923628,9.86080035784203,43.9165652998344,3.93585384224315,63.6881382865003,23.6481814793345,1997.28150282035,97.2353836972175,1928.66470773462,15.4909454675002,38.3070735707511,5.84805325348624,0,0,0.333,0.826,12.8834613271069,39.3112524392812,9.47513709015498,28.3540644855569,44.6681969791406,9.87217447270685,43.780593612547,4.09258930942139,63.5521665992129,23.8049169465127,1995.24782136731,97.4598288195648,1916.74037706699,16.7492872555903,37.5823273389871,5.73801936252438,0,0.003,0.376,0.892,14.5829315477585,42.7020010874732,10.8543109110229,31.7551761895181,46.6058600910328,10.4786947548493,45.1787455570567,4.99546363069846,64.9503185437226,24.7077912677898,2172.10619482492,109.803043765305,2041.11905010927,24.9546568856311,36.5712181684298,5.99708878321451,0,0.165,0.483,0.984,20.7863452089333,60.6571565022316,14.3772880765292,45.0087509508475,44.9991372224562,10.1146123314296,43.7361453811477,4.21322601586544,63.5077183678136,23.9255536529568,2024.92235076544,102.305382615107,1912.85041280089,17.7512734607653,35.8087425241564,5.81212842637784,0,0.146,0.451,0.958,17.7276271301734,56.6081523088332,13.2230962319039,41.3526011544845,53.5957343778258,74.8228014482831,14.4395210867277,31.9444227231127,59.5633316039325,67.1469676111138,20.7848321367672,26.7908768791045,21.2270670704573,17.504901636385,7.58363600718131,6.00604474233728,0,1,0,0,54.0022403268544,73.7106732536008,13.3956718373165,33.0255364514357,60.3187304432131,66.8033699475045,20.5462309424775,27.3364859400387,19.7084329267464,19.6298646141193,6.48463950429145,6.79025499756119,0,1,0,0,53.3948673112652,75.6564342289267,15.9648245136775,33.9357198044572,61.2857914607236,68.5220955598509,21.1663535189496,28.3029968183523,22.2615669176614,17.9708952907797,7.2363040991273,7.13664329940272,0,1,0,0,52.6033984794123,74.2832200549923,14.9519370159884,33.951898104324,59.9846329566171,66.6004207194001,20.4441769280275,27.0708683202864,21.67982157558,18.9999610883355,6.61578776278302,6.62669139225895,0,1,0,0
899,500,2,1,"L'Ecuyer-CMRG","10407_1522852154_-1979420980_-424575806_-112732960_-1235077018_245784866","10407_1512702059_1794718601_-1947615521_2094066663_-828201883_-2147287771",1819687583,672071281,997341294,940284513,1211466802,16286708,1401991103,89.385000000002,7.78800000000047,6.39000000000306,2.52700000000186,2.4890000000014,480.458999999999,1,NA,"81ec74a2af5f","not-a-git-build","bbd3d4119dab4c61438d29ca56ae93a0","confirmatory",614.553,34.5031163902644,7.80839270718853,33.7531442584697,-2.66519202623805,53.6347250165758,17.4696364527317,1190.46504064013,60.9709966696751,1139.27474733306,7.10324853672288,28.6130984534783,4.44489804463413,0,0.007,0.443,0.979,11.0828437691675,36.9724646136597,10.1440059769531,31.7051595948203,36.5320769225828,7.38701180876493,35.7054523485641,-1.3294384428953,55.5870331066702,18.8053900360744,1334.59264427751,54.5679434628326,1274.87932741558,1.76740657344787,30.1595358955714,4.22877457576596,0,0.011,0.533,0.998,12.7717799388054,39.1641315790201,12.0144982305406,35.2298180112765,36.841611658274,8.52104350735666,35.971220713894,-1.14880884398037,55.8528014720002,18.9860196349893,1357.30434957907,72.6081824542651,1293.92871964768,1.31976176000751,27.9217063526358,4.9713834190498,0,0.199,0.538,0.998,17.4265830631945,58.7821469862276,14.0618093288593,46.9960348362991,35.2478001467993,7.92759575954975,34.4433516307015,-1.61283402608508,54.3249323888077,18.5219944528846,1242.4074151887,62.8467745268312,1186.34447155615,2.6012335956978,27.2968076700933,4.60234012437621,0,0.114,0.542,1,15.3385355965662,50.7220711056537,12.8318306406012,42.4087151469279,43.1182214181994,63.4274667859488,8.52236168060567,27.5724703763826,49.805086125671,57.5284050067227,14.1940291202911,20.5199760631654,20.3092453677495,19.0501086957769,7.72331888105169,6.32594694287431,0,1,0,1,44.3458469127043,66.1516212468318,10.1831808761441,27.1463239752764,51.7222858455491,59.6162138566433,15.9598797464035,21.8394850826546,21.8057743341275,16.9631430991323,7.89392801109415,5.87960533625112,0,1,0,1,44.5480653348406,66.2797696431994,9.12751699921809,28.0951763054923,52.0276670061258,59.7477481407505,15.6726687068894,22.1685460724196,21.7317043083589,18.9676593062742,7.72008113462467,6.49587736553019,0,1,0,1,41.6324083749744,66.8291826297832,9.27416058837289,27.6947264284743,50.0987781098183,58.376885515109,15.2268436159407,22.2305221925358,25.1967742548088,18.4205658401014,8.27810740529075,7.00367857659507,0,1,0,1
898,500,2,1,"L'Ecuyer-CMRG","10407_-584515046_494799306_1339963237_-1618234040_2103765666_2134267452","10407_1295078130_-1943830592_-1774317768_1557789208_-721727123_-349679893",2057963143,378446468,1819687583,672071281,997341294,940284513,1211466802,88.4330000000009,5.26900000000023,6.90700000000288,2.01199999999881,2.020999999997,465.969000000001,1,NA,"81ec74a2af5f","not-a-git-build","bbd3d4119dab4c61438d29ca56ae93a0","confirmatory",594.608,43.7036524568774,11.2187747428359,42.8115027546981,-6.73885314352452,62.7934968603674,13.1048337214469,1910.00923807152,125.860906730493,1832.82476811552,45.4121416899903,37.438338549419,6.68999650201277,0,0.001,0.313,0.768,12.7119300591524,37.0965276222163,9.07600752710653,29.4407790980301,45.7175188766727,11.0681144521293,44.6253162702334,-6.76710531405881,64.6073103759028,13.0765815509126,2090.09153223892,122.503157525435,1991.41885221836,45.793714331563,38.4443675741686,6.45622249825369,0,0.016,0.39,0.824,14.3444919893339,43.2910333556518,10.9392356937127,32.7090180509341,44.5512117350356,11.3552570962511,43.2840110259862,-6.64676718091688,63.2660051316556,13.1969196840545,1984.81046705997,128.941863721961,1873.5056104977,44.1795139573138,34.9743046470451,6.48388900235518,0,0.171,0.422,0.935,18.6539423091809,59.7936152731854,12.5274001432569,42.4136918470649,46.2459959663645,11.0828633092353,45.1003159243579,-6.04402741312354,65.0823100300273,13.7996594518478,2138.692142921,122.829859131195,2034.03849647689,36.5302673705888,37.520646888385,6.38011071726034,0,0.074,0.37,0.901,16.5039598187837,53.6217932549035,11.1090938682029,38.761390508317,51.5951146269969,72.6077202745527,3.59513567047676,22.6323499045771,59.0323391855983,66.6083742271931,10.0262865385516,16.1354500055526,21.0126056475559,19.0372142341004,7.5760350415948,6.10916346700098,0,1,0,0,52.6204377073571,75.7710500859869,4.04346440470607,22.9170883302007,60.7778224563805,68.6280844732307,9.63256095732252,16.106089998285,23.1506123786298,18.8736239254946,7.85026201685024,6.47352904096249,0,1,0,0,51.7263831749428,74.6154523270365,2.95089417145626,22.8012453862047,59.7374112299776,67.2214569927855,10.0705534492442,16.4088387445308,22.8890691520936,19.8503512147485,7.48404576280794,6.33828529528659,0,1,0,0,52.9883420734104,75.9202921493619,4.418320801468,23.5355222354183,61.0012247133003,69.0731789402576,10.360625940221,16.831090734442,22.9319500759515,19.1172014339503,8.07195422695726,6.47046479422092,0,1,0,0
