"seed","n","dgp","seed_cell_master","rng_kind","seed_data_hash","seed_fit_hash","model_seed_propensity","model_seed_mvbcf","model_seed_bcf1","model_seed_bcf2","model_seed_bart1","model_seed_bart2","model_seed_mvbart","fit_seconds_mvbcf","fit_seconds_bcf1","fit_seconds_bcf2","fit_seconds_bart1","fit_seconds_bart2","fit_seconds_mvbart","converged_flag","error_message","hostname","git_sha","session_hash","seq_phase","replication_seconds","mvbcf_pehe1","mvbcf_pehe2","mvbcf_bias1","mvbcf_bias2","mvbcf_ate1","mvbcf_ate2","mvbcf_crmse1","mvbcf_crmse2","mvbcf_atesq1","mvbcf_atesq2","mvbcf_crps1","mvbcf_crps2","mvbcf_cov501","mvbcf_cov951","mvbcf_cov502","mvbcf_cov952","mvbcf_wid501","mvbcf_wid951","mvbcf_wid502","mvbcf_wid952","bcf_pehe1","bcf_pehe2","bcf_bias1","bcf_bias2","bcf_ate1","bcf_ate2","bcf_crmse1","bcf_crmse2","bcf_atesq1","bcf_atesq2","bcf_crps1","bcf_crps2","bcf_cov501","bcf_cov951","bcf_cov502","bcf_cov952","bcf_wid501","bcf_wid951","bcf_wid502","bcf_wid952","bart_pehe1","bart_pehe2","bart_bias1","bart_bias2","bart_ate1","bart_ate2","bart_crmse1","bart_crmse2","bart_atesq1","bart_atesq2","bart_crps1","bart_crps2","bart_cov501","bart_cov951","bart_cov502","bart_cov952","bart_wid501","bart_wid951","bart_wid502","bart_wid952","mvbart_pehe1","mvbart_pehe2","mvbart_bias1","mvbart_bias2","mvbart_ate1","mvbart_ate2","mvbart_crmse1","mvbart_crmse2","mvbart_atesq1","mvbart_atesq2","mvbart_crps1","mvbart_crps2","mvbart_cov501","mvbart_cov951","mvbart_cov502","mvbart_cov952","mvbart_wid501","mvbart_wid951","mvbart_wid502","mvbart_wid952","mvbcf_ate_l951","mvbcf_ate_u951","mvbcf_ate_l952","mvbcf_ate_u952","mvbcf_ate_l501","mvbcf_ate_u501","mvbcf_ate_l502","mvbcf_ate_u502","mvbcf_ate_wid951","mvbcf_ate_wid952","mvbcf_ate_wid501","mvbcf_ate_wid502","mvbcf_ate_cov951","mvbcf_ate_cov952","mvbcf_ate_cov501","mvbcf_ate_cov502","bcf_ate_l951","bcf_ate_u951","bcf_ate_l952","bcf_ate_u952","bcf_ate_l501","bcf_ate_u501","bcf_ate_l502","bcf_ate_u502","bcf_ate_wid951","bcf_ate_wid952","bcf_ate_wid501","bcf_ate_wid502","bcf_ate_cov951","bcf_ate_cov952","bcf_ate_cov501","bcf_ate_cov502","bart_ate_l951","bart_ate_u951","bart_ate_l952","bart_ate_u952","bart_ate_l501","bart_ate_u501","bart_ate_l502","bart_ate_u502","bart_ate_wid951","bart_ate_wid952","bart_ate_wid501","bart_ate_wid502","bart_ate_cov951","bart_ate_cov952","bart_ate_cov501","bart_ate_cov502","mvbart_ate_l951","mvbart_ate_u951","mvbart_ate_l952","mvbart_ate_u952","mvbart_ate_l501","mvbart_ate_u501","mvbart_ate_l502","mvbart_ate_u502","mvbart_ate_wid951","mvbart_ate_wid952","mvbart_ate_wid501","mvbart_ate_wid502","mvbart_ate_cov951","mvbart_ate_cov952","mvbart_ate_cov501","mvbart_ate_cov502"
600,500,2,1,"L'Ecuyer-CMRG","10407_1613969792_-774563798_1805461729_-1453619928_-1933950763_875157927","10407_-603615255_-2114746662_1101345789_880942347_490438093_312934502",1116325357,1424370545,1336401170,1007391010,784119284,140011322,1775535254,80.968,5.22499999999999,6.78100000000002,1.91,1.89500000000001,485.254,1,NA,"569e972f86b1","not-a-git-build","bbd3d4119dab4c61438d29ca56ae93a0","confirmatory",607.408,34.1835946655483,5.70172040993715,33.1273012701919,0.130910476319624,53.2640270257398,20.2816186177833,1168.5181442585,32.5096156330939,1097.41808944606,0.0171375528102308,27.900063653942,3.52539199479404,0,0.04,0.722,1,11.9049134125223,36.7033158714533,12.8675275420967,37.7126195313928,36.3557410822268,7.49488103565636,35.3686796323274,1.06954424140927,55.5054053878752,21.2202523828729,1321.73990963791,56.1732417386414,1250.94349893421,1.14392488433173,30.0328213024239,4.4529964586782,0,0.021,0.617,1,12.3820945189847,37.3003650324189,14.4591404857784,41.6196571268818,34.6126602322188,9.66737192428215,33.6056948318685,1.26863848581366,53.7424205874163,21.4193466272773,1198.03624835102,93.4580799223987,1129.34272513267,1.60944360768759,26.9627842530699,5.80174916449822,0,0.164,0.686,0.993,13.9961593115497,48.6083636629788,19.6530966980857,58.0953358280183,34.1547979897761,8.76533274051333,33.2493814706025,-0.113035038921662,53.3861072261504,20.037673102542,1166.55022572241,76.831058051915,1105.52136817764,0.0127769200240217,25.3270919466373,5.36962660076469,0,0.301,0.703,1,17.9216702817931,58.0143886360955,19.2694730422201,55.6014071750397,43.3769704035015,63.1315892697576,11.105779597858,29.7075899959668,50.0435006898983,56.526871595967,16.6617928709023,23.8216970979839,19.7546188662561,18.6018103981088,6.48337090606871,7.15990422708165,0,1,0,1,44.4005023243417,66.1544297751568,11.2004617481343,31.2562002098858,51.9998252689176,59.1403105448499,18.1606333245006,24.4267501978515,21.7539274508151,20.0557384617515,7.1404852759323,6.26611687335083,0,1,0,1,42.7928920194159,65.800471442526,12.0817784939692,31.2324387245524,49.8123356800512,57.2762551006429,18.2197963881358,24.5372894394812,23.0075794231101,19.1506602305831,7.46391942059174,6.31749305134545,0,1,0,1,41.9546732072783,65.508646637537,10.8815035585331,29.1435457407302,49.4023860357513,57.5659321752733,16.8678628153015,23.4658519922435,23.5539734302586,18.2620421821971,8.163546139522,6.59798917694206,0,1,0,1
601,500,2,1,"L'Ecuyer-CMRG","10407_1256315059_156782931_734358996_-647505778_-809253811_-1446191010","10407_2112355305_983347324_69179300_-2123496629_914975157_-616244634",1336401170,1007391010,784119284,140011322,1775535254,1666566850,1042729456,79.971,5.32799999999999,6.81100000000001,1.93199999999999,1.923,491.311,1,NA,"569e972f86b1","not-a-git-build","bbd3d4119dab4c61438d29ca56ae93a0","confirmatory",612.257,36.8884791209257,7.41704229861236,36.1731869115117,0.143493895378505,55.8744398020297,19.8465730792835,1360.75989185497,55.012516459405,1308.49945133516,0.0205904980108973,30.8034403100437,4.24677288275812,0,0.005,0.403,0.992,11.9524606488407,38.1534296163933,9.90751988799913,30.2814100189438,38.1018376594666,7.40620041197847,37.3681543867823,0.976311339718833,57.0694072773004,20.6793905236239,1451.75003302834,54.85180454239,1396.3789622744,0.953183832063583,31.5592318648549,4.24931954175718,0,0.006,0.475,1,12.9652075109949,41.1145496395983,10.9767889185739,34.0336430847071,38.7868838602886,6.36146232810384,38.0382304574904,0.981797555345285,57.7394833480085,20.6848767392503,1504.42235959152,40.4682029518843,1446.90697633715,0.963926439681977,31.6244470007562,4.08553658101281,0,0.023,0.761,1,13.4201917999974,46.0915810147174,15.5408332725388,47.9586521589664,38.6335852955264,6.5595429715339,37.9529733570012,1.41940197507167,57.6542262475193,21.1224811589767,1492.55391278672,43.0276039953997,1440.42818663724,2.01470196683736,30.1611501137654,4.20509170295571,0,0.08,0.765,1,16.9910572073421,56.3352073412394,15.5274016931444,49.6951345690507,44.8799227482522,66.387569988906,10.6834918091683,27.7552807861861,52.0443450264411,60.2605639245813,16.7750699619563,22.9740099673706,21.5076472406538,17.0717889770178,8.2162188981402,6.19894000541429,0,1,0,1,46.5221760283639,66.6924233988902,9.62894541106716,30.8078011733288,53.4105147910568,60.7231205225889,17.1503480087782,24.1700366165235,20.1702473705263,21.1788557622616,7.31260573153212,7.01968860774524,0,1,0,1,46.3995967186495,68.3935902389715,11.1591296033151,30.7564192615562,54.2000834745205,61.4515827632767,17.4775023773726,23.8316843094168,21.993993520322,19.5972896582411,7.2514992887562,6.35418193204417,0,1,0,1,46.7307006810949,69.1046297618973,11.6307887214495,30.9263984563826,53.7126388369789,61.5859276144669,17.7321492235707,24.1617103385915,22.3739290808024,19.2956097349332,7.87328877748794,6.42956111502081,0,1,0,1
602,500,2,1,"L'Ecuyer-CMRG","10407_2129140401_-375744754_-2052802166_807117236_-2010534313_-496010419","10407_1940329254_1203970940_-1409214718_126187680_1488121068_594520307",784119284,140011322,1775535254,1666566850,1042729456,1590229409,1694356719,85.942,6.99299999999994,5.1110000000001,2.80399999999997,1.89099999999996,477.815,1,NA,"569e972f86b1","not-a-git-build","bbd3d4119dab4c61438d29ca56ae93a0","confirmatory",602.231,38.351132459191,14.6672380570942,37.0166476503084,11.9535316453146,56.914856333881,31.9131805781378,1470.80936090241,215.127872223471,1370.23220326708,142.886918795537,30.4045741018003,9.16851514847852,0,0.103,0.256,0.704,15.5753587308619,46.3616824554233,12.1821464729254,35.5622407795718,39.2354098020959,14.8273251163361,37.4455351544935,13.1950029092386,57.343743838066,33.1546518420618,1539.41738233841,219.849570105532,1402.16810300641,174.108101774814,29.9753757335288,9.31235120594683,0.007,0.203,0.184,0.798,18.2748136721237,53.6382723311092,13.1220688420396,38.2107072779225,40.8687974526466,15.8305691256478,37.3044628577881,13.3455303012301,57.2026715413606,33.3051792340533,1670.25860522545,250.606918841914,1391.62294910809,178.10317902105,28.2807325200194,9.29204238120098,0.073,0.487,0.282,0.94,24.5378574652742,72.3295604476902,17.1133715811003,54.8210163433615,40.2025941592846,17.7165217843184,37.3053917350902,14.1828267311503,57.2036004186627,34.1424756639735,1616.24857713614,313.87514413423,1391.69225250853,201.152574085832,27.5725484762995,10.3197182629431,0.052,0.522,0.345,0.91,26.0600277389874,77.7177044866597,19.433556872307,57.5442769067907,45.73630772539,67.6922386415958,22.6686906453511,41.9588337905405,53.18621988251,60.8328510100613,28.7538165067224,34.8906060192423,21.9559309162058,19.2901431451895,7.64663112755133,6.13678951251994,0,0,0,0,42.9177815812325,70.3874018212362,23.9993932492305,42.3804078897505,52.9825497525798,61.499899793383,29.7514063758857,36.4070929485823,27.4696202400038,18.38101464052,8.51735004080317,6.65568657269662,0,0,0,0,45.3056251574235,68.7144586040977,23.9963095813317,42.6661136040784,53.1805513129821,61.0271186570185,29.8564441802778,36.404061126623,23.4088334466742,18.6698040227466,7.8465673440364,6.54761694634521,0,0,0,0,45.4530899702816,68.6989742146218,24.6966662522224,43.6189614393926,52.7887283412515,61.4859510931286,30.6933467689506,37.2932378971265,23.2458842443401,18.9222951871702,8.69722275187707,6.59989112817588,0,0,0,0
603,500,2,1,"L'Ecuyer-CMRG","10407_1513031917_1408887054_-406946859_285370230_-2040154141_-1161074243","10407_-1645548603_-1905220620_-948967022_614164314_1872687755_-827069588",1775535254,1666566850,1042729456,1590229409,1694356719,1721690967,887661547,85.395,5.21199999999999,6.28200000000004,1.9620000000001,1.928,477.416,1,NA,"569e972f86b1","not-a-git-build","bbd3d4119dab4c61438d29ca56ae93a0","confirmatory",600.655,39.1458167216683,9.26237459203092,37.7685105924278,2.94883434808204,57.8277726198531,23.0459053631883,1532.39496680645,85.7915830830999,1426.46039237033,8.69562401242842,31.83700450987,5.40056578910311,0,0.075,0.329,0.909,14.2374943241679,41.222011361648,9.53457534584079,29.1098730263606,40.6656249763175,9.36237942668046,39.3707583171072,3.05111523990573,59.4300203445325,23.148186255012,1653.6930547145,87.6541485291295,1550.05661046406,9.30930420718502,32.7697937894789,5.43311187230678,0,0.086,0.369,0.937,15.899751114419,45.92264170991,10.5389234874795,32.2046496946805,41.1096343320476,10.4176076803453,39.2321421836222,4.48470872680898,59.2914042110475,24.5817797419152,1690.00203491467,108.52654978159,1539.16098031595,20.1126123643166,30.8890495983821,5.99561423447691,0.003,0.29,0.431,0.955,19.8705774528458,61.1015357304047,13.1034961651611,42.653527552567,40.47654824656,10.3564612226149,37.8744565020663,3.27449788215872,57.9337185294916,23.3715688972649,1638.3509579561,107.256289055526,1434.47445532691,10.7223363802619,29.5609761125539,6.0097259713246,0.036,0.369,0.493,0.989,21.1062906863563,64.2096549345608,15.5271108911484,50.0728625508046,46.3755887962635,69.725938849703,14.0048162402047,31.9503386805439,54.198462875909,61.3545598935611,19.8449754450442,26.0056532874662,23.3503500534394,17.9455224403392,7.15609701765209,6.16067784242203,0,1,0,1,48.188365308071,69.5657117544419,14.1694817359466,33.0603033910298,55.80542977405,63.0806950906911,19.6412352299487,26.6716351513212,21.3773464463709,18.8908216550832,7.27526531664111,7.03039992137252,0,1,0,1,47.6134381095262,70.938118668249,15.6503994032848,33.4394875748499,55.3058344191219,63.6480475045583,21.6371983307422,27.4904904131758,23.3246805587228,17.7890881715651,8.34221308543648,5.8532920824336,0,1,0,0,47.3353899163558,69.1288212986174,14.4053423951251,32.5700076433166,53.3620829496554,62.3972504431906,20.1390554296975,26.3415345949378,21.7934313822617,18.1646652481916,9.03516749353525,6.20247916524028,0,1,0,0
604,500,2,1,"L'Ecuyer-CMRG","10407_-1277507871_417043239_-138176585_323585100_-677566464_-825017379","10407_841065313_-1306848008_-660462206_762648178_-1903536276_1754370374",1042729456,1590229409,1694356719,1721690967,887661547,519417643,758815793,84.222,5.096,6.6110000000001,1.94200000000001,1.87300000000005,466.106,1,NA,"569e972f86b1","not-a-git-build","bbd3d4119dab4c61438d29ca56ae93a0","confirmatory",589.399,41.4297232687483,6.10866398088917,40.6009940648944,-1.45672015624607,60.4134179145134,18.2274564436166,1716.42197012507,37.3157756314127,1648.44071905759,2.12203361361359,35.3377525689071,3.55287914906259,0,0.01,0.616,0.999,11.8869348126448,37.0143348687688,11.0764369566969,33.22199591679,43.6697117229502,5.53799411326611,42.7720545771144,-1.41700417566573,62.5844784267334,18.267172424197,1907.04372196558,30.6693787985701,1829.44865274765,2.00790083385411,37.0509982963345,3.38595546464788,0,0.012,0.715,1,13.1095911196825,39.8767235856552,12.1636586233901,35.7734582642901,42.5739207758214,4.66173436898803,40.9873291734258,-2.03388979507769,60.7997530230448,17.650286804785,1812.53873022592,21.7317673270042,1679.96115277076,4.13670769852117,33.476637682184,3.70529901690455,0,0.169,0.94,1,17.8430783709798,53.8564622584944,17.0658944086717,51.429458266807,41.8526286268338,5.8264121893543,40.8726485194493,-0.809488332258763,60.6850723690683,18.8746882676039,1751.64252297566,33.9470790002564,1670.57339699444,0.655271360063073,33.9884892802186,3.87678830638659,0,0.1,0.797,1,15.6772598053441,48.4834327488421,14.9024924007704,47.3798261992633,50.6322904635202,71.2901196226448,8.55378782710534,26.7090406870122,56.8939157257569,64.0718046027946,15.1281736548103,21.1990246724169,20.6578291591247,18.1552528599068,7.1778888770377,6.07085101760665,0,1,0,1,52.5381868886848,72.2991323566393,9.82141517363272,26.9390375054225,59.0656897834529,66.125656227551,15.1879320502729,21.420990849605,19.7609454679545,17.1176223317898,7.05996644409809,6.23305879933209,0,1,0,1,49.7545292876741,71.5785664186553,7.3912899695231,26.7320682985378,57.7151274323634,64.3222285963472,14.4640469148972,21.004690031656,21.8240371309812,19.3407783290147,6.60710116398378,6.5406431167588,0,1,0,1,49.9154411388754,71.1734874156224,7.95054918285099,28.4768211884238,57.5903719770097,63.9017431411325,15.7017501160818,22.1554408918484,21.258046276747,20.5262720055728,6.31137116412275,6.4536907757666,0,1,0,1
605,500,2,1,"L'Ecuyer-CMRG","10407_-1172222933_1426356406_1502101025_1931638128_787253618_-1884887126","10407_248040369_-1253422_1848541411_-576039730_87210640_-779467457",1694356719,1721690967,887661547,519417643,758815793,985691094,2132249802,84.748,5.25800000000004,5.34199999999987,1.94499999999994,3.19600000000014,474.145,1,NA,"569e972f86b1","not-a-git-build","bbd3d4119dab4c61438d29ca56ae93a0","confirmatory",597.208,38.4873602439264,9.49143001316924,37.4457547165522,-2.33383645253448,57.5918551643934,17.8397069721946,1481.27689854577,90.0872436948899,1402.18454629219,5.44679258717873,31.2394377328677,5.46308593330282,0,0.047,0.377,0.951,14.6695873246328,43.3187796678387,11.1694021786771,36.005856919408,42.1054151182758,10.4378784792423,41.1766992854457,0.452501573032272,61.3227997332869,20.6260449977613,1772.86598228233,108.949307147431,1695.52056404403,0.204757673596681,34.1705814084365,5.97864893602217,0,0.024,0.435,0.958,16.5118115618166,48.811534289862,13.642966663254,40.0773098094328,44.2963324510139,11.2371088813722,41.6127224936444,-0.396897753202602,61.7588229414856,19.7766456715264,1962.16506861074,126.272616011813,1731.61867333306,0.157527826497273,32.5978630864467,6.44853753319543,0.012,0.31,0.485,0.976,22.5428183548068,66.3247169980298,16.8450899520459,52.2717368211523,41.1415058077759,11.1913186811225,39.9235144720308,-0.839854589061297,60.069614919872,19.3336888356677,1692.62350013126,125.245613822441,1593.88700779845,0.705355730767319,31.4902377634412,6.45404601171272,0.001,0.201,0.519,0.975,19.8857678471707,60.5374853069661,17.4300621492647,54.0146750895237,47.6538283400446,68.9488047986698,8.87936280078059,28.654629593846,53.8366748364501,60.8691258062758,14.4353909705385,21.1736623553335,21.2949764586252,19.7752667930654,7.03245096982562,6.73827138479508,0,1,0,1,50.7073268257363,72.2390961317579,10.8147989355854,30.4262454427542,57.8176153558319,64.9705787654582,17.2212178917587,24.0167613647053,21.5317693060216,19.6114465071687,7.15296340962624,6.79554347294662,0,1,0,1,51.356808173179,73.2030592052474,10.0629838445971,30.7733148860065,57.8749355706516,66.0514978623751,16.2196527889169,23.1419415051673,21.8462510320684,20.7103310414094,8.17656229172353,6.92228871625038,0,1,0,1,48.5587801295374,70.5443969067012,8.17734690981127,29.9428367896433,56.3484282001628,64.0406613056795,15.8530606601521,22.8075434946859,21.9856167771638,21.765489879832,7.69223310551667,6.95448283453389,0,1,0,1
606,500,2,1,"L'Ecuyer-CMRG","10407_553687000_2041218919_-214835622_-790640215_1186925069_-1967396813","10407_940976648_-2086331621_1798605382_-222915449_1911604309_859778269",887661547,519417643,758815793,985691094,2132249802,2000883933,993761747,82.5830000000001,5.93599999999992,6.923,1.93299999999999,1.85199999999986,458.335,1,NA,"569e972f86b1","not-a-git-build","bbd3d4119dab4c61438d29ca56ae93a0","confirmatory",582.711,38.1558617099354,8.99571545981364,37.4015018611183,5.93689604613185,57.4903407465119,26.1788706338473,1455.86978282772,80.9228966339301,1398.87234146724,35.246734662576,32.258733216164,5.1404374362252,0,0.002,0.393,0.987,11.8290864772796,35.8587048218731,11.3334452485896,33.5220671412715,38.5954525022133,9.20436183626232,37.7186720142364,6.63510583230314,57.80751089963,26.8770804200185,1489.6089538506,84.7202768128423,1422.69821851754,44.0246294058631,32.1096417418081,5.27454213116587,0,0.02,0.439,0.989,12.8544415117655,39.4038318116808,12.7804160290331,37.4069737365723,39.3532656983907,12.8462980384206,38.4234174182272,6.10111648533515,58.5122563036207,26.3430910730506,1548.67952112813,165.027373291929,1476.35900609532,37.2236223676283,30.4112363283088,7.49466926450715,0,0.172,0.591,0.949,18.1624156281563,57.5867114468454,20.578242599513,58.4891945621458,39.300121909474,13.743915467394,38.2614472202567,7.14084388604424,58.3502861056502,27.3828184737596,1544.49958209952,188.895212374873,1463.93834338849,50.9916514048554,30.1111727357896,7.89671282296468,0,0.172,0.551,0.947,18.648534093135,58.5616126396147,19.8459116514522,58.0124124835732,46.7900679970823,68.2228094388122,17.0185654039335,35.2538652947118,53.7890789954754,61.2721171387565,23.1140439971692,29.2999893150015,21.4327414417299,18.2352998907783,7.48303814328114,6.18594531783233,0,1,0,0,47.7325604245561,68.3371053133611,16.457926734008,35.4361996767819,54.2761962480004,61.0747571380496,23.6296608304092,30.2878839351259,20.604544888805,18.9782729427739,6.79856089004918,6.65822310471674,0,1,0,0,47.991660543926,68.6455160775106,16.9052894693342,36.5821388811803,54.9732918280537,61.9985360137991,22.9400726424465,29.4225703986081,20.6538555335846,19.6768494118461,7.02524418574531,6.48249775616156,0,1,0,0,47.5980171496852,69.9449601431413,17.7322712611281,36.2421878364941,54.3916918629351,62.2726624226596,24.2721955358822,30.7305310686355,22.3469429934561,18.509916575366,7.88097055972444,6.45833553275323,0,1,0,0
607,500,2,1,"L'Ecuyer-CMRG","10407_-1139023873_-1544332987_2096662178_-215955334_-1618721405_-1308644714","10407_1772529531_-379262349_-967779631_1811625071_1621152213_1480261118",758815793,985691094,2132249802,2000883933,993761747,2144135500,1491962782,82.837,5.53399999999988,5.27200000000016,2.09799999999996,1.83799999999997,459.725,1,NA,"569e972f86b1","not-a-git-build","bbd3d4119dab4c61438d29ca56ae93a0","confirmatory",580.263,36.3679115163568,8.80890312764813,35.5119015069226,-3.26713236258411,55.9576157956837,17.1878814679852,1322.62498806156,77.596774312289,1261.09514863737,10.6741538746444,30.2181884941455,5.10613402315302,0,0.008,0.379,0.892,12.4921058840913,37.2929017958162,9.58043190998296,29.2466718779346,37.8413552811884,9.06115265344232,36.9089053658185,-2.70855384497645,57.3546196545796,17.7464599855929,1431.96816951712,82.1044874089849,1362.26729530295,7.33626393113673,30.7304915768413,5.21673788339233,0,0.028,0.394,0.939,14.2515057832148,43.1565241855673,10.7189000791973,32.9773788804078,36.5155743841584,8.95811834424664,35.5857400790231,-2.7297623503776,56.0314543677842,17.7252514801917,1333.38717260501,80.2478842695281,1266.34489697179,7.45160248953903,28.3077043636479,5.25313322991514,0,0.192,0.578,0.999,15.4277343638037,53.2152405185947,15.6422375576472,48.9853595364162,38.7543559539754,8.79407472498989,37.7694179660768,-2.31050532600215,58.2151322548378,18.1445085045672,1501.90010540743,77.3357502687059,1426.5289334962,5.33843486148432,31.0109247211178,5.09653649040508,0,0.051,0.465,0.975,13.8956002171473,49.0114315635691,12.2283546166339,41.1560177493318,45.7819226672355,66.635012676833,8.24681169551056,26.1314835785997,51.9128813366382,59.888391130767,14.282389607178,20.4357511848919,20.8530900095974,17.8846718830892,7.97550979412885,6.15336157771391,0,1,0,0,47.2532113151958,67.5857356649282,8.37866698337975,26.5855004878832,54.040928779615,60.836690869942,14.8111714624126,20.6654511664725,20.3325243497324,18.2068335045034,6.79576209032695,5.85427970405988,0,1,0,1,46.3749649396122,66.0215233966579,8.39083837532911,27.609511786007,52.7351945445137,59.3882139200688,14.2867216743454,21.0226792142486,19.6465584570457,19.2186734106779,6.65301937555515,6.73595753990318,0,1,0,1,48.5611174181021,68.1126590594704,9.02694469260372,26.9287721991751,54.4042383010759,62.0047219023221,15.1913421854463,21.1702001043046,19.5515416413683,17.9018275065714,7.60048360124618,5.97885791885824,0,1,0,1
608,500,2,1,"L'Ecuyer-CMRG","10407_-1375065090_-1674232268_1883275782_-598303438_-388050018_-1200774966","10407_1480601116_1309175318_1896614647_-1773145339_-1464897298_1625789401",2132249802,2000883933,993761747,2144135500,1491962782,1483640018,231249138,84.0610000000001,7.36299999999983,5.02300000000014,3.18799999999965,1.90200000000004,461.745,1,NA,"569e972f86b1","not-a-git-build","bbd3d4119dab4c61438d29ca56ae93a0","confirmatory",584.552,29.0490758098297,6.61873468833313,28.2150247576383,-2.82255970536232,48.2185850270855,17.2812132135351,843.848805405231,43.8076488745443,796.087622074142,7.966843290335,22.4919942709121,4.0028631898536,0,0.149,0.682,1,13.3641148439889,40.4637141784931,13.8462906433289,40.5579942640471,31.5269450923789,8.61905311947672,30.3812697100962,-3.07856708663454,50.3848299795434,17.0252058322629,993.948266857873,74.2880766763615,923.021549197611,9.4775753069095,24.6381881247772,4.97222647904773,0,0.125,0.586,0.984,13.5023274348821,40.7667460999454,14.6636727573626,42.6338018397026,29.5439008356723,11.3346611961201,28.2006535684052,-3.17379698945513,48.2042138378524,16.9299759294423,872.842076588035,128.474544430831,795.276861685207,10.0729873302744,21.0331514388556,6.66981870737184,0.01,0.485,0.525,0.989,16.8747059028958,54.5802834975587,19.0530124255133,56.5388097695181,30.8849767673972,11.2759297956946,29.7677514826534,-3.32889626054595,49.7713117521006,16.7748766583514,953.881789922662,127.146592757433,886.119028333013,11.0815503134768,21.8644633003251,6.67652880845441,0.006,0.484,0.463,0.988,19.0437390150546,60.0866626287248,18.2192627375811,54.3238291068287,38.2932359646227,58.3130086904359,7.9350126623701,27.1757005727878,44.5147302106662,51.3714516529698,13.7845434327519,20.7872849062921,20.0197727258132,19.2406879104177,6.85672144230362,7.00274147354022,0,1,0,1,40.5717028704391,60.2672741936518,8.32756117654061,25.4420721004788,46.9941654429258,53.9312431828468,14.0062967786006,19.8956885053171,19.6955713232127,17.1145109239381,6.93707773992109,5.88939172671648,0,1,0,0,38.4489937443764,58.0250100841041,6.54588578737396,26.8973297588678,44.7403764853335,51.5310409770445,13.9873338024232,19.7528124609187,19.5760163397276,20.3514439714939,6.79066449171103,5.76547865849554,0,1,0,0,39.4065926445838,60.2427120268004,8.01455745403201,25.336768076471,45.9179328243099,53.6436369450478,13.2476157738651,19.7508658042159,20.8361193822166,17.322210622439,7.72570412073796,6.50325003035079,0,1,0,0
609,500,2,1,"L'Ecuyer-CMRG","10407_1221995288_148753133_-1614019997_1747566332_189356520_1478512036","10407_813049035_-1560123287_487984347_-781961445_348261724_-537425744",993761747,2144135500,1491962782,1483640018,231249138,1011006981,1660453624,83.991,5.31899999999996,5.38200000000006,1.88000000000011,3.24699999999984,464.298,1,NA,"569e972f86b1","not-a-git-build","bbd3d4119dab4c61438d29ca56ae93a0","confirmatory",587.406,45.7753123552068,9.22821146994924,45.0757659335016,-3.3872622918012,64.8029300086737,16.283813983771,2095.37922121675,85.1598869341027,2031.82467449183,11.4735458334583,39.7897696379762,5.32613591015138,0,0,0.391,0.899,12.135391317473,36.7318710315296,10.3981348217556,31.2018601677206,44.8606567059101,9.13820664048069,44.0441975764026,-2.00201922171367,63.7713616515746,17.6690570538585,2012.47852008551,83.5068206041254,1939.89134014919,4.00808096411101,38.1688134499908,5.25019138287184,0,0.002,0.406,0.935,13.1508010576053,41.0997553417243,11.0716434543283,33.6605328517458,44.9086057120763,9.57417889362949,44.100825007242,-2.13338401496061,63.827989082414,17.5376922606115,2016.78286700273,91.6649014872204,1944.88276631938,4.55132735528946,37.6565159584763,5.49309545781111,0,0.018,0.527,0.992,12.8639109024869,47.1630798146895,14.8804082631032,46.2295730298242,46.8347003843487,9.92852367659589,45.7944952276282,-2.84151008787927,65.5216593028003,16.8295661876929,2193.48916009171,98.5755823967252,2097.13579315326,8.07417957951968,38.0417202257119,5.7228895837125,0,0.031,0.504,0.965,16.935965032141,54.8878846789503,14.3799704901853,45.00491671648,54.4000297141456,75.7429605966816,6.84092556630589,25.6530053712519,60.9060609383903,68.845057967843,12.6135006977309,19.9295306031184,21.342930882536,18.812079804946,7.93899702945274,7.31602990538753,0,1,0,1,50.3041834455866,74.6178354165498,8.49630614368579,27.0665050284209,59.7815481389988,68.0523812387523,14.5177669157136,20.8120033745401,24.3136519709633,18.5701988847351,8.27083309975344,6.29423645882652,0,1,0,1,52.6808724229409,75.5260023931928,7.86065010265619,27.2743678809504,59.7718860137665,67.8403780020938,14.1389173462927,21.0389515094654,22.8451299702519,19.4137177782942,8.0684919883273,6.90003416317268,0,1,0,1,54.5204038699736,76.5418098349447,6.94655531489176,26.4154051865774,61.5129980772283,69.323129615531,13.0312076218683,20.4590466591093,22.0214059649711,19.4688498716856,7.81013153830266,7.42783903724104,0,1,0,1
610,500,2,1,"L'Ecuyer-CMRG","10407_-2025110812_-1206156023_647174312_345068997_703799983_1227836777","10407_-1889826135_-531265015_-1853635560_1313461686_766677145_96905611",1491962782,1483640018,231249138,1011006981,1660453624,632021000,1885831219,84.3110000000001,7.16100000000006,4.98599999999988,3.39200000000028,1.85199999999986,511.074,1,NA,"569e972f86b1","not-a-git-build","bbd3d4119dab4c61438d29ca56ae93a0","confirmatory",634.433,31.4875978831114,10.5322023463819,30.3613673455137,5.50521838775669,50.134284169248,25.5093365978635,991.468820448521,110.927286265131,921.812627089228,30.3074294968944,24.8840901442993,6.21720205050817,0,0.118,0.343,0.821,12.9297260678954,38.9885948756098,9.89426818596922,28.9153015302353,31.9211152987373,10.7575042792312,30.7333350488896,5.95663398977635,50.5062518726238,25.9607521998831,1018.95760191528,115.723898317678,944.537883227305,35.4814884881589,24.5860249068198,6.27452297482998,0.001,0.212,0.341,0.865,14.4065232690507,43.9547860639499,10.6768860002217,32.0785108025882,32.6661764733773,10.6788157579137,31.1793111517881,5.70830983517804,50.9522279755223,25.7124280452848,1067.07908538983,114.037105991466,972.149443900016,32.5848011743904,23.4724832440662,6.12458318800338,0.019,0.435,0.423,0.97,18.7622309362682,58.7739938015087,13.3368309967058,43.5538389937954,34.0309838393826,11.1353023889323,32.7702601438424,6.12251580449096,52.5431769675766,26.1266340145977,1158.10786107632,123.994959292961,1073.88994989511,37.4851997762416,25.0831953914312,6.35694485899911,0.001,0.398,0.434,0.966,17.1010029482562,58.0148979551611,14.2468434081095,46.2760350491449,38.6289337536702,62.8458677832224,15.8808114544239,34.9202269687845,45.9369756104827,54.7043121034655,22.301139320735,28.8065378422139,24.2169340295522,19.0394155143606,8.76733649298279,6.50539852147898,0,1,0,0,38.6372671905125,63.4000052376337,15.7880361109175,35.8436305342963,46.0699611562973,54.7337675210827,22.5876277404008,29.3618198739463,24.7627380471213,20.0555944233788,8.66380636478539,6.77419213354557,0,1,0,0,39.8476876564486,61.7685838908444,14.5602954251871,36.0807711008693,47.1447703512475,54.7432703248691,22.1708626094829,29.2619196464391,21.9208962343958,21.5204756756822,7.59849997362161,7.0910570369562,0,1,0,0,39.9655051041685,65.8247475805877,15.4341036096779,37.5102237779945,47.8272704643102,56.9493810654984,22.2780806222202,29.6854058375981,25.8592424764191,22.0761201683167,9.1221106011882,7.40732521537783,0,1,0,0
611,500,2,1,"L'Ecuyer-CMRG","10407_327440782_1701015267_332878630_1074739365_600068657_561515611","10407_75942737_-2018912132_-1092236108_-504146148_2048895350_-230574997",231249138,1011006981,1660453624,632021000,1885831219,1528856399,1632357297,83.5320000000002,6.04500000000007,5.08199999999988,1.9079999999999,2.40700000000015,515.729,1,NA,"569e972f86b1","not-a-git-build","bbd3d4119dab4c61438d29ca56ae93a0","confirmatory",640.479,39.7089022497091,6.129254688227,39.1613661364404,2.31067220138477,58.7650433051675,21.9326928419699,1576.79691787695,37.5677630331527,1533.61259767234,5.33920602225232,33.642194042499,3.61861920614887,0,0.007,0.571,1,12.5628618218949,38.6694903586906,11.2978415233635,35.2390058540129,39.1585684161429,6.85498288377996,38.6256315770194,1.70533432802651,58.2293087457466,21.3273549686117,1533.39348040175,46.9907903369162,1491.93941472364,2.90816517034563,32.7826796594107,3.99128786541207,0,0.001,0.595,0.998,13.6165661268759,40.195615028024,12.3758523343704,36.9415186230754,39.7618123087329,6.98006247403348,39.1389541606631,2.2974217429419,58.7426313293902,21.9194423835271,1581.0017180749,48.7212721414104,1531.85773279049,5.2781466649422,31.3302730403016,4.43969433236582,0,0.154,0.738,1,17.8314638896676,55.3335942298672,16.4752666075223,51.7364028074309,40.1114827445755,6.41825724383515,39.4393456606284,2.25713908043608,59.0430228293556,21.8791597210213,1608.93104796838,41.1940260480424,1555.46198613853,5.09467682843185,32.1475057545755,3.96731099762795,0,0.109,0.668,1,15.3729159466457,52.3606215997235,13.7979024970686,43.5244221518903,48.6498157587601,70.994048834221,12.5359344680422,30.5457236504921,54.8539156615376,62.2912837260103,18.4599476751328,25.511878915377,22.3442330754609,18.0097891824499,7.4373680644727,7.05193124024422,0,1,0,1,49.79589330139,68.3653219688574,10.8402739867598,31.5529415228731,54.9680332298639,61.3201328656417,18.1741105269908,24.5757019457499,18.5694286674674,20.7126675361133,6.35209963577774,6.40159141875902,0,1,0,1,49.8718168888252,68.6227548460572,12.3464020010975,32.497946047323,55.3686323259154,61.9954742272801,18.5803651684759,24.9915382529676,18.7509379572321,20.1515440462255,6.62684190136479,6.4111730844917,0,1,0,1,48.6186487200966,69.5131137304046,12.7812228341081,31.0311780756082,55.5249163454443,62.4498224276889,18.5332470502768,25.2794428395025,20.894465010308,18.2499552415001,6.92490608224455,6.74619578922575,0,1,0,1
612,500,2,1,"L'Ecuyer-CMRG","10407_1131067755_-1053452453_-1696277753_379815318_-1454385990_-543417192","10407_1955551222_1087004735_892071756_208088869_1810960164_1127650868",1660453624,632021000,1885831219,1528856399,1632357297,378526851,253815137,87.1529999999998,8.10399999999981,5.91599999999971,2.81400000000031,1.94900000000007,495.857,1,NA,"569e972f86b1","not-a-git-build","bbd3d4119dab4c61438d29ca56ae93a0","confirmatory",625.225,34.5353483726515,8.76423424517105,33.5635142741688,1.39803796781628,53.4166602259359,21.3136413238134,1192.6902872204,76.811801904229,1126.50949043233,1.95451015945588,27.8612884688998,5.04242817810714,0,0.056,0.401,0.959,12.9974370051848,40.2607981268746,10.7288224020252,33.7923111133276,36.5186796571036,9.6824045164485,35.2036950248372,3.65947971949155,55.0568409766042,23.5750830754887,1333.61396389816,93.7489572201424,1239.30014340174,13.39179181737,29.4862765181971,5.530541609675,0,0.061,0.435,0.966,13.5202514452845,39.6233067230746,12.6891671353267,37.6097580579575,37.1066465140188,10.6374071631782,35.3001402716655,3.37705320087735,55.1532862234325,23.2926565568745,1376.90321551635,113.154431155234,1246.09990319926,11.4044883215559,27.5016825462867,6.04705492376917,0.007,0.261,0.477,0.983,18.6852692123619,56.7082960770657,15.15796017982,48.2211490926149,36.001423696987,10.1700976837634,34.4983337005117,1.6853204632038,54.3514796522788,21.6009238192009,1296.10250820998,103.430886897289,1190.13502811186,2.84030506369346,26.4470621714978,5.85012728457501,0.005,0.344,0.545,0.989,17.9994102117499,60.5095585184574,16.0585225890638,50.6201705596321,42.3175662767492,63.4322075553354,11.8650187309717,30.6687789057552,50.0153642306851,57.0000920338984,18.1979846593206,24.4371047936683,21.1146412785862,18.8037601747835,6.98472780321332,6.23912013434773,0,1,0,1,44.5732234389812,65.7813010083036,13.8657099726806,32.3838916706098,51.4484922176464,58.7699658788452,20.4196015720807,27.1239202311471,21.2080775693225,18.5181816979292,7.32147366119886,6.70431865906646,0,1,0,0,43.9816827938466,65.6423480608247,14.4301046009192,32.8063066228878,51.1794050936939,58.9212356350339,19.8334349836798,25.9498158667486,21.6606652669782,18.3762020219686,7.74183054133994,6.11638088306876,0,1,0,1,44.5124092984794,63.8080494825154,11.9878870298517,31.2178422165367,51.2108989003153,57.7277598577431,18.1115665750504,25.038694843882,19.295640184036,19.2299551866849,6.5168609574278,6.92712826883166,0,1,0,1
613,500,2,1,"L'Ecuyer-CMRG","10407_773710096_-2115642376_-1172070718_-896025396_1112489588_-293338251","10407_2106509907_1572164493_176531127_1768726419_1497381842_-781508632",1885831219,1528856399,1632357297,378526851,253815137,1790118823,34382185,86.951,6.57999999999993,5.64400000000023,1.97500000000036,1.92900000000009,495.523,1,NA,"569e972f86b1","not-a-git-build","bbd3d4119dab4c61438d29ca56ae93a0","confirmatory",623.029,44.9872130622683,8.24633509593142,44.1166838920455,1.61642901392431,64.2084546788115,21.7171760872765,2023.84933910992,68.0020425143903,1946.28179763067,2.61284275705633,38.1329927417768,4.69498111264038,0,0.005,0.434,0.994,13.7632504881288,41.7147273414123,11.4640570919714,35.4852968465903,46.2932916082537,7.57107057302486,45.2299667818003,2.82173380602134,65.3217375685664,22.9224808793735,2143.06884792681,57.3211096217229,2045.74989508276,7.96218167204369,38.6434603081913,4.36459576543068,0,0.012,0.602,0.987,15.3873462919378,45.8157153845185,12.9721985635376,38.4399738599597,47.8686960986109,6.77197344178753,46.1484325441592,2.4228123706986,66.2402033309253,22.5235594440508,2291.41206618117,45.8596242962757,2129.67782628281,5.87001978361019,37.314369525107,4.44306020223792,0.001,0.141,0.816,1,21.0731943612741,62.3033843116145,17.7556969697553,53.4633799100222,45.5230705105723,9.49134310398943,44.0170108329355,1.94644046354301,64.1087816197015,22.0471875368952,2072.34994871054,90.0855939176478,1937.49724266676,3.78863047811754,35.0592808457527,5.4801889775618,0,0.164,0.586,1,21.0139358289259,63.2547800072947,16.5268602525807,52.3515311686221,52.1838787211096,74.5517229090696,12.4273307979735,30.3189646913427,60.8191972468178,67.4759185277022,18.4970217750975,24.7527753245371,22.36784418796,17.8916338933692,6.65672128088443,6.25575354943963,0,1,0,1,54.5186944661249,76.6872822974843,14.0854793517831,32.2578437598618,61.3919635200045,68.9937168883226,19.8803602909094,26.2043260450681,22.1685878313594,18.1723644080787,7.60175336831816,6.3239657541587,0,1,0,1,54.7549506450169,76.2560850246571,12.9053832816644,31.8632138823046,62.656637111768,70.4519486398924,19.1680507524564,25.9545199830943,21.5011343796401,18.9578306006402,7.79531152812442,6.78646923063788,0,1,0,1,51.5931606782305,75.9536916291871,13.1443219089149,32.7364234110132,60.2701130486734,67.795069412112,18.5631529372324,25.292865489396,24.3605309509566,19.5921015020983,7.52495636343868,6.72971255216361,0,1,0,1
614,500,2,1,"L'Ecuyer-CMRG","10407_-125036669_-1698986750_-1936524664_-905300172_1568923334_1348483626","10407_-1810391978_449566460_2084747338_1943113011_400501117_350947863",1632357297,378526851,253815137,1790118823,34382185,2036781836,1317153867,82.1599999999999,5.9380000000001,6.52599999999984,1.91499999999996,3,463.795999999999,1,NA,"569e972f86b1","not-a-git-build","bbd3d4119dab4c61438d29ca56ae93a0","confirmatory",585.367,43.728480990404,8.46082474297098,42.1106026558203,-0.631675906936465,61.9646584401565,19.3955327669662,1912.18004972812,71.5855553312699,1773.30285603638,0.399014451404006,35.8607922552134,4.82857596611488,0,0.055,0.452,0.971,14.8600826649374,43.2632904497511,11.5498577748437,33.8927770816759,44.7758043835676,7.72220021266641,42.153140496191,1.4154382865257,62.0071962805272,21.4426469604283,2004.87265819551,59.6323761245052,1776.88725369162,2.0034655429628,35.4205393797399,4.4164411390358,0.005,0.154,0.511,0.993,16.1073595939272,48.087720414996,11.9548518638763,36.1497346335731,48.7409344081298,9.1748359007243,43.5014914460576,-0.711996258401431,63.3555472303938,19.3152124155012,2375.67868697762,84.1776138052195,1892.37975803142,0.506938671977637,35.328358686475,5.36359646786691,0.07,0.368,0.604,0.999,21.8159272630928,65.8426265691994,16.6325423489379,49.9828129584643,46.4923092224972,7.33418161761754,42.7369161473541,-1.52435262241831,62.5909719316903,18.5028560514843,2161.5348168403,53.790220000199,1826.44400178598,2.32365091747358,34.8917609503363,4.48830086133503,0.013,0.309,0.677,0.999,17.9274356765871,59.9173087180833,14.600301537439,48.4297722291112,52.0760318099689,73.2888015732705,8.68603172008711,28.3966585577173,58.1805301122257,65.3925579029309,16.175071177773,22.6735838211096,21.2127697633017,19.7106268376302,7.21202779070521,6.49851264333658,0,1,0,1,52.433699682613,72.1160937383342,12.992625522564,30.6370850312223,58.2830062038898,65.7405127026074,18.3304179076617,24.4648049225807,19.6823940557212,17.6444595086583,7.45750649871761,6.134387014919,0,1,0,1,52.596789051405,73.7871372009063,9.74693676920387,29.6221384363437,59.6439556121636,66.7817373126513,16.0697146287016,22.3929313715275,21.1903481495013,19.8752016671398,7.13778170048772,6.3232167428259,0,1,0,1,51.4109772207777,72.4893969515381,10.1343048124079,27.1619512651301,58.9017762229545,66.3340964441005,15.2666622529355,21.7329793114649,21.0784197307604,17.0276464527222,7.43232022114599,6.46631705852947,0,1,0,1
615,500,2,1,"L'Ecuyer-CMRG","10407_1366153857_-1026481416_658541884_1627850416_842714705_1897543669","10407_464479801_209973607_1670707023_1014205094_-1472267700_-47487733",253815137,1790118823,34382185,2036781836,1317153867,1734557742,1238985301,82.1289999999999,5.71300000000065,5.0610000000006,1.89900000000034,3.08799999999974,467.596,1,NA,"569e972f86b1","not-a-git-build","bbd3d4119dab4c61438d29ca56ae93a0","confirmatory",589.324,39.4042066933634,8.14174256505076,38.2881129067721,1.27626769594779,58.1263402590185,21.1525097082638,1552.6915051333,66.2879719955593,1465.97958996172,1.62885923171987,32.5639308561165,4.7050166908786,0,0.056,0.361,0.982,13.0761918175287,40.3567554740138,9.88656009010423,30.9641859942702,38.9171186639113,7.91990268054745,37.652343855665,2.73631048162795,57.4905712079115,22.6125524939439,1514.54212510095,62.7248584693427,1417.69899782523,7.48739505186696,31.2913678831995,4.54502094615743,0,0.084,0.462,0.991,14.7666162104218,44.8783101333714,11.6865584683383,35.6784686257841,39.9488202038219,7.35785203949921,38.3046356385821,2.41539212296182,58.1428629908286,22.2916341352778,1595.90823567729,54.1379866351627,1467.24511140454,5.83411910766602,30.4331993333314,4.41947525353579,0.004,0.209,0.64,1,18.0932619089129,57.3220893882079,14.6887357592214,45.8803592626496,39.1615962151214,8.64998923866397,38.1606304093419,1.47372016824588,57.9988577615883,21.3499621805619,1533.63061811621,74.8223138290024,1456.23371323839,2.17185113429466,32.0034195685637,4.97939523124253,0,0.059,0.474,0.997,12.1308829397621,44.79048197779,12.424321185589,41.2997970977037,47.0807987035909,68.8599825125617,11.6475444820083,30.9326519906825,54.3687450149106,62.0242094716455,17.9442592924031,24.2847432097881,21.7791838089709,19.2851075086743,7.65546445673489,6.34048391738497,0,1,0,1,46.6384242692648,67.0149063655497,13.7226338034557,32.788532782727,54.1175297594842,61.2693746029639,19.1583765411215,25.8946011412751,20.3764820962849,19.0658989792713,7.15184484347976,6.73622460015358,0,1,0,1,46.6627516697237,69.4612292190815,12.2810993505108,33.2224206411381,54.646967327817,61.4909067532075,18.6124584467671,25.9168246761173,22.7984775493578,20.9413212906273,6.84393942539047,7.30436622935026,0,1,0,1,48.0114530981235,68.4747057094485,11.258865863476,31.719234959599,54.3357770353602,61.8813485433981,18.3237866987061,24.5051024815452,20.4632526113251,20.460369096123,7.54557150803787,6.18131578283915,0,1,0,1
616,500,2,1,"L'Ecuyer-CMRG","10407_1601541938_-827907121_-1835516117_-316623582_-1465352284_1069373993","10407_1523849276_1437949361_1132213013_-1178972279_-248743402_-273434219",34382185,2036781836,1317153867,1734557742,1238985301,1722769997,1913626106,81.7789999999995,5.89800000000014,6.86999999999989,1.92399999999998,2.77199999999993,511.867,1,NA,"569e972f86b1","not-a-git-build","bbd3d4119dab4c61438d29ca56ae93a0","confirmatory",633.641,19.0318336388593,8.67412477069571,16.9490140225444,0.243353199900881,36.8801706763483,20.3087172839085,362.210691657217,75.2404405375969,287.269076336407,0.059220779901998,13.013289685274,5.03661982460661,0.102,0.544,0.337,0.94,11.1533340814779,35.1307166515455,10.0427916553995,30.2242365030439,20.893880178282,9.05041276538793,19.0357573491849,1.45630959918214,38.9669140029888,21.5216736831898,436.554228904406,81.9099712238968,362.360057857046,2.12083764867006,14.2979075769912,5.21124620989034,0.077,0.535,0.376,0.949,12.9300385319544,39.3683206426031,11.26375582153,33.217222571702,21.1160432905103,9.2481199188939,18.4669773018563,1.92286615955221,38.3981339556602,21.9882302435598,445.887284246704,85.5277220342422,341.029250667275,3.69741426755105,12.9613844449595,5.31603083168375,0.153,0.779,0.47,0.988,17.7399190870876,55.079733290681,13.4311504153102,42.3813829435067,20.8449696960589,9.4054334847043,19.147864164925,2.85335323343362,39.0790208187289,22.9187173174412,434.512761629612,88.4621790351969,366.640702078417,8.14162467474611,13.8189024507235,5.40986967631441,0.072,0.669,0.402,0.966,13.6410354228329,46.8599663877499,11.452824857433,39.1292711081719,27.9850985372636,45.7893930515844,11.3812463177382,29.8093645241622,33.5414302672854,40.0541430691866,17.0875298161895,23.2292587117516,17.8042945143207,18.428118206424,6.51271280190116,6.14172889556217,0,1,0,1,28.4233141788112,49.7834741638052,11.9484229157265,30.1727360960508,34.7074603756994,43.030198296194,18.5756470067248,24.6766908232364,21.3601599849939,18.2243131803243,8.32273792049462,6.10104381651158,0,1,0,1,28.3005248304762,49.4423423592049,12.7447723340015,32.0139438138353,34.6105029461833,41.9133099780843,18.4167884455481,25.3836987769469,21.1418175287287,19.2691714798338,7.30280703190093,6.96691033139879,0,1,0,1,27.6731878921691,50.5549097640839,12.3226400730885,32.2416246982172,35.3130432333931,43.0207033626091,19.6475285774907,26.3972539328577,22.8817218719147,19.9189846251288,7.70766012921602,6.74972535536708,0,1,0,1
617,500,2,1,"L'Ecuyer-CMRG","10407_2145694530_-301006659_-1368587294_1476856505_34477075_-174424632","10407_1898678409_-272803570_-272149596_-383512151_-710432107_1038729986",1317153867,1734557742,1238985301,1722769997,1913626106,97577815,1733468156,81.9070000000002,6.6269999999995,5.00699999999961,2.4369999999999,1.85699999999997,527.989,1,NA,"569e972f86b1","not-a-git-build","bbd3d4119dab4c61438d29ca56ae93a0","confirmatory",649.363,34.4574665928615,11.038639383766,33.4746820672456,6.32246879857545,53.2691775463364,26.269072719688,1187.31700399817,121.851559444831,1120.55433950317,39.9736117089601,28.4356978135512,6.54758036572343,0,0.041,0.323,0.834,11.4885897848937,35.3500013323655,9.63249770928635,28.9979137075405,34.9707847083294,11.2577613788501,34.0424243264416,6.23889716319095,53.8369198055325,26.1855010843035,1222.95578311632,126.73719126313,1158.88665402151,38.9238378128721,28.6219836017506,6.5524452819733,0,0.059,0.359,0.863,12.3043660219306,38.1099248483578,11.1612204402957,33.9038043997554,34.1538307141697,11.1426313025174,33.1832228037536,5.9130193649104,52.9777182828444,25.8596232860229,1166.48415245216,124.158232343841,1101.12627564355,34.9637980098054,27.0642720629481,6.37985056208795,0,0.085,0.368,0.929,12.9796847519175,43.6791607837623,11.5323565177498,40.1144193514526,33.7813447030926,11.1269584202475,32.7115030247211,6.17122983762794,52.5059985038119,26.1178337587405,1141.17924994916,123.809203685916,1070.04243013634,38.0840777088294,27.2260499706667,6.49526506517942,0,0.113,0.345,0.867,11.1382188324796,40.2585799277582,10.12849176281,35.2774324016043,42.500091574027,64.3702110657984,16.8157357688987,35.4738511066197,49.2765637298595,57.3694382769374,23.0058754154704,29.431077913172,21.8701194917714,18.658115337721,8.09287454707788,6.42520249770154,0,1,0,0,41.7210626324977,65.2825283850566,17.2147286553568,36.1327320970305,49.8618413030188,57.7382824491449,23.1040763414766,28.971977340628,23.5614657525589,18.9180034416738,7.8764411461261,5.86790099915143,0,1,0,0,42.6932015400698,63.5426989368059,15.8234711991944,34.8051873900224,48.9583231840999,56.7552775323964,22.6787313621456,28.908428196647,20.849497396736,18.981716190828,7.79695434829657,6.22969683450133,0,1,0,0,42.8819752626645,62.5637432635782,17.1881260367579,34.3518847383722,49.1535687998931,56.2591271810849,23.3262280886616,29.051411140246,19.6817680009136,17.1637587016143,7.10555838119183,5.72518305158448,0,1,0,0
618,500,2,1,"L'Ecuyer-CMRG","10407_-2093843530_1855213291_957698263_903753324_-1938452259_-137140104","10407_-736526148_-1931588799_-671355028_1393830236_-108951267_1954989154",1238985301,1722769997,1913626106,97577815,1733468156,2051088781,1074589390,84.4249999999993,6.46999999999935,6.55299999999988,2.36200000000008,2.2480000000005,512.621999999999,1,NA,"569e972f86b1","not-a-git-build","bbd3d4119dab4c61438d29ca56ae93a0","confirmatory",642.223,35.7801224825089,9.72467738390474,34.8888122089256,6.84844078691249,54.5762167626063,26.5534581144213,1280.21716486334,94.5693502210282,1217.22921734967,46.9011412118465,29.8737906835555,5.66398801777316,0,0.014,0.362,0.904,11.2935197332882,35.0474926549283,10.5347037328674,31.3088754936865,37.0419307641885,9.94550051898573,36.2061832998355,6.91180412308852,55.8935878535163,26.6168214505973,1372.10463473893,98.9129805731454,1310.88770914129,47.7730362359434,30.6108387618302,5.7408928024673,0,0.015,0.399,0.944,12.5524181481879,39.4542248086331,12.0162755245712,36.0386778742123,37.5055562986674,9.4934253544244,36.5456267608258,7.48568941390308,56.2330313145065,27.1907067414119,1406.66675327251,90.125124960028,1335.58283534158,56.0355460014207,29.2153569701915,5.57624144786419,0,0.117,0.5,0.995,15.9585710842432,52.6707368187383,15.5878121355569,46.8074450778758,37.7090493928269,11.4562021228816,36.6291067745276,7.70252380329236,56.3165113282083,27.4075411308012,1421.97240611066,131.244567080318,1341.69146309974,59.3288729402854,29.8180637834185,6.60375936545408,0,0.135,0.439,0.967,14.4284357131329,49.8023871017441,14.4336907520443,46.6749841591904,43.2674491688545,67.6859886695031,17.2779045765945,35.7196611721624,50.7696567805195,58.5739906274888,23.5431367708481,29.6183343287033,24.4185395006485,18.4417565955679,7.80433384696934,6.07519755785526,0,1,0,0,45.866754105136,66.8532422091466,17.482617627969,35.577616568167,51.9991885865811,59.6106905231862,23.3982978804299,29.7901995097701,20.9864881040106,18.094998940198,7.61150193660511,6.39190162934019,0,1,0,0,45.1609992014552,67.3041892286501,18.0864044668777,36.2478539201174,52.1395970115092,60.3609950346587,23.7963722326243,30.4607504008841,22.1431900271949,18.1614494532396,8.22139802314945,6.66437816825976,0,1,0,0,45.5434087915637,68.4561369249758,17.6554859845964,36.9982544505448,52.833064403943,59.4402795708891,24.3192629959975,30.6874796718008,22.9127281334121,19.3427684659485,6.60721516694615,6.36821667580332,0,1,0,0
619,500,2,1,"L'Ecuyer-CMRG","10407_-379078619_-99159066_-1721412097_-2099999319_1305551149_1561853708","10407_1994728464_-657643226_-2130143275_-707380919_-269637504_-100473091",1913626106,97577815,1733468156,2051088781,1074589390,911153830,1099625295,84.7750000000005,6.69999999999982,6.0630000000001,1.97999999999956,1.9320000000007,523.517,1,NA,"569e972f86b1","not-a-git-build","bbd3d4119dab4c61438d29ca56ae93a0","confirmatory",650.473,33.0864170539289,7.58143556401261,32.4296259125866,0.0707678307009054,52.2989805994134,20.0720075725315,1094.71099346652,57.4781652112752,1051.68063683031,0.00500808586211201,26.9181359106182,4.3470274184774,0,0.048,0.458,0.983,12.6423240471805,38.7405054665104,10.9874038732235,32.7699474351578,34.4982890749933,8.07387529842786,33.8788880439566,-0.0293687130235973,53.7482427307835,19.971871028807,1190.1319491018,65.1874623345636,1147.77905509495,0.000862521304662416,27.6535742508146,4.6178904782345,0,0.045,0.438,0.986,14.7475719772127,43.273114367322,11.3610004927145,34.5785186866468,37.0092737328401,7.85979839661173,36.2476174689928,2.2784701698406,56.1169721558197,22.2797099116712,1369.68634223229,61.7764308353804,1313.88977217843,5.19142631485343,29.0857888549181,4.68687987071111,0,0.149,0.574,0.987,15.904378598638,51.447736796218,13.5552360207758,42.5797108178877,35.2817398492653,7.30717246973968,34.4791457208064,1.35790178548721,54.3485004076332,21.3591415273178,1244.80116679124,53.3947695025215,1188.8114896366,1.84389725902937,27.3033514262406,4.49550297453678,0,0.224,0.612,0.999,15.3214691388256,54.3729727890969,14.0071622186877,46.4353058110586,39.7066368841202,64.293526421915,9.36025831100058,29.9723632215153,48.2330296102493,56.4930321173264,16.6642806108526,23.3891742524365,24.5868895377948,20.6121049105148,8.26000250707713,6.72489364158393,0,1,0,1,40.9868841695585,66.5112921548684,11.0292243142128,29.5433516057047,49.6969253887872,57.6754941344891,16.9125069961319,23.0804125548228,25.5244079853099,18.5141272914918,7.97856874570193,6.16790555869098,0,1,0,1,45.2262572579883,67.166147508301,12.804064738091,31.3210205351635,52.3198904300473,60.0147698214254,19.0866094191377,25.5144770937009,21.9398902503127,18.5169557970724,7.69487939137809,6.42786767456317,0,1,0,1,42.3769714397165,66.3964756553827,11.3740367171019,32.2601520660263,49.7805890074766,58.6150862680496,17.8007895763196,24.7203301161886,24.0195042156662,20.8861153489244,8.83449726057307,6.91954053986899,0,1,0,1
620,500,2,1,"L'Ecuyer-CMRG","10407_281837587_548140197_590240949_-342783364_-1796946414_1234896938","10407_574885501_-1480973235_1257711075_-1305868609_-193250193_-123786243",1733468156,2051088781,1074589390,911153830,1099625295,1111109819,1495300443,82.1239999999998,7.46100000000024,5.94200000000001,2.69799999999941,2.35000000000036,521.49,1,NA,"569e972f86b1","not-a-git-build","bbd3d4119dab4c61438d29ca56ae93a0","confirmatory",645.233,40.4359170669959,8.66476440529061,39.6890534785818,3.71625736146047,60.0608642596101,23.9678044539582,1635.06338904897,75.0781421991911,1575.22096602573,13.8105687766091,34.4288801354004,4.96253421143571,0,0.004,0.361,0.975,11.8635086649084,37.009741638403,9.94057311833606,30.2526754612617,41.9161720458945,9.2307718840519,41.1485156364983,5.39000793519425,61.5203264175266,25.641555027692,1756.96547898103,85.2071495754031,1693.20033908715,29.052185541457,35.3198715866507,5.21502286708979,0,0.004,0.395,0.996,13.1165025805618,41.0056922492323,11.2550562940295,35.449821717484,41.6454226214671,8.64601814284939,40.7655376902229,4.65472229145153,61.1373484712512,24.9062693839493,1734.3412253206,74.7536297264808,1661.82906317299,21.6664396105358,33.3311582462153,5.0942860416591,0,0.059,0.55,0.999,15.935513816438,53.6818989471541,14.8437700480195,49.6674349745605,41.5573931622402,7.9935850678647,40.8848498934955,4.62287697432298,61.2566606745238,24.8744240668207,1727.01692644101,63.8974022371896,1671.57095081366,21.3709915197256,33.8190319277134,4.75133363837546,0,0.054,0.507,1,14.5900700909334,50.5005782567898,13.072962145055,46.3692871117695,48.3950469158453,70.5241417273456,14.0788012372311,32.8239335057321,56.1666919771612,64.1096993063792,20.9371285723299,27.3499469072217,22.1290948115003,18.7451322685011,7.94300732921801,6.41281833489175,0,1,0,0,50.6888963558709,72.8708168973919,15.9358464950314,34.8013370038402,57.8296493815832,64.9509062212039,22.2784113286156,28.9065141455917,22.1819205415211,18.8654905088088,7.12125683962064,6.62810281697607,0,1,0,0,50.6827120044992,73.0166620376387,14.345944995652,34.5106166924439,57.3122198855495,64.693308960348,21.5252426389796,28.4695232685104,22.3339500331395,20.164671696792,7.38108907479857,6.94428062953077,0,1,0,0,50.0592280698348,73.2307193577992,14.9645727132544,34.2934023341377,56.9181732804359,65.2539440882446,21.8724549189723,27.989821597515,23.1714912879644,19.3288296208834,8.33577080780861,6.11736667854275,0,1,0,0
621,500,2,1,"L'Ecuyer-CMRG","10407_1933107422_1075217265_-1349301644_641635395_128098254_-2067137728","10407_218617755_2054476218_947613731_-372970461_1168546642_39901009",1074589390,911153830,1099625295,1111109819,1495300443,147277401,2090080267,82.3379999999997,6.625,5.4980000000005,1.97499999999945,1.97099999999955,522.189,1,NA,"569e972f86b1","not-a-git-build","bbd3d4119dab4c61438d29ca56ae93a0","confirmatory",644.367,37.7957299999108,8.54077403804434,36.9545950644317,2.55102699529701,56.7894609172757,22.3125054208914,1428.51720622616,72.9448211689323,1365.64209637612,6.50773873073412,31.2835109472758,4.9251712420169,0,0.05,0.393,0.944,13.2364674299507,39.5302874428136,9.80793872321189,30.6604251345885,37.3384914050229,9.31171308286319,36.5379074674725,3.36194109094981,56.3727733203165,23.1234195165442,1394.16294040297,86.7080005375654,1335.01868210159,11.3026478990168,30.3202209217208,5.34797120942332,0,0.055,0.403,0.927,14.4765014542129,43.4076406215344,11.0765155160931,33.872196073021,39.9576667129252,9.32799708486483,37.0992807318123,2.16574487469026,56.9341465846563,21.9272233002847,1596.61512914121,87.0115296152468,1376.35663081782,4.69045086224712,30.078646906202,5.34373913766491,0.08,0.308,0.462,0.987,19.2374509057332,57.0654117938179,13.2095429949703,41.545952839952,40.52316016348,10.811383545152,36.550152409704,3.02187301505796,56.385018262548,22.7833514406524,1642.12650963505,116.886014160383,1335.91364117259,9.13171651913546,31.0925247881047,6.2193825338627,0.141,0.254,0.436,0.947,17.0721561169121,52.6879560893461,13.8022465135694,42.9816049208373,46.0757667481635,65.2505906497558,14.2820710152202,30.9722095705812,53.6666450165007,60.4035162273518,19.2536004356245,25.362367390901,19.1748239015923,16.690138555361,6.73687121085106,6.10876695527642,0,1,0,1,45.5602567901895,65.4194558448715,14.3796821977011,33.0047976417615,52.7585475191742,59.8758949805666,19.6600518429048,26.5101067584786,19.859199054682,18.6251154440604,7.1173474613924,6.85005491557385,0,1,0,1,46.7183166091374,67.1996135964288,13.617653843043,31.1059665254518,53.5506297360458,60.2277309876215,18.6091003897735,25.0640476361571,20.4812969872914,17.4883126824088,6.67710125157573,6.45494724638363,0,1,0,1,45.9428989181833,66.4088806611496,12.4373623879946,32.0769720613724,52.6840785641863,59.959199609266,19.7890621831947,25.7873047034977,20.4659817429662,19.6396096733778,7.27512104507968,5.99824252030295,0,1,0,0
622,500,2,1,"L'Ecuyer-CMRG","10407_-1007658576_937383063_-1878430603_1521882762_1456112073_1396928793","10407_2896735_-687583684_1366931269_847635170_-916572867_-1176882925",1099625295,1111109819,1495300443,147277401,2090080267,969566894,475911801,83.3670000000002,7.14300000000003,5.97900000000027,2.91199999999935,2.28600000000006,488.024,1,NA,"569e972f86b1","not-a-git-build","bbd3d4119dab4c61438d29ca56ae93a0","confirmatory",613.449,39.3096634514319,5.9386576323542,38.5336086055959,0.587922315120146,58.1216881976041,20.1002839832289,1545.24964066484,35.2676544743188,1484.83899216925,0.345652648616232,32.9773209288264,3.57275929643301,0,0.006,0.675,1,12.7084663183478,38.9721980550881,12.4843875163373,36.5006152118931,40.7160028935713,6.11095226750319,39.8550915464206,1.35041480890306,59.4431711384289,20.8627764770118,1657.79289162931,37.3437376157023,1588.42832217357,1.82362015610468,34.1564702963541,3.715550371665,0,0.008,0.705,0.998,13.4410217624403,39.4825667191415,13.2982173231351,38.5606960807688,40.3919320358491,6.78171940661238,39.4709269129054,0.577613930027475,59.0590065049137,20.0899755981363,1631.50817358866,45.991718110023,1557.95407136392,0.333637852161785,32.232652099499,4.37647835715189,0,0.063,0.775,1,15.8930760167508,51.7328698221283,17.0333143273021,51.0088055929823,41.6645216832099,9.23720054873478,40.2160151663521,0.862468260526967,59.8040947583604,20.3748299286358,1735.93236709067,85.3258739775462,1617.32787586027,0.743851500416412,31.3183112830789,5.56560365529039,0.01,0.25,0.646,1,21.6812324353759,64.8599006041249,18.5494829645224,56.4231469234167,47.9084660442727,67.95103311189,9.76309821561478,30.0487135216398,54.7326583006705,61.3001502921702,17.0727327811249,23.243938443357,20.0425670676174,20.2856153060251,6.56749199149978,6.17120566223208,0,1,0,1,49.874312412851,69.9419450221926,11.0848047684831,30.1371665756996,55.5921417603945,62.7669812189752,17.6417233817776,24.1634454354581,20.0676326093416,19.0523618072165,7.17483945858073,6.52172205368045,0,1,0,1,48.3369710346737,69.6326645374527,10.7508251241342,29.9347866224572,55.5700279144705,62.3746761877093,16.664290788924,23.9532570939425,21.295693502779,19.183961498323,6.80464827323875,7.28896630501848,0,1,0,1,48.6537962641484,70.7084437339075,10.6659387575002,29.77415711855,56.1815336995128,63.6588033828682,17.2628606795474,23.578155493404,22.0546474697591,19.1082183610498,7.47726968335536,6.31529481385662,0,1,0,1
623,500,2,1,"L'Ecuyer-CMRG","10407_431074373_1340363647_972942088_-1504398458_-707796706_-424467307","10407_229054367_-1108321211_-1241893296_-1369903106_36846998_-1598240507",1495300443,147277401,2090080267,969566894,475911801,614571079,1487788194,79.7730000000001,5.11200000000008,6.53499999999985,1.84500000000025,1.86099999999988,490.728999999999,1,NA,"569e972f86b1","not-a-git-build","bbd3d4119dab4c61438d29ca56ae93a0","confirmatory",609.349,38.3298536138727,12.7081810943971,37.5387282824074,9.77690331433913,57.7284329715111,30.0283232557694,1469.17767806091,161.497866727993,1409.15612106041,95.5878384179355,31.8631645543101,7.73960882958898,0,0.005,0.347,0.724,13.1972955345269,39.5008110832542,10.0931286811349,32.3504347790385,40.78375047817,12.6584581289074,39.8154836214039,10.038191965054,60.0051883105076,30.2896119064842,1663.31430306563,160.236562201302,1585.27273600628,100.765297927274,33.5515834594393,7.55580066522865,0,0.027,0.348,0.788,14.1614137886732,43.9773279796368,11.9450030473673,35.4796998356228,40.6638245229137,14.5894158453665,39.3608422942898,11.780788325152,59.5505469833935,32.0322082665823,1653.54662483032,212.851054709031,1549.27590611595,138.786973562037,30.8796316037235,8.48699921231333,0,0.259,0.316,0.931,19.5121404847661,61.5813388729566,16.2426082613851,50.0343998612512,40.5989942955878,13.0728076956723,39.5542104365896,9.84904415505658,59.7439151256933,30.1004640964869,1648.27833781317,170.898301048029,1564.53556326201,97.0036707682542,31.7013336291359,7.64440022762276,0,0.118,0.415,0.902,17.8771949659525,55.9276159025244,14.4032623450884,46.1238072723559,46.8686607258486,68.5744501383519,21.1451200548408,38.8577244023415,53.4462595788148,61.7627440967438,26.8638884617871,32.9836238823474,21.7057894125033,17.7126043475007,8.31648451792896,6.11973542056031,0,0,0,0,48.7852150381714,70.2488457635983,21.4419589571494,39.6469827448866,56.2584658000039,63.5789712041221,27.1318647968581,33.1458449606942,21.4636307254269,18.2050237877372,7.32050540411823,6.01398016383612,0,0,0,0,49.0829825302573,70.5022594589685,22.505751145875,41.5437718631993,55.6996066085464,63.2012750358735,28.7831386690434,35.3212406204966,21.4192769287112,19.0380207173243,7.50166842732704,6.53810195145311,0,0,0,0,49.7095379629668,70.7969602196311,20.8206324289468,40.1587690071715,55.733957548777,63.7610582019694,26.5403338786014,33.4088802925325,21.0874222566643,19.3381365782247,8.02710065319243,6.86854641393104,0,0,0,0
624,500,2,1,"L'Ecuyer-CMRG","10407_778296220_632305392_-1878126037_806375195_-74121793_194367053","10407_-805770010_-1499646579_337816294_777992303_1989127595_1043362979",2090080267,969566894,475911801,614571079,1487788194,1533974646,494445274,81.8160000000007,6.18000000000029,6.74399999999969,2.33299999999963,2.23300000000017,480.324,1,NA,"569e972f86b1","not-a-git-build","bbd3d4119dab4c61438d29ca56ae93a0","confirmatory",605.369,34.6225967044161,8.81195063949903,33.5093261739081,-1.17148212798757,53.4873544622916,18.7007369606375,1198.72420255664,77.6504740729674,1122.87494062936,1.37237037619429,27.6546757273555,5.06154916384907,0,0.099,0.389,0.966,13.9699483740714,41.0645887603678,10.9903988981232,33.3019851809363,36.2765496160977,9.30727187514833,34.8043525588521,-1.77136229126308,54.7823808472355,18.100856797362,1315.9880520492,86.6253097579271,1211.34295704087,3.13772436690879,28.5693403868099,5.30375563798955,0.002,0.124,0.477,0.98,14.8315673216314,43.9990319353538,13.3755477281961,39.0738330732584,38.5941006791057,10.4067854866085,37.0022503226564,-0.495788685284044,56.9802786110399,19.376430403341,1489.50460722894,108.301184164285,1369.16652894053,0.245806420455681,28.6524145779278,6.03276604691596,0.003,0.293,0.573,0.999,19.9602766423159,60.7875579383515,18.0389130283346,55.1007519192289,36.5725401635912,9.67907288370644,34.878046068768,-0.514686627252875,54.8560743571515,19.3575324613722,1337.55069401749,93.6844518881014,1216.4780975751,0.26490232427294,26.6230977631269,5.62570372198056,0.008,0.384,0.529,0.995,20.2409704131748,61.6388102366345,15.9733879476954,50.2123813483463,42.9753546526552,64.2786485674677,9.45027925810637,28.4604093536862,49.9400869179598,57.131943932885,15.3350868298166,22.0704956311682,21.3032939148125,19.0101300955799,7.19185701492522,6.73540880135158,0,1,0,1,44.261149146046,66.0374821580597,8.0516381770074,28.3245236460059,51.0398474758537,58.5389792446573,14.373011250636,21.849158335381,21.7763330120137,20.2728854689985,7.49913176880359,7.47614708474497,0,1,0,1,45.6771637460182,67.6053151015421,9.86033882139254,28.2593369533639,53.0085200301067,61.1772307492158,15.9359635347416,22.6660640776147,21.9281513555239,18.3989981319713,8.16871071910911,6.73010054287316,0,1,0,1,43.5763435244813,65.6245460894188,9.70672301110764,29.6710137015381,51.192274121769,58.9302243621518,15.9542952489048,22.7073189374521,22.0482025649376,19.9642906904304,7.73795024038284,6.75302368854733,0,1,0,1
625,500,2,1,"L'Ecuyer-CMRG","10407_-567747016_-1014801911_-1134814244_-644015201_20200589_-1812083478","10407_-1317891096_-2034652911_680502098_-211006627_-1504965000_-1534015830",475911801,614571079,1487788194,1533974646,494445274,2118078319,1460629171,80.9769999999999,5.46000000000004,6.97699999999986,1.89400000000023,1.98300000000017,493.63,1,NA,"569e972f86b1","not-a-git-build","bbd3d4119dab4c61438d29ca56ae93a0","confirmatory",615.211,35.7267061567449,12.1209638973211,34.8840511498494,8.935810761325,54.8018166472692,28.9687663483877,1276.39753281039,146.917765800162,1216.89702462531,79.8487139622116,29.5074151636992,7.23082487949459,0,0.019,0.315,0.844,11.9893441912184,37.9909209710406,10.7844603910192,33.1393871563673,37.7930793689029,13.1364761091488,36.8804139018086,10.5664347313668,56.7981793992284,30.5993903184295,1428.31684818419,172.567004566237,1360.16492956872,111.649542932234,30.8098509486442,7.98032889759375,0,0.049,0.305,0.789,13.7314860020368,42.9264006942011,11.8530996971802,35.5775232365093,37.6677096638509,12.6779842997065,36.6297915794567,10.271534560062,56.5475570768765,30.3044901471247,1418.85635132016,160.731285903605,1341.74163115444,105.504422218549,28.7362670821214,7.39580360242326,0,0.22,0.36,0.976,17.5600046901313,57.4354053806941,15.0834665291186,49.5087278396785,37.6811475235158,12.7475753330565,36.7768720850622,9.6135110474904,56.694637582482,29.6464666345531,1419.86887868896,162.500676871951,1352.53832036103,92.4195946602199,29.7506361560413,7.46161520278808,0,0.115,0.389,0.932,14.2732906589839,51.2928193706867,13.6751277909019,46.2323834463368,44.1637722515244,66.0165184692618,19.004466806096,39.4250261012818,51.0782340095884,58.2686669154171,25.5101300741448,32.2013523615144,21.8527462177374,20.4205592951857,7.19043290582869,6.69122228736966,0,1,0,0,44.5626669104711,69.4187254797279,21.2986962902494,41.1465916686622,52.9387552252348,60.5931598199018,26.9696098448937,34.1196402757459,24.8560585692568,19.8478953784128,7.65440459466702,7.15003043085217,0,0,0,0,44.655406130632,67.739565884717,19.9433748635811,40.6596995752464,52.2765061508572,60.7134996869375,26.799449538933,33.8481180635008,23.084159754085,20.7163247116653,8.43699353608024,7.04866852456778,0,1,0,0,44.0424482636344,68.3106859852177,19.0698350876564,40.413312934182,52.6832913142365,61.0653163845281,26.0211784918283,33.3176482216146,24.2682377215833,21.3434778465255,8.38202507029157,7.29646972978633,0,1,0,0
626,500,2,1,"L'Ecuyer-CMRG","10407_475959692_273192994_-1346861707_-1910071769_-316010924_-316756680","10407_1000030782_-86688099_-817863374_1311820734_1553495925_1340762056",1487788194,1533974646,494445274,2118078319,1460629171,587502319,2045617114,80.5389999999998,7.55500000000029,6.06899999999951,3.44300000000021,2.31700000000001,476.604,1,NA,"569e972f86b1","not-a-git-build","bbd3d4119dab4c61438d29ca56ae93a0","confirmatory",598.97,35.3667030865742,10.7901277492576,34.4813666009679,5.91453673999235,54.0828511879576,25.4346077882271,1250.8036872139,116.426856845298,1188.96464267034,34.9817448487194,28.5814174838509,6.46831699059084,0,0.055,0.295,0.791,13.0926856914718,42.1068399270609,9.27389186515123,28.7962505347489,36.4812908130993,11.2823727105669,35.4657507962208,6.51305266498249,55.0672353832105,26.0331237132173,1330.88457938993,127.291933980144,1257.81947953963,42.4198550168355,28.8120008479704,6.65244022768806,0,0.094,0.324,0.859,15.5834736790711,46.785438402403,10.7087181724125,33.0752255294748,35.3885147914781,11.5598216095728,34.1972074994241,6.62204545858137,53.7986920864138,26.1421165068161,1252.34697914667,133.629475645145,1169.44900075867,43.8514860555182,25.8939564022148,6.64932330605204,0.001,0.347,0.37,0.946,19.9253401900341,60.8938503387763,12.5939143628781,41.4196828302013,36.9133715039331,11.7697819369823,35.694306415003,7.12061471258759,55.2957910019927,26.6406857608224,1362.59699578738,138.527766844115,1274.08351044813,50.7031538851188,27.5956565804115,6.87131226281176,0,0.287,0.335,0.901,18.2613418723484,59.5710632589725,11.4230486154986,39.8507293030412,42.9450762191051,66.0577581820515,16.5696513458436,34.4213064281437,50.0536194008433,58.4438655393539,22.3786892155747,28.286308727228,23.1126819629464,17.8516550823,8.39024613851068,5.90761951165336,0,1,0,0,45.3206242320991,65.4232944868295,17.2728047136721,34.4582153763108,51.2272322590399,58.8058578412212,22.6477954207568,29.0488857196292,20.1026702547304,17.1854106626386,7.57862558218124,6.40109029887244,0,1,0,0,43.083873462315,64.6402944875237,17.3294390941659,35.8485297568769,50.0606560010031,57.536399623395,22.6345267803338,29.498860679401,21.5564210252087,18.519090662711,7.47574362239183,6.86433389906721,0,1,0,0,43.0563813864162,66.6975350411467,17.1783355568036,35.2723963331909,51.8305327874014,58.9457934925069,23.4495528764766,29.9654651410403,23.6411536547306,18.0940607763873,7.11526070510546,6.5159122645637,0,1,0,0
627,500,2,1,"L'Ecuyer-CMRG","10407_-1012708158_-1650580087_1504316838_43505416_-1268635851_-1312857867","10407_1470618232_400805854_-678958000_-1767554076_-157139801_-274230001",494445274,2118078319,1460629171,587502319,2045617114,734121517,649490766,82.2870000000003,5.29299999999967,6.8700000000008,1.93199999999979,1.93900000000031,478.269,1,NA,"569e972f86b1","not-a-git-build","bbd3d4119dab4c61438d29ca56ae93a0","confirmatory",600.2,31.7094863004008,10.6861510240413,30.510406987788,3.69444409243851,50.7702536901569,23.9817797129205,1005.4915214353,114.19382370862,930.884934560461,13.6489171521538,25.1225321516817,6.12563584952213,0,0.132,0.365,0.934,12.4633094122677,38.126251321597,12.0636904057091,36.4618785454524,32.3217823431701,11.0169035466918,31.1432875167468,3.95016163243887,51.4031342191158,24.2374972529208,1044.69761383926,121.372163757111,969.904357350757,15.6037769223921,25.625850363547,6.2752193545788,0,0.133,0.429,0.94,12.3005943874382,39.5318943870451,13.4982749790356,39.7684392938204,32.9241212127239,13.647139581491,31.7432460649547,3.72293744624969,52.0030927673236,24.0102730667316,1083.99775763014,186.244418756699,1007.63367074026,13.8602632286882,25.3190136394447,7.68305147505348,0,0.286,0.495,0.973,13.3696297733591,47.7383605372915,19.974379723469,59.2191902399109,32.6277138665875,12.7595629503469,31.1500702329604,3.08851936675668,51.4099169353293,23.3758549872386,1064.56771215991,162.806446683866,970.326875518365,9.53895187883109,23.5906634157817,7.25004650968114,0.006,0.408,0.489,0.978,17.4029143287162,57.2662231282393,17.816086569731,56.4834248284986,40.4947885716898,60.7961470999206,15.0432120240985,34.1404875509346,47.6698299638878,54.1890773838802,20.5265829417757,27.0163483294044,20.3013585282308,19.0972755268361,6.51924741999241,6.48976538762873,0,1,0,0,40.1877527625926,62.0212999724339,14.9561498962461,33.8747960821731,47.8347498483028,55.0233599753514,20.8935078573551,27.4273207990757,21.8335472098413,18.918646185927,7.18861012704855,6.53381294172058,0,1,0,0,41.1870842596673,62.760798436188,14.4940125729856,32.7372124435712,48.6736038893009,55.5715313651745,20.5035292084859,27.2604005407704,21.5737141765208,18.2431998705856,6.89792747587357,6.75687133228454,0,1,0,0,40.3677153692114,62.606543495314,14.4298214954594,32.7067068460219,47.400367867367,55.4648006060168,19.8930002433271,26.7694800036544,22.2388281261026,18.2768853505625,8.06443273864972,6.87647976032731,0,1,0,1
628,500,2,1,"L'Ecuyer-CMRG","10407_-1024829455_-53032990_-1719030972_809553459_1202248083_-2038305654","10407_-785030342_153894962_-732603059_-1353219992_326712207_222086082",1460629171,587502319,2045617114,734121517,649490766,952871438,1658610715,79.9650000000001,6.59599999999955,5.97600000000057,2.51699999999983,2.22000000000116,478.839,1,NA,"569e972f86b1","not-a-git-build","bbd3d4119dab4c61438d29ca56ae93a0","confirmatory",600.365000000002,40.6156198756987,8.86356351864593,39.1440461208054,-3.13087461873032,59.2802309034022,17.1916209771451,1649.62857788725,78.562758249071,1532.25634670774,9.80237587820971,32.4768162088001,5.08324716460736,0.001,0.109,0.45,0.966,16.1549445209503,46.6153761142375,12.077143292013,35.6337617079188,41.563690728229,6.84347324649069,40.3018819453295,-2.53540104480366,60.4380667279264,17.7870945510718,1727.54038695187,46.8331260754338,1624.24168833528,6.42825845799149,33.0150398113235,4.02604668709415,0.002,0.144,0.623,0.998,17.4105750347122,51.3648677071391,12.7943230031382,38.277553656029,43.713182982597,9.3261707432433,40.2754657558775,-3.67397652646485,60.4116505384744,16.6485190694106,1910.84236647,86.9774607321273,1622.11314185286,13.4981035170147,31.1724669736697,5.63159308695469,0.067,0.401,0.666,0.999,24.5486407514102,72.633186871928,18.9645990002575,56.1107880518224,43.4877516192421,11.8389532442957,40.5954500726131,-3.39202149720465,60.7316348552099,16.9304740986708,1891.18454089689,140.160813920619,1647.99056659802,11.5058098374985,31.2158598942844,6.92340141242834,0.053,0.388,0.562,0.999,24.5061897721156,73.0561643075496,20.6285507369009,61.082798695912,48.1629550672803,70.4164324696983,6.7672022698186,27.2075343391189,54.6100424728654,63.2069310805998,13.6712683503517,20.7283884594176,22.253477402418,20.4403320693003,8.59688860773436,7.05712010906584,0,1,0,1,48.7199197622768,73.6384067255708,8.87959148489786,27.1150828273235,56.5992124666655,64.4517125746842,14.4819374148564,21.1444733613667,24.918486963294,18.2354913424257,7.85250010801878,6.66253594651029,0,1,0,1,49.0734755711403,71.8211860201687,7.64868925211553,26.9313380078273,56.5100701368818,64.4757175968758,13.1782817379282,19.8603779799701,22.7477104490284,19.2826487557117,7.965647459994,6.68209624204191,0,1,0,0,49.4918564507966,72.3498551285997,7.85626088842278,25.8856610294837,56.7996117836569,64.5440369469305,13.1068255215078,20.4133052212689,22.8579986778031,18.0294001410609,7.74442516327363,7.30647969976111,0,1,0,1
629,500,2,1,"L'Ecuyer-CMRG","10407_74757040_-2007111809_732798661_-950333657_-1511232129_-1045972347","10407_-1513303763_1295744382_-391703415_-1466879556_250141368_1244046431",2045617114,734121517,649490766,952871438,1658610715,1446625321,1000679640,78.1920000000009,5.25,6.42300000000068,1.8799999999992,1.86499999999978,480.741999999998,1,NA,"569e972f86b1","not-a-git-build","bbd3d4119dab4c61438d29ca56ae93a0","confirmatory",598.621999999999,30.4632963523226,9.67733739510895,29.201550548329,-3.38412219595473,48.9189702418743,16.2037830579609,928.012424649434,93.6508590587742,852.730554426615,11.4522830371535,22.7836231838019,5.57461469923815,0.002,0.253,0.41,0.931,15.0755770959536,46.675477083411,11.5201488380998,34.3835883378675,31.7758850400579,9.61070934145395,30.3377973329196,-2.54825201112779,50.0552170264649,17.0396532427879,1009.70687007898,92.3657340459102,920.381947013306,6.49358831221681,23.4915104032664,5.526434984279,0.005,0.269,0.433,0.964,16.5553707140496,49.5451860401962,12.5618219274505,38.4803436139778,32.1866608487649,12.8859777640191,28.8770906471641,-0.696237152001455,48.5945103407094,18.8916681019142,1035.98113659342,166.048422934794,833.886364244532,0.484746171827097,20.5515043112276,7.13429315076788,0.118,0.663,0.477,0.987,24.7491411627648,73.4195907236566,17.9094231091591,52.837091472579,32.2157595136885,11.0827236998693,30.5937013975843,-1.87146799708323,50.3111210911296,17.7164372568324,1037.85516104381,122.826764607644,935.974565204553,3.5023924641067,22.1114837081946,6.29853726064645,0.006,0.524,0.504,0.989,20.6009606330442,65.1172865548936,17.059550099666,52.4064750295114,38.4106282767634,61.4759057436953,8.01152314734551,25.3123828153205,45.0522164235432,52.7129868781645,12.9775881908237,19.260702020904,23.0652774669319,17.3008596679749,7.66077045462124,6.28311383008029,0,1,0,0,39.0815557852184,61.0504065866938,5.47947017922488,27.608398516884,46.161719406807,53.712472859929,13.7597285785833,20.4753857268374,21.9688508014755,22.1289283376591,7.55075345312207,6.71565714825412,0,1,0,1,36.7372012811815,59.8712025335153,9.33925838348215,29.5257982405612,44.7368403608829,52.7116267205073,15.1662215809425,22.5041080010407,23.1340012523338,20.186539857079,7.97478635962441,7.33788642009819,0,1,0,1,38.8428065243853,62.5283168514726,7.4915657785255,27.4748377634207,46.0887334243027,54.3412655188012,14.2936586422511,21.0247025847356,23.6855103270873,19.9832719848952,8.25253209449856,6.73104394248452,0,1,0,1
630,500,2,1,"L'Ecuyer-CMRG","10407_-300531797_136993627_947469712_1687362755_-1272269753_-849571912","10407_-1690471840_-460980232_-968382615_395550447_-1946801015_1922699992",649490766,952871438,1658610715,1446625321,1000679640,1661807795,1562387839,80.1280000000006,6.93999999999869,6.43399999999929,2.94800000000032,2.37799999999879,531.673000000001,1,NA,"569e972f86b1","not-a-git-build","bbd3d4119dab4c61438d29ca56ae93a0","confirmatory",656.785,37.4832655547764,9.04062719454591,36.9426529702325,-0.71429378537659,56.9639122863365,19.2325192496922,1404.99519664989,81.7329400707631,1364.75960847903,0.510215611827618,31.318075181922,5.23570882041939,0,0.005,0.339,0.918,13.0160148362198,39.2805756045664,9.5230214018422,30.4810602200548,41.1515588380833,9.26490594216565,40.6124168932323,0.297377690474651,60.6336762093363,20.2441907255435,1693.45079480423,85.8384821171763,1649.3684059097,0.0884334907920372,34.396032648502,5.35351985009104,0,0.006,0.387,0.941,14.4484217502367,43.3204371343518,10.57337464563,32.9478774975223,38.9479548656666,9.73439809690705,38.1640498942436,0.346089323580692,58.1853092103475,20.2929023586495,1516.943188218,94.7585063090677,1456.49470433031,0.119777819896541,30.5989096925889,5.51469788010654,0,0.086,0.444,0.982,16.9041562343534,53.7938558518319,12.8978854129097,42.0346962754197,39.9236157580039,10.0411522890424,39.2865219714711,0.37843447176137,59.3077812875751,20.3252475068302,1593.89509519274,100.824739291742,1543.43080861488,0.143212649417307,32.0129983066709,5.73554181303457,0,0.062,0.412,0.988,15.2713475278169,52.2206496890328,12.6613788710512,44.240420628357,46.5960671107233,66.4879684649288,9.7122354248949,29.1331376021534,53.4055381344714,60.7334372872273,16.0163496840889,22.4987837574593,19.8919013542055,19.4209021772585,7.32789915275588,6.48243407337042,0,1,0,1,50.6895246691353,71.0106374715423,10.2036013813918,29.7825610642709,56.7391335067561,64.3914134576024,16.8362908025028,23.3087519268105,20.3211128024069,19.578959682879,7.65227995084628,6.47246112430775,0,1,0,1,47.6844078352126,68.8568576145293,10.3460627821593,29.5371128690639,54.1084468246092,62.045125615643,16.8642918311746,23.5674716638613,21.1724497793168,19.1910500869046,7.93667879103373,6.7031798326867,0,1,0,1,49.3183035739377,68.5450757368301,9.47697740420235,31.1835512285307,55.6538198676373,63.1110203741378,16.7736677268803,23.9065942912248,19.2267721628924,21.7065738243283,7.45720050650048,7.13292656434448,0,1,0,1
631,500,2,1,"L'Ecuyer-CMRG","10407_-1669878655_-837204556_1633499059_-327610280_1145498317_-2072861445","10407_-2145465385_-778178876_-370833580_1855046547_-307643835_867741757",1658610715,1446625321,1000679640,1661807795,1562387839,1413403365,828996565,82.0750000000007,6.80000000000109,6.30999999999949,1.98699999999917,1.95999999999913,529.537,1,NA,"569e972f86b1","not-a-git-build","bbd3d4119dab4c61438d29ca56ae93a0","confirmatory",652.888999999999,39.2347296777478,9.05073189277241,38.2502491396466,0.970419832250005,57.9444029145311,20.5442138090224,1539.36401288595,81.9157477948477,1463.08155924503,0.941714650824129,32.7786295577626,5.2904799376343,0,0.028,0.333,0.923,12.7401220172241,38.3314639714915,9.73216408031331,30.5737681079329,41.4391994404451,9.35203882929349,40.4459277597471,2.31730023165934,60.1400815346316,21.8910942084317,1717.20725026499,87.4606302646131,1635.87307234668,5.36988036364842,34.3634505666813,5.43448246614652,0,0.035,0.364,0.937,14.1030094068506,42.5427937450134,10.4091646761128,32.5640048686583,41.2554732549377,9.66771722894881,39.9704652317406,1.62777590796664,59.6646190066251,21.201569884739,1702.01407348888,93.4647564189136,1597.63809084178,2.64965440655663,33.0906277554052,5.53606759901918,0.005,0.153,0.456,0.991,16.0047857268448,49.8473943607273,13.516097483955,46.443233913043,41.4708058631334,10.0627006246521,40.5021234410274,1.88489654334815,60.196277215912,21.4586905201205,1719.8277389377,101.257943861374,1640.42200323222,3.55283497912581,33.4053260802433,5.7644494517713,0,0.073,0.401,0.977,14.7507991261944,51.3173543565769,12.6512400785437,45.3713962447499,46.8820409656013,68.7871385355136,10.3662754041461,30.7142133143605,53.9258858961768,62.1203222767975,17.3456098683428,23.7224487262575,21.9050975699122,20.3479379102144,8.19443638062071,6.37683885791473,0,1,0,1,49.8398321454565,72.118052209114,12.2180589307141,31.3009884168493,56.5044077129316,63.4566147321794,18.5786573124917,25.2069487487182,22.2782200636575,19.0829294861352,6.95220701924778,6.62829143622658,0,1,0,1,48.8573235334185,71.6147939199284,11.3056285297148,30.8927809042864,55.9360888062658,63.2349723639523,17.889799425307,24.7516579929739,22.7574703865099,19.5871523745716,7.29888355768647,6.86185856766684,0,1,0,1,48.8973488353223,71.0889569504297,11.5675878001108,31.8753957504777,56.5436173018438,63.8965617392178,18.0654371265212,24.6967871599731,22.1916081151074,20.3078079503669,7.35294443737395,6.63135003345181,0,1,0,1
632,500,2,1,"L'Ecuyer-CMRG","10407_1894543937_-1684722266_1398308648_-1947333587_1136508891_-1433653112","10407_2101697695_245536582_-1465924807_239959286_1902782306_846094886",1000679640,1661807795,1562387839,1413403365,828996565,1500101727,1066988127,82.9509999999991,6.55299999999988,7.94499999999971,2.34299999999894,3.32500000000073,525.694,1,NA,"569e972f86b1","not-a-git-build","bbd3d4119dab4c61438d29ca56ae93a0","confirmatory",654.207,34.9655973091353,9.24830726081981,34.2097775229452,0.541971564073854,54.3268553576706,20.5388579300073,1222.59299518461,85.5311871905324,1170.3088781694,0.29373317626466,28.4157539284222,5.44083593542332,0,0.033,0.322,0.92,13.6143778101941,40.3823882674874,9.69002762026927,30.1512654748853,36.4000512450554,9.15882749059393,35.3689953691951,0.262260792884334,55.4860732039206,20.2591471588178,1324.96373064266,83.8841210024591,1250.96583342615,0.0687807234843194,29.0859632463839,5.35363449350792,0,0.066,0.331,0.945,14.9057488717912,44.1373680716928,10.0268639494109,31.9651219832953,35.7909812574211,9.4374664286223,34.498275917694,0.394911542890302,54.6153537524194,20.3917979088237,1280.99433936907,89.065772591373,1190.13104129335,0.155955126707999,26.6384197515538,5.48294719887104,0,0.265,0.48,0.993,18.9522289618451,56.6948187965135,14.4137499002837,46.9347534214809,35.4171768055699,9.54231823800125,34.2388567569449,0.588163227221063,54.3559345916703,20.5850495931545,1254.376412877,91.0558373552913,1172.29931202259,0.345935981855096,26.6781890741956,5.53903616448797,0.012,0.277,0.359,0.988,17.4122567215848,56.3349109488424,11.910793437703,40.0540801052313,42.4476113579206,65.3823522655312,11.1036440938535,30.2492200381855,50.2500338900124,58.3577931589107,17.0544174908066,23.8338309641555,22.9347409076106,19.145575944332,8.10775926889834,6.77941347334884,0,1,0,1,43.7547683822197,67.5003013681845,10.578628345596,29.5209977904209,51.3880805135671,59.2696163836064,17.1975631399899,23.6674581500685,23.7455329859649,18.9423694448249,7.88153587003933,6.46989501007865,0,1,0,1,43.6557254260436,66.4321996204278,9.75908256569792,29.8414208101893,50.8105483146771,58.504688033381,17.2646341897836,23.4169317323661,22.7764741943842,20.0823382444914,7.6941397187039,6.15229754258246,0,1,0,1,42.7214695728673,66.9672373341095,9.99424587448629,30.8875431959062,50.6729553457514,57.8622537853821,17.5516975427483,23.6762182855017,24.2457677612421,20.8932973214199,7.18929843963068,6.12452074275343,0,1,0,1
633,500,2,1,"L'Ecuyer-CMRG","10407_-1127972966_-2066960592_1924369627_-1614857331_-699314556_-1858828422","10407_1624845_-284327967_-980056991_-272176375_2093129115_-1974029512",1562387839,1413403365,828996565,1500101727,1066988127,192431345,622423558,82.5370000000003,5.27500000000146,7.04000000000087,1.88400000000001,1.92499999999927,542.173000000001,1,NA,"569e972f86b1","not-a-git-build","bbd3d4119dab4c61438d29ca56ae93a0","confirmatory",666.977999999999,41.976845050381,11.0174139175559,41.1351134093082,-6.11253092177437,60.8001039152517,13.5668774477526,1762.05552038369,121.383409430754,1692.09755519664,37.3630342696478,35.5790982922682,6.45177099836742,0,0.005,0.383,0.831,13.1008218875593,38.5866531785459,11.0956221280999,32.9227238658479,42.0920412154394,10.9003018262178,41.2870017769425,-5.32723819564395,60.9519922828861,14.352170173883,1771.73993368225,118.816579902647,1704.61651572925,28.3794667931278,35.2462259073112,6.30438672409782,0,0.009,0.378,0.89,13.8391272834201,42.3857214684142,11.6082945948912,35.776605106857,42.2682878446883,12.0276948062991,41.4549742511671,-6.56979626324248,61.1199647571106,13.1096121062845,1786.60815732142,144.665442353475,1718.51489016492,43.1622229405148,33.8395811291813,6.92210311453437,0,0.127,0.466,0.959,15.9538710298318,55.3092839346043,15.6100511120926,48.1799702179564,41.9259202373991,10.8997953088297,41.0352317318916,-5.50004172448153,60.7002222378352,14.1793666450454,1757.78278775275,118.805537774385,1683.89024329004,30.2504589710377,34.3896424809063,6.21168391696109,0,0.084,0.409,0.956,13.3634555711622,48.7575415958783,12.9484379455673,43.1893044149923,49.1760261611325,71.9965611325206,2.63163387892553,23.1530686651441,56.7655295979546,64.6795639585255,10.4276026797616,17.1985175819671,22.8205349713881,20.5214347862186,7.91403436057092,6.77091490220553,0,1,0,0,50.8185616938869,73.0954333713554,4.35941905768124,23.3827601221642,57.3765562748373,64.7065326128825,11.4418916769203,17.4789521268702,22.2768716774684,19.0233410644829,7.32997633804521,6.03706044994992,0,1,0,0,51.206612628934,71.805290940295,3.99134703239216,23.3276085425635,57.7824282562995,64.3804930795436,9.53700125162971,16.4412848973317,20.598678311361,19.3362615101713,6.5980648232441,6.90428364570202,0,1,0,0,50.5199820672264,71.8569365020819,5.19605425525662,24.6047579182825,57.284698366869,64.0590579722213,10.3142774270534,17.5726819777637,21.3369544348555,19.4087036630258,6.7743596053523,7.25840455071026,0,1,0,0
634,500,2,1,"L'Ecuyer-CMRG","10407_-2037972468_1528600121_-547490905_157762831_451374785_969571686","10407_1244877110_-2081494869_1142885378_475894049_1057612231_319147398",828996565,1500101727,1066988127,192431345,622423558,503293376,1179095652,81.1650000000009,6.4989999999998,7.80999999999949,2.35499999999956,3.42399999999907,551.399000000001,1,NA,"569e972f86b1","not-a-git-build","bbd3d4119dab4c61438d29ca56ae93a0","confirmatory",678.440000000001,37.1115178409171,8.50976263560348,36.2281585175205,1.08884869019348,55.8419549216247,20.6251176615565,1377.26475645671,72.4160601143132,1312.4794695706,1.18559147013605,30.5196069500878,4.89256341702752,0,0.04,0.415,0.977,12.9653733794657,40.3374398547902,11.104167917597,34.2201171963931,37.5036953656182,7.82315559978276,36.5934449509281,1.41758990864857,56.2072413550323,20.9538588800116,1406.52716607709,61.2017635384124,1339.08021337661,2.00956114910227,30.7145136721854,4.47121316920501,0,0.037,0.475,0.99,13.3004376740899,41.5530695631094,11.5354955311784,34.1898227477725,37.1901527622173,8.70525324568052,36.1808483310098,0.16473214786599,55.794644735114,19.7010011192291,1383.10746247706,75.7814340714312,1309.05378595154,0.0271366805405425,28.0837963256799,5.14307540681113,0,0.31,0.596,1,18.1986519385687,59.9139885238749,15.5537501470021,50.587192251369,38.9621604259103,9.56918177493975,37.6074622474898,2.1812505674761,57.2212586515939,21.7175195388392,1518.04994505437,91.5692398418391,1414.32121669637,4.7578540381148,29.5316023910915,5.46508676013375,0.002,0.272,0.409,0.991,18.7495766211996,58.5316216984853,12.2958115738766,42.4185511416337,44.550062618659,65.9697584826529,9.80606524323617,30.0149789415124,51.7699190931891,60.2879623348629,17.3253056674726,23.7801095202677,21.419695863994,20.2089136982762,8.51804324167387,6.45480385279513,0,1,0,1,46.2513250741741,66.2500517280521,12.4130619920227,29.2650033166501,52.4054086872239,59.8341602984166,17.8678418567356,23.7673544338884,19.998726653878,16.8519413246274,7.42875161119269,5.89951257715275,0,1,0,1,45.2427376567747,64.7780539562723,9.94688161792127,29.2609011953379,52.2475768780665,59.382620896323,16.621258107614,22.7578074957387,19.5353162994976,19.3140195774167,7.13504401825658,6.13654938812471,0,1,0,1,44.8922142004997,69.0356417157651,12.4969228217118,30.9096858818561,52.8924639166888,61.6996512550066,18.7677790337415,24.7370629687766,24.1434275152654,18.4127630601443,8.80718733831782,5.96928393503512,0,1,0,1
635,500,2,1,"L'Ecuyer-CMRG","10407_2056714069_1066270074_578059939_2084640193_767232241_-1017309511","10407_-2040554324_-1903984628_-1449430522_843730748_543887845_-98709707",1066988127,192431345,622423558,503293376,1179095652,458977514,2051522212,82.3810000000012,5.41899999999987,7.16499999999905,1.92200000000048,2.28300000000127,541.947,1,NA,"569e972f86b1","not-a-git-build","bbd3d4119dab4c61438d29ca56ae93a0","confirmatory",667.835000000001,30.9083252986355,9.6944213515744,29.631407679956,5.34893474326305,49.4669042191556,25.1556938067123,955.324572766273,93.9818053418616,878.020321095755,28.6111028876866,24.2018310927964,5.61456905829772,0,0.153,0.373,0.905,12.9258404040888,38.6715186928581,10.5941837594726,31.6140062187559,31.3659128096774,9.93630322816043,29.967423306927,6.33746127158796,49.8029198461265,26.1442203350372,983.820486384287,98.7301218419514,898.046459656551,40.1634153688772,24.3339879614756,5.69263646277077,0.005,0.163,0.391,0.946,13.435225677664,40.2180380538977,11.8055791206073,35.5047500484445,32.402335862717,10.145633942003,30.6002608387159,6.42189988533304,50.4357573779154,26.2286589487822,1049.91136936032,102.933888085124,936.375963397448,41.2407981372405,23.6386373984493,5.92900236520562,0.016,0.339,0.519,0.999,16.5480537126986,52.0780956350397,16.572659442781,51.3493397162451,33.101485462541,10.2270645662927,31.4448955010452,6.58750830416195,51.2803920402448,26.3942673676112,1095.70833982681,104.592849643119,988.781453071652,43.3952656574027,24.0596306852842,5.86440387218938,0.007,0.304,0.441,0.994,16.7394573694345,55.0716984211484,14.7085607534816,47.9116087301973,36.8924969854389,61.9330434783387,16.3107284524583,34.3190239409236,45.0147328142057,53.8930513555083,22.1202174065063,28.4645646021022,25.0405464928999,18.0082954884653,8.87831854130268,6.34434719559587,0,1,0,0,39.4970276016876,60.0436093807924,16.7032881097233,35.1318376751685,46.0626330141472,53.5318245371909,23.2921115155535,29.2216269679881,20.5465817791048,18.4285495654453,7.46919152304368,5.92951545243461,0,1,0,0,39.5381969565376,62.1687808004667,16.1980803363491,36.7292223165589,46.2552322898465,54.4127779306161,23.2527247416718,29.2092263809108,22.6305838439291,20.5311419802099,8.15754564076961,5.95650163923894,0,1,0,0,39.8523207331978,62.6306086438411,17.7058198791815,35.916749510161,47.3905229029922,55.2427525684875,22.8846360201129,29.5594170894902,22.7782879106433,18.2109296309795,7.85222966549534,6.6747810693773,0,1,0,0
636,500,2,1,"L'Ecuyer-CMRG","10407_-425657134_-1321447226_1581739070_182351118_-1702969624_1406522117","10407_365209938_878406763_1417248891_-1420693244_-944292228_-1573223145",622423558,503293376,1179095652,458977514,2051522212,587127286,796106431,82.3400000000001,6.85300000000097,7.85099999999875,2.36299999999937,3.08300000000054,518.350999999999,1,NA,"569e972f86b1","not-a-git-build","bbd3d4119dab4c61438d29ca56ae93a0","confirmatory",646.809999999999,42.9730147728129,15.4338261045489,42.038552604639,-12.7849111674848,61.9521045632518,7.34599816588377,1846.67999866439,238.202988225454,1767.239905093,163.453953560478,35.9965778448572,9.89377098321659,0,0.034,0.207,0.617,13.6856284200142,42.2339632810219,10.1639320039485,31.2293874809335,45.5281071356682,14.8283067599026,44.0909101097843,-11.7967842638343,64.0044620683971,8.33412506953423,2072.80853935688,219.878681365773,1944.00835430908,139.164118967449,37.3487501940877,9.24674919116755,0,0.066,0.263,0.684,15.947696037831,47.1968233086195,10.7251154301314,33.6595721268064,46.1163370230563,15.19422776597,44.3664861678652,-12.5242168084516,64.2800381264781,7.60669252491696,2126.71654042411,230.864557404174,1968.38509488338,156.856006665102,35.8508683635841,9.29807978340931,0.009,0.231,0.255,0.792,20.8386377958832,61.7216644888912,12.4426524364534,42.191453056213,45.041267519333,14.3400294886824,43.336135303162,-11.3528508606427,63.2496872617748,8.7780584727259,2028.71577974812,205.636445736279,1878.02062301396,128.887222663995,35.3730646559942,8.51415800935015,0.015,0.242,0.304,0.874,19.1250701772547,58.4741441372461,12.7247413191298,42.8932716107468,51.8387432863209,72.010297381396,-1.70989963238701,16.8887380719559,58.2773658856081,65.9081473249608,4.2651073548317,10.5141830080258,20.1715540950751,18.5986377043429,7.6307814393527,6.24907565319415,0,0,0,0,54.2161028670134,74.4730897328257,-0.776032929118631,19.2208764969447,60.6956432064386,67.1979525637737,5.52426373774156,11.1492646464269,20.2569868658122,19.9969094260633,6.50230935733511,5.62500090868539,0,0,0,0,54.4177734159189,74.8355587286254,-1.9476003093172,16.8014305643358,60.7248472753549,67.8115897481785,4.54989705485764,10.6596252856307,20.4177853127065,18.749030873653,7.0867424728236,6.10972823077307,0,0,0,0,52.601344994278,72.9413703453832,0.219001143222777,18.5928808229162,59.850198823183,66.9703191680551,5.14109081477123,12.0888190536413,20.3400253511052,18.3738796796934,7.12012034487206,6.94772823887009,0,0,0,0
637,500,2,1,"L'Ecuyer-CMRG","10407_-885113106_-910299297_-21397592_-520167996_1466146790_1110984571","10407_431243809_-970866532_709642419_-1161430346_-1997276415_-440148526",1179095652,458977514,2051522212,587127286,796106431,347234732,1322428784,83.2819999999992,5.4489999999987,6.56399999999849,1.98300000000017,3.24099999999999,530.564999999999,1,NA,"569e972f86b1","not-a-git-build","bbd3d4119dab4c61438d29ca56ae93a0","confirmatory",655.862000000001,34.4881838053199,10.2451634674449,33.1878913309398,-1.85975357557428,53.5015365416758,18.3742002686583,1189.43482218953,104.963374474668,1101.43613099427,3.45868336186131,27.0780446110019,5.86953814760426,0,0.137,0.411,0.945,14.4931774736268,43.1745526730576,12.8865490926375,38.5249608965601,36.4944755480719,10.3610615059931,34.603117532432,-2.43401838706307,54.916762743168,17.7999354571695,1331.84674552882,107.351595530972,1197.3757429633,5.92444550856111,27.9440006810775,5.89413678329796,0.001,0.202,0.474,0.961,16.313708685161,47.1420472726507,14.8068940134893,42.7992459724417,37.2848548319751,12.9047927725404,34.5660029172553,-2.32842506708592,54.8796481279914,17.9055287771467,1390.16039984146,166.53367650221,1194.80855767571,5.42156329303409,26.5524248757526,7.31053075671268,0.027,0.439,0.539,0.982,19.811500355437,61.9931761482474,20.0578361689596,59.5242038573514,38.1762707113226,13.5574934327024,35.6742831843962,-1.31082084516373,55.9879283951322,18.9231329990688,1457.42764542419,183.805628177769,1272.65448072049,1.71825128811576,27.668816484857,7.77163306623808,0.021,0.365,0.45,0.955,20.0172418148108,59.6866024517604,17.6205962277259,53.8722418902139,42.3723029628242,64.1957720298785,8.23481630337903,27.9507366733019,49.4179444180965,57.7890084891069,15.200585677598,21.5424204307027,21.8234690670543,19.7159203699228,8.37106407101044,6.34183475310468,0,1,0,1,43.6425091898446,65.7285810428809,8.42932558845941,28.6344442779373,51.0367002426065,58.6742857368986,14.1357785774987,21.3732948108688,22.0860718530362,20.2051186894779,7.63758549429207,7.23751623337008,0,1,0,1,42.4465141915878,67.1976712047627,7.38372516883279,27.797329676401,50.7271718969519,58.8054736091673,14.3584236767841,21.620674845288,24.7511570131749,20.4136045075682,8.07830171221541,7.2622511685039,0,1,0,1,45.5361044052,66.7462385441404,8.9939912887843,29.2297283805428,52.4751186102598,59.3777195429776,15.4344393434387,22.3026068061151,21.2101341389403,20.2357370917585,6.9026009327177,6.86816746267647,0,1,0,1
638,500,2,1,"L'Ecuyer-CMRG","10407_-1683039560_1507574234_-1818735004_1363929579_185742779_-179707980","10407_535590309_-1673646833_1421197535_554968708_11644205_-524759202",2051522212,587127286,796106431,347234732,1322428784,53077820,402595768,82.0010000000002,8.04700000000048,6.41899999999987,2.84500000000116,2.34900000000016,539.904,1,NA,"569e972f86b1","not-a-git-build","bbd3d4119dab4c61438d29ca56ae93a0","confirmatory",666.745999999999,34.0321165804691,8.39379463044039,33.3248183709604,2.3174187367513,52.9916858014565,22.0252655430736,1158.18495894664,70.4557882980099,1110.5435194575,5.37042960144601,27.0938072457624,4.79788837780999,0,0.071,0.432,0.96,14.2875053311392,44.0926698806995,10.6927228680484,32.5069764783291,37.1525984035122,9.29689335584086,36.3968656291029,3.10732546159791,56.063733059599,22.8151722679202,1380.31556813265,86.4322260698778,1324.73182762297,9.65547152429468,29.6821945723093,5.38090021217609,0,0.045,0.371,0.934,15.5580861755716,47.0893899266387,10.3810059907897,31.7450136073577,38.8781442806075,9.43080396772622,36.6826599319717,2.94786421284986,56.3495273624678,22.6557110191721,1511.51010270373,88.9400634776807,1345.61753968468,8.68990341740095,27.882188938788,5.36400966822652,0.026,0.365,0.452,0.987,23.0947800812715,65.8635512373906,12.6066708554787,41.6015131065544,36.2232908947467,9.22324780603902,35.2764812018407,3.03897612366415,54.9433486323368,22.7468229299864,1312.12680324544,85.0683000916036,1244.43012598382,9.23537588020078,26.8050516146869,5.2257955170628,0,0.389,0.391,0.994,19.6687877264154,61.5859983574021,11.078643238654,38.2071229378071,41.9871066271839,66.3882078824642,11.2775682448206,31.9795498761448,48.9687591982233,56.6043933705828,18.4875010876609,25.573883206243,24.4011012552803,20.7019816313242,7.6356341723595,7.08638211858208,0,1,0,1,44.8425764499674,66.5417298855539,13.1515636713357,32.8844950860959,52.7252875663803,59.8057514565751,19.3486651178114,26.4942562748723,21.6991534355865,19.7329314147602,7.08046389019477,7.1455911570609,0,1,0,1,45.9606396598672,68.002828147993,12.5338323128648,33.1462544398082,51.9106577259308,60.3600884774748,19.4241643986904,25.8368632248686,22.0421884881258,20.6124221269434,8.44943075154398,6.41269882617825,0,1,0,1,44.1202367611235,65.4773517524798,12.594786031922,31.6996036897237,50.8535546100724,58.8351133166102,19.4814446771721,26.2936727744113,21.3571149913564,19.1048176578017,7.98155870653778,6.81222809723918,0,1,0,1
639,500,2,1,"L'Ecuyer-CMRG","10407_-1787357513_1447713942_-867025585_162022657_-409884944_230392376","10407_-455924312_-784299881_-557347435_139038120_2030668703_-1285174632",796106431,347234732,1322428784,53077820,402595768,852964758,1370234420,82.1779999999999,6.53700000000026,5.30099999999948,1.94099999999889,2.0570000000007,554.995000000001,1,NA,"569e972f86b1","not-a-git-build","bbd3d4119dab4c61438d29ca56ae93a0","confirmatory",679.49,36.9426939324866,7.46689937462742,36.1999601240149,1.85147248499321,56.1221183287439,21.7516648761485,1364.76263498939,55.7545862708113,1310.43711298027,3.42795036268693,30.7530927934954,4.24773207730014,0,0.012,0.51,0.984,12.7267393131536,37.932725009091,11.142082963984,33.4168444297463,38.0986995353661,8.7308486823114,37.2538473419486,3.46127441875419,57.1760055466776,23.3614668099095,1451.5109062861,76.2277187134186,1387.84914177721,11.9804206019222,31.7675775677134,4.9551496136909,0,0.015,0.468,0.963,12.6486088986362,38.5155893728078,11.8453351929887,36.0060608275796,38.691738115372,8.46147497305915,37.642802388409,2.73212574496165,57.564960593138,22.6323181361169,1497.05059838853,71.5965587197064,1416.98057165281,7.46451108628227,30.4872223331387,4.86052260561098,0,0.167,0.525,0.991,15.6112709794444,51.8706377161925,13.411987025245,43.2373373360297,37.6834911918599,8.19269682736262,36.8217172348152,2.31634797387249,56.7438754395441,22.2165403650278,1420.04550840699,67.1202813050776,1355.83886012069,5.36546793606317,30.5414113635624,4.68800123095584,0,0.128,0.502,0.999,13.5101568180054,45.3912908539527,12.9226883556446,42.0155565625322,45.1255482079747,66.7928272331237,11.8309660613566,31.3986539736218,52.7986132361199,60.1619358014293,18.4698451102709,25.1288595138912,21.6672790251491,19.5676879122652,7.36332256530944,6.65901440362027,0,1,0,1,45.8042907023788,66.847315705922,14.503219005844,33.961221399049,53.7029613552807,60.7251875833818,19.7142375076633,26.5317546603088,21.0430250035431,19.458002393205,7.0222262281011,6.81751715264555,0,1,0,1,46.6544807866101,68.0617294382819,13.1707182707111,32.072143813284,54.1053568432203,60.8694725391232,19.1883995582027,26.0552684942299,21.4072486516718,18.9014255425729,6.76411569590289,6.86686893602723,0,1,0,1,46.7059284333635,67.1986746117029,12.9211310740921,31.5852923903106,53.2542414743858,60.385397514325,19.243017243605,25.4557760366263,20.4927461783395,18.6641613162185,7.13115603993926,6.21275879302134,0,1,0,1
640,500,2,1,"L'Ecuyer-CMRG","10407_-483498995_118545585_-1821987851_1991112651_220826503_-2104875598","10407_859308955_-364969590_1894624637_-391671666_437768833_-581808448",1322428784,53077820,402595768,852964758,1370234420,1777073112,1578518350,77.6660000000011,6.69000000000051,6.6869999999999,2.73600000000079,2.3640000000014,552.922999999999,1,NA,"569e972f86b1","not-a-git-build","bbd3d4119dab4c61438d29ca56ae93a0","confirmatory",675.841,40.1598901570927,8.76203390912128,39.3716788683693,-2.96045430549926,59.1492754913681,17.0132565622428,1612.81677742975,76.7732382245911,1550.129096914,8.7642896949491,33.5989155021814,5.0146742797827,0,0.008,0.435,0.952,12.9949191955616,40.8245759889221,10.8559763896314,33.13049610134,42.0647892430283,9.36363654327279,41.1208052375108,-1.27377462787733,60.8984018605096,18.6999362398647,1769.44649406039,87.6776893145136,1690.92062338129,1.62250180262402,34.4027077492817,5.34788801590706,0,0.025,0.457,0.956,15.9866974787063,46.5322555934536,12.32037955103,36.7794541245103,42.3747993782476,9.70812368351564,41.0958383245871,-2.32107805694136,60.873434947586,17.6526328108007,1795.62362234673,94.2476654544373,1688.86792760061,5.3874033464147,32.2113253317482,5.57909921755912,0.001,0.205,0.545,0.99,20.8000898463927,63.629515316597,15.1514659678344,46.6804217590762,43.2574289481175,10.4851609581276,42.1029823876723,-2.08991523431247,61.8805790106712,17.8837956334296,1871.20515920143,109.938600317843,1772.66112593665,4.36774568661134,34.4413877370658,5.99085045549909,0,0.091,0.509,0.952,16.9331765520896,54.6750580361125,14.8586018875312,44.8830997970033,48.9858790742499,70.2604273227878,7.76545208875221,25.46093572545,55.6486443790424,62.6832574713638,13.703432655749,20.2565508953223,21.2745482485379,17.6954836366978,7.03461309232139,6.5531182395733,0,1,0,1,48.3265414397664,73.1079923905961,8.86736391053397,28.3225194734246,56.9151571901388,64.8511343722731,15.3430156752404,21.9704061299713,24.7814509508297,19.4551555628907,7.93597718213425,6.62739045473083,0,1,0,1,49.4861584565116,72.0427644470836,8.69397306685663,26.6017437701715,57.3017359168457,64.5892490016638,14.5923004376975,20.8526876018621,22.556605990572,17.9077707033149,7.28751308481811,6.26038716416461,0,1,0,1,50.0869782515984,72.2732127027227,8.44311753212431,28.6204514079973,57.7053254988977,65.7045878667045,14.6740699841702,21.3214176127513,22.1862344511243,20.177333875873,7.99926236780678,6.64734762858109,0,1,0,1
641,500,2,1,"L'Ecuyer-CMRG","10407_1187105725_-837526465_870149355_-1841661120_-270418471_-515463125","10407_-1221206043_1844278450_-1276449303_-2027989621_1628835350_-1673422319",402595768,852964758,1370234420,1777073112,1578518350,854071511,2122379388,80.5519999999997,5.40899999999965,5.77099999999882,1.98299999999836,3.11700000000019,548.491,1,NA,"569e972f86b1","not-a-git-build","bbd3d4119dab4c61438d29ca56ae93a0","confirmatory",671.444,39.4328381712522,8.61865756946698,38.4391702600497,2.48962373999837,58.4234176603409,22.5605192312585,1554.94872624016,74.2812582997304,1477.56981028109,6.19822636676346,32.6175592606911,4.94358320556295,0,0.038,0.398,0.947,13.3870682630795,40.9032245513958,9.9778541659416,30.9631287610277,40.1303552670113,8.69234644808891,39.0512348400767,3.66789849669686,59.0354822403678,23.738793987957,1610.44541385654,75.5568867736038,1524.99894253482,13.4534793820711,32.603292441814,4.97290743725884,0,0.039,0.427,0.93,15.1368180154421,44.7056887796712,10.3227492902532,32.2742410231897,40.42846478391,9.58828166912821,39.0796392590545,3.69416086299579,59.0638866593456,23.765056354256,1634.46076478385,91.9351453665401,1527.21820461783,13.6468244816898,30.9518539997047,5.51041627408269,0.001,0.242,0.575,0.982,18.9293630468884,58.5814730539941,14.8283347187026,47.3101916584825,40.6207812685191,9.91516933511856,39.226918757986,2.54990693314266,59.2111661582771,22.6208024244028,1650.04787086487,98.3105829440754,1538.75115524563,6.502025367689,30.6950004655568,5.67548498881763,0.003,0.246,0.512,0.974,19.9912747005268,62.148422330145,14.6212330971912,46.6750415260091,47.8345818064627,68.4104464939589,13.5062070003995,32.6396485653248,54.9803798816739,62.0742051496523,19.3410663037149,25.6460978502357,20.5758646874961,19.1334415649253,7.09382526797839,6.30503154652072,0,1,0,1,48.4369755436069,69.8571001217798,15.8727521491197,32.2677790845585,55.5070485472642,62.1007874729922,20.5434635008381,26.7745205995367,21.4201245781728,16.3950269354387,6.59373892572798,6.23105709869866,0,1,0,0,48.5107306735562,69.3668572798804,14.5793741477649,32.3000656179296,55.3921624018157,62.7106893331035,20.2730645765071,27.1812127480799,20.8561266063242,17.7206914701647,7.31852693128787,6.90814817157285,0,1,0,0,47.9498630458002,70.2021385730245,13.4219309066266,32.0220660272549,55.4589440509169,62.9620365202837,19.2191893346642,26.1193888890345,22.2522755272242,18.6001351206283,7.50309246936682,6.90019955437033,0,1,0,1
642,500,2,1,"L'Ecuyer-CMRG","10407_-527410644_-210456178_326464932_-1295695926_2112732481_491084256","10407_-1728953428_1560406461_1914809085_2065264161_-916738258_-118992064",1370234420,1777073112,1578518350,854071511,2122379388,1454639450,1955317525,79.8680000000004,6.496000000001,6.47400000000016,2.63800000000083,2.30599999999868,512.243999999999,1,NA,"569e972f86b1","not-a-git-build","bbd3d4119dab4c61438d29ca56ae93a0","confirmatory",638.322,31.2767507067547,9.23278108183842,30.1434571806336,0.0945548628322328,49.8803161205455,19.7128899149238,978.235134772479,85.2442465051534,908.628010800693,0.00894062208522236,25.0842769428137,5.39059668561197,0,0.096,0.332,0.933,11.4571356972458,35.7736862464547,10.0704144421542,31.5429600990319,33.4599948141015,9.46197001993253,32.3583746165626,0.61065431147366,52.0952335564745,20.2289893635652,1119.5712529597,89.528876658102,1047.06440782581,0.372898688121369,26.45737983985,5.47388332348483,0,0.084,0.373,0.954,13.7258811714164,41.6599629519853,11.0741722135386,34.7205120650453,33.1031615048586,9.1611021715697,31.7267623896746,-0.680130459320857,51.4636213295864,18.9382045927707,1095.81930161675,83.9257929979391,1006.58745173087,0.462577441696,24.3997345413362,5.25915899328635,0.001,0.284,0.432,0.985,16.569968019674,53.8120051674983,12.6090300734106,40.4506661360216,32.2413169362875,9.70574188958354,30.7646508433515,0.656527542996471,50.5015097832633,20.274862595088,1039.50251778614,94.2014256272167,946.463741513326,0.431028414712984,23.4089550891756,5.5804739108296,0.001,0.372,0.416,0.986,15.8551664210573,55.7530265723481,13.0793302672858,43.2802763359537,39.30074004558,59.9102869397239,10.3150706232073,27.7320247200979,46.0320840024173,53.6472963650952,16.3608880609137,23.0354092416667,20.6095468941439,17.4169540968907,7.61521236267792,6.67452118075305,0,1,0,1,41.8421449452559,62.9207026532728,10.9991756416085,28.4805360622905,48.3902800431519,56.290472277069,17.2486032177089,23.375177908837,21.078557708017,17.481360420682,7.90019223391707,6.1265746911281,0,1,0,1,40.4511807846759,62.3400249766967,9.77907451798227,27.9973534329719,47.4556623127462,55.4610654129338,15.5367052807568,22.4741263694758,21.8888441920208,18.2182789149897,8.00540310018758,6.93742108871895,0,1,0,1,38.6970181977008,60.8122506315075,11.5140767513742,29.8175709982616,46.6674964539587,54.3301791018246,17.1065205200502,23.0929515794376,22.1152324338067,18.3034942468874,7.66268264786591,5.98643105938738,0,1,0,1
643,500,2,1,"L'Ecuyer-CMRG","10407_-1209488924_-2040800022_1451469550_-1568234699_-144549946_-422998610","10407_265507828_-409086308_1565429089_-1600890015_-1339632120_1454067238",1578518350,854071511,2122379388,1454639450,1955317525,339578899,1255920,79.6670000000013,6.55199999999968,6.20499999999993,1.92099999999846,1.91799999999967,511.914999999999,1,NA,"569e972f86b1","not-a-git-build","bbd3d4119dab4c61438d29ca56ae93a0","confirmatory",632.998,32.8789544475356,9.73899219509859,32.2497614839844,-4.24996983039945,52.6509001818929,16.223069229084,1081.02564556312,94.8479689761913,1040.04711577389,18.0622435593056,26.4622643059257,5.56581942773312,0,0.028,0.422,0.914,14.0588376636665,39.779891438799,11.7671739336428,34.8292102270894,33.2554834314553,11.5152924175125,32.6648672261996,-3.17391107962519,53.0660059241081,17.2991279798583,1105.9271782598,132.601959460822,1066.99355090525,10.0737115413676,26.5273714535793,6.68619414830718,0,0.042,0.382,0.885,14.3685504627161,42.9669208523214,11.9692853185258,35.6179389302424,33.511986940884,12.5838206694996,32.6841355199114,-3.20457000783265,53.0852742178198,17.2684690516508,1123.05326872598,158.352542642126,1068.25271468393,10.2692689351006,24.7695809959591,7.25871357241458,0,0.319,0.408,0.943,19.0077473860961,57.0075600056004,13.8669250569966,43.3155362496481,35.2502806332423,11.4640028346624,33.5731346537156,-2.77022278590102,53.9742733516241,17.7028162735825,1242.58228472234,131.423360993149,1127.15537047652,7.67413428352522,25.7817701918341,6.68615470820634,0.012,0.332,0.411,0.968,19.085745276792,57.6995398658814,15.152316000533,46.9285018604541,41.9885972135254,63.3355915497208,7.06596372779696,26.5575013198122,49.0601626195233,55.7546757389612,12.9060375901207,19.4538455451165,21.3469943361954,19.4915375920153,6.69451311943787,6.5478079549958,0,1,0,0,41.8889997594815,63.4845234933482,6.60554690359656,27.5125982580988,49.1742852000336,56.8931051663915,14.3064823636354,20.6273136776702,21.5955237338666,20.9070513545023,7.71881996635793,6.32083131403478,0,1,0,1,42.9081894586806,63.5086352465238,7.95215454409059,26.0864535563894,49.669102187233,56.5064215731518,14.0853303049139,20.6941032272571,20.6004457878432,18.1342990122988,6.8373193859188,6.60877292234324,0,1,0,1,42.3399920847239,64.1143636378016,9.32777760811429,27.1451096289457,50.0530252101907,57.8053176044896,14.4836942944018,20.9142316985252,21.7743715530777,17.8173320208314,7.75229239429892,6.43053740412337,0,1,0,1
644,500,2,1,"L'Ecuyer-CMRG","10407_-1012424120_217247846_96082448_-1018232520_304101988_1269314411","10407_1926784378_-1819260724_-748010898_1320482264_-2055048960_-492559293",2122379388,1454639450,1955317525,339578899,1255920,175672161,41313702,79.482,7.69000000000051,6.39699999999903,2.49300000000039,2.21000000000095,528.275,1,NA,"569e972f86b1","not-a-git-build","bbd3d4119dab4c61438d29ca56ae93a0","confirmatory",650.718999999999,30.0001430105156,10.0868673005436,28.9043928315777,-5.05453834890447,49.117286261,15.1297518048109,900.008580651387,101.744891938777,835.463924962163,25.5483579205459,23.7877097996558,5.80692737241138,0,0.113,0.368,0.879,11.5656256118738,36.7144869697092,10.2637305780802,30.8722494841824,31.186814170762,9.97042163540398,29.9304295599414,-3.89945420194,50.1433229893636,16.2848359517754,972.617378121642,99.4093075877318,895.830613642613,15.2057430730275,24.4153876042891,5.7023468591998,0,0.134,0.42,0.911,13.0471822265549,39.016315053224,11.5902044471874,34.5571047484315,30.1979275940117,10.5634859699911,28.2236582820103,-4.60859732466662,48.4365517114325,15.5756928290488,911.914830973175,111.587235838199,796.574886819687,21.2391693009244,20.935170162757,5.99578805738939,0.038,0.515,0.543,0.998,18.5680428870124,57.5879754898931,16.0549797842255,50.8132148325379,31.0878921561822,10.4415844578354,29.9916354924797,-4.71654934780974,50.2045289219019,15.4677408059056,966.457038714412,109.026685990111,899.498199513765,22.2458377503245,23.4361272081573,5.90126265230157,0,0.274,0.442,0.978,14.5846439457527,48.406749222477,12.9567733409429,43.1340850576831,38.3906104716148,59.8861674792949,6.22425557355419,23.9181654961447,45.2265308186469,52.7904053800349,11.9452927297949,18.8513674696076,21.4955570076801,17.6939099225905,7.56387456138796,6.9060747398127,0,1,0,0,39.3777062137806,59.8585085345258,7.31250220436097,26.0050299501385,46.5937289240028,53.7485599060243,13.4259965167671,19.3434292853319,20.4808023207452,18.6925277457776,7.15483098202157,5.91743276856484,0,1,0,0,37.8468460618123,58.92337698927,5.936267150223,25.3883226917355,44.8843485261851,52.0903468647872,12.6260536938013,18.5073815574577,21.0765309274577,19.4520555415125,7.20599833860214,5.88132786365638,0,1,0,0,38.4995289735616,61.1391372292689,5.62175772959047,25.8898264228058,46.4544309844781,53.5889864547956,11.6925740152837,18.9060055536898,22.6396082557073,20.2680686932153,7.13455547031749,7.21343153840605,0,1,0,0
645,500,2,1,"L'Ecuyer-CMRG","10407_-1104883311_-1970238741_1147013103_1587772884_-1330392646_1114312001","10407_362677441_457481474_1127652182_-644333803_220724899_-1167832324",1955317525,339578899,1255920,175672161,41313702,1720973760,1110692918,78.9830000000002,6.2510000000002,5.41100000000006,2.01200000000063,1.95900000000074,533.596,1,NA,"569e972f86b1","not-a-git-build","bbd3d4119dab4c61438d29ca56ae93a0","confirmatory",652.744000000001,37.5738806538182,10.0751943783284,36.8364228771821,4.16914485740418,56.8734468889572,24.2468609337142,1411.79650738737,101.5095417611,1356.92205038658,17.3817688420197,31.3612331388408,5.83632592964513,0,0.011,0.345,0.891,12.1921711704886,38.4046261883593,10.1959872020374,30.9767033117118,38.5269986509887,10.5420011633908,37.7630141382484,4.95859682013932,57.8000381500236,25.0363128964493,1484.32962505329,111.133788528934,1426.04523680555,24.5876824246958,31.4172977921699,6.10605403055409,0,0.026,0.364,0.892,14.2589980192978,44.8992111880718,11.1226608311221,34.4398194590127,37.2369581081653,11.6476597665969,36.1717140501617,7.03371670811121,56.2087380619368,27.1114327844212,1386.59104914926,135.667978038401,1308.39289732666,49.4731707299628,28.501501279139,6.69727822952713,0,0.208,0.376,0.912,18.2610946436182,55.0650701106805,12.8442950410198,40.8166141819725,38.0538389722005,11.4316546137333,36.6984073085843,6.737848662071,56.7354313203595,26.815564738381,1448.09466052216,130.682727207689,1346.77309898676,45.398604592972,28.9424609805088,6.42216243016594,0.004,0.251,0.353,0.973,17.9460929201614,57.0702182765375,12.9702234782721,44.0317400753697,45.7521661970481,67.6397374109139,13.5522055236595,33.5693799049888,53.0050139664407,60.5506791372697,20.910239141189,27.7502101335672,21.8875712138659,20.0171743813293,7.54566517082895,6.83997099237826,0,1,0,0,45.6791474658742,69.040413543828,15.4336946508774,34.3896199102057,54.1876535211875,61.6574195292454,21.5888152384501,28.4694449491609,23.3612660779538,18.9559252593283,7.46976600805782,6.88062971071075,0,1,0,0,45.8337176664794,66.1381238806214,18.0572314998658,36.3473635364598,52.945917112448,59.6542978600523,23.8860917231296,30.2659349009644,20.3044062141419,18.290132036594,6.70838074760432,6.37984317783481,0,1,0,0,45.2886841852634,66.3389320921638,16.6541673772304,36.7734575308647,52.8829442280171,61.1319696926934,23.4465662634368,29.9171044697225,21.0502479069004,20.1192901536343,8.24902546467624,6.47053820628574,0,1,0,0
646,500,2,1,"L'Ecuyer-CMRG","10407_1915926824_1542039131_-1675799274_565067392_239265185_1586122315","10407_222486300_-1669843880_138417177_1571737129_705944165_1530281186",1255920,175672161,41313702,1720973760,1110692918,118517391,734863473,80.9189999999999,6.8239999999987,8.25,2.51599999999962,3.04299999999967,518.165999999999,1,NA,"569e972f86b1","not-a-git-build","bbd3d4119dab4c61438d29ca56ae93a0","confirmatory",647.154,34.1340000223475,9.37844410495717,33.3234935361374,1.76998870217248,53.4921976393573,22.0733083114915,1165.12995752562,87.9552138298059,1110.45522145299,3.13286000581822,27.7443364756659,5.47900987593501,0,0.059,0.312,0.927,12.774252844589,39.2502911572795,10.4263835126228,32.0486616580167,33.4964005229736,9.72448920895834,32.5407493426792,1.27816442249188,52.7094534458991,21.5814840318109,1122.00884799547,94.5656903751471,1058.90036778308,1.63370429092401,26.0978801226525,5.63964590607347,0,0.124,0.345,0.936,15.1174611420048,45.7958378122633,11.2711758173993,34.1318284015447,33.4308475989397,10.5109561167677,31.9681613869565,1.92644101920313,52.1368654901764,22.2297606285221,1117.62157118353,110.480198488617,1021.9633424625,3.7111750004684,23.9135181191571,6.05044905294328,0.009,0.457,0.396,0.975,19.5274490289993,60.8207894968767,13.4686471708802,43.2033500754014,34.9288875674703,10.2012077860135,33.6261044032976,1.162079723635,53.7948085065174,21.465399332954,1220.02718670098,104.064640293423,1130.71489734147,1.35042928408359,26.4276031630163,5.88359342097091,0,0.235,0.39,0.97,16.0962354545898,52.7804745760168,12.727640253856,42.4416747941163,42.6474902101749,63.7265200603395,12.9156009904249,31.18753644059,50.1180131829419,57.0478543941539,18.9754679891245,25.0721711855965,21.0790298501645,18.2719354501651,6.92984121121202,6.09670319647201,0,1,0,1,41.4761786194144,64.3812457696776,12.0258363990465,29.5604167974193,49.208937529434,56.2236350980809,18.8141359921407,24.5204803225418,22.9050671502632,17.5345803983728,7.01469756864699,5.70634433040109,0,1,0,1,41.234159910717,62.777916823097,13.2700362938378,31.4850941782162,48.7646692828398,55.7723857678777,19.0208131784171,25.5009615540676,21.54375691238,18.2150578843784,7.00771648503786,6.48014837565045,0,1,0,1,42.9980043711287,64.7863319309669,11.7386913049253,29.8810301600971,50.1890040327511,57.5570208811413,18.3553909967093,24.6949348559446,21.7883275598383,18.1423388551719,7.36801684839018,6.33954385923527,0,1,0,1
647,500,2,1,"L'Ecuyer-CMRG","10407_-359345899_346153200_-957157805_-889287827_1199752705_1898781533","10407_1475886704_1144145487_81934855_250452087_-1237785070_1118579916",41313702,1720973760,1110692918,118517391,734863473,1684500506,1958381312,84.9409999999989,7.53700000000026,5.63500000000022,3.37299999999959,1.95499999999993,520.280999999999,1,NA,"569e972f86b1","not-a-git-build","bbd3d4119dab4c61438d29ca56ae93a0","confirmatory",648.620999999999,37.6678736988311,10.6657113702259,36.5929430285358,4.67859306344799,56.5506699924962,24.6907076260567,1418.86870899109,113.757399032967,1339.04347948967,21.8892330533437,30.5675079669502,6.24507838684636,0,0.062,0.313,0.869,14.13383105795,41.8162363990699,10.5090937713916,31.7725806656869,37.3194849933364,11.2331146033344,35.9000310356364,5.48128801754384,55.8577579995967,25.4934025801526,1392.74396016786,126.182863691644,1288.81222835965,30.0445183312697,29.1114364572531,6.54300969480427,0.001,0.137,0.357,0.871,16.1188813883472,47.9317932089159,11.8117164552058,35.4538788781171,37.7325269999667,11.9540630455882,36.2514350096119,5.55068046557176,56.2091619735723,25.5627950281805,1423.74359380321,142.899623297897,1314.16654025612,30.8100536308799,28.3793081210238,6.79995478715091,0.005,0.251,0.453,0.956,18.7981249073521,56.7932304636462,15.3248687486591,47.4124504438643,36.9189892908785,11.1481634706141,35.8500325282154,5.56269218375276,55.8077594921758,25.5748067463615,1363.01177026,124.281548767534,1285.2248322741,30.943544331184,27.7465153041383,6.39904766677642,0,0.225,0.436,0.951,18.5687289129647,58.7250774218932,14.1162335777814,46.0731900635189,45.7628270483531,67.3349711846062,15.3253592747801,33.6514699127141,52.7780018369395,60.6881313438246,21.7344218945554,27.7166624351195,21.572144136253,18.326110637934,7.91012950688506,5.98224054056411,0,1,0,0,45.508158379848,67.1435173460419,14.7079525802885,35.5606544988552,52.1233318449699,59.5647389357351,22.0186994161615,28.9394145172741,21.635358966194,20.8527019185667,7.44140709076524,6.92071510111263,0,1,0,0,45.154728836468,66.6896100345982,15.650835520832,34.6017655029004,52.3032514458024,60.2689551108774,22.2133934453979,28.9080863421038,21.5348811981301,18.9509299820684,7.96570366507505,6.69469289670583,0,1,0,0,43.425573580778,68.4534472705627,15.2433271863985,35.0431859086105,51.6327703556997,60.2559918811073,22.4128773196227,28.919111435713,25.0278736897847,19.799858722212,8.62322152540764,6.50623411609025,0,1,0,0
648,500,2,1,"L'Ecuyer-CMRG","10407_1258190718_873952537_-1593956216_815835063_824907457_900329328","10407_894550850_-608929199_-1301794883_-1455026563_1934258243_1584504198",1110692918,118517391,734863473,1684500506,1958381312,2126896095,1745930891,77.6190000000006,7.25700000000143,6.1200000000008,3.55099999999948,2.23999999999978,507.311,1,NA,"569e972f86b1","not-a-git-build","bbd3d4119dab4c61438d29ca56ae93a0","confirmatory",627.441000000001,36.5953717746236,8.9017419339489,35.5867240749642,-1.51384752059776,55.7293543902957,18.7736740465314,1339.22123532292,79.2410094586242,1266.41493038763,2.29173431561999,30.7389064467205,5.15493049060236,0,0.057,0.373,0.944,10.6891483036572,34.3967038253951,10.1033151557286,31.3613270068711,36.9786731218379,8.75798952539717,36.0107897459516,-0.730118220010606,56.1534200612831,19.5574033471186,1367.42226585174,76.7023805269665,1296.77697812713,0.533072615191456,30.4209586801241,5.04275668060396,0,0.074,0.395,0.956,12.5571294262378,39.8012667923552,10.7723130616695,31.6629113719719,36.1762216328167,9.39526073857487,35.1043829197989,-1.74173855365567,55.2470132351305,18.5457830134735,1308.71901162667,88.2709243458064,1232.31770017987,3.03365318929053,27.9294712914549,5.35099585952788,0.002,0.247,0.417,0.978,15.1560549412935,53.1565323501702,11.7551692960326,40.1453721332054,36.1937030311992,8.94163255680802,35.1662776450561,-1.97467577210559,55.3089079603877,18.3128457950236,1309.98413911064,79.9527927809691,1236.66708340917,3.89934440494081,29.2870384377195,5.1232451934339,0,0.155,0.367,0.976,11.9886684762668,42.8132432404797,10.0952544912024,36.7804609149344,46.2142612715185,64.2899687086254,8.32934317173652,28.9062720248356,52.4883130866508,59.1028216960277,14.7963918560574,22.8355551462674,18.075707437107,20.576928853099,6.61450860937687,8.03916329021,0,1,0,1,45.4150506172994,66.0297580467705,10.8540955482911,28.9206439137315,52.6463410376693,59.3662511638451,16.4135231282829,22.3626638015416,20.614707429471,18.0665483654404,6.7199101261758,5.94914067325872,0,1,0,1,45.4205497649209,65.4328718861423,8.99170622000559,27.797213578859,51.7429171391271,58.4147837699918,15.2234436089105,21.8499575787572,20.0123221212214,18.8055073588534,6.67186663086468,6.62651396984667,0,1,0,1,45.9325303053671,65.3012997484476,8.39099022931535,27.7664486726124,51.6517412159694,58.8110869584695,15.3370414353567,21.3639874065915,19.3687694430806,19.375458443297,7.15934574250007,6.02694597123484,0,1,0,1
649,500,2,1,"L'Ecuyer-CMRG","10407_-1638517948_1978171728_-1919401482_821635559_825196755_-1100372812","10407_2011424849_716130578_-733454545_-1757167658_-1633031146_-1570828384",734863473,1684500506,1958381312,2126896095,1745930891,2011181887,579707817,78.4850000000006,5.32600000000093,6.91899999999987,1.90800000000127,1.85000000000036,504.081999999999,1,NA,"569e972f86b1","not-a-git-build","bbd3d4119dab4c61438d29ca56ae93a0","confirmatory",624.242,32.2361952357649,8.76326813273023,31.2139251614745,1.32936393529422,51.3131290966829,21.4376847360007,1039.17228327835,76.7948683661251,974.309123986133,1.76720847246093,25.5890342300396,5.04853370570353,0,0.116,0.383,0.943,12.933463669099,40.2041243631768,10.3411472075911,31.9646204377859,35.9446870925287,8.62098748598702,34.9564963584872,1.96382403751717,55.0557002936956,22.0721448382236,1292.0205301798,74.3214252335448,1221.95663766093,3.85660485033026,28.7683283476086,4.91345388888887,0,0.061,0.467,0.961,14.3200733053767,43.4759117075356,11.6682719184668,34.7274200705531,33.3787956500439,8.1981028864642,32.3437127176962,2.27597981664859,52.4429166529046,22.384300617355,1114.14399904739,67.2088909370527,1046.11575236487,5.18008412579173,24.9748401433415,4.93024462326949,0,0.235,0.642,0.991,16.9849854203225,53.2827254078095,15.7488056532256,47.9138181613666,33.5701776168746,8.35588063348622,32.5896186682518,3.50369378049311,52.6888226034601,23.6120145811996,1126.95682522851,69.8207411610701,1062.08324494206,12.2758701074661,25.1559178763919,5.00541391399728,0,0.295,0.589,0.991,16.536470460259,54.6845535174397,15.1133399899156,45.9294908937053,40.8186479000538,61.8335692281932,11.5718972421411,30.6330884357414,46.9507713703575,55.4600152229952,18.0245444701457,24.7507225418509,21.0149213281394,19.0611911936003,8.50924385263778,6.72617807170526,0,1,0,1,44.487187612466,65.8132518162041,13.0557696234286,30.9759583096678,50.9588713186124,59.0068331056035,18.9261739767701,25.0551445204838,21.3260642037381,17.9201886862392,8.04796178699115,6.12897054371366,0,1,0,1,41.2483911731195,64.4494341847148,12.5930225462666,33.1099880066673,48.5717232530047,56.037596279794,18.6735597498216,26.0139220306005,23.2010430115954,20.5169654604007,7.4658730267892,7.34036228077887,0,1,0,1,40.8489015873161,63.8483911852071,13.4897178390711,33.778846264714,48.6772618069045,56.7741544979353,20.0605098479694,27.1660508965929,22.9994895978909,20.2891284256429,8.0968926910308,7.10554104862347,0,1,0,1
650,500,2,1,"L'Ecuyer-CMRG","10407_785108596_-646355591_-601419158_1087609147_-728608098_-1910774588","10407_1429616269_1300357148_-1370285064_-56082942_-2141225748_-787770460",1958381312,2126896095,1745930891,2011181887,579707817,609075647,2055294889,77.5450000000001,6.53000000000065,6.06000000000131,2.40999999999985,2.32999999999993,482.241,1,NA,"569e972f86b1","not-a-git-build","bbd3d4119dab4c61438d29ca56ae93a0","confirmatory",602.049999999999,37.1135639431537,10.1082489701496,36.1399072046919,-5.06303653985087,56.3972577142006,15.2622025014244,1377.41662856256,102.17669724253,1306.09289276374,25.6343390038651,30.493514113036,5.90693682739976,0,0.036,0.362,0.858,12.6835854407569,39.8441079364092,10.1262206351894,31.3472791718152,38.4639510082977,10.4387116446837,36.5274949979203,-6.00570717530042,56.784845507429,14.3195318659749,1479.47552716872,108.966700800854,1334.25789082309,36.068518675455,30.6567738070249,6.06788204789907,0,0.109,0.397,0.873,13.3940647995286,42.1751809931988,11.2547482579199,33.1377539086485,39.0379675361296,11.238342208606,36.5102715803792,-5.41459799031647,56.7676220898879,14.9106410509588,1523.96290935191,126.300335597736,1332.99993087304,29.3178713967392,29.1090497906399,6.42954335282364,0.02,0.292,0.461,0.948,17.7727148192839,55.9291415126456,14.5305540578218,45.2908799559159,39.2257905209147,11.2506349087597,37.0986369798843,-4.73678185675698,57.355987489393,15.5884571845183,1538.66264199068,126.576785850203,1376.30886576524,22.4371023585021,30.0313591874621,6.46819392702111,0.006,0.265,0.432,0.91,15.6036217111032,53.2089228573328,13.4725834466059,41.4660576290115,46.1418895968302,66.7487745092793,6.07397927953366,24.3454988281303,53.1973756052882,59.7615173101482,12.1700447472301,18.3970046323745,20.6068849124491,18.2715195485966,6.56414170485996,6.22695988514442,0,1,0,0,47.8199081280846,66.7100250787889,4.89582287141303,23.82451904912,53.2921291952556,60.1232087625961,10.9978068594735,17.5145384505313,18.8901169507042,18.9286961777069,6.83107956734054,6.51673159105779,0,1,0,0,45.4614002892654,67.549921251779,5.51134619987034,23.5360219528443,53.0092452893012,60.8602135586916,11.6279479896031,18.2227487925285,22.0885209625137,18.0246757529739,7.85096826939032,6.59480080292548,0,1,0,0,47.6792676190886,67.4932491215005,6.58738201879004,24.4263551705875,54.1295601212063,60.5074418461374,12.4994324266406,18.8314838852872,19.8139815024119,17.8389731517975,6.37788172493111,6.33205145864657,0,1,0,0
651,500,2,1,"L'Ecuyer-CMRG","10407_912469714_-1146652661_128934773_-967322617_-483656749_-971617796","10407_-1421946550_1874377826_-1002185807_728766581_856253704_-1463000272",1745930891,2011181887,579707817,609075647,2055294889,1030548336,197003300,79.7299999999996,6.85800000000017,5.19100000000071,2.92200000000048,1.93000000000029,485.738000000001,1,NA,"569e972f86b1","not-a-git-build","bbd3d4119dab4c61438d29ca56ae93a0","confirmatory",604.273000000001,32.7826268238388,6.57646123970492,31.7496890206355,-2.10502907278188,51.6045122719051,17.5748338370524,1074.70062147108,43.2498424373412,1008.04275290706,4.43114739725695,25.8582163848588,3.81454527910965,0.001,0.153,0.608,0.999,13.8900650191388,41.7444937448825,11.5773754345753,34.3120715177585,34.3820733212611,5.90747861131148,33.1008751496411,-1.14112481906481,52.9556984009107,18.5387380907694,1182.12696586857,34.8983035431026,1095.66793567213,1.30216585268569,26.5691543771445,3.65266005078538,0.004,0.218,0.712,1,15.696367487614,47.1003629568539,13.423597987663,39.7220850905068,36.8694862623199,5.98388556735365,33.9917298911805,-2.32351335358653,53.84655314245,17.3563495562477,1359.35901724739,35.8068864831833,1155.43770099497,5.39871430429494,26.3563890206837,4.14684297157422,0.1,0.453,0.818,1,21.7161275370827,63.4619868147826,17.2345601610035,52.1357498841267,35.1582478260703,7.68941946462601,33.9023639428854,-1.45506150086752,53.7571871941549,18.2248014089667,1236.10239019937,59.1271717029694,1149.37028091585,2.11720397130685,26.0282195383488,4.80825489526955,0.015,0.417,0.711,1,18.7910894218257,60.1427853582771,17.2114636822314,53.6363874734637,41.5080227344684,62.2277536451672,9.06099327747986,26.6091690483483,47.8749837091491,55.4808033780836,14.6974728079958,20.4858544490192,20.7197309106988,17.5481757708684,7.60581966893454,5.78838164102335,0,1,0,1,43.8688811820814,62.8039855780872,9.12296711885513,28.965116404998,49.7143866841802,56.2163751199239,15.1230473656046,21.9813248695357,18.9351043960057,19.8421492861429,6.50198843574373,6.85827750393111,0,1,0,1,42.2689978743019,65.0389810064976,7.68819583209633,27.5579522581819,50.1059166834859,57.4031600133137,13.8737888014836,20.557502059188,22.7699831321957,19.8697564260856,7.29724332982775,6.68371325770436,0,1,0,1,42.8478394942396,65.7263467636068,9.11217123004664,29.274820511166,49.9653163595176,57.6566932358,15.0692619481809,21.3626452175576,22.8785072693672,20.1626492811193,7.69137687628242,6.2933832693767,0,1,0,1
652,500,2,1,"L'Ecuyer-CMRG","10407_2133198513_-1265755619_-29642863_-686113179_-1610428452_-1397759640","10407_1875040803_124129215_1359164659_1550621774_-1599370840_-986496374",579707817,609075647,2055294889,1030548336,197003300,252707078,823828977,76.3759999999984,5.89799999999741,7.56800000000294,2.2039999999979,3.51699999999983,505.275000000001,1,NA,"569e972f86b1","not-a-git-build","bbd3d4119dab4c61438d29ca56ae93a0","confirmatory",623.565999999999,35.8062859238712,8.20037876066147,34.8813046983362,5.12950966417599,54.8940042602333,25.1727360021726,1282.09011166202,67.2462118183077,1216.70541745817,26.3118693948749,29.5258559770819,4.68508989628652,0,0.03,0.39,0.987,12.4028413554021,37.3747273241354,10.747421218922,32.0042995056547,36.0299335312828,8.4762749561465,34.9864713844244,5.46114721257772,54.9991709463215,25.5043735505743,1298.15611026866,71.8472371321963,1224.05317993315,29.8241288774454,29.0292252294278,4.80061548010807,0,0.055,0.415,1,13.8785653338546,41.8356948536924,11.5994425213509,34.5782932437486,37.8489699403962,8.52000479978201,36.7794771664546,6.2103733011153,56.7921767283517,26.2535996391119,1432.54452554901,72.5904817883085,1352.72994063776,38.5687365392058,30.1748562730795,5.00898935552494,0,0.097,0.557,0.998,14.5761141126576,46.8497183129733,15.5077490674972,46.6210738674277,36.848274837856,10.2027778842617,35.6781797715162,6.78426527853528,55.6908793334133,26.8274916165318,1357.79535852617,104.09667655558,1272.93251180863,46.0262553695394,28.7101532506831,5.88547756602302,0,0.198,0.474,0.98,14.7324628086799,51.0810817892876,14.1760963910602,44.0917973180233,44.8066446990395,64.8240928658302,16.3938498273603,34.2227233367884,50.9047103479409,58.6733004505865,21.9701222707702,28.3889134113445,20.0174481667907,17.8288735094281,7.76859010264559,6.41879114057424,0,1,0,0,44.3605215396709,65.6375942781536,16.0678039717595,35.4845604977536,51.3295589293733,59.1295986931532,22.1786457092091,29.1002285357103,21.2770727384827,19.4167565259941,7.80003976377988,6.92158282650124,0,1,0,0,46.0274826394814,67.5582298312364,17.1123412629613,35.2542413208608,52.7724693406137,60.5842980524681,22.8038221644185,29.6349856763768,21.530747191755,18.1419000578996,7.81182871185437,6.83116351195833,0,1,0,0,43.8037225845313,67.0149717110925,16.6887798209611,36.4721199270548,52.021803847873,59.1567695308715,23.3270469602569,30.3340025842505,23.2112491265612,19.7833401060937,7.13496568299846,7.00695562399354,0,1,0,0
653,500,2,1,"L'Ecuyer-CMRG","10407_1829343952_975511809_1259288463_-278400599_-1727126498_-621522787","10407_1539416909_375570247_1926904516_1966304004_1528095043_-350983340",2055294889,1030548336,197003300,252707078,823828977,235793141,1331080758,77.4239999999991,6.70400000000154,5.20300000000134,2.625,1.93400000000111,509.719000000001,1,NA,"569e972f86b1","not-a-git-build","bbd3d4119dab4c61438d29ca56ae93a0","confirmatory",627.101999999999,32.216714832793,9.38281069076746,31.1624538829927,-0.494227938523618,50.9406223941131,19.3033715451561,1037.9167146175,88.0371364587802,971.098532009646,0.244261255217305,26.0805557378186,5.51278020371039,0,0.048,0.306,0.927,11.6627502447019,35.6401435847341,9.86684500129078,30.7136474252586,31.5164010064264,9.62890963734629,30.3865987503832,0.375288958257773,50.1647672615036,20.1728884419375,993.283532397874,92.7159008041802,923.345383616791,0.140841802190204,24.7251351707845,5.58886039886763,0,0.125,0.372,0.938,12.9348777079216,40.3681632574405,11.3289854602135,34.2204310272943,33.0376016234693,10.3288335861556,30.66962933084,-0.925198000508324,50.4477978419604,18.8724014831714,1091.48312103106,106.684803250495,940.626163291121,0.855991340144601,23.2585730647769,5.90079681025796,0.025,0.391,0.45,0.972,18.5915602958849,55.5776021430137,14.1823182787837,44.2001387940066,33.5621705063826,10.4101432851698,31.4223598841701,-0.539628340855728,51.2005283952905,19.257971142824,1126.4192890995,108.371083217766,987.364700690304,0.291198746254706,23.9392934393664,5.9594567678256,0.012,0.323,0.449,0.956,18.4452387858189,55.2807932858952,13.5721058764524,44.2918198287162,40.2175225497907,63.4957703553822,10.1817155479082,28.2070843536892,47.099884702193,54.5091882544344,15.9932054030546,22.5957247382283,23.2782478055916,18.0253688057809,7.40930355224137,6.60251933517363,0,1,0,1,39.1213242593019,61.0453014588907,11.2395656048401,29.5327646196052,46.5395186279492,53.9285282136048,16.854555620115,23.7081875290973,21.9239771995887,18.2931990147651,7.38900958565555,6.85363190898223,0,1,0,1,38.9284074680484,61.0071647802842,9.57174151978068,27.7798613156355,46.691084229828,54.3429164060723,15.495524973559,22.0387600219444,22.0787573122358,18.2081197958548,7.65183217624436,6.54323504838534,0,1,0,1,40.4309093933853,62.7976927432654,9.00264826882187,29.1440489642869,47.2656338327374,54.7583575747986,15.7801677958071,22.742930356801,22.3667833498801,20.141400695465,7.4927237420612,6.96276256099388,0,1,0,1
654,500,2,1,"L'Ecuyer-CMRG","10407_808468796_1457663674_-1184421687_954846460_-1465600717_2069664214","10407_1744702915_1961234794_1805531601_-1117435208_665608890_-1468404909",197003300,252707078,823828977,235793141,1331080758,218954258,651973728,78.7330000000002,6.46500000000015,7.21600000000035,2.22799999999916,3.03700000000026,482.884000000002,1,NA,"569e972f86b1","not-a-git-build","bbd3d4119dab4c61438d29ca56ae93a0","confirmatory",606.631999999998,36.6476681105676,8.76513332479118,35.852592822022,-3.57448122655976,55.5862017650621,16.3898182478184,1343.05157794231,76.8275622013649,1285.4084120617,12.7769160390282,30.1806338842643,4.98333071645953,0,0.013,0.426,0.944,13.1544923670137,39.6435778827205,10.0181745034849,30.9261882305654,36.3603908280988,8.66032301052609,35.3703015860882,-1.97858627492687,55.1039105291284,17.9857131994513,1322.07802117209,75.0011946466477,1251.05823429083,3.91480364732897,28.9823682213491,4.95898868764788,0,0.057,0.431,0.944,14.7796681799647,45.2063347168967,10.7816265993959,32.8649816954723,37.3032131123723,9.13774993339335,36.1933465391704,-2.81674845897535,55.9269554822106,17.1475510154028,1391.52970850706,83.4984738452302,1309.95833370448,7.93407188114001,27.9165423525895,5.24820874800129,0,0.25,0.536,0.982,19.3491256273457,59.5808242923876,13.7151710035302,45.7570419990653,37.2016805889758,9.63263431335907,36.2562926243952,-2.80102762062161,55.9899015674353,17.1632718537566,1383.96503864418,92.7876438149026,1314.51875486577,7.84575573148518,29.4743783744109,5.50102546186885,0,0.075,0.429,0.958,14.2486095113972,49.225597313163,11.9621347497099,39.923991546383,45.5717072582766,66.7213171155702,6.8056879060739,25.6044862507389,51.6541994030841,59.6771887975373,13.1874351169787,19.6122461322611,21.1496098572936,18.798798344665,8.02298939445321,6.42481101528248,0,1,0,0,45.0237317834968,66.2498942557943,8.6420506969727,27.4731142852701,51.1119770732546,58.8496942065685,14.9948571416979,20.9137739984838,21.2261624722975,18.8310635882974,7.73771713331392,5.91891685678584,0,1,0,1,45.0766353116242,66.0181522962259,7.92602725787194,26.0039188675152,52.2622572959259,59.4262178462602,14.2013385163242,20.0992973030875,20.9415169846018,18.0778916096433,7.16396055033437,5.89795878676326,0,1,0,1,45.7248948884388,66.3358424835271,8.41189058712188,26.1447287630809,52.2926075070746,59.6692584385803,14.1893362234878,20.3288020475823,20.6109475950882,17.732838175959,7.37665093150573,6.13946582409447,0,1,0,1
655,500,2,1,"L'Ecuyer-CMRG","10407_1336626382_115279400_-527486409_2030109873_-1667973441_553411917","10407_-1293737945_1041446167_780584813_-1429588124_-256417_-1573801303",823828977,235793141,1331080758,218954258,651973728,814585730,1757362528,78.8069999999971,6.26499999999942,5.07099999999991,1.91300000000047,2.10800000000017,478.717000000001,1,NA,"569e972f86b1","not-a-git-build","bbd3d4119dab4c61438d29ca56ae93a0","confirmatory",597.348999999998,36.1336352396396,7.68222916023927,35.5356255847889,0.759936547172352,55.6491131571063,20.923976328578,1305.63959563132,59.0166448704306,1262.78068570231,0.577503555728236,30.5738044707798,4.38665427712969,0,0,0.408,0.965,11.6512242176424,33.8950936751557,9.71208898741701,29.4255334877922,35.27161812546,8.70487912954634,34.6944575702103,1.73330563681029,54.8079451425276,21.8973454182159,1244.08704518828,75.7749206600115,1203.70538609112,3.00434843059834,29.0910671811799,4.96970100146769,0,0.002,0.44,0.976,12.9266021517111,39.1006099620539,11.3450624922713,34.0218696541521,35.6511183904201,7.85241773554768,34.9877493874212,0.815882999475132,55.1012369597386,20.9799227808808,1271.00224248775,61.6604642935437,1224.14260719699,0.665665068832539,27.6029712614959,4.57674603911103,0,0.092,0.585,1,17.0245015343085,52.0468607060362,13.7140742994245,44.0872100955997,36.1035457802977,7.40013745904707,35.4971915674149,0.436049380284448,55.6106791397322,20.6000891616901,1303.46601791005,54.7620344127917,1260.05060917375,0.190139062046451,29.4148164212667,4.2842075794802,0,0.019,0.548,0.995,13.283302833519,42.9198755343875,12.2681653434165,38.5778530798548,44.7574168203485,65.4389207002746,12.3653010172341,29.8876177174267,52.2623819380702,58.7347897317179,17.8206378715897,24.0527995721831,20.6815038799261,17.5223167001926,6.47240779364768,6.23216170059336,0,1,0,1,45.0330688242714,64.4037300146109,12.0034133247297,32.1386238455602,51.2379037944222,58.162651693145,18.7744798819263,24.9470429464092,19.3706611903395,20.1352105208305,6.9247478987228,6.17256306448297,0,1,0,1,45.8273451478429,65.4364617956658,11.7964812984189,30.8110700341537,51.5549054187831,58.5850486830344,17.6574146320145,24.1172298367129,19.6091166478228,19.0145887357348,7.03014326425127,6.45981520469844,0,1,0,1,45.3329947425204,64.3701137237673,10.4976053708385,29.4296436810536,52.6930754853443,58.7991203831803,17.5599517325316,23.77481246804,19.0371189812469,18.9320383102151,6.10604489783599,6.21486073550832,0,1,0,1
656,500,2,1,"L'Ecuyer-CMRG","10407_-756096527_-1396673264_754154720_1254803788_-328428492_-153503855","10407_-1720633548_81334967_527303316_1208809435_816015608_-1153397208",1331080758,218954258,651973728,814585730,1757362528,764331639,138576612,77.3899999999994,6.15000000000146,6.08899999999994,2.22799999999916,2.20499999999811,476.869000000002,1,NA,"569e972f86b1","not-a-git-build","bbd3d4119dab4c61438d29ca56ae93a0","confirmatory",595.41,37.8880259184593,8.39751841562345,36.8002208735111,-1.3711649006916,57.1825337829925,19.0546454407286,1435.50250799785,70.5183155407349,1354.2562563392,1.88009318488861,31.0393991740091,4.80951873574192,0,0.032,0.413,0.966,13.0565643982318,40.3907334563816,10.4712708656604,32.4005513514706,40.2466914268147,7.55845737543719,39.220045287951,0.104352708538173,59.6023581974323,20.5301630499584,1619.79617080524,57.1302778963009,1538.21195238893,0.0108894877792528,33.0384588787051,4.32780196336984,0,0.033,0.528,0.995,14.2973204718143,43.1401650549385,11.5460728213622,35.8237298409356,40.0740603420982,7.30832618353099,38.5393379032475,-0.0662797295801916,58.9216508127289,20.3595306118401,1605.93031230213,53.4116316048847,1485.28056602069,0.00439300255322332,30.7416199232214,4.38388007575303,0,0.21,0.654,0.999,18.1363639855105,55.7177186346015,14.577577935944,45.8730280164942,39.4836628653581,8.54034939024908,38.2517692626814,-0.81745100269573,58.6340821721627,19.6083593387245,1558.95963326526,72.9375677075279,1463.19785172541,0.668226141808254,30.8212073783625,4.93435371131109,0,0.142,0.481,0.996,16.8503833640757,53.2220167553333,12.7520564462391,43.5337746919401,46.5779290780513,68.9563673865398,10.185322787069,28.4029700940838,53.4926380698677,60.5313401417236,15.9252196291889,22.1181498835374,22.3784383084886,18.2176473070148,7.03870207185589,6.19293025434847,0,1,0,1,49.3780024625642,69.8887480053101,10.5926252818432,29.2144035951612,55.5205388969531,63.6725541330782,17.5369619047228,23.8110851641348,20.5107455427459,18.621778313318,8.15201523612502,6.27412325941194,0,1,0,1,48.1302422983164,69.2281853030192,10.7780880839751,29.8488933979737,55.1612710368034,62.9257657080111,17.1964176849923,23.5194206396211,21.0979430047028,19.0708053139986,7.76449467120772,6.32300295462883,0,1,0,1,47.7196616195029,69.9786848510444,10.3953539125312,27.9291119705608,55.0892769157811,62.1967661382379,16.4876545147711,23.0062187300286,22.2590232315416,17.5337580580296,7.10748922245686,6.51856421525746,0,1,0,1
657,500,2,1,"L'Ecuyer-CMRG","10407_1271199714_-1657337697_979178139_-1184488728_-1474258386_-321962654","10407_1543315593_1519169877_153428216_-115274294_-1222716565_-1412347312",651973728,814585730,1757362528,764331639,138576612,1958661475,1659516467,77.1460000000006,5.05299999999988,6.26599999999962,1.8760000000002,2.33199999999852,482.496999999999,1,NA,"569e972f86b1","not-a-git-build","bbd3d4119dab4c61438d29ca56ae93a0","confirmatory",597.582999999999,32.0397605051916,11.1414423294214,30.876353661291,7.08733374090053,50.497592743829,26.9293069691294,1026.54625323003,124.131737179823,953.34921541712,50.230299554907,25.6841980504344,6.5277006834897,0,0.091,0.34,0.863,12.2279803940952,36.3810421654971,10.5565341179602,32.1757081515887,33.4851023794708,11.9027786197652,32.0023428101049,7.88880446024221,51.6235818926429,27.7307776884711,1121.25208136364,141.676138871139,1024.14994533547,62.2332358119373,26.2429040293256,6.96296039476001,0.001,0.122,0.37,0.834,13.425615242515,41.0462374426522,11.9775435196032,35.270908233318,34.5460392798389,11.7328853039211,32.835530590644,7.91915951478996,52.456769673182,27.7611327430188,1193.42882992417,137.660597554967,1078.17206916912,62.7130874206884,25.3317602180248,6.72530869635147,0.009,0.308,0.451,0.974,18.0849678295934,54.9890047377227,15.5513316260979,47.87393488426,35.2369888499674,11.68978191056,33.9461668781439,7.70070464373136,53.5674059606819,27.5426778719602,1241.64538321273,136.651001116457,1152.34224571879,59.3008520099858,27.0382937690745,6.67716666738792,0,0.162,0.428,0.962,15.720231721135,49.3455179462197,14.5979487477772,48.1522302762694,39.7719334885093,59.9011467809954,17.8228320492311,35.9012571073451,47.2484870635677,54.1872698899547,23.7036916821763,30.2219542659609,20.1292132924861,18.0784250581141,6.93878282638698,6.51826258378463,0,1,0,0,41.0395760071323,62.1788842021783,18.3197114048279,36.8435508328153,48.0355405137643,55.2058177587552,24.5682547313444,30.997643256582,21.139308195046,18.5238394279874,7.1702772449909,6.42938852523763,0,1,0,0,42.0369759998412,62.2363849325241,17.5103587682142,37.0442416862656,48.7287206603188,56.1936935177156,24.5827379588477,31.2391688883896,20.1994089326829,19.5338829180514,7.46497285739675,6.65643092954185,0,1,0,0,44.072822535654,64.5836297548331,17.9375469055952,37.4834764885134,49.6674541240926,57.3790414287624,24.0696143864989,30.8088448796628,20.5108072191791,19.5459295829182,7.71158730466981,6.73923049316384,0,1,0,0
658,500,2,1,"L'Ecuyer-CMRG","10407_-2036112959_2041352958_995893934_-1890199553_-96712280_1881428842","10407_1995175964_1941484660_1449285974_-1647012612_-569158987_969235969",1757362528,764331639,138576612,1958661475,1659516467,1444919960,1887272518,76.7740000000013,5.96199999999953,7.30400000000009,2.20499999999811,2.55199999999968,518.882999999998,1,NA,"569e972f86b1","not-a-git-build","bbd3d4119dab4c61438d29ca56ae93a0","confirmatory",640.066999999999,25.3947925165534,7.74351511250738,24.1510364672095,1.09161837132659,44.0593052162435,20.8562396397027,644.895486958796,59.9620262976301,583.272562440483,1.19163066861772,19.0897749634526,4.4397787558902,0.006,0.281,0.466,0.987,12.1806553323174,36.8497556327236,11.2349863156464,33.408161359902,25.5125541509392,8.99682252852763,24.0958199384425,3.55896324235446,44.0040886874766,23.3235845107305,650.890419304605,80.9428156098223,580.608538505845,12.6662193604302,18.7141962990717,5.12706886012383,0.015,0.34,0.52,0.969,13.1459383340608,39.8145255167738,12.8293734578138,38.2219925198591,25.0799170496538,10.3498658315633,23.5604483615325,1.27004261492669,43.4687171105665,21.0346638833028,629.002239217516,107.119722731362,555.09472699644,1.61300824372983,16.9723753903599,5.98823595972754,0.033,0.634,0.527,0.992,16.7320490738116,54.5354948012028,16.609778196795,49.6312439579735,26.0667657339159,7.86265042016633,24.5922501838989,1.29876284857381,44.5005189329329,21.0633841169499,679.476275826851,61.8212716297418,604.778769107477,1.68678493683555,17.8862293340735,4.82933488594565,0.035,0.595,0.692,0.996,16.903215689535,55.4751793551899,16.604873067597,51.0061128280942,33.974951290256,54.8147909679664,11.8877874359514,30.3054686358377,40.1622857501608,47.8939076056783,17.8970906655944,24.1026268026582,20.8398396777104,18.4176811998862,7.73162185551757,6.20553613706381,0,1,0,1,31.9904742335877,54.3263562461255,12.6798642437971,32.5020840721151,40.2180815912944,48.1537212436035,20.4334372895175,26.5537260934408,22.3358820125377,19.8222198283179,7.93563965230917,6.12028880392328,0,1,0,0,31.7519162824291,54.6297028075653,11.8753882495476,30.2678373340854,39.5514994457826,47.1230940183287,17.4630428825207,24.2856550559712,22.8777865251362,18.3924490845378,7.57159457254601,6.82261217345055,0,1,0,1,33.8419862282707,55.6028648660348,11.2965002060943,30.5482955923135,40.9313132553084,48.1010773622449,17.7256480648103,24.5961100602599,21.7608786377641,19.2517953862192,7.1697641069365,6.87046199544962,0,1,0,1
659,500,2,1,"L'Ecuyer-CMRG","10407_-1391344200_766519607_948900024_-222754466_-988517841_1214264058","10407_-678165474_-1069633744_1392847816_2000993455_800430267_1861349169",138576612,1958661475,1659516467,1444919960,1887272518,349865940,664341374,78.7699999999968,5.36999999999898,6.69900000000052,1.9800000000032,2.96199999999953,543.237999999998,1,NA,"569e972f86b1","not-a-git-build","bbd3d4119dab4c61438d29ca56ae93a0","confirmatory",663.010999999999,41.0266951314664,9.43550600007661,40.3684974325195,3.60807501499328,60.1219075777476,23.3857481271696,1683.18971341029,89.0287734774817,1629.61558495934,13.0182053138188,34.1516139856056,5.44927909373027,0,0.002,0.326,0.962,14.4432306051219,43.2894648031875,10.7305719509104,33.6126030027545,43.3638015959326,9.52225097827706,42.7179228322839,2.74619329370721,62.471332977512,22.5238664058836,1880.41928885141,90.6732636932984,1824.82093110496,7.54157760640248,36.6738995107242,5.54523739641753,0,0,0.36,0.938,14.152794570949,41.8963060686742,11.5178506565958,33.5282923760361,42.3414410234726,10.9146796572872,41.1261010138978,4.05823910073048,60.8795111591259,23.8359122129068,1792.79762794421,119.1302320212,1691.35618460533,16.4693045986977,32.6445916642206,6.20358191198293,0,0.195,0.39,0.969,19.6411411092331,60.9887854591097,13.5865743907869,45.9784713909376,42.7281942765986,10.1152567032878,41.8377784190764,4.95640692815859,61.5911885643045,24.7340800403349,1825.69858613875,102.318418173409,1750.39970304373,24.5659696374984,33.5237627258473,5.77058115714389,0,0.166,0.381,0.994,18.631382436196,60.2524335483571,13.1225272131011,45.4011524636054,48.4284476127109,74.2276205329102,13.3179279158768,33.1520009077638,55.3258901300719,64.4052238160528,20.2949721675465,26.4059149133412,25.7991729201992,19.8340729918869,9.07933368598088,6.11094274579477,0,1,0,0,51.9550968660563,73.0710112650078,12.133226366851,32.0410670411743,58.9453466697481,66.179889287906,19.257069616137,26.1317331214998,21.1159143989515,19.9078406743233,7.23454261815794,6.87466350536278,0,1,0,1,50.1582337758813,72.0838895221513,13.9496896997532,32.9477626659592,57.3713349788644,64.4479290202266,20.4434924504347,27.1579538307547,21.9256557462701,18.998072966206,7.07659404136214,6.71446138032006,0,1,0,0,51.1007969321256,73.0956296508173,15.2779356960918,35.1182412354103,57.5308512426321,65.132539207639,21.3293618019013,27.8139517997881,21.9948327186917,19.8403055393185,7.60168796500691,6.48458999788675,0,1,0,0
660,500,2,1,"L'Ecuyer-CMRG","10407_1787129355_-1204692904_2046836465_162887738_-221419330_-10696799","10407_1133867246_-610569695_1824317235_915081659_1899205258_-1967351697",1659516467,1444919960,1887272518,349865940,664341374,1128688473,1579354665,81.025999999998,8.11700000000201,6.58699999999953,2.61699999999837,2.34600000000137,539.709999999999,1,NA,"569e972f86b1","not-a-git-build","bbd3d4119dab4c61438d29ca56ae93a0","confirmatory",666.146000000001,28.3235550028859,10.7976867457696,26.6017526507865,-6.03974168149674,46.4266541040337,13.8297599648428,802.223768001501,116.590039059769,707.653244093627,36.4784795792091,20.9500882750998,6.19416139866015,0.02,0.331,0.396,0.886,14.1362500052518,42.0264404014816,11.9240175640488,35.1990572749588,30.137001283708,9.52446551323185,27.6475088977871,-5.78428733310996,47.4724103510343,14.0852143132296,908.238846374217,90.7154433127429,764.384748253217,33.4579799519763,21.5722076669662,5.4060285844533,0.049,0.387,0.48,0.975,15.6535579384309,46.9057945536477,13.1701778500385,39.3879712867847,32.7899889782381,9.67089992618202,28.5871481145313,-5.57364771326752,48.4120495677785,14.295853933072,1075.18337719297,93.5263053822274,817.225037322152,31.0655488316123,22.0577005997687,5.57254315105414,0.18,0.516,0.594,1,21.5040706379087,63.6718368777119,16.7171921858021,52.9180144556013,31.4208830635511,9.30752481507865,27.4815373361659,-4.50195482123443,47.3064387894131,15.3675468251051,987.271892493355,86.6300181833048,755.234894359082,20.2675972124359,20.2716719870295,5.42195113841761,0.159,0.645,0.609,1,22.8276528257525,65.8219952221688,16.9876720375774,52.5524151833785,35.4191193226921,56.5625205677595,3.1013466732865,22.4008485508954,42.8765064055231,50.0241018122222,10.7168866155007,17.2417348895996,21.1434012450674,19.2995018776089,7.14759540669903,6.52484827409893,0,1,0,0,37.4651168916492,58.4282699902217,4.75500762617302,24.1041387283503,44.1200076560394,50.8874399464271,10.4573718554986,17.8035027169393,20.9631530985725,19.3491311021773,6.76743229038773,7.3461308614407,0,1,0,0,37.8527643801371,59.6901327417732,4.6969703324652,24.0293536136037,44.7800264481631,51.973099249904,10.825123617251,17.985133051714,21.8373683616361,19.3323832811385,7.19307280174085,7.16000943446294,0,1,0,0,36.3179483279744,58.0540932038635,4.66648575250565,24.9241669549532,43.3080802868277,51.6225200188227,12.0899534783535,18.5968302244898,21.7361448758891,20.2576812024476,8.31443973199502,6.50687674613626,0,1,0,0
661,500,2,1,"L'Ecuyer-CMRG","10407_-121388990_989527087_1531990221_835660237_101046221_989222772","10407_1809454_415455185_1602325661_-1098848011_-1990615957_493379857",1887272518,349865940,664341374,1128688473,1579354665,302851027,1507200386,78.6710000000021,5.4320000000007,7.19900000000052,1.93299999999726,2.73300000000017,544.685999999998,1,NA,"569e972f86b1","not-a-git-build","bbd3d4119dab4c61438d29ca56ae93a0","confirmatory",667.973999999998,35.0387317104414,7.30554235484878,34.0010229769105,-5.06986750387617,54.0168586171951,15.0791300882749,1227.71271987629,53.3709490984895,1156.0695634764,25.7035565068596,28.2987077564877,4.17794950723439,0,0.058,0.553,0.992,13.185775235368,39.9529414961365,11.7307084970249,34.5215636464562,33.690559417501,6.68377930690257,31.9907942449922,-4.98289077545155,52.0066298852768,15.1661068166995,1135.05379386417,44.672905823379,1023.41091642543,24.8292004800801,26.2073083363689,3.95976298438905,0.003,0.165,0.62,1,13.6597091725106,41.3089352124144,12.844360360062,37.6143860418338,35.2896478681884,7.15612219341192,33.0685622307774,-5.06355455252746,53.084397871062,15.0854430396236,1245.35924666074,51.2100848470427,1093.5298080108,25.6395847064216,26.0924781962116,4.54206356948587,0.013,0.324,0.73,1,16.4983569674768,52.0929274595503,16.879596061058,50.5466045589725,37.3720323045415,8.86368620679164,35.6657272638962,-3.76885206713288,55.6815629041809,16.3801455250182,1396.66879857169,78.5649331724684,1272.04410126263,14.2042459039318,28.6831759797495,5.30899176562232,0.003,0.222,0.63,0.988,16.3164225786755,50.2751519326208,16.7700458569237,49.0159452166101,43.3551396848591,65.1330747685648,6.83661407735221,25.22301420367,50.0611811298327,57.7942038442693,11.8541369948253,18.1272577115359,21.7779350837056,18.3864001263177,7.73302271443663,6.27312071671062,0,1,0,0,41.5649288889112,63.0719018271267,5.70314850222662,23.0994330273892,48.7811319107293,55.1872860298639,12.0089319910302,18.3563641736195,21.5069729382155,17.3962845251626,6.40615411913461,6.34743218258936,0,1,0,0,42.3309914084577,64.0939977733756,5.63144627863969,23.4579501046422,49.5679095463845,56.6567686525801,11.8259714071097,18.3548940630423,21.7630063649179,17.8265038260025,7.08885910619562,6.52892265593252,0,1,0,0,45.1079964999306,66.5763469568956,8.14929795453434,26.1163330866364,51.9467604755286,59.597885289821,13.1079799972846,19.3752493773824,21.4683504569649,17.967035132102,7.65112481429232,6.26726938009783,0,1,0,0
662,500,2,1,"L'Ecuyer-CMRG","10407_1352089870_29047474_-220764195_-2089260609_31146862_1553235004","10407_-1254822873_152268681_268665097_296220476_-1142434533_89616232",664341374,1128688473,1579354665,302851027,1507200386,389631731,58031168,77.9500000000007,7.76299999999901,6.38600000000224,3.5109999999986,2.36000000000058,539.284,1,NA,"569e972f86b1","not-a-git-build","bbd3d4119dab4c61438d29ca56ae93a0","confirmatory",661.524999999998,39.5206304015336,7.3930154726827,38.4254794265737,-1.80780309225058,58.7363209860748,18.3202682461438,1561.88022733462,54.6566777793258,1476.51746916204,3.26815202035077,31.7914429605798,4.25878611260495,0,0.068,0.604,0.985,15.913185276609,46.0074376188065,12.6398604054062,37.6752363730269,40.7569630514219,5.49297818519614,39.3700477875422,0.077069878445279,59.6808893470434,20.2051412168397,1661.13003717497,30.1728093430407,1550.00066279336,0.00593976616357008,32.2903228267141,3.45543102080766,0,0.081,0.75,1,16.8927133522726,49.502359191964,13.0002147360038,38.8310445854313,42.1871119247267,6.20571233517285,39.3080781436083,-2.03467211966684,59.6189197031095,18.0933992187275,1779.75241254942,38.5108655869164,1545.12500734402,4.13989063454957,30.5619170393572,4.14281454702363,0.003,0.322,0.805,1,21.1797263023594,63.4913850900185,16.601762459238,50.2846541616893,42.9808175809248,7.63964831500213,40.1249225373516,-2.83500170253591,60.4357640968527,17.2930696358585,1847.35067992473,58.3642263769149,1610.00940862847,8.03723465338148,30.8185780211913,5.08901166950132,0.024,0.439,0.825,1,23.7689878367857,70.4974960927348,20.3255760527279,62.3945571186009,46.4097693431043,70.4986246041355,8.5419477141043,28.0292213953122,55.1811577952651,62.7249471818337,14.7540920185238,21.9182332719881,24.0888552610312,19.4872736812079,7.54378938656864,7.16414125346422,0,1,0,1,49.1898715356906,69.4833381303008,11.0021226936615,30.2084849911006,55.8858325191124,63.5097214407929,17.0768798724699,23.3913802911993,20.2934665946102,19.2063622974391,7.62388892168043,6.31450041872941,0,1,0,1,49.2428418128175,70.8888095306377,8.92526690267847,27.8582499093466,56.0989198578602,63.1020097456521,15.0478217099351,21.340507618889,21.6459677178203,18.9329830066682,7.00308988779184,6.2926859089539,0,1,0,1,49.6132965808695,72.2106682570928,8.3151767105184,27.2668713135526,56.4501387910448,64.2510857682681,14.1689084414461,20.6846706540318,22.5973716762233,18.9516946030342,7.80094697722333,6.51576221258577,0,1,0,1
663,500,2,1,"L'Ecuyer-CMRG","10407_863003666_-1965089177_796976745_1530817318_1752153966_-1671259549","10407_145846676_1703633018_-521909296_774497075_-546277343_-847318633",1579354665,302851027,1507200386,389631731,58031168,523275617,1598831756,78.1589999999997,5.42000000000189,6.06800000000294,1.96399999999994,3.01000000000204,555.880000000001,1,NA,"569e972f86b1","not-a-git-build","bbd3d4119dab4c61438d29ca56ae93a0","confirmatory",673.653999999999,34.4647663973927,8.13513334049172,33.5980291348472,2.89834021369123,53.6099892510827,22.9138083361003,1187.82012282685,66.1803944675799,1128.82756174604,8.40037599429971,27.7972089114323,4.64793418672886,0,0.05,0.535,0.938,13.5528688429389,39.9885548388351,11.6561065159796,33.6755519197349,34.5219836746902,8.6868052911567,33.5707701224308,4.36531919732532,53.5827302386662,24.3807873197344,1191.76735683558,75.4605861664681,1126.99660661309,19.056011694537,27.8663478615956,4.99468028332447,0,0.047,0.545,0.921,13.3163940971956,39.9618120673535,12.1282376454276,36.7113114107038,35.1783068103676,8.6817981962313,34.285532896049,3.38997420620332,54.2974930122845,23.4054423286124,1237.51327004436,75.373619920085,1175.49776596606,11.4919251187239,26.8554554233857,5.22474586149449,0,0.21,0.664,0.989,16.7339345640803,53.4385935828953,17.1582474751459,52.5248452491295,34.0578647775324,8.2637354428251,33.2410201345023,2.58398883315376,53.2529802507377,22.5994569555628,1159.93815320468,68.2893234690037,1104.96541958239,6.67699828986332,26.1035487637084,4.88396025849369,0,0.262,0.599,0.98,14.5911564973022,52.9957146755717,14.1451255808144,46.1589416639132,42.0495462371938,65.5470965059853,13.4088532209582,32.5054276672413,49.720012711131,57.4558988061493,19.7485042989368,26.102748824082,23.4975502687915,19.0965744462831,7.73588609501827,6.35424452514522,0,1,0,1,43.8544605694565,64.3586504783263,15.3862014611421,32.4093210537353,50.2420937759385,57.1090441068789,21.5851912258891,27.1885146940639,20.5041899088698,17.0231195925933,6.86695033094038,5.6033234681748,0,1,0,0,42.132527560422,65.7128871432921,13.467005017033,33.111487301255,50.0984278932327,58.2355007115341,20.1448044107375,26.6351534571594,23.5803595828701,19.644482284222,8.1370728183014,6.49034904642194,0,1,0,0,40.78904326093,64.2789972222225,12.3227973533654,31.9611047264593,49.7867823181323,56.990618307297,19.2800792464202,26.1809178585776,23.4899539612925,19.6383073730939,7.20383598916474,6.90083861215736,0,1,0,1
664,500,2,1,"L'Ecuyer-CMRG","10407_2013464078_-453509674_854712370_1233258984_-2015203408_782890930","10407_-872499243_1698767134_-964214816_-1886325013_186102999_690528730",1507200386,389631731,58031168,523275617,1598831756,708023166,1136439431,80.6610000000001,7.34000000000015,6.17600000000311,3.60699999999997,2.3269999999975,550.189000000002,1,NA,"569e972f86b1","not-a-git-build","bbd3d4119dab4c61438d29ca56ae93a0","confirmatory",673.93,34.1296856702633,10.6521362504187,33.2790217106276,7.60338347063367,53.0260681459133,27.2161992051183,1164.83544395098,113.468006697484,1107.49328601642,57.8114402015053,27.2071594777745,6.1974390621932,0,0.068,0.381,0.876,14.0491328864668,42.5092560067515,11.4612958165875,34.0466212036319,34.9492319063135,11.9951756485944,33.6581371680874,8.61009427109487,53.4051836033731,28.2229100055795,1221.44881084128,143.884238840633,1132.87019762579,74.1337233571407,27.5334672363432,7.06028861481181,0,0.104,0.35,0.853,14.5188317759491,43.1324268010497,12.3836127711213,36.8157332251768,35.9176514189461,12.7526952509274,34.3415303815139,9.00144670004907,54.0885768167996,28.6142624345337,1290.07768345292,162.631236163027,1179.34070894444,81.0260426938243,26.7308597553125,7.39257493924469,0.001,0.309,0.449,0.953,17.6343225195933,55.7325200459217,16.9080630829663,51.6215206160608,37.1758680611993,13.2345995888662,34.4151817779868,8.93088608204785,54.1622282132726,28.5437018165325,1382.04516610369,175.154626277617,1184.40473681188,79.7607262105159,27.1948084542306,7.74260386666721,0.003,0.366,0.405,0.878,17.5884477636913,53.5358969930296,14.712861653711,45.6834361200595,41.0189533025223,64.3333103655093,18.943901136912,36.8514070264191,48.9932407556069,56.9956682994724,24.1445697970448,30.3609221488232,23.3143570629871,17.9075058895071,8.00242754386549,6.21635235177842,0,1,0,0,44.0339407915379,63.4735851376052,19.5856981252371,36.6538690810871,50.0330700171618,56.8604585872438,25.1169447083038,31.3581424370952,19.4396443460673,17.06817095585,6.82738857008202,6.24119772879141,0,1,0,0,42.5984042527342,64.2638671640001,19.3379476986445,38.4743108911305,50.452824045332,57.544504440498,25.5481170155155,31.2804601645993,21.665462911266,19.1363631924859,7.09168039516598,5.73234314908379,0,1,0,0,43.4578638163931,64.3375748151783,19.0404803235826,36.8424206139465,50.866903167042,57.8426257128242,25.3358727790154,31.7265420639603,20.8797109987852,17.8019402903639,6.97572254578227,6.39066928494493,0,1,0,0
665,500,2,1,"L'Ecuyer-CMRG","10407_-590867124_-1640649823_1316443699_-1564671542_-1470325351_-1924660048","10407_798601032_1289739190_1587955853_-1922834173_-1938687571_1447536384",58031168,523275617,1598831756,708023166,1136439431,100085770,1184158631,79.5959999999977,5.29100000000108,7.13700000000244,2.06100000000151,2.48399999999674,551.367999999999,1,NA,"569e972f86b1","not-a-git-build","bbd3d4119dab4c61438d29ca56ae93a0","confirmatory",672.275000000001,37.4669271856725,11.4729899611018,36.7755112998913,9.94622199085537,56.8820607687006,30.0766220888666,1403.77063273648,131.629498647542,1352.43823136843,98.927331891375,31.4053485023197,6.91271904626146,0,0.005,0.235,0.909,12.1432008102126,37.8781190041978,11.8973515651336,34.3752828880343,38.3708670558138,12.1144479501242,37.5677366314249,10.3474232702842,57.6742861002342,30.4778233682954,1472.32343861494,146.759849136269,1411.3348356081,107.069168334418,31.9139673690212,7.27551749254882,0,0.018,0.277,0.896,13.1594624669392,39.1925380364087,12.6435778416947,36.9829948110044,38.1846822820111,12.2200204237353,37.2851578802129,10.9042157289233,57.3917073490223,31.0346158269344,1458.06996097813,149.328899156508,1390.1829981524,118.901920662897,29.5360262461445,7.23139118794617,0,0.216,0.358,0.976,17.0962141901056,55.4221559787317,17.2289990128848,50.6977945754463,39.003348570891,13.0773901938879,38.1906533730071,10.3686488610275,58.2972028418165,30.4990489590387,1521.26119974243,171.018134283196,1458.52600505718,107.508879203287,29.8138756471252,7.61971774377949,0,0.272,0.454,0.971,18.9233539425955,60.8488681801916,18.3634141807313,56.255275127543,46.5372146350457,68.9034806310205,19.6482557687947,40.5582121889451,53.0012155494964,60.7077640634698,26.3238708507853,33.6363955745722,22.3662659959749,20.9099564201504,7.70654851397339,7.31252472378688,0,1,0,0,47.1053124662824,68.1317947056409,21.2122179121864,40.5552911095408,53.9822954959105,61.2557581533899,26.7857079267957,34.0967826837595,21.0264822393585,19.3430731973544,7.27346265747943,7.31107475696379,0,0,0,0,46.5415641773103,68.3060697320002,20.2857883781376,40.6258885867213,53.5299586246925,61.5599076546128,27.4873777907306,34.5761216341811,21.7645055546898,20.3401002085837,8.02994902992023,7.08874384345054,0,0,0,0,46.7468607174163,69.0618698494191,19.8142841992815,39.892219877273,54.311679890225,62.227109041891,27.3271206185796,33.7145203123643,22.3150091320028,20.0779356779915,7.91542915166595,6.38739969378467,0,1,0,0
666,500,2,1,"L'Ecuyer-CMRG","10407_1524710744_-1673235891_-96845578_-1737754075_-1657370039_1845019158","10407_1658185434_443456019_1959479310_1836094158_1704142476_-418623429",1598831756,708023166,1136439431,100085770,1184158631,887064159,1670228274,79.6589999999997,5.5109999999986,7.68999999999869,2.31500000000233,2.85399999999936,542.226000000002,1,NA,"569e972f86b1","not-a-git-build","bbd3d4119dab4c61438d29ca56ae93a0","confirmatory",667.844999999998,26.2320143918953,9.17565284218846,25.0644121460424,-5.12976123563049,45.251281334736,15.1135284383788,688.118579056602,84.1926050803611,628.224756226679,26.3144503345773,19.209144626623,5.22192346739118,0.006,0.366,0.425,0.97,14.3174444573733,43.1851982372033,11.574478088144,34.5851656901939,28.6546084198128,9.38410801576252,27.2168617612199,-2.93202665258641,47.4037309499134,17.3112630214228,821.086583692806,88.0614832514985,740.757564129354,8.59678029147708,20.9007156833,5.34803613014865,0.019,0.394,0.447,0.969,15.8489859150974,47.2527611387211,12.6106223914085,38.0893128638378,28.8356469112436,12.4392875314744,25.5457389429673,-4.31093144242294,45.7326081316608,15.9323582315863,831.49453278991,154.735874290694,652.584778142234,18.5841299012707,18.6273307408193,7.08042933320123,0.161,0.696,0.531,0.984,22.6237007424015,67.957751217824,18.9481432077915,56.5061701489856,28.2988569439763,10.4716113133996,25.21858426301,-5.32108731011663,45.4054534517035,14.9222023638926,800.825304335636,109.654643498919,635.976992230534,28.3139701618842,17.9576799878837,6.02197982359422,0.176,0.713,0.622,0.997,24.1942420151037,70.3877148456813,18.5185520756206,57.0155844853245,34.3296598582607,55.9198623267463,4.48110979306165,24.6903692259412,41.1102336221958,49.2060681131396,11.5999395699306,18.6748108601063,21.5902024684856,20.2092594328796,8.09583449094375,7.07487129017576,0,1,0,0,36.847279337758,58.6142747250668,7.44051738583857,26.1730586122163,43.7163444012525,51.0261456073102,13.9320225339889,20.6676519001091,21.7669953873087,18.7325412263778,7.30980120605765,6.73562936612021,0,1,0,1,34.5954407654053,57.8799743343784,6.10343383239255,25.8300513120477,41.7458702487586,49.8744157080887,12.3760335136444,19.5602070252592,23.2845335689731,19.7266174796552,8.12854545933018,7.18417351161472,0,1,0,0,34.0951758959209,56.2132248145616,4.22675802373745,26.776763004778,41.6132913119838,49.2609366159493,10.8096038111487,18.9461456214539,22.1180489186407,22.5500049810406,7.64764530396552,8.13654181030525,0,1,0,0
667,500,2,1,"L'Ecuyer-CMRG","10407_736731153_-1725712797_2113425490_-598547064_-1491014663_-1277407187","10407_-1540950514_-1574369056_1898611820_-1998291787_-762507079_70936885",1136439431,100085770,1184158631,887064159,1670228274,1384130872,340430288,79.8539999999994,7.13100000000122,5.38800000000265,2.26900000000023,1.89700000000084,549.59,1,NA,"569e972f86b1","not-a-git-build","bbd3d4119dab4c61438d29ca56ae93a0","confirmatory",670.080000000002,39.5383043955817,8.94544918699362,38.5794173677305,-2.07298405098819,58.5767974815639,17.7591423611409,1563.27751447767,80.0210611570848,1488.37144443354,4.29726287565142,33.1480722792575,5.16968654687219,0,0.012,0.364,0.953,12.3471144910639,38.0834377563223,10.1810018877559,31.3183974613508,39.3849201234933,8.67439772272672,38.0635384521547,-1.30500578199289,58.0609185659881,18.5271206301362,1551.17193313395,75.2451758520465,1448.83295949866,1.70304009103486,31.9767430137363,4.96786663962986,0,0.056,0.422,0.98,14.2741679301146,42.3256353296602,11.6107697958591,35.240051963786,40.0059005187906,10.0140279949475,38.4638577984376,-2.66431159184857,58.461237912271,17.1678148202805,1600.47207631937,100.280756683592,1479.46835673843,7.09855625845864,30.4928597295088,5.74859309342604,0.002,0.236,0.563,0.995,18.6108694431906,57.4289583190602,17.0201853667177,52.4339019345788,40.3169115131698,10.3985748609545,38.6788860821338,-2.18337573152371,58.6762661959671,17.6487506806054,1625.45335396076,108.130359138876,1496.05622855468,4.76712958500671,30.1848209674634,6.02590266382199,0.004,0.296,0.556,0.985,20.2568747545479,62.3666656741572,17.1399664534788,54.2152579233947,48.1617709747517,68.8188106325579,8.59689000922351,28.1403794388752,55.0089725011529,62.4230295450928,14.0144472965659,21.0680000131773,20.6570396578061,19.5434894296517,7.41405704393994,7.05355271661138,0,1,0,1,48.6812494908448,68.2412938157592,9.63032559475649,28.3672028023528,54.664789302409,61.3179328218371,15.0743783221274,21.9714359167746,19.5600443249144,18.7368772075964,6.65314351942815,6.89705759464724,0,1,0,1,48.8785246705157,68.4462001493095,6.82572009433076,26.4088220530211,54.9241633627571,62.1379587092037,13.6180775200012,20.8572471497553,19.5676754787938,19.5831019586903,7.21379534644656,7.23916962975407,0,1,0,1,47.4140536267482,69.4340631210002,8.10927366410086,27.1882339052841,54.7318778055548,62.6265183441936,14.4362513535468,21.0819502779632,22.0200094942519,19.0789602411832,7.89464053863882,6.6456989244164,0,1,0,1
668,500,2,1,"L'Ecuyer-CMRG","10407_879275041_734916816_-160373526_-798994251_-1011933000_-1158516513","10407_-1098545218_-122837678_1105277542_-1937051703_-1421599991_130919654",1184158631,887064159,1670228274,1384130872,340430288,894262667,715655682,78.4160000000011,6.48300000000017,5.54300000000148,2.5669999999991,2.23099999999977,516.102999999999,1,NA,"569e972f86b1","not-a-git-build","bbd3d4119dab4c61438d29ca56ae93a0","confirmatory",635.049999999999,32.7788581927857,10.0403209092717,31.949243551487,7.24023398078884,51.4471105329627,26.7424331650728,1074.45354442276,100.808043961159,1020.75416351224,52.4209880965695,26.3225179551321,5.76617917434756,0,0.046,0.348,0.964,12.7542325499485,39.6123992989202,11.6919078675937,35.3160018387123,34.1556886035016,9.69422432769526,33.2747845666355,6.79393249374889,52.7726515481112,26.2961316780328,1166.61106397937,93.9779853156787,1107.211287956,46.1575187296171,27.3471965691898,5.55605064619013,0,0.046,0.435,0.977,13.449231538489,41.9807292069546,13.1503556035369,39.5074952886275,35.1536588045697,11.03223138682,34.2405186640165,7.6523331699339,53.7383856454922,27.1545323542178,1235.7797273481,121.710129372337,1172.41311838086,58.5582029436706,27.2683532935807,6.51473214295635,0,0.137,0.545,0.997,15.2679248536622,49.8681530440047,18.7475574032307,58.657757397667,34.0970015467239,13.8129333804075,33.0862744370497,7.92962212305613,52.5841414185254,27.4318213073401,1162.60551447729,190.797128571575,1094.70155612377,62.8789070144612,24.8698753310675,8.04740878671534,0.001,0.37,0.411,0.951,18.9584701775555,60.6646366925614,17.8023160962895,53.9795780109496,40.9889254141899,61.8520172322842,16.5210303485186,35.8591478248995,47.5945590782592,55.166678366597,23.542351339978,30.1280273455424,20.8630918180943,19.3381174763809,7.57211928833781,6.58567600556441,0,1,0,0,41.3186920865223,64.9814272727897,17.0373984339336,35.9458479091138,49.0040401480652,56.3883500131922,23.2681889784864,29.4680460251154,23.6627351862674,18.9084494751802,7.38430986512704,6.19985704662899,0,1,0,0,41.5549198174409,65.184203182292,16.4976715158997,38.0076593749519,49.7508222196571,58.0461207573777,23.2848326230935,30.9734142271854,23.6292833648511,21.5099878590522,8.29529853772062,7.68858160409183,0,1,0,0,40.38104425709,64.3575637753669,18.4792430481032,35.8866403675375,48.6959245761955,56.6192419210809,24.6194977241128,30.5365037781871,23.9765195182769,17.4073973194343,7.92331734488538,5.91700605407438,0,1,0,0
669,500,2,1,"L'Ecuyer-CMRG","10407_-1448316240_-207846077_-664741481_257879456_-1528825767_-594840544","10407_1716021255_1705196546_-811771286_-936826601_254297519_-46900769",1670228274,1384130872,340430288,894262667,715655682,377976984,2121409940,78.494999999999,5.15700000000288,7.1050000000032,2.06399999999849,2.89799999999741,515.736000000001,1,NA,"569e972f86b1","not-a-git-build","bbd3d4119dab4c61438d29ca56ae93a0","confirmatory",634.856,38.3923155507094,8.31088437268781,37.6995200812428,3.57971023124722,57.7243328245296,23.6820687127914,1473.96989334524,69.0707990561865,1421.25381435603,12.814325339696,31.6551136537271,4.74102035318803,0,0.005,0.486,0.948,14.4901865972263,41.3627218239592,10.9774041045135,32.4457595334784,38.9722507682151,8.73561902523046,37.7831402042514,2.29374509097833,57.8079529475383,22.3961035725225,1518.83632994064,76.3110397539684,1427.56568369412,5.26126654238717,31.2869017290657,4.97238974275155,0,0.049,0.491,0.945,15.2311289771103,45.0695690290647,11.9427514819348,34.6355475796441,43.3496593562953,9.36169537893288,40.5083106660133,2.08968235168856,60.5331234093001,22.1920408332328,1879.19296630684,87.6413403679332,1640.92323301424,4.36677233095861,32.1018940412416,5.33842167468817,0.005,0.269,0.48,0.987,20.2331332017536,61.1585893205333,13.3184285361572,43.4127166805044,41.4875871989289,9.07195160386944,39.8749946560878,4.84179172681509,59.8998073993746,24.9441502083593,1721.21989158873,82.3003059029492,1590.01519882303,23.442947125855,31.215232932928,5.22813716736803,0,0.177,0.647,0.981,20.880859797183,60.5312830615449,15.7289818280813,47.3194646326481,46.9475589542563,69.1934537895086,13.8291601160206,32.9955265948458,53.5746938944785,61.815732675558,20.4455110820797,26.9590794235036,22.2458948352522,19.1663664788253,8.24103878107949,6.51356834142395,0,1,0,0,47.5684909717342,68.8504777601269,12.0238332170069,31.9749629932386,53.8726396153748,61.6782565792986,19.131904244371,25.8755198284886,21.2819867883927,19.9511297762317,7.8056169639238,6.74361558411752,0,1,0,1,49.724394742249,71.8566746400923,12.192496743732,33.2225585653891,56.4949471272668,64.4886909734412,18.6132766052635,25.5839239158685,22.1322798978433,21.0300618216571,7.99374384617433,6.97064731060504,0,1,0,1,48.9854502065042,71.0722175244303,14.1408453470722,35.2562781487124,55.8697937167247,63.7879380513054,21.4892266483597,28.4999304854038,22.0867673179261,21.1154328016402,7.91814433458072,7.01070383704406,0,1,0,0
670,500,2,1,"L'Ecuyer-CMRG","10407_1250975040_9614831_666088659_-2023140502_-258782133_2039160361","10407_-1252314651_1292354480_-916875014_-1883351469_-1105221053_-1817300336",340430288,894262667,715655682,377976984,2121409940,866319226,1028530164,76.2870000000003,7.14799999999741,5.15999999999985,2.97499999999854,2.34700000000157,503.198,1,NA,"569e972f86b1","not-a-git-build","bbd3d4119dab4c61438d29ca56ae93a0","confirmatory",619.868000000002,34.7597888895305,7.10764941754109,33.9761210910208,0.495240212736501,53.9842992395748,20.2593325165423,1208.24292364473,50.5186802426722,1154.37680439171,0.245262868311295,27.704096784478,4.07105892546488,0,0.07,0.497,0.999,14.820691818252,43.4808904624102,10.7432278390708,33.1542065166366,34.866879581961,8.30069697364119,33.6995996242106,2.83832373413945,53.7077777727645,22.6024160379453,1215.69929178297,68.901570248216,1135.66301483209,8.05608161977931,26.9893749418762,4.75194616963202,0,0.176,0.466,0.973,15.7965342819456,47.6005654535756,11.6431600344601,34.3829794607699,36.8238851508104,8.44215298199082,34.2264592226089,0.94860583644784,54.2346373711629,20.7126981402536,1355.99851760007,71.2699469713366,1171.45051091691,0.899853032942905,26.1316437499756,4.94893734727783,0.04,0.449,0.566,0.997,20.8966469899646,62.3179424876123,14.4421993461722,46.2819320085121,36.653012145712,8.68077569486193,34.6702334051466,0.462477729280483,54.6784115537005,20.2265700330863,1343.44329935371,75.3558666645056,1202.02508436734,0.213885650080432,26.41722776919,5.07732387628165,0.011,0.416,0.581,0.998,20.5827852818685,63.5004089353981,14.9649821754524,47.8271259233825,43.4982859811572,65.080812179681,10.7755854453296,29.2876594502309,50.5330306344657,57.5159807910718,17.2625050520894,23.2365224621508,21.5825261985238,18.5120740049013,6.98295015660607,5.97401741006132,0,1,0,1,43.0303814739678,65.0946269469673,13.3679054441388,32.0190801909856,50.0277703044486,57.6462393565657,19.3979763893349,26.1600929454009,22.0642454729995,18.6511747468468,7.61846905211704,6.76211655606592,0,1,0,1,42.170182863232,65.2918349559054,11.2527011748227,29.4303790363132,50.4343414296056,58.1041173923291,18.0508458990807,23.3656331805034,23.1216520926734,18.1776778614904,7.66977596272346,5.31478728142265,0,1,0,1,44.2685769141699,65.6764982237513,11.6570830244057,29.0468248279703,50.554340355055,58.7241679923004,17.017942248091,23.1831929527976,21.4079213095814,17.3897418035645,8.16982763724535,6.16525070470664,0,1,0,1
671,500,2,1,"L'Ecuyer-CMRG","10407_1371107426_898599625_107258607_1447984228_286499876_-2018811309","10407_1571471800_-537716172_1312726197_1882912424_-1493120328_-318408047",715655682,377976984,2121409940,866319226,1028530164,1077215020,1718607223,77.130000000001,5.31999999999971,5.90000000000146,1.97000000000116,2.51900000000023,519.917000000001,1,NA,"569e972f86b1","not-a-git-build","bbd3d4119dab4c61438d29ca56ae93a0","confirmatory",635.153999999999,38.679187473811,13.0682017991455,37.2244404979214,-10.5077966050775,56.8886125832792,9.46741752693126,1496.07954363422,170.77789826319,1385.65897038329,110.413789493678,31.1434289734238,8.14742532076187,0,0.083,0.298,0.69,14.5131330310945,42.4430521395367,10.1158953941825,30.4744991410421,40.9384018945494,11.509333766287,39.3149108758662,-8.78729658136659,58.979082961224,11.1879175506421,1675.95274967964,132.464763743795,1545.6622171773,77.216581208897,33.3066973199935,6.87301941965196,0,0.069,0.371,0.81,13.8062650608845,42.0006692391636,11.0755573833595,33.7710511965746,40.4488126692438,12.4313128353726,37.5838250668585,-10.5636848533209,57.2479971522163,9.41152927868784,1636.10644635158,154.5375388109,1412.54390665622,111.591437680281,29.8300639564745,7.37939625305209,0.009,0.359,0.328,0.927,17.6961780165312,59.4926383513586,13.7358575877466,43.9910966371047,39.5926843569008,12.4967229787603,37.460748276436,-10.0398888688817,57.1249203617938,9.935325263127,1567.58065458518,156.168085207876,1403.3076614305,100.799368499495,30.2175394423721,7.35452892472118,0.002,0.253,0.339,0.962,16.0850067908244,53.747603533675,12.8616545377324,41.0476114974331,45.7541461056947,68.2586159115263,0.927244382492921,18.4873691529349,53.1355762501268,60.8863842060175,6.51680124547265,12.2802361288903,22.5044698058316,17.560124770442,7.75080795589065,5.76343488341769,0,0,0,0,48.9050337718161,69.1787904128447,0.969438815883694,20.363399064896,55.5686663231857,62.5941315368721,8.00672520057897,14.6364450672964,20.2737566410287,19.3939602490123,7.02546521368638,6.62971986671745,0,1,0,0,46.9275426847905,67.4957509929714,0.657933632582503,19.194841656917,53.5560361812965,60.3615986426571,6.0103988668087,12.863387990923,20.568208308181,18.5369080243345,6.80556246136063,6.85298912411429,0,0,0,0,46.8429802888156,67.2412624967242,0.184726962633136,20.2684416049297,53.5197464787979,61.1840805285598,6.53862507774699,13.249923838894,20.3982822079087,20.0837146422965,7.66433404976189,6.71129876114698,0,1,0,0
672,500,2,1,"L'Ecuyer-CMRG","10407_-720467515_1543335332_-523746137_1047101003_-337440772_1842486396","10407_-1064415736_-796203301_-1976860838_-1142360741_-514168182_-1009458473",2121409940,866319226,1028530164,1077215020,1718607223,2125830737,719176003,79.0740000000005,5.11700000000201,6.1260000000002,2.01499999999942,1.9320000000007,513.479000000003,1,NA,"569e972f86b1","not-a-git-build","bbd3d4119dab4c61438d29ca56ae93a0","confirmatory",631.168000000001,41.2134805906387,9.82658991881442,40.2859452374264,2.13523196470344,60.2901834011625,22.3048567174741,1698.55098239496,96.5618694325452,1622.95738367292,4.55921554309131,34.9418178958794,5.69301442679491,0,0.011,0.359,0.918,12.4488966037436,37.5244252457024,10.708105527471,34.7025891035704,42.3900837921096,10.1760103418647,41.4484426702557,3.13517870576916,61.4526808339918,23.3048034585398,1796.91920390207,103.551186477737,1717.97339978948,9.82934551710837,35.7136006266146,5.86874124122255,0,0.01,0.39,0.927,13.0138865130789,40.4405143471002,12.0645418354372,35.705111814739,43.2551908303146,10.7431677741718,42.1172374243884,3.1668240363181,62.1214755881245,23.3364487890887,1871.01153376693,115.415653824004,1773.8616882623,10.0287744770021,34.4912399721185,6.17545341488694,0,0.123,0.475,0.973,16.9380004037819,54.4515828307585,14.8375380817143,49.3077118455922,43.5822851340291,10.2828974128055,42.5773131492245,2.6365561006902,62.5815513129606,22.8061808534608,1899.41557750382,105.737979202282,1812.82759500713,6.95142807208673,35.4415972001655,5.9091660071312,0,0.066,0.493,0.983,15.9230979190895,50.572817903849,14.597444010026,48.1535923094055,50.0068826278812,70.2506758209665,12.6649775268111,33.5164577257848,57.1324262676559,63.8838533409087,18.8837671733072,25.6896507048088,20.2437931930853,20.8514801989737,6.75142707325285,6.80588353150157,0,1,0,1,51.0904577438953,71.5937477015849,11.9153104715946,33.3273068037869,57.8031037317277,65.2332700461206,19.7801431788561,26.9243104882354,20.5032899576896,21.4119963321922,7.43016631439293,7.14416730937933,0,1,0,1,51.4574623967206,72.5607151402831,13.9418377875346,33.1585110126805,58.6721734463883,65.5620497608569,19.9112291456696,26.5592377720145,21.1032527435625,19.2166732251459,6.88987631446854,6.64800862634482,0,1,0,1,52.1316224767544,72.4563631581872,11.8388880780584,33.3783901130873,59.2727180015476,65.9445871974085,19.0363897516231,26.5847803664443,20.3247406814329,21.5395020350289,6.67186919586095,7.54839061482125,0,1,0,1
673,500,2,1,"L'Ecuyer-CMRG","10407_-108410220_1317650294_1848369456_-754618575_508677283_-1820482877","10407_520693821_-209626313_1461678032_1734977801_1936993555_2041830125",1028530164,1077215020,1718607223,2125830737,719176003,398260011,450252688,74.0709999999999,5.61300000000119,5.2510000000002,2.20799999999872,1.94000000000233,528.684000000001,1,NA,"569e972f86b1","not-a-git-build","bbd3d4119dab4c61438d29ca56ae93a0","confirmatory",640.205000000002,39.8617629032251,8.67511763986417,38.9369742153555,-3.55564744710638,59.0732818089284,16.5221665011387,1588.96014175293,75.2576660654825,1516.08796104726,12.6426287681141,33.0589875578536,4.91142344181933,0,0.025,0.488,0.978,13.5151148161087,41.260075035232,12.4208130110293,37.167917259377,41.5606371792253,10.5144514342606,40.5888831068239,-5.01557213938069,60.7251907003968,15.0622418088644,1727.28656274321,110.553688963426,1647.45743185941,25.1559638853318,34.8866894925795,5.9181763773165,0,0.005,0.459,0.961,12.9523888128659,39.8688309557714,13.6435620750053,39.7830321289133,41.3679431774059,10.0125695085092,40.1802422179242,-4.83487188419387,60.3165498114971,15.2429420640512,1711.30672272909,100.251548162728,1614.45186469106,23.3759861365684,32.8556541993996,5.76073308279214,0,0.108,0.621,0.997,16.4042766962159,52.2404005580214,17.7572192566875,54.5179262434014,40.7785675254592,11.1179810296943,39.2173723609169,-4.22940559421179,59.3536799544897,15.8484083540333,1662.89156942843,123.609502176643,1538.00229489481,17.88787168035,30.9957321892322,6.32017289813625,0.005,0.211,0.527,0.976,19.0056926457504,59.5881282210964,16.6267072645487,51.2646605999981,48.3265245519539,70.1488534025649,6.30407860467906,25.2051744324963,55.2939594070229,62.9389873080005,13.1454005420676,19.8064108977686,21.822328850611,18.9010958278172,7.64502790097763,6.66101035570095,0,1,0,0,49.7867680229529,72.5305254830303,6.04532807493422,24.2684541825543,56.8251857049575,64.2345319593383,11.910240708018,18.0791188581291,22.7437574600774,18.22312610762,7.40934625438075,6.16887815011104,0,1,0,0,50.3236849083453,71.2037249713665,5.13767893008973,24.8917175098534,56.4284918945841,64.3299825820689,11.6869455288459,18.6721040172044,20.8800400630212,19.7540385797637,7.9014906874848,6.98515848835845,0,1,0,0,46.1383329199651,70.6197731458769,7.23214006400304,25.099419061723,55.9006734799243,63.3081698372672,12.8465425933883,18.9091237746321,24.4814402259118,17.86727899772,7.40749635734295,6.06258118124373,0,1,0,0
674,500,2,1,"L'Ecuyer-CMRG","10407_-1631700841_1275253019_-997405391_-697540060_-1504263545_499626409","10407_-1681013454_-826730273_2137560269_-922064135_2031026239_1325425439",1718607223,2125830737,719176003,398260011,450252688,1805652978,832040549,78.9120000000003,5.77000000000044,5.20600000000195,2.03600000000006,2.23400000000038,503.538,1,NA,"569e972f86b1","not-a-git-build","bbd3d4119dab4c61438d29ca56ae93a0","confirmatory",619.224000000002,34.2599092283279,6.75929575066027,33.3806429341716,-1.14590442951434,53.2429746206723,18.7577601765391,1173.74138033327,45.688079044894,1114.26732269866,1.31309696158059,28.02225212198,3.86547756795995,0,0.026,0.497,1,12.7388383729909,37.0414511560514,10.5876738736623,32.7577212278331,36.8373812234872,6.44722611516992,35.8215917067792,2.02526196177496,55.6839233932799,21.9289265678284,1356.99265540453,41.566724580129,1283.1864324072,4.10168601381255,29.9318293850127,3.78160017381064,0,0.04,0.659,0.996,13.6901392736743,41.3565399671442,12.0681291147596,35.2342142793552,37.1081904048715,5.63574799723843,36.0249787336667,1.04856319489071,55.8873104201674,20.9522278009441,1377.0177951242,31.761655488377,1297.79909276114,1.09948477367941,29.0751031925224,3.87730881313685,0,0.101,0.844,1,15.5441348423845,49.5486984722579,16.0708301407477,49.1273021197077,36.1678511695767,4.94860416801468,35.3031491509989,0.203456227200881,55.1654808374996,20.1071208332543,1308.11345822465,24.4886832116923,1246.31233997768,0.0413944363868166,27.5715314775587,3.66546577896443,0,0.194,0.901,1,17.2822622779002,55.7335635059837,16.2940800013602,48.6140168038673,43.323154025956,64.5167585545575,8.78773877628686,30.0287130939595,49.3051874857228,57.0484362760138,15.1174384674696,21.7737104244669,21.1936045286015,21.2409743176727,7.74324879029101,6.65627195699732,0,1,0,1,44.5277772024597,65.2199388173929,12.2644282274911,31.8235646225026,52.2839226090775,59.3148249619184,18.4443739497243,25.1452536231475,20.6921616149332,19.5591363950116,7.03090235284095,6.70087967342317,0,1,0,1,44.6919168350377,66.1949484062399,10.2024606524215,30.5833498304634,52.0952920580067,59.7949260836327,17.4877911707264,24.5494298554513,21.5030315712023,20.3808891780418,7.69963402562594,7.0616386847249,0,1,0,1,44.2558432932884,66.9003554647076,10.3349294459579,30.9518741369764,51.1084753190925,59.2078576995875,16.3352035987522,23.5613383142794,22.6445121714192,20.6169446910184,8.09938238049502,7.22613471552727,0,1,0,1
675,500,2,1,"L'Ecuyer-CMRG","10407_-1508565109_1833783089_-1979687553_-1191734573_-1794200799_10031238","10407_-1221614700_658434252_1270895532_-48890780_1116919481_-1442284403",719176003,398260011,450252688,1805652978,832040549,1934407058,737017355,75.5849999999991,5.44700000000012,6.30299999999988,1.99800000000323,1.88300000000163,505.594000000001,1,NA,"569e972f86b1","not-a-git-build","bbd3d4119dab4c61438d29ca56ae93a0","confirmatory",619.752,39.9807661231621,9.79346615670223,38.9817351579958,-3.35255412031439,59.1838840567908,16.8646879990134,1598.46165979499,95.911979362472,1519.57567592812,11.239619129637,33.4261993034998,5.63033398176865,0,0.007,0.372,0.937,12.9430144467747,38.8472621187064,11.290197946612,33.7857708363638,40.2234666706083,9.98579351713781,39.0607019451393,-3.50645208973515,59.2628508439343,16.7107900295926,1617.92727100154,99.7160721669115,1525.73843644701,12.295206257608,32.9692149970111,5.70134091658903,0,0.016,0.432,0.945,14.1030401466464,42.4225469463549,12.3379052252836,37.159778666555,41.690401413822,15.868422592464,40.222790553904,-1.3916621773033,60.424939452699,18.8255799420244,1738.08957004561,251.806835573023,1617.87287994323,1.93672361573657,32.140271397472,9.42156419118344,0,0.148,0.302,0.871,18.8557414967095,57.2945533908915,14.3506424160503,48.3983698904736,42.1380408303703,13.1198422551293,40.9072372265195,-1.09369774492247,61.1093861253145,19.1235443744053,1775.61448502196,172.130260799476,1673.40205750674,1.19617475724849,33.4680234909183,7.57875036681628,0,0.089,0.395,0.911,16.7436014580394,53.0855819481342,13.9530315390966,44.9339010939118,48.7271336598867,69.6973165228479,8.21010000975423,27.2663406912224,55.1075050756473,63.0144767505892,13.4229639840849,20.1792464045549,20.9701828629611,19.0562406814682,7.90697167494192,6.75628242047,0,1,0,0,48.1184636595677,69.4051376511918,8.22338793098711,26.2635757824568,55.6602449053213,63.1368262418796,13.3383441726416,19.9906158452319,21.2866739916241,18.0401878514697,7.47658133655833,6.6522716725903,0,1,0,0,50.3765459272787,70.2077060810886,8.69523755341877,29.2285620986132,56.6134185136719,64.4886165106118,15.2260921621702,22.4795625788984,19.8311601538099,20.5333245451945,7.87519799693992,7.25347041672811,0,1,0,1,50.2797305833398,71.5075435266798,9.69428725369233,28.3768945433359,57.3671862904298,64.8507177437773,16.0105479051526,22.485399100253,21.22781294334,18.6826072896435,7.48353145334754,6.47485119510046,0,1,0,1
676,500,2,1,"L'Ecuyer-CMRG","10407_1943139845_557523036_-1961808155_-1058471061_1260477597_-639766763","10407_817286045_471979103_-798101383_1395281755_153503711_-532201709",450252688,1805652978,832040549,1934407058,737017355,1377973665,2095953391,75.8849999999984,6.26800000000003,5.39300000000003,2.38500000000204,1.84100000000035,504.559000000001,1,NA,"569e972f86b1","not-a-git-build","bbd3d4119dab4c61438d29ca56ae93a0","confirmatory",619.202000000001,38.5817943786832,9.02062094275722,37.7817221250366,3.60982231573258,58.1360004682424,23.8869621023111,1488.55485747899,81.3716021929102,1427.45852673348,13.0308171511609,32.6414411485516,5.23736353160803,0,0.017,0.351,0.911,11.7105218030579,36.0695781956975,9.1854007028868,29.2114591824884,41.4083266396855,9.16144605876672,40.6711770486093,4.47107534544579,61.0254553918151,24.7482151320243,1714.64951509889,83.9320938876922,1654.14464251932,19.9905147446532,34.9108457800547,5.24178390377159,0,0.011,0.425,0.94,13.1699505626416,40.2136613180414,11.2656603642614,33.395438979914,40.1876088022082,10.6283253145998,39.1922940099465,4.83537405860035,59.5465723531523,25.1125138451789,1615.04390123932,112.961298992963,1536.03590976209,23.3808422865853,31.7377618403063,6.02953466448955,0,0.143,0.592,0.984,17.5005722564987,52.5875256297347,17.1455253496275,51.2633571816738,40.3912275655498,10.3863453938023,38.9644397097185,5.44786410988353,59.3187180529243,25.725003896462,1631.45126425203,107.876170639357,1518.22756189229,29.6792233597571,31.9812465510267,5.84645867386314,0.003,0.235,0.461,0.986,16.6456810117342,50.7740009272581,14.3393251874288,45.4535506112127,48.1215674871844,68.1449879373052,14.6600263213697,32.5075145302433,54.8268407917501,61.6668210299186,20.5966749043801,26.8934987341881,20.0234204501208,17.8474882088735,6.83998023816853,6.29682382980802,0,1,0,0,51.1393801834679,72.5214827648049,14.7703390098944,35.1244406769888,56.9208522665395,64.8610366260689,21.1439909204485,28.740752809569,21.382102581337,20.3541016670944,7.94018435952937,7.59676188912052,0,1,0,0,49.4995826153035,70.3152789505316,16.0638449383755,34.4074765329337,56.2245721183028,63.3346947340888,22.0122139005925,28.3172969115817,20.8156963352281,18.3436315945582,7.11012261578602,6.30508301098921,0,1,0,0,48.2585296808568,70.0645216399389,16.0507662572113,34.7147956745147,55.7653377368531,63.0653947004796,22.3866360389636,29.0884319727433,21.805991959082,18.6640294173034,7.30005696362653,6.70179593377973,0,1,0,0
677,500,2,1,"L'Ecuyer-CMRG","10407_-10915466_-993062528_1378375516_283793247_-1920389340_-2083866664","10407_2076905663_-712260055_1306258627_587952012_686281616_-1486103029",832040549,1934407058,737017355,1377973665,2095953391,1704681485,1542502896,76.7520000000004,5.35699999999997,5.39999999999782,2.00699999999779,2.55199999999968,505.652999999998,1,NA,"569e972f86b1","not-a-git-build","bbd3d4119dab4c61438d29ca56ae93a0","confirmatory",619.282999999999,33.5954521119003,10.9457462010505,32.5526480740762,6.45185425690971,52.4347152762219,26.3796752552647,1128.65440260299,119.809359897811,1059.67489663466,41.6264233524039,27.5000774920998,6.49355169451999,0,0.028,0.313,0.772,11.3428052309605,35.3543069447379,9.38970476800437,28.7783051769982,33.9071214281205,11.2518450819219,32.8146761118218,6.92077503643127,52.6967433139675,26.8485960347863,1149.69288354131,126.60401774757,1076.80296832377,47.8971271048903,27.0027062950756,6.52351177946584,0,0.058,0.378,0.862,13.4612958380351,40.7248210321635,11.0809501617057,34.2068825461609,32.3417140939391,11.9894745703426,31.1426896534639,7.6749918895739,51.0247568556096,27.6028128879289,1045.9864705341,143.747500472892,969.867118851966,58.9055005050252,24.3755843892018,6.81492278052979,0,0.199,0.435,0.956,14.9614344363093,49.2525919910411,14.6190898836092,46.7387842169105,33.2833660678883,12.0723813383702,31.9725387041735,7.64603744106893,51.8546059063192,27.5738584394239,1107.78245680906,145.74239117903,1022.24323118987,58.461888550228,24.6828513754934,6.94903279113969,0,0.224,0.391,0.911,16.5171951890314,52.974046618081,12.86126680604,42.874807392283,41.5801689094697,63.1526923159552,18.2385993577634,35.2616382782629,48.7882677376766,55.8617896119384,23.3710533848504,29.583207020943,21.5725234064855,17.0230389204995,7.07352187426181,6.21215363609264,0,1,0,0,42.9952290234796,62.7127309062888,18.2474008422034,35.2824881405972,49.0605388603156,56.2422881455333,23.8744277537504,29.6232093415891,19.7175018828092,17.0350872983938,7.18174928521771,5.74878158783875,0,1,0,0,41.2170954801331,60.5597468992609,19.0807434403403,36.167031634969,47.1635812581513,54.5685371726432,24.6949966541146,30.6580184245694,19.3426514191279,17.0862881946287,7.40495591449186,5.96302177045478,0,1,0,0,41.1918957874006,63.2245976906865,17.5000376457298,36.9304894586667,47.6326484166663,55.712182301291,24.5994677542895,31.0117488925557,22.0327019032859,19.4304518129369,8.07953388462469,6.4122811382662,0,1,0,0
678,500,2,1,"L'Ecuyer-CMRG","10407_1508344559_1223759413_1234068574_1368374621_1538035081_-514789863","10407_-1818324565_166221423_1272028876_-1580475333_-596818673_-1157591678",737017355,1377973665,2095953391,1704681485,1542502896,635477999,2076686703,75.9549999999981,5.47799999999916,5.72199999999793,1.95800000000236,2.09400000000096,515.467000000001,1,NA,"569e972f86b1","not-a-git-build","bbd3d4119dab4c61438d29ca56ae93a0","confirmatory",628.998,31.2454489856833,6.58238208927619,30.0262172624085,-2.75040721203623,50.0035194552722,17.1037133190429,976.278082316937,43.3277539692239,901.573723089359,7.56473983202092,24.4573660209425,3.84532180825995,0,0.15,0.666,0.987,13.1349341238795,39.4879368614891,11.9993726438883,35.4436616998155,33.6163696613325,5.03458626667159,31.613924348308,-1.20899018662686,51.5912265411717,18.6451303444523,1130.06030920735,25.3470588765581,999.440212700538,1.46165727136004,25.5416970373181,3.29440101841954,0.01,0.255,0.817,1,14.5962472713694,44.2601931354043,13.3536159245563,38.7869353692223,33.399349466176,10.8779069979983,30.6138944397846,-2.02503228016079,50.5911966326483,17.8290882509184,1115.51654476375,118.3288606571,937.210532770273,4.10075573569319,23.5619334434994,6.34992806805813,0.065,0.488,0.602,0.999,19.4633608297349,57.4847294718846,19.9241815597438,57.1548479032976,34.2132978195816,10.7603761270039,30.632562374349,-2.39293655884624,50.6098645672127,17.4611839722329,1170.54974769138,115.785694394595,938.353877618382,5.72614537466291,23.2261966089565,6.21811566490237,0.079,0.516,0.611,0.998,20.3030586849166,61.8965050176568,19.8727845384334,57.5804939737945,40.1806766205829,59.7025009324959,6.8111332970762,26.395694450229,46.9003790789825,53.3927458406299,13.6252205691882,20.8510166845371,19.5218243119131,19.5845611531528,6.49236676164743,7.22579611534887,0,1,0,1,40.8490332436145,61.6171595591781,9.43545910613278,27.6543956328667,47.9996999884468,54.8534445584621,15.2565420242356,22.0305933705323,20.7681263155636,18.218936526734,6.85374457001534,6.77405134629673,0,1,0,1,40.9887501156478,61.0629982462762,9.12930791192244,27.3083981902479,47.0089544151489,54.1502170578007,14.7814815546549,20.7737339783767,20.0742481306284,18.1790902783254,7.14126264265182,5.99225242372171,0,1,0,1,40.1046695526442,61.7693104310972,8.18758420764646,26.5589632543612,46.8750114425007,54.4702965313648,14.2948632211369,20.633279210742,21.664640878453,18.3713790467147,7.59528508886412,6.3384159896051,0,1,0,1
679,500,2,1,"L'Ecuyer-CMRG","10407_-217394257_-336360272_-1260779195_-1204772504_-831593863_-799528295","10407_452091248_-266023837_-2079612399_-497065161_382583175_-602163646",2095953391,1704681485,1542502896,635477999,2076686703,497042760,1132578351,75.6359999999986,5.4900000000016,6.04999999999927,1.99700000000303,1.8839999999982,520.544999999998,1,NA,"569e972f86b1","not-a-git-build","bbd3d4119dab4c61438d29ca56ae93a0","confirmatory",634.453999999998,31.7479751826081,5.90498969685729,30.5853622538898,0.0491900403206706,50.826175517039,20.2374928703493,1007.9339281955,34.8689033199907,935.464384201664,0.0024196600667492,24.9966540785423,3.44196769555793,0,0.124,0.635,0.998,13.0763216551484,39.6491364561533,11.0311407381853,32.244033085607,34.7808438569479,6.4235788703697,33.5770243829455,-0.716536535928508,53.8178376460948,19.4717662941001,1209.70709940139,41.26236550386,1127.41656641292,0.513424607320426,27.5316125122143,3.76798742151828,0,0.09,0.606,1,14.3589921208615,42.4490595763095,12.0342569144237,35.4925243812727,34.8576811819314,5.61901693135415,33.387687295834,1.03080473681547,53.6285005589833,21.2191075668441,1215.05793738117,31.5733512748446,1114.7376629644,1.06255840544122,26.1408981507754,3.90983061358276,0.002,0.228,0.866,1,16.648698920813,52.1611495360487,16.7454752039068,49.4649822093637,34.8846452809315,5.70252383291574,33.3794798490902,0.58694662543985,53.6202931122395,20.7752494554684,1216.93847637642,32.518778064972,1114.18967499582,0.344506341115228,25.3849091229124,3.92621215212892,0.015,0.317,0.823,1,19.0042769630774,59.2931060817637,16.065862177405,50.0512773275987,39.8527173519657,62.4748444301463,11.201721745885,30.7165236877379,47.141893223545,54.7867360737869,16.9223366352606,23.4316731832596,22.6221270781805,19.514801941853,7.64484285024194,6.509336547999,0,1,0,1,42.7624579359884,64.2960457881895,10.5507201067291,29.0628416998289,50.056298228992,57.5710448558901,15.940841415192,23.0044048129722,21.5335878522011,18.5121215930998,7.51474662689812,7.06356339778019,0,1,0,1,41.8191871331738,65.0864315565244,12.2095411789959,30.5021651344934,49.5580404644273,57.9479749584254,17.5791646089422,24.6663380606527,23.2672444233505,18.2926239554975,8.3899344939981,7.08717345171049,0,1,0,1,40.5288939337581,66.1959512811247,11.6013313729655,30.1878234837088,49.2732533179625,57.4791022690991,17.1869122432357,23.962607012933,25.6670573473666,18.5864921107433,8.20584895113659,6.77569476969736,0,1,0,1
680,500,2,1,"L'Ecuyer-CMRG","10407_753203151_-997250624_1902681383_-517123195_-81866371_167604922","10407_1775187781_-478121601_-1912084233_-1171683475_1461209272_-520471222",1542502896,635477999,2076686703,497042760,1132578351,1765708504,740558582,75.9599999999991,5.65099999999802,5.19499999999971,1.95099999999729,2.04899999999907,502.566999999999,1,NA,"569e972f86b1","not-a-git-build","bbd3d4119dab4c61438d29ca56ae93a0","confirmatory",615.455000000002,29.6816801653849,11.5080227911054,28.1267028504151,-7.2585218417755,48.0234237344518,12.7474474705998,881.002137440202,132.434588560601,791.111413235548,52.686139327532,22.7196241011492,6.81185755594019,0.009,0.221,0.301,0.807,13.1124646153129,39.4121637213343,10.6903121438856,31.8218937782238,33.1852224921272,10.6713630861034,31.8915614790702,-5.59531830313107,51.7882823631069,14.4106510092443,1101.25899185199,113.877990115451,1017.07169357331,31.3075869133536,26.3782652869413,6.11537015433165,0,0.125,0.353,0.957,12.7266238479116,39.3980271225595,12.0736769027089,36.2866832447855,30.9103117024879,12.352227533699,29.2218791415011,-7.81069297770901,49.1186000255379,12.1952763346663,955.447369544957,152.577525044272,853.9182205605,61.0069247920329,22.8560793920053,7.05856106727453,0.014,0.33,0.405,0.942,14.8484094697379,48.8821692546416,14.939434500883,46.578131387521,30.1387706381664,11.4559868308298,28.395361023404,-7.40129260258469,48.2920819074407,12.6046767097906,908.345495580003,131.239634268146,806.296527649449,54.7791321890749,21.979298808682,6.5591283739127,0.012,0.339,0.351,0.927,14.921671904777,49.2023066408639,12.1520041121478,39.9383638588328,36.69628804334,58.530382597056,3.54693633607757,21.7696027128129,44.0751574018576,51.724931879379,9.58717735818704,15.9888246639638,21.8340945537161,18.2226663767354,7.64977447752143,6.40164730577672,0,1,0,0,42.5489237342892,61.6430716050878,4.92642944696769,24.287064319578,48.2886024012326,55.1397096368443,10.8392212850233,17.9410768934742,19.0941478707986,19.3606348726103,6.85110723561171,7.10185560845095,0,1,0,0,37.2108288583329,59.1662770753656,2.94355158762852,22.160597930622,45.4838009053018,52.8248318050261,8.86210655497091,15.6266908503867,21.9554482170327,19.2170463429934,7.34103089972425,6.76458429541582,0,1,0,0,36.8341422897812,60.0073828149545,4.13449364253781,21.031249497199,44.6285951684433,52.1973841322221,9.50489976626619,15.7753116633292,23.1732405251733,16.8967558546612,7.5687889637788,6.27041189706299,0,1,0,0
681,500,2,1,"L'Ecuyer-CMRG","10407_394421327_-385102986_1079576520_1039299437_583170560_417442421","10407_1266217849_-469395028_1216243144_1085944046_-1970007979_-169283203",2076686703,497042760,1132578351,1765708504,740558582,1224776608,129932045,75.0590000000011,6.07099999999991,5.16499999999724,2.61900000000242,1.86099999999715,506.217000000001,1,NA,"569e972f86b1","not-a-git-build","bbd3d4119dab4c61438d29ca56ae93a0","confirmatory",620.088,39.9637986817996,12.009891855797,39.3558357434633,-9.91324928548969,59.2677388104468,10.0778009337035,1597.10520507941,144.237502387939,1548.88180706647,98.2725113962619,33.9402497213352,7.34941480401991,0,0.002,0.306,0.761,12.4526977854777,37.7490885564929,10.5281090005665,32.533268490867,41.399519852821,11.298917806243,40.7923834054506,-8.37942245765552,60.704286472434,11.6116277615377,1713.92024404412,127.665543592235,1664.01854389728,70.2147207238616,34.8710277044741,6.70676562330399,0,0.016,0.35,0.875,13.8731908627852,40.9025626034752,10.7098349092132,34.3670225334013,40.9896307134918,12.3974138496149,38.7909430084111,-9.84396661045817,58.7028460753945,10.147083608735,1680.14982602843,153.695870158623,1504.7372594818,96.9036786278153,31.0256733628357,7.29806678622504,0.047,0.293,0.384,0.909,19.263780427496,61.9188900902564,12.9738529592217,41.3382296613472,40.2439547762181,12.694876223828,39.1387938079584,-10.376847878548,59.0506968749418,9.61420234064522,1619.57589603029,161.159882338313,1531.84518074188,107.678971894526,31.7967466405018,7.60037897197904,0.012,0.192,0.364,0.832,17.7034457725766,54.8661791332174,13.1645500930667,41.2834803415553,49.0882954709432,69.8698166729208,0.521222987130989,18.8762261275468,55.6279935092628,62.5434898885468,6.92742319059389,13.3449435977163,20.7815212019776,18.3550031404158,6.91549637928395,6.4175204071224,0,0,0,0,51.3136576543498,70.6910711069147,3.35140313838138,21.0682795413845,57.4092526055784,63.9571213737759,8.41584734949018,14.5148838947073,19.3774134525649,17.7168764030031,6.54786876819746,6.09903654521715,0,1,0,0,48.7452034526103,69.6789368055386,0.696498019482587,19.4728950571817,55.0244391287222,62.2141990068495,6.71971233282229,13.6458176157499,20.9337333529283,18.7763970376991,7.18975987812727,6.92610528292759,0,0,0,0,47.1338221180535,69.7543201449171,0.530554568251365,18.7108719070751,55.395741794065,63.166466554834,6.64461613094913,12.8585734510309,22.6204980268636,18.1803173388238,7.770724760769,6.21395732008177,0,0,0,0
682,500,2,1,"L'Ecuyer-CMRG","10407_777388488_1265638802_206170456_-1073691174_-1562766581_189270154","10407_-710894272_-2052495934_1044016741_-975094365_199010906_-1818989592",1132578351,1765708504,740558582,1224776608,129932045,497253648,1816917702,74.768,6.50700000000143,5.28000000000247,2.51100000000224,1.94399999999951,505.396000000001,1,NA,"569e972f86b1","not-a-git-build","bbd3d4119dab4c61438d29ca56ae93a0","confirmatory",619.446,30.287068890437,10.3813506165392,29.4419272018225,-8.91026120014312,49.4331111021029,10.9880536438541,917.306541974074,107.77244062352,866.827077357415,79.3927546547759,24.1637974934267,6.19266981325237,0,0.072,0.258,0.949,12.3026036351232,37.1439285960399,11.4270792792996,33.2523730324521,31.0741132014402,9.87073322784332,30.0733698309879,-8.26571358606239,50.0645537312684,11.6326012579349,965.600511255919,97.4313744552502,904.407572991374,68.3220210868164,24.4147007207229,5.77142417019458,0,0.086,0.357,0.947,13.2673463290551,39.9670408224804,12.1704071652304,35.7234705243525,31.2106449944327,11.6995057104489,30.0599937402403,-9.13985387740057,50.0511776405208,10.7584609665967,974.104360968509,136.878433868825,903.603223663286,83.5369289002342,23.4809526566442,6.76737651713832,0,0.217,0.451,0.978,14.8660534430208,47.6334380557408,16.5992350444445,50.2790573132499,31.197315459464,10.8327585709096,30.1938657604724,-8.68949657098451,50.1850496607528,11.2088182730127,973.272491877312,117.348658255614,911.669529561425,75.5073506571516,23.2608192446299,6.23758448627513,0,0.265,0.418,0.991,16.0115045687148,50.1981012541162,15.5566864603437,47.6283320557577,38.397444404411,60.0810174008222,1.8425602250153,20.2748657809425,45.639902027312,53.1937295854233,7.71382292791016,14.2798539176775,21.6835729964112,18.4323055559272,7.55382755811128,6.56603098976733,0,1,0,0,39.9094612325085,60.7818563033472,2.83660504621218,20.0561493555069,46.2657190865273,53.6516925481219,8.56482862900669,14.7342553036766,20.8723950708387,17.2195443092948,7.38597346159455,6.16942667466993,0,1,0,0,39.3905822772873,60.349634691805,1.86226520145073,20.2673920135043,46.4723083625528,53.5476642022917,7.49380357380731,13.8836625072148,20.9590524145177,18.4051268120535,7.0753558397389,6.38985893340754,0,1,0,0,38.2704563509173,61.2582794356812,1.88295131575649,20.2491817238203,46.3612541826977,54.3530219100106,8.00407732521357,14.3913367173395,22.9878230847639,18.3662304080639,7.99176772731284,6.38725939212595,0,1,0,0
683,500,2,1,"L'Ecuyer-CMRG","10407_-104626208_-1703922899_583581564_-2107661653_-470722210_-1219420990","10407_1972589560_-191316926_-489449799_-913774168_2101726942_1501866952",740558582,1224776608,129932045,497253648,1816917702,708312993,824128904,75.0279999999984,5.37000000000262,6.46800000000076,1.85600000000341,1.88099999999758,505.952999999998,1,NA,"569e972f86b1","not-a-git-build","bbd3d4119dab4c61438d29ca56ae93a0","confirmatory",617.628000000001,42.3349208009626,9.49688756832338,41.5369750762909,-3.2321905772742,61.8958548596696,16.9732933267366,1792.24551922377,90.1908734853752,1725.32029848841,10.4470559278201,36.2819766713954,5.44267047808564,0,0.002,0.404,0.92,11.9850739995255,36.798428294071,10.9712843491943,33.1064447346024,42.6552745674429,10.4802443361988,41.8451054008894,-4.25376064032718,62.2039851842681,15.9517232636836,1819.47244842394,109.835521346428,1751.01284601155,18.0944795851967,36.183586026091,6.00688581910424,0,0.01,0.412,0.905,12.9053892362557,39.6891985979364,12.103547516731,36.3827333462857,43.9596177067642,11.8467849506308,43.198828017329,-4.76104610451312,63.5577078007077,15.4444377994976,1932.44798892486,140.346313666492,1866.13874207077,22.6675600092996,36.4051870381533,6.69211682386517,0,0.02,0.477,0.952,14.2155014082147,49.1972354383015,15.9179669351666,50.5725808754882,42.5225394390846,10.1101797821148,41.6472110806059,-4.31372785202262,62.0060908639846,15.8917560519882,1808.16636034851,102.215735226683,1734.49019079254,18.6082479813157,33.8630213750879,5.79839293210133,0,0.076,0.543,0.996,17.6259187551671,54.8218202129274,16.134466640828,53.0039689676939,51.0627877066024,73.1348856615051,7.93230857868353,25.6636902347107,58.2416284802768,65.7642042671303,13.8112407376483,20.2205270029377,22.0720979549027,17.7313816560272,7.52257578685349,6.40928626528943,0,1,0,1,49.5864303317285,73.2095257364831,6.93900789578016,24.1045154915006,58.3010317938138,65.9851642349119,13.015470895729,18.9758249219597,23.6230954047547,17.1655075957204,7.68413244109816,5.96035402623072,0,1,0,0,52.1593685603184,75.282397810617,4.65323922845014,24.5358727365003,59.3698287629033,67.9703225916221,12.0684993187428,19.1942436619516,23.1230292502986,19.8826335080502,8.60049382871879,7.1257443432088,0,1,0,0,50.1672216454049,73.8218359503306,6.81510810913185,25.9568963765558,57.816348537858,66.4162514187827,12.4602278817427,19.2704578951033,23.6546143049257,19.1417882674239,8.59990288092474,6.81023001336062,0,1,0,0
684,500,2,1,"L'Ecuyer-CMRG","10407_1606432073_-419464485_139241024_-1450519816_460264837_421514798","10407_1025786945_565712611_-595918117_1666176373_-310240712_750245329",129932045,497253648,1816917702,708312993,824128904,1903917531,1138133793,74.8990000000013,5.18500000000131,6.14199999999983,1.88600000000224,2.52100000000064,502.085999999999,1,NA,"569e972f86b1","not-a-git-build","bbd3d4119dab4c61438d29ca56ae93a0","confirmatory",613.652999999998,49.4322332081879,10.6694672326664,48.6410285621394,6.46715293216955,68.9187078988198,26.9247518032392,2443.54567994867,113.837531028943,2365.94965958286,41.8240670480693,43.0317657038647,6.24807772283358,0,0.001,0.37,0.836,12.464179565253,39.6708108873841,10.130854915236,30.356478001883,52.5448405363121,10.533907936671,51.6925539860416,6.48363942687921,71.9702333227221,26.9412382979488,2760.96026698647,110.963216418261,2672.12013759983,42.0375802177826,45.5063912056352,6.06585523836871,0,0.001,0.397,0.903,14.0315357107285,43.4677859523641,11.2348488202796,34.5870342028277,50.5422163303971,10.8824194830738,49.0006839537235,6.24617764443199,69.2783632904039,26.7037765155016,2554.51563158866,118.427053805583,2401.06702793269,39.014735165802,40.0645217064114,6.17882623162638,0.001,0.131,0.475,0.983,20.8837354460825,62.7960747985198,14.3034007342825,45.4877407747573,50.8482037254138,11.3228030140605,50.0043375390689,6.99682998730848,70.2820168757493,27.4544288583781,2585.53982210119,128.205868095217,2500.43377272113,48.9556298712992,42.5612044292032,6.40200163463921,0,0.033,0.418,0.975,15.5886900682493,53.3477114273001,12.9283538368808,44.3039292071402,59.1116535367674,79.4461917209001,17.3997158471341,35.8027256281567,65.5609157495751,72.1200841132634,23.4742632545049,30.4702698960677,20.3345381841327,18.4030097810226,6.55916836368836,6.99600664156283,0,1,0,0,61.789965060186,82.5081964347036,17.9288102591688,35.9492031243493,68.5159802354612,75.5477360093186,23.6422611601137,30.1617859613752,20.7182313745177,18.0203928651805,7.03175577385744,6.51952480126145,0,1,0,0,58.9208396647841,80.0626016123606,16.3115190166454,36.9432881489158,65.3215808122816,73.2483290427044,23.3843220515255,30.2779694241961,21.1417619475765,20.6317691322704,7.92674823042285,6.89364737267068,0,1,0,0,58.7599853726235,80.2333137495058,17.6700919337505,37.5542259161466,66.3560124037929,74.1100869359078,24.0882114701391,30.4903213551082,21.4733283768823,19.8841339823961,7.75407453211488,6.40210988496905,0,1,0,0
685,500,2,1,"L'Ecuyer-CMRG","10407_932004203_-406699906_1878300865_-1359002180_-834600396_163457532","10407_-1535690272_2048932749_1382099580_936754544_178394870_243783772",1816917702,708312993,824128904,1903917531,1138133793,1345397994,527502498,78.4400000000023,5.21100000000297,5.53200000000288,1.97500000000218,1.98499999999694,508.678,1,NA,"569e972f86b1","not-a-git-build","bbd3d4119dab4c61438d29ca56ae93a0","confirmatory",624.941999999999,43.1052952623447,6.97516726004836,42.4931394313386,0.574374594574895,62.6408387969641,20.6856415800229,1858.06647965391,48.6529583056506,1805.66689873118,0.329906174893075,35.9200723599709,4.0328462701726,0,0.004,0.581,0.986,15.3195367273309,45.7501950431968,11.6853126869706,34.5337264712852,44.5197466015082,8.99825554126094,43.6581189282268,0.525788837125326,63.8058182938523,20.6370558225733,1982.0078374625,80.9686027858332,1906.0313483512,0.276453901245602,36.6283674414269,5.12934936370985,0,0.021,0.485,0.977,16.5551869832487,48.7281411922369,12.6869174892686,37.629853355415,44.270244320149,14.5653395822618,42.4338032461158,0.433926542236755,62.5815026117413,20.5451935276847,1959.85453216569,212.149117146602,1800.62765793007,0.188292244057546,32.7651261172377,8.20621457049106,0.006,0.26,0.415,0.969,23.483407297585,70.3177389756865,17.4544811044493,53.0302386544865,44.170716729357,10.3949954115805,42.1766187342172,0.151165632870288,62.3243180998427,20.2624326183183,1951.05221638509,108.055929606781,1778.86716785152,0.0228510485610748,32.6526469605162,6.09817823116297,0.002,0.331,0.599,0.998,23.0068436803889,69.4676475810805,19.1529266963063,56.724189424617,50.92735533527,74.1485071413389,11.4492700566898,29.7171875734895,58.6076432703007,66.765691842483,17.3728948180919,23.8343998494583,23.2211518060688,18.2679175167997,8.15804857218226,6.46150503136641,0,1,0,1,52.3917629740577,75.5705163179754,10.6897122695362,31.8466515419417,59.806432158615,67.5203069369505,17.2415258310705,23.8611295253766,23.1787533439177,21.1569392724055,7.7138747783355,6.61960369430614,0,1,0,1,50.3336864257279,74.3506753543572,11.7578288443771,30.1837739947875,58.7894664708088,66.4691547246239,17.1171952564373,23.8479679051495,24.0169889286293,18.4259451504104,7.67968825381513,6.7307726487122,0,1,0,1,51.4185895613612,75.1479701968459,10.0238234863026,29.5773029991091,58.339014069799,66.3138545085061,16.883363379145,23.6174710014906,23.7293806354848,19.5534795128065,7.9748404387071,6.73410762234558,0,1,0,1
686,500,2,1,"L'Ecuyer-CMRG","10407_1856187639_-1651088775_1165276754_-434007452_-366981328_-1988104145","10407_2037125127_-655583132_638096016_1795385038_-761425924_-1248510170",824128904,1903917531,1138133793,1345397994,527502498,1679465626,106747606,77.0010000000002,5.53900000000067,5.34200000000055,2.21099999999933,2.25299999999697,519.442999999999,1,NA,"569e972f86b1","not-a-git-build","bbd3d4119dab4c61438d29ca56ae93a0","confirmatory",633.391,33.4870537223829,8.05266114457845,32.7344340285867,-2.5464795621251,52.3462919208351,16.906710413963,1121.38276700576,64.8453515094035,1071.54317117189,6.48455816032084,26.8613303227459,4.58629863645738,0,0.059,0.471,0.97,13.5944416106637,41.2895821179268,10.9354950322174,33.1545691312987,32.9153618674441,9.56226265047201,31.8265006012312,-4.22006294141291,51.4383584934796,15.2331270346752,1083.42104686479,91.4368669966119,1012.92614052017,17.8089312294866,25.4128566777023,5.49919959239775,0.002,0.158,0.399,0.921,15.2486743786864,45.2798135030563,10.9987450174961,33.6714758409286,34.1674061661163,12.9188749751028,33.0860317648023,-2.86875850807168,52.6978896570507,16.5844314680164,1167.41164412036,166.897330622338,1094.68549794151,8.22977537763366,25.1801502467572,7.32218193639449,0.004,0.341,0.458,0.957,19.1105843145647,58.0343315172958,16.2109851105533,50.1824214389275,33.769720133109,8.28366282191965,32.8009595468615,-4.17200523266826,52.4128174391099,15.2811847434199,1140.39399786851,68.6190697472538,1075.90294719484,17.4056276614113,25.6391601244837,4.86935122553361,0,0.253,0.614,0.973,16.1119929408141,52.0745858967197,13.7883557881951,43.4187284693264,40.1709098207059,63.2671884482679,8.18000189690134,27.1013465812313,48.9451909402687,56.1196015098713,13.9832323979879,19.7865396441064,23.096278627562,18.92134468433,7.17441056960254,5.80330724611853,0,1,0,1,39.9097777516156,61.8921193051176,7.48154063127785,23.6817971477778,47.8549070477067,55.3435982969993,12.0834428250847,17.9959769495309,21.9823415535021,16.2002565164999,7.48869124929261,5.91253412444629,0,1,0,0,41.6566909426193,62.6457698531871,7.63848420100947,24.8268517704984,48.9001760213836,57.0748532901101,13.4096838218784,19.7858282914619,20.9890789105678,17.188367569489,8.17467726872643,6.37614446958349,0,1,0,1,40.6865533490497,63.5549740121536,5.43586356410194,24.2811420050745,48.7467121472328,56.2473886882673,12.1797779065575,18.7235482060045,22.8684206631039,18.8452784409726,7.50067654103451,6.54377029944702,0,1,0,0
687,500,2,1,"L'Ecuyer-CMRG","10407_-359969984_1792234705_926542240_-1072422485_1531719717_-856053752","10407_1106450268_973731158_584900180_-1240299608_1171199290_903544416",1138133793,1345397994,527502498,1679465626,106747606,22240497,1840334725,75.857,5.05600000000049,6.24799999999959,1.97699999999895,2.12999999999738,508.055999999997,1,NA,"569e972f86b1","not-a-git-build","bbd3d4119dab4c61438d29ca56ae93a0","confirmatory",621.906000000003,28.3431903390627,10.1304525447946,27.1052874996971,4.56989215779177,46.9357778169258,24.1931233332154,803.336438596335,102.626068762335,734.696610441237,20.8839143338467,21.1653225075955,5.82829449078884,0.01,0.272,0.401,0.9,14.299338955444,43.4319923507109,11.5560419887716,34.0370242680961,32.5137490766156,11.6451551423978,31.1504803110372,7.17470617044306,50.980970628266,26.7979373458667,1057.14387901712,135.609638290513,970.352423608319,51.4764086321938,24.5783229080833,6.81939084412528,0.005,0.204,0.362,0.854,15.7204059449386,47.0314661662416,11.9436944246822,34.7714677816572,32.270619212813,12.4033216945713,29.7445768822065,6.34539470748174,49.5750671994352,25.9686258829054,1041.39286437838,153.842389059023,884.739853901493,40.2640339937373,21.688813673617,7.05832469688309,0.086,0.628,0.411,0.937,23.2241727917562,68.1118521423364,14.8650514618392,46.9208035512873,32.5688136784896,13.8850447367982,29.6258605132225,6.79244611221392,49.4563508304512,26.4156772876375,1060.72762442417,192.794467342888,877.691611148917,46.13732418733,21.672419270456,7.97372996608563,0.093,0.598,0.448,0.915,22.0310014226042,67.2084263016423,17.3202472175787,52.6856430475034,35.4882904722621,57.9471490355132,13.5892594800364,34.7826735946476,43.3268680284464,50.6226534387645,20.5490704869041,27.6421503030397,22.4588585632511,21.1934141146111,7.29578541031803,7.09307981613561,0,1,0,0,41.0776043073606,61.3636631940954,16.835070711683,36.8888288446985,47.2357590894348,54.4096218874155,23.5728863460901,30.2226214877182,20.2860588867348,20.0537581330155,7.17386279798071,6.64973514162815,0,1,0,0,37.6590866548191,60.6597581526952,16.6264798448096,35.8678793960336,45.2282353828515,53.9699260193598,22.8872021400424,28.9536792285203,23.0006714978761,19.2413995512239,8.74169063650831,6.06647708847782,0,1,0,0,36.0167303514269,61.1281548983348,16.0489638262371,36.7427813380317,45.4701228348678,53.5494647369903,22.7337078786931,29.9538556982337,25.1114245469079,20.6938175117946,8.07934190212247,7.22014781954056,0,1,0,0
688,500,2,1,"L'Ecuyer-CMRG","10407_-1341521361_1380870690_1338788905_786297504_-1752131151_514752720","10407_-423358144_-344380207_1153548195_2064802351_259786568_-1977407413",527502498,1679465626,106747606,22240497,1840334725,1002106202,294848705,74.1020000000026,6.33699999999953,5.16400000000067,2.30500000000029,1.90199999999822,512.866999999998,1,NA,"569e972f86b1","not-a-git-build","bbd3d4119dab4c61438d29ca56ae93a0","confirmatory",624.407999999999,36.6815539124569,8.75587418187379,35.7743751849345,2.11599469143519,55.7180023945873,22.1165390121418,1345.53639743248,76.6653326888041,1279.80591987246,4.47743353418192,30.4825484203908,5.04056079408573,0,0.024,0.368,0.974,11.9914779050234,37.096493335024,10.8310115757789,32.1551306472312,38.4273360187498,8.9400372704591,37.2010899207627,3.20423094263323,57.1447171304155,23.2047752633398,1476.6601534979,79.9242663971978,1383.92109129267,10.2670959337283,31.1558656531686,5.121823442923,0,0.055,0.387,0.971,13.8793424714375,42.4028518808967,11.2724986655213,34.2858490231429,38.4042095539786,7.60225881347611,37.0957821970481,1.76946472229292,57.0394094067009,21.7700090429995,1474.8833114659,57.7943390670751,1376.09705681083,3.13100540343917,29.5971615482172,4.52426731982587,0,0.219,0.594,1,16.9505186187711,54.4943879154916,14.2951164736751,46.2419925933013,39.4485361851197,8.13908122613927,37.899575019053,3.99169563262437,57.8432022287058,23.9922399533309,1556.1870071487,66.2446432056927,1436.37778662483,15.9336340235125,29.2727045370295,4.92405272660667,0.003,0.303,0.627,0.999,20.0767546598346,62.8204651941347,15.8118229941637,51.3294436812558,45.6929570345034,65.1328623261326,11.4110641734439,31.8054801729401,52.5774751088699,59.1444933620529,18.9535166823044,25.3502233265108,19.4399052916292,20.3944159994962,6.56701825318302,6.39670664420642,0,1,0,1,46.8077857452902,67.6753469022522,14.3121208150091,33.5761753992805,53.6240079828647,60.6328652707972,19.9460598004117,26.5052649533026,20.867561156962,19.2640545842714,7.00885728793246,6.55920515289094,0,1,0,1,46.3224655939247,67.6190828703964,12.9846734058584,31.5107656853045,53.5424637909333,60.5348461858757,18.437707195749,24.8599304015614,21.2966172764717,18.5260922794462,6.99238239494241,6.42222320581242,0,1,0,1,48.1936532575591,68.0261050619666,13.887478151461,33.4665501060332,54.321513896007,61.252464818884,20.7020310308783,27.3073587112649,19.8324518044074,19.5790719545723,6.93095092287695,6.60532768038666,0,1,0,0
689,500,2,1,"L'Ecuyer-CMRG","10407_510729141_-2101191059_1958876551_-24552270_1730165572_-1648351630","10407_2079045092_668945128_-1690853051_-1885821833_1929717211_-1335855306",106747606,22240497,1840334725,1002106202,294848705,601940303,1402179514,77.0550000000003,5.08199999999852,6.22299999999814,2.13300000000163,2.32200000000012,512.567999999999,1,NA,"569e972f86b1","not-a-git-build","bbd3d4119dab4c61438d29ca56ae93a0","confirmatory",627.550999999999,37.2965877489858,9.92489571252409,35.4039760572124,5.35873890892911,55.4931483242386,25.3112438998684,1391.0354577178,98.5035549044792,1253.44152065967,28.7160826940707,29.1356646937534,5.73580463102819,0.001,0.12,0.48,0.933,15.2283034543318,44.0054244251713,13.1132195038565,38.6588645757921,38.7047221308454,7.61619717292532,37.2746332337289,3.28857760460932,57.3638055007552,23.2410825955486,1498.05551522595,58.0064593768756,1389.39828270901,10.814742661538,30.6807261721161,4.41101027658875,0.001,0.105,0.597,0.997,15.50473456596,46.3842673469787,13.4370197272967,40.3372380647931,41.2051108519887,12.0890547781308,36.9922951697675,6.77357211827239,57.0814674367937,26.7260771092117,1697.86116032468,146.145245428648,1368.4299019272,45.8812792414371,28.8998147471401,6.9157155293305,0.047,0.405,0.576,0.993,20.7846045832453,64.180700763084,20.0937367422741,59.7558901090723,40.1310828262735,12.9584019984332,36.6353697039799,4.94116826132339,56.7245419710061,24.8936732522627,1610.50380880922,167.920182352997,1342.15031334729,24.4151437867096,28.8623570620942,7.47589558434355,0.015,0.327,0.426,0.933,18.9062639889323,58.006748519429,15.5413189447153,47.8627734570297,44.4944512096706,67.0890261799065,15.1804410270279,34.9817531275966,51.764822094346,59.5227812200397,21.6865722769189,29.1628996826449,22.5945749702359,19.8013121005686,7.75795912569374,7.47632740572599,0,1,0,0,45.5242687103252,68.0884361925266,12.9879734069954,32.648132261025,53.6264537568899,61.2232648855172,20.1369651955268,26.3257234869063,22.5641674822014,19.6601588540296,7.59681112862728,6.18875829137951,0,1,0,0,46.3503153016279,67.3292006767981,15.9939196495836,36.9256702407056,53.5794785292799,60.7002329732352,23.1377776098854,30.3006441822747,20.9788853751702,20.931750591122,7.12075444395532,7.1628665723893,0,1,0,0,45.3530791456882,67.7130377766317,15.896644171666,34.6136249876275,52.9196645833814,60.8441026014193,21.4199461280885,28.4891258205791,22.3599586309434,18.7169808159615,7.92443801803787,7.06917969249066,0,1,0,0
690,500,2,1,"L'Ecuyer-CMRG","10407_1384888620_1377856688_52872735_-1292735204_1838734592_1257753646","10407_510702165_1762644671_1911141866_1808112844_-265007339_1727466802",1840334725,1002106202,294848705,601940303,1402179514,1563302029,1285896598,75.4180000000015,5.30400000000009,6.25799999999799,1.92000000000189,1.87800000000061,506.491000000002,1,NA,"569e972f86b1","not-a-git-build","bbd3d4119dab4c61438d29ca56ae93a0","confirmatory",620.132999999998,38.8651779121246,10.5529153318703,38.1644276044646,4.97844402648866,57.9574344667142,25.1961377681642,1510.5020541411,111.364022001623,1456.52353437642,24.7849049248806,32.7447025006063,6.1422874054953,0,0.005,0.37,0.816,12.2542944811028,38.3358226694923,10.2838578566253,30.9470411125208,38.8642848337282,10.951203341771,38.0885011671866,5.45673713607312,57.8815080294362,25.6744308777487,1510.43263563716,119.928854632816,1450.73392116278,29.7759801721994,32.057017699717,6.36480482583598,0,0.022,0.392,0.823,13.8717745339822,42.2643712680174,10.9916156475574,33.1059216110777,39.0208604141965,11.1645298341266,38.0054674175546,5.08845195325785,57.7984742798041,25.3061456949334,1522.62754746421,124.646726417103,1444.4155536268,25.8923432806136,30.0773705361067,6.40174984661417,0,0.145,0.477,0.921,18.3314307652647,56.1760278957502,13.7498358945758,43.3083651133369,39.1939189077222,11.2125643123329,38.2825746986942,4.65340905497492,58.0755815609438,24.8711027966505,1536.16327934511,125.721598458201,1465.55552556111,21.6542158329226,30.4243823477128,6.44437957359723,0,0.148,0.472,0.897,16.7481192582841,57.0775887766963,14.0847710982519,42.4301182590519,47.1385281710339,68.4900835507335,15.8330044063972,34.8365946492099,54.0950367639298,61.9239473267746,22.1627092086241,28.0061646277363,21.3515553796996,19.0035902428127,7.82891056284475,5.84345541911223,0,1,0,0,48.087637914669,67.7890432676381,17.4957254799811,35.0098365459535,53.8581294631217,61.6074677357728,22.5523502378559,28.5415074525568,19.7014053529692,17.5141110659724,7.74933827265109,5.98915721470097,0,1,0,0,46.1965134005575,69.0814675494946,16.794704632132,34.2078987645317,54.0141865324567,61.7996762278284,22.1213844980585,28.1192963441364,22.884954148937,17.4131941323997,7.78548969537174,5.99791184607788,0,1,0,0,48.1995903400169,69.6221895158464,16.3413392864578,33.8516854307205,54.7809943424686,61.5781799637841,21.9706154984472,27.5810616836938,21.4225991758295,17.5103461442626,6.79718562131548,5.61044618524656,0,1,0,0
691,500,2,1,"L'Ecuyer-CMRG","10407_1085503531_-1901308266_538891989_1158668660_-1959952725_-133495883","10407_-814474108_1150432200_1856497544_1210482801_-187636999_-1724449400",294848705,601940303,1402179514,1563302029,1285896598,532709667,1800376218,76.4340000000011,6.52399999999761,5.40000000000146,2.83199999999852,1.8849999999984,511.625,1,NA,"569e972f86b1","not-a-git-build","bbd3d4119dab4c61438d29ca56ae93a0","confirmatory",626.600000000002,37.5565209152459,7.36484713338341,36.2195770816679,-1.86812165345993,56.6870012348004,18.6160406887499,1410.4922632573,54.2409732981058,1311.85776397489,3.48987851212585,30.1778404149842,4.24607165105236,0.002,0.118,0.547,0.982,14.0747799629017,42.5742414556665,11.5281234530217,33.3553022928935,38.1597657015728,7.22864306495369,36.349894078857,-0.16713635971821,56.8173182319894,20.3170259824916,1456.16771839893,52.253280560503,1321.31479954413,0.0279345627398549,29.8768237211705,4.18207048984258,0.006,0.159,0.598,1,15.7100393840509,46.1621691600067,12.6970460359549,37.4333601202169,37.3918492976837,6.84287192890389,35.5213722740732,-0.123242078567763,55.9887964272056,20.360920263642,1398.15039390069,46.8248962353808,1261.7678882333,0.0151886099297027,27.7006455176898,4.41826375573417,0.022,0.337,0.778,1,19.3022173352281,58.7794916088159,16.9217735222933,51.1491005345355,37.5375669095907,7.33801820389199,35.8496090944742,-0.510322480551391,56.3170332476066,19.9738398616584,1409.068929492,53.8465111606502,1285.1944722266,0.260429034156125,28.8562574963765,4.47939638951704,0.007,0.248,0.648,0.996,16.9901266036433,51.2667120645495,14.5167359581532,46.6246028286255,46.3715043889503,66.9795647283863,8.53224544977784,28.4839360569305,52.735676250878,60.6331491573543,14.913207403738,21.9240752276171,20.608060339436,19.9516906071527,7.89747290647634,7.01086782387912,0,1,0,1,44.5666289773806,68.8148134936411,9.75546974208898,31.556534474676,53.1684935919965,60.4282760224381,16.8276431772814,24.3607034660114,24.2481845162605,21.801064732587,7.25978243044166,7.53306028872993,0,1,0,1,43.4616683049148,67.451772523524,9.47141808991542,30.3029016591084,51.8115767457419,60.0682575934445,17.0628833734199,24.0819340698511,23.9901042186093,20.831483569193,8.25668084770265,7.01905069643119,0,1,0,1,44.5191672236489,67.1134270095131,9.85196746947303,30.7450626833146,52.3936118261872,60.265772745209,16.7447476066011,23.3243970509358,22.5942597858642,20.8930952138415,7.87216091902172,6.57964944433474,0,1,0,1
692,500,2,1,"L'Ecuyer-CMRG","10407_-1716466674_2074265494_-1074692607_-2140136823_1394669338_1969490177","10407_1509183211_-1295681950_-115640554_-2147473104_-2093783421_-1509832849",1402179514,1563302029,1285896598,532709667,1800376218,763130653,544489846,75.7770000000019,5.03099999999904,6.25400000000081,1.94499999999971,1.90500000000247,503.236000000001,1,NA,"569e972f86b1","not-a-git-build","bbd3d4119dab4c61438d29ca56ae93a0","confirmatory",616.719999999998,43.0346879730349,8.8507903133377,41.9672567682335,4.24279834396245,62.5246030176816,24.9325009442167,1851.98436893648,78.3364891706725,1761.25064065084,18.0013377875305,36.0199301666323,5.03904871720025,0,0.011,0.5,0.982,13.4749821563734,41.4520602739149,12.1503369127588,36.7536785273445,44.1838351854549,7.92611569874709,43.1029145143823,5.15088722652053,63.6602607638305,25.8405898267748,1952.21129169544,62.8233100699251,1857.86123963415,26.5316392203324,36.8379191908532,4.6031437706415,0,0.011,0.598,0.986,14.6841971131848,43.3034479874178,13.5348216187799,39.6995391988159,45.0751070350984,7.57155861587374,43.3567091311474,5.09243375833136,63.9140553805955,25.7821363585856,2031.76527422558,57.3284998736118,1879.80422668292,25.9328815829929,34.4739270390669,4.75536217918759,0,0.155,0.703,1,20.9941180599386,62.7040572543033,16.8734448552482,52.3550697335227,44.8025045426834,9.30148824257262,43.3294805879602,5.08023471139298,63.8868268374083,25.7699373116472,2007.26441329716,86.5176835267166,1877.44388802242,25.8087847228421,34.4322817576339,5.63502222783359,0,0.144,0.681,0.989,20.7793828159223,62.8699764761668,18.1308004609417,56.9602248148262,51.9799872550978,73.3613452001733,14.0984938386868,35.1262284252003,58.7782747863433,66.5318695672673,21.7556726739756,28.3490674410337,21.3813579450755,21.0277345865135,7.75359478092403,6.59339476705815,0,1,0,0,53.17460914473,74.097496196481,14.8572376018689,35.3375420717507,60.0378372829195,67.0408930795422,23.1720740193168,28.9862563330192,20.922887051751,20.4803044698819,7.00305579662263,5.81418231370241,0,1,0,0,52.3109849322733,75.3136141761726,15.2332313489627,36.0033077926263,60.4223220017434,67.5207827601089,22.1170569375118,29.2989430945604,23.0026292438993,20.7700764436636,7.09846075836543,7.1818861570486,0,1,0,0,52.5996129919237,74.2698381134883,15.7472642028753,37.3977741607585,60.3421122005692,67.8348924081559,22.0166899398285,29.1994764939699,21.6702251215646,21.6505099578832,7.49278020758668,7.18278655414145,0,1,0,0
693,500,2,1,"L'Ecuyer-CMRG","10407_1827368326_1758125333_1137760824_-909665408_1605223222_953248505","10407_-42292036_209742938_-1100971254_-481080382_725341585_-1279819584",1285896598,532709667,1800376218,763130653,544489846,1796692698,278501814,75.8679999999986,5.15399999999863,5.9320000000007,2.00900000000183,2.02899999999863,503.465,1,NA,"569e972f86b1","not-a-git-build","bbd3d4119dab4c61438d29ca56ae93a0","confirmatory",616.767,47.116218176669,7.35902716245793,46.3498372228734,1.71212057123177,66.0726811434413,21.4515102766367,2219.93801527147,54.1552807777935,2148.30741058686,2.931356850435,41.1942761614065,4.21839855880212,0,0.002,0.419,0.999,11.9728032085969,35.7662088163005,10.3826541132269,32.2197203626205,48.1972358019622,7.32435284454299,47.3511524042901,2.6143011776099,67.073996324858,22.3536908830148,2322.97353894995,53.6461445913651,2242.1316340143,6.83457064725251,41.4572756766054,4.22453544884311,0,0.003,0.577,1,13.5885474452052,41.1589204990897,12.7083850631516,36.8937847358832,47.8198711375597,7.36458192795779,46.8526473718111,1.81413165945622,66.575491292379,21.5535213648611,2286.74007561281,54.2370669736024,2195.17056574728,3.29107367784136,39.1223817442197,4.63574072240905,0,0.067,0.733,1,17.1846973882612,54.9495835799884,17.1010194716157,51.902195582416,49.2862868052214,7.83320239144363,48.0885823422048,2.01496918041351,67.8114262627727,21.7543588858184,2429.13806704654,61.3590597053182,2312.51175168301,4.0601007980163,39.4505859629821,4.91749983877606,0.002,0.161,0.728,1,19.9067495976248,61.8201400854767,17.9909777485083,55.3687530167368,55.640402856709,76.7997890205814,12.1627664753387,30.3392163308762,62.2330861676309,69.8085514707428,18.4253367622084,24.5040121024094,21.1593861638724,18.1764498555376,7.57546530311195,6.07867534020102,0,1,0,1,56.6700572308848,77.7126572254408,13.1082172525038,31.4694770231333,62.9614014390698,70.9751177518627,19.146051608999,25.5819324243563,21.0425999945559,18.3612597706295,8.01371631279295,6.43588081535729,0,1,0,1,56.0967617667336,77.1314700110285,11.9739947189803,31.1424192157757,62.7772077406579,70.5512500286907,18.1342751681049,24.4051251567561,21.0347082442949,19.1684244967955,7.77404228803278,6.2708499886512,0,1,0,1,55.0500011292327,79.2266011748816,11.49968110099,31.1865923023968,64.1402651323571,71.8339996645043,18.7654889839069,25.2125640239877,24.176600045649,19.6869112014068,7.69373453214723,6.44707504008078,0,1,0,1
694,500,2,1,"L'Ecuyer-CMRG","10407_-550511133_2093238196_1561942198_1948381962_1618673270_-920082538","10407_860327224_203621175_-370308058_-932715027_-1375347260_-1909413323",1800376218,763130653,544489846,1796692698,278501814,1978142353,417897051,73.4229999999989,5.26199999999881,5.51000000000204,1.88899999999921,1.89700000000084,507.143,1,NA,"569e972f86b1","not-a-git-build","bbd3d4119dab4c61438d29ca56ae93a0","confirmatory",617.803,28.910724166734,9.24027588702259,27.7792223129607,3.4460943236754,47.8461422580478,23.4359228902965,835.829971844977,85.3826984682911,771.685192312894,11.8755660876678,22.4416783000496,5.32648381609149,0,0.176,0.407,0.937,11.8099568349673,38.7940359612735,11.0714352900314,33.4120794251874,29.471027715649,10.1753976755757,28.2781385793708,5.93480174150168,48.345058524458,25.9246303081228,868.541474616552,103.538717856111,799.653121514102,35.2218717109314,22.5442803661445,5.82385890357103,0.003,0.187,0.441,0.924,13.3488303112132,41.2443531507554,12.2245320026214,36.2013029285335,30.949084202386,8.96415599305472,29.4660324168054,2.97529291100678,49.5329523618925,22.9651214776279,957.845812966377,80.3560926678188,868.247066388227,8.85236790628717,21.8043285957278,5.32121008865974,0.012,0.537,0.606,0.994,18.0148401744587,60.0398469352842,16.3828926622992,51.0827434708115,31.5481592262786,10.3840427091907,30.1569107458864,5.21565200224581,50.2238306909736,25.205480568867,995.286350566629,107.828342986297,909.439265735361,27.2030258085308,22.7932425603443,6.02491492011868,0.005,0.344,0.504,0.954,16.7530472838192,56.2147337576859,14.0912420932553,47.6473220332403,36.6334090788218,59.7707244358478,12.4237420189463,33.2764277524733,44.1713724746483,51.0869779892434,20.4520860782849,26.5011345259715,23.1373153570259,20.852685733527,6.91560551459511,6.04904844768654,0,1,0,0,35.9193029484932,59.2570978957838,16.0617809451249,35.6646925574565,44.7059476100333,52.4761720748715,22.5946509932448,29.5337920427936,23.3377949472906,19.6029116123315,7.77022446483826,6.93914104954879,0,1,0,0,38.6702596272368,59.797189339431,13.1001193903709,32.5535772049141,45.5165926762213,53.5095327273435,19.5750248061256,26.6537889229709,21.1269297121942,19.4534578145432,7.99294005112222,7.07876411684533,0,1,0,1,39.6556304607673,61.1572228380499,14.5661631494763,35.5610142169638,46.446951479871,53.9278700852036,21.4109510701295,28.7820605239626,21.5015923772827,20.9948510674875,7.48091860533262,7.37110945383309,0,1,0,0
695,500,2,1,"L'Ecuyer-CMRG","10407_2088821829_628730389_-591919430_325845175_-229202097_-765089410","10407_1294403222_1353012204_-1162632148_-1015709582_1097376527_1599795198",544489846,1796692698,278501814,1978142353,417897051,80144837,1793002165,76.9809999999998,5.14199999999983,5.91999999999825,1.98400000000038,2.70400000000154,512.591,1,NA,"569e972f86b1","not-a-git-build","bbd3d4119dab4c61438d29ca56ae93a0","confirmatory",626.766,42.7655329865566,9.62584727351545,41.8123484652542,0.905054827271691,61.6805615731541,20.8728176862219,1828.89081162426,92.6569357330448,1748.27248417985,0.81912424036779,36.5175180924928,5.5359298007019,0,0.008,0.414,0.946,12.2004658004214,36.9909485662425,11.7494124681394,36.2798209188865,43.9332258340306,9.4564618529181,42.9549306346784,1.03419643782816,62.8231437425783,21.0019592967784,1930.12833218393,89.4246707756952,1845.12606583004,1.06956227201646,37.0684750949085,5.40162062965563,0,0.017,0.452,0.978,13.9361642516707,40.7413014764957,12.9129795735351,39.4386442016638,43.2233346173644,10.9792614442423,41.9168313259984,1.28461754188017,61.7850444338982,21.2523804008304,1868.25665544465,120.544181861026,1757.0207484122,1.65024222890626,34.2350104992466,6.31237622605748,0.001,0.135,0.56,0.992,17.5216774819228,54.9625582469626,17.7504218642515,55.7193303951314,45.0172450570686,10.1811587261801,43.9980548192745,2.00709379556114,63.8662679271743,21.9748566545114,2026.55235252817,103.655993007673,1935.82882787988,4.02842550418001,36.9904897490571,5.84589191170466,0,0.085,0.493,0.977,14.8287211316274,50.7674410515336,14.8748544170286,48.505700459659,50.9269512616163,71.908096331299,10.8355585872373,30.381351706091,58.4171744177418,65.3618275187831,17.3844062637576,24.2878706904112,20.9811450696828,19.5457931188538,6.94465310104133,6.90346442665354,0,1,0,1,52.5125739495457,73.5863057792661,12.8197837317118,30.4351555281264,59.3028911345622,66.4281649781909,17.6033450288978,23.870144450489,21.0737318297204,17.6153717964146,7.1252738436287,6.26679942159119,0,1,0,1,51.2034689842043,73.0660757644017,12.1545009440948,30.986266905838,58.0415123588529,65.6837491453666,17.6294886472555,24.4883921354875,21.8626067801975,18.8317659617432,7.64223678651371,6.85890348823203,0,1,0,1,53.7637645804825,74.4460784619742,12.1329913441602,32.6579782520454,60.1742804424679,67.570856507221,18.4264930897019,25.1949053598012,20.6823138814917,20.5249869078851,7.39657606475315,6.76841227009927,0,1,0,1
696,500,2,1,"L'Ecuyer-CMRG","10407_-1759120834_-1291904943_1731116194_349328906_-1771531714_-486818509","10407_1879894648_1259600341_171800895_1067302459_-1004730837_-27299337",278501814,1978142353,417897051,80144837,1793002165,757431291,201012221,76.3510000000024,5.52599999999802,5.94599999999991,2.01699999999983,2.08899999999994,507.076999999997,1,NA,"569e972f86b1","not-a-git-build","bbd3d4119dab4c61438d29ca56ae93a0","confirmatory",622.578999999998,40.8751216769099,8.84716026761649,39.8012985658327,0.950748824257218,59.59897608642,20.6916271728179,1670.77557210219,78.2722448008918,1584.14336752656,0.903923326826482,33.7957590814341,5.12656994234532,0,0.058,0.375,0.943,14.0839652859604,41.9633121111934,10.2715147949032,31.8398225180122,44.2019059888759,8.34295083700481,43.2425504169873,0.710952354757627,63.0402279375747,20.4518307033183,1953.80849304942,69.6048286686793,1869.91816656569,0.505453250735414,37.0266611530594,4.77422909309141,0,0.027,0.434,0.982,14.695010604341,42.9870767486941,11.081923719497,34.4708822367486,42.8329894723311,7.53080967286162,40.6254051297915,1.43677151070539,60.4230826503788,21.1776498592661,1834.66498713682,56.7130943288661,1650.42354195969,2.06431237397464,32.9896892001785,4.5831903125683,0.026,0.245,0.661,1,18.6769957508307,57.2812938213013,15.6045503977108,49.1188750488412,42.710140827389,9.47459752940624,41.6821863331676,0.771587302693121,61.4798638537549,20.5124656512538,1824.1561294954,89.7679983442309,1737.4046575129,0.595346965677245,34.5036356206337,5.46838312877399,0,0.14,0.435,0.982,15.7208328813179,51.7811200066087,12.6359224223266,44.004573187017,47.2902063782431,70.0814872273071,11.4509522784317,29.7663913778481,56.3552610353665,63.3100046954708,17.6580969999597,23.9747814136214,22.791280849064,18.3154390994164,6.95474366010435,6.31668441366163,0,1,0,1,52.7950732340576,72.5052664899554,10.7498026588925,29.4497753579552,59.996832822001,66.5096305855044,17.4030073422233,23.6777409029556,19.7101932558979,18.6999726990627,6.51279776350343,6.27473356073227,0,1,0,1,48.8927194338832,70.7974480411082,11.9954031254932,31.518960236783,56.7412860374533,64.3691708523214,17.7729506040666,24.4346679505601,21.904728607225,19.5235571112898,7.6278848148681,6.66171734649349,0,1,0,1,51.2706004051587,71.3990148966105,10.9497927119024,30.248455501179,58.1244828488337,64.9140497975282,17.333855819693,23.5299999499863,20.1284144914517,19.2986627892766,6.78956694869453,6.19614413029334,0,1,0,1
697,500,2,1,"L'Ecuyer-CMRG","10407_97641224_1116632533_135523246_-1085851400_-2120344743_118075343","10407_-1478676420_2118210791_2081032987_1007615294_-1597044046_437954912",417897051,80144837,1793002165,757431291,201012221,292560093,81175531,77.732,6.15899999999965,5.08599999999933,2.41599999999744,1.96099999999933,518.330000000002,1,NA,"569e972f86b1","not-a-git-build","bbd3d4119dab4c61438d29ca56ae93a0","confirmatory",632.464,25.681781135285,12.6371138765398,24.6344635189596,-9.31992107253688,44.7446589052997,10.7266547931243,659.553882280679,159.696647128635,606.856792866953,86.860928798317,19.0993689651088,7.48135434954861,0.003,0.324,0.311,0.805,13.4613488760854,39.9526714608693,11.2144751383796,33.5848179473017,26.7790794342643,12.6603550752784,25.7271754950624,-7.56990621309156,45.8373708814025,12.4766696525697,717.119095346639,160.284590632128,661.887558953739,57.3034800750022,19.6638333977415,7.32955922650346,0.003,0.324,0.322,0.845,14.4352708956022,44.5762070848477,12.2884629888594,36.8107672390345,28.0355275235636,12.8534284855722,26.3598880171558,-8.02993077242183,46.4700834034958,12.0166450932394,785.990803524493,165.210623833719,694.843696276991,64.479788209887,18.8726633650691,7.33140854435182,0.049,0.654,0.412,0.937,20.1235018694514,62.8366195224625,15.4782477188954,48.7216059820899,27.7941156526458,14.5940754764799,26.3418426851903,-9.25452487905507,46.4520380715304,10.7920509866061,772.512864912651,212.987039013191,693.892676051316,85.6462307370492,19.1644564138478,8.44601999789652,0.024,0.59,0.366,0.864,18.2487886575635,56.3677879740506,15.0241565269277,46.279986556996,34.1871021724726,55.6956473009867,1.62458850102812,19.3769973313833,41.0324393242156,48.3785824313319,7.78921190783112,13.65263641852,21.5085451285141,17.7524088303551,7.34614310711628,5.86342451068892,0,0,0,0,35.5753236199525,56.516281728326,3.61332708554678,21.5298971998976,41.8807378367266,49.3903386480882,9.14407119778727,15.7377832692585,20.9409581083735,17.9165701143508,7.50960081136162,6.59371207147121,0,1,0,0,35.5874275567012,57.8372617171117,2.39442076422974,22.0976322514318,42.5499742145129,50.5435496510112,8.46003875805072,15.5364750268135,22.2498341604105,19.703211487202,7.99357543649831,7.07643626876274,0,1,0,0,34.8592509554478,59.2150018752938,1.58210327577683,20.5557777439122,41.9288370675025,50.4586776574539,7.57625180518219,14.1289655680749,24.355750919846,18.9736744681354,8.52984058995138,6.55271376289275,0,1,0,0
698,500,2,1,"L'Ecuyer-CMRG","10407_352746791_363971499_-284667370_379893812_2122007450_470750313","10407_2059957165_-2137753191_1855511141_-110952211_434934682_310352783",1793002165,757431291,201012221,292560093,81175531,1037495009,1015084836,75.3909999999996,4.9910000000018,6.03499999999985,1.89199999999983,1.88999999999942,511.040000000001,1,NA,"569e972f86b1","not-a-git-build","bbd3d4119dab4c61438d29ca56ae93a0","confirmatory",624.272000000001,35.7923997654806,8.22321912260685,34.8475386160323,0.734261858766128,54.8528337418887,20.524486956654,1281.09588097198,67.621332738407,1214.35094759586,0.53914047723869,29.8097959033958,4.70213573726512,0,0.017,0.418,0.987,10.9350538207609,35.9199453563552,10.640296984789,33.5712067773115,37.86066080607,7.97637294094826,36.8996351319728,1.58481956385725,56.9049302578292,21.3750446617451,1433.42963667228,63.6225252930916,1361.58307287272,2.51165304998469,31.1873096513225,4.55401638341891,0,0.028,0.504,0.992,13.1649155034166,40.0114317848959,12.0445975622301,36.592585851209,37.7183890846188,7.66355046474109,36.4673949873309,1.31632675590094,56.4726901131873,21.1065518537888,1422.67687513869,58.7300057256334,1329.87089716201,1.7327161283007,28.7782484278922,4.62199106249756,0,0.157,0.657,1,17.4241792779667,54.9582920859376,15.3926381838889,49.0917183705789,38.4540291685647,8.56993593659124,37.2351138127274,1.95483670826843,57.2404089385838,21.7450618061563,1478.71235929683,73.443801957278,1386.45370064676,3.82138655599374,29.5745168925869,4.95907496436281,0,0.173,0.551,0.997,16.9028811195949,55.2944528296396,14.2900400282311,47.3259698594864,43.8919174179711,65.4939564753259,10.6154832688809,29.6242163596849,51.3313616916284,58.3965856733335,17.3623209383279,23.7659631795095,21.6020390573548,19.0087330908041,7.06522398170511,6.40364224118159,0,1,0,1,47.607122031743,66.741607726303,11.1695110195206,30.1165006686047,53.2182317308688,60.1859575362384,18.1932144678786,24.7545767084712,19.13448569456,18.9469896490841,6.96772580536956,6.56136224059265,0,1,0,1,46.1444637320937,67.506611173198,10.6602579058488,31.5734723303143,52.6041300516622,60.3284663158919,17.7126886367191,24.4248065872762,21.3621474411043,20.9132144244655,7.72433626422972,6.71211795055711,0,1,0,1,46.4653322035208,68.357516275276,11.4882809377327,32.3548751711239,53.4065867727696,60.6124028550272,18.0067945940065,25.0884054053069,21.8921840717553,20.8665942333911,7.20581608225756,7.0816108113004,0,1,0,1
699,500,2,1,"L'Ecuyer-CMRG","10407_250455485_1694663608_1384648053_1770426740_1818949832_-1063626180","10407_1358538168_8379227_-1457353087_1312509224_-1112052301_-1165153164",201012221,292560093,81175531,1037495009,1015084836,1567370615,847678378,74.5139999999992,6.00200000000041,5.27400000000125,2.29999999999927,1.89600000000064,433.471000000001,1,NA,"569e972f86b1","not-a-git-build","bbd3d4119dab4c61438d29ca56ae93a0","confirmatory",543.921999999999,32.6085093282596,8.33648848598158,31.6541040236756,1.80001010748189,51.6205486224846,21.5452858603447,1063.31488061119,69.4970402769034,1001.98230154168,3.24003638703695,25.9787143257309,4.79426957531967,0,0.101,0.414,0.949,12.9027389407218,40.1056834076924,10.3859943424838,30.7012272536051,35.2232805212433,8.33441576818282,34.3393254157186,2.20501461856245,54.3057700145276,21.9502903714252,1240.6794906782,69.4624861969345,1179.18927000662,4.86208946807411,28.3224949898798,4.74894523070507,0,0.048,0.467,0.968,14.0439581398247,42.0100592524129,11.4689697208664,34.5442575010992,34.641099647649,7.2970693812217,33.7000109166476,0.760916633733508,53.6664555154566,20.5061923865963,1200.00578479835,53.2472215543633,1135.69073578217,0.578994123492334,26.3442796152327,4.40410123355472,0,0.23,0.671,0.996,16.3695831350588,53.5434622119923,14.3929174207203,46.043155237567,33.3352105303827,7.95321402885625,32.4675659573536,0.659947470372451,52.4340105561626,20.4052232232352,1111.23626110494,63.2536133887959,1054.14283919511,0.435530663650997,25.137350710954,4.62464789724606,0,0.274,0.551,1,15.3416456943694,54.5306205025984,13.1629780090399,43.829462205837,39.999286296448,63.826404985349,12.8747951929894,30.3568048733201,47.3501730360474,55.9111657946759,18.342189620489,24.5879578443316,23.827118688901,17.4820096803306,8.56099275862858,6.24576822384262,0,1,0,1,42.5706424720099,65.9893587845711,13.1645913977586,31.1317199544422,50.322339108202,58.4444612968047,18.7976000377458,25.1078416340542,23.4187163125611,17.9671285566836,8.12212218860273,6.31024159630835,0,1,0,1,42.5774324502659,64.9570406430329,10.0356494322686,29.6296658109085,49.7221807241238,57.5116723215242,17.2283691403154,23.8556611308432,22.379608192767,19.5940163786399,7.78949159740048,6.62729199052778,0,1,0,1,40.6876318353433,63.0888338720426,10.9396044132687,29.3044074664294,48.6568171950096,56.3700897857913,16.9553241441522,23.5363611569076,22.4012020366994,18.3648030531607,7.71327259078173,6.58103701275542,0,1,0,1
