reject_rate,t1e_or_power,ci_cover,E_theta,bias,rmse,E_J,sd_J,q05_J,q50_J,q95_J,P_J_eq_Jmax,pJmax,mean_wall,family,rho,sigma_a,sigma_b,theta,design,J0,Jmax,alpha,alpha_adj,delta,power_target,gamma,correction,K,seed,R,reject_rate_mcse,ci_cover_mcse,pJmax_mcse,module_cell,theta_mult,B,sigma_ratio,cell_id,module,projected_R,bootstrap_B
0.0492,0.0492,0.9508,2.9693575836458664e-05,2.9693575836458664e-05,0.17875805961819852,83.9434,16.34127891078296,58.0,83.0,112.0,0.0,0.0,0.0002963999271392822,normal,-0.3,1.0,1.0,0.0,D1,50,1000,0.05,0.05,0.5,0.8,0.2,none,1,100000,5000,0.0030587369942510585,0.0030587369942510594,0.0,A,0.0,50,1.0,A_0000,A,5000,50
0.0548,0.0548,0.9452,0.003590399841875099,0.003590399841875099,0.16110807448254605,104.0558,18.330015994537483,76.0,103.0,137.0,0.0,0.0,0.000522646951675415,normal,-0.3,1.0,1.0,0.0,D2,50,1000,0.05,0.05,0.5,0.8,0.2,none,1,100001,5000,0.003218600938296017,0.003218600938296016,0.0,A,0.0,50,1.0,A_0001,A,5000,50
0.0882,0.0882,0.7814,-0.0003840757282566714,-0.0003840757282566714,0.2019358815485056,65.2828,8.99471089918959,51.0,65.0,81.0,0.0,0.0,0.00014945268630981446,normal,-0.3,1.0,1.0,0.0,D3,50,1000,0.05,0.05,0.5,0.8,0.2,none,1,100002,5000,0.00401050520508327,0.005844895892999293,0.0,A,0.0,50,1.0,A_0002,A,5000,50
0.0484,0.0484,0.9516,0.0033634630965968483,0.0033634630965968483,0.16132320746869316,101.0948,20.053234476263423,71.0,100.0,136.0,0.0,0.0,0.00013496928215026856,normal,-0.3,1.0,1.0,0.0,D4,50,1000,0.05,0.05,0.5,0.8,0.2,none,1,100003,5000,0.0030350433275325743,0.0030350433275325743,0.0,A,0.0,50,1.0,A_0003,A,5000,50
0.0426,0.0426,0.9574,0.00014251315006923523,0.00014251315006923523,0.05184531815071151,936.57,98.16898237223405,719.95,1000.0,1000.0,0.0,0.551,7.741179466247559e-05,normal,-0.3,1.0,1.0,0.0,D5,50,1000,0.05,0.05,0.5,0.8,0.2,none,1,100004,5000,0.00285605462132642,0.002856054621326419,0.0,A,0.0,50,1.0,A_0004,A,5000,50
0.0464,0.0464,0.9536,-0.0001935902708079066,-0.0001935902708079066,0.1746157220126917,84.0,0.0,84.0,84.0,84.0,0.0,0.0,6.141300201416015e-05,normal,-0.3,1.0,1.0,0.0,D6,50,1000,0.05,0.05,0.5,0.8,0.2,none,1,100005,5000,0.0029747954551531774,0.0029747954551531774,0.0,A,0.0,50,1.0,A_0005,A,5000,50
0.2746,0.2746,0.9474,0.2438891379776413,-0.006110862022358693,0.18058822566493266,84.2522,16.680917095891342,59.0,83.0,114.0,0.0,0.0,0.00014080910682678222,normal,-0.3,1.0,1.0,0.25,D1,50,1000,0.05,0.05,0.5,0.8,0.2,none,1,100006,5000,0.0063118117842660675,0.0031569998416217885,0.0,A,0.5,50,1.0,A_0006,A,5000,50
0.3514,0.3514,0.9506,0.2510934352879305,0.0010934352879304887,0.15762373838837743,104.0908,18.125731857224416,76.0,103.0,135.0,0.0,0.0,0.00031360268592834473,normal,-0.3,1.0,1.0,0.25,D2,50,1000,0.05,0.05,0.5,0.8,0.2,none,1,100007,5000,0.006751563374508159,0.003064625262572897,0.0,A,0.5,50,1.0,A_0007,A,5000,50
0.3298,0.3298,0.7784,0.25556006914556395,0.005560069145563951,0.2014254239658021,65.3456,9.139768084585079,51.0,65.0,81.0,0.0,0.0,0.0002052290916442871,normal,-0.3,1.0,1.0,0.25,D3,50,1000,0.05,0.05,0.5,0.8,0.2,none,1,100008,5000,0.006648788761872346,0.005873558376316694,0.0,A,0.5,50,1.0,A_0008,A,5000,50
0.3412,0.3412,0.9498,0.2490967552386116,-0.0009032447613883943,0.16395603688336505,100.784,19.639341740496292,71.0,100.0,135.0,0.0,0.0,0.00022271275520324707,normal,-0.3,1.0,1.0,0.25,D4,50,1000,0.05,0.05,0.5,0.8,0.2,none,1,100009,5000,0.006704961744857311,0.003088040155179334,0.0,A,0.5,50,1.0,A_0009,A,5000,50
0.9956,0.9956,0.9516,0.24930491113939998,-0.0006950888606000183,0.05301131719652538,935.5092,98.79010231475621,720.0,1000.0,1000.0,0.0,0.5496,9.213647842407226e-05,normal,-0.3,1.0,1.0,0.25,D5,50,1000,0.05,0.05,0.5,0.8,0.2,none,1,100010,5000,0.000936017093861,0.0030350433275325743,0.0,A,0.5,50,1.0,A_0010,A,5000,50
0.2978,0.2978,0.95,0.25191107690324854,0.001911076903248543,0.17681560636111132,84.0,0.0,84.0,84.0,84.0,0.0,0.0,6.709003448486328e-05,normal,-0.3,1.0,1.0,0.25,D6,50,1000,0.05,0.05,0.5,0.8,0.2,none,1,100011,5000,0.006467072908201979,0.0030822070014844896,0.0,A,0.5,50,1.0,A_0011,A,5000,50
0.7848,0.7848,0.9534,0.4968256292461192,-0.003174370753880773,0.1794318841265546,83.9764,16.553206427758944,60.0,83.0,114.0,0.0,0.0,0.00013996796607971193,normal,-0.3,1.0,1.0,0.5,D1,50,1000,0.05,0.05,0.5,0.8,0.2,none,1,100012,5000,0.005811866481604683,0.0029808871162793123,0.0,A,1.0,50,1.0,A_0012,A,5000,50
0.8738,0.8738,0.9422,0.5001899315081367,0.00018993150813673143,0.16294073285424762,104.2322,18.053483961828533,77.0,103.0,136.0,0.0,0.0,0.00032221860885620117,normal,-0.3,1.0,1.0,0.5,D2,50,1000,0.05,0.05,0.5,0.8,0.2,none,1,100013,5000,0.004696244457010303,0.0033002775640845715,0.0,A,1.0,50,1.0,A_0013,A,5000,50
0.7834,0.7834,0.7912,0.4991630317554274,-0.0008369682445725779,0.19739480021246114,65.4642,9.313684467491907,51.0,65.0,82.0,0.0,0.0,0.00016658878326416017,normal,-0.3,1.0,1.0,0.5,D3,50,1000,0.05,0.05,0.5,0.8,0.2,none,1,100014,5000,0.0058255375717610825,0.005748087682003468,0.0,A,1.0,50,1.0,A_0014,A,5000,50
0.857,0.857,0.955,0.4973172671375278,-0.0026827328624722258,0.16125093341555272,101.0648,20.113751538686163,71.0,99.0,136.0,0.0,0.0,0.00014920978546142577,normal,-0.3,1.0,1.0,0.5,D4,50,1000,0.05,0.05,0.5,0.8,0.2,none,1,100015,5000,0.0049507777166825015,0.0029317230428538106,0.0,A,1.0,50,1.0,A_0015,A,5000,50
1.0,1.0,0.9518,0.5005951764440814,0.0005951764440813578,0.052523603678535,937.5152,97.69582677351167,722.0,1000.0,1000.0,0.0,0.552,7.778053283691407e-05,normal,-0.3,1.0,1.0,0.5,D5,50,1000,0.05,0.05,0.5,0.8,0.2,none,1,100016,5000,0.0,0.003029084350096577,0.0,A,1.0,50,1.0,A_0016,A,5000,50
0.8008,0.8008,0.9448,0.5003255656088857,0.00032556560888574726,0.1796045635971739,84.0,0.0,84.0,84.0,84.0,0.0,0.0,6.46308422088623e-05,normal,-0.3,1.0,1.0,0.5,D6,50,1000,0.05,0.05,0.5,0.8,0.2,none,1,100017,5000,0.005648351263864528,0.0032296427046966053,0.0,A,1.0,50,1.0,A_0017,A,5000,50
0.9992,0.9992,0.9496,0.9992150538030883,-0.0007849461969117177,0.1814263965474377,84.3188,16.58926057906138,59.0,83.0,114.0,0.0,0.0,0.0001390343189239502,normal,-0.3,1.0,1.0,1.0,D1,50,1000,0.05,0.05,0.5,0.8,0.2,none,1,100018,5000,0.0003998399679871993,0.0030938597253269257,0.0,A,2.0,50,1.0,A_0018,A,5000,50
1.0,1.0,0.9428,0.9954325809036143,-0.004567419096385694,0.16165169896605178,104.6098,18.333923310628307,77.0,104.0,136.0,0.0,0.0,0.0003090221881866455,normal,-0.3,1.0,1.0,1.0,D2,50,1000,0.05,0.05,0.5,0.8,0.2,none,1,100019,5000,0.0,0.0032841485959073176,0.0,A,2.0,50,1.0,A_0019,A,5000,50
0.9996,0.9996,0.7738,1.0025754736977048,0.002575473697704833,0.20017770511877292,65.4072,9.00891714691616,51.0,65.0,81.0,0.0,0.0,0.00014835553169250488,normal,-0.3,1.0,1.0,1.0,D3,50,1000,0.05,0.05,0.5,0.8,0.2,none,1,100020,5000,0.0002827861382741226,0.0059166470234415704,0.0,A,2.0,50,1.0,A_0020,A,5000,50
0.9998,0.9998,0.9502,1.0033303059537713,0.003330305953771262,0.1622745504419178,101.612,20.021374977758146,71.0,100.0,137.0,0.0,0.0,0.00015147790908813475,normal,-0.3,1.0,1.0,1.0,D4,50,1000,0.05,0.05,0.5,0.8,0.2,none,1,100021,5000,0.00019997999899988897,0.0030763601869742093,0.0,A,2.0,50,1.0,A_0021,A,5000,50
1.0,1.0,0.9528,0.9993815802831095,-0.0006184197168904726,0.05222523135251175,935.5468,100.86735155519847,713.0,1000.0,1000.0,0.0,0.5522,8.235712051391601e-05,normal,-0.3,1.0,1.0,1.0,D5,50,1000,0.05,0.05,0.5,0.8,0.2,none,1,100022,5000,0.0,0.002999071856424918,0.0,A,2.0,50,1.0,A_0022,A,5000,50
1.0,1.0,0.948,0.9970968350501913,-0.0029031649498086898,0.17686927893345297,84.0,0.0,84.0,84.0,84.0,0.0,0.0,7.501025199890136e-05,normal,-0.3,1.0,1.0,1.0,D6,50,1000,0.05,0.05,0.5,0.8,0.2,none,1,100023,5000,0.0,0.00313993630508646,0.0,A,2.0,50,1.0,A_0023,A,5000,50
0.0544,0.0544,0.9456,-0.0022374675152338846,-0.0022374675152338846,0.18070582791572307,65.1328,12.751939623445525,46.0,64.0,88.0,0.0,0.0,0.00020791339874267579,normal,0.0,1.0,1.0,0.0,D1,50,1000,0.05,0.05,0.5,0.8,0.2,none,1,100024,5000,0.0032075111847038036,0.003207511184703804,0.0,A,0.0,50,1.0,A_0024,A,5000,50
0.0592,0.0592,0.9408,-0.001150537091701689,-0.001150537091701689,0.16331593332808775,80.1796,14.560746678656283,56.0,79.0,105.0,0.0,0.0,0.0003421722412109375,normal,0.0,1.0,1.0,0.0,D2,50,1000,0.05,0.05,0.5,0.8,0.2,none,1,100025,5000,0.0033375248313683003,0.0033375248313683007,0.0,A,0.0,50,1.0,A_0025,A,5000,50
0.053,0.053,0.8384,-0.0024974074291363862,-0.0024974074291363862,0.17600076751293622,65.4136,8.955609138411525,51.0,65.0,81.0,0.0,0.0,0.00015267152786254884,normal,0.0,1.0,1.0,0.0,D3,50,1000,0.05,0.05,0.5,0.8,0.2,none,1,100026,5000,0.003168311853337673,0.00520548633654916,0.0,A,0.0,50,1.0,A_0026,A,5000,50
0.045,0.045,0.955,-0.0005200195849044091,-0.0005200195849044091,0.16198671975810797,78.4926,15.437329601974561,55.0,78.0,105.05000000000018,0.0,0.0,0.0001486095905303955,normal,0.0,1.0,1.0,0.0,D4,50,1000,0.05,0.05,0.5,0.8,0.2,none,1,100027,5000,0.0029317230428538097,0.0029317230428538106,0.0,A,0.0,50,1.0,A_0027,A,5000,50
0.052,0.052,0.948,-0.00016534349958843188,-0.00016534349958843188,0.05189828947588819,787.7544,139.55721866188077,556.0,787.0,1000.0,0.0,0.111,9.319415092468261e-05,normal,0.0,1.0,1.0,0.0,D5,50,1000,0.05,0.05,0.5,0.8,0.2,none,1,100028,5000,0.003139936305086458,0.00313993630508646,0.0,A,0.0,50,1.0,A_0028,A,5000,50
0.0484,0.0484,0.9516,0.0031208623913514025,0.0031208623913514025,0.17402080782554438,65.0,0.0,65.0,65.0,65.0,0.0,0.0,6.442384719848632e-05,normal,0.0,1.0,1.0,0.0,D6,50,1000,0.05,0.05,0.5,0.8,0.2,none,1,100029,5000,0.0030350433275325743,0.0030350433275325743,0.0,A,0.0,50,1.0,A_0029,A,5000,50
0.291,0.291,0.9522,0.25015126362891044,0.00015126362891043632,0.17872971614249014,65.1694,12.784158307843345,46.0,64.0,88.0,0.0,0.0,0.00014512109756469727,normal,0.0,1.0,1.0,0.25,D1,50,1000,0.05,0.05,0.5,0.8,0.2,none,1,100030,5000,0.006423690528037602,0.0030171231330524103,0.0,A,0.5,50,1.0,A_0030,A,5000,50
0.3456,0.3456,0.9442,0.24958194270312598,-0.0004180572968740248,0.16034472992076418,80.2896,14.379642966360466,57.0,80.0,105.0,0.0,0.0,0.0003352537155151367,normal,0.0,1.0,1.0,0.25,D2,50,1000,0.05,0.05,0.5,0.8,0.2,none,1,100031,5000,0.006725483477044606,0.0032461164489278557,0.0,A,0.5,50,1.0,A_0031,A,5000,50
0.298,0.298,0.8248,0.24853304341475688,-0.0014669565852431232,0.18031271188382944,65.5104,8.825434371179698,51.0,65.0,81.0,0.0,0.0,0.00014757471084594727,normal,0.0,1.0,1.0,0.25,D3,50,1000,0.05,0.05,0.5,0.8,0.2,none,1,100032,5000,0.006468322811981479,0.005375964285595655,0.0,A,0.5,50,1.0,A_0032,A,5000,50
0.335,0.335,0.9498,0.25068424788832244,0.0006842478883224423,0.16221542675782785,78.4352,15.110572489485632,55.0,77.0,104.05000000000018,0.0,0.0,0.0001424078941345215,normal,0.0,1.0,1.0,0.25,D4,50,1000,0.05,0.05,0.5,0.8,0.2,none,1,100033,5000,0.006674953183356419,0.003088040155179334,0.0,A,0.5,50,1.0,A_0033,A,5000,50
0.9948,0.9948,0.9452,0.24997052726793653,-2.947273206346801e-05,0.051630453401010454,790.3668,141.1824842456032,556.0,790.0,1000.0,0.0,0.1168,7.87975311279297e-05,normal,0.0,1.0,1.0,0.25,D5,50,1000,0.05,0.05,0.5,0.8,0.2,none,1,100034,5000,0.001017148956643026,0.003218600938296016,0.0,A,0.5,50,1.0,A_0034,A,5000,50
0.2876,0.2876,0.948,0.250297731720087,0.0002977317200870133,0.17582140196155818,65.0,0.0,65.0,65.0,65.0,0.0,0.0,6.257896423339843e-05,normal,0.0,1.0,1.0,0.25,D6,50,1000,0.05,0.05,0.5,0.8,0.2,none,1,100035,5000,0.006401347358173903,0.00313993630508646,0.0,A,0.5,50,1.0,A_0035,A,5000,50
0.7884,0.7884,0.9538,0.49718912070473054,-0.002810879295269464,0.17570800976619969,65.1458,12.97071094273556,46.0,64.0,88.0,0.0,0.0,0.00014490265846252442,normal,0.0,1.0,1.0,0.5,D1,50,1000,0.05,0.05,0.5,0.8,0.2,none,1,100036,5000,0.005776252072061953,0.002968688599365047,0.0,A,1.0,50,1.0,A_0036,A,5000,50
0.883,0.883,0.9438,0.5007273715742742,0.0007273715742741604,0.16308813287289098,80.382,14.804258711600525,56.0,80.0,106.0,0.0,0.0,0.0003684310436248779,normal,0.0,1.0,1.0,0.5,D2,50,1000,0.05,0.05,0.5,0.8,0.2,none,1,100037,5000,0.004545569271279451,0.0032570403743275894,0.0,A,1.0,50,1.0,A_0037,A,5000,50
0.8148,0.8148,0.8346,0.5029569018719314,0.0029569018719314277,0.17677174718589647,65.15,8.792604847256586,51.0,65.0,81.0,0.0,0.0,0.000212835693359375,normal,0.0,1.0,1.0,0.5,D3,50,1000,0.05,0.05,0.5,0.8,0.2,none,1,100038,5000,0.00549365015267627,0.00525438559681339,0.0,A,1.0,50,1.0,A_0038,A,5000,50
0.8596,0.8596,0.956,0.5009355590730997,0.0009355590730997232,0.15925828281026194,77.7718,15.21816430322659,55.0,77.0,104.0,0.0,0.0,0.00014366726875305176,normal,0.0,1.0,1.0,0.5,D4,50,1000,0.05,0.05,0.5,0.8,0.2,none,1,100039,5000,0.004912999898229187,0.002900482718445329,0.0,A,1.0,50,1.0,A_0039,A,5000,50
1.0,1.0,0.9484,0.5004702599696775,0.00047025996967753336,0.051620681502132594,790.7046,140.97725397680293,557.0,792.0,1000.0,0.0,0.1126,9.287219047546387e-05,normal,0.0,1.0,1.0,0.5,D5,50,1000,0.05,0.05,0.5,0.8,0.2,none,1,100040,5000,0.0,0.003128496124338337,0.0,A,1.0,50,1.0,A_0040,A,5000,50
0.81,0.81,0.9542,0.5003718178488376,0.0003718178488375523,0.17212660623997703,65.0,0.0,65.0,65.0,65.0,0.0,0.0,7.519755363464356e-05,normal,0.0,1.0,1.0,0.5,D6,50,1000,0.05,0.05,0.5,0.8,0.2,none,1,100041,5000,0.005547972602672078,0.002956428926931948,0.0,A,1.0,50,1.0,A_0041,A,5000,50
0.9998,0.9998,0.9538,0.9968510038892935,-0.0031489961107065145,0.17592793220805653,65.435,12.83165519331002,46.0,65.0,88.0,0.0,0.0,0.00014490523338317872,normal,0.0,1.0,1.0,1.0,D1,50,1000,0.05,0.05,0.5,0.8,0.2,none,1,100042,5000,0.00019997999899988897,0.002968688599365047,0.0,A,2.0,50,1.0,A_0042,A,5000,50
1.0,1.0,0.9444,0.9984875407483426,-0.0015124592516574387,0.16266491602388827,80.22,14.315543999443403,57.0,80.0,105.0,0.0,0.0,0.0003186089515686035,normal,0.0,1.0,1.0,1.0,D2,50,1000,0.05,0.05,0.5,0.8,0.2,none,1,100043,5000,0.0,0.003240636974423392,0.0,A,2.0,50,1.0,A_0043,A,5000,50
0.9998,0.9998,0.8308,1.000556539137235,0.0005565391372350792,0.17848215471732798,65.3776,8.640683898858933,52.0,65.0,81.0,0.0,0.0,0.00014559121131896974,normal,0.0,1.0,1.0,1.0,D3,50,1000,0.05,0.05,0.5,0.8,0.2,none,1,100044,5000,0.00019997999899988897,0.005302289316889451,0.0,A,2.0,50,1.0,A_0044,A,5000,50
0.9998,0.9998,0.9486,0.9989933108278887,-0.0010066891721113302,0.1637049140882032,78.7324,15.456584041760326,55.0,77.0,106.0,0.0,0.0,0.00014012618064880372,normal,0.0,1.0,1.0,1.0,D4,50,1000,0.05,0.05,0.5,0.8,0.2,none,1,100045,5000,0.00019997999899988897,0.0031227564746550444,0.0,A,2.0,50,1.0,A_0045,A,5000,50
1.0,1.0,0.947,1.0008568654968015,0.0008568654968015288,0.05129907247647759,788.3726,140.41604099688897,555.95,788.0,1000.0,0.0,0.1114,8.320512771606445e-05,normal,0.0,1.0,1.0,1.0,D5,50,1000,0.05,0.05,0.5,0.8,0.2,none,1,100046,5000,0.0,0.0031683118533376744,0.0,A,2.0,50,1.0,A_0046,A,5000,50
0.9996,0.9996,0.9512,1.0035230977570677,0.003523097757067717,0.1742950494217723,65.0,0.0,65.0,65.0,65.0,0.0,0.0,7.398571968078613e-05,normal,0.0,1.0,1.0,1.0,D6,50,1000,0.05,0.05,0.5,0.8,0.2,none,1,100047,5000,0.0002827861382741226,0.0030469184432800286,0.0,A,2.0,50,1.0,A_0047,A,5000,50
0.0482,0.0482,0.9518,0.00453833710685683,0.00453833710685683,0.17843997718165092,46.4436,8.955089002349446,33.0,46.0,62.0,0.0,0.0,0.00016096181869506836,normal,0.3,1.0,1.0,0.0,D1,50,1000,0.05,0.05,0.5,0.8,0.2,none,1,100048,5000,0.0030290843500965763,0.003029084350096577,0.0,A,0.0,50,1.0,A_0048,A,5000,50
0.053,0.053,0.947,-0.0018471594838479308,-0.0018471594838479308,0.1579868153150013,58.1152,8.633859447547199,50.0,56.0,75.0,0.0,0.0,0.00034288625717163087,normal,0.3,1.0,1.0,0.0,D2,50,1000,0.05,0.05,0.5,0.8,0.2,none,1,100049,5000,0.003168311853337673,0.0031683118533376744,0.0,A,0.0,50,1.0,A_0049,A,5000,50
0.0188,0.0188,0.9064,0.0012505770526142028,0.0012505770526142028,0.14736872059878875,65.4142,9.098144775722137,51.0,65.0,82.0,0.0,0.0,0.00014692893028259277,normal,0.3,1.0,1.0,0.0,D3,50,1000,0.05,0.05,0.5,0.8,0.2,none,1,100050,5000,0.0019207581836347854,0.004119199922315012,0.0,A,0.0,50,1.0,A_0050,A,5000,50
0.0542,0.0542,0.9458,0.0014530422477532841,0.0014530422477532841,0.16311983876003644,55.6526,10.649991231921273,39.0,55.0,74.0,0.0,0.0,0.00017730917930603026,normal,0.3,1.0,1.0,0.0,D4,50,1000,0.05,0.05,0.5,0.8,0.2,none,1,100051,5000,0.0032019481569819336,0.003201948156981934,0.0,A,0.0,50,1.0,A_0051,A,5000,50
0.053,0.053,0.947,0.00047577037692142304,0.00047577037692142304,0.05071689924167659,561.8714,113.4762832579566,390.0,555.0,753.0500000000002,0.0,0.0014,0.0001381209373474121,normal,0.3,1.0,1.0,0.0,D5,50,1000,0.05,0.05,0.5,0.8,0.2,none,1,100052,5000,0.003168311853337673,0.0031683118533376744,0.0,A,0.0,50,1.0,A_0052,A,5000,50
0.0498,0.0498,0.9502,-0.0011290408068708978,-0.0011290408068708978,0.17466206087643868,46.0,0.0,46.0,46.0,46.0,0.0,0.0,9.803295135498047e-05,normal,0.3,1.0,1.0,0.0,D6,50,1000,0.05,0.05,0.5,0.8,0.2,none,1,100053,5000,0.0030763601869742106,0.0030763601869742093,0.0,A,0.0,50,1.0,A_0053,A,5000,50
0.2832,0.2832,0.952,0.24690307309511605,-0.0030969269048839454,0.17676356245222638,46.3552,8.895540060052566,33.0,46.0,62.0,0.0,0.0,0.0001463934898376465,normal,0.3,1.0,1.0,0.25,D1,50,1000,0.05,0.05,0.5,0.8,0.2,none,1,100054,5000,0.0063717777739026645,0.0030231109804305907,0.0,A,0.5,50,1.0,A_0054,A,5000,50
0.3576,0.3576,0.9504,0.2530311074158073,0.0030311074158073104,0.15370033939175085,58.101,8.799340827584757,50.0,56.0,75.0,0.0,0.0,0.0003371438980102539,normal,0.3,1.0,1.0,0.25,D2,50,1000,0.05,0.05,0.5,0.8,0.2,none,1,100055,5000,0.0067782333981650416,0.0030704996336101387,0.0,A,0.5,50,1.0,A_0055,A,5000,50
0.259,0.259,0.9068,0.24918246973608713,-0.0008175302639128745,0.1463293129933664,65.4202,9.199806082738919,51.0,65.0,82.0,0.0,0.0,0.00014399480819702148,normal,0.3,1.0,1.0,0.25,D3,50,1000,0.05,0.05,0.5,0.8,0.2,none,1,100056,5000,0.006195466084161869,0.004111295659521459,0.0,A,0.5,50,1.0,A_0056,A,5000,50
0.3364,0.3364,0.9464,0.2482486882707175,-0.001751311729282501,0.16520426244198694,55.1996,10.662221149460368,39.0,54.0,74.0,0.0,0.0,0.0001503819465637207,normal,0.3,1.0,1.0,0.25,D4,50,1000,0.05,0.05,0.5,0.8,0.2,none,1,100057,5000,0.006681841662296406,0.0031851857088716186,0.0,A,0.5,50,1.0,A_0057,A,5000,50
0.9962,0.9962,0.9496,0.24957715515503337,-0.00042284484496663,0.051422731758405525,560.3542,112.14978886453598,387.0,554.0,758.0,0.0,0.0002,7.67848014831543e-05,normal,0.3,1.0,1.0,0.25,D5,50,1000,0.05,0.05,0.5,0.8,0.2,none,1,100058,5000,0.0008701218305501851,0.0030938597253269257,0.0,A,0.5,50,1.0,A_0058,A,5000,50
0.2854,0.2854,0.9486,0.2483305697016769,-0.001669430298323088,0.17644642347457737,46.0,0.0,46.0,46.0,46.0,0.0,0.0,6.083827018737793e-05,normal,0.3,1.0,1.0,0.25,D6,50,1000,0.05,0.05,0.5,0.8,0.2,none,1,100059,5000,0.006386655462759832,0.0031227564746550444,0.0,A,0.5,50,1.0,A_0059,A,5000,50
0.7884,0.7884,0.9458,0.49609967796605886,-0.0039003220339411393,0.17738010327521056,46.2956,8.970363461978561,33.0,46.0,62.0,0.0,0.0,0.00014530701637268067,normal,0.3,1.0,1.0,0.5,D1,50,1000,0.05,0.05,0.5,0.8,0.2,none,1,100060,5000,0.005776252072061953,0.003201948156981934,0.0,A,1.0,50,1.0,A_0060,A,5000,50
0.884,0.884,0.946,0.4983408372180883,-0.0016591627819116939,0.15807612741652327,58.054,8.747495870247667,50.0,56.0,75.0,0.0,0.0,0.00033457565307617185,normal,0.3,1.0,1.0,0.5,D2,50,1000,0.05,0.05,0.5,0.8,0.2,none,1,100061,5000,0.004528664262230089,0.0031963729444481302,0.0,A,1.0,50,1.0,A_0061,A,5000,50
0.8646,0.8646,0.907,0.5036396367734471,0.0036396367734471413,0.14648747404121057,65.2758,9.063031190501333,51.0,65.0,81.0,0.0,0.0,0.0001616823673248291,normal,0.3,1.0,1.0,0.5,D3,50,1000,0.05,0.05,0.5,0.8,0.2,none,1,100062,5000,0.004838736198636995,0.004107334902342393,0.0,A,1.0,50,1.0,A_0062,A,5000,50
0.8576,0.8576,0.9458,0.4990419403163313,-0.0009580596836686883,0.16298401057957115,55.6318,10.66248698756533,39.95000000000002,55.0,74.0,0.0,0.0,0.00015886249542236327,normal,0.3,1.0,1.0,0.5,D4,50,1000,0.05,0.05,0.5,0.8,0.2,none,1,100063,5000,0.004942109670980602,0.003201948156981934,0.0,A,1.0,50,1.0,A_0063,A,5000,50
1.0,1.0,0.953,0.4999952607330748,-4.739266925180008e-06,0.0509469427086298,561.016,112.34125219170383,391.0,554.0,759.0,0.0,0.0006,8.91530990600586e-05,normal,0.3,1.0,1.0,0.5,D5,50,1000,0.05,0.05,0.5,0.8,0.2,none,1,100064,5000,0.0,0.002993025225419928,0.0,A,1.0,50,1.0,A_0064,A,5000,50
0.7974,0.7974,0.9464,0.4977057163409467,-0.00229428365905332,0.17680312202905285,46.0,0.0,46.0,46.0,46.0,0.0,0.0,6.842775344848633e-05,normal,0.3,1.0,1.0,0.5,D6,50,1000,0.05,0.05,0.5,0.8,0.2,none,1,100065,5000,0.005684245596383041,0.0031851857088716186,0.0,A,1.0,50,1.0,A_0065,A,5000,50
0.9996,0.9996,0.9532,1.0031097808618503,0.0031097808618503198,0.17648716668637512,46.2852,8.711914884800011,33.0,46.0,61.0,0.0,0.0,0.00018140811920166016,normal,0.3,1.0,1.0,1.0,D1,50,1000,0.05,0.05,0.5,0.8,0.2,none,1,100066,5000,0.0002827861382741226,0.002986963675708158,0.0,A,2.0,50,1.0,A_0066,A,5000,50
1.0,1.0,0.945,1.0018128342973538,0.0018128342973537936,0.15794888276363359,58.0252,8.69278810048882,50.0,56.0,75.0,0.0,0.0,0.0004027524948120117,normal,0.3,1.0,1.0,1.0,D2,50,1000,0.05,0.05,0.5,0.8,0.2,none,1,100067,5000,0.0,0.003224127789030703,0.0,A,2.0,50,1.0,A_0067,A,5000,50
1.0,1.0,0.9024,0.9990692431901743,-0.0009307568098256835,0.14733422066851495,65.454,9.299004462844396,51.0,65.0,82.0,0.0,0.0,0.0001465514659881592,normal,0.3,1.0,1.0,1.0,D3,50,1000,0.05,0.05,0.5,0.8,0.2,none,1,100068,5000,0.0,0.004197004646173268,0.0,A,2.0,50,1.0,A_0068,A,5000,50
0.9998,0.9998,0.9466,0.9983382455087196,-0.001661754491280365,0.16163142239876352,55.478,10.647906648726781,39.0,55.0,74.0,0.0,0.0,0.0001468836784362793,normal,0.3,1.0,1.0,1.0,D4,50,1000,0.05,0.05,0.5,0.8,0.2,none,1,100069,5000,0.00019997999899988897,0.0031795735563122296,0.0,A,2.0,50,1.0,A_0069,A,5000,50
1.0,1.0,0.9512,1.0008495223423326,0.0008495223423325982,0.05092579660226633,559.1586,110.36650871546132,385.95000000000005,553.0,751.0,0.0,0.0004,7.679510116577148e-05,normal,0.3,1.0,1.0,1.0,D5,50,1000,0.05,0.05,0.5,0.8,0.2,none,1,100070,5000,0.0,0.0030469184432800286,0.0,A,2.0,50,1.0,A_0070,A,5000,50
1.0,1.0,0.9526,0.9981360310218322,-0.0018639689781677626,0.17158522793816336,46.0,0.0,46.0,46.0,46.0,0.0,0.0,5.988826751708985e-05,normal,0.3,1.0,1.0,1.0,D6,50,1000,0.05,0.05,0.5,0.8,0.2,none,1,100071,5000,0.0,0.0030051036587778464,0.0,A,2.0,50,1.0,A_0071,A,5000,50
0.047,0.047,0.953,-0.004766126282947365,-0.004766126282947365,0.17030651873107122,27.702,5.193110435952619,20.0,27.0,37.0,0.0,0.0,0.0001484426975250244,normal,0.6,1.0,1.0,0.0,D1,50,1000,0.05,0.05,0.5,0.8,0.2,none,1,100072,5000,0.002993025225419926,0.002993025225419928,0.0,A,0.0,50,1.0,A_0072,A,5000,50
0.0506,0.0506,0.9494,-0.001743499623022302,-0.001743499623022302,0.1260047349589674,50.0178,0.29980520342382316,50.0,50.0,50.0,0.0,0.0,0.0003380951404571533,normal,0.6,1.0,1.0,0.0,D2,50,1000,0.05,0.05,0.5,0.8,0.2,none,1,100073,5000,0.0030996657884359083,0.0030996657884359074,0.0,A,0.0,50,1.0,A_0073,A,5000,50
0.0018,0.0018,0.9704,-0.0005794299214768688,-0.0005794299214768688,0.11244636295487846,65.6254,10.179718799652571,50.0,65.0,84.0,0.0,0.0,0.00015345096588134766,normal,0.6,1.0,1.0,0.0,D3,50,1000,0.05,0.05,0.5,0.8,0.2,none,1,100074,5000,0.0005994597567810536,0.0023968245659622216,0.0,A,0.0,50,1.0,A_0074,A,5000,50
0.0452,0.0452,0.9548,-0.002143351304880101,-0.002143351304880101,0.15536741167297324,32.6706,5.9931707501121645,24.0,32.0,43.0,0.0,0.0,0.0001453587532043457,normal,0.6,1.0,1.0,0.0,D4,50,1000,0.05,0.05,0.5,0.8,0.2,none,1,100075,5000,0.0029379230759160454,0.0029379230759160463,0.0,A,0.0,50,1.0,A_0075,A,5000,50
0.0514,0.0514,0.9486,-0.0009620199052957646,-0.0009620199052957646,0.05100854069332196,318.0262,64.67962827320515,219.95000000000002,314.0,432.0,0.0,0.0,7.721171379089356e-05,normal,0.6,1.0,1.0,0.0,D5,50,1000,0.05,0.05,0.5,0.8,0.2,none,1,100076,5000,0.0031227564746550444,0.0031227564746550444,0.0,A,0.0,50,1.0,A_0076,A,5000,50
0.0538,0.0538,0.9462,0.000257109627893068,0.000257109627893068,0.17187724330032453,28.0,0.0,28.0,28.0,28.0,0.0,0.0,5.9848594665527344e-05,normal,0.6,1.0,1.0,0.0,D6,50,1000,0.05,0.05,0.5,0.8,0.2,none,1,100077,5000,0.0031907854832313627,0.0031907854832313614,0.0,A,0.0,50,1.0,A_0077,A,5000,50
0.2784,0.2784,0.9478,0.24768444815252805,-0.0023155518474719528,0.17134897488036008,27.6586,5.058541888726434,20.0,27.0,37.0,0.0,0.0,0.0001487196445465088,normal,0.6,1.0,1.0,0.25,D1,50,1000,0.05,0.05,0.5,0.8,0.2,none,1,100078,5000,0.006338666105735496,0.003145636978419475,0.0,A,0.5,50,1.0,A_0078,A,5000,50
0.4908,0.4908,0.9426,0.24933870493790278,-0.0006612950620972224,0.12897035421268704,50.0222,0.3595930477637186,50.0,50.0,50.0,0.0,0.0,0.0003626036167144775,normal,0.6,1.0,1.0,0.25,D2,50,1000,0.05,0.05,0.5,0.8,0.2,none,1,100079,5000,0.007069870720175865,0.0032895361375124004,0.0,A,0.5,50,1.0,A_0079,A,5000,50
0.2016,0.2016,0.9722,0.25022103432447784,0.00022103432447784233,0.11237649135238614,65.4212,10.127082035808735,50.0,64.0,83.0,0.0,0.0,0.00022461886405944826,normal,0.6,1.0,1.0,0.25,D3,50,1000,0.05,0.05,0.5,0.8,0.2,none,1,100080,5000,0.005673754312622287,0.002324958494253179,0.0,A,0.5,50,1.0,A_0080,A,5000,50
0.345,0.345,0.9452,0.2490028711408885,-0.0009971288591114902,0.16238647790046282,32.699,6.160259653618507,23.0,32.0,43.0,0.0,0.0,0.0001452521800994873,normal,0.6,1.0,1.0,0.25,D4,50,1000,0.05,0.05,0.5,0.8,0.2,none,1,100081,5000,0.006722722662731224,0.003218600938296016,0.0,A,0.5,50,1.0,A_0081,A,5000,50
0.9964,0.9964,0.9498,0.2499962627601655,-3.7372398344892588e-06,0.05055641076271883,319.8376,64.32122531668688,222.0,315.0,433.0500000000002,0.0,0.0,7.806553840637208e-05,normal,0.6,1.0,1.0,0.25,D5,50,1000,0.05,0.05,0.5,0.8,0.2,none,1,100082,5000,0.0008469994096810277,0.003088040155179334,0.0,A,0.5,50,1.0,A_0082,A,5000,50
0.2962,0.2962,0.9544,0.25115868147632886,0.00115868147632886,0.1674358895024874,28.0,0.0,28.0,28.0,28.0,0.0,0.0,5.919771194458008e-05,normal,0.6,1.0,1.0,0.25,D6,50,1000,0.05,0.05,0.5,0.8,0.2,none,1,100083,5000,0.006457020365462696,0.002950275919299752,0.0,A,0.5,50,1.0,A_0083,A,5000,50
0.793,0.793,0.95,0.49934860007528276,-0.0006513999247172442,0.17333012173079293,27.5392,5.003005432737406,20.0,27.0,36.0,0.0,0.0,0.00014877405166625977,normal,0.6,1.0,1.0,0.5,D1,50,1000,0.05,0.05,0.5,0.8,0.2,none,1,100084,5000,0.005729764393061899,0.0030822070014844896,0.0,A,1.0,50,1.0,A_0084,A,5000,50
0.9702,0.9702,0.9504,0.4998654840771058,-0.00013451592289420722,0.1266590830978154,50.0164,0.32700311925117775,50.0,50.0,50.0,0.0,0.0,0.0003340259075164795,normal,0.6,1.0,1.0,0.5,D2,50,1000,0.05,0.05,0.5,0.8,0.2,none,1,100085,5000,0.002404660474994341,0.0030704996336101387,0.0,A,1.0,50,1.0,A_0085,A,5000,50
0.9208,0.9208,0.9682,0.5019588080506524,0.0019588080506524053,0.11210871126765509,65.5108,10.179385215227882,50.0,65.0,83.0,0.0,0.0,0.00016401262283325196,normal,0.6,1.0,1.0,0.5,D3,50,1000,0.05,0.05,0.5,0.8,0.2,none,1,100086,5000,0.003819093086061141,0.0024814818153675857,0.0,A,1.0,50,1.0,A_0086,A,5000,50
0.8612,0.8612,0.949,0.49872275776434216,-0.0012772422356578383,0.15825508690779758,32.891,6.117607293705603,24.0,33.0,44.0,0.0,0.0,0.0001481247901916504,normal,0.6,1.0,1.0,0.5,D4,50,1000,0.05,0.05,0.5,0.8,0.2,none,1,100087,5000,0.004889469500876349,0.0031112376958374634,0.0,A,1.0,50,1.0,A_0087,A,5000,50
1.0,1.0,0.9514,0.4997723968034974,-0.00022760319650261263,0.05090635574014124,319.245,63.2714388567227,224.0,314.0,429.0,0.0,0.0,7.759413719177246e-05,normal,0.6,1.0,1.0,0.5,D5,50,1000,0.05,0.05,0.5,0.8,0.2,none,1,100088,5000,0.0,0.003040987997345599,0.0,A,1.0,50,1.0,A_0088,A,5000,50
0.8154,0.8154,0.949,0.5008189786719782,0.000818978671978221,0.17058538872330206,28.0,0.0,28.0,28.0,28.0,0.0,0.0,6.241350173950196e-05,normal,0.6,1.0,1.0,0.5,D6,50,1000,0.05,0.05,0.5,0.8,0.2,none,1,100089,5000,0.005486762980118605,0.0031112376958374634,0.0,A,1.0,50,1.0,A_0089,A,5000,50
0.999,0.999,0.9478,0.9964117473132977,-0.0035882526867022646,0.17501446096053144,27.6358,5.092500207167399,20.0,27.0,36.0,0.0,0.0,0.0001507570743560791,normal,0.6,1.0,1.0,1.0,D1,50,1000,0.05,0.05,0.5,0.8,0.2,none,1,100090,5000,0.0004469899327725404,0.003145636978419475,0.0,A,2.0,50,1.0,A_0090,A,5000,50
1.0,1.0,0.9488,1.0000379319265456,3.793192654555355e-05,0.12551002842967943,50.0214,0.32456438498393503,50.0,50.0,50.0,0.0,0.0,0.0004005096435546875,normal,0.6,1.0,1.0,1.0,D2,50,1000,0.05,0.05,0.5,0.8,0.2,none,1,100091,5000,0.0,0.0031170036894427964,0.0,A,2.0,50,1.0,A_0091,A,5000,50
1.0,1.0,0.9698,0.9987750079778419,-0.001224992022158089,0.11301871602013831,65.388,10.039295592819249,50.0,65.0,84.0,0.0,0.0,0.0001903132438659668,normal,0.6,1.0,1.0,1.0,D3,50,1000,0.05,0.05,0.5,0.8,0.2,none,1,100092,5000,0.0,0.0024202462684611253,0.0,A,2.0,50,1.0,A_0092,A,5000,50
0.9996,0.9996,0.9476,0.9968043106140091,-0.0031956893859909075,0.16078293355664144,32.7878,6.170086803279189,24.0,32.0,44.0,0.0,0.0,0.0002144514560699463,normal,0.6,1.0,1.0,1.0,D4,50,1000,0.05,0.05,0.5,0.8,0.2,none,1,100093,5000,0.0002827861382741226,0.003151324800778238,0.0,A,2.0,50,1.0,A_0093,A,5000,50
1.0,1.0,0.9518,0.9996786234214163,-0.0003213765785836653,0.05099145535648762,318.7966,63.816111041335006,221.0,314.0,431.0,0.0,0.0,0.00010717310905456543,normal,0.6,1.0,1.0,1.0,D5,50,1000,0.05,0.05,0.5,0.8,0.2,none,1,100094,5000,0.0,0.003029084350096577,0.0,A,2.0,50,1.0,A_0094,A,5000,50
0.9998,0.9998,0.95,1.0012255526358926,0.001225552635892635,0.1663174802021458,28.0,0.0,28.0,28.0,28.0,0.0,0.0,6.0329341888427736e-05,normal,0.6,1.0,1.0,1.0,D6,50,1000,0.05,0.05,0.5,0.8,0.2,none,1,100095,5000,0.00019997999899988897,0.0030822070014844896,0.0,A,2.0,50,1.0,A_0095,A,5000,50
0.0532,0.0532,0.9468,0.0009974944228808846,0.0009974944228808846,0.15458112289539502,8.9114,1.2855932638280274,7.0,9.0,11.0,0.0,0.0,0.00016278414726257325,normal,0.9,1.0,1.0,0.0,D1,50,1000,0.05,0.05,0.5,0.8,0.2,none,1,100096,5000,0.003173948959892077,0.003173948959892078,0.0,A,0.0,50,1.0,A_0096,A,5000,50
0.0516,0.0516,0.9484,-0.0011983746889877211,-0.0011983746889877211,0.06312047166746554,50.0,0.0,50.0,50.0,50.0,0.0,0.0,0.00017166171073913574,normal,0.9,1.0,1.0,0.0,D2,50,1000,0.05,0.05,0.5,0.8,0.2,none,1,100097,5000,0.0031284961243383375,0.003128496124338337,0.0,A,0.0,50,1.0,A_0097,A,5000,50
0.0,0.0,0.9998,-1.2852164978711222e-05,-1.2852164978711222e-05,0.05669215733015078,65.7458,11.296635886847021,50.0,65.0,86.0,0.0,0.0,0.00014291791915893554,normal,0.9,1.0,1.0,0.0,D3,50,1000,0.05,0.05,0.5,0.8,0.2,none,1,100098,5000,0.0,0.00019997999899988897,0.0,A,0.0,50,1.0,A_0098,A,5000,50
0.051,0.051,0.949,-0.0008742098709933263,-0.0008742098709933263,0.14226564753610813,10.1858,1.5524427074774774,8.0,10.0,13.0,0.0,0.0,0.00015781817436218262,normal,0.9,1.0,1.0,0.0,D4,50,1000,0.05,0.05,0.5,0.8,0.2,none,1,100099,5000,0.003111237695837462,0.0031112376958374634,0.0,A,0.0,50,1.0,A_0099,A,5000,50
0.049,0.049,0.951,2.951158552022193e-06,2.951158552022193e-06,0.050819508497473076,80.265,15.830728820872398,56.0,79.0,108.0,0.0,0.0,7.743883132934571e-05,normal,0.9,1.0,1.0,0.0,D5,50,1000,0.05,0.05,0.5,0.8,0.2,none,1,100100,5000,0.0030528347482299137,0.0030528347482299146,0.0,A,0.0,50,1.0,A_0100,A,5000,50
0.0528,0.0528,0.9472,0.00237985765011816,0.00237985765011816,0.14895954555783736,9.0,0.0,9.0,9.0,9.0,0.0,0.0,5.8914899826049805e-05,normal,0.9,1.0,1.0,0.0,D6,50,1000,0.05,0.05,0.5,0.8,0.2,none,1,100101,5000,0.003162662169755094,0.003162662169755093,0.0,A,0.0,50,1.0,A_0101,A,5000,50
0.312,0.312,0.952,0.24995501672466425,-4.498327533575264e-05,0.147854020277873,8.8866,1.2687554689537301,7.0,9.0,11.0,0.0,0.0,0.00016288480758666992,normal,0.9,1.0,1.0,0.25,D1,50,1000,0.05,0.05,0.5,0.8,0.2,none,1,100102,5000,0.006552190473421846,0.0030231109804305907,0.0,A,0.5,50,1.0,A_0102,A,5000,50
0.974,0.974,0.9524,0.2493294428695461,-0.0006705571304539137,0.06304289641142186,50.0,0.0,50.0,50.0,50.0,0.0,0.0,0.0001722024917602539,normal,0.9,1.0,1.0,0.25,D2,50,1000,0.05,0.05,0.5,0.8,0.2,none,1,100103,5000,0.0022505110530721692,0.0030111207215918786,0.0,A,0.5,50,1.0,A_0103,A,5000,50
0.0536,0.0536,1.0,0.25094864678678785,0.0009486467867878545,0.055649477362607724,66.0394,11.469117125568124,50.0,65.0,87.0,0.0,0.0,0.0001434896945953369,normal,0.9,1.0,1.0,0.25,D3,50,1000,0.05,0.05,0.5,0.8,0.2,none,1,100104,5000,0.003185185708871619,0.0,0.0,A,0.5,50,1.0,A_0104,A,5000,50
0.3634,0.3634,0.9498,0.2495846786645551,-0.00041532133544489036,0.1408886705011427,10.1724,1.5233772480905707,8.0,10.0,13.0,0.0,0.0,0.00015908985137939454,normal,0.9,1.0,1.0,0.25,D4,50,1000,0.05,0.05,0.5,0.8,0.2,none,1,100105,5000,0.006802064980577589,0.003088040155179334,0.0,A,0.5,50,1.0,A_0105,A,5000,50
0.9974,0.9974,0.9466,0.25050716295414927,0.000507162954149265,0.05052160414079123,80.6452,16.003303314003645,56.0,80.0,109.0,0.0,0.0,7.792491912841797e-05,normal,0.9,1.0,1.0,0.25,D5,50,1000,0.05,0.05,0.5,0.8,0.2,none,1,100106,5000,0.0007201722016295889,0.0031795735563122296,0.0,A,0.5,50,1.0,A_0106,A,5000,50
0.3176,0.3176,0.9552,0.2499993613820197,-6.386179803030689e-07,0.14647238798587503,9.0,0.0,9.0,9.0,9.0,0.0,0.0,5.995688438415527e-05,normal,0.9,1.0,1.0,0.25,D6,50,1000,0.05,0.05,0.5,0.8,0.2,none,1,100107,5000,0.006583771563473326,0.0029255071355236842,0.0,A,0.5,50,1.0,A_0107,A,5000,50
0.8218,0.8218,0.9496,0.5022971169661166,0.0022971169661165636,0.1509684627542713,8.9124,1.281064494863549,7.0,9.0,11.0,0.0,0.0,0.00016207585334777831,normal,0.9,1.0,1.0,0.5,D1,50,1000,0.05,0.05,0.5,0.8,0.2,none,1,100108,5000,0.005411926828773649,0.0030938597253269257,0.0,A,1.0,50,1.0,A_0108,A,5000,50
1.0,1.0,0.9518,0.4991408444922621,-0.0008591555077379076,0.06330844212347031,50.0,0.0,50.0,50.0,50.0,0.0,0.0,0.00017669005393981934,normal,0.9,1.0,1.0,0.5,D2,50,1000,0.05,0.05,0.5,0.8,0.2,none,1,100109,5000,0.0,0.003029084350096577,0.0,A,1.0,50,1.0,A_0109,A,5000,50
0.9964,0.9964,1.0,0.5004717634373752,0.00047176343737520554,0.05567113530551943,65.6156,11.399501596122526,50.0,64.0,87.0,0.0,0.0,0.0002148402214050293,normal,0.9,1.0,1.0,0.5,D3,50,1000,0.05,0.05,0.5,0.8,0.2,none,1,100110,5000,0.0008469994096810277,0.0,0.0,A,1.0,50,1.0,A_0110,A,5000,50
0.8744,0.8744,0.9488,0.5018322877381305,0.0018322877381304892,0.1403624046915367,10.211,1.561434916991419,8.0,10.0,13.0,0.0,0.0,0.00021106224060058593,normal,0.9,1.0,1.0,0.5,D4,50,1000,0.05,0.05,0.5,0.8,0.2,none,1,100111,5000,0.004686675580835525,0.0031170036894427964,0.0,A,1.0,50,1.0,A_0111,A,5000,50
1.0,1.0,0.9482,0.4997435075206775,-0.00025649247932252317,0.050521203948261595,80.6304,16.154200563320984,56.0,79.0,109.0,0.0,0.0,8.753314018249512e-05,normal,0.9,1.0,1.0,0.5,D5,50,1000,0.05,0.05,0.5,0.8,0.2,none,1,100112,5000,0.0,0.0031342227106573,0.0,A,1.0,50,1.0,A_0112,A,5000,50
0.8352,0.8352,0.9512,0.4986958570150116,-0.0013041429849883768,0.1486966387461754,9.0,0.0,9.0,9.0,9.0,0.0,0.0,6.759929656982421e-05,normal,0.9,1.0,1.0,0.5,D6,50,1000,0.05,0.05,0.5,0.8,0.2,none,1,100113,5000,0.005246731554024847,0.0030469184432800286,0.0,A,1.0,50,1.0,A_0113,A,5000,50
0.9998,0.9998,0.9518,0.9985967324124478,-0.0014032675875521594,0.15269037383269726,8.899,1.2683844054544346,7.0,9.0,11.0,0.0,0.0,0.000170773983001709,normal,0.9,1.0,1.0,1.0,D1,50,1000,0.05,0.05,0.5,0.8,0.2,none,1,100114,5000,0.00019997999899988897,0.003029084350096577,0.0,A,2.0,50,1.0,A_0114,A,5000,50
1.0,1.0,0.9472,1.001377976265268,0.0013779762652679217,0.06415874052537307,50.0,0.0,50.0,50.0,50.0,0.0,0.0,0.0001748216152191162,normal,0.9,1.0,1.0,1.0,D2,50,1000,0.05,0.05,0.5,0.8,0.2,none,1,100115,5000,0.0,0.003162662169755093,0.0,A,2.0,50,1.0,A_0115,A,5000,50
1.0,1.0,1.0,0.9991552638558074,-0.0008447361441925594,0.05558568752252931,65.8304,11.331303360161177,50.0,65.0,86.0,0.0,0.0,0.00014510598182678223,normal,0.9,1.0,1.0,1.0,D3,50,1000,0.05,0.05,0.5,0.8,0.2,none,1,100116,5000,0.0,0.0,0.0,A,2.0,50,1.0,A_0116,A,5000,50
0.9998,0.9998,0.9506,0.9951723670315762,-0.004827632968423812,0.14318060969847343,10.1776,1.541057507038592,8.0,10.0,13.0,0.0,0.0,0.00015915751457214354,normal,0.9,1.0,1.0,1.0,D4,50,1000,0.05,0.05,0.5,0.8,0.2,none,1,100117,5000,0.00019997999899988897,0.003064625262572897,0.0,A,2.0,50,1.0,A_0117,A,5000,50
1.0,1.0,0.95,0.9995409310573865,-0.0004590689426134942,0.05086191733946018,80.8876,16.269289051461346,56.0,80.0,109.0,0.0,0.0,7.622084617614746e-05,normal,0.9,1.0,1.0,1.0,D5,50,1000,0.05,0.05,0.5,0.8,0.2,none,1,100118,5000,0.0,0.0030822070014844896,0.0,A,2.0,50,1.0,A_0118,A,5000,50
1.0,1.0,0.949,1.0026964492715045,0.0026964492715044752,0.15005012581493984,9.0,0.0,9.0,9.0,9.0,0.0,0.0,5.916037559509277e-05,normal,0.9,1.0,1.0,1.0,D6,50,1000,0.05,0.05,0.5,0.8,0.2,none,1,100119,5000,0.0,0.0031112376958374634,0.0,A,2.0,50,1.0,A_0119,A,5000,50
0.0506,0.0506,0.9494,0.0008839685099791079,0.0008839685099791079,0.1822908284814172,82.3568,21.308784427085463,54.0,79.0,119.0,0.0,0.0,0.0003027538299560547,lognormal,-0.3,1.0,1.0,0.0,D1,50,1000,0.05,0.05,0.5,0.8,0.2,none,1,100120,5000,0.0030996657884359083,0.0030996657884359074,0.0,A,0.0,50,1.0,A_0120,A,5000,50
0.0554,0.0554,0.9446,-0.007451735827781149,-0.007451735827781149,0.16089524812591616,103.9702,24.671791827104897,69.0,102.0,146.0,0.0,0.0,0.0004651437759399414,lognormal,-0.3,1.0,1.0,0.0,D2,50,1000,0.05,0.05,0.5,0.8,0.2,none,1,100121,5000,0.0032351457463304493,0.0032351457463304493,0.0,A,0.0,50,1.0,A_0121,A,5000,50
0.086,0.086,0.785,-0.015488249563198744,-0.015488249563198744,0.19873541635606143,65.7096,13.882840769813647,50.0,63.0,91.0,0.0,0.0,0.00041932053565979006,lognormal,-0.3,1.0,1.0,0.0,D3,50,1000,0.05,0.05,0.5,0.8,0.2,none,1,100122,5000,0.0039649464056907505,0.005809905334857014,0.0,A,0.0,50,1.0,A_0122,A,5000,50
0.0538,0.0538,0.9462,6.046790225175371e-05,6.046790225175371e-05,0.1679128204523324,99.9836,25.956512305007386,65.0,97.0,146.05000000000018,0.0,0.0,0.00033630895614624026,lognormal,-0.3,1.0,1.0,0.0,D4,50,1000,0.05,0.05,0.5,0.8,0.2,none,1,100123,5000,0.0031907854832313627,0.0031907854832313614,0.0,A,0.0,50,1.0,A_0123,A,5000,50
0.0538,0.0538,0.9462,-0.00011943576351939189,-0.00011943576351939189,0.053810965609767766,909.465,122.69768202781991,648.95,992.0,1000.0,0.0,0.4882,0.00023889808654785157,lognormal,-0.3,1.0,1.0,0.0,D5,50,1000,0.05,0.05,0.5,0.8,0.2,none,1,100124,5000,0.0031907854832313627,0.0031907854832313614,0.0,A,0.0,50,1.0,A_0124,A,5000,50
0.0528,0.0528,0.9472,0.002240517830720779,0.002240517830720779,0.175586691388673,84.0,0.0,84.0,84.0,84.0,0.0,0.0,0.00022594246864318846,lognormal,-0.3,1.0,1.0,0.0,D6,50,1000,0.05,0.05,0.5,0.8,0.2,none,1,100125,5000,0.003162662169755094,0.003162662169755093,0.0,A,0.0,50,1.0,A_0125,A,5000,50
0.2792,0.2792,0.9474,0.2509035613456143,0.0009035613456143121,0.1830708304908754,82.7096,20.83387788770972,54.0,80.0,120.0,0.0,0.0,0.0003035788536071777,lognormal,-0.3,1.0,1.0,0.25,D1,50,1000,0.05,0.05,0.5,0.8,0.2,none,1,100126,5000,0.006344247157858843,0.0031569998416217885,0.0,A,0.5,50,1.0,A_0126,A,5000,50
0.3342,0.3342,0.9462,0.23777458214179514,-0.012225417858204857,0.1615269361717323,103.6726,24.096385812814336,70.0,101.0,147.0,0.0,0.0,0.00046854581832885743,lognormal,-0.3,1.0,1.0,0.25,D2,50,1000,0.05,0.05,0.5,0.8,0.2,none,1,100127,5000,0.006670987333221372,0.0031907854832313614,0.0,A,0.5,50,1.0,A_0127,A,5000,50
0.3072,0.3072,0.7872,0.23619918354415703,-0.013800816455842968,0.19591719000858804,65.9828,13.792943999016309,50.0,64.0,92.0,0.0,0.0,0.00030519881248474123,lognormal,-0.3,1.0,1.0,0.25,D3,50,1000,0.05,0.05,0.5,0.8,0.2,none,1,100128,5000,0.006524234207935825,0.0057881976469363935,0.0,A,0.5,50,1.0,A_0128,A,5000,50
0.3172,0.3172,0.9514,0.24692948236916754,-0.0030705176308324644,0.1650219022495254,99.3238,25.22368239492402,65.0,97.0,145.0,0.0,0.0,0.00036534385681152344,lognormal,-0.3,1.0,1.0,0.25,D4,50,1000,0.05,0.05,0.5,0.8,0.2,none,1,100129,5000,0.0065815524004599404,0.003040987997345599,0.0,A,0.5,50,1.0,A_0129,A,5000,50
0.9942,0.9942,0.9452,0.24939993050751827,-0.0006000694924817307,0.054829788926069926,908.2986,120.52199400126104,663.0,983.0,1000.0,0.0,0.473,0.0003321753978729248,lognormal,-0.3,1.0,1.0,0.25,D5,50,1000,0.05,0.05,0.5,0.8,0.2,none,1,100130,5000,0.0010739050237334796,0.003218600938296016,0.0,A,0.5,50,1.0,A_0130,A,5000,50
0.2752,0.2752,0.941,0.24763491317562766,-0.0023650868243723366,0.17493843317758756,84.0,0.0,84.0,84.0,84.0,0.0,0.0,0.00023128609657287598,lognormal,-0.3,1.0,1.0,0.25,D6,50,1000,0.05,0.05,0.5,0.8,0.2,none,1,100131,5000,0.006316089929695428,0.003332236486205625,0.0,A,0.5,50,1.0,A_0131,A,5000,50
0.792,0.792,0.9452,0.49820242143748567,-0.0017975785625143348,0.18492861473913924,82.5592,20.898471124941175,54.0,80.0,121.0,0.0,0.0,0.0003057556629180908,lognormal,-0.3,1.0,1.0,0.5,D1,50,1000,0.05,0.05,0.5,0.8,0.2,none,1,100132,5000,0.00573996515668867,0.003218600938296016,0.0,A,1.0,50,1.0,A_0132,A,5000,50
0.8676,0.8676,0.9424,0.49045141866610364,-0.009548581333896355,0.16067372051284712,103.3076,24.430451945062334,69.0,101.0,145.05000000000018,0.0,0.0,0.000515631103515625,lognormal,-0.3,1.0,1.0,0.5,D2,50,1000,0.05,0.05,0.5,0.8,0.2,none,1,100133,5000,0.004793125076607119,0.0032949124419322583,0.0,A,1.0,50,1.0,A_0133,A,5000,50
0.777,0.777,0.7794,0.48807219909878513,-0.011927800901214869,0.20071989712707214,65.626,13.785213962793614,50.0,63.0,91.0,0.0,0.0,0.0003065091609954834,lognormal,-0.3,1.0,1.0,0.5,D3,50,1000,0.05,0.05,0.5,0.8,0.2,none,1,100134,5000,0.005886781803328538,0.005864053887883364,0.0,A,1.0,50,1.0,A_0134,A,5000,50
0.87,0.87,0.9464,0.5028513330927217,0.002851333092721675,0.16482742943568177,99.827,25.797074853556552,64.0,97.0,145.0,0.0,0.0,0.0003011405944824219,lognormal,-0.3,1.0,1.0,0.5,D4,50,1000,0.05,0.05,0.5,0.8,0.2,none,1,100135,5000,0.004756048780237646,0.0031851857088716186,0.0,A,1.0,50,1.0,A_0135,A,5000,50
1.0,1.0,0.953,0.5014810267401572,0.0014810267401571542,0.05369140353976553,911.1408,121.33069593206824,654.0,994.5,1000.0,0.0,0.4924,0.0002687143802642822,lognormal,-0.3,1.0,1.0,0.5,D5,50,1000,0.05,0.05,0.5,0.8,0.2,none,1,100136,5000,0.0,0.002993025225419928,0.0,A,1.0,50,1.0,A_0136,A,5000,50
0.825,0.825,0.957,0.5015903210161012,0.001590321016101237,0.1717761082249395,84.0,0.0,84.0,84.0,84.0,0.0,0.0,0.00034539580345153807,lognormal,-0.3,1.0,1.0,0.5,D6,50,1000,0.05,0.05,0.5,0.8,0.2,none,1,100137,5000,0.00537354631505117,0.00286883251515316,0.0,A,1.0,50,1.0,A_0137,A,5000,50
0.999,0.999,0.9492,0.998905224988945,-0.001094775011055038,0.18276933045115468,83.3496,21.64500357680728,53.0,81.0,122.0,0.0,0.0,0.0003319079875946045,lognormal,-0.3,1.0,1.0,1.0,D1,50,1000,0.05,0.05,0.5,0.8,0.2,none,1,100138,5000,0.0004469899327725404,0.003105458420265838,0.0,A,2.0,50,1.0,A_0138,A,5000,50
0.9996,0.9996,0.9358,0.9900375856812395,-0.009962414318760549,0.16278589745884256,103.4598,25.767972057575662,69.0,101.0,148.0,0.0,0.0,0.0005168655395507813,lognormal,-0.3,1.0,1.0,1.0,D2,50,1000,0.05,0.05,0.5,0.8,0.2,none,1,100139,5000,0.0002827861382741226,0.003466362935412275,0.0,A,2.0,50,1.0,A_0139,A,5000,50
0.9994,0.9994,0.7956,0.9863996938842993,-0.013600306115700733,0.1942326873665795,65.9026,13.60105559285749,50.0,64.0,91.0,0.0,0.0,0.0003052736759185791,lognormal,-0.3,1.0,1.0,1.0,D3,50,1000,0.05,0.05,0.5,0.8,0.2,none,1,100140,5000,0.0003463062228721987,0.005702992898470065,0.0,A,2.0,50,1.0,A_0140,A,5000,50
1.0,1.0,0.9508,1.0016678145693616,0.001667814569361603,0.16513915188106246,100.0744,26.1684402408703,65.0,97.0,148.0,0.0,0.0,0.0003024355411529541,lognormal,-0.3,1.0,1.0,1.0,D4,50,1000,0.05,0.05,0.5,0.8,0.2,none,1,100141,5000,0.0,0.0030587369942510594,0.0,A,2.0,50,1.0,A_0141,A,5000,50
1.0,1.0,0.952,1.0001525165980805,0.00015251659808046547,0.05347584612451467,910.7724,120.11275784961396,657.0,989.0,1000.0,0.0,0.4844,0.00025917067527770997,lognormal,-0.3,1.0,1.0,1.0,D5,50,1000,0.05,0.05,0.5,0.8,0.2,none,1,100142,5000,0.0,0.0030231109804305907,0.0,A,2.0,50,1.0,A_0142,A,5000,50
1.0,1.0,0.9484,1.0026221532622421,0.002622153262242133,0.1762933847450956,84.0,0.0,84.0,84.0,84.0,0.0,0.0,0.0002712512016296387,lognormal,-0.3,1.0,1.0,1.0,D6,50,1000,0.05,0.05,0.5,0.8,0.2,none,1,100143,5000,0.0,0.003128496124338337,0.0,A,2.0,50,1.0,A_0143,A,5000,50
0.0514,0.0514,0.9486,0.002580219907536134,0.002580219907536134,0.18150081421812087,65.485,16.870511995787204,43.0,63.0,94.05000000000018,0.0,0.0,0.0004061622619628906,lognormal,0.0,1.0,1.0,0.0,D1,50,1000,0.05,0.05,0.5,0.8,0.2,none,1,100144,5000,0.0031227564746550444,0.0031227564746550444,0.0,A,0.0,50,1.0,A_0144,A,5000,50
0.0502,0.0502,0.9498,-0.013827888324434344,-0.013827888324434344,0.15793165478093113,81.0354,19.782915529314682,51.0,79.0,116.0,0.0,0.0,0.00048006772994995116,lognormal,0.0,1.0,1.0,0.0,D2,50,1000,0.05,0.05,0.5,0.8,0.2,none,1,100145,5000,0.003088040155179333,0.003088040155179334,0.0,A,0.0,50,1.0,A_0145,A,5000,50
0.048,0.048,0.8442,-0.008140850022531941,-0.008140850022531941,0.17275846450259785,65.7586,13.194147416184192,50.0,64.0,91.0,0.0,0.0,0.00030985183715820315,lognormal,0.0,1.0,1.0,0.0,D3,50,1000,0.05,0.05,0.5,0.8,0.2,none,1,100146,5000,0.0030231109804305894,0.005128866541449485,0.0,A,0.0,50,1.0,A_0146,A,5000,50
0.0472,0.0472,0.9528,-0.0028043986649061675,-0.0028043986649061675,0.1650559435378116,78.4056,20.55017977147645,51.0,76.0,115.0,0.0,0.0,0.0003058068752288818,lognormal,0.0,1.0,1.0,0.0,D4,50,1000,0.05,0.05,0.5,0.8,0.2,none,1,100147,5000,0.0029990718564249174,0.002999071856424918,0.0,A,0.0,50,1.0,A_0147,A,5000,50
0.0506,0.0506,0.9494,-0.0007205956906631595,-0.0007205956906631595,0.052091720180121516,779.974,158.55709925449568,517.0,779.0,1000.0,0.0,0.1574,0.00024221200942993164,lognormal,0.0,1.0,1.0,0.0,D5,50,1000,0.05,0.05,0.5,0.8,0.2,none,1,100148,5000,0.0030996657884359083,0.0030996657884359074,0.0,A,0.0,50,1.0,A_0148,A,5000,50
0.049,0.049,0.951,0.0032085045335182344,0.0032085045335182344,0.17719134876776224,65.0,0.0,65.0,65.0,65.0,0.0,0.0,0.00022565178871154784,lognormal,0.0,1.0,1.0,0.0,D6,50,1000,0.05,0.05,0.5,0.8,0.2,none,1,100149,5000,0.0030528347482299137,0.0030528347482299146,0.0,A,0.0,50,1.0,A_0149,A,5000,50
0.2708,0.2708,0.9564,0.2465878450919873,-0.0034121549080126934,0.17813171613324844,65.4012,16.76168960934428,43.0,63.0,95.0,0.0,0.0,0.0003744742870330811,lognormal,0.0,1.0,1.0,0.25,D1,50,1000,0.05,0.05,0.5,0.8,0.2,none,1,100150,5000,0.0062843831837341045,0.0028878725733660748,0.0,A,0.5,50,1.0,A_0150,A,5000,50
0.3384,0.3384,0.9474,0.24166542640997205,-0.008334573590027955,0.15849233971659354,80.729,20.44826542765914,51.0,78.0,117.0,0.0,0.0,0.0005486048221588135,lognormal,0.0,1.0,1.0,0.25,D2,50,1000,0.05,0.05,0.5,0.8,0.2,none,1,100151,5000,0.006691568426011946,0.0031569998416217885,0.0,A,0.5,50,1.0,A_0151,A,5000,50
0.283,0.283,0.8284,0.24028263112776044,-0.009717368872239562,0.17560315626858258,65.632,13.1539414625427,50.0,64.0,89.0,0.0,0.0,0.00035943779945373536,lognormal,0.0,1.0,1.0,0.25,D3,50,1000,0.05,0.05,0.5,0.8,0.2,none,1,100152,5000,0.006370415998975263,0.0053320435107001895,0.0,A,0.5,50,1.0,A_0152,A,5000,50
0.3266,0.3266,0.9496,0.24980388129914372,-0.0001961187008562848,0.16510967740051236,78.036,20.623324271319596,51.0,75.0,115.0,0.0,0.0,0.0003091686248779297,lognormal,0.0,1.0,1.0,0.25,D4,50,1000,0.05,0.05,0.5,0.8,0.2,none,1,100153,5000,0.006632230997183376,0.0030938597253269257,0.0,A,0.5,50,1.0,A_0153,A,5000,50
0.9972,0.9972,0.9514,0.2511485742412261,0.001148574241226108,0.051922552740953566,778.4096,158.7002502450453,522.0,778.0,1000.0,0.0,0.16,0.00024252166748046876,lognormal,0.0,1.0,1.0,0.25,D5,50,1000,0.05,0.05,0.5,0.8,0.2,none,1,100154,5000,0.000747283078893136,0.003040987997345599,0.0,A,0.5,50,1.0,A_0154,A,5000,50
0.2818,0.2818,0.9464,0.25179793039341136,0.0017979303934113622,0.17631021803599597,65.0,0.0,65.0,65.0,65.0,0.0,0.0,0.0002237020492553711,lognormal,0.0,1.0,1.0,0.25,D6,50,1000,0.05,0.05,0.5,0.8,0.2,none,1,100155,5000,0.00636221282259561,0.0031851857088716186,0.0,A,0.5,50,1.0,A_0155,A,5000,50
0.8056,0.8056,0.9488,0.5037735009280563,0.0037735009280562837,0.17990725867271992,65.5356,16.864991332342864,43.0,63.0,96.0,0.0,0.0,0.0003387203693389893,lognormal,0.0,1.0,1.0,0.5,D1,50,1000,0.05,0.05,0.5,0.8,0.2,none,1,100156,5000,0.0055965818139289275,0.0031170036894427964,0.0,A,1.0,50,1.0,A_0156,A,5000,50
0.8686,0.8686,0.9392,0.48979963345990146,-0.010200366540098538,0.1624557374146633,81.2282,19.511158980439888,52.0,79.0,117.0,0.0,0.0,0.0005756837844848633,lognormal,0.0,1.0,1.0,0.5,D2,50,1000,0.05,0.05,0.5,0.8,0.2,none,1,100157,5000,0.004777740888746479,0.003379448475713159,0.0,A,1.0,50,1.0,A_0157,A,5000,50
0.807,0.807,0.8334,0.49104845787735923,-0.008951542122640765,0.17704043050600377,65.6264,13.128976465817889,50.0,63.0,90.0,0.0,0.0,0.0003090906143188477,lognormal,0.0,1.0,1.0,0.5,D3,50,1000,0.05,0.05,0.5,0.8,0.2,none,1,100158,5000,0.005581236422155936,0.005269619341090967,0.0,A,1.0,50,1.0,A_0158,A,5000,50
0.863,0.863,0.9486,0.5012459708958548,0.0012459708958547644,0.1665134126554189,77.8766,20.320929418705237,51.0,75.0,114.05000000000018,0.0,0.0,0.00033849592208862303,lognormal,0.0,1.0,1.0,0.5,D4,50,1000,0.05,0.05,0.5,0.8,0.2,none,1,100159,5000,0.004862735855462437,0.0031227564746550444,0.0,A,1.0,50,1.0,A_0159,A,5000,50
1.0,1.0,0.9492,0.5011353278624716,0.0011353278624716134,0.051653206366457836,774.0318,160.18696822388517,510.0,770.0,1000.0,0.0,0.154,0.00024089927673339844,lognormal,0.0,1.0,1.0,0.5,D5,50,1000,0.05,0.05,0.5,0.8,0.2,none,1,100160,5000,0.0,0.003105458420265838,0.0,A,1.0,50,1.0,A_0160,A,5000,50
0.814,0.814,0.9458,0.4993306866137639,-0.0006693133862361034,0.1757246327545704,65.0,0.0,65.0,65.0,65.0,0.0,0.0,0.00022630906105041503,lognormal,0.0,1.0,1.0,0.5,D6,50,1000,0.05,0.05,0.5,0.8,0.2,none,1,100161,5000,0.00550279928763534,0.003201948156981934,0.0,A,1.0,50,1.0,A_0161,A,5000,50
0.999,0.999,0.9514,0.9953846334874895,-0.004615366512510488,0.17917886364750668,65.11,16.642400668172847,43.0,63.0,95.0,0.0,0.0,0.00033947453498840333,lognormal,0.0,1.0,1.0,1.0,D1,50,1000,0.05,0.05,0.5,0.8,0.2,none,1,100162,5000,0.0004469899327725404,0.003040987997345599,0.0,A,2.0,50,1.0,A_0162,A,5000,50
0.9998,0.9998,0.9456,0.9888388314562977,-0.011161168543702304,0.16068532352507195,80.5428,19.28587483522591,51.0,79.0,115.0,0.0,0.0,0.0005141923427581787,lognormal,0.0,1.0,1.0,1.0,D2,50,1000,0.05,0.05,0.5,0.8,0.2,none,1,100163,5000,0.00019997999899988897,0.003207511184703804,0.0,A,2.0,50,1.0,A_0163,A,5000,50
1.0,1.0,0.8254,0.9893014887235829,-0.010698511276417078,0.17774647018555234,65.4424,12.975480038904148,50.0,63.0,89.0,0.0,0.0,0.0004332437038421631,lognormal,0.0,1.0,1.0,1.0,D3,50,1000,0.05,0.05,0.5,0.8,0.2,none,1,100164,5000,0.0,0.00536870263657804,0.0,A,2.0,50,1.0,A_0164,A,5000,50
0.9996,0.9996,0.9514,0.9990697107262775,-0.0009302892737225177,0.16619861886853537,78.0634,19.987920863361452,51.0,75.0,115.0,0.0,0.0,0.0003066404819488525,lognormal,0.0,1.0,1.0,1.0,D4,50,1000,0.05,0.05,0.5,0.8,0.2,none,1,100165,5000,0.0002827861382741226,0.003040987997345599,0.0,A,2.0,50,1.0,A_0165,A,5000,50
1.0,1.0,0.9468,1.000164858799581,0.00016485879958105798,0.0522440740203349,773.9344,158.23883751039122,517.0,768.0,1000.0,0.0,0.1462,0.00027954578399658203,lognormal,0.0,1.0,1.0,1.0,D5,50,1000,0.05,0.05,0.5,0.8,0.2,none,1,100166,5000,0.0,0.003173948959892078,0.0,A,2.0,50,1.0,A_0166,A,5000,50
0.9996,0.9996,0.9482,0.9949585514140498,-0.005041448585950237,0.17637737515987909,65.0,0.0,65.0,65.0,65.0,0.0,0.0,0.00022945876121520996,lognormal,0.0,1.0,1.0,1.0,D6,50,1000,0.05,0.05,0.5,0.8,0.2,none,1,100167,5000,0.0002827861382741226,0.0031342227106573,0.0,A,2.0,50,1.0,A_0167,A,5000,50
0.0494,0.0494,0.9506,-0.00100147390342075,-0.00100147390342075,0.17663183104649835,47.7024,12.494376104471963,32.0,46.0,69.0,0.0,0.0,0.0003135172367095947,lognormal,0.3,1.0,1.0,0.0,D1,50,1000,0.05,0.05,0.5,0.8,0.2,none,1,100168,5000,0.003064625262572897,0.003064625262572897,0.0,A,0.0,50,1.0,A_0168,A,5000,50
0.0522,0.0522,0.9478,-0.008394818988312597,-0.008394818988312597,0.15396261875092399,60.1918,12.67966138191395,50.0,56.0,85.0,0.0,0.0,0.0005376493453979492,lognormal,0.3,1.0,1.0,0.0,D2,50,1000,0.05,0.05,0.5,0.8,0.2,none,1,100169,5000,0.003145636978419474,0.003145636978419475,0.0,A,0.0,50,1.0,A_0169,A,5000,50
0.0236,0.0236,0.8938,-0.010836169602527314,-0.010836169602527314,0.14953899029532486,65.4854,13.247421894089431,50.0,63.0,90.0,0.0,0.0,0.0004211296558380127,lognormal,0.3,1.0,1.0,0.0,D3,50,1000,0.05,0.05,0.5,0.8,0.2,none,1,100170,5000,0.002146766871367266,0.004357099034908433,0.0,A,0.0,50,1.0,A_0170,A,5000,50
0.0522,0.0522,0.9478,0.0023080057094150746,0.0023080057094150746,0.16448320020906093,56.4082,14.44729638236857,37.0,54.0,82.0,0.0,0.0,0.00036734824180603026,lognormal,0.3,1.0,1.0,0.0,D4,50,1000,0.05,0.05,0.5,0.8,0.2,none,1,100171,5000,0.003145636978419474,0.003145636978419475,0.0,A,0.0,50,1.0,A_0171,A,5000,50
0.0554,0.0554,0.9446,-0.001016188076883987,-0.001016188076883987,0.05196415361859004,574.8206,147.0297072555067,370.0,552.0,857.0500000000002,0.0,0.0188,0.00025951948165893555,lognormal,0.3,1.0,1.0,0.0,D5,50,1000,0.05,0.05,0.5,0.8,0.2,none,1,100172,5000,0.0032351457463304493,0.0032351457463304493,0.0,A,0.0,50,1.0,A_0172,A,5000,50
0.0478,0.0478,0.9522,-0.0020605853300799067,-0.0020605853300799067,0.17495671134300245,46.0,0.0,46.0,46.0,46.0,0.0,0.0,0.00027737979888916014,lognormal,0.3,1.0,1.0,0.0,D6,50,1000,0.05,0.05,0.5,0.8,0.2,none,1,100173,5000,0.003017123133052412,0.0030171231330524103,0.0,A,0.0,50,1.0,A_0173,A,5000,50
0.2638,0.2638,0.9492,0.24526571469693545,-0.00473428530306455,0.1770758404302998,47.5848,12.071437733758147,31.0,46.0,69.0,0.0,0.0,0.0003535562038421631,lognormal,0.3,1.0,1.0,0.25,D1,50,1000,0.05,0.05,0.5,0.8,0.2,none,1,100174,5000,0.006232327975965321,0.003105458420265838,0.0,A,0.5,50,1.0,A_0174,A,5000,50
0.3556,0.3556,0.9502,0.24419831159636324,-0.005801688403636762,0.15322553321356433,59.7424,12.693984490300908,50.0,56.0,83.0,0.0,0.0,0.0005066526889801026,lognormal,0.3,1.0,1.0,0.25,D2,50,1000,0.05,0.05,0.5,0.8,0.2,none,1,100175,5000,0.006769765727113458,0.0030763601869742093,0.0,A,0.5,50,1.0,A_0175,A,5000,50
0.2532,0.2532,0.896,0.2415834420510063,-0.008416557948993708,0.1498339246582545,65.34,13.376023325338513,50.0,63.0,90.0,0.0,0.0,0.00040575380325317384,lognormal,0.3,1.0,1.0,0.25,D3,50,1000,0.05,0.05,0.5,0.8,0.2,none,1,100176,5000,0.0061496302327863584,0.004317036020234253,0.0,A,0.5,50,1.0,A_0176,A,5000,50
0.3386,0.3386,0.9508,0.2504149894656031,0.00041498946560308836,0.16168601545455558,57.1056,14.150125393083977,38.0,55.0,82.0,0.0,0.0,0.0003804446697235107,lognormal,0.3,1.0,1.0,0.25,D4,50,1000,0.05,0.05,0.5,0.8,0.2,none,1,100177,5000,0.006692533750381839,0.0030587369942510594,0.0,A,0.5,50,1.0,A_0177,A,5000,50
0.9966,0.9966,0.9516,0.2502177557517033,0.00021775575170329686,0.0509860680836912,571.3118,143.46751751096832,364.0,555.0,837.1000000000004,0.0,0.0148,0.0002482297420501709,lognormal,0.3,1.0,1.0,0.25,D5,50,1000,0.05,0.05,0.5,0.8,0.2,none,1,100178,5000,0.0008232180756032946,0.0030350433275325743,0.0,A,0.5,50,1.0,A_0178,A,5000,50
0.267,0.267,0.9508,0.24668578683393816,-0.0033142131660618412,0.17895059879396752,46.0,0.0,46.0,46.0,46.0,0.0,0.0,0.00024503326416015623,lognormal,0.3,1.0,1.0,0.25,D6,50,1000,0.05,0.05,0.5,0.8,0.2,none,1,100179,5000,0.006256372751043531,0.0030587369942510594,0.0,A,0.5,50,1.0,A_0179,A,5000,50
0.7964,0.7964,0.952,0.49837912349077185,-0.001620876509228153,0.17866924830925535,47.2042,11.465378422014687,32.0,46.0,67.05000000000018,0.0,0.0,0.00036481709480285646,lognormal,0.3,1.0,1.0,0.5,D1,50,1000,0.05,0.05,0.5,0.8,0.2,none,1,100180,5000,0.005694682431883274,0.0030231109804305907,0.0,A,1.0,50,1.0,A_0180,A,5000,50
0.8838,0.8838,0.9384,0.4925216261705068,-0.007478373829493179,0.15743287389732546,60.1952,12.645706661155792,50.0,56.0,84.0,0.0,0.0,0.0005340264320373535,lognormal,0.3,1.0,1.0,0.5,D2,50,1000,0.05,0.05,0.5,0.8,0.2,none,1,100181,5000,0.004532053839044721,0.003400159996235471,0.0,A,1.0,50,1.0,A_0181,A,5000,50
0.8486,0.8486,0.8986,0.4939697919855106,-0.006030208014489391,0.14847870814278324,65.5356,13.154783640942181,50.0,63.0,89.05000000000018,0.0,0.0,0.0003637688636779785,lognormal,0.3,1.0,1.0,0.5,D3,50,1000,0.05,0.05,0.5,0.8,0.2,none,1,100182,5000,0.005069083546362201,0.004268911805132546,0.0,A,1.0,50,1.0,A_0182,A,5000,50
0.863,0.863,0.9458,0.5012149261677944,0.0012149261677943946,0.16401419539274856,57.0168,14.930656976837959,37.0,55.0,83.0,0.0,0.0,0.00042663331031799314,lognormal,0.3,1.0,1.0,0.5,D4,50,1000,0.05,0.05,0.5,0.8,0.2,none,1,100183,5000,0.004862735855462437,0.003201948156981934,0.0,A,1.0,50,1.0,A_0183,A,5000,50
1.0,1.0,0.9484,0.4991724109315583,-0.0008275890684417142,0.050689463756463396,574.285,143.65153175305858,370.0,555.0,848.0,0.0,0.015,0.00024651031494140626,lognormal,0.3,1.0,1.0,0.5,D5,50,1000,0.05,0.05,0.5,0.8,0.2,none,1,100184,5000,0.0,0.003128496124338337,0.0,A,1.0,50,1.0,A_0184,A,5000,50
0.816,0.816,0.9528,0.5028233592551828,0.0028233592551828446,0.17528215338370923,46.0,0.0,46.0,46.0,46.0,0.0,0.0,0.00023088088035583496,lognormal,0.3,1.0,1.0,0.5,D6,50,1000,0.05,0.05,0.5,0.8,0.2,none,1,100185,5000,0.005479854012653987,0.002999071856424918,0.0,A,1.0,50,1.0,A_0185,A,5000,50
0.9998,0.9998,0.9464,1.0008679427367773,0.0008679427367772607,0.18168459888565652,47.593,11.951324236250978,31.0,46.0,69.0,0.0,0.0,0.00035928988456726074,lognormal,0.3,1.0,1.0,1.0,D1,50,1000,0.05,0.05,0.5,0.8,0.2,none,1,100186,5000,0.00019997999899988897,0.0031851857088716186,0.0,A,2.0,50,1.0,A_0186,A,5000,50
1.0,1.0,0.9452,0.9889632562077142,-0.011036743792285808,0.1563633414977718,59.8496,12.162720906113073,50.0,55.0,84.0,0.0,0.0,0.0005054215431213379,lognormal,0.3,1.0,1.0,1.0,D2,50,1000,0.05,0.05,0.5,0.8,0.2,none,1,100187,5000,0.0,0.003218600938296016,0.0,A,2.0,50,1.0,A_0187,A,5000,50
1.0,1.0,0.8972,0.9897881195725393,-0.010211880427460684,0.14952119295886857,65.684,13.920666076018058,50.0,63.0,91.0,0.0,0.0,0.00033464179039001466,lognormal,0.3,1.0,1.0,1.0,D3,50,1000,0.05,0.05,0.5,0.8,0.2,none,1,100188,5000,0.0,0.0042949309656850135,0.0,A,2.0,50,1.0,A_0188,A,5000,50
1.0,1.0,0.9474,0.9969764319781083,-0.0030235680218917427,0.16618743327466357,57.3108,14.746816719550019,38.0,55.0,83.0,0.0,0.0,0.000344411039352417,lognormal,0.3,1.0,1.0,1.0,D4,50,1000,0.05,0.05,0.5,0.8,0.2,none,1,100189,5000,0.0,0.0031569998416217885,0.0,A,2.0,50,1.0,A_0189,A,5000,50
1.0,1.0,0.9526,0.9993837688450956,-0.0006162311549043897,0.051136917980069106,570.2446,144.91930158139738,365.95000000000005,552.0,846.0500000000002,0.0,0.0124,0.0003876258850097656,lognormal,0.3,1.0,1.0,1.0,D5,50,1000,0.05,0.05,0.5,0.8,0.2,none,1,100190,5000,0.0,0.0030051036587778464,0.0,A,2.0,50,1.0,A_0190,A,5000,50
1.0,1.0,0.9546,0.9995313766051273,-0.00046862339487274696,0.17545532101474645,46.0,0.0,46.0,46.0,46.0,0.0,0.0,0.0002595789909362793,lognormal,0.3,1.0,1.0,1.0,D6,50,1000,0.05,0.05,0.5,0.8,0.2,none,1,100191,5000,0.0,0.002944107334999864,0.0,A,2.0,50,1.0,A_0191,A,5000,50
0.0478,0.0478,0.9522,0.0039713190381360924,0.0039713190381360924,0.1746261475198114,30.0168,7.604296006863489,20.0,29.0,44.0,0.0,0.0,0.0003665696144104004,lognormal,0.6,1.0,1.0,0.0,D1,50,1000,0.05,0.05,0.5,0.8,0.2,none,1,100192,5000,0.003017123133052412,0.0030171231330524103,0.0,A,0.0,50,1.0,A_0192,A,5000,50
0.0482,0.0482,0.9518,-0.0023051848632005233,-0.0023051848632005233,0.12952686107431208,50.6004,4.320962837146369,50.0,50.0,52.0,0.0,0.0,0.0005207637786865234,lognormal,0.6,1.0,1.0,0.0,D2,50,1000,0.05,0.05,0.5,0.8,0.2,none,1,100193,5000,0.0030290843500965763,0.003029084350096577,0.0,A,0.0,50,1.0,A_0193,A,5000,50
0.0036,0.0036,0.962,-0.0064008452839097625,-0.0064008452839097625,0.11616829536414922,65.5854,13.896945953697884,50.0,63.0,91.0,0.0,0.0,0.0003422332763671875,lognormal,0.6,1.0,1.0,0.0,D3,50,1000,0.05,0.05,0.5,0.8,0.2,none,1,100194,5000,0.000846999409681022,0.0027039230758288974,0.0,A,0.0,50,1.0,A_0194,A,5000,50
0.046,0.046,0.954,-0.0010459298824475741,-0.0010459298824475741,0.15951485522722653,35.628,9.39280660931545,24.0,34.0,52.0,0.0,0.0,0.00032196016311645506,lognormal,0.6,1.0,1.0,0.0,D4,50,1000,0.05,0.05,0.5,0.8,0.2,none,1,100195,5000,0.002962566454950842,0.0029625664549508433,0.0,A,0.0,50,1.0,A_0195,A,5000,50
0.046,0.046,0.954,1.070545138538077e-05,1.070545138538077e-05,0.05080758057377432,349.3108,95.5740289166466,227.95000000000002,336.0,520.0,0.0,0.0014,0.00036695423126220704,lognormal,0.6,1.0,1.0,0.0,D5,50,1000,0.05,0.05,0.5,0.8,0.2,none,1,100196,5000,0.002962566454950842,0.0029625664549508433,0.0,A,0.0,50,1.0,A_0196,A,5000,50
0.0478,0.0478,0.9522,0.0033121665730568984,0.0033121665730568984,0.17558157922483422,28.0,0.0,28.0,28.0,28.0,0.0,0.0,0.0002631249904632568,lognormal,0.6,1.0,1.0,0.0,D6,50,1000,0.05,0.05,0.5,0.8,0.2,none,1,100197,5000,0.003017123133052412,0.0030171231330524103,0.0,A,0.0,50,1.0,A_0197,A,5000,50
0.2918,0.2918,0.9488,0.25400945325489216,0.004009453254892159,0.1807485549320818,30.0574,7.933177499589934,20.0,29.0,44.0,0.0,0.0,0.00034869384765625,lognormal,0.6,1.0,1.0,0.25,D1,50,1000,0.05,0.05,0.5,0.8,0.2,none,1,100198,5000,0.006428884195566132,0.0031170036894427964,0.0,A,0.5,50,1.0,A_0198,A,5000,50
0.4644,0.4644,0.9544,0.24994556553928152,-5.4434460718483235e-05,0.12958653294580885,50.5668,3.8977349525076743,50.0,50.0,52.0,0.0,0.0,0.0005378288269042968,lognormal,0.6,1.0,1.0,0.25,D2,50,1000,0.05,0.05,0.5,0.8,0.2,none,1,100199,5000,0.007053121861984238,0.002950275919299752,0.0,A,0.5,50,1.0,A_0199,A,5000,50
0.2084,0.2084,0.9596,0.24383248307287161,-0.006167516927128386,0.11650731685261816,66.1276,14.698520954164064,50.0,63.0,93.0,0.0,0.0,0.0003152488708496094,lognormal,0.6,1.0,1.0,0.25,D3,50,1000,0.05,0.05,0.5,0.8,0.2,none,1,100200,5000,0.0057440306405867995,0.0027845229393919525,0.0,A,0.5,50,1.0,A_0200,A,5000,50
0.3316,0.3316,0.9488,0.24964954687820837,-0.0003504531217916329,0.16026438117125807,35.8,9.668774482839074,24.0,34.0,52.0,0.0,0.0,0.00030974926948547366,lognormal,0.6,1.0,1.0,0.25,D4,50,1000,0.05,0.05,0.5,0.8,0.2,none,1,100201,5000,0.006657949233810663,0.0031170036894427964,0.0,A,0.5,50,1.0,A_0201,A,5000,50
0.998,0.998,0.9536,0.24910139308680118,-0.0008986069131988184,0.05103123899633691,351.5894,97.92694832189963,227.0,336.0,527.0,0.0,0.0014,0.00024178786277770996,lognormal,0.6,1.0,1.0,0.25,D5,50,1000,0.05,0.05,0.5,0.8,0.2,none,1,100202,5000,0.0006318227599572528,0.0029747954551531774,0.0,A,0.5,50,1.0,A_0202,A,5000,50
0.2548,0.2548,0.9514,0.24989859870319614,-0.00010140129680386023,0.1758981007081988,28.0,0.0,28.0,28.0,28.0,0.0,0.0,0.0003407583236694336,lognormal,0.6,1.0,1.0,0.25,D6,50,1000,0.05,0.05,0.5,0.8,0.2,none,1,100203,5000,0.006162417707361292,0.003040987997345599,0.0,A,0.5,50,1.0,A_0203,A,5000,50
0.7964,0.7964,0.9576,0.49867654004253836,-0.0013234599574616368,0.17228030049676202,29.9634,7.7940785497709735,20.0,29.0,44.0,0.0,0.0,0.0003257195472717285,lognormal,0.6,1.0,1.0,0.5,D1,50,1000,0.05,0.05,0.5,0.8,0.2,none,1,100204,5000,0.005694682431883274,0.0028496399772602854,0.0,A,1.0,50,1.0,A_0204,A,5000,50
0.9694,0.9694,0.9496,0.49407451836095717,-0.005925481639042829,0.131488601122615,50.73,4.765238713852644,50.0,50.0,52.0,0.0,0.0,0.0005546637058258056,lognormal,0.6,1.0,1.0,0.5,D2,50,1000,0.05,0.05,0.5,0.8,0.2,none,1,100205,5000,0.002435719195638116,0.0030938597253269257,0.0,A,1.0,50,1.0,A_0205,A,5000,50
0.907,0.907,0.964,0.4926146347160742,-0.007385365283925804,0.11491435079830427,65.383,14.062201499054122,50.0,63.0,92.0,0.0,0.0,0.00033290772438049316,lognormal,0.6,1.0,1.0,0.5,D3,50,1000,0.05,0.05,0.5,0.8,0.2,none,1,100206,5000,0.004107334902342393,0.002634539808012019,0.0,A,1.0,50,1.0,A_0206,A,5000,50
0.8662,0.8662,0.9506,0.5007091356622421,0.0007091356622420664,0.1602879314375603,35.5364,9.647998499170695,24.0,34.0,52.0,0.0,0.0,0.00031713128089904785,lognormal,0.6,1.0,1.0,0.5,D4,50,1000,0.05,0.05,0.5,0.8,0.2,none,1,100207,5000,0.00481451056702548,0.003064625262572897,0.0,A,1.0,50,1.0,A_0207,A,5000,50
1.0,1.0,0.948,0.4990464651927199,-0.0009535348072801098,0.0521397696423963,350.1466,97.42907937797627,226.0,334.0,523.0500000000002,0.0,0.0014,0.0002454824447631836,lognormal,0.6,1.0,1.0,0.5,D5,50,1000,0.05,0.05,0.5,0.8,0.2,none,1,100208,5000,0.0,0.00313993630508646,0.0,A,1.0,50,1.0,A_0208,A,5000,50
0.8044,0.8044,0.9482,0.5032191827528353,0.003219182752835281,0.17827377270473868,28.0,0.0,28.0,28.0,28.0,0.0,0.0,0.00026945838928222655,lognormal,0.6,1.0,1.0,0.5,D6,50,1000,0.05,0.05,0.5,0.8,0.2,none,1,100209,5000,0.005609645978134449,0.0031342227106573,0.0,A,1.0,50,1.0,A_0209,A,5000,50
0.9996,0.9996,0.9596,1.000662188686897,0.0006621886868969362,0.17307513974834943,30.0274,8.11491523307545,20.0,29.0,43.0,0.0,0.0,0.00041380996704101563,lognormal,0.6,1.0,1.0,1.0,D1,50,1000,0.05,0.05,0.5,0.8,0.2,none,1,100210,5000,0.0002827861382741226,0.0027845229393919525,0.0,A,2.0,50,1.0,A_0210,A,5000,50
1.0,1.0,0.9476,1.0004460079941948,0.0004460079941948081,0.13188729818221717,50.5338,3.5092531342153133,50.0,50.0,52.0,0.0,0.0,0.0005612621784210206,lognormal,0.6,1.0,1.0,1.0,D2,50,1000,0.05,0.05,0.5,0.8,0.2,none,1,100211,5000,0.0,0.003151324800778238,0.0,A,2.0,50,1.0,A_0211,A,5000,50
1.0,1.0,0.9622,0.9934188308065047,-0.006581169193495273,0.11532206608143283,66.152,14.699391007793485,50.0,63.0,93.0,0.0,0.0,0.000319660758972168,lognormal,0.6,1.0,1.0,1.0,D3,50,1000,0.05,0.05,0.5,0.8,0.2,none,1,100212,5000,0.0,0.002697078419327104,0.0,A,2.0,50,1.0,A_0212,A,5000,50
1.0,1.0,0.9504,0.9968809334342912,-0.003119066565708817,0.1600115325445008,35.734,9.163189619341074,24.0,34.0,52.0,0.0,0.0,0.00033847627639770506,lognormal,0.6,1.0,1.0,1.0,D4,50,1000,0.05,0.05,0.5,0.8,0.2,none,1,100213,5000,0.0,0.0030704996336101387,0.0,A,2.0,50,1.0,A_0213,A,5000,50
1.0,1.0,0.9472,0.9982239839275575,-0.0017760160724424878,0.05222035020816923,350.9666,97.16352960056567,224.0,335.0,526.0,0.0,0.0008,0.00029830102920532224,lognormal,0.6,1.0,1.0,1.0,D5,50,1000,0.05,0.05,0.5,0.8,0.2,none,1,100214,5000,0.0,0.003162662169755093,0.0,A,2.0,50,1.0,A_0214,A,5000,50
1.0,1.0,0.9532,1.0024784107675433,0.002478410767543293,0.17487814892999945,28.0,0.0,28.0,28.0,28.0,0.0,0.0,0.00028789706230163576,lognormal,0.6,1.0,1.0,1.0,D6,50,1000,0.05,0.05,0.5,0.8,0.2,none,1,100215,5000,0.0,0.002986963675708158,0.0,A,2.0,50,1.0,A_0215,A,5000,50
0.0548,0.0548,0.9452,0.003892493990664598,0.003892493990664598,0.16464676502789655,12.3314,3.979443936029254,8.0,12.0,19.0,0.0,0.0,0.0004186798095703125,lognormal,0.9,1.0,1.0,0.0,D1,50,1000,0.05,0.05,0.5,0.8,0.2,none,1,100216,5000,0.003218600938296017,0.003218600938296016,0.0,A,0.0,50,1.0,A_0216,A,5000,50
0.052,0.052,0.948,-0.0004523347575464671,-0.0004523347575464671,0.07812822115504889,50.0388,2.454484581332708,50.0,50.0,50.0,0.0,0.0,0.00043344364166259767,lognormal,0.9,1.0,1.0,0.0,D2,50,1000,0.05,0.05,0.5,0.8,0.2,none,1,100217,5000,0.003139936305086458,0.00313993630508646,0.0,A,0.0,50,1.0,A_0217,A,5000,50
0.0,0.0,0.9984,-0.007229957731785932,-0.007229957731785932,0.06869908552166394,66.0664,15.554368873085144,50.0,63.0,95.0,0.0,0.0,0.00036763129234313965,lognormal,0.9,1.0,1.0,0.0,D3,50,1000,0.05,0.05,0.5,0.8,0.2,none,1,100218,5000,0.0,0.0005652326954449903,0.0,A,0.0,50,1.0,A_0218,A,5000,50
0.0516,0.0516,0.9484,-0.0008268426912820635,-0.0008268426912820635,0.14802573931650703,14.3518,4.7338395367819555,10.0,13.0,22.0,0.0,0.0,0.00031975817680358887,lognormal,0.9,1.0,1.0,0.0,D4,50,1000,0.05,0.05,0.5,0.8,0.2,none,1,100219,5000,0.0031284961243383375,0.003128496124338337,0.0,A,0.0,50,1.0,A_0219,A,5000,50
0.0478,0.0478,0.9522,0.0002723471546840248,0.0002723471546840248,0.051992397087580855,125.0202,53.318655196469464,74.0,115.0,206.0,0.0,0.0002,0.0002464962959289551,lognormal,0.9,1.0,1.0,0.0,D5,50,1000,0.05,0.05,0.5,0.8,0.2,none,1,100220,5000,0.003017123133052412,0.0030171231330524103,0.0,A,0.0,50,1.0,A_0220,A,5000,50
0.0532,0.0532,0.9468,0.002097269002042364,0.002097269002042364,0.18601935343479692,9.0,0.0,9.0,9.0,9.0,0.0,0.0,0.00022556633949279785,lognormal,0.9,1.0,1.0,0.0,D6,50,1000,0.05,0.05,0.5,0.8,0.2,none,1,100221,5000,0.003173948959892077,0.003173948959892078,0.0,A,0.0,50,1.0,A_0221,A,5000,50
0.2908,0.2908,0.9482,0.24939231045447713,-0.0006076895455228715,0.164698661570876,12.3238,3.859812632758228,8.0,11.0,19.0,0.0,0.0,0.0003250058650970459,lognormal,0.9,1.0,1.0,0.25,D1,50,1000,0.05,0.05,0.5,0.8,0.2,none,1,100222,5000,0.0064223883407965926,0.0031342227106573,0.0,A,0.5,50,1.0,A_0222,A,5000,50
0.9008,0.9008,0.951,0.25057743498656043,0.0005774349865604322,0.0784977219564476,50.0378,1.2407945680087418,50.0,50.0,50.0,0.0,0.0,0.000678977108001709,lognormal,0.9,1.0,1.0,0.25,D2,50,1000,0.05,0.05,0.5,0.8,0.2,none,1,100223,5000,0.004227513690102019,0.0030528347482299146,0.0,A,0.5,50,1.0,A_0223,A,5000,50
0.0824,0.0824,0.9988,0.24343897022159877,-0.006561029778401228,0.06918870240762019,66.0982,15.660119947177927,50.0,63.0,96.0,0.0,0.0,0.0003594880104064941,lognormal,0.9,1.0,1.0,0.25,D3,50,1000,0.05,0.05,0.5,0.8,0.2,none,1,100224,5000,0.0038887077545117737,0.0004896039215529179,0.0,A,0.5,50,1.0,A_0224,A,5000,50
0.3318,0.3318,0.9498,0.24943436591391163,-0.000565634086088368,0.15189993922537645,14.268,4.552732805689348,10.0,13.0,22.0,0.0,0.0,0.00032879042625427247,lognormal,0.9,1.0,1.0,0.25,D4,50,1000,0.05,0.05,0.5,0.8,0.2,none,1,100225,5000,0.006658960279202752,0.003088040155179334,0.0,A,0.5,50,1.0,A_0225,A,5000,50
0.995,0.995,0.9512,0.24976812156068476,-0.00023187843931524177,0.05249871094623146,123.6976,50.76262950478433,74.0,114.0,201.0,0.0,0.0,0.00024152250289916994,lognormal,0.9,1.0,1.0,0.25,D5,50,1000,0.05,0.05,0.5,0.8,0.2,none,1,100226,5000,0.0009974968671630005,0.0030469184432800286,0.0,A,0.5,50,1.0,A_0226,A,5000,50
0.2114,0.2114,0.9502,0.25557844252219236,0.005578442522192362,0.18632260840590048,9.0,0.0,9.0,9.0,9.0,0.0,0.0,0.0002268183708190918,lognormal,0.9,1.0,1.0,0.25,D6,50,1000,0.05,0.05,0.5,0.8,0.2,none,1,100227,5000,0.00577425389119668,0.0030763601869742093,0.0,A,0.5,50,1.0,A_0227,A,5000,50
0.8306,0.8306,0.95,0.4961774858545383,-0.0038225141454616973,0.16256324400276476,12.2986,3.9211016360201634,8.0,12.0,18.0,0.0,0.0,0.00035356721878051757,lognormal,0.9,1.0,1.0,0.5,D1,50,1000,0.05,0.05,0.5,0.8,0.2,none,1,100228,5000,0.005304783501708623,0.0030822070014844896,0.0,A,1.0,50,1.0,A_0228,A,5000,50
1.0,1.0,0.9432,0.4998750200546296,-0.00012497994537041812,0.08054209059089969,50.0344,0.9978059129910988,50.0,50.0,50.0,0.0,0.0,0.0005774735927581787,lognormal,0.9,1.0,1.0,0.5,D2,50,1000,0.05,0.05,0.5,0.8,0.2,none,1,100229,5000,0.0,0.0032733395790843322,0.0,A,1.0,50,1.0,A_0229,A,5000,50
0.9862,0.9862,0.9986,0.4923712715552847,-0.007628728444715294,0.06990781012284335,66.3434,16.288163691466266,50.0,63.0,96.0,0.0,0.0,0.0003402318000793457,lognormal,0.9,1.0,1.0,0.5,D3,50,1000,0.05,0.05,0.5,0.8,0.2,none,1,100230,5000,0.0016498218085599446,0.000528779727296718,0.0,A,1.0,50,1.0,A_0230,A,5000,50
0.8892,0.8892,0.9442,0.49984028588738566,-0.00015971411261433976,0.150556374833094,14.4576,5.033269537785554,10.0,13.0,22.0,0.0,0.0,0.00031644287109375,lognormal,0.9,1.0,1.0,0.5,D4,50,1000,0.05,0.05,0.5,0.8,0.2,none,1,100231,5000,0.004438994480735474,0.0032461164489278557,0.0,A,1.0,50,1.0,A_0231,A,5000,50
1.0,1.0,0.9492,0.5008520995029269,0.0008520995029268619,0.05264188596432692,124.726,48.558427939957035,74.0,115.0,205.05000000000018,0.0,0.0,0.0002622623920440674,lognormal,0.9,1.0,1.0,0.5,D5,50,1000,0.05,0.05,0.5,0.8,0.2,none,1,100232,5000,0.0,0.003105458420265838,0.0,A,1.0,50,1.0,A_0232,A,5000,50
0.6884,0.6884,0.9428,0.49838635879809606,-0.001613641201903937,0.18963123479712846,9.0,0.0,9.0,9.0,9.0,0.0,0.0,0.0002707760334014893,lognormal,0.9,1.0,1.0,0.5,D6,50,1000,0.05,0.05,0.5,0.8,0.2,none,1,100233,5000,0.006549892212853582,0.0032841485959073176,0.0,A,1.0,50,1.0,A_0233,A,5000,50
0.9992,0.9992,0.9512,1.002447283835708,0.002447283835707914,0.16202868136460266,12.3586,3.9944469003855843,8.0,12.0,19.0,0.0,0.0,0.00036992712020874024,lognormal,0.9,1.0,1.0,1.0,D1,50,1000,0.05,0.05,0.5,0.8,0.2,none,1,100234,5000,0.0003998399679871993,0.0030469184432800286,0.0,A,2.0,50,1.0,A_0234,A,5000,50
1.0,1.0,0.953,0.9996156892630497,-0.0003843107369503329,0.07852889732560514,50.0176,0.6821218659447885,50.0,50.0,50.0,0.0,0.0,0.0005218584537506104,lognormal,0.9,1.0,1.0,1.0,D2,50,1000,0.05,0.05,0.5,0.8,0.2,none,1,100235,5000,0.0,0.002993025225419928,0.0,A,2.0,50,1.0,A_0235,A,5000,50
1.0,1.0,0.9986,0.9942665345000605,-0.005733465499939472,0.06682749242294936,66.2508,16.06725550179619,50.0,63.0,96.0,0.0,0.0,0.0004081620216369629,lognormal,0.9,1.0,1.0,1.0,D3,50,1000,0.05,0.05,0.5,0.8,0.2,none,1,100236,5000,0.0,0.000528779727296718,0.0,A,2.0,50,1.0,A_0236,A,5000,50
1.0,1.0,0.9484,1.0031824149958402,0.003182414995840155,0.15232163888883588,14.431,4.7992956774926885,10.0,13.0,23.0,0.0,0.0,0.00037482142448425293,lognormal,0.9,1.0,1.0,1.0,D4,50,1000,0.05,0.05,0.5,0.8,0.2,none,1,100237,5000,0.0,0.003128496124338337,0.0,A,2.0,50,1.0,A_0237,A,5000,50
1.0,1.0,0.9492,0.999328849003375,-0.0006711509966249585,0.05180692664327597,125.5212,51.174629950396316,75.0,115.0,210.0,0.0,0.0,0.0002910042762756348,lognormal,0.9,1.0,1.0,1.0,D5,50,1000,0.05,0.05,0.5,0.8,0.2,none,1,100238,5000,0.0,0.003105458420265838,0.0,A,2.0,50,1.0,A_0238,A,5000,50
0.9984,0.9984,0.9454,0.9966636068915519,-0.0033363931084481324,0.18588661330025935,9.0,0.0,9.0,9.0,9.0,0.0,0.0,0.0002427812099456787,lognormal,0.9,1.0,1.0,1.0,D6,50,1000,0.05,0.05,0.5,0.8,0.2,none,1,100239,5000,0.0005652326954449903,0.003213062090903317,0.0,A,2.0,50,1.0,A_0239,A,5000,50
0.0444,0.0444,0.9556,-0.0018239277891861903,-0.0018239277891861903,0.1779937286729072,82.9262,18.83226894349165,56.0,81.0,116.0,0.0,0.0,0.0012585483074188232,gamma,-0.3,1.0,1.0,0.0,D1,50,1000,0.05,0.05,0.5,0.8,0.2,none,1,100240,5000,0.002913027291324268,0.0029130272913242676,0.0,A,0.0,50,1.0,A_0240,A,5000,50
0.0578,0.0578,0.9422,-0.012128624635190969,-0.012128624635190969,0.16251491136464535,103.0004,20.949911690506003,71.95000000000002,101.0,140.0,0.0,0.0,0.001378741693496704,gamma,-0.3,1.0,1.0,0.0,D2,50,1000,0.05,0.05,0.5,0.8,0.2,none,1,100241,5000,0.003300277564084573,0.0033002775640845715,0.0,A,0.0,50,1.0,A_0241,A,5000,50
0.0876,0.0876,0.7922,-0.014241365349262321,-0.014241365349262321,0.19888905643511895,65.4636,11.641455022461752,50.0,64.0,87.0,0.0,0.0,0.0012641301155090331,gamma,-0.3,1.0,1.0,0.0,D3,50,1000,0.05,0.05,0.5,0.8,0.2,none,1,100242,5000,0.003998155574761943,0.005737929243202638,0.0,A,0.0,50,1.0,A_0242,A,5000,50
0.0496,0.0496,0.9504,-0.0006930071774303118,-0.0006930071774303118,0.16384774076927433,100.5868,23.1446163450596,67.95000000000002,98.0,143.0,0.0,0.0,0.0011473718643188477,gamma,-0.3,1.0,1.0,0.0,D4,50,1000,0.05,0.05,0.5,0.8,0.2,none,1,100243,5000,0.0030704996336101396,0.0030704996336101387,0.0,A,0.0,50,1.0,A_0243,A,5000,50
0.0516,0.0516,0.9484,0.0010317680574429035,0.0010317680574429035,0.05289203196080514,919.5842,113.67941111019181,684.0,1000.0,1000.0,0.0,0.5058,0.0011857004642486571,gamma,-0.3,1.0,1.0,0.0,D5,50,1000,0.05,0.05,0.5,0.8,0.2,none,1,100244,5000,0.0031284961243383375,0.003128496124338337,0.0,A,0.0,50,1.0,A_0244,A,5000,50
0.0484,0.0484,0.9516,-0.0006283655366656069,-0.0006283655366656069,0.17323704343679397,84.0,0.0,84.0,84.0,84.0,0.0,0.0,0.0010849875926971435,gamma,-0.3,1.0,1.0,0.0,D6,50,1000,0.05,0.05,0.5,0.8,0.2,none,1,100245,5000,0.0030350433275325743,0.0030350433275325743,0.0,A,0.0,50,1.0,A_0245,A,5000,50
0.279,0.279,0.9542,0.25392460273277245,0.003924602732772453,0.17761328834105997,82.8652,19.077343341251684,55.0,81.0,117.0,0.0,0.0,0.0012389868259429931,gamma,-0.3,1.0,1.0,0.25,D1,50,1000,0.05,0.05,0.5,0.8,0.2,none,1,100246,5000,0.006342854247103586,0.002956428926931948,0.0,A,0.5,50,1.0,A_0246,A,5000,50
0.3494,0.3494,0.9454,0.24115215879689905,-0.008847841203100948,0.16100965914155804,103.0768,21.25550521065072,72.0,102.0,141.0,0.0,0.0,0.001359060287475586,gamma,-0.3,1.0,1.0,0.25,D2,50,1000,0.05,0.05,0.5,0.8,0.2,none,1,100247,5000,0.006742694416922659,0.003213062090903317,0.0,A,0.5,50,1.0,A_0247,A,5000,50
0.3216,0.3216,0.7768,0.24361822049339057,-0.006381779506609425,0.19998265501772097,65.8878,11.994499204218574,50.0,64.0,88.0,0.0,0.0,0.0012685637950897216,gamma,-0.3,1.0,1.0,0.25,D3,50,1000,0.05,0.05,0.5,0.8,0.2,none,1,100248,5000,0.00660565575851482,0.005888663006150038,0.0,A,0.5,50,1.0,A_0248,A,5000,50
0.3224,0.3224,0.951,0.24914079372385795,-0.0008592062761420549,0.16358874069862572,99.8652,23.36540667225803,66.0,97.5,142.0,0.0,0.0,0.0011779937267303467,gamma,-0.3,1.0,1.0,0.25,D4,50,1000,0.05,0.05,0.5,0.8,0.2,none,1,100249,5000,0.0066099658092913,0.0030528347482299146,0.0,A,0.5,50,1.0,A_0249,A,5000,50
0.9974,0.9974,0.951,0.2510387524806176,0.0010387524806175774,0.05273265279849962,918.242,114.10217629826347,676.0,1000.0,1000.0,0.0,0.5072,0.0011994460105895996,gamma,-0.3,1.0,1.0,0.25,D5,50,1000,0.05,0.05,0.5,0.8,0.2,none,1,100250,5000,0.0007201722016295889,0.0030528347482299146,0.0,A,0.5,50,1.0,A_0250,A,5000,50
0.288,0.288,0.9458,0.2523744891089883,0.002374489108988298,0.175193870475047,84.0,0.0,84.0,84.0,84.0,0.0,0.0,0.0010905787944793701,gamma,-0.3,1.0,1.0,0.25,D6,50,1000,0.05,0.05,0.5,0.8,0.2,none,1,100251,5000,0.00640399875078064,0.003201948156981934,0.0,A,0.5,50,1.0,A_0251,A,5000,50
0.8054,0.8054,0.9456,0.4997619304285605,-0.00023806957143951424,0.18103836086496475,83.583,19.008364237882226,56.0,82.0,118.0,0.0,0.0,0.001292413330078125,gamma,-0.3,1.0,1.0,0.5,D1,50,1000,0.05,0.05,0.5,0.8,0.2,none,1,100252,5000,0.005598764863789156,0.003207511184703804,0.0,A,1.0,50,1.0,A_0252,A,5000,50
0.8624,0.8624,0.9356,0.49068548083432106,-0.009314519165678936,0.16552179962090596,103.5648,22.07805700146641,71.0,102.0,143.0,0.0,0.0,0.001401315212249756,gamma,-0.3,1.0,1.0,0.5,D2,50,1000,0.05,0.05,0.5,0.8,0.2,none,1,100253,5000,0.004871678150288665,0.0034713870426675273,0.0,A,1.0,50,1.0,A_0253,A,5000,50
0.7612,0.7612,0.7826,0.4846470542585843,-0.015352945741415713,0.20253559979313238,65.1778,11.494980955182136,50.0,64.0,86.0,0.0,0.0,0.0011801581382751465,gamma,-0.3,1.0,1.0,0.5,D3,50,1000,0.05,0.05,0.5,0.8,0.2,none,1,100254,5000,0.006029503462143463,0.0058333050665981805,0.0,A,1.0,50,1.0,A_0254,A,5000,50
0.87,0.87,0.9466,0.5056894633999104,0.005689463399910388,0.16648303105406226,99.7538,23.217027922626098,66.0,98.0,141.0,0.0,0.0,0.0012509379863739013,gamma,-0.3,1.0,1.0,0.5,D4,50,1000,0.05,0.05,0.5,0.8,0.2,none,1,100255,5000,0.004756048780237646,0.0031795735563122296,0.0,A,1.0,50,1.0,A_0255,A,5000,50
1.0,1.0,0.949,0.4986606597665675,-0.0013393402334325177,0.05384934631709518,918.1854,115.8135839478254,674.0,1000.0,1000.0,0.0,0.5096,0.0011180284976959227,gamma,-0.3,1.0,1.0,0.5,D5,50,1000,0.05,0.05,0.5,0.8,0.2,none,1,100256,5000,0.0,0.0031112376958374634,0.0,A,1.0,50,1.0,A_0256,A,5000,50
0.8284,0.8284,0.953,0.5011409935568052,0.001140993556805192,0.17351782292458376,84.0,0.0,84.0,84.0,84.0,0.0,0.0,0.0011848516464233398,gamma,-0.3,1.0,1.0,0.5,D6,50,1000,0.05,0.05,0.5,0.8,0.2,none,1,100257,5000,0.0053320435107001895,0.002993025225419928,0.0,A,1.0,50,1.0,A_0257,A,5000,50
0.9996,0.9996,0.951,1.0002508189208148,0.0002508189208147993,0.1787674498833553,83.1072,19.138278610157183,55.0,81.0,117.0,0.0,0.0,0.001174699592590332,gamma,-0.3,1.0,1.0,1.0,D1,50,1000,0.05,0.05,0.5,0.8,0.2,none,1,100258,5000,0.0002827861382741226,0.0030528347482299146,0.0,A,2.0,50,1.0,A_0258,A,5000,50
1.0,1.0,0.9414,0.98995902293077,-0.010040977069230017,0.16294324840295094,103.109,21.592469034364733,71.0,101.0,142.0,0.0,0.0,0.0013929531574249268,gamma,-0.3,1.0,1.0,1.0,D2,50,1000,0.05,0.05,0.5,0.8,0.2,none,1,100259,5000,0.0,0.0033216273120264404,0.0,A,2.0,50,1.0,A_0259,A,5000,50
0.9992,0.9992,0.7832,0.9831928970915533,-0.01680710290844667,0.2004611243138921,65.5132,11.80275500720065,50.0,64.0,87.0,0.0,0.0,0.001171210241317749,gamma,-0.3,1.0,1.0,1.0,D3,50,1000,0.05,0.05,0.5,0.8,0.2,none,1,100260,5000,0.0003998399679871993,0.005827482475306125,0.0,A,2.0,50,1.0,A_0260,A,5000,50
0.9998,0.9998,0.9464,0.9990639832946021,-0.0009360167053978907,0.1668758121987453,100.0832,22.99378780801458,67.0,98.0,141.0,0.0,0.0,0.0012204375743865967,gamma,-0.3,1.0,1.0,1.0,D4,50,1000,0.05,0.05,0.5,0.8,0.2,none,1,100261,5000,0.00019997999899988897,0.0031851857088716186,0.0,A,2.0,50,1.0,A_0261,A,5000,50
1.0,1.0,0.9484,0.9993835754839095,-0.0006164245160904525,0.05335496591458736,918.683,114.37712057487721,676.0,1000.0,1000.0,0.0,0.5118,0.001090830421447754,gamma,-0.3,1.0,1.0,1.0,D5,50,1000,0.05,0.05,0.5,0.8,0.2,none,1,100262,5000,0.0,0.003128496124338337,0.0,A,2.0,50,1.0,A_0262,A,5000,50
1.0,1.0,0.9476,1.0027038830921329,0.002703883092132875,0.17573705558689698,84.0,0.0,84.0,84.0,84.0,0.0,0.0,0.0011618900775909424,gamma,-0.3,1.0,1.0,1.0,D6,50,1000,0.05,0.05,0.5,0.8,0.2,none,1,100263,5000,0.0,0.003151324800778238,0.0,A,2.0,50,1.0,A_0263,A,5000,50
0.0484,0.0484,0.9516,0.0018476812634178393,0.0018476812634178393,0.17910525701130892,65.3324,14.87709347419717,43.0,64.0,92.0,0.0,0.0,0.0011538050651550293,gamma,0.0,1.0,1.0,0.0,D1,50,1000,0.05,0.05,0.5,0.8,0.2,none,1,100264,5000,0.0030350433275325743,0.0030350433275325743,0.0,A,0.0,50,1.0,A_0264,A,5000,50
0.0558,0.0558,0.9442,-0.012005856640980497,-0.012005856640980497,0.1614481517108592,80.6482,17.304023715887585,53.0,79.0,111.0,0.0,0.0,0.0014024381637573243,gamma,0.0,1.0,1.0,0.0,D2,50,1000,0.05,0.05,0.5,0.8,0.2,none,1,100265,5000,0.003246116448927857,0.0032461164489278557,0.0,A,0.0,50,1.0,A_0265,A,5000,50
0.0496,0.0496,0.8422,-0.011088432066275434,-0.011088432066275434,0.1738160002612081,65.5126,11.39127039622886,50.0,64.0,87.0,0.0,0.0,0.0011536675453186036,gamma,0.0,1.0,1.0,0.0,D3,50,1000,0.05,0.05,0.5,0.8,0.2,none,1,100266,5000,0.0030704996336101396,0.005155563208806581,0.0,A,0.0,50,1.0,A_0266,A,5000,50
0.0522,0.0522,0.9478,0.00045193867349658205,0.00045193867349658205,0.1640131222511319,78.7804,17.875216805398473,53.0,77.0,111.0,0.0,0.0,0.0012320563316345215,gamma,0.0,1.0,1.0,0.0,D4,50,1000,0.05,0.05,0.5,0.8,0.2,none,1,100267,5000,0.003145636978419474,0.003145636978419475,0.0,A,0.0,50,1.0,A_0267,A,5000,50
0.0514,0.0514,0.9486,-0.00014227523984341,-0.00014227523984341,0.05101927733103108,783.4872,153.87696200588312,526.0,785.0,1000.0,0.0,0.1452,0.00108536114692688,gamma,0.0,1.0,1.0,0.0,D5,50,1000,0.05,0.05,0.5,0.8,0.2,none,1,100268,5000,0.0031227564746550444,0.0031227564746550444,0.0,A,0.0,50,1.0,A_0268,A,5000,50
0.055,0.055,0.945,0.00425112508523423,0.00425112508523423,0.17602678374204853,65.0,0.0,65.0,65.0,65.0,0.0,0.0,0.0011456295967102051,gamma,0.0,1.0,1.0,0.0,D6,50,1000,0.05,0.05,0.5,0.8,0.2,none,1,100269,5000,0.0032241277890307017,0.003224127789030703,0.0,A,0.0,50,1.0,A_0269,A,5000,50
0.2788,0.2788,0.9466,0.2469298765435591,-0.003070123456440893,0.18096483590918785,65.0742,14.711610868970128,44.0,64.0,91.0,0.0,0.0,0.0011503248691558839,gamma,0.0,1.0,1.0,0.25,D1,50,1000,0.05,0.05,0.5,0.8,0.2,none,1,100270,5000,0.006341459768854487,0.0031795735563122296,0.0,A,0.5,50,1.0,A_0270,A,5000,50
0.351,0.351,0.9454,0.24447162944220116,-0.00552837055779884,0.16125134237418232,80.5098,17.044503629029506,53.0,79.0,110.0,0.0,0.0,0.0014206686496734619,gamma,0.0,1.0,1.0,0.25,D2,50,1000,0.05,0.05,0.5,0.8,0.2,none,1,100271,5000,0.006749799997036949,0.003213062090903317,0.0,A,0.5,50,1.0,A_0271,A,5000,50
0.2874,0.2874,0.8314,0.23949535126058757,-0.010504648739412425,0.17677926467672697,65.5502,11.61648311495351,50.0,64.0,87.0,0.0,0.0,0.001199935531616211,gamma,0.0,1.0,1.0,0.25,D3,50,1000,0.05,0.05,0.5,0.8,0.2,none,1,100272,5000,0.006400019374970672,0.005294790647419404,0.0,A,0.5,50,1.0,A_0272,A,5000,50
0.328,0.328,0.9474,0.2490217007809969,-0.0009782992190031092,0.16526408728388017,78.1634,18.02216136982465,53.0,76.0,110.0,0.0,0.0,0.001192805528640747,gamma,0.0,1.0,1.0,0.25,D4,50,1000,0.05,0.05,0.5,0.8,0.2,none,1,100273,5000,0.006639518054798857,0.0031569998416217885,0.0,A,0.5,50,1.0,A_0273,A,5000,50
0.9948,0.9948,0.9516,0.25060443748059114,0.0006044374805911357,0.051239281773549715,783.2612,151.22767529311557,536.0,781.0,1000.0,0.0,0.1418,0.0011129356861114502,gamma,0.0,1.0,1.0,0.25,D5,50,1000,0.05,0.05,0.5,0.8,0.2,none,1,100274,5000,0.001017148956643026,0.0030350433275325743,0.0,A,0.5,50,1.0,A_0274,A,5000,50
0.2774,0.2774,0.947,0.24809689685176226,-0.0019031031482377447,0.17516529360536562,65.0,0.0,65.0,65.0,65.0,0.0,0.0,0.0011150801658630371,gamma,0.0,1.0,1.0,0.25,D6,50,1000,0.05,0.05,0.5,0.8,0.2,none,1,100275,5000,0.0063316544441401725,0.0031683118533376744,0.0,A,0.5,50,1.0,A_0275,A,5000,50
0.8038,0.8038,0.9472,0.5011408679903439,0.0011408679903438523,0.18012439158210247,65.1682,14.787978521758815,44.0,64.0,92.0,0.0,0.0,0.0011834420680999756,gamma,0.0,1.0,1.0,0.5,D1,50,1000,0.05,0.05,0.5,0.8,0.2,none,1,100276,5000,0.005616147433962182,0.003162662169755093,0.0,A,1.0,50,1.0,A_0276,A,5000,50
0.8676,0.8676,0.941,0.49001463353317487,-0.00998536646682513,0.16268546811709564,80.5542,17.34059579022589,53.0,79.0,111.0,0.0,0.0,0.0014092499256134034,gamma,0.0,1.0,1.0,0.5,D2,50,1000,0.05,0.05,0.5,0.8,0.2,none,1,100277,5000,0.004793125076607119,0.003332236486205625,0.0,A,1.0,50,1.0,A_0277,A,5000,50
0.8098,0.8098,0.8356,0.4967702191000601,-0.003229780899939916,0.17621256219119444,65.4914,11.283542264732294,50.0,64.0,86.0,0.0,0.0,0.0012243816375732421,gamma,0.0,1.0,1.0,0.5,D3,50,1000,0.05,0.05,0.5,0.8,0.2,none,1,100278,5000,0.005550206482645489,0.005241615018293503,0.0,A,1.0,50,1.0,A_0278,A,5000,50
0.8596,0.8596,0.9494,0.4970085045838438,-0.0029914954161561758,0.16500407228838188,78.322,17.905650393102174,53.0,77.0,109.0,0.0,0.0,0.0011372531414031981,gamma,0.0,1.0,1.0,0.5,D4,50,1000,0.05,0.05,0.5,0.8,0.2,none,1,100279,5000,0.004912999898229187,0.0030996657884359074,0.0,A,1.0,50,1.0,A_0279,A,5000,50
1.0,1.0,0.9532,0.49979856199020434,-0.0002014380097956625,0.051488646279720655,785.2822,153.3633533904368,523.0,786.0,1000.0,0.0,0.1438,0.0011589967250823974,gamma,0.0,1.0,1.0,0.5,D5,50,1000,0.05,0.05,0.5,0.8,0.2,none,1,100280,5000,0.0,0.002986963675708158,0.0,A,1.0,50,1.0,A_0280,A,5000,50
0.816,0.816,0.9496,0.5006646913351741,0.0006646913351741057,0.1774876069071179,65.0,0.0,65.0,65.0,65.0,0.0,0.0,0.001064417791366577,gamma,0.0,1.0,1.0,0.5,D6,50,1000,0.05,0.05,0.5,0.8,0.2,none,1,100281,5000,0.005479854012653987,0.0030938597253269257,0.0,A,1.0,50,1.0,A_0281,A,5000,50
0.9994,0.9994,0.9456,0.9969620453833399,-0.0030379546166601212,0.17832491809713186,65.1078,14.74011462506313,44.0,64.0,92.0,0.0,0.0,0.0012219830989837646,gamma,0.0,1.0,1.0,1.0,D1,50,1000,0.05,0.05,0.5,0.8,0.2,none,1,100282,5000,0.0003463062228721987,0.003207511184703804,0.0,A,2.0,50,1.0,A_0282,A,5000,50
1.0,1.0,0.9464,0.9946867823992251,-0.0053132176007748555,0.15989816100221377,80.6418,17.44210688993735,53.0,79.0,111.0,0.0,0.0,0.0013172133922576903,gamma,0.0,1.0,1.0,1.0,D2,50,1000,0.05,0.05,0.5,0.8,0.2,none,1,100283,5000,0.0,0.0031851857088716186,0.0,A,2.0,50,1.0,A_0283,A,5000,50
0.9996,0.9996,0.8388,0.9927050837385468,-0.007294916261453177,0.17525795259565913,65.5146,11.36963441980436,50.0,64.0,87.0,0.0,0.0,0.0012271009922027588,gamma,0.0,1.0,1.0,1.0,D3,50,1000,0.05,0.05,0.5,0.8,0.2,none,1,100284,5000,0.0002827861382741226,0.005200279992461945,0.0,A,2.0,50,1.0,A_0284,A,5000,50
1.0,1.0,0.9546,0.9944289721103814,-0.005571027889618607,0.16007308777139156,78.98,18.324890177024255,53.0,77.0,113.0,0.0,0.0,0.0011543855190277099,gamma,0.0,1.0,1.0,1.0,D4,50,1000,0.05,0.05,0.5,0.8,0.2,none,1,100285,5000,0.0,0.002944107334999864,0.0,A,2.0,50,1.0,A_0285,A,5000,50
1.0,1.0,0.9448,0.9995113175064887,-0.0004886824935113054,0.051185005549309354,786.0068,153.34809406627784,531.0,786.5,1000.0,0.0,0.1426,0.0011711795330047608,gamma,0.0,1.0,1.0,1.0,D5,50,1000,0.05,0.05,0.5,0.8,0.2,none,1,100286,5000,0.0,0.0032296427046966053,0.0,A,2.0,50,1.0,A_0286,A,5000,50
1.0,1.0,0.9498,0.9961842007143803,-0.003815799285619703,0.17331799829223776,65.0,0.0,65.0,65.0,65.0,0.0,0.0,0.0010649291515350341,gamma,0.0,1.0,1.0,1.0,D6,50,1000,0.05,0.05,0.5,0.8,0.2,none,1,100287,5000,0.0,0.003088040155179334,0.0,A,2.0,50,1.0,A_0287,A,5000,50
0.053,0.053,0.947,-0.002275312838285533,-0.002275312838285533,0.17806715504143586,47.4934,10.601790246934712,32.0,46.0,67.0,0.0,0.0,0.0012259851932525634,gamma,0.3,1.0,1.0,0.0,D1,50,1000,0.05,0.05,0.5,0.8,0.2,none,1,100288,5000,0.003168311853337673,0.0031683118533376744,0.0,A,0.0,50,1.0,A_0288,A,5000,50
0.0508,0.0508,0.9492,-0.004437390235093265,-0.004437390235093265,0.155372803272676,59.6828,10.75426353405941,50.0,57.0,81.0,0.0,0.0,0.0013271358489990233,gamma,0.3,1.0,1.0,0.0,D2,50,1000,0.05,0.05,0.5,0.8,0.2,none,1,100289,5000,0.0031054584202658392,0.003105458420265838,0.0,A,0.0,50,1.0,A_0289,A,5000,50
0.0206,0.0206,0.8968,-0.00448099382489817,-0.00448099382489817,0.14900865937454708,65.698,11.748616769645693,50.0,64.0,88.0,0.0,0.0,0.0012202649116516114,gamma,0.3,1.0,1.0,0.0,D3,50,1000,0.05,0.05,0.5,0.8,0.2,none,1,100290,5000,0.002008762803319496,0.0043023193744769804,0.0,A,0.0,50,1.0,A_0290,A,5000,50
0.0544,0.0544,0.9456,-0.00042999214523031635,-0.00042999214523031635,0.16626041935984198,56.4026,12.757512031740358,38.0,55.0,79.0,0.0,0.0,0.0011464874267578125,gamma,0.3,1.0,1.0,0.0,D4,50,1000,0.05,0.05,0.5,0.8,0.2,none,1,100291,5000,0.0032075111847038036,0.003207511184703804,0.0,A,0.0,50,1.0,A_0291,A,5000,50
0.0478,0.0478,0.9522,0.00018654828526936965,0.00018654828526936965,0.05108795957077282,571.108,134.05918519818027,380.0,558.0,818.0500000000002,0.0,0.0066,0.0012038984775543213,gamma,0.3,1.0,1.0,0.0,D5,50,1000,0.05,0.05,0.5,0.8,0.2,none,1,100292,5000,0.003017123133052412,0.0030171231330524103,0.0,A,0.0,50,1.0,A_0292,A,5000,50
0.052,0.052,0.948,0.001380850876220298,0.001380850876220298,0.17671207928829324,46.0,0.0,46.0,46.0,46.0,0.0,0.0,0.0010650047302246093,gamma,0.3,1.0,1.0,0.0,D6,50,1000,0.05,0.05,0.5,0.8,0.2,none,1,100293,5000,0.003139936305086458,0.00313993630508646,0.0,A,0.0,50,1.0,A_0293,A,5000,50
0.2858,0.2858,0.9472,0.2527244224951235,0.002724422495123502,0.17998516777719673,47.406,10.377069143067324,32.95000000000002,46.0,66.0,0.0,0.0,0.0012206934928894043,gamma,0.3,1.0,1.0,0.25,D1,50,1000,0.05,0.05,0.5,0.8,0.2,none,1,100294,5000,0.006389340498048292,0.003162662169755093,0.0,A,0.5,50,1.0,A_0294,A,5000,50
0.3474,0.3474,0.9524,0.24345977314800651,-0.006540226851993486,0.1545036808064503,59.3286,10.684559983452758,50.0,56.0,80.0,0.0,0.0,0.001330274772644043,gamma,0.3,1.0,1.0,0.25,D2,50,1000,0.05,0.05,0.5,0.8,0.2,none,1,100295,5000,0.00673369497378668,0.0030111207215918786,0.0,A,0.5,50,1.0,A_0295,A,5000,50
0.2416,0.2416,0.9002,0.23986356270231995,-0.010136437297680045,0.1474319943990037,65.6248,11.686232282476677,50.0,64.0,87.0,0.0,0.0,0.0012883175373077393,gamma,0.3,1.0,1.0,0.25,D3,50,1000,0.05,0.05,0.5,0.8,0.2,none,1,100296,5000,0.0060535847231206735,0.004238866829708148,0.0,A,0.5,50,1.0,A_0296,A,5000,50
0.3276,0.3276,0.9442,0.24999693331549616,-3.0666845038385127e-06,0.1635713162247469,56.9418,12.917786681935882,38.0,56.0,80.0,0.0,0.0,0.0011970107078552246,gamma,0.3,1.0,1.0,0.25,D4,50,1000,0.05,0.05,0.5,0.8,0.2,none,1,100297,5000,0.006637442881110164,0.0032461164489278557,0.0,A,0.5,50,1.0,A_0297,A,5000,50
0.997,0.997,0.9506,0.25041910876526924,0.00041910876526923824,0.05096489386212253,573.0238,132.77472663711268,376.0,562.0,817.1000000000004,0.0,0.0066,0.0011287760257720947,gamma,0.3,1.0,1.0,0.25,D5,50,1000,0.05,0.05,0.5,0.8,0.2,none,1,100298,5000,0.0007734339015067807,0.003064625262572897,0.0,A,0.5,50,1.0,A_0298,A,5000,50
0.2632,0.2632,0.9512,0.245648185500596,-0.004351814499404,0.17534552055813205,46.0,0.0,46.0,46.0,46.0,0.0,0.0,0.0010850707530975342,gamma,0.3,1.0,1.0,0.25,D6,50,1000,0.05,0.05,0.5,0.8,0.2,none,1,100299,5000,0.006227772635541538,0.0030469184432800286,0.0,A,0.5,50,1.0,A_0299,A,5000,50
0.7958,0.7958,0.9498,0.4976053389693443,-0.0023946610306557203,0.1778661648839558,47.186,10.364333263649911,32.0,46.0,65.0,0.0,0.0,0.0012133997917175292,gamma,0.3,1.0,1.0,0.5,D1,50,1000,0.05,0.05,0.5,0.8,0.2,none,1,100300,5000,0.005700918522483899,0.003088040155179334,0.0,A,1.0,50,1.0,A_0300,A,5000,50
0.8866,0.8866,0.948,0.4948463962355421,-0.0051536037644578925,0.15768162723100101,59.557,10.762376642730917,50.0,56.0,81.0,0.0,0.0,0.0014142629146575928,gamma,0.3,1.0,1.0,0.5,D2,50,1000,0.05,0.05,0.5,0.8,0.2,none,1,100301,5000,0.004484204277238046,0.00313993630508646,0.0,A,1.0,50,1.0,A_0301,A,5000,50
0.8474,0.8474,0.8888,0.4961265155481293,-0.00387348445187069,0.15242639862405835,65.7106,11.717783392775274,50.0,64.0,87.0,0.0,0.0,0.0011547224044799805,gamma,0.3,1.0,1.0,0.5,D3,50,1000,0.05,0.05,0.5,0.8,0.2,none,1,100302,5000,0.005085533207049187,0.004445999550157421,0.0,A,1.0,50,1.0,A_0302,A,5000,50
0.8642,0.8642,0.9474,0.4996949567432199,-0.000305043256780102,0.16300874276594185,56.8076,12.92322646400658,38.0,56.0,80.0,0.0,0.0,0.0012308940410614014,gamma,0.3,1.0,1.0,0.5,D4,50,1000,0.05,0.05,0.5,0.8,0.2,none,1,100303,5000,0.004844757166257149,0.0031569998416217885,0.0,A,1.0,50,1.0,A_0303,A,5000,50
1.0,1.0,0.9504,0.5007952635534509,0.0007952635534509422,0.051506027587399854,572.9878,133.13029726985513,380.95000000000005,559.0,813.0,0.0,0.0084,0.0010813146591186523,gamma,0.3,1.0,1.0,0.5,D5,50,1000,0.05,0.05,0.5,0.8,0.2,none,1,100304,5000,0.0,0.0030704996336101387,0.0,A,1.0,50,1.0,A_0304,A,5000,50
0.8124,0.8124,0.9522,0.5043482796841443,0.004348279684144307,0.1769747670867831,46.0,0.0,46.0,46.0,46.0,0.0,0.0,0.0011390361309051515,gamma,0.3,1.0,1.0,0.5,D6,50,1000,0.05,0.05,0.5,0.8,0.2,none,1,100305,5000,0.0055209825212547085,0.0030171231330524103,0.0,A,1.0,50,1.0,A_0305,A,5000,50
0.9988,0.9988,0.9446,1.0000602123067817,6.0212306781659564e-05,0.18261582898111806,47.3462,10.874830829029019,32.0,46.0,66.0,0.0,0.0,0.001151389980316162,gamma,0.3,1.0,1.0,1.0,D1,50,1000,0.05,0.05,0.5,0.8,0.2,none,1,100306,5000,0.0004896039215529179,0.0032351457463304493,0.0,A,2.0,50,1.0,A_0306,A,5000,50
1.0,1.0,0.948,0.9926075361888655,-0.007392463811134453,0.15535696538359733,59.6092,10.701162336867897,50.0,57.0,80.0,0.0,0.0,0.001417698049545288,gamma,0.3,1.0,1.0,1.0,D2,50,1000,0.05,0.05,0.5,0.8,0.2,none,1,100307,5000,0.0,0.00313993630508646,0.0,A,2.0,50,1.0,A_0307,A,5000,50
1.0,1.0,0.9026,0.9915409440114218,-0.008459055988578212,0.1471517794707843,65.7942,11.943142231423018,50.0,64.0,88.0,0.0,0.0,0.0011472147941589356,gamma,0.3,1.0,1.0,1.0,D3,50,1000,0.05,0.05,0.5,0.8,0.2,none,1,100308,5000,0.0,0.004193166822343228,0.0,A,2.0,50,1.0,A_0308,A,5000,50
0.9998,0.9998,0.952,1.002026997623927,0.002026997623927107,0.16279164289575743,56.5446,12.612185014500858,38.0,55.0,80.0,0.0,0.0,0.0012279072761535645,gamma,0.3,1.0,1.0,1.0,D4,50,1000,0.05,0.05,0.5,0.8,0.2,none,1,100309,5000,0.00019997999899988897,0.0030231109804305907,0.0,A,2.0,50,1.0,A_0309,A,5000,50
1.0,1.0,0.9526,1.0002152094272823,0.00021520942728225911,0.051185243369837076,570.69,130.6585209620865,380.0,559.0,813.0,0.0,0.003,0.0010827232360839845,gamma,0.3,1.0,1.0,1.0,D5,50,1000,0.05,0.05,0.5,0.8,0.2,none,1,100310,5000,0.0,0.0030051036587778464,0.0,A,2.0,50,1.0,A_0310,A,5000,50
1.0,1.0,0.9496,0.9970584287946626,-0.0029415712053374454,0.17326437352305893,46.0,0.0,46.0,46.0,46.0,0.0,0.0,0.0011459564685821534,gamma,0.3,1.0,1.0,1.0,D6,50,1000,0.05,0.05,0.5,0.8,0.2,none,1,100311,5000,0.0,0.0030938597253269257,0.0,A,2.0,50,1.0,A_0311,A,5000,50
0.05,0.05,0.95,0.0007111858855923419,0.0007111858855923419,0.1748705995668995,29.5828,6.451972114012894,20.0,29.0,41.0,0.0,0.0,0.0011443756103515625,gamma,0.6,1.0,1.0,0.0,D1,50,1000,0.05,0.05,0.5,0.8,0.2,none,1,100312,5000,0.0030822070014844883,0.0030822070014844896,0.0,A,0.0,50,1.0,A_0312,A,5000,50
0.0492,0.0492,0.9508,0.00437782720658952,0.00437782720658952,0.13144062849796032,50.2198,1.5746389935474099,50.0,50.0,50.0,0.0,0.0,0.001415959358215332,gamma,0.6,1.0,1.0,0.0,D2,50,1000,0.05,0.05,0.5,0.8,0.2,none,1,100313,5000,0.0030587369942510585,0.0030587369942510594,0.0,A,0.0,50,1.0,A_0313,A,5000,50
0.0042,0.0042,0.9642,-0.007221040216421704,-0.007221040216421704,0.11497088841676882,65.7514,12.550314659003575,50.0,64.0,89.0,0.0,0.0,0.001155084753036499,gamma,0.6,1.0,1.0,0.0,D3,50,1000,0.05,0.05,0.5,0.8,0.2,none,1,100314,5000,0.0009145884320283086,0.0026274839676009463,0.0,A,0.0,50,1.0,A_0314,A,5000,50
0.0528,0.0528,0.9472,-0.0051987143207836,-0.0051987143207836,0.16154232949330782,35.288,7.7122147273011015,24.0,34.0,49.0,0.0,0.0,0.0012627758979797364,gamma,0.6,1.0,1.0,0.0,D4,50,1000,0.05,0.05,0.5,0.8,0.2,none,1,100315,5000,0.003162662169755094,0.003162662169755093,0.0,A,0.0,50,1.0,A_0315,A,5000,50
0.0482,0.0482,0.9518,-0.0007297578361827698,-0.0007297578361827698,0.05109001995333478,344.0646,82.31891415002994,228.0,334.0,493.0,0.0,0.0002,0.0011082353115081788,gamma,0.6,1.0,1.0,0.0,D5,50,1000,0.05,0.05,0.5,0.8,0.2,none,1,100316,5000,0.0030290843500965763,0.003029084350096577,0.0,A,0.0,50,1.0,A_0316,A,5000,50
0.0526,0.0526,0.9474,0.0016140765674923542,0.0016140765674923542,0.17697964253793735,28.0,0.0,28.0,28.0,28.0,0.0,0.0,0.0011651740074157715,gamma,0.6,1.0,1.0,0.0,D6,50,1000,0.05,0.05,0.5,0.8,0.2,none,1,100317,5000,0.003156999841621789,0.0031569998416217885,0.0,A,0.0,50,1.0,A_0317,A,5000,50
0.286,0.286,0.9494,0.25167077942822297,0.0016707794282229682,0.1745010364690061,29.5862,6.479025355715164,20.0,29.0,41.0,0.0,0.0,0.0011713724136352538,gamma,0.6,1.0,1.0,0.25,D1,50,1000,0.05,0.05,0.5,0.8,0.2,none,1,100318,5000,0.006390680714916056,0.0030996657884359074,0.0,A,0.5,50,1.0,A_0318,A,5000,50
0.466,0.466,0.9532,0.2516725593206059,0.001672559320605893,0.1297789554727984,50.2186,1.448866467277092,50.0,50.0,50.0,0.0,0.0,0.0014638558387756347,gamma,0.6,1.0,1.0,0.25,D2,50,1000,0.05,0.05,0.5,0.8,0.2,none,1,100319,5000,0.00705470056061914,0.002986963675708158,0.0,A,0.5,50,1.0,A_0319,A,5000,50
0.2002,0.2002,0.961,0.24325398740997212,-0.006746012590027883,0.11626012931447459,65.6848,12.667385245582452,50.0,64.0,89.0,0.0,0.0,0.0012335284233093262,gamma,0.6,1.0,1.0,0.25,D3,50,1000,0.05,0.05,0.5,0.8,0.2,none,1,100320,5000,0.0056589744653956515,0.0027378458685616337,0.0,A,0.5,50,1.0,A_0320,A,5000,50
0.3238,0.3238,0.9548,0.24840395794236156,-0.0015960420576384415,0.15906798220296986,35.0804,7.6473221352313905,24.0,34.0,49.0,0.0,0.0,0.0011532406806945802,gamma,0.6,1.0,1.0,0.25,D4,50,1000,0.05,0.05,0.5,0.8,0.2,none,1,100321,5000,0.006617455099961011,0.0029379230759160463,0.0,A,0.5,50,1.0,A_0321,A,5000,50
0.9962,0.9962,0.9482,0.2502497508196302,0.0002497508196301901,0.05109889694284201,344.7562,82.00993574902982,229.0,336.0,494.0,0.0,0.0,0.0011565762996673583,gamma,0.6,1.0,1.0,0.25,D5,50,1000,0.05,0.05,0.5,0.8,0.2,none,1,100322,5000,0.0008701218305501851,0.0031342227106573,0.0,A,0.5,50,1.0,A_0322,A,5000,50
0.2688,0.2688,0.95,0.24954935433886022,-0.00045064566113978133,0.17632988309002323,28.0,0.0,28.0,28.0,28.0,0.0,0.0,0.0010675195217132569,gamma,0.6,1.0,1.0,0.25,D6,50,1000,0.05,0.05,0.5,0.8,0.2,none,1,100323,5000,0.006269713869069306,0.0030822070014844896,0.0,A,0.5,50,1.0,A_0323,A,5000,50
0.787,0.787,0.9524,0.4987991310306401,-0.0012008689693598917,0.17361332730926496,29.5024,6.552953093071856,20.0,29.0,41.0,0.0,0.0,0.0012282730579376221,gamma,0.6,1.0,1.0,0.5,D1,50,1000,0.05,0.05,0.5,0.8,0.2,none,1,100324,5000,0.005790181344310383,0.0030111207215918786,0.0,A,1.0,50,1.0,A_0324,A,5000,50
0.9696,0.9696,0.9482,0.4993610870178347,-0.000638912982165285,0.1315459586515959,50.2382,1.7232123374674406,50.0,50.0,50.0,0.0,0.0,0.0013367118835449219,gamma,0.6,1.0,1.0,0.5,D2,50,1000,0.05,0.05,0.5,0.8,0.2,none,1,100325,5000,0.0024279967051048477,0.0031342227106573,0.0,A,1.0,50,1.0,A_0325,A,5000,50
0.9082,0.9082,0.9666,0.4959298268415252,-0.004070173158474799,0.11456060095548157,65.8634,12.561956075388895,50.0,64.0,90.0,0.0,0.0,0.001224802303314209,gamma,0.6,1.0,1.0,0.5,D3,50,1000,0.05,0.05,0.5,0.8,0.2,none,1,100326,5000,0.0040834485425924,0.002541040731668817,0.0,A,1.0,50,1.0,A_0326,A,5000,50
0.8678,0.8678,0.955,0.5027643812164333,0.002764381216433298,0.1582776287979669,35.1632,7.733910121018992,24.0,34.0,49.0,0.0,0.0,0.0011478167057037353,gamma,0.6,1.0,1.0,0.5,D4,50,1000,0.05,0.05,0.5,0.8,0.2,none,1,100327,5000,0.0047900555320371805,0.0029317230428538106,0.0,A,1.0,50,1.0,A_0327,A,5000,50
1.0,1.0,0.9538,0.5002901423563834,0.0002901423563833605,0.05092724561292117,345.7566,83.44019029484532,230.0,335.0,498.0,0.0,0.0,0.0011583635330200195,gamma,0.6,1.0,1.0,0.5,D5,50,1000,0.05,0.05,0.5,0.8,0.2,none,1,100328,5000,0.0,0.002968688599365047,0.0,A,1.0,50,1.0,A_0328,A,5000,50
0.7966,0.7966,0.951,0.49701337509883725,-0.002986624901162749,0.17509421266815878,28.0,0.0,28.0,28.0,28.0,0.0,0.0,0.0010614745140075685,gamma,0.6,1.0,1.0,0.5,D6,50,1000,0.05,0.05,0.5,0.8,0.2,none,1,100329,5000,0.005692599406246676,0.0030528347482299146,0.0,A,1.0,50,1.0,A_0329,A,5000,50
1.0,1.0,0.948,0.998833756505525,-0.0011662434944750277,0.1748294763512786,29.5544,6.53858093472888,20.0,29.0,41.0,0.0,0.0,0.0012280291557312012,gamma,0.6,1.0,1.0,1.0,D1,50,1000,0.05,0.05,0.5,0.8,0.2,none,1,100330,5000,0.0,0.00313993630508646,0.0,A,2.0,50,1.0,A_0330,A,5000,50
1.0,1.0,0.9478,1.0013597081166496,0.0013597081166496494,0.1302499405277263,50.2576,1.6544613141442746,50.0,50.0,50.0,0.0,0.0,0.0013425880908966065,gamma,0.6,1.0,1.0,1.0,D2,50,1000,0.05,0.05,0.5,0.8,0.2,none,1,100331,5000,0.0,0.003145636978419475,0.0,A,2.0,50,1.0,A_0331,A,5000,50
1.0,1.0,0.9658,0.9936471108920254,-0.006352889107974602,0.11596669082484,65.7266,12.690368491103794,50.0,64.0,89.0,0.0,0.0,0.0012317025184631347,gamma,0.6,1.0,1.0,1.0,D3,50,1000,0.05,0.05,0.5,0.8,0.2,none,1,100332,5000,0.0,0.0025702280054501004,0.0,A,2.0,50,1.0,A_0332,A,5000,50
1.0,1.0,0.9504,1.003630652991453,0.0036306529914529317,0.15741577055885456,35.1562,7.768384745878644,24.0,34.0,49.0,0.0,0.0,0.0011575185775756836,gamma,0.6,1.0,1.0,1.0,D4,50,1000,0.05,0.05,0.5,0.8,0.2,none,1,100333,5000,0.0,0.0030704996336101387,0.0,A,2.0,50,1.0,A_0333,A,5000,50
1.0,1.0,0.954,0.9998586323759402,-0.00014136762405980718,0.05136939415761047,343.8618,81.4257987419221,230.0,334.0,489.0500000000002,0.0,0.0002,0.0011569100379943847,gamma,0.6,1.0,1.0,1.0,D5,50,1000,0.05,0.05,0.5,0.8,0.2,none,1,100334,5000,0.0,0.0029625664549508433,0.0,A,2.0,50,1.0,A_0334,A,5000,50
1.0,1.0,0.9402,1.0034069567712027,0.0034069567712027293,0.1802581879273227,28.0,0.0,28.0,28.0,28.0,0.0,0.0,0.0010613819599151612,gamma,0.6,1.0,1.0,1.0,D6,50,1000,0.05,0.05,0.5,0.8,0.2,none,1,100335,5000,0.0,0.0033533255135760375,0.0,A,2.0,50,1.0,A_0335,A,5000,50
0.0514,0.0514,0.9486,0.0006848573896083161,0.0006848573896083161,0.1605385189271439,11.7952,2.5134949691614663,8.0,11.0,16.0,0.0,0.0,0.0012396343231201171,gamma,0.9,1.0,1.0,0.0,D1,50,1000,0.05,0.05,0.5,0.8,0.2,none,1,100336,5000,0.0031227564746550444,0.0031227564746550444,0.0,A,0.0,50,1.0,A_0336,A,5000,50
0.0516,0.0516,0.9484,-0.00039471758031709586,-0.00039471758031709586,0.07692443489000521,50.0,0.0,50.0,50.0,50.0,0.0,0.0,0.0012026982784271241,gamma,0.9,1.0,1.0,0.0,D2,50,1000,0.05,0.05,0.5,0.8,0.2,none,1,100337,5000,0.0031284961243383375,0.003128496124338337,0.0,A,0.0,50,1.0,A_0337,A,5000,50
0.0002,0.0002,0.9986,-0.005595514265766301,-0.005595514265766301,0.06662887817388037,66.1772,13.765296951391932,50.0,64.0,92.0,0.0,0.0,0.0012259000778198242,gamma,0.9,1.0,1.0,0.0,D3,50,1000,0.05,0.05,0.5,0.8,0.2,none,1,100338,5000,0.00019997999899989998,0.000528779727296718,0.0,A,0.0,50,1.0,A_0338,A,5000,50
0.0462,0.0462,0.9538,0.0025934008012269386,0.0025934008012269386,0.1487971982875832,13.742,3.0430635878995367,10.0,13.0,19.0,0.0,0.0,0.0011633249759674072,gamma,0.9,1.0,1.0,0.0,D4,50,1000,0.05,0.05,0.5,0.8,0.2,none,1,100339,5000,0.002968688599365046,0.002968688599365047,0.0,A,0.0,50,1.0,A_0339,A,5000,50
0.0492,0.0492,0.9508,-0.0003277372915594525,-0.0003277372915594525,0.05076381332547423,118.1,33.07244170000153,75.0,113.0,177.05000000000018,0.0,0.0,0.0011598079681396484,gamma,0.9,1.0,1.0,0.0,D5,50,1000,0.05,0.05,0.5,0.8,0.2,none,1,100340,5000,0.0030587369942510585,0.0030587369942510594,0.0,A,0.0,50,1.0,A_0340,A,5000,50
0.054,0.054,0.946,-0.0021551892330888747,-0.0021551892330888747,0.1805914203027088,9.0,0.0,9.0,9.0,9.0,0.0,0.0,0.0010766542911529542,gamma,0.9,1.0,1.0,0.0,D6,50,1000,0.05,0.05,0.5,0.8,0.2,none,1,100341,5000,0.003196372944448129,0.0031963729444481302,0.0,A,0.0,50,1.0,A_0341,A,5000,50
0.2836,0.2836,0.9466,0.2462865186358524,-0.0037134813641475917,0.16241953293122405,11.7382,2.5660204130131157,8.0,11.0,16.0,0.0,0.0,0.001281581974029541,gamma,0.9,1.0,1.0,0.25,D1,50,1000,0.05,0.05,0.5,0.8,0.2,none,1,100342,5000,0.006374496686013728,0.0031795735563122296,0.0,A,0.5,50,1.0,A_0342,A,5000,50
0.9142,0.9142,0.9538,0.25118194690500256,0.0011819469050025622,0.07608525961113334,50.0,0.0,50.0,50.0,50.0,0.0,0.0,0.0011688925743103028,gamma,0.9,1.0,1.0,0.25,D2,50,1000,0.05,0.05,0.5,0.8,0.2,none,1,100343,5000,0.003960766592466665,0.002968688599365047,0.0,A,0.5,50,1.0,A_0343,A,5000,50
0.0756,0.0756,0.9992,0.24470715640489535,-0.0052928435951046515,0.06791751679088663,65.761,13.584162800850114,50.0,64.0,91.05000000000018,0.0,0.0,0.001243017053604126,gamma,0.9,1.0,1.0,0.25,D3,50,1000,0.05,0.05,0.5,0.8,0.2,none,1,100344,5000,0.0037385729897916934,0.0003998399679871993,0.0,A,0.5,50,1.0,A_0344,A,5000,50
0.3426,0.3426,0.9526,0.2523227211153643,0.0023227211153643013,0.14923193778947016,13.742,3.11670274488922,10.0,13.0,19.0,0.0,0.0,0.001169846534729004,gamma,0.9,1.0,1.0,0.25,D4,50,1000,0.05,0.05,0.5,0.8,0.2,none,1,100345,5000,0.006711560772279425,0.0030051036587778464,0.0,A,0.5,50,1.0,A_0345,A,5000,50
0.9958,0.9958,0.9478,0.2503668360614207,0.00036683606142068337,0.051607912566621526,118.689,33.03935651613088,75.0,114.0,179.0,0.0,0.0,0.0011704429626464843,gamma,0.9,1.0,1.0,0.25,D5,50,1000,0.05,0.05,0.5,0.8,0.2,none,1,100346,5000,0.0009145884320283065,0.003145636978419475,0.0,A,0.5,50,1.0,A_0346,A,5000,50
0.205,0.205,0.9504,0.2497167606951115,-0.000283239304888494,0.18025719785769717,9.0,0.0,9.0,9.0,9.0,0.0,0.0,0.001055628252029419,gamma,0.9,1.0,1.0,0.25,D6,50,1000,0.05,0.05,0.5,0.8,0.2,none,1,100347,5000,0.005709203096755273,0.0030704996336101387,0.0,A,0.5,50,1.0,A_0347,A,5000,50
0.8366,0.8366,0.9528,0.502176477405669,0.002176477405668953,0.15924376166609944,11.8036,2.597427003786632,8.0,11.0,16.0,0.0,0.0,0.001256999683380127,gamma,0.9,1.0,1.0,0.5,D1,50,1000,0.05,0.05,0.5,0.8,0.2,none,1,100348,5000,0.005228774999940234,0.002999071856424918,0.0,A,1.0,50,1.0,A_0348,A,5000,50
1.0,1.0,0.9526,0.5013965297678167,0.0013965297678166788,0.07676613502833593,50.0,0.0,50.0,50.0,50.0,0.0,0.0,0.0012287490367889405,gamma,0.9,1.0,1.0,0.5,D2,50,1000,0.05,0.05,0.5,0.8,0.2,none,1,100349,5000,0.0,0.0030051036587778464,0.0,A,1.0,50,1.0,A_0349,A,5000,50
0.985,0.985,0.9982,0.494320407831997,-0.0056795921680030115,0.06832676300264842,66.0218,13.716316005400284,50.0,64.0,92.0,0.0,0.0,0.0012197442531585692,gamma,0.9,1.0,1.0,0.5,D3,50,1000,0.05,0.05,0.5,0.8,0.2,none,1,100350,5000,0.0017190113437671093,0.0005994597567810576,0.0,A,1.0,50,1.0,A_0350,A,5000,50
0.8928,0.8928,0.9438,0.5001223632353526,0.0001223632353526405,0.1506281567697691,13.6616,3.006906290525197,10.0,13.0,19.0,0.0,0.0,0.0012823451042175292,gamma,0.9,1.0,1.0,0.5,D4,50,1000,0.05,0.05,0.5,0.8,0.2,none,1,100351,5000,0.004375115084200643,0.0032570403743275894,0.0,A,1.0,50,1.0,A_0351,A,5000,50
1.0,1.0,0.946,0.4989394397304179,-0.0010605602695821226,0.05143353722710608,118.0112,31.947148144396238,76.0,113.0,177.0,0.0,0.0,0.0010762987613677979,gamma,0.9,1.0,1.0,0.5,D5,50,1000,0.05,0.05,0.5,0.8,0.2,none,1,100352,5000,0.0,0.0031963729444481302,0.0,A,1.0,50,1.0,A_0352,A,5000,50
0.7146,0.7146,0.9546,0.5048266475606404,0.00482664756064044,0.18175248050351087,9.0,0.0,9.0,9.0,9.0,0.0,0.0,0.001122158432006836,gamma,0.9,1.0,1.0,0.5,D6,50,1000,0.05,0.05,0.5,0.8,0.2,none,1,100353,5000,0.006386655462759832,0.002944107334999864,0.0,A,1.0,50,1.0,A_0353,A,5000,50
0.9996,0.9996,0.9482,0.9984139646378426,-0.0015860353621574008,0.16212052224688178,11.8352,2.5473988615841066,9.0,11.0,16.0,0.0,0.0,0.0012299945354461669,gamma,0.9,1.0,1.0,1.0,D1,50,1000,0.05,0.05,0.5,0.8,0.2,none,1,100354,5000,0.0002827861382741226,0.0031342227106573,0.0,A,2.0,50,1.0,A_0354,A,5000,50
1.0,1.0,0.953,0.9996047306717399,-0.00039526932826006167,0.07541420463304618,50.0,0.0,50.0,50.0,50.0,0.0,0.0,0.0012767868518829347,gamma,0.9,1.0,1.0,1.0,D2,50,1000,0.05,0.05,0.5,0.8,0.2,none,1,100355,5000,0.0,0.002993025225419928,0.0,A,2.0,50,1.0,A_0355,A,5000,50
1.0,1.0,0.9992,0.995285755493179,-0.004714244506821008,0.06683630013837107,66.1832,13.81894488591658,50.0,64.0,92.0,0.0,0.0,0.0011888679504394532,gamma,0.9,1.0,1.0,1.0,D3,50,1000,0.05,0.05,0.5,0.8,0.2,none,1,100356,5000,0.0,0.0003998399679871993,0.0,A,2.0,50,1.0,A_0356,A,5000,50
1.0,1.0,0.9478,0.996900745379528,-0.003099254620472003,0.14913684043173484,13.698,3.005461029526086,10.0,13.0,19.0,0.0,0.0,0.0012332719326019288,gamma,0.9,1.0,1.0,1.0,D4,50,1000,0.05,0.05,0.5,0.8,0.2,none,1,100357,5000,0.0,0.003145636978419475,0.0,A,2.0,50,1.0,A_0357,A,5000,50
1.0,1.0,0.9536,1.0013071150101183,0.001307115010118265,0.05113566363567384,118.0896,32.242784802805105,75.0,114.0,176.0,0.0,0.0,0.0010680688381195069,gamma,0.9,1.0,1.0,1.0,D5,50,1000,0.05,0.05,0.5,0.8,0.2,none,1,100358,5000,0.0,0.0029747954551531774,0.0,A,2.0,50,1.0,A_0358,A,5000,50
0.9992,0.9992,0.9536,1.0019018546593366,0.001901854659336566,0.17947130794982064,9.0,0.0,9.0,9.0,9.0,0.0,0.0,0.0011663155555725097,gamma,0.9,1.0,1.0,1.0,D6,50,1000,0.05,0.05,0.5,0.8,0.2,none,1,100359,5000,0.0003998399679871993,0.0029747954551531774,0.0,A,2.0,50,1.0,A_0359,A,5000,50
0.0438,0.0438,0.9562,0.0043651524400616275,0.0043651524400616275,0.2413147044608197,192.8164,208.64480508999023,64.0,104.0,709.1500000000005,0.0256,0.0256,0.0001682297706604004,mix,-0.3,1.0,1.0,0.0,D1,50,1000,0.05,0.05,0.5,0.8,0.2,none,1,100360,5000,0.0028941858958954243,0.0028941858958954226,0.002233590830926739,A,0.0,50,1.0,A_0360,A,5000,50
0.0532,0.0532,0.9468,-0.0026760238652402913,-0.0026760238652402913,0.1492110102245774,282.9436,244.8555403070145,86.0,177.0,937.1000000000004,0.0442,0.0442,0.0003458644390106201,mix,-0.3,1.0,1.0,0.0,D2,50,1000,0.05,0.05,0.5,0.8,0.2,none,1,100361,5000,0.003173948959892077,0.003173948959892078,0.0029067631482458285,A,0.0,50,1.0,A_0361,A,5000,50
0.0768,0.0768,0.7922,-0.00030573930950975416,-0.00030573930950975416,0.2152354575762042,175.9978,213.02956366467072,54.0,80.0,696.0500000000002,0.0266,0.0266,0.00016522316932678224,mix,-0.3,1.0,1.0,0.0,D3,50,1000,0.05,0.05,0.5,0.8,0.2,none,1,100362,5000,0.0037656808149390463,0.005737929243202638,0.0022756291437754086,A,0.0,50,1.0,A_0362,A,5000,50
0.0384,0.0384,0.9616,-0.003541806241253718,-0.003541806241253718,0.22348372648897094,225.077,225.69292649748684,77.0,124.0,811.1000000000004,0.0366,0.0366,0.00016010994911193848,mix,-0.3,1.0,1.0,0.0,D4,50,1000,0.05,0.05,0.5,0.8,0.2,none,1,100363,5000,0.0027175518394319544,0.0027175518394319544,0.0026555767735089116,A,0.0,50,1.0,A_0363,A,5000,50
0.0486,0.0486,0.9514,0.001486637884652507,0.001486637884652507,0.08415223365388332,966.879,77.29436434178109,783.0,1000.0,1000.0,0.0,0.7606,0.00010152673721313477,mix,-0.3,1.0,1.0,0.0,D5,50,1000,0.05,0.05,0.5,0.8,0.2,none,1,100364,5000,0.0030409879973455995,0.003040987997345599,0.0,A,0.0,50,1.0,A_0364,A,5000,50
0.046,0.046,0.954,-0.0018253967171175695,-0.0018253967171175695,0.28512517883387195,84.0,0.0,84.0,84.0,84.0,0.0,0.0,8.96744728088379e-05,mix,-0.3,1.0,1.0,0.0,D6,50,1000,0.05,0.05,0.5,0.8,0.2,none,1,100365,5000,0.002962566454950842,0.0029625664549508433,0.0,A,0.0,50,1.0,A_0365,A,5000,50
0.3098,0.3098,0.9634,0.24573942457982656,-0.00426057542017344,0.23524374918485647,192.8276,208.23075440059282,63.0,103.0,714.0500000000002,0.0256,0.0256,0.00016079726219177246,mix,-0.3,1.0,1.0,0.25,D1,50,1000,0.05,0.05,0.5,0.8,0.2,none,1,100366,5000,0.0065394794899900095,0.0026555767735089103,0.002233590830926739,A,0.5,50,1.0,A_0366,A,5000,50
0.437,0.437,0.9484,0.25273181507261167,0.0027318150726116652,0.1499561717898563,280.31,240.12548448675747,85.0,179.0,904.0500000000002,0.0414,0.0414,0.0003195319652557373,mix,-0.3,1.0,1.0,0.25,D2,50,1000,0.05,0.05,0.5,0.8,0.2,none,1,100367,5000,0.007014713108887633,0.003128496124338337,0.002817305095299407,A,0.5,50,1.0,A_0367,A,5000,50
0.359,0.359,0.791,0.2518969873533974,0.0018969873533973836,0.21226330887730271,177.5432,213.98145091049363,54.0,80.0,716.1000000000004,0.027,0.027,0.00016961574554443358,mix,-0.3,1.0,1.0,0.25,D3,50,1000,0.05,0.05,0.5,0.8,0.2,none,1,100368,5000,0.006784084315513774,0.00575011304236708,0.002292204179387168,A,0.5,50,1.0,A_0368,A,5000,50
0.3542,0.3542,0.9574,0.2523196169012772,0.0023196169012771883,0.22117604388887832,221.7086,221.41100172764678,76.0,124.0,805.0500000000002,0.0338,0.034,0.00015965709686279297,mix,-0.3,1.0,1.0,0.25,D4,50,1000,0.05,0.05,0.5,0.8,0.2,none,1,100369,5000,0.006763761675280997,0.002856054621326419,0.002555682296374101,A,0.5,50,1.0,A_0369,A,5000,50
0.8474,0.8474,0.9556,0.2487949780304143,-0.00120502196958569,0.08226186187740099,968.2904,75.97374591159765,781.0,1000.0,1000.0,0.0,0.7762,0.00015006337165832519,mix,-0.3,1.0,1.0,0.25,D5,50,1000,0.05,0.05,0.5,0.8,0.2,none,1,100370,5000,0.005085533207049187,0.0029130272913242676,0.0,A,0.5,50,1.0,A_0370,A,5000,50
0.2002,0.2002,0.9606,0.250415770305171,0.00041577030517098157,0.2755172279714505,84.0,0.0,84.0,84.0,84.0,0.0,0.0,0.00014163050651550292,mix,-0.3,1.0,1.0,0.25,D6,50,1000,0.05,0.05,0.5,0.8,0.2,none,1,100371,5000,0.0056589744653956515,0.002751277521443447,0.0,A,0.5,50,1.0,A_0371,A,5000,50
0.7014,0.7014,0.959,0.5008317292073007,0.0008317292073006799,0.23615310051286884,198.0864,213.22914654202413,65.0,105.0,731.1500000000005,0.0262,0.0264,0.00018010592460632324,mix,-0.3,1.0,1.0,0.5,D1,50,1000,0.05,0.05,0.5,0.8,0.2,none,1,100372,5000,0.006472063658524999,0.0028042467794400705,0.0022589183252167398,A,1.0,50,1.0,A_0372,A,5000,50
0.9076,0.9076,0.953,0.49827003889682175,-0.0017299611031782458,0.14789021649286424,284.1246,245.1765810081379,85.0,181.5,971.2500000000009,0.0468,0.0468,0.0003189908027648926,mix,-0.3,1.0,1.0,0.5,D2,50,1000,0.05,0.05,0.5,0.8,0.2,none,1,100373,5000,0.004095417927391539,0.002993025225419928,0.0029869636757081596,A,1.0,50,1.0,A_0373,A,5000,50
0.773,0.773,0.7928,0.4998873324579991,-0.00011266754200089935,0.21637597253402444,172.7454,209.3970663090579,54.0,79.0,689.0500000000002,0.0234,0.0236,0.0001644963264465332,mix,-0.3,1.0,1.0,0.5,D3,50,1000,0.05,0.05,0.5,0.8,0.2,none,1,100374,5000,0.005924035786522563,0.00573180878955326,0.0021378699679821503,A,1.0,50,1.0,A_0374,A,5000,50
0.7554,0.7554,0.9544,0.5102992473649267,0.010299247364926711,0.22080741117143704,228.1866,231.6546588792032,77.0,127.0,893.0500000000002,0.0406,0.0406,0.0001597747325897217,mix,-0.3,1.0,1.0,0.5,D4,50,1000,0.05,0.05,0.5,0.8,0.2,none,1,100375,5000,0.0060789939957200155,0.002950275919299752,0.0027911159058699084,A,1.0,50,1.0,A_0375,A,5000,50
0.9998,0.9998,0.9538,0.5015517635273711,0.001551763527371075,0.08281402756446367,966.8474,77.63187820244978,780.95,1000.0,1000.0,0.0,0.7644,0.00010602970123291016,mix,-0.3,1.0,1.0,0.5,D5,50,1000,0.05,0.05,0.5,0.8,0.2,none,1,100376,5000,0.00019997999899988897,0.002968688599365047,0.0,A,1.0,50,1.0,A_0376,A,5000,50
0.6016,0.6016,0.9588,0.5045799354982489,0.004579935498248866,0.2775620239522992,84.0,0.0,84.0,84.0,84.0,0.0,0.0,8.913869857788086e-05,mix,-0.3,1.0,1.0,0.5,D6,50,1000,0.05,0.05,0.5,0.8,0.2,none,1,100377,5000,0.0069235459123197845,0.0028107849437479207,0.0,A,1.0,50,1.0,A_0377,A,5000,50
0.9468,0.9468,0.9572,1.0033144088242443,0.003314408824244275,0.23830975075705355,188.6286,202.4479534646868,65.0,104.0,674.0500000000002,0.0254,0.0254,0.0001640998363494873,mix,-0.3,1.0,1.0,1.0,D1,50,1000,0.05,0.05,0.5,0.8,0.2,none,1,100378,5000,0.003173948959892078,0.0028624520956690245,0.002225077077316649,A,2.0,50,1.0,A_0378,A,5000,50
0.9998,0.9998,0.9516,0.9973520504418595,-0.0026479495581405166,0.1476608664983922,280.9188,237.99153389681746,85.0,183.0,897.0500000000002,0.04,0.04,0.0003200143337249756,mix,-0.3,1.0,1.0,1.0,D2,50,1000,0.05,0.05,0.5,0.8,0.2,none,1,100379,5000,0.00019997999899988897,0.0030350433275325743,0.0027712812921102037,A,2.0,50,1.0,A_0379,A,5000,50
0.9828,0.9828,0.7882,0.9962809543944484,-0.0037190456055515853,0.21035986430367962,178.059,212.89848923606763,54.0,81.0,696.0,0.026,0.026,0.00016484313011169433,mix,-0.3,1.0,1.0,1.0,D3,50,1000,0.05,0.05,0.5,0.8,0.2,none,1,100380,5000,0.0018387038913321523,0.005778248177432326,0.0022505110530721684,A,2.0,50,1.0,A_0380,A,5000,50
0.9614,0.9614,0.9546,0.9964583680439256,-0.003541631956074376,0.2141983454029517,231.1754,236.40402753515008,76.0,127.0,935.0500000000002,0.043,0.0432,0.0001634504795074463,mix,-0.3,1.0,1.0,1.0,D4,50,1000,0.05,0.05,0.5,0.8,0.2,none,1,100381,5000,0.0027243362494376484,0.002944107334999864,0.0028688325151531584,A,2.0,50,1.0,A_0381,A,5000,50
1.0,1.0,0.9552,0.9984881602578715,-0.0015118397421285401,0.08243440880466879,967.8948,76.1882073090055,786.0,1000.0,1000.0,0.0,0.7664,0.00010430440902709961,mix,-0.3,1.0,1.0,1.0,D5,50,1000,0.05,0.05,0.5,0.8,0.2,none,1,100382,5000,0.0,0.0029255071355236842,0.0,A,2.0,50,1.0,A_0382,A,5000,50
0.9106,0.9106,0.959,0.9917080529998747,-0.008291947000125255,0.2851258806602102,84.0,0.0,84.0,84.0,84.0,0.0,0.0,8.597102165222168e-05,mix,-0.3,1.0,1.0,1.0,D6,50,1000,0.05,0.05,0.5,0.8,0.2,none,1,100383,5000,0.004035037546293715,0.0028042467794400705,0.0,A,2.0,50,1.0,A_0383,A,5000,50
0.037,0.037,0.963,-0.0063775427384884335,-0.0063775427384884335,0.25737073054602716,172.3782,207.98746684538472,50.0,82.0,681.0,0.0236,0.0236,0.0002726181507110596,mix,0.0,1.0,1.0,0.0,D1,50,1000,0.05,0.05,0.5,0.8,0.2,none,1,100384,5000,0.002669494334138958,0.0026694943341389592,0.002146766871367266,A,0.0,50,1.0,A_0384,A,5000,50
0.048,0.048,0.952,0.0004377475391286515,0.0004377475391286515,0.1479947663377432,256.4706,253.509855302787,63.0,142.0,976.1500000000005,0.0482,0.0482,0.00034989633560180664,mix,0.0,1.0,1.0,0.0,D2,50,1000,0.05,0.05,0.5,0.8,0.2,none,1,100385,5000,0.0030231109804305894,0.0030231109804305907,0.0030290843500965763,A,0.0,50,1.0,A_0385,A,5000,50
0.0454,0.0454,0.8342,0.00015402429992484413,0.00015402429992484413,0.19547573350719388,173.8866,209.8043158289171,54.0,79.0,676.1000000000004,0.0256,0.0256,0.00016715149879455567,mix,0.0,1.0,1.0,0.0,D3,50,1000,0.05,0.05,0.5,0.8,0.2,none,1,100386,5000,0.002944107334999864,0.005259474498464652,0.002233590830926739,A,0.0,50,1.0,A_0386,A,5000,50
0.0344,0.0344,0.9656,0.001615929730848895,0.001615929730848895,0.23347152942625418,201.86,231.66514714129963,60.0,98.0,852.0500000000002,0.0372,0.0372,0.00016363482475280762,mix,0.0,1.0,1.0,0.0,D4,50,1000,0.05,0.05,0.5,0.8,0.2,none,1,100387,5000,0.0025774654216885236,0.002577465421688523,0.002676421491469533,A,0.0,50,1.0,A_0387,A,5000,50
0.0492,0.0492,0.9508,0.001882548188024205,0.001882548188024205,0.08483249335600047,890.0416,143.77572489624248,603.0,1000.0,1000.0,0.0,0.5078,0.00010201630592346192,mix,0.0,1.0,1.0,0.0,D5,50,1000,0.05,0.05,0.5,0.8,0.2,none,1,100388,5000,0.0030587369942510585,0.0030587369942510594,0.0,A,0.0,50,1.0,A_0388,A,5000,50
0.0344,0.0344,0.9656,-0.00773006142619615,-0.00773006142619615,0.2995954670453863,65.0,0.0,65.0,65.0,65.0,0.0,0.0,8.764233589172363e-05,mix,0.0,1.0,1.0,0.0,D6,50,1000,0.05,0.05,0.5,0.8,0.2,none,1,100389,5000,0.0025774654216885236,0.002577465421688523,0.0,A,0.0,50,1.0,A_0389,A,5000,50
0.3166,0.3166,0.9586,0.24648257417463018,-0.0035174258253698187,0.26915209220706254,172.1002,209.67193555638295,50.0,82.0,688.1000000000004,0.0266,0.0266,0.00016138753890991212,mix,0.0,1.0,1.0,0.25,D1,50,1000,0.05,0.05,0.5,0.8,0.2,none,1,100390,5000,0.006578213131238604,0.0028173050952994064,0.0022756291437754086,A,0.5,50,1.0,A_0390,A,5000,50
0.4446,0.4446,0.945,0.24932032418497174,-0.0006796758150282578,0.14944731805317613,254.7816,246.92426268279107,63.0,143.0,917.1000000000004,0.0426,0.0426,0.00034397716522216795,mix,0.0,1.0,1.0,0.25,D2,50,1000,0.05,0.05,0.5,0.8,0.2,none,1,100391,5000,0.007027529295563271,0.003224127789030703,0.00285605462132642,A,0.5,50,1.0,A_0391,A,5000,50
0.3396,0.3396,0.8312,0.24493259611733514,-0.005067403882664856,0.1955744404680972,180.5672,218.2436708914144,55.0,81.0,742.0,0.0274,0.0276,0.00016396756172180175,mix,0.0,1.0,1.0,0.25,D3,50,1000,0.05,0.05,0.5,0.8,0.2,none,1,100392,5000,0.006697340367638485,0.005297292893544777,0.002308646356634121,A,0.5,50,1.0,A_0392,A,5000,50
0.3576,0.3576,0.9548,0.24935579213738174,-0.0006442078626182624,0.2379270114033227,204.1266,234.98973716407275,60.0,98.0,879.1000000000004,0.04,0.0402,0.00016185007095336913,mix,0.0,1.0,1.0,0.25,D4,50,1000,0.05,0.05,0.5,0.8,0.2,none,1,100393,5000,0.0067782333981650416,0.0029379230759160463,0.0027712812921102037,A,0.5,50,1.0,A_0393,A,5000,50
0.8508,0.8508,0.9584,0.2489310556082603,-0.0010689443917397123,0.08138001003759673,895.5152,141.3899493208764,606.0,1000.0,1000.0,0.0,0.5244,0.00010156769752502442,mix,0.0,1.0,1.0,0.25,D5,50,1000,0.05,0.05,0.5,0.8,0.2,none,1,100394,5000,0.00503863791118195,0.0028238073588685176,0.0,A,0.5,50,1.0,A_0394,A,5000,50
0.2036,0.2036,0.9596,0.25811532174087914,0.008115321740879144,0.3033800808009383,65.0,0.0,65.0,65.0,65.0,0.0,0.0,9.030981063842774e-05,mix,0.0,1.0,1.0,0.25,D6,50,1000,0.05,0.05,0.5,0.8,0.2,none,1,100395,5000,0.005694682431883274,0.0027845229393919525,0.0,A,0.5,50,1.0,A_0395,A,5000,50
0.6954,0.6954,0.9554,0.5021617149699363,0.0021617149699363347,0.25714568761012324,176.236,214.5913034211778,50.0,83.0,696.1500000000005,0.0286,0.0286,0.00017155890464782715,mix,0.0,1.0,1.0,0.5,D1,50,1000,0.05,0.05,0.5,0.8,0.2,none,1,100396,5000,0.006508745501246764,0.0029192752525241594,0.0023572034277931976,A,1.0,50,1.0,A_0396,A,5000,50
0.9118,0.9118,0.9486,0.49982655407172644,-0.00017344592827356342,0.14818068211949997,252.2936,249.52429981675132,64.0,139.0,943.0,0.0448,0.0448,0.00043196802139282227,mix,0.0,1.0,1.0,0.5,D2,50,1000,0.05,0.05,0.5,0.8,0.2,none,1,100397,5000,0.004010505205083268,0.0031227564746550444,0.002925507135523686,A,1.0,50,1.0,A_0397,A,5000,50
0.7986,0.7986,0.8414,0.49933876530198684,-0.0006612346980131578,0.19066267202204085,176.9468,210.69580244931316,55.0,80.0,688.0500000000002,0.0256,0.0258,0.0001658012866973877,mix,0.0,1.0,1.0,0.5,D3,50,1000,0.05,0.05,0.5,0.8,0.2,none,1,100398,5000,0.005671649495517155,0.005166159889124609,0.002233590830926739,A,1.0,50,1.0,A_0398,A,5000,50
0.7286,0.7286,0.958,0.495012891156149,-0.004987108843851007,0.23851758339686846,202.4374,231.78281921065673,60.0,98.0,863.0500000000002,0.0364,0.0364,0.00016164875030517579,mix,0.0,1.0,1.0,0.5,D4,50,1000,0.05,0.05,0.5,0.8,0.2,none,1,100399,5000,0.006288752499502584,0.002836758713743558,0.002648586037870018,A,1.0,50,1.0,A_0399,A,5000,50
0.9978,0.9978,0.955,0.5003413013410698,0.0003413013410697996,0.08342713426112251,891.9822,141.24783426006928,608.95,1000.0,1000.0,0.0,0.512,0.00010459346771240234,mix,0.0,1.0,1.0,0.5,D5,50,1000,0.05,0.05,0.5,0.8,0.2,none,1,100400,5000,0.0006625948988635484,0.0029317230428538106,0.0,A,1.0,50,1.0,A_0400,A,5000,50
0.5808,0.5808,0.9622,0.5006034310019207,0.000603431001920729,0.305711412424083,65.0,0.0,65.0,65.0,65.0,0.0,0.0,8.652591705322266e-05,mix,0.0,1.0,1.0,0.5,D6,50,1000,0.05,0.05,0.5,0.8,0.2,none,1,100401,5000,0.006978128115762852,0.002697078419327104,0.0,A,1.0,50,1.0,A_0401,A,5000,50
0.9326,0.9326,0.9634,1.0063548131195101,0.006354813119510139,0.25753562767035576,175.7194,213.19049102537383,50.0,82.0,703.0,0.0248,0.0248,0.00016579527854919434,mix,0.0,1.0,1.0,1.0,D1,50,1000,0.05,0.05,0.5,0.8,0.2,none,1,100402,5000,0.0035456237815086927,0.0026555767735089103,0.002199316257385463,A,2.0,50,1.0,A_0402,A,5000,50
0.9994,0.9994,0.945,1.000256623738634,0.0002566237386341097,0.15071045577167203,245.9676,242.17701077980132,62.0,139.0,889.0500000000002,0.0396,0.0396,0.00032992959022521974,mix,0.0,1.0,1.0,1.0,D2,50,1000,0.05,0.05,0.5,0.8,0.2,none,1,100403,5000,0.0003463062228721987,0.003224127789030703,0.0027579644667761766,A,2.0,50,1.0,A_0403,A,5000,50
0.9808,0.9808,0.838,0.9992969102381976,-0.0007030897618024445,0.19793764872254466,175.0208,211.5470982248634,55.0,80.0,697.0,0.026,0.026,0.00016549086570739747,mix,0.0,1.0,1.0,1.0,D3,50,1000,0.05,0.05,0.5,0.8,0.2,none,1,100404,5000,0.0019406885376072069,0.005210681337406846,0.0022505110530721684,A,2.0,50,1.0,A_0404,A,5000,50
0.9408,0.9408,0.96,0.9962713485563167,-0.003728651443683284,0.2346526137418222,205.4698,229.72120382750916,60.0,100.0,822.0500000000002,0.035,0.035,0.00016787357330322265,mix,0.0,1.0,1.0,1.0,D4,50,1000,0.05,0.05,0.5,0.8,0.2,none,1,100405,5000,0.0033375248313683007,0.002771281292110205,0.002599038283673405,A,2.0,50,1.0,A_0405,A,5000,50
1.0,1.0,0.9536,0.9997148933822211,-0.00028510661777891855,0.08235765840581409,892.4504,141.55020713457117,609.0,1000.0,1000.0,0.0,0.5126,0.00011453170776367188,mix,0.0,1.0,1.0,1.0,D5,50,1000,0.05,0.05,0.5,0.8,0.2,none,1,100406,5000,0.0,0.0029747954551531774,0.0,A,2.0,50,1.0,A_0406,A,5000,50
0.8926,0.8926,0.9664,1.0069250964254344,0.006925096425434374,0.3079834019238856,65.0,0.0,65.0,65.0,65.0,0.0,0.0,8.743834495544433e-05,mix,0.0,1.0,1.0,1.0,D6,50,1000,0.05,0.05,0.5,0.8,0.2,none,1,100407,5000,0.004378703917827741,0.0025483735989842607,0.0,A,2.0,50,1.0,A_0407,A,5000,50
0.0364,0.0364,0.9636,-0.006575187508264335,-0.006575187508264335,0.2810558924223424,159.599,219.04424712600877,36.0,60.0,712.0500000000002,0.0282,0.0282,0.00016716103553771972,mix,0.3,1.0,1.0,0.0,D1,50,1000,0.05,0.05,0.5,0.8,0.2,none,1,100408,5000,0.002648586037870018,0.0026485860378700175,0.0023411433104361637,A,0.0,50,1.0,A_0408,A,5000,50
0.0554,0.0554,0.9446,0.0015497260432069124,0.0015497260432069124,0.1486760515508744,216.7206,250.9805811923305,50.0,85.0,904.0500000000002,0.041,0.041,0.0004284870624542236,mix,0.3,1.0,1.0,0.0,D2,50,1000,0.05,0.05,0.5,0.8,0.2,none,1,100409,5000,0.0032351457463304493,0.0032351457463304493,0.002804246779440069,A,0.0,50,1.0,A_0409,A,5000,50
0.0246,0.0246,0.8874,0.0011834354352181539,0.0011834354352181539,0.17700587859957245,172.2104,208.105372664523,54.0,80.0,694.0,0.0236,0.0236,0.00016927943229675294,mix,0.3,1.0,1.0,0.0,D3,50,1000,0.05,0.05,0.5,0.8,0.2,none,1,100410,5000,0.0021906546966603386,0.004470374480957944,0.002146766871367266,A,0.0,50,1.0,A_0410,A,5000,50
0.0448,0.0448,0.9552,0.0028070958631493627,0.0028070958631493627,0.2585671361378941,182.8102,235.4040886984761,43.0,72.5,831.0,0.0354,0.0354,0.00017041268348693848,mix,0.3,1.0,1.0,0.0,D4,50,1000,0.05,0.05,0.5,0.8,0.2,none,1,100411,5000,0.002925507135523686,0.0029255071355236842,0.0026133059522375104,A,0.0,50,1.0,A_0411,A,5000,50
0.0404,0.0404,0.9596,0.0005073911812551435,0.0005073911812551435,0.08853382505209449,762.1952,223.35075262232718,426.95000000000005,741.5,1000.0,0.0,0.3968,0.00010786871910095214,mix,0.3,1.0,1.0,0.0,D5,50,1000,0.05,0.05,0.5,0.8,0.2,none,1,100412,5000,0.0027845229393919525,0.0027845229393919525,0.0,A,0.0,50,1.0,A_0412,A,5000,50
0.0336,0.0336,0.9664,0.0041665789179981755,0.0041665789179981755,0.34603412852974086,46.0,0.0,46.0,46.0,46.0,0.0,0.0,8.95843505859375e-05,mix,0.3,1.0,1.0,0.0,D6,50,1000,0.05,0.05,0.5,0.8,0.2,none,1,100413,5000,0.002548373598984262,0.0025483735989842607,0.0,A,0.0,50,1.0,A_0413,A,5000,50
0.3324,0.3324,0.9584,0.24665671029549166,-0.00334328970450834,0.27895102198083627,153.0068,205.92917217762033,36.0,60.0,641.0,0.0238,0.024,0.00016788139343261717,mix,0.3,1.0,1.0,0.25,D1,50,1000,0.05,0.05,0.5,0.8,0.2,none,1,100414,5000,0.00666198528968655,0.0028238073588685176,0.002155623343722182,A,0.5,50,1.0,A_0414,A,5000,50
0.4462,0.4462,0.9546,0.2485623386387202,-0.0014376613612797906,0.1450233475444633,211.5682,249.15397919511543,50.0,82.0,893.0500000000002,0.0408,0.0408,0.0003391078472137451,mix,0.3,1.0,1.0,0.25,D2,50,1000,0.05,0.05,0.5,0.8,0.2,none,1,100415,5000,0.0070300150782199615,0.002944107334999864,0.002797690476089162,A,0.5,50,1.0,A_0415,A,5000,50
0.3418,0.3418,0.8824,0.25165436923672474,0.0016543692367247398,0.1758514357884201,178.0568,213.87475768252784,54.0,81.0,718.0,0.026,0.026,0.00016833829879760742,mix,0.3,1.0,1.0,0.25,D3,50,1000,0.05,0.05,0.5,0.8,0.2,none,1,100416,5000,0.006707797850263528,0.004555661093628455,0.0022505110530721684,A,0.5,50,1.0,A_0416,A,5000,50
0.3732,0.3732,0.9616,0.2505081167364057,0.0005081167364057171,0.25893931972366563,182.9286,233.57784719883006,43.0,73.0,795.2500000000009,0.0352,0.0354,0.00016688637733459474,mix,0.3,1.0,1.0,0.25,D4,50,1000,0.05,0.05,0.5,0.8,0.2,none,1,100417,5000,0.006839908771321442,0.0027175518394319544,0.0026061834164156595,A,0.5,50,1.0,A_0417,A,5000,50
0.816,0.816,0.9498,0.25067227105515894,0.000672271055158935,0.09065500020643018,764.5462,222.86245862764775,427.95000000000005,751.0,1000.0,0.0,0.3974,0.00010327014923095704,mix,0.3,1.0,1.0,0.25,D5,50,1000,0.05,0.05,0.5,0.8,0.2,none,1,100418,5000,0.005479854012653987,0.003088040155179334,0.0,A,0.5,50,1.0,A_0418,A,5000,50
0.203,0.203,0.9622,0.24346102325450866,-0.006538976745491337,0.3401812164221966,46.0,0.0,46.0,46.0,46.0,0.0,0.0,8.70898723602295e-05,mix,0.3,1.0,1.0,0.25,D6,50,1000,0.05,0.05,0.5,0.8,0.2,none,1,100419,5000,0.005688426847556361,0.002697078419327104,0.0,A,0.5,50,1.0,A_0419,A,5000,50
0.7108,0.7108,0.9614,0.5065966805578168,0.006596680557816814,0.2793170561158591,156.7052,213.92575976950508,36.0,62.0,695.0500000000002,0.0234,0.0238,0.00016651644706726075,mix,0.3,1.0,1.0,0.5,D1,50,1000,0.05,0.05,0.5,0.8,0.2,none,1,100420,5000,0.006411916406192457,0.0027243362494376484,0.0021378699679821503,A,1.0,50,1.0,A_0420,A,5000,50
0.9126,0.9126,0.9494,0.4953348473906971,-0.004665152609302892,0.1466743483857321,215.5054,250.61783569977615,50.0,84.0,894.1000000000004,0.042,0.042,0.00037311482429504397,mix,0.3,1.0,1.0,0.5,D2,50,1000,0.05,0.05,0.5,0.8,0.2,none,1,100421,5000,0.003994026539721539,0.0030996657884359074,0.002836758713743557,A,1.0,50,1.0,A_0421,A,5000,50
0.8306,0.8306,0.893,0.49947296637165384,-0.000527033628346163,0.17663869729583015,175.555,212.6759294678173,54.0,80.0,719.2000000000007,0.024,0.024,0.00022829976081848143,mix,0.3,1.0,1.0,0.5,D3,50,1000,0.05,0.05,0.5,0.8,0.2,none,1,100422,5000,0.005304783501708623,0.00437152147426957,0.002164439881354989,A,1.0,50,1.0,A_0422,A,5000,50
0.7404,0.7404,0.9646,0.5001355600901892,0.000135560090189224,0.2622630243162063,179.1282,229.465002483516,43.0,72.0,781.0,0.032,0.032,0.00016409354209899902,mix,0.3,1.0,1.0,0.5,D4,50,1000,0.05,0.05,0.5,0.8,0.2,none,1,100423,5000,0.0062001264503234125,0.00261330595223751,0.002489015869776647,A,1.0,50,1.0,A_0423,A,5000,50
0.9932,0.9932,0.958,0.5003597023538475,0.00035970235384752414,0.08656288756285208,762.6154,219.79504153378895,430.0,740.0,1000.0,0.0,0.3902,0.00010396056175231933,mix,0.3,1.0,1.0,0.5,D5,50,1000,0.05,0.05,0.5,0.8,0.2,none,1,100424,5000,0.0011622185680843365,0.002836758713743558,0.0,A,1.0,50,1.0,A_0424,A,5000,50
0.589,0.589,0.9614,0.5063421343142301,0.006342134314230141,0.35089189300422424,46.0,0.0,46.0,46.0,46.0,0.0,0.0,8.56520175933838e-05,mix,0.3,1.0,1.0,0.5,D6,50,1000,0.05,0.05,0.5,0.8,0.2,none,1,100425,5000,0.006958146304871723,0.0027243362494376484,0.0,A,1.0,50,1.0,A_0425,A,5000,50
0.9156,0.9156,0.9592,1.0017595903661891,0.0017595903661891121,0.28326491444860247,158.7952,216.5139553399734,36.0,61.0,694.0,0.0278,0.0278,0.00016853771209716798,mix,0.3,1.0,1.0,1.0,D1,50,1000,0.05,0.05,0.5,0.8,0.2,none,1,100426,5000,0.003931326493691411,0.0027976904760891597,0.002324958494253177,A,2.0,50,1.0,A_0426,A,5000,50
1.0,1.0,0.946,0.9996686329522616,-0.00033136704773839565,0.14784795058289285,216.9708,254.40589998535802,50.0,83.0,901.1000000000004,0.042,0.042,0.0003398395538330078,mix,0.3,1.0,1.0,1.0,D2,50,1000,0.05,0.05,0.5,0.8,0.2,none,1,100427,5000,0.0,0.0031963729444481302,0.002836758713743557,A,2.0,50,1.0,A_0427,A,5000,50
0.984,0.984,0.8788,0.9969855676805153,-0.003014432319484728,0.17702579947765903,177.7656,219.25154105875745,54.0,79.0,749.0500000000002,0.0308,0.0308,0.0001751023292541504,mix,0.3,1.0,1.0,1.0,D3,50,1000,0.05,0.05,0.5,0.8,0.2,none,1,100428,5000,0.0017744858410255076,0.004615421107548042,0.0024434140050347587,A,2.0,50,1.0,A_0428,A,5000,50
0.9296,0.9296,0.9624,1.0001894863255834,0.00018948632558335454,0.2701565016612863,182.2108,234.34798049772053,43.0,73.0,813.2000000000007,0.0368,0.037,0.00018818449974060059,mix,0.3,1.0,1.0,1.0,D4,50,1000,0.05,0.05,0.5,0.8,0.2,none,1,100429,5000,0.0036178402397010296,0.0026902133744370524,0.002662546149834778,A,2.0,50,1.0,A_0429,A,5000,50
1.0,1.0,0.9618,0.999270983373258,-0.0007290166267419629,0.08635235892476384,758.7232,221.88149941299747,423.0,730.5,1000.0,0.0,0.3878,0.0001039703369140625,mix,0.3,1.0,1.0,1.0,D5,50,1000,0.05,0.05,0.5,0.8,0.2,none,1,100430,5000,0.0,0.002710747498384902,0.0,A,2.0,50,1.0,A_0430,A,5000,50
0.886,0.886,0.9688,1.00617466064196,0.006174660641959928,0.3428670756775572,46.0,0.0,46.0,46.0,46.0,0.0,0.0,8.793754577636718e-05,mix,0.3,1.0,1.0,1.0,D6,50,1000,0.05,0.05,0.5,0.8,0.2,none,1,100431,5000,0.004494530008799585,0.002458721619053284,0.0,A,2.0,50,1.0,A_0431,A,5000,50
0.0336,0.0336,0.9664,-0.0039332258732541515,-0.0039332258732541515,0.34342288503545637,131.5998,203.9690506914223,22.0,38.0,607.0,0.02,0.02,0.00016668200492858887,mix,0.6,1.0,1.0,0.0,D1,50,1000,0.05,0.05,0.5,0.8,0.2,none,1,100432,5000,0.002548373598984262,0.0025483735989842607,0.001979898987322333,A,0.0,50,1.0,A_0432,A,5000,50
0.0458,0.0458,0.9542,0.0017724177051450746,0.0017724177051450746,0.1284937485306194,175.0024,234.2213090097483,50.0,50.0,780.1000000000004,0.0342,0.0342,0.0003533069133758545,mix,0.6,1.0,1.0,0.0,D2,50,1000,0.05,0.05,0.5,0.8,0.2,none,1,100433,5000,0.0029564289269319497,0.002956428926931948,0.0025702280054501004,A,0.0,50,1.0,A_0433,A,5000,50
0.0082,0.0082,0.9296,-0.002179240550824305,-0.002179240550824305,0.15671665695073772,177.7764,212.74608434243862,53.0,81.0,703.1000000000004,0.0256,0.0256,0.0002581383228302002,mix,0.6,1.0,1.0,0.0,D3,50,1000,0.05,0.05,0.5,0.8,0.2,none,1,100434,5000,0.0012753634776015816,0.0036178402397010296,0.002233590830926739,A,0.0,50,1.0,A_0434,A,5000,50
0.034,0.034,0.966,-0.0047113841823640795,-0.0047113841823640795,0.2959279353578406,155.665,228.15196947429578,25.0,46.0,737.1500000000005,0.0302,0.0302,0.0001955301284790039,mix,0.6,1.0,1.0,0.0,D4,50,1000,0.05,0.05,0.5,0.8,0.2,none,1,100435,5000,0.0025629670306112017,0.0025629670306112026,0.002420246268461125,A,0.0,50,1.0,A_0435,A,5000,50
0.039,0.039,0.961,-0.0005950324573857973,-0.0005950324573857973,0.09964600847447551,610.6882,313.1884489899971,249.0,457.5,1000.0,0.0,0.34,0.00012720656394958496,mix,0.6,1.0,1.0,0.0,D5,50,1000,0.05,0.05,0.5,0.8,0.2,none,1,100436,5000,0.0027378458685616324,0.0027378458685616337,0.0,A,0.0,50,1.0,A_0436,A,5000,50
0.0356,0.0356,0.9644,-0.0015471316242426781,-0.0015471316242426781,0.41161897609709863,28.0,0.0,28.0,28.0,28.0,0.0,0.0,0.00010470700263977051,mix,0.6,1.0,1.0,0.0,D6,50,1000,0.05,0.05,0.5,0.8,0.2,none,1,100437,5000,0.0026204060754012916,0.0026204060754012907,0.0,A,0.0,50,1.0,A_0437,A,5000,50
0.3746,0.3746,0.9598,0.24639341805174916,-0.0036065819482508366,0.3282378387920835,136.493,212.81549744085837,22.0,39.0,668.1000000000004,0.023,0.023,0.0001693953037261963,mix,0.6,1.0,1.0,0.25,D1,50,1000,0.05,0.05,0.5,0.8,0.2,none,1,100438,5000,0.006845068882049325,0.0027779114456728104,0.0021199528296639053,A,0.5,50,1.0,A_0438,A,5000,50
0.5152,0.5152,0.9508,0.2501290794948803,0.0001290794948802798,0.1285039217622863,189.2346,250.75641400139696,50.0,50.0,900.0,0.0406,0.0406,0.0003448688507080078,mix,0.6,1.0,1.0,0.25,D2,50,1000,0.05,0.05,0.5,0.8,0.2,none,1,100439,5000,0.007067799657602075,0.0030587369942510594,0.0027911159058699084,A,0.5,50,1.0,A_0439,A,5000,50
0.3066,0.3066,0.9302,0.25220450884457274,0.002204508844572739,0.15708142778363274,175.7132,211.5954057765905,53.0,81.0,696.0500000000002,0.0262,0.0262,0.0001674715995788574,mix,0.6,1.0,1.0,0.25,D3,50,1000,0.05,0.05,0.5,0.8,0.2,none,1,100440,5000,0.006520681559469071,0.0036035526914421547,0.0022589183252167398,A,0.5,50,1.0,A_0440,A,5000,50
0.4024,0.4024,0.9644,0.24963763230749092,-0.0003623676925090802,0.298537175155565,155.1692,230.37481149500695,26.0,45.0,748.2000000000007,0.0296,0.0298,0.0001689960479736328,mix,0.6,1.0,1.0,0.25,D4,50,1000,0.05,0.05,0.5,0.8,0.2,none,1,100441,5000,0.006935044916941779,0.0026204060754012907,0.0023968245659622234,A,0.5,50,1.0,A_0441,A,5000,50
0.7706,0.7706,0.9558,0.2515703897107029,0.0015703897107028908,0.10098916264560859,618.9802,314.8050498450748,246.0,482.5,1000.0,0.0,0.3506,0.00010430221557617187,mix,0.6,1.0,1.0,0.25,D5,50,1000,0.05,0.05,0.5,0.8,0.2,none,1,100442,5000,0.005946017827083939,0.002906763148245829,0.0,A,0.5,50,1.0,A_0442,A,5000,50
0.2218,0.2218,0.966,0.26099629096136423,0.01099629096136423,0.40725337313628185,28.0,0.0,28.0,28.0,28.0,0.0,0.0,8.760910034179688e-05,mix,0.6,1.0,1.0,0.25,D6,50,1000,0.05,0.05,0.5,0.8,0.2,none,1,100443,5000,0.005875453344210981,0.0025629670306112026,0.0,A,0.5,50,1.0,A_0443,A,5000,50
0.7216,0.7216,0.9644,0.5025223596542487,0.0025223596542487403,0.3254289209327975,140.3254,217.0090512279154,22.0,37.0,680.0,0.0226,0.0226,0.00016666603088378906,mix,0.6,1.0,1.0,0.5,D1,50,1000,0.05,0.05,0.5,0.8,0.2,none,1,100444,5000,0.006338666105735496,0.0026204060754012907,0.0021018677408438428,A,1.0,50,1.0,A_0444,A,5000,50
0.9576,0.9576,0.9556,0.5009722075730361,0.0009722075730360658,0.1295789333476355,182.5746,241.15857197047754,50.0,50.0,834.0,0.0382,0.0382,0.00034582152366638186,mix,0.6,1.0,1.0,0.5,D2,50,1000,0.05,0.05,0.5,0.8,0.2,none,1,100445,5000,0.0028496399772602854,0.0029130272913242676,0.002710747498384901,A,1.0,50,1.0,A_0445,A,5000,50
0.858,0.858,0.937,0.5035354582902264,0.00353545829022639,0.15735943556444013,175.868,214.2958407809167,53.0,81.0,710.0500000000002,0.0254,0.0254,0.00021041975021362304,mix,0.6,1.0,1.0,0.5,D3,50,1000,0.05,0.05,0.5,0.8,0.2,none,1,100446,5000,0.0049363144146215,0.003436015133843271,0.002225077077316649,A,1.0,50,1.0,A_0446,A,5000,50
0.7526,0.7526,0.965,0.5043011418078014,0.00430114180780139,0.3137725307389429,156.9188,231.37002270510325,26.0,46.0,755.2000000000007,0.0298,0.03,0.0002264401912689209,mix,0.6,1.0,1.0,0.5,D4,50,1000,0.05,0.05,0.5,0.8,0.2,none,1,100447,5000,0.0061023477449257185,0.0025990382836734065,0.002404660474994339,A,1.0,50,1.0,A_0447,A,5000,50
0.9696,0.9696,0.9588,0.4998733917514267,-0.0001266082485733011,0.10235668516502901,610.0808,312.8606633492936,244.0,461.0,1000.0,0.0,0.3366,0.00010663037300109864,mix,0.6,1.0,1.0,0.5,D5,50,1000,0.05,0.05,0.5,0.8,0.2,none,1,100448,5000,0.0024279967051048477,0.0028107849437479207,0.0,A,1.0,50,1.0,A_0448,A,5000,50
0.6126,0.6126,0.9646,0.49696254112757526,-0.0030374588724247364,0.40995685483243033,28.0,0.0,28.0,28.0,28.0,0.0,0.0,8.806290626525879e-05,mix,0.6,1.0,1.0,0.5,D6,50,1000,0.05,0.05,0.5,0.8,0.2,none,1,100449,5000,0.006889430165115254,0.00261330595223751,0.0,A,1.0,50,1.0,A_0449,A,5000,50
0.9168,0.9168,0.965,1.0073517952011082,0.00735179520110818,0.3307434118491453,139.6298,214.7216513348386,22.0,39.0,655.0,0.0228,0.0228,0.0001718294620513916,mix,0.6,1.0,1.0,1.0,D1,50,1000,0.05,0.05,0.5,0.8,0.2,none,1,100450,5000,0.0039058356340225084,0.0025990382836734065,0.00211093154791907,A,2.0,50,1.0,A_0450,A,5000,50
1.0,1.0,0.9608,1.0030807671540856,0.003080767154085562,0.1275816272938068,179.0676,238.29494881394362,50.0,50.0,800.0500000000002,0.0348,0.0348,0.0003452695369720459,mix,0.6,1.0,1.0,1.0,D2,50,1000,0.05,0.05,0.5,0.8,0.2,none,1,100451,5000,0.0,0.0027445713690847982,0.0025918703671287267,A,2.0,50,1.0,A_0451,A,5000,50
0.988,0.988,0.9354,1.0030538282892503,0.003053828289250271,0.15683637468425876,176.0728,213.27806708651502,53.0,80.0,708.0500000000002,0.0256,0.0256,0.00016337194442749022,mix,0.6,1.0,1.0,1.0,D3,50,1000,0.05,0.05,0.5,0.8,0.2,none,1,100452,5000,0.0015398701243936133,0.0034764015878491366,0.002233590830926739,A,2.0,50,1.0,A_0452,A,5000,50
0.9196,0.9196,0.9668,1.0000211648114996,2.1164811499607694e-05,0.30232099261051376,159.6706,235.7637921641913,26.0,47.0,785.1000000000004,0.032,0.032,0.00016813435554504394,mix,0.6,1.0,1.0,1.0,D4,50,1000,0.05,0.05,0.5,0.8,0.2,none,1,100453,5000,0.0038454086908935965,0.0025336834845733993,0.002489015869776647,A,2.0,50,1.0,A_0453,A,5000,50
0.9998,0.9998,0.9538,1.0011025756798724,0.0011025756798723751,0.10244341819349201,607.2504,313.27654763777,245.0,459.0,1000.0,0.0,0.34,0.00010631585121154785,mix,0.6,1.0,1.0,1.0,D5,50,1000,0.05,0.05,0.5,0.8,0.2,none,1,100454,5000,0.00019997999899988897,0.002968688599365047,0.0,A,2.0,50,1.0,A_0454,A,5000,50
0.8546,0.8546,0.9684,0.9981106211210188,-0.0018893788789812183,0.4131194215501046,28.0,0.0,28.0,28.0,28.0,0.0,0.0,8.597874641418457e-05,mix,0.6,1.0,1.0,1.0,D6,50,1000,0.05,0.05,0.5,0.8,0.2,none,1,100455,5000,0.0049851547618905475,0.0024739215832358134,0.0,A,2.0,50,1.0,A_0455,A,5000,50
0.033,0.033,0.967,0.0011482500357838674,0.0011482500357838674,0.5323968311991001,116.322,208.8788804929785,8.0,18.0,617.0500000000002,0.0196,0.0196,0.00017949070930480958,mix,0.9,1.0,1.0,0.0,D1,50,1000,0.05,0.05,0.5,0.8,0.2,none,1,100456,5000,0.0025263016446972443,0.002526301644697245,0.0019603999591920013,A,0.0,50,1.0,A_0456,A,5000,50
0.0392,0.0392,0.9608,0.00043949920286422817,0.00043949920286422817,0.09944338278903488,163.1152,231.3695155567388,50.0,50.0,776.0,0.0344,0.0344,0.00036695756912231444,mix,0.9,1.0,1.0,0.0,D2,50,1000,0.05,0.05,0.5,0.8,0.2,none,1,100457,5000,0.0027445713690847973,0.0027445713690847982,0.0025774654216885236,A,0.0,50,1.0,A_0457,A,5000,50
0.0024,0.0024,0.9692,0.0020189302766027806,0.0020189302766027806,0.13070029616945888,169.9152,202.72270619977425,51.0,82.0,643.0,0.0216,0.0216,0.00018368968963623046,mix,0.9,1.0,1.0,0.0,D3,50,1000,0.05,0.05,0.5,0.8,0.2,none,1,100458,5000,0.000691988439209789,0.0024434140050347605,0.0020558910476968376,A,0.0,50,1.0,A_0458,A,5000,50
0.041,0.041,0.959,0.007231031778965939,0.007231031778965939,0.5049798236107147,137.0148,237.45203006283185,8.0,20.0,755.1000000000004,0.0316,0.0316,0.0002844995975494385,mix,0.9,1.0,1.0,0.0,D4,50,1000,0.05,0.05,0.5,0.8,0.2,none,1,100459,5000,0.002804246779440069,0.0028042467794400705,0.0024739215832358147,A,0.0,50,1.0,A_0459,A,5000,50
0.034,0.034,0.966,-0.005709384824589411,-0.005709384824589411,0.17328363499275237,443.4168,407.78765537686405,62.0,184.0,1000.0,0.0,0.2932,0.00010459003448486327,mix,0.9,1.0,1.0,0.0,D5,50,1000,0.05,0.05,0.5,0.8,0.2,none,1,100460,5000,0.0025629670306112017,0.0025629670306112026,0.0,A,0.0,50,1.0,A_0460,A,5000,50
0.0382,0.0382,0.9618,-0.0003519798273578019,-0.0003519798273578019,0.699689677568009,9.0,0.0,9.0,9.0,9.0,0.0,0.0,8.513197898864745e-05,mix,0.9,1.0,1.0,0.0,D6,50,1000,0.05,0.05,0.5,0.8,0.2,none,1,100461,5000,0.002710747498384901,0.002710747498384902,0.0,A,0.0,50,1.0,A_0461,A,5000,50
0.457,0.457,0.9652,0.23878095001712796,-0.011219049982872042,0.546061827119924,118.9926,215.88747287705232,8.0,17.0,633.1000000000004,0.0232,0.0232,0.00017645339965820312,mix,0.9,1.0,1.0,0.25,D1,50,1000,0.05,0.05,0.5,0.8,0.2,none,1,100462,5000,0.007044870474323854,0.0025918703671287285,0.0021289321266775977,A,0.5,50,1.0,A_0462,A,5000,50
0.764,0.764,0.9654,0.2491425701104491,-0.000857429889550898,0.09794943416206688,166.974,234.9731280891498,50.0,50.0,793.1000000000004,0.0336,0.0336,0.00036697659492492674,mix,0.9,1.0,1.0,0.25,D2,50,1000,0.05,0.05,0.5,0.8,0.2,none,1,100463,5000,0.0060050645292119885,0.002584679477227301,0.002548373598984262,A,0.5,50,1.0,A_0463,A,5000,50
0.2204,0.2204,0.971,0.2485885604172914,-0.0014114395827085902,0.13202580375385647,171.7904,213.15789750286055,50.0,80.0,724.2000000000007,0.0282,0.0282,0.00016703391075134278,mix,0.9,1.0,1.0,0.25,D3,50,1000,0.05,0.05,0.5,0.8,0.2,none,1,100464,5000,0.00586214704694449,0.0023731413780051125,0.0023411433104361637,A,0.5,50,1.0,A_0464,A,5000,50
0.4804,0.4804,0.9636,0.2509773890603645,0.0009773890603644864,0.48252705075702274,134.6646,233.3548690446377,9.0,20.0,718.0,0.0308,0.0308,0.00017106242179870605,mix,0.9,1.0,1.0,0.25,D4,50,1000,0.05,0.05,0.5,0.8,0.2,none,1,100465,5000,0.007065632880358277,0.0026485860378700175,0.0024434140050347587,A,0.5,50,1.0,A_0465,A,5000,50
0.7258,0.7258,0.9676,0.25315582369473133,0.00315582369473133,0.16915201754511866,446.2382,408.60537228573,62.0,199.0,1000.0,0.0,0.297,0.0001027883529663086,mix,0.9,1.0,1.0,0.25,D5,50,1000,0.05,0.05,0.5,0.8,0.2,none,1,100466,5000,0.006308951735431173,0.0025040063897682043,0.0,A,0.5,50,1.0,A_0466,A,5000,50
0.2764,0.2764,0.958,0.25388961819232836,0.003889618192328359,0.6881505889816423,9.0,0.0,9.0,9.0,9.0,0.0,0.0,8.604698181152343e-05,mix,0.9,1.0,1.0,0.25,D6,50,1000,0.05,0.05,0.5,0.8,0.2,none,1,100467,5000,0.006324603386774541,0.002836758713743558,0.0,A,0.5,50,1.0,A_0467,A,5000,50
0.7932,0.7932,0.9634,0.4990527934339301,-0.0009472065660698914,0.5430298239350697,117.1508,213.4674149826151,7.0,16.0,620.0,0.0194,0.0194,0.0001767488956451416,mix,0.9,1.0,1.0,0.5,D1,50,1000,0.05,0.05,0.5,0.8,0.2,none,1,100468,5000,0.005727717870146888,0.0026555767735089103,0.001950571198392922,A,1.0,50,1.0,A_0468,A,5000,50
0.987,0.987,0.9628,0.5013429844416037,0.001342984441603745,0.09716815771546228,165.0866,228.20820997597787,50.0,50.0,746.1500000000005,0.028,0.028,0.0003722696781158447,mix,0.9,1.0,1.0,0.5,D2,50,1000,0.05,0.05,0.5,0.8,0.2,none,1,100469,5000,0.0016019363283226965,0.0026764214914695335,0.0023330666514268295,A,1.0,50,1.0,A_0469,A,5000,50
0.8968,0.8968,0.9696,0.4995368907270478,-0.00046310927295217796,0.13546784886854987,178.2836,215.3228356933839,51.0,82.0,730.0500000000002,0.0278,0.0278,0.00018370018005371095,mix,0.9,1.0,1.0,0.5,D3,50,1000,0.05,0.05,0.5,0.8,0.2,none,1,100470,5000,0.0043023193744769804,0.0024279967051048477,0.002324958494253177,A,1.0,50,1.0,A_0470,A,5000,50
0.8108,0.8108,0.9666,0.5002067346670077,0.00020673466700771304,0.48846045540417954,132.8074,233.34585127068362,8.0,19.0,723.1500000000005,0.0316,0.0318,0.0002613961219787598,mix,0.9,1.0,1.0,0.5,D4,50,1000,0.05,0.05,0.5,0.8,0.2,none,1,100471,5000,0.0055390136306024745,0.002541040731668817,0.0024739215832358147,A,1.0,50,1.0,A_0471,A,5000,50
0.8936,0.8936,0.9696,0.5007329150843772,0.0007329150843772281,0.16736593194273683,447.8952,408.7886825940268,63.0,200.0,1000.0,0.0,0.302,0.00010605316162109376,mix,0.9,1.0,1.0,0.5,D5,50,1000,0.05,0.05,0.5,0.8,0.2,none,1,100472,5000,0.0043607118684912,0.0024279967051048477,0.0,A,1.0,50,1.0,A_0472,A,5000,50
0.725,0.725,0.9598,0.48721702428782737,-0.012782975712172628,0.6906403901228468,9.0,0.0,9.0,9.0,9.0,0.0,0.0,8.934540748596192e-05,mix,0.9,1.0,1.0,0.5,D6,50,1000,0.05,0.05,0.5,0.8,0.2,none,1,100473,5000,0.0063146654701575445,0.0027779114456728104,0.0,A,1.0,50,1.0,A_0473,A,5000,50
0.916,0.916,0.965,0.9805905478249246,-0.019409452175075392,0.5019959689652554,123.1542,220.19852593139674,8.0,17.0,667.1000000000004,0.0262,0.0262,0.00017993955612182616,mix,0.9,1.0,1.0,1.0,D1,50,1000,0.05,0.05,0.5,0.8,0.2,none,1,100474,5000,0.0039228561023825475,0.0025990382836734065,0.0022589183252167398,A,2.0,50,1.0,A_0474,A,5000,50
1.0,1.0,0.9592,0.9954091014953741,-0.0045908985046259065,0.09885786895796943,167.5726,235.75834561949236,50.0,50.0,793.1000000000004,0.0346,0.0346,0.00037311410903930663,mix,0.9,1.0,1.0,1.0,D2,50,1000,0.05,0.05,0.5,0.8,0.2,none,1,100475,5000,0.0,0.0027976904760891597,0.0025846794772273023,A,2.0,50,1.0,A_0475,A,5000,50
0.9848,0.9848,0.9694,0.998864563350454,-0.0011354366495459622,0.13637321762021784,169.3906,205.6647379392977,51.0,82.0,666.0500000000002,0.0254,0.0254,0.00016992969512939454,mix,0.9,1.0,1.0,1.0,D3,50,1000,0.05,0.05,0.5,0.8,0.2,none,1,100476,5000,0.0017302577842622175,0.002435719195638116,0.002225077077316649,A,2.0,50,1.0,A_0476,A,5000,50
0.924,0.924,0.9602,0.9989215586759261,-0.0010784413240738644,0.48376653281272614,135.4558,234.7771599759227,9.0,20.0,735.0500000000002,0.0298,0.0298,0.00017399816513061523,mix,0.9,1.0,1.0,1.0,D4,50,1000,0.05,0.05,0.5,0.8,0.2,none,1,100477,5000,0.0037476392569189463,0.0027646323444537775,0.002404660474994339,A,2.0,50,1.0,A_0477,A,5000,50
0.9702,0.9702,0.9648,0.9989755322378274,-0.0010244677621725762,0.16552921435863358,452.5656,410.809675271457,63.0,206.0,1000.0,0.0,0.305,0.00010310196876525878,mix,0.9,1.0,1.0,1.0,D5,50,1000,0.05,0.05,0.5,0.8,0.2,none,1,100478,5000,0.002404660474994341,0.00260618341641566,0.0,A,2.0,50,1.0,A_0478,A,5000,50
0.886,0.886,0.9548,1.0086929124449477,0.008692912444947742,0.705037440139218,9.0,0.0,9.0,9.0,9.0,0.0,0.0,8.6561918258667e-05,mix,0.9,1.0,1.0,1.0,D6,50,1000,0.05,0.05,0.5,0.8,0.2,none,1,100479,5000,0.004494530008799585,0.0029379230759160463,0.0,A,2.0,50,1.0,A_0479,A,5000,50
0.0574,0.0574,0.9426,-0.002803485896469294,-0.002803485896469294,0.18157188248453013,83.4828,17.410804236450424,58.0,82.0,114.0,0.0,0.0,0.0028393478393554687,beta,-0.3,1.0,1.0,0.0,D1,50,1000,0.05,0.05,0.5,0.8,0.2,none,1,100480,5000,0.0032895361375124,0.0032895361375124004,0.0,A,0.0,50,1.0,A_0480,A,5000,50
0.0522,0.0522,0.9478,0.010727798562624178,0.010727798562624178,0.16140668556482615,103.7124,19.88169223783529,74.0,102.0,138.0,0.0,0.0,0.0030708877563476564,beta,-0.3,1.0,1.0,0.0,D2,50,1000,0.05,0.05,0.5,0.8,0.2,none,1,100481,5000,0.003145636978419474,0.003145636978419475,0.0,A,0.0,50,1.0,A_0481,A,5000,50
0.085,0.085,0.7852,0.012141899637631815,0.012141899637631815,0.19835569243813758,65.3324,10.27980107978749,50.0,64.0,84.0,0.0,0.0,0.002811040449142456,beta,-0.3,1.0,1.0,0.0,D3,50,1000,0.05,0.05,0.5,0.8,0.2,none,1,100482,5000,0.003943982758583004,0.005807942148472211,0.0,A,0.0,50,1.0,A_0482,A,5000,50
0.0474,0.0474,0.9526,-0.0009539756228924087,-0.0009539756228924087,0.16129495597765778,100.7056,21.26829867760936,69.0,99.0,138.0,0.0,0.0,0.002826198196411133,beta,-0.3,1.0,1.0,0.0,D4,50,1000,0.05,0.05,0.5,0.8,0.2,none,1,100483,5000,0.0030051036587778464,0.0030051036587778464,0.0,A,0.0,50,1.0,A_0483,A,5000,50
0.0454,0.0454,0.9546,0.0009858307080434885,0.0009858307080434885,0.05295053754549756,928.6594,105.52004260632195,700.0,1000.0,1000.0,0.0,0.5344,0.0027290275573730468,beta,-0.3,1.0,1.0,0.0,D5,50,1000,0.05,0.05,0.5,0.8,0.2,none,1,100484,5000,0.002944107334999864,0.002944107334999864,0.0,A,0.0,50,1.0,A_0484,A,5000,50
0.05,0.05,0.95,0.0034903486380434435,0.0034903486380434435,0.1731149851528173,84.0,0.0,84.0,84.0,84.0,0.0,0.0,0.00275775465965271,beta,-0.3,1.0,1.0,0.0,D6,50,1000,0.05,0.05,0.5,0.8,0.2,none,1,100485,5000,0.0030822070014844883,0.0030822070014844896,0.0,A,0.0,50,1.0,A_0485,A,5000,50
0.304,0.304,0.943,0.2521211773299256,0.0021211773299256165,0.18194661114329735,83.6826,17.698459177001823,58.0,82.0,114.0,0.0,0.0,0.0028714348793029785,beta,-0.3,1.0,1.0,0.25,D1,50,1000,0.05,0.05,0.5,0.8,0.2,none,1,100486,5000,0.006505136432081959,0.00327874976172321,0.0,A,0.5,50,1.0,A_0486,A,5000,50
0.3542,0.3542,0.9462,0.2547070126080541,0.0047070126080541175,0.15941367814061125,104.2546,19.74431003707144,75.0,103.0,140.0,0.0,0.0,0.0029626856327056887,beta,-0.3,1.0,1.0,0.25,D2,50,1000,0.05,0.05,0.5,0.8,0.2,none,1,100487,5000,0.006763761675280997,0.0031907854832313614,0.0,A,0.5,50,1.0,A_0487,A,5000,50
0.33,0.33,0.774,0.2586211419149875,0.008621141914987474,0.2005344979318851,65.4636,10.376313171835168,50.0,65.0,84.0,0.0,0.0,0.0028131441116333008,beta,-0.3,1.0,1.0,0.25,D3,50,1000,0.05,0.05,0.5,0.8,0.2,none,1,100488,5000,0.0066498120274185194,0.005914795009127535,0.0,A,0.5,50,1.0,A_0488,A,5000,50
0.3412,0.3412,0.9506,0.25054395826191456,0.0005439582619145567,0.16121086465253703,100.8066,21.682508997807425,68.0,99.0,139.0,0.0,0.0,0.0027819811344146727,beta,-0.3,1.0,1.0,0.25,D4,50,1000,0.05,0.05,0.5,0.8,0.2,none,1,100489,5000,0.006704961744857311,0.003064625262572897,0.0,A,0.5,50,1.0,A_0489,A,5000,50
0.9936,0.9936,0.947,0.25031535814397565,0.00031535814397565254,0.05388260901347044,927.2838,106.88226633806003,693.95,1000.0,1000.0,0.0,0.5278,0.002824037790298462,beta,-0.3,1.0,1.0,0.25,D5,50,1000,0.05,0.05,0.5,0.8,0.2,none,1,100490,5000,0.0011277446519491869,0.0031683118533376744,0.0,A,0.5,50,1.0,A_0490,A,5000,50
0.3148,0.3148,0.953,0.2518477988669049,0.0018477988669048928,0.1758114185768036,84.0,0.0,84.0,84.0,84.0,0.0,0.0,0.0027080626964569093,beta,-0.3,1.0,1.0,0.25,D6,50,1000,0.05,0.05,0.5,0.8,0.2,none,1,100491,5000,0.006568119365541403,0.002993025225419928,0.0,A,0.5,50,1.0,A_0491,A,5000,50
0.7836,0.7836,0.9454,0.5036101644295197,0.003610164429519669,0.18162784730491738,83.5174,17.664883165195292,57.95000000000002,82.0,115.0,0.0,0.0,0.0027890413284301758,beta,-0.3,1.0,1.0,0.5,D1,50,1000,0.05,0.05,0.5,0.8,0.2,none,1,100492,5000,0.005823590644954366,0.003213062090903317,0.0,A,1.0,50,1.0,A_0492,A,5000,50
0.8922,0.8922,0.943,0.5096643283577763,0.009664328357776308,0.16040178751879844,103.7238,19.715737712801925,73.95000000000002,103.0,138.0,0.0,0.0,0.002946414518356323,beta,-0.3,1.0,1.0,0.5,D2,50,1000,0.05,0.05,0.5,0.8,0.2,none,1,100493,5000,0.004385867303054209,0.00327874976172321,0.0,A,1.0,50,1.0,A_0493,A,5000,50
0.7928,0.7928,0.7724,0.5112254711865615,0.011225471186561475,0.2028930482067487,65.2744,10.185121729267648,50.0,64.0,84.0,0.0,0.0,0.002858208751678467,beta,-0.3,1.0,1.0,0.5,D3,50,1000,0.05,0.05,0.5,0.8,0.2,none,1,100494,5000,0.00573180878955326,0.005929557150411826,0.0,A,1.0,50,1.0,A_0494,A,5000,50
0.845,0.845,0.9536,0.5007249138090472,0.0007249138090471563,0.16249413494057743,100.8934,21.309482312810886,69.0,99.0,139.0,0.0,0.0,0.002818662738800049,beta,-0.3,1.0,1.0,0.5,D4,50,1000,0.05,0.05,0.5,0.8,0.2,none,1,100495,5000,0.005118105118107678,0.0029747954551531774,0.0,A,1.0,50,1.0,A_0495,A,5000,50
1.0,1.0,0.9532,0.5010324436219342,0.0010324436219342203,0.05219360867982803,929.1628,105.49400123305591,703.0,1000.0,1000.0,0.0,0.534,0.0027294906616210936,beta,-0.3,1.0,1.0,0.5,D5,50,1000,0.05,0.05,0.5,0.8,0.2,none,1,100496,5000,0.0,0.002986963675708158,0.0,A,1.0,50,1.0,A_0496,A,5000,50
0.7944,0.7944,0.9518,0.500308538179162,0.0003085381791619879,0.1745959488935033,84.0,0.0,84.0,84.0,84.0,0.0,0.0,0.0027052729129791258,beta,-0.3,1.0,1.0,0.5,D6,50,1000,0.05,0.05,0.5,0.8,0.2,none,1,100497,5000,0.00571539394967661,0.003029084350096577,0.0,A,1.0,50,1.0,A_0497,A,5000,50
0.9972,0.9972,0.9488,0.9971882139019359,-0.002811786098064095,0.1789461482739649,83.7918,17.618446377589596,58.0,83.0,114.0,0.0,0.0,0.002800155305862427,beta,-0.3,1.0,1.0,1.0,D1,50,1000,0.05,0.05,0.5,0.8,0.2,none,1,100498,5000,0.000747283078893136,0.0031170036894427964,0.0,A,2.0,50,1.0,A_0498,A,5000,50
1.0,1.0,0.9416,1.0094116170081904,0.009411617008190376,0.16160262890246543,103.778,19.8255067022258,74.0,103.0,139.0,0.0,0.0,0.003030285167694092,beta,-0.3,1.0,1.0,1.0,D2,50,1000,0.05,0.05,0.5,0.8,0.2,none,1,100499,5000,0.0,0.0033163063790910513,0.0,A,2.0,50,1.0,A_0499,A,5000,50
0.9992,0.9992,0.78,1.0096915440817273,0.009691544081727343,0.20089883089127095,65.4486,10.174190780597737,50.0,64.0,84.0,0.0,0.0,0.0027983331203460696,beta,-0.3,1.0,1.0,1.0,D3,50,1000,0.05,0.05,0.5,0.8,0.2,none,1,100500,5000,0.0003998399679871993,0.005858327406350724,0.0,A,2.0,50,1.0,A_0500,A,5000,50
0.9992,0.9992,0.948,0.9986441636195553,-0.001355836380444675,0.16446609215291613,100.5538,21.26094789890611,69.0,99.0,139.0,0.0,0.0,0.002778649044036865,beta,-0.3,1.0,1.0,1.0,D4,50,1000,0.05,0.05,0.5,0.8,0.2,none,1,100501,5000,0.0003998399679871993,0.00313993630508646,0.0,A,2.0,50,1.0,A_0501,A,5000,50
1.0,1.0,0.948,1.000849594419982,0.0008495944199820027,0.05409593695274469,928.5984,106.7106495034118,695.95,1000.0,1000.0,0.0,0.5318,0.0027256313323974607,beta,-0.3,1.0,1.0,1.0,D5,50,1000,0.05,0.05,0.5,0.8,0.2,none,1,100502,5000,0.0,0.00313993630508646,0.0,A,2.0,50,1.0,A_0502,A,5000,50
0.9996,0.9996,0.9528,0.9978788966906362,-0.00212110330936377,0.1726896045509668,84.0,0.0,84.0,84.0,84.0,0.0,0.0,0.002700294351577759,beta,-0.3,1.0,1.0,1.0,D6,50,1000,0.05,0.05,0.5,0.8,0.2,none,1,100503,5000,0.0002827861382741226,0.002999071856424918,0.0,A,2.0,50,1.0,A_0503,A,5000,50
0.0546,0.0546,0.9454,-0.0007704534356844522,-0.0007704534356844522,0.18076590206279566,65.3046,13.799312259674393,45.0,64.0,90.0,0.0,0.0,0.0028813182830810546,beta,0.0,1.0,1.0,0.0,D1,50,1000,0.05,0.05,0.5,0.8,0.2,none,1,100504,5000,0.003213062090903318,0.003213062090903317,0.0,A,0.0,50,1.0,A_0504,A,5000,50
0.0576,0.0576,0.9424,0.005902668666609527,0.005902668666609527,0.1632511836345771,80.4094,16.03993116070016,55.0,80.0,108.0,0.0,0.0,0.002955093002319336,beta,0.0,1.0,1.0,0.0,D2,50,1000,0.05,0.05,0.5,0.8,0.2,none,1,100505,5000,0.0032949124419322587,0.0032949124419322583,0.0,A,0.0,50,1.0,A_0505,A,5000,50
0.0486,0.0486,0.8378,0.008225271657201754,0.008225271657201754,0.1763294273627514,65.481,10.00542048091933,50.0,65.0,83.0,0.0,0.0,0.0028066050052642823,beta,0.0,1.0,1.0,0.0,D3,50,1000,0.05,0.05,0.5,0.8,0.2,none,1,100506,5000,0.0030409879973455995,0.00521327459472451,0.0,A,0.0,50,1.0,A_0506,A,5000,50
0.0472,0.0472,0.9528,0.0010085067688907314,0.0010085067688907314,0.1613723294943115,78.216,16.464438769663545,53.0,77.0,108.0,0.0,0.0,0.0027925525188446047,beta,0.0,1.0,1.0,0.0,D4,50,1000,0.05,0.05,0.5,0.8,0.2,none,1,100507,5000,0.0029990718564249174,0.002999071856424918,0.0,A,0.0,50,1.0,A_0507,A,5000,50
0.0482,0.0482,0.9518,0.00043442657602704336,0.00043442657602704336,0.051393862074649896,787.418,147.51892514521654,538.0,787.0,1000.0,0.0,0.1278,0.0027717258453369142,beta,0.0,1.0,1.0,0.0,D5,50,1000,0.05,0.05,0.5,0.8,0.2,none,1,100508,5000,0.0030290843500965763,0.003029084350096577,0.0,A,0.0,50,1.0,A_0508,A,5000,50
0.0492,0.0492,0.9508,-0.0050472547645985895,-0.0050472547645985895,0.17437532101867137,65.0,0.0,65.0,65.0,65.0,0.0,0.0,0.0027539052963256837,beta,0.0,1.0,1.0,0.0,D6,50,1000,0.05,0.05,0.5,0.8,0.2,none,1,100509,5000,0.0030587369942510585,0.0030587369942510594,0.0,A,0.0,50,1.0,A_0509,A,5000,50
0.2942,0.2942,0.952,0.24519400367146044,-0.0048059963285395635,0.17841376860338862,65.2,13.576582780655816,45.0,64.0,89.0,0.0,0.0,0.0027918175220489503,beta,0.0,1.0,1.0,0.25,D1,50,1000,0.05,0.05,0.5,0.8,0.2,none,1,100510,5000,0.0064443209106933835,0.0030231109804305907,0.0,A,0.5,50,1.0,A_0510,A,5000,50
0.358,0.358,0.939,0.25328054629277447,0.0032805462927744666,0.1623454505515645,80.0306,16.007087918793975,54.95000000000002,79.0,108.0,0.0,0.0,0.002954657554626465,beta,0.0,1.0,1.0,0.25,D2,50,1000,0.05,0.05,0.5,0.8,0.2,none,1,100511,5000,0.006779911503847229,0.0033846417831138362,0.0,A,0.5,50,1.0,A_0511,A,5000,50
0.304,0.304,0.8446,0.2565389482048698,0.006538948204869777,0.1739762803957336,65.5234,10.026317990169671,50.0,64.0,84.0,0.0,0.0,0.002781608819961548,beta,0.0,1.0,1.0,0.25,D3,50,1000,0.05,0.05,0.5,0.8,0.2,none,1,100512,5000,0.006505136432081959,0.005123491778074792,0.0,A,0.5,50,1.0,A_0512,A,5000,50
0.3346,0.3346,0.9516,0.24761351875997428,-0.0023864812400257174,0.16443728388657988,78.398,16.55388764006812,54.0,77.0,108.0,0.0,0.0,0.0028849010944366456,beta,0.0,1.0,1.0,0.25,D4,50,1000,0.05,0.05,0.5,0.8,0.2,none,1,100513,5000,0.006672972950642016,0.0030350433275325743,0.0,A,0.5,50,1.0,A_0513,A,5000,50
0.9954,0.9954,0.9508,0.25032342524321094,0.0003234252432109397,0.05158777530474304,786.2442,148.40433742434888,536.0,789.0,1000.0,0.0,0.1302,0.0027131891727447508,beta,0.0,1.0,1.0,0.25,D5,50,1000,0.05,0.05,0.5,0.8,0.2,none,1,100514,5000,0.000956957679315031,0.0030587369942510594,0.0,A,0.5,50,1.0,A_0514,A,5000,50
0.298,0.298,0.953,0.250293884903067,0.00029388490306697657,0.17471446480681074,65.0,0.0,65.0,65.0,65.0,0.0,0.0,0.002708542537689209,beta,0.0,1.0,1.0,0.25,D6,50,1000,0.05,0.05,0.5,0.8,0.2,none,1,100515,5000,0.006468322811981479,0.002993025225419928,0.0,A,0.5,50,1.0,A_0515,A,5000,50
0.7818,0.7818,0.9454,0.5023343049614066,0.0023343049614066302,0.1823799930397216,65.0472,13.318805207675348,45.0,64.0,88.0,0.0,0.0,0.0027918288230895996,beta,0.0,1.0,1.0,0.5,D1,50,1000,0.05,0.05,0.5,0.8,0.2,none,1,100516,5000,0.005841040318299472,0.003213062090903317,0.0,A,1.0,50,1.0,A_0516,A,5000,50
0.8902,0.8902,0.9464,0.5058190192369093,0.005819019236909306,0.15881705941479102,80.536,15.747923799663244,55.0,80.0,107.0,0.0,0.0,0.0030068700313568117,beta,0.0,1.0,1.0,0.5,D2,50,1000,0.05,0.05,0.5,0.8,0.2,none,1,100517,5000,0.004421401587732107,0.0031851857088716186,0.0,A,1.0,50,1.0,A_0517,A,5000,50
0.8138,0.8138,0.8264,0.5052139044924556,0.005213904492455623,0.18073623117388024,65.383,9.886268810830504,50.0,64.0,83.0,0.0,0.0,0.0028389986038208008,beta,0.0,1.0,1.0,0.5,D3,50,1000,0.05,0.05,0.5,0.8,0.2,none,1,100518,5000,0.005505080562534939,0.005356548142227417,0.0,A,1.0,50,1.0,A_0518,A,5000,50
0.85,0.85,0.948,0.50194082404965,0.001940824049650014,0.16290767428075037,78.0138,16.040436701037784,54.0,77.0,107.0,0.0,0.0,0.002813807392120361,beta,0.0,1.0,1.0,0.5,D4,50,1000,0.05,0.05,0.5,0.8,0.2,none,1,100519,5000,0.005049752469181039,0.00313993630508646,0.0,A,1.0,50,1.0,A_0519,A,5000,50
1.0,1.0,0.9504,0.4996767700454484,-0.0003232299545515849,0.05151849118322674,786.4294,145.73682655952135,546.0,784.0,1000.0,0.0,0.1292,0.0027316483974456785,beta,0.0,1.0,1.0,0.5,D5,50,1000,0.05,0.05,0.5,0.8,0.2,none,1,100520,5000,0.0,0.0030704996336101387,0.0,A,1.0,50,1.0,A_0520,A,5000,50
0.8062,0.8062,0.9492,0.504078960215951,0.004078960215951,0.17538626718828035,65.0,0.0,65.0,65.0,65.0,0.0,0.0,0.002712408685684204,beta,0.0,1.0,1.0,0.5,D6,50,1000,0.05,0.05,0.5,0.8,0.2,none,1,100521,5000,0.005590018962400753,0.003105458420265838,0.0,A,1.0,50,1.0,A_0521,A,5000,50
0.9986,0.9986,0.9474,1.0010480624848008,0.0010480624848008269,0.1798294652080745,65.113,13.693466726873805,45.0,64.0,89.0,0.0,0.0,0.002882841634750366,beta,0.0,1.0,1.0,1.0,D1,50,1000,0.05,0.05,0.5,0.8,0.2,none,1,100522,5000,0.000528779727296718,0.0031569998416217885,0.0,A,2.0,50,1.0,A_0522,A,5000,50
1.0,1.0,0.946,1.007156171987997,0.0071561719879968955,0.16248429014490273,80.6296,15.838207090450611,55.0,80.0,108.0,0.0,0.0,0.003082778882980347,beta,0.0,1.0,1.0,1.0,D2,50,1000,0.05,0.05,0.5,0.8,0.2,none,1,100523,5000,0.0,0.0031963729444481302,0.0,A,2.0,50,1.0,A_0523,A,5000,50
1.0,1.0,0.839,1.0078022142738383,0.007802214273838315,0.17610824057666652,65.2354,9.74451573142555,50.0,65.0,82.0,0.0,0.0,0.002867238998413086,beta,0.0,1.0,1.0,1.0,D3,50,1000,0.05,0.05,0.5,0.8,0.2,none,1,100524,5000,0.0,0.005197672556058144,0.0,A,2.0,50,1.0,A_0524,A,5000,50
0.9998,0.9998,0.9496,1.0003092492527894,0.00030924925278941195,0.16110837376720732,78.4018,16.426477308297113,54.0,77.0,107.05000000000018,0.0,0.0,0.002834495401382446,beta,0.0,1.0,1.0,1.0,D4,50,1000,0.05,0.05,0.5,0.8,0.2,none,1,100525,5000,0.00019997999899988897,0.0030938597253269257,0.0,A,2.0,50,1.0,A_0525,A,5000,50
1.0,1.0,0.9482,0.9994779146010283,-0.0005220853989716945,0.05244252198774415,782.5206,147.20518460855922,537.95,781.0,1000.0,0.0,0.124,0.0027911218166351316,beta,0.0,1.0,1.0,1.0,D5,50,1000,0.05,0.05,0.5,0.8,0.2,none,1,100526,5000,0.0,0.0031342227106573,0.0,A,2.0,50,1.0,A_0526,A,5000,50
0.9996,0.9996,0.9496,0.9998658799990738,-0.00013412000092616339,0.1742969215916883,65.0,0.0,65.0,65.0,65.0,0.0,0.0,0.002809700870513916,beta,0.0,1.0,1.0,1.0,D6,50,1000,0.05,0.05,0.5,0.8,0.2,none,1,100527,5000,0.0002827861382741226,0.0030938597253269257,0.0,A,2.0,50,1.0,A_0527,A,5000,50
0.0568,0.0568,0.9432,0.0019561215749778677,0.0019561215749778677,0.18026886841238107,46.625,9.617274821902512,32.0,46.0,63.0,0.0,0.0,0.0028182791233062744,beta,0.3,1.0,1.0,0.0,D1,50,1000,0.05,0.05,0.5,0.8,0.2,none,1,100528,5000,0.0032733395790843335,0.0032733395790843322,0.0,A,0.0,50,1.0,A_0528,A,5000,50
0.0482,0.0482,0.9518,0.004986963880459716,0.004986963880459716,0.1552590633768912,58.8992,9.828786260775031,50.0,56.0,78.0,0.0,0.0,0.003029162168502808,beta,0.3,1.0,1.0,0.0,D2,50,1000,0.05,0.05,0.5,0.8,0.2,none,1,100529,5000,0.0030290843500965763,0.003029084350096577,0.0,A,0.0,50,1.0,A_0529,A,5000,50
0.0234,0.0234,0.894,0.008734434142517376,0.008734434142517376,0.14977720913622616,65.2978,10.271782472385208,50.0,64.0,84.0,0.0,0.0,0.002856090259552002,beta,0.3,1.0,1.0,0.0,D3,50,1000,0.05,0.05,0.5,0.8,0.2,none,1,100530,5000,0.0021378699679821503,0.0043534813655280525,0.0,A,0.0,50,1.0,A_0530,A,5000,50
0.0496,0.0496,0.9504,0.0004608239762259731,0.0004608239762259731,0.16319158954986826,55.8694,11.56359561901055,38.0,55.0,76.0,0.0,0.0,0.0028586255550384523,beta,0.3,1.0,1.0,0.0,D4,50,1000,0.05,0.05,0.5,0.8,0.2,none,1,100531,5000,0.0030704996336101396,0.0030704996336101387,0.0,A,0.0,50,1.0,A_0531,A,5000,50
0.051,0.051,0.949,0.00010098319933164772,0.00010098319933164772,0.05133192648427527,565.7844,123.66119163520948,383.0,555.0,787.0500000000002,0.0,0.0016,0.002758475160598755,beta,0.3,1.0,1.0,0.0,D5,50,1000,0.05,0.05,0.5,0.8,0.2,none,1,100532,5000,0.003111237695837462,0.0031112376958374634,0.0,A,0.0,50,1.0,A_0532,A,5000,50
0.0528,0.0528,0.9472,-0.0023742422646931315,-0.0023742422646931315,0.17391721832982704,46.0,0.0,46.0,46.0,46.0,0.0,0.0,0.0027513406753540037,beta,0.3,1.0,1.0,0.0,D6,50,1000,0.05,0.05,0.5,0.8,0.2,none,1,100533,5000,0.003162662169755094,0.003162662169755093,0.0,A,0.0,50,1.0,A_0533,A,5000,50
0.2904,0.2904,0.957,0.2440266750700272,-0.005973324929972795,0.1755906497296154,47.023,9.722534186106007,32.0,46.0,64.0,0.0,0.0,0.002841256237030029,beta,0.3,1.0,1.0,0.25,D1,50,1000,0.05,0.05,0.5,0.8,0.2,none,1,100534,5000,0.006419779435463496,0.00286883251515316,0.0,A,0.5,50,1.0,A_0534,A,5000,50
0.3688,0.3688,0.9512,0.25460032434086727,0.004600324340867268,0.15383031597907074,58.7456,9.598816627063984,50.0,56.0,78.0,0.0,0.0,0.0030847455978393556,beta,0.3,1.0,1.0,0.25,D2,50,1000,0.05,0.05,0.5,0.8,0.2,none,1,100535,5000,0.00682329187416162,0.0030469184432800286,0.0,A,0.5,50,1.0,A_0535,A,5000,50
0.2708,0.2708,0.8952,0.25409702079440527,0.0040970207944052706,0.14790879085914846,65.5612,10.335523913184081,50.0,65.0,84.0,0.0,0.0,0.0027867948055267334,beta,0.3,1.0,1.0,0.25,D3,50,1000,0.05,0.05,0.5,0.8,0.2,none,1,100536,5000,0.0062843831837341045,0.004331673117861042,0.0,A,0.5,50,1.0,A_0536,A,5000,50
0.3464,0.3464,0.9472,0.24837712185050886,-0.001622878149491136,0.16243983711956234,56.2072,11.522910576759676,39.0,55.0,76.0,0.0,0.0,0.002794116830825806,beta,0.3,1.0,1.0,0.25,D4,50,1000,0.05,0.05,0.5,0.8,0.2,none,1,100537,5000,0.006729146156831489,0.003162662169755093,0.0,A,0.5,50,1.0,A_0537,A,5000,50
0.9968,0.9968,0.9546,0.24956800374833857,-0.00043199625166143174,0.05035358914508174,569.0796,124.55371557621233,379.0,559.0,790.0,0.0,0.0024,0.0027271929740905762,beta,0.3,1.0,1.0,0.25,D5,50,1000,0.05,0.05,0.5,0.8,0.2,none,1,100538,5000,0.0007987189743583135,0.002944107334999864,0.0,A,0.5,50,1.0,A_0538,A,5000,50
0.2898,0.2898,0.9508,0.24438169643956553,-0.005618303560434468,0.17511782911728668,46.0,0.0,46.0,46.0,46.0,0.0,0.0,0.0027103067398071288,beta,0.3,1.0,1.0,0.25,D6,50,1000,0.05,0.05,0.5,0.8,0.2,none,1,100539,5000,0.006415854736510171,0.0030587369942510594,0.0,A,0.5,50,1.0,A_0539,A,5000,50
0.7846,0.7846,0.9472,0.49869324901913753,-0.00130675098086247,0.1782614398383443,46.9066,9.533471374058875,33.0,46.0,64.0,0.0,0.0,0.002893732929229736,beta,0.3,1.0,1.0,0.5,D1,50,1000,0.05,0.05,0.5,0.8,0.2,none,1,100540,5000,0.005813825590779276,0.003162662169755093,0.0,A,1.0,50,1.0,A_0540,A,5000,50
0.8918,0.8918,0.944,0.5066879007296334,0.006687900729633434,0.16039134218949214,58.6212,9.511136134027312,50.0,56.0,77.0,0.0,0.0,0.0029826849460601805,beta,0.3,1.0,1.0,0.5,D2,50,1000,0.05,0.05,0.5,0.8,0.2,none,1,100541,5000,0.00439301172318035,0.0032515842292642535,0.0,A,1.0,50,1.0,A_0541,A,5000,50
0.8624,0.8624,0.903,0.5065162783434959,0.006516278343495885,0.14788011350737798,65.2636,10.191354916790996,50.0,64.0,84.0,0.0,0.0,0.00279451847076416,beta,0.3,1.0,1.0,0.5,D3,50,1000,0.05,0.05,0.5,0.8,0.2,none,1,100542,5000,0.004871678150288665,0.004185474883451099,0.0,A,1.0,50,1.0,A_0542,A,5000,50
0.8482,0.8482,0.9472,0.4997833964799297,-0.00021660352007030204,0.16276885910399919,56.2972,11.576444711568401,39.0,55.0,77.0,0.0,0.0,0.002791093921661377,beta,0.3,1.0,1.0,0.5,D4,50,1000,0.05,0.05,0.5,0.8,0.2,none,1,100543,5000,0.005074578997315935,0.003162662169755093,0.0,A,1.0,50,1.0,A_0543,A,5000,50
1.0,1.0,0.9466,0.49922454657538345,-0.0007754534246165457,0.05175603489325758,564.517,121.91866350563396,380.0,556.0,780.0,0.0,0.0014,0.002795372486114502,beta,0.3,1.0,1.0,0.5,D5,50,1000,0.05,0.05,0.5,0.8,0.2,none,1,100544,5000,0.0,0.0031795735563122296,0.0,A,1.0,50,1.0,A_0544,A,5000,50
0.7938,0.7938,0.9536,0.5007862416002472,0.0007862416002472061,0.17288607853638724,46.0,0.0,46.0,46.0,46.0,0.0,0.0,0.0027205081462860106,beta,0.3,1.0,1.0,0.5,D6,50,1000,0.05,0.05,0.5,0.8,0.2,none,1,100545,5000,0.005721565520030336,0.0029747954551531774,0.0,A,1.0,50,1.0,A_0545,A,5000,50
0.9982,0.9982,0.9566,0.997098660839077,-0.0029013391609230554,0.1774496868068429,46.7794,9.53836126596178,32.0,46.0,64.0,0.0,0.0,0.0028066166400909425,beta,0.3,1.0,1.0,1.0,D1,50,1000,0.05,0.05,0.5,0.8,0.2,none,1,100546,5000,0.0005994597567810576,0.002881542642405279,0.0,A,2.0,50,1.0,A_0546,A,5000,50
1.0,1.0,0.9496,1.001655309111175,0.0016553091111750629,0.15685090737917548,58.5086,9.326688910862204,50.0,56.0,77.0,0.0,0.0,0.0029941078186035155,beta,0.3,1.0,1.0,1.0,D2,50,1000,0.05,0.05,0.5,0.8,0.2,none,1,100547,5000,0.0,0.0030938597253269257,0.0,A,2.0,50,1.0,A_0547,A,5000,50
1.0,1.0,0.9048,1.0055414398174125,0.005541439817412508,0.14640780550319157,65.6776,10.194216901753661,50.0,65.0,84.0,0.0,0.0,0.002785376787185669,beta,0.3,1.0,1.0,1.0,D3,50,1000,0.05,0.05,0.5,0.8,0.2,none,1,100548,5000,0.0,0.004150589355742145,0.0,A,2.0,50,1.0,A_0548,A,5000,50
0.9996,0.9996,0.9486,0.9991834458187346,-0.0008165541812653609,0.1618910221358648,56.1854,11.716101179146586,39.0,55.0,77.0,0.0,0.0,0.0028981869697570803,beta,0.3,1.0,1.0,1.0,D4,50,1000,0.05,0.05,0.5,0.8,0.2,none,1,100549,5000,0.0002827861382741226,0.0031227564746550444,0.0,A,2.0,50,1.0,A_0549,A,5000,50
1.0,1.0,0.9426,0.9997506542344515,-0.0002493457655484699,0.05214850187125535,568.3066,122.27768151400319,383.0,558.0,781.0,0.0,0.0024,0.0027220187664031984,beta,0.3,1.0,1.0,1.0,D5,50,1000,0.05,0.05,0.5,0.8,0.2,none,1,100550,5000,0.0,0.0032895361375124004,0.0,A,2.0,50,1.0,A_0550,A,5000,50
0.9994,0.9994,0.9456,1.0019086502151189,0.0019086502151188789,0.177710809355681,46.0,0.0,46.0,46.0,46.0,0.0,0.0,0.002707514047622681,beta,0.3,1.0,1.0,1.0,D6,50,1000,0.05,0.05,0.5,0.8,0.2,none,1,100551,5000,0.0003463062228721987,0.003207511184703804,0.0,A,2.0,50,1.0,A_0551,A,5000,50
0.0472,0.0472,0.9528,0.00217654795100092,0.00217654795100092,0.1724689751530539,28.4214,5.581274230854456,20.0,28.0,38.0,0.0,0.0,0.002808450937271118,beta,0.6,1.0,1.0,0.0,D1,50,1000,0.05,0.05,0.5,0.8,0.2,none,1,100552,5000,0.0029990718564249174,0.002999071856424918,0.0,A,0.0,50,1.0,A_0552,A,5000,50
0.0536,0.0536,0.9464,-0.001553590298032527,-0.001553590298032527,0.12822588539389754,50.0802,0.8329273437701514,50.0,50.0,50.0,0.0,0.0,0.0030492607593536375,beta,0.6,1.0,1.0,0.0,D2,50,1000,0.05,0.05,0.5,0.8,0.2,none,1,100553,5000,0.003185185708871619,0.0031851857088716186,0.0,A,0.0,50,1.0,A_0553,A,5000,50
0.0026,0.0026,0.9674,0.005870890654877711,0.005870890654877711,0.11368574906038303,65.314,10.967871443447905,50.0,64.0,85.0,0.0,0.0,0.0027968146324157716,beta,0.6,1.0,1.0,0.0,D3,50,1000,0.05,0.05,0.5,0.8,0.2,none,1,100554,5000,0.0007201722016295824,0.0025114633184659483,0.0,A,0.0,50,1.0,A_0554,A,5000,50
0.0482,0.0482,0.9518,-0.0034498725968128427,-0.0034498725968128427,0.15746553971550684,33.9914,6.932367996579524,24.0,33.0,46.0,0.0,0.0,0.002801643657684326,beta,0.6,1.0,1.0,0.0,D4,50,1000,0.05,0.05,0.5,0.8,0.2,none,1,100555,5000,0.0030290843500965763,0.003029084350096577,0.0,A,0.0,50,1.0,A_0555,A,5000,50
0.0458,0.0458,0.9542,0.00033377314480124314,0.00033377314480124314,0.05051416842358859,331.2714,70.83488224060234,227.0,325.0,458.0500000000002,0.0,0.0,0.002710097551345825,beta,0.6,1.0,1.0,0.0,D5,50,1000,0.05,0.05,0.5,0.8,0.2,none,1,100556,5000,0.0029564289269319497,0.002956428926931948,0.0,A,0.0,50,1.0,A_0556,A,5000,50
0.0538,0.0538,0.9462,0.00023175241877585576,0.00023175241877585576,0.1747463760705976,28.0,0.0,28.0,28.0,28.0,0.0,0.0,0.002692954444885254,beta,0.6,1.0,1.0,0.0,D6,50,1000,0.05,0.05,0.5,0.8,0.2,none,1,100557,5000,0.0031907854832313627,0.0031907854832313614,0.0,A,0.0,50,1.0,A_0557,A,5000,50
0.3096,0.3096,0.9504,0.24924171420050462,-0.000758285799495384,0.17455703870143185,28.5242,5.622474042625719,20.0,28.0,38.0,0.0,0.0,0.002856193780899048,beta,0.6,1.0,1.0,0.25,D1,50,1000,0.05,0.05,0.5,0.8,0.2,none,1,100558,5000,0.006538315379361874,0.0030704996336101387,0.0,A,0.5,50,1.0,A_0558,A,5000,50
0.481,0.481,0.9496,0.24793621568630198,-0.002063784313698025,0.12825843395175895,50.0714,0.729041864367198,50.0,50.0,50.0,0.0,0.0,0.0029892744064331056,beta,0.6,1.0,1.0,0.25,D2,50,1000,0.05,0.05,0.5,0.8,0.2,none,1,100559,5000,0.007065960656556191,0.0030938597253269257,0.0,A,0.5,50,1.0,A_0559,A,5000,50
0.2298,0.2298,0.966,0.2573125589548541,0.007312558954854109,0.11535394139273579,65.45,11.042911753699746,50.0,64.0,86.0,0.0,0.0,0.0027835209369659426,beta,0.6,1.0,1.0,0.25,D3,50,1000,0.05,0.05,0.5,0.8,0.2,none,1,100560,5000,0.0059496547799011,0.0025629670306112026,0.0,A,0.5,50,1.0,A_0560,A,5000,50
0.3492,0.3492,0.9494,0.2520198346205617,0.0020198346205617113,0.15811491274920147,33.9162,6.7384254510976085,24.0,33.0,46.0,0.0,0.0,0.002818438196182251,beta,0.6,1.0,1.0,0.25,D4,50,1000,0.05,0.05,0.5,0.8,0.2,none,1,100561,5000,0.006741800353021439,0.0030996657884359074,0.0,A,0.5,50,1.0,A_0561,A,5000,50
0.9968,0.9968,0.9476,0.2504342372365913,0.0004342372365913061,0.05174927294603601,331.322,71.92699573873499,223.95000000000002,326.0,458.0,0.0,0.0,0.0027364201068878174,beta,0.6,1.0,1.0,0.25,D5,50,1000,0.05,0.05,0.5,0.8,0.2,none,1,100562,5000,0.0007987189743583135,0.003151324800778238,0.0,A,0.5,50,1.0,A_0562,A,5000,50
0.3094,0.3094,0.9466,0.251521738617133,0.001521738617133006,0.17247794404958605,28.0,0.0,28.0,28.0,28.0,0.0,0.0,0.0028246010303497313,beta,0.6,1.0,1.0,0.25,D6,50,1000,0.05,0.05,0.5,0.8,0.2,none,1,100563,5000,0.006537149837658611,0.0031795735563122296,0.0,A,0.5,50,1.0,A_0563,A,5000,50
0.7886,0.7886,0.9488,0.5033677691397661,0.003367769139766108,0.17243875346949694,28.5596,5.601289837171435,20.0,28.0,39.0,0.0,0.0,0.0028054070949554443,beta,0.6,1.0,1.0,0.5,D1,50,1000,0.05,0.05,0.5,0.8,0.2,none,1,100564,5000,0.005774253891196681,0.0031170036894427964,0.0,A,1.0,50,1.0,A_0564,A,5000,50
0.9602,0.9602,0.95,0.49978228922560775,-0.0002177107743922546,0.1293477333952576,50.069,0.7215531858428733,50.0,50.0,50.0,0.0,0.0,0.003009010410308838,beta,0.6,1.0,1.0,0.5,D2,50,1000,0.05,0.05,0.5,0.8,0.2,none,1,100565,5000,0.0027646323444537775,0.0030822070014844896,0.0,A,1.0,50,1.0,A_0565,A,5000,50
0.922,0.922,0.9642,0.5062435590772657,0.0062435590772657035,0.11521300714539352,65.3228,11.053153403441028,50.0,64.0,85.0,0.0,0.0,0.002804702091217041,beta,0.6,1.0,1.0,0.5,D3,50,1000,0.05,0.05,0.5,0.8,0.2,none,1,100566,5000,0.003792518951831354,0.0026274839676009463,0.0,A,1.0,50,1.0,A_0566,A,5000,50
0.8476,0.8476,0.9528,0.4986997386640249,-0.0013002613359751058,0.15658231712245196,34.0478,6.853868627279049,24.0,33.0,46.0,0.0,0.0,0.0028940351486206055,beta,0.6,1.0,1.0,0.5,D4,50,1000,0.05,0.05,0.5,0.8,0.2,none,1,100567,5000,0.005082799228771485,0.002999071856424918,0.0,A,1.0,50,1.0,A_0567,A,5000,50
1.0,1.0,0.9546,0.5000577713150421,5.777131504214328e-05,0.05051039603779377,332.3236,71.62311416742503,228.0,326.0,463.0,0.0,0.0,0.0027221203804016114,beta,0.6,1.0,1.0,0.5,D5,50,1000,0.05,0.05,0.5,0.8,0.2,none,1,100568,5000,0.0,0.002944107334999864,0.0,A,1.0,50,1.0,A_0568,A,5000,50
0.7954,0.7954,0.95,0.4995577910959472,-0.0004422089040527766,0.1714359343632252,28.0,0.0,28.0,28.0,28.0,0.0,0.0,0.002694617700576782,beta,0.6,1.0,1.0,0.5,D6,50,1000,0.05,0.05,0.5,0.8,0.2,none,1,100569,5000,0.005705065117945631,0.0030822070014844896,0.0,A,1.0,50,1.0,A_0569,A,5000,50
0.999,0.999,0.9506,0.9962545733192164,-0.0037454266807835923,0.1717015120125315,28.5422,5.573026032596654,20.0,28.0,39.0,0.0,0.0,0.002802267074584961,beta,0.6,1.0,1.0,1.0,D1,50,1000,0.05,0.05,0.5,0.8,0.2,none,1,100570,5000,0.0004469899327725404,0.003064625262572897,0.0,A,2.0,50,1.0,A_0570,A,5000,50
1.0,1.0,0.9486,0.999735812729592,-0.0002641872704080006,0.12867904806088665,50.07,0.7227032586061861,50.0,50.0,50.0,0.0,0.0,0.003008893346786499,beta,0.6,1.0,1.0,1.0,D2,50,1000,0.05,0.05,0.5,0.8,0.2,none,1,100571,5000,0.0,0.0031227564746550444,0.0,A,2.0,50,1.0,A_0571,A,5000,50
1.0,1.0,0.9704,1.002747949337242,0.002747949337241984,0.11186172671448295,65.7502,11.166494524245287,50.0,65.0,86.0,0.0,0.0,0.0028661486625671385,beta,0.6,1.0,1.0,1.0,D3,50,1000,0.05,0.05,0.5,0.8,0.2,none,1,100572,5000,0.0,0.0023968245659622216,0.0,A,2.0,50,1.0,A_0572,A,5000,50
0.9994,0.9994,0.9526,0.9983468245124968,-0.0016531754875032112,0.15932715844917025,34.042,6.788419256351216,24.0,34.0,46.0,0.0,0.0,0.002790943431854248,beta,0.6,1.0,1.0,1.0,D4,50,1000,0.05,0.05,0.5,0.8,0.2,none,1,100573,5000,0.0003463062228721987,0.0030051036587778464,0.0,A,2.0,50,1.0,A_0573,A,5000,50
1.0,1.0,0.9542,1.0005621789543793,0.0005621789543792666,0.05009274203787152,331.7592,70.45509502768412,225.95000000000002,328.0,457.0,0.0,0.0,0.0027403467178344727,beta,0.6,1.0,1.0,1.0,D5,50,1000,0.05,0.05,0.5,0.8,0.2,none,1,100574,5000,0.0,0.002956428926931948,0.0,A,2.0,50,1.0,A_0574,A,5000,50
0.9998,0.9998,0.951,1.0014194664811922,0.0014194664811921776,0.1710045600466592,28.0,0.0,28.0,28.0,28.0,0.0,0.0,0.0027324784755706787,beta,0.6,1.0,1.0,1.0,D6,50,1000,0.05,0.05,0.5,0.8,0.2,none,1,100575,5000,0.00019997999899988897,0.0030528347482299146,0.0,A,2.0,50,1.0,A_0575,A,5000,50
0.0528,0.0528,0.9472,0.000363982204215619,0.000363982204215619,0.15542021842681236,10.3046,1.7733073168517632,8.0,10.0,13.0,0.0,0.0,0.0028397518157958984,beta,0.9,1.0,1.0,0.0,D1,50,1000,0.05,0.05,0.5,0.8,0.2,none,1,100576,5000,0.003162662169755094,0.003162662169755093,0.0,A,0.0,50,1.0,A_0576,A,5000,50
0.0536,0.0536,0.9464,0.0017751147089220425,0.0017751147089220425,0.0704915344249159,50.0,0.0,50.0,50.0,50.0,0.0,0.0,0.002886175346374512,beta,0.9,1.0,1.0,0.0,D2,50,1000,0.05,0.05,0.5,0.8,0.2,none,1,100577,5000,0.003185185708871619,0.0031851857088716186,0.0,A,0.0,50,1.0,A_0577,A,5000,50
0.0,0.0,1.0,0.004590094198864652,0.004590094198864652,0.06137304615206584,65.716,12.418105491579622,50.0,64.0,89.0,0.0,0.0,0.002809063005447388,beta,0.9,1.0,1.0,0.0,D3,50,1000,0.05,0.05,0.5,0.8,0.2,none,1,100578,5000,0.0,0.0,0.0,A,0.0,50,1.0,A_0578,A,5000,50
0.0514,0.0514,0.9486,-0.003457022678339365,-0.003457022678339365,0.14611067326268964,11.9242,2.132898112897098,9.0,12.0,16.0,0.0,0.0,0.0028072592735290526,beta,0.9,1.0,1.0,0.0,D4,50,1000,0.05,0.05,0.5,0.8,0.2,none,1,100579,5000,0.0031227564746550444,0.0031227564746550444,0.0,A,0.0,50,1.0,A_0579,A,5000,50
0.0468,0.0468,0.9532,-0.00020438030523655995,-0.00020438030523655995,0.050867609538793046,98.3902,22.800577711101973,65.0,96.0,138.0,0.0,0.0,0.0027434520721435545,beta,0.9,1.0,1.0,0.0,D5,50,1000,0.05,0.05,0.5,0.8,0.2,none,1,100580,5000,0.0029869636757081596,0.002986963675708158,0.0,A,0.0,50,1.0,A_0580,A,5000,50
0.0552,0.0552,0.9448,0.0010740110669150353,0.0010740110669150353,0.1650612833347516,9.0,0.0,9.0,9.0,9.0,0.0,0.0,0.002763550901412964,beta,0.9,1.0,1.0,0.0,D6,50,1000,0.05,0.05,0.5,0.8,0.2,none,1,100581,5000,0.0032296427046966045,0.0032296427046966053,0.0,A,0.0,50,1.0,A_0581,A,5000,50
0.3332,0.3332,0.9514,0.2523618993814165,0.00236189938141651,0.15489763256615796,10.349,1.8073181789601962,8.0,10.0,14.0,0.0,0.0,0.0028886227607727052,beta,0.9,1.0,1.0,0.25,D1,50,1000,0.05,0.05,0.5,0.8,0.2,none,1,100582,5000,0.0066659996999699905,0.003040987997345599,0.0,A,0.5,50,1.0,A_0582,A,5000,50
0.9302,0.9302,0.9496,0.2518588491814268,0.0018588491814268138,0.07066687491289657,50.0,0.0,50.0,50.0,50.0,0.0,0.0,0.002828910493850708,beta,0.9,1.0,1.0,0.25,D2,50,1000,0.05,0.05,0.5,0.8,0.2,none,1,100583,5000,0.0036035526914421547,0.0030938597253269257,0.0,A,0.5,50,1.0,A_0583,A,5000,50
0.089,0.089,1.0,0.25290186375130286,0.002901863751302858,0.06150192867631559,65.7488,12.389693239140346,50.0,64.0,89.0,0.0,0.0,0.0027699084281921386,beta,0.9,1.0,1.0,0.25,D3,50,1000,0.05,0.05,0.5,0.8,0.2,none,1,100584,5000,0.004026884651936283,0.0,0.0,A,0.5,50,1.0,A_0584,A,5000,50
0.3846,0.3846,0.948,0.2510908317259154,0.0010908317259153977,0.14612041998927228,11.8412,2.1012335805426297,9.0,12.0,16.0,0.0,0.0,0.0028044896125793456,beta,0.9,1.0,1.0,0.25,D4,50,1000,0.05,0.05,0.5,0.8,0.2,none,1,100585,5000,0.006880157556335465,0.00313993630508646,0.0,A,0.5,50,1.0,A_0585,A,5000,50
0.9928,0.9928,0.947,0.24966034726608496,-0.0003396527339150357,0.0514515296949416,98.427,22.58044000899894,66.0,96.0,139.0,0.0,0.0,0.002841810417175293,beta,0.9,1.0,1.0,0.25,D5,50,1000,0.05,0.05,0.5,0.8,0.2,none,1,100586,5000,0.0011956721958797892,0.0031683118533376744,0.0,A,0.5,50,1.0,A_0586,A,5000,50
0.2916,0.2916,0.9542,0.24789037664154998,-0.0021096233584500246,0.16499761197686494,9.0,0.0,9.0,9.0,9.0,0.0,0.0,0.0026982515811920164,beta,0.9,1.0,1.0,0.25,D6,50,1000,0.05,0.05,0.5,0.8,0.2,none,1,100587,5000,0.006427588039070333,0.002956428926931948,0.0,A,0.5,50,1.0,A_0587,A,5000,50
0.8052,0.8052,0.9478,0.5022183041870574,0.002218304187057374,0.15562245025601046,10.2842,1.768793475790772,8.0,10.0,13.0,0.0,0.0,0.002818625020980835,beta,0.9,1.0,1.0,0.5,D1,50,1000,0.05,0.05,0.5,0.8,0.2,none,1,100588,5000,0.005600945634444241,0.003145636978419475,0.0,A,1.0,50,1.0,A_0588,A,5000,50
1.0,1.0,0.951,0.49864679726297717,-0.0013532027370228294,0.07025761605577743,50.0,0.0,50.0,50.0,50.0,0.0,0.0,0.002814857769012451,beta,0.9,1.0,1.0,0.5,D2,50,1000,0.05,0.05,0.5,0.8,0.2,none,1,100589,5000,0.0,0.0030528347482299146,0.0,A,1.0,50,1.0,A_0589,A,5000,50
0.9934,0.9934,0.9996,0.5041454907730929,0.004145490773092897,0.06150386610125222,65.5258,12.40682611951985,50.0,64.0,89.0,0.0,0.0,0.002795846128463745,beta,0.9,1.0,1.0,0.5,D3,50,1000,0.05,0.05,0.5,0.8,0.2,none,1,100590,5000,0.0011451148414023853,0.0002827861382741226,0.0,A,1.0,50,1.0,A_0590,A,5000,50
0.8616,0.8616,0.953,0.5017826888381689,0.0017826888381689,0.14350283588086482,11.851,2.1413077779712095,9.0,12.0,16.0,0.0,0.0,0.0029031304359436036,beta,0.9,1.0,1.0,0.5,D4,50,1000,0.05,0.05,0.5,0.8,0.2,none,1,100591,5000,0.0048835528050795145,0.002993025225419928,0.0,A,1.0,50,1.0,A_0591,A,5000,50
1.0,1.0,0.9466,0.5017959821389182,0.001795982138918184,0.051155854981286907,98.169,22.540559864386687,66.0,96.0,139.0,0.0,0.0,0.0027580130577087403,beta,0.9,1.0,1.0,0.5,D5,50,1000,0.05,0.05,0.5,0.8,0.2,none,1,100592,5000,0.0,0.0031795735563122296,0.0,A,1.0,50,1.0,A_0592,A,5000,50
0.76,0.76,0.95,0.5003023387235478,0.00030233872354779034,0.16351502607893578,9.0,0.0,9.0,9.0,9.0,0.0,0.0,0.0027044891834259034,beta,0.9,1.0,1.0,0.5,D6,50,1000,0.05,0.05,0.5,0.8,0.2,none,1,100593,5000,0.0060398675482166,0.0030822070014844896,0.0,A,1.0,50,1.0,A_0593,A,5000,50
0.9968,0.9968,0.947,1.004626706222568,0.004626706222568,0.15775501128972785,10.2658,1.7619166722634756,8.0,10.0,13.0,0.0,0.0,0.0028324591636657713,beta,0.9,1.0,1.0,1.0,D1,50,1000,0.05,0.05,0.5,0.8,0.2,none,1,100594,5000,0.0007987189743583135,0.0031683118533376744,0.0,A,2.0,50,1.0,A_0594,A,5000,50
1.0,1.0,0.9504,0.99993276620326,-6.723379674000718e-05,0.06916803305034283,50.0,0.0,50.0,50.0,50.0,0.0,0.0,0.002828506946563721,beta,0.9,1.0,1.0,1.0,D2,50,1000,0.05,0.05,0.5,0.8,0.2,none,1,100595,5000,0.0,0.0030704996336101387,0.0,A,2.0,50,1.0,A_0595,A,5000,50
1.0,1.0,0.9996,1.004127454458423,0.004127454458423108,0.06257124305998743,65.9666,12.533055670505895,50.0,64.0,89.0,0.0,0.0,0.002852079963684082,beta,0.9,1.0,1.0,1.0,D3,50,1000,0.05,0.05,0.5,0.8,0.2,none,1,100596,5000,0.0,0.0002827861382741226,0.0,A,2.0,50,1.0,A_0596,A,5000,50
0.9992,0.9992,0.9502,1.001375304729376,0.0013753047293760812,0.14423905218029093,11.8546,2.119494949274473,9.0,12.0,16.0,0.0,0.0,0.002790126657485962,beta,0.9,1.0,1.0,1.0,D4,50,1000,0.05,0.05,0.5,0.8,0.2,none,1,100597,5000,0.0003998399679871993,0.0030763601869742093,0.0,A,2.0,50,1.0,A_0597,A,5000,50
1.0,1.0,0.9532,1.000707396579208,0.0007073965792079306,0.05084695922439799,98.3048,22.21083287407296,66.0,96.0,139.0,0.0,0.0,0.0027628103256225585,beta,0.9,1.0,1.0,1.0,D5,50,1000,0.05,0.05,0.5,0.8,0.2,none,1,100598,5000,0.0,0.002986963675708158,0.0,A,2.0,50,1.0,A_0598,A,5000,50
0.9952,0.9952,0.9458,0.9962282769375251,-0.0037717230624748632,0.16777613086821888,9.0,0.0,9.0,9.0,9.0,0.0,0.0,0.002696436357498169,beta,0.9,1.0,1.0,1.0,D6,50,1000,0.05,0.05,0.5,0.8,0.2,none,1,100599,5000,0.0009774415583552836,0.003201948156981934,0.0,A,2.0,50,1.0,A_0599,A,5000,50
0.0478,0.0478,0.9522,-0.0034159166089779455,-0.0034159166089779455,0.185176454032089,81.5122,39.50146644315879,49.0,75.0,129.0,0.0002,0.0002,0.004945830488204956,t3,-0.3,1.0,1.0,0.0,D1,50,1000,0.05,0.05,0.5,0.8,0.2,none,1,100600,5000,0.003017123133052412,0.0030171231330524103,0.00019997999899989998,A,0.0,50,1.0,A_0600,A,5000,50
0.0526,0.0526,0.9474,0.00021990177463939977,0.00021990177463939977,0.15740464276095786,103.669,52.36761441005309,63.0,95.0,162.0,0.001,0.001,0.0052695649147033695,t3,-0.3,1.0,1.0,0.0,D2,50,1000,0.05,0.05,0.5,0.8,0.2,none,1,100601,5000,0.003156999841621789,0.0031569998416217885,0.0004469899327725402,A,0.0,50,1.0,A_0601,A,5000,50
0.085,0.085,0.7852,0.002572077311944745,0.002572077311944745,0.19450127224039157,65.7952,33.06764063189269,50.0,59.0,99.0,0.0002,0.0002,0.0049505629062652585,t3,-0.3,1.0,1.0,0.0,D3,50,1000,0.05,0.05,0.5,0.8,0.2,none,1,100602,5000,0.003943982758583004,0.005807942148472211,0.00019997999899989998,A,0.0,50,1.0,A_0602,A,5000,50
0.047,0.047,0.953,0.0007045309836259977,0.0007045309836259977,0.16790539894402137,98.4754,51.184304184388395,60.0,90.0,155.0,0.0012,0.0012,0.004942850017547608,t3,-0.3,1.0,1.0,0.0,D4,50,1000,0.05,0.05,0.5,0.8,0.2,none,1,100603,5000,0.002993025225419926,0.002993025225419928,0.0004896039215529222,A,0.0,50,1.0,A_0603,A,5000,50
0.053,0.053,0.947,0.0007973383373103347,0.0007973383373103347,0.054569753261503595,874.4996,140.31462931512166,603.0,921.0,1000.0,0.0,0.3798,0.004900438356399536,t3,-0.3,1.0,1.0,0.0,D5,50,1000,0.05,0.05,0.5,0.8,0.2,none,1,100604,5000,0.003168311853337673,0.0031683118533376744,0.0,A,0.0,50,1.0,A_0604,A,5000,50
0.0488,0.0488,0.9512,0.003864900170115456,0.003864900170115456,0.17379521528113864,84.0,0.0,84.0,84.0,84.0,0.0,0.0,0.0048650489807128905,t3,-0.3,1.0,1.0,0.0,D6,50,1000,0.05,0.05,0.5,0.8,0.2,none,1,100605,5000,0.00304691844328003,0.0030469184432800286,0.0,A,0.0,50,1.0,A_0605,A,5000,50
0.3008,0.3008,0.9546,0.24741236133481362,-0.0025876386651863814,0.1810871405410068,83.1542,48.693515198227374,50.0,75.0,131.0,0.001,0.001,0.004924808406829834,t3,-0.3,1.0,1.0,0.25,D1,50,1000,0.05,0.05,0.5,0.8,0.2,none,1,100606,5000,0.006485666658100769,0.002944107334999864,0.0004469899327725402,A,0.5,50,1.0,A_0606,A,5000,50
0.378,0.378,0.9468,0.25293505299631414,0.002935052996314136,0.15960633317475123,103.5268,52.44995406823537,63.0,95.0,162.0,0.0014,0.0014,0.005253127861022949,t3,-0.3,1.0,1.0,0.25,D2,50,1000,0.05,0.05,0.5,0.8,0.2,none,1,100607,5000,0.0068573464255497546,0.003173948959892078,0.0005287797272967262,A,0.5,50,1.0,A_0607,A,5000,50
0.3466,0.3466,0.7746,0.25193039947622176,0.0019303994762217558,0.19804022515443723,65.5696,31.941420692261016,50.0,59.0,100.0,0.0002,0.0002,0.004956656169891357,t3,-0.3,1.0,1.0,0.25,D3,50,1000,0.05,0.05,0.5,0.8,0.2,none,1,100608,5000,0.006730058543578948,0.005909227360662307,0.00019997999899989998,A,0.5,50,1.0,A_0608,A,5000,50
0.3386,0.3386,0.9528,0.24721483077430506,-0.002785169225694939,0.1674381450736588,97.909,46.680003416880766,60.0,90.0,157.0,0.0008,0.0008,0.004941118001937866,t3,-0.3,1.0,1.0,0.25,D4,50,1000,0.05,0.05,0.5,0.8,0.2,none,1,100609,5000,0.006692533750381839,0.002999071856424918,0.00039983996798719363,A,0.5,50,1.0,A_0609,A,5000,50
0.9898,0.9898,0.9448,0.2491953477802589,-0.0008046522197411032,0.05539880669193585,872.1516,142.01473380406696,597.95,919.0,1000.0,0.0,0.3832,0.004862123489379882,t3,-0.3,1.0,1.0,0.25,D5,50,1000,0.05,0.05,0.5,0.8,0.2,none,1,100610,5000,0.0014209827585160903,0.0032296427046966053,0.0,A,0.5,50,1.0,A_0610,A,5000,50
0.3086,0.3086,0.9494,0.2515314957886626,0.0015314957886625735,0.17255603941508157,84.0,0.0,84.0,84.0,84.0,0.0,0.0,0.004840648126602173,t3,-0.3,1.0,1.0,0.25,D6,50,1000,0.05,0.05,0.5,0.8,0.2,none,1,100611,5000,0.0065324733447600074,0.0030996657884359074,0.0,A,0.5,50,1.0,A_0611,A,5000,50
0.7724,0.7724,0.9498,0.5026898335954242,0.0026898335954241848,0.18683219080347926,81.044,38.31480215269289,49.95000000000002,75.0,126.0,0.0002,0.0002,0.004919045782089233,t3,-0.3,1.0,1.0,0.5,D1,50,1000,0.05,0.05,0.5,0.8,0.2,none,1,100612,5000,0.005929557150411826,0.003088040155179334,0.00019997999899989998,A,1.0,50,1.0,A_0612,A,5000,50
0.8928,0.8928,0.9518,0.5006369858545007,0.0006369858545006712,0.15591458561201388,103.425,45.057562905687654,63.0,96.0,164.0,0.0004,0.0004,0.005142177963256836,t3,-0.3,1.0,1.0,0.5,D2,50,1000,0.05,0.05,0.5,0.8,0.2,none,1,100613,5000,0.004375115084200643,0.003029084350096577,0.00028278613827413816,A,1.0,50,1.0,A_0613,A,5000,50
0.7944,0.7944,0.7806,0.4962127486959729,-0.0037872513040270728,0.1954936967160148,65.3122,32.53299757415538,50.0,58.0,99.0,0.0002,0.0002,0.00497020230293274,t3,-0.3,1.0,1.0,0.5,D3,50,1000,0.05,0.05,0.5,0.8,0.2,none,1,100614,5000,0.00571539394967661,0.005852583019488062,0.00019997999899989998,A,1.0,50,1.0,A_0614,A,5000,50
0.8318,0.8318,0.9512,0.49913270351298394,-0.000867296487016056,0.16970896128125262,97.1834,40.095148889111265,59.0,90.0,153.05000000000018,0.0,0.0,0.004934514713287354,t3,-0.3,1.0,1.0,0.5,D4,50,1000,0.05,0.05,0.5,0.8,0.2,none,1,100615,5000,0.005289778067178245,0.0030469184432800286,0.0,A,1.0,50,1.0,A_0615,A,5000,50
1.0,1.0,0.956,0.49984541036161945,-0.0001545896383805534,0.054017688285926097,872.538,142.21062321781733,600.0,921.5,1000.0,0.0,0.38,0.004890430068969727,t3,-0.3,1.0,1.0,0.5,D5,50,1000,0.05,0.05,0.5,0.8,0.2,none,1,100616,5000,0.0,0.002900482718445329,0.0,A,1.0,50,1.0,A_0616,A,5000,50
0.8264,0.8264,0.948,0.5022292603132863,0.0022292603132862965,0.17488480990966238,84.0,0.0,84.0,84.0,84.0,0.0,0.0,0.004862748146057129,t3,-0.3,1.0,1.0,0.5,D6,50,1000,0.05,0.05,0.5,0.8,0.2,none,1,100617,5000,0.005356548142227417,0.00313993630508646,0.0,A,1.0,50,1.0,A_0617,A,5000,50
0.9966,0.9966,0.9538,0.9991201194387486,-0.0008798805612514338,0.18710549897354173,82.2848,47.08566755351356,50.0,75.0,131.0,0.0008,0.0008,0.004940368604660034,t3,-0.3,1.0,1.0,1.0,D1,50,1000,0.05,0.05,0.5,0.8,0.2,none,1,100618,5000,0.0008232180756032946,0.002968688599365047,0.00039983996798719363,A,2.0,50,1.0,A_0618,A,5000,50
1.0,1.0,0.9534,1.0002160248363785,0.00021602483637850334,0.15468510196966392,103.8218,55.6750109542872,63.0,95.0,163.0,0.0012,0.0012,0.005111246395111084,t3,-0.3,1.0,1.0,1.0,D2,50,1000,0.05,0.05,0.5,0.8,0.2,none,1,100619,5000,0.0,0.0029808871162793123,0.0004896039215529222,A,2.0,50,1.0,A_0619,A,5000,50
0.9974,0.9974,0.7724,1.0015258076926228,0.0015258076926227826,0.20028484757838153,66.3164,39.37778931123483,50.0,59.0,100.0,0.0008,0.0008,0.005049946784973144,t3,-0.3,1.0,1.0,1.0,D3,50,1000,0.05,0.05,0.5,0.8,0.2,none,1,100620,5000,0.0007201722016295889,0.005929557150411826,0.00039983996798719363,A,2.0,50,1.0,A_0620,A,5000,50
0.997,0.997,0.952,0.9999147378849693,-8.526211503068204e-05,0.16953224359203012,98.4442,49.401510972438885,59.0,90.0,157.0,0.0006,0.0006,0.004937902545928955,t3,-0.3,1.0,1.0,1.0,D4,50,1000,0.05,0.05,0.5,0.8,0.2,none,1,100621,5000,0.0007734339015067807,0.0030231109804305907,0.00034630622287218577,A,2.0,50,1.0,A_0621,A,5000,50
1.0,1.0,0.9508,0.9992735388342826,-0.0007264611657173958,0.054905610507155284,874.8792,139.98151809206814,609.0,923.0,1000.0,0.0,0.3866,0.004894891452789306,t3,-0.3,1.0,1.0,1.0,D5,50,1000,0.05,0.05,0.5,0.8,0.2,none,1,100622,5000,0.0,0.0030587369942510594,0.0,A,2.0,50,1.0,A_0622,A,5000,50
0.998,0.998,0.9486,1.0017128136215316,0.0017128136215316392,0.1753338215868878,84.0,0.0,84.0,84.0,84.0,0.0,0.0,0.004875446891784668,t3,-0.3,1.0,1.0,1.0,D6,50,1000,0.05,0.05,0.5,0.8,0.2,none,1,100623,5000,0.0006318227599572528,0.0031227564746550444,0.0,A,2.0,50,1.0,A_0623,A,5000,50
0.0488,0.0488,0.9512,0.0015770246051291584,0.0015770246051291584,0.18719126095129185,64.8252,34.83082320244527,40.0,59.0,102.0,0.0,0.0,0.00495335783958435,t3,0.0,1.0,1.0,0.0,D1,50,1000,0.05,0.05,0.5,0.8,0.2,none,1,100624,5000,0.00304691844328003,0.0030469184432800286,0.0,A,0.0,50,1.0,A_0624,A,5000,50
0.0504,0.0504,0.9496,0.003255584424007246,0.003255584424007246,0.15733841689948355,80.7188,43.516012300761204,50.0,74.0,124.0,0.0004,0.0004,0.005126567029953003,t3,0.0,1.0,1.0,0.0,D2,50,1000,0.05,0.05,0.5,0.8,0.2,none,1,100625,5000,0.0030938597253269257,0.0030938597253269257,0.00028278613827413816,A,0.0,50,1.0,A_0625,A,5000,50
0.0486,0.0486,0.8324,-0.0021768290712848213,-0.0021768290712848213,0.17594046053175622,64.9258,31.937681418036593,50.0,59.0,98.0,0.0006,0.0006,0.004975479030609131,t3,0.0,1.0,1.0,0.0,D3,50,1000,0.05,0.05,0.5,0.8,0.2,none,1,100626,5000,0.0030409879973455995,0.005282238919246269,0.00034630622287218577,A,0.0,50,1.0,A_0626,A,5000,50
0.0516,0.0516,0.9484,0.0010866407539183087,0.0010866407539183087,0.17121359698290609,78.1806,45.275339685528586,47.0,71.0,125.0,0.0008,0.0008,0.005014319276809692,t3,0.0,1.0,1.0,0.0,D4,50,1000,0.05,0.05,0.5,0.8,0.2,none,1,100627,5000,0.0031284961243383375,0.003128496124338337,0.00039983996798719363,A,0.0,50,1.0,A_0627,A,5000,50
0.0474,0.0474,0.9526,0.001405897326996269,0.001405897326996269,0.05338466033094601,733.8814,169.9952344450867,473.0,718.0,1000.0,0.0,0.1348,0.004884274196624756,t3,0.0,1.0,1.0,0.0,D5,50,1000,0.05,0.05,0.5,0.8,0.2,none,1,100628,5000,0.0030051036587778464,0.0030051036587778464,0.0,A,0.0,50,1.0,A_0628,A,5000,50
0.0534,0.0534,0.9466,-0.0017491140882877748,-0.0017491140882877748,0.17610811831936712,65.0,0.0,65.0,65.0,65.0,0.0,0.0,0.00486416244506836,t3,0.0,1.0,1.0,0.0,D6,50,1000,0.05,0.05,0.5,0.8,0.2,none,1,100629,5000,0.0031795735563122296,0.0031795735563122296,0.0,A,0.0,50,1.0,A_0629,A,5000,50
0.2918,0.2918,0.9532,0.2501129240846218,0.0001129240846218238,0.1851599801239218,64.95,41.18848261346854,39.0,59.0,101.05000000000018,0.001,0.001,0.0049567917823791505,t3,0.0,1.0,1.0,0.25,D1,50,1000,0.05,0.05,0.5,0.8,0.2,none,1,100630,5000,0.006428884195566132,0.002986963675708158,0.0004469899327725402,A,0.5,50,1.0,A_0630,A,5000,50
0.3602,0.3602,0.9426,0.25009973792941176,9.973792941175841e-05,0.1586572074933951,80.3948,43.16000154031508,50.0,73.0,127.05000000000018,0.0006,0.0006,0.0051428287982940675,t3,0.0,1.0,1.0,0.25,D2,50,1000,0.05,0.05,0.5,0.8,0.2,none,1,100631,5000,0.006789049417996602,0.0032895361375124004,0.00034630622287218577,A,0.5,50,1.0,A_0631,A,5000,50
0.3132,0.3132,0.833,0.24834437555458036,-0.00165562444541964,0.17384459062752872,66.793,48.301475660687636,50.0,59.0,98.0,0.0008,0.0008,0.0049382888317108155,t3,0.0,1.0,1.0,0.25,D3,50,1000,0.05,0.05,0.5,0.8,0.2,none,1,100632,5000,0.006559051150890653,0.005274675345459662,0.00039983996798719363,A,0.5,50,1.0,A_0632,A,5000,50
0.3552,0.3552,0.9466,0.25026020174168107,0.00026020174168106536,0.1694491642626078,77.5612,41.83542344186324,47.0,71.0,122.0,0.0002,0.0002,0.005049475049972534,t3,0.0,1.0,1.0,0.25,D4,50,1000,0.05,0.05,0.5,0.8,0.2,none,1,100633,5000,0.006768056737350834,0.0031795735563122296,0.00019997999899989998,A,0.5,50,1.0,A_0633,A,5000,50
0.989,0.989,0.9478,0.24921727000792807,-0.0007827299920719344,0.05389427790235821,735.0242,170.45313495022612,465.0,724.0,1000.0,0.0,0.1326,0.004974864673614502,t3,0.0,1.0,1.0,0.25,D5,50,1000,0.05,0.05,0.5,0.8,0.2,none,1,100634,5000,0.0014750593208410305,0.003145636978419475,0.0,A,0.5,50,1.0,A_0634,A,5000,50
0.3118,0.3118,0.9504,0.2506316271201992,0.0006316271201992074,0.1773204315096462,65.0,0.0,65.0,65.0,65.0,0.0,0.0,0.0048724928855896,t3,0.0,1.0,1.0,0.25,D6,50,1000,0.05,0.05,0.5,0.8,0.2,none,1,100635,5000,0.00655104205451316,0.0030704996336101387,0.0,A,0.5,50,1.0,A_0635,A,5000,50
0.7806,0.7806,0.9494,0.4988902664722572,-0.0011097335277427955,0.1874615216224864,64.4138,35.296971110280836,39.0,59.0,101.0,0.0004,0.0004,0.004922731637954712,t3,0.0,1.0,1.0,0.5,D1,50,1000,0.05,0.05,0.5,0.8,0.2,none,1,100636,5000,0.005852583019488062,0.0030996657884359074,0.00028278613827413816,A,1.0,50,1.0,A_0636,A,5000,50
0.8908,0.8908,0.949,0.5004791299215412,0.00047912992154119927,0.15759796973214213,80.5442,43.704618135387015,50.0,73.0,129.0,0.0006,0.0006,0.005128238773345947,t3,0.0,1.0,1.0,0.5,D2,50,1000,0.05,0.05,0.5,0.8,0.2,none,1,100637,5000,0.004410790405358205,0.0031112376958374634,0.00034630622287218577,A,1.0,50,1.0,A_0637,A,5000,50
0.8312,0.8312,0.8348,0.5047258209336987,0.004725820933698666,0.17343501359073912,65.3086,31.093834855803813,50.0,59.0,98.05000000000018,0.0002,0.0002,0.005062872743606567,t3,0.0,1.0,1.0,0.5,D3,50,1000,0.05,0.05,0.5,0.8,0.2,none,1,100638,5000,0.005297292893544777,0.005251837011941631,0.00019997999899989998,A,1.0,50,1.0,A_0638,A,5000,50
0.8386,0.8386,0.947,0.5026818889265473,0.0026818889265473045,0.17064867057580194,77.822,43.85985312332909,48.0,71.0,120.0,0.0008,0.0008,0.004971366357803345,t3,0.0,1.0,1.0,0.5,D4,50,1000,0.05,0.05,0.5,0.8,0.2,none,1,100639,5000,0.0052028845845357745,0.0031683118533376744,0.00039983996798719363,A,1.0,50,1.0,A_0639,A,5000,50
1.0,1.0,0.9472,0.4984896549624951,-0.0015103450375049121,0.05368162229628268,734.4802,168.47630458898365,476.0,717.0,1000.0,0.0,0.1344,0.004854420566558838,t3,0.0,1.0,1.0,0.5,D5,50,1000,0.05,0.05,0.5,0.8,0.2,none,1,100640,5000,0.0,0.003162662169755093,0.0,A,1.0,50,1.0,A_0640,A,5000,50
0.816,0.816,0.955,0.49494912997082613,-0.005050870029173871,0.1743439637435941,65.0,0.0,65.0,65.0,65.0,0.0,0.0,0.004840634059906006,t3,0.0,1.0,1.0,0.5,D6,50,1000,0.05,0.05,0.5,0.8,0.2,none,1,100641,5000,0.005479854012653987,0.0029317230428538106,0.0,A,1.0,50,1.0,A_0641,A,5000,50
0.9942,0.9942,0.9488,1.0031157834290179,0.00311578342901786,0.18739291849700576,63.93,36.75061768188393,39.0,58.0,99.0,0.0004,0.0004,0.004912230157852173,t3,0.0,1.0,1.0,1.0,D1,50,1000,0.05,0.05,0.5,0.8,0.2,none,1,100642,5000,0.0010739050237334796,0.0031170036894427964,0.00028278613827413816,A,2.0,50,1.0,A_0642,A,5000,50
1.0,1.0,0.9466,0.9997940032327695,-0.00020599676723054294,0.15538819373782695,80.625,46.766983813369876,50.0,73.0,124.0,0.0008,0.0008,0.005089645528793335,t3,0.0,1.0,1.0,1.0,D2,50,1000,0.05,0.05,0.5,0.8,0.2,none,1,100643,5000,0.0,0.0031795735563122296,0.00039983996798719363,A,2.0,50,1.0,A_0643,A,5000,50
1.0,1.0,0.8348,0.9972393862036523,-0.002760613796347733,0.17209823084104228,66.2626,37.51189199760524,50.0,59.0,100.05000000000018,0.0002,0.0002,0.005017995405197144,t3,0.0,1.0,1.0,1.0,D3,50,1000,0.05,0.05,0.5,0.8,0.2,none,1,100644,5000,0.0,0.005251837011941631,0.00019997999899989998,A,2.0,50,1.0,A_0644,A,5000,50
0.9962,0.9962,0.9578,0.9955812513251647,-0.004418748674835271,0.16874113281735087,76.813,37.10902896870248,47.0,71.0,119.0,0.0002,0.0002,0.004946530723571777,t3,0.0,1.0,1.0,1.0,D4,50,1000,0.05,0.05,0.5,0.8,0.2,none,1,100645,5000,0.0008701218305501851,0.002843208047259293,0.00019997999899989998,A,2.0,50,1.0,A_0645,A,5000,50
1.0,1.0,0.949,0.9998634761382302,-0.00013652386176976616,0.05272847811682613,736.3948,170.2706167633159,473.0,722.0,1000.0,0.0,0.135,0.004844147157669067,t3,0.0,1.0,1.0,1.0,D5,50,1000,0.05,0.05,0.5,0.8,0.2,none,1,100646,5000,0.0,0.0031112376958374634,0.0,A,2.0,50,1.0,A_0646,A,5000,50
0.9976,0.9976,0.9568,0.9971900218427114,-0.002809978157288562,0.17007380281214582,65.0,0.0,65.0,65.0,65.0,0.0,0.0,0.004821046590805054,t3,0.0,1.0,1.0,1.0,D6,50,1000,0.05,0.05,0.5,0.8,0.2,none,1,100647,5000,0.0006919884392097831,0.0028751959933194125,0.0,A,2.0,50,1.0,A_0647,A,5000,50
0.047,0.047,0.953,0.0008107719000987315,0.0008107719000987315,0.18719314770197534,47.5096,28.89321560228283,29.0,43.0,75.0,0.0,0.0,0.004902496194839477,t3,0.3,1.0,1.0,0.0,D1,50,1000,0.05,0.05,0.5,0.8,0.2,none,1,100648,5000,0.002993025225419926,0.002993025225419928,0.0,A,0.0,50,1.0,A_0648,A,5000,50
0.0526,0.0526,0.9474,0.0022000461308895884,0.0022000461308895884,0.15320967965629922,60.8814,35.840738469512594,50.0,51.0,91.0,0.0006,0.0006,0.0050858069896698,t3,0.3,1.0,1.0,0.0,D2,50,1000,0.05,0.05,0.5,0.8,0.2,none,1,100649,5000,0.003156999841621789,0.0031569998416217885,0.00034630622287218577,A,0.0,50,1.0,A_0649,A,5000,50
0.0184,0.0184,0.9032,-0.0035496565262103778,-0.0035496565262103778,0.1447350938367397,65.3286,30.20632751659824,50.0,59.0,97.05000000000018,0.0,0.0,0.004993435192108154,t3,0.3,1.0,1.0,0.0,D3,50,1000,0.05,0.05,0.5,0.8,0.2,none,1,100650,5000,0.0019006020098905506,0.004181620738421886,0.0,A,0.0,50,1.0,A_0650,A,5000,50
0.045,0.045,0.955,-0.0003980629498817819,-0.0003980629498817819,0.16511912658813074,57.3924,37.76326816153496,35.0,51.0,91.05000000000018,0.0006,0.0006,0.004907476139068604,t3,0.3,1.0,1.0,0.0,D4,50,1000,0.05,0.05,0.5,0.8,0.2,none,1,100651,5000,0.0029317230428538097,0.0029317230428538106,0.00034630622287218577,A,0.0,50,1.0,A_0651,A,5000,50
0.0444,0.0444,0.9556,0.0014365518418612533,0.0014365518418612533,0.05238637381411688,540.581,158.49386435758325,342.0,511.0,904.0500000000002,0.0,0.0342,0.004885571193695069,t3,0.3,1.0,1.0,0.0,D5,50,1000,0.05,0.05,0.5,0.8,0.2,none,1,100652,5000,0.002913027291324268,0.0029130272913242676,0.0,A,0.0,50,1.0,A_0652,A,5000,50
0.0446,0.0446,0.9554,-0.0023501170276997224,-0.0023501170276997224,0.17875162699862063,46.0,0.0,46.0,46.0,46.0,0.0,0.0,0.004838443851470947,t3,0.3,1.0,1.0,0.0,D6,50,1000,0.05,0.05,0.5,0.8,0.2,none,1,100653,5000,0.0029192752525241603,0.0029192752525241594,0.0,A,0.0,50,1.0,A_0653,A,5000,50
0.3036,0.3036,0.954,0.24938433665384702,-0.0006156633461529837,0.18199059268013926,46.9052,25.35012057091642,29.0,43.0,72.0,0.0,0.0,0.004922083806991578,t3,0.3,1.0,1.0,0.25,D1,50,1000,0.05,0.05,0.5,0.8,0.2,none,1,100654,5000,0.006502723121892858,0.0029625664549508433,0.0,A,0.5,50,1.0,A_0654,A,5000,50
0.3798,0.3798,0.9464,0.24820756665328716,-0.001792433346712835,0.15178238217198206,61.2216,38.88741304638302,50.0,51.0,91.0,0.0006,0.0006,0.0051304784774780276,t3,0.3,1.0,1.0,0.25,D2,50,1000,0.05,0.05,0.5,0.8,0.2,none,1,100655,5000,0.006863701042440587,0.0031851857088716186,0.00034630622287218577,A,0.5,50,1.0,A_0655,A,5000,50
0.2676,0.2676,0.9034,0.24454029348225995,-0.005459706517740054,0.14576561404271277,64.8518,30.739815171207518,50.0,58.0,96.0,0.0,0.0,0.0049744122505187985,t3,0.3,1.0,1.0,0.25,D3,50,1000,0.05,0.05,0.5,0.8,0.2,none,1,100656,5000,0.006260834449176882,0.004177761122898245,0.0,A,0.5,50,1.0,A_0656,A,5000,50
0.35,0.35,0.954,0.2501371312859428,0.000137131285942782,0.16847319554265425,55.813,30.66046364620079,35.0,51.0,88.0,0.0002,0.0002,0.004918450117111206,t3,0.3,1.0,1.0,0.25,D4,50,1000,0.05,0.05,0.5,0.8,0.2,none,1,100657,5000,0.00674536878161602,0.0029625664549508433,0.00019997999899989998,A,0.5,50,1.0,A_0657,A,5000,50
0.989,0.989,0.9508,0.2500214357009188,2.1435700918781553e-05,0.05404536365439649,544.021,161.57018214695432,339.0,513.0,913.0,0.0,0.0352,0.0048427856922149655,t3,0.3,1.0,1.0,0.25,D5,50,1000,0.05,0.05,0.5,0.8,0.2,none,1,100658,5000,0.0014750593208410305,0.0030587369942510594,0.0,A,0.5,50,1.0,A_0658,A,5000,50
0.3104,0.3104,0.9536,0.2514208867704091,0.00142088677040908,0.17763033996921795,46.0,0.0,46.0,46.0,46.0,0.0,0.0,0.004835638475418091,t3,0.3,1.0,1.0,0.25,D6,50,1000,0.05,0.05,0.5,0.8,0.2,none,1,100659,5000,0.006542963243057384,0.0029747954551531774,0.0,A,0.5,50,1.0,A_0659,A,5000,50
0.7872,0.7872,0.9514,0.5000819103259484,8.191032594839776e-05,0.17803426822541815,47.6314,31.163233690360187,29.0,43.0,75.0,0.0002,0.0002,0.004901794624328613,t3,0.3,1.0,1.0,0.5,D1,50,1000,0.05,0.05,0.5,0.8,0.2,none,1,100660,5000,0.0057881976469363935,0.003040987997345599,0.00019997999899989998,A,1.0,50,1.0,A_0660,A,5000,50
0.9042,0.9042,0.948,0.4996911972337963,-0.0003088027662037085,0.15231952879905525,61.3486,39.227570381556895,50.0,51.0,90.0,0.0006,0.0006,0.005107576751708984,t3,0.3,1.0,1.0,0.5,D2,50,1000,0.05,0.05,0.5,0.8,0.2,none,1,100661,5000,0.004162267651172856,0.00313993630508646,0.00034630622287218577,A,1.0,50,1.0,A_0661,A,5000,50
0.8688,0.8688,0.8966,0.5026207438965664,0.002620743896566413,0.1496109348414971,65.2118,32.89057221697427,50.0,59.0,98.0,0.0004,0.0004,0.004989431715011597,t3,0.3,1.0,1.0,0.5,D3,50,1000,0.05,0.05,0.5,0.8,0.2,none,1,100662,5000,0.004774653076402515,0.004306006038082158,0.00028278613827413816,A,1.0,50,1.0,A_0662,A,5000,50
0.8454,0.8454,0.9482,0.5040903111887275,0.004090311188727491,0.17112430544752927,58.2026,43.90594895045545,35.0,51.0,91.0,0.0004,0.0004,0.004930733871459961,t3,0.3,1.0,1.0,0.5,D4,50,1000,0.05,0.05,0.5,0.8,0.2,none,1,100663,5000,0.005112706523946,0.0031342227106573,0.00028278613827413816,A,1.0,50,1.0,A_0663,A,5000,50
0.9998,0.9998,0.9468,0.4997140342998713,-0.0002859657001286764,0.05431028059945763,545.5354,162.01277340642002,340.0,513.5,915.0500000000002,0.0,0.0394,0.0048443957328796385,t3,0.3,1.0,1.0,0.5,D5,50,1000,0.05,0.05,0.5,0.8,0.2,none,1,100664,5000,0.00019997999899988897,0.003173948959892078,0.0,A,1.0,50,1.0,A_0664,A,5000,50
0.808,0.808,0.9516,0.49896337922291567,-0.0010366207770843294,0.17536661605540824,46.0,0.0,46.0,46.0,46.0,0.0,0.0,0.0048314136505126955,t3,0.3,1.0,1.0,0.5,D6,50,1000,0.05,0.05,0.5,0.8,0.2,none,1,100665,5000,0.005570206459369347,0.0030350433275325743,0.0,A,1.0,50,1.0,A_0665,A,5000,50
0.9924,0.9924,0.9532,1.0014774365313537,0.001477436531353682,0.18218657533743302,47.414,28.900231902183762,29.0,43.0,74.0,0.0002,0.0002,0.004907867908477783,t3,0.3,1.0,1.0,1.0,D1,50,1000,0.05,0.05,0.5,0.8,0.2,none,1,100666,5000,0.00122818891055082,0.002986963675708158,0.00019997999899989998,A,2.0,50,1.0,A_0666,A,5000,50
1.0,1.0,0.9512,1.0017260006717046,0.0017260006717045862,0.15026356774845087,61.0906,32.93203898394389,50.0,51.0,93.0,0.0002,0.0002,0.005114673137664795,t3,0.3,1.0,1.0,1.0,D2,50,1000,0.05,0.05,0.5,0.8,0.2,none,1,100667,5000,0.0,0.0030469184432800286,0.00019997999899989998,A,2.0,50,1.0,A_0667,A,5000,50
1.0,1.0,0.9014,1.0041276326798327,0.004127632679832738,0.14561881772621504,65.3018,28.94942342707364,50.0,59.0,98.0,0.0,0.0,0.004966659832000732,t3,0.3,1.0,1.0,1.0,D3,50,1000,0.05,0.05,0.5,0.8,0.2,none,1,100668,5000,0.0,0.00421611290171409,0.0,A,2.0,50,1.0,A_0668,A,5000,50
0.9964,0.9964,0.949,1.003612740012626,0.0036127400126260145,0.16652792519175716,57.1248,36.68766039092708,35.0,51.0,90.0,0.0006,0.0006,0.004913039636611939,t3,0.3,1.0,1.0,1.0,D4,50,1000,0.05,0.05,0.5,0.8,0.2,none,1,100669,5000,0.0008469994096810277,0.0031112376958374634,0.00034630622287218577,A,2.0,50,1.0,A_0669,A,5000,50
1.0,1.0,0.9464,1.0002815715788873,0.00028157157888730744,0.05468380404393118,543.0256,159.2710059761035,340.0,513.0,893.1500000000005,0.0,0.0324,0.004841329431533813,t3,0.3,1.0,1.0,1.0,D5,50,1000,0.05,0.05,0.5,0.8,0.2,none,1,100670,5000,0.0,0.0031851857088716186,0.0,A,2.0,50,1.0,A_0670,A,5000,50
0.9964,0.9964,0.9518,0.9990405848749084,-0.0009594151250915672,0.17488752400819613,46.0,0.0,46.0,46.0,46.0,0.0,0.0,0.0048139272212982176,t3,0.3,1.0,1.0,1.0,D6,50,1000,0.05,0.05,0.5,0.8,0.2,none,1,100671,5000,0.0008469994096810277,0.003029084350096577,0.0,A,2.0,50,1.0,A_0671,A,5000,50
0.0444,0.0444,0.9556,-0.0014886528193049063,-0.0014886528193049063,0.1824725662734352,30.193,23.17380743425646,19.0,26.0,48.0,0.0002,0.0002,0.004901515388488769,t3,0.6,1.0,1.0,0.0,D1,50,1000,0.05,0.05,0.5,0.8,0.2,none,1,100672,5000,0.002913027291324268,0.0029130272913242676,0.00019997999899989998,A,0.0,50,1.0,A_0672,A,5000,50
0.0486,0.0486,0.9514,-0.0014815404113417824,-0.0014815404113417824,0.12564969799622816,53.5436,30.346190848935226,50.0,50.0,59.0,0.0002,0.0002,0.005118958806991578,t3,0.6,1.0,1.0,0.0,D2,50,1000,0.05,0.05,0.5,0.8,0.2,none,1,100673,5000,0.0030409879973455995,0.003040987997345599,0.00019997999899989998,A,0.0,50,1.0,A_0673,A,5000,50
0.0044,0.0044,0.9686,0.00047827954256230446,0.00047827954256230446,0.11262094606328003,65.1788,26.29159619650355,50.0,59.0,99.0,0.0,0.0,0.004976134824752808,t3,0.6,1.0,1.0,0.0,D3,50,1000,0.05,0.05,0.5,0.8,0.2,none,1,100674,5000,0.0009360170938610043,0.002466334932648037,0.0,A,0.0,50,1.0,A_0674,A,5000,50
0.0448,0.0448,0.9552,-0.0020080025359196832,-0.0020080025359196832,0.1657648176573226,36.0944,32.23817439992532,22.0,31.0,59.0,0.0004,0.0004,0.0049095282554626465,t3,0.6,1.0,1.0,0.0,D4,50,1000,0.05,0.05,0.5,0.8,0.2,none,1,100675,5000,0.002925507135523686,0.0029255071355236842,0.00028278613827413816,A,0.0,50,1.0,A_0675,A,5000,50
0.0492,0.0492,0.9508,-0.00012948735981706892,-0.00012948735981706892,0.05457634268879582,338.5734,135.55064814466954,207.0,307.0,584.0500000000002,0.0,0.0142,0.004847762823104859,t3,0.6,1.0,1.0,0.0,D5,50,1000,0.05,0.05,0.5,0.8,0.2,none,1,100676,5000,0.0030587369942510585,0.0030587369942510594,0.0,A,0.0,50,1.0,A_0676,A,5000,50
0.0556,0.0556,0.9444,0.0020997480041215744,0.0020997480041215744,0.1841545680357145,28.0,0.0,28.0,28.0,28.0,0.0,0.0,0.004820881843566894,t3,0.6,1.0,1.0,0.0,D6,50,1000,0.05,0.05,0.5,0.8,0.2,none,1,100677,5000,0.0032406369744233925,0.003240636974423392,0.0,A,0.0,50,1.0,A_0677,A,5000,50
0.319,0.319,0.9536,0.2555788308469686,0.0055788308469685854,0.189408020314684,30.2664,25.16299328458361,18.0,26.0,49.0,0.0002,0.0002,0.00490493106842041,t3,0.6,1.0,1.0,0.25,D1,50,1000,0.05,0.05,0.5,0.8,0.2,none,1,100678,5000,0.006591494519454598,0.0029747954551531774,0.00019997999899989998,A,0.5,50,1.0,A_0678,A,5000,50
0.5066,0.5066,0.9506,0.2517635415611465,0.0017635415611464977,0.12527263179971893,53.0398,26.479195908486343,50.0,50.0,57.0,0.0,0.0,0.005108195018768311,t3,0.6,1.0,1.0,0.25,D2,50,1000,0.05,0.05,0.5,0.8,0.2,none,1,100679,5000,0.0070704517536010385,0.003064625262572897,0.0,A,0.5,50,1.0,A_0679,A,5000,50
0.231,0.231,0.9664,0.25016783354336586,0.00016783354336585843,0.11246292876517276,65.4568,32.30381608664834,50.0,58.0,99.0,0.0004,0.0004,0.004986539077758789,t3,0.6,1.0,1.0,0.25,D3,50,1000,0.05,0.05,0.5,0.8,0.2,none,1,100680,5000,0.005960520111533892,0.0025483735989842607,0.00028278613827413816,A,0.5,50,1.0,A_0680,A,5000,50
0.3518,0.3518,0.9554,0.2507888685931098,0.0007888685931097816,0.17069300760317416,35.5414,27.856882202428903,22.0,31.0,57.0,0.0,0.0,0.004915113782882691,t3,0.6,1.0,1.0,0.25,D4,50,1000,0.05,0.05,0.5,0.8,0.2,none,1,100681,5000,0.006753321553132207,0.0029192752525241594,0.0,A,0.5,50,1.0,A_0681,A,5000,50
0.9872,0.9872,0.9498,0.2500667969850548,6.679698505479559e-05,0.054284838273842506,336.9494,135.7905550457763,205.0,306.0,568.0,0.0,0.015,0.0048463188171386715,t3,0.6,1.0,1.0,0.25,D5,50,1000,0.05,0.05,0.5,0.8,0.2,none,1,100682,5000,0.0015897270205919023,0.003088040155179334,0.0,A,0.5,50,1.0,A_0682,A,5000,50
0.2976,0.2976,0.953,0.24892932596128658,-0.001070674038713415,0.18058314755269678,28.0,0.0,28.0,28.0,28.0,0.0,0.0,0.004864018154144287,t3,0.6,1.0,1.0,0.25,D6,50,1000,0.05,0.05,0.5,0.8,0.2,none,1,100683,5000,0.006465821525529451,0.002993025225419928,0.0,A,0.5,50,1.0,A_0683,A,5000,50
0.7952,0.7952,0.9534,0.49885399612612247,-0.0011460038738775324,0.180602373248293,30.4922,30.327583800230443,19.0,26.0,48.0,0.0004,0.0004,0.004939924192428589,t3,0.6,1.0,1.0,0.5,D1,50,1000,0.05,0.05,0.5,0.8,0.2,none,1,100684,5000,0.005707135183259636,0.0029808871162793123,0.00028278613827413816,A,1.0,50,1.0,A_0684,A,5000,50
0.9726,0.9726,0.956,0.5013410193887815,0.0013410193887815058,0.12424293956689264,53.284,28.403600898477645,50.0,50.0,60.0,0.0002,0.0002,0.005137673664093017,t3,0.6,1.0,1.0,0.5,D2,50,1000,0.05,0.05,0.5,0.8,0.2,none,1,100685,5000,0.00230864635663412,0.002900482718445329,0.00019997999899989998,A,1.0,50,1.0,A_0685,A,5000,50
0.9208,0.9208,0.9678,0.4992607984541177,-0.0007392015458823065,0.11312252596694637,65.4834,32.66174711248619,50.0,58.0,101.0,0.0004,0.0004,0.004971201992034912,t3,0.6,1.0,1.0,0.5,D3,50,1000,0.05,0.05,0.5,0.8,0.2,none,1,100686,5000,0.003819093086061141,0.0024965239834618055,0.00028278613827413816,A,1.0,50,1.0,A_0686,A,5000,50
0.8532,0.8532,0.9554,0.5019300127340998,0.001930012734099762,0.1682936626877636,37.7788,48.86827059104916,22.0,32.0,59.0,0.0014,0.0014,0.004936186456680298,t3,0.6,1.0,1.0,0.5,D4,50,1000,0.05,0.05,0.5,0.8,0.2,none,1,100687,5000,0.005004992707287395,0.0029192752525241594,0.0005287797272967262,A,1.0,50,1.0,A_0687,A,5000,50
0.999,0.999,0.9452,0.49998582227646365,-1.4177723536346054e-05,0.05530393560843829,336.759,136.85906663060362,207.0,305.0,572.1000000000004,0.0,0.0166,0.004849006843566895,t3,0.6,1.0,1.0,0.5,D5,50,1000,0.05,0.05,0.5,0.8,0.2,none,1,100688,5000,0.0004469899327725404,0.003218600938296016,0.0,A,1.0,50,1.0,A_0688,A,5000,50
0.804,0.804,0.9564,0.4939127327548982,-0.0060872672451017795,0.17696297815973577,28.0,0.0,28.0,28.0,28.0,0.0,0.0,0.004826927566528321,t3,0.6,1.0,1.0,0.5,D6,50,1000,0.05,0.05,0.5,0.8,0.2,none,1,100689,5000,0.005613982543613757,0.0028878725733660748,0.0,A,1.0,50,1.0,A_0689,A,5000,50
0.993,0.993,0.954,0.9991525000598449,-0.0008474999401550942,0.17989993133032658,30.6354,32.60752162983259,18.0,27.0,48.0,0.0004,0.0004,0.004909135293960571,t3,0.6,1.0,1.0,1.0,D1,50,1000,0.05,0.05,0.5,0.8,0.2,none,1,100690,5000,0.0011790674280973083,0.0029625664549508433,0.00028278613827413816,A,2.0,50,1.0,A_0690,A,5000,50
1.0,1.0,0.9584,1.0023278567511777,0.002327856751177748,0.12291307102569385,53.831,36.45612210589601,50.0,50.0,59.0,0.0008,0.0008,0.005143460130691529,t3,0.6,1.0,1.0,1.0,D2,50,1000,0.05,0.05,0.5,0.8,0.2,none,1,100691,5000,0.0,0.0028238073588685176,0.00039983996798719363,A,2.0,50,1.0,A_0691,A,5000,50
1.0,1.0,0.9632,1.0000314385221987,3.143852219866794e-05,0.11387381205829139,66.0014,34.994139481347446,50.0,59.0,101.0,0.0004,0.0004,0.004947265338897705,t3,0.6,1.0,1.0,1.0,D3,50,1000,0.05,0.05,0.5,0.8,0.2,none,1,100692,5000,0.0,0.0026625461498347796,0.00028278613827413816,A,2.0,50,1.0,A_0692,A,5000,50
0.9964,0.9964,0.949,1.002399326667617,0.0023993266676169966,0.16535638574807385,36.109,30.174471312684172,22.0,31.0,56.0,0.0002,0.0002,0.0049200484275817875,t3,0.6,1.0,1.0,1.0,D4,50,1000,0.05,0.05,0.5,0.8,0.2,none,1,100693,5000,0.0008469994096810277,0.0031112376958374634,0.00019997999899989998,A,2.0,50,1.0,A_0693,A,5000,50
1.0,1.0,0.9502,1.0014508373493125,0.001450837349312506,0.05451534515968469,339.6738,139.72140635407303,206.0,306.0,597.1000000000004,0.0,0.0148,0.0048306606769561765,t3,0.6,1.0,1.0,1.0,D5,50,1000,0.05,0.05,0.5,0.8,0.2,none,1,100694,5000,0.0,0.0030763601869742093,0.0,A,2.0,50,1.0,A_0694,A,5000,50
0.9932,0.9932,0.9562,1.0021358951857753,0.002135895185775283,0.18086899497715705,28.0,0.0,28.0,28.0,28.0,0.0,0.0,0.0048439124584198,t3,0.6,1.0,1.0,1.0,D6,50,1000,0.05,0.05,0.5,0.8,0.2,none,1,100695,5000,0.0011622185680843365,0.0028941858958954226,0.0,A,2.0,50,1.0,A_0695,A,5000,50
0.0492,0.0492,0.9508,0.0006776627067883193,0.0006776627067883193,0.1751170906364144,13.6372,28.808303944522663,8.0,10.0,23.0,0.0002,0.0002,0.004931818151473999,t3,0.9,1.0,1.0,0.0,D1,50,1000,0.05,0.05,0.5,0.8,0.2,none,1,100696,5000,0.0030587369942510585,0.0030587369942510594,0.00019997999899989998,A,0.0,50,1.0,A_0696,A,5000,50
0.0454,0.0454,0.9546,-0.0003990797906808729,-0.0003990797906808729,0.07633220127904822,51.2282,18.8297245003744,50.0,50.0,50.0,0.0002,0.0002,0.00507280216217041,t3,0.9,1.0,1.0,0.0,D2,50,1000,0.05,0.05,0.5,0.8,0.2,none,1,100697,5000,0.002944107334999864,0.002944107334999864,0.00019997999899989998,A,0.0,50,1.0,A_0697,A,5000,50
0.0,0.0,0.9996,0.0015311388535116958,0.0015311388535116958,0.06489298345767866,66.184,33.99044195064254,50.0,58.0,103.0,0.0002,0.0002,0.0049629838466644285,t3,0.9,1.0,1.0,0.0,D3,50,1000,0.05,0.05,0.5,0.8,0.2,none,1,100698,5000,0.0,0.0002827861382741226,0.00019997999899989998,A,0.0,50,1.0,A_0698,A,5000,50
0.0502,0.0502,0.9498,-0.0018408758563725118,-0.0018408758563725118,0.17084268590494373,15.3446,29.409472127870643,9.0,12.0,27.050000000000182,0.0004,0.0004,0.004900749921798706,t3,0.9,1.0,1.0,0.0,D4,50,1000,0.05,0.05,0.5,0.8,0.2,none,1,100699,5000,0.003088040155179333,0.003088040155179334,0.00028278613827413816,A,0.0,50,1.0,A_0699,A,5000,50
0.0432,0.0432,0.9568,0.00020751114737929232,0.00020751114737929232,0.05647403613028973,124.5704,117.16444103839697,64.0,96.0,265.0,0.0,0.0076,0.004827410459518433,t3,0.9,1.0,1.0,0.0,D5,50,1000,0.05,0.05,0.5,0.8,0.2,none,1,100700,5000,0.002875195993319412,0.0028751959933194125,0.0,A,0.0,50,1.0,A_0700,A,5000,50
0.0492,0.0492,0.9508,0.0003259437847563368,0.0003259437847563368,0.2181935885779589,9.0,0.0,9.0,9.0,9.0,0.0,0.0,0.004808333015441895,t3,0.9,1.0,1.0,0.0,D6,50,1000,0.05,0.05,0.5,0.8,0.2,none,1,100701,5000,0.0030587369942510585,0.0030587369942510594,0.0,A,0.0,50,1.0,A_0701,A,5000,50
0.3532,0.3532,0.9532,0.25140503894143157,0.001405038941431569,0.1981683771565564,13.2726,26.44449827922625,8.0,10.0,23.0,0.0002,0.0002,0.004958852863311767,t3,0.9,1.0,1.0,0.25,D1,50,1000,0.05,0.05,0.5,0.8,0.2,none,1,100702,5000,0.006759434295856423,0.002986963675708158,0.00019997999899989998,A,0.5,50,1.0,A_0702,A,5000,50
0.893,0.893,0.9488,0.24719398173706908,-0.0028060182629309205,0.07701999482531306,51.9228,28.274278773471835,50.0,50.0,50.0,0.0004,0.0004,0.005103012943267822,t3,0.9,1.0,1.0,0.25,D2,50,1000,0.05,0.05,0.5,0.8,0.2,none,1,100703,5000,0.00437152147426957,0.0031170036894427964,0.00028278613827413816,A,0.5,50,1.0,A_0703,A,5000,50
0.1222,0.1222,0.9998,0.24999389526319454,-6.104736805456756e-06,0.06673421002890953,66.4304,33.45655624597367,50.0,59.0,104.0,0.0002,0.0002,0.005168678188323975,t3,0.9,1.0,1.0,0.25,D3,50,1000,0.05,0.05,0.5,0.8,0.2,none,1,100704,5000,0.004631784969102085,0.00019997999899988897,0.00019997999899989998,A,0.5,50,1.0,A_0704,A,5000,50
0.399,0.399,0.955,0.25203348163893774,0.0020334816389377397,0.16551016831422566,15.4462,29.94428001405277,9.0,12.0,27.0,0.0006,0.0006,0.005209494686126709,t3,0.9,1.0,1.0,0.25,D4,50,1000,0.05,0.05,0.5,0.8,0.2,none,1,100705,5000,0.006925301437482704,0.0029317230428538106,0.00034630622287218577,A,0.5,50,1.0,A_0705,A,5000,50
0.9672,0.9672,0.95,0.2495163158352755,-0.00048368416472449605,0.06433114631319918,122.8932,110.53399745671013,64.0,96.0,263.0500000000002,0.0,0.0068,0.005187710952758789,t3,0.9,1.0,1.0,0.25,D5,50,1000,0.05,0.05,0.5,0.8,0.2,none,1,100706,5000,0.002518894995826545,0.0030822070014844896,0.0,A,0.5,50,1.0,A_0706,A,5000,50
0.2708,0.2708,0.9494,0.24864673930852924,-0.0013532606914707646,0.19152147169308653,9.0,0.0,9.0,9.0,9.0,0.0,0.0,0.0050577482700347905,t3,0.9,1.0,1.0,0.25,D6,50,1000,0.05,0.05,0.5,0.8,0.2,none,1,100707,5000,0.0062843831837341045,0.0030996657884359074,0.0,A,0.5,50,1.0,A_0707,A,5000,50
0.8182,0.8182,0.9526,0.4999115178734777,-8.848212652229348e-05,0.1744783531458414,13.7962,32.77906443997449,8.0,10.0,25.0,0.0004,0.0004,0.005279894161224365,t3,0.9,1.0,1.0,0.5,D1,50,1000,0.05,0.05,0.5,0.8,0.2,none,1,100708,5000,0.005454333323147752,0.0030051036587778464,0.00028278613827413816,A,1.0,50,1.0,A_0708,A,5000,50
0.9984,0.9984,0.952,0.5012204324430409,0.0012204324430409308,0.07427619339286971,52.3378,34.39760007849385,50.0,50.0,50.0,0.001,0.001,0.00546369423866272,t3,0.9,1.0,1.0,0.5,D2,50,1000,0.05,0.05,0.5,0.8,0.2,none,1,100709,5000,0.0005652326954449903,0.0030231109804305907,0.0004469899327725402,A,1.0,50,1.0,A_0709,A,5000,50
0.9896,0.9896,0.9996,0.5012680869577294,0.0012680869577293974,0.06469760103400893,66.8416,38.214103540970314,50.0,58.0,106.0,0.0004,0.0004,0.005236827993392945,t3,0.9,1.0,1.0,0.5,D3,50,1000,0.05,0.05,0.5,0.8,0.2,none,1,100710,5000,0.001434701362653564,0.0002827861382741226,0.00028278613827413816,A,1.0,50,1.0,A_0710,A,5000,50
0.8658,0.8658,0.9536,0.49924660022530754,-0.0007533997746924648,0.16747461240116232,15.6446,29.50671602940592,9.0,12.0,29.0,0.0002,0.0002,0.005364137077331543,t3,0.9,1.0,1.0,0.5,D4,50,1000,0.05,0.05,0.5,0.8,0.2,none,1,100711,5000,0.004820588345834977,0.0029747954551531774,0.00019997999899989998,A,1.0,50,1.0,A_0711,A,5000,50
0.9966,0.9966,0.9538,0.49981923146018614,-0.0001807685398138581,0.05910182077010774,122.908,112.03727029877156,64.0,96.0,246.05000000000018,0.0,0.0076,0.005204235458374023,t3,0.9,1.0,1.0,0.5,D5,50,1000,0.05,0.05,0.5,0.8,0.2,none,1,100712,5000,0.0008232180756032946,0.002968688599365047,0.0,A,1.0,50,1.0,A_0712,A,5000,50
0.7678,0.7678,0.9536,0.49917412621277707,-0.0008258737872229305,0.18488183382232667,9.0,0.0,9.0,9.0,9.0,0.0,0.0,0.005046061229705811,t3,0.9,1.0,1.0,0.5,D6,50,1000,0.05,0.05,0.5,0.8,0.2,none,1,100713,5000,0.005971317442574963,0.0029747954551531774,0.0,A,1.0,50,1.0,A_0713,A,5000,50
0.985,0.985,0.9522,0.9952742829353916,-0.004725717064608448,0.1820680396620604,13.3302,25.59514735179307,8.0,10.0,23.0,0.0002,0.0002,0.005105206537246704,t3,0.9,1.0,1.0,1.0,D1,50,1000,0.05,0.05,0.5,0.8,0.2,none,1,100714,5000,0.0017190113437671093,0.0030171231330524103,0.00019997999899989998,A,2.0,50,1.0,A_0714,A,5000,50
1.0,1.0,0.9574,0.9984506521725917,-0.0015493478274083428,0.07417552784491116,52.6742,36.49857605934785,50.0,50.0,50.0,0.0008,0.0008,0.005217625713348389,t3,0.9,1.0,1.0,1.0,D2,50,1000,0.05,0.05,0.5,0.8,0.2,none,1,100715,5000,0.0,0.002856054621326419,0.00039983996798719363,A,2.0,50,1.0,A_0715,A,5000,50
0.9996,0.9996,0.9998,0.9992909365961443,-0.0007090634038556809,0.06740116268922988,65.6464,30.964169083636012,50.0,58.0,104.0,0.0,0.0,0.0051471670627593995,t3,0.9,1.0,1.0,1.0,D3,50,1000,0.05,0.05,0.5,0.8,0.2,none,1,100716,5000,0.0002827861382741226,0.00019997999899988897,0.0,A,2.0,50,1.0,A_0716,A,5000,50
0.9872,0.9872,0.9526,0.9969896592980964,-0.0030103407019036466,0.17042511981326086,14.8844,19.440931990005005,9.0,12.0,27.0,0.0,0.0,0.005143913412094117,t3,0.9,1.0,1.0,1.0,D4,50,1000,0.05,0.05,0.5,0.8,0.2,none,1,100717,5000,0.0015897270205919023,0.0030051036587778464,0.0,A,2.0,50,1.0,A_0717,A,5000,50
0.9998,0.9998,0.9486,1.0005208680947522,0.0005208680947521582,0.05985279763412867,123.4074,107.01196113164171,64.0,97.0,267.0,0.0,0.0056,0.005146338748931885,t3,0.9,1.0,1.0,1.0,D5,50,1000,0.05,0.05,0.5,0.8,0.2,none,1,100718,5000,0.00019997999899988897,0.0031227564746550444,0.0,A,2.0,50,1.0,A_0718,A,5000,50
0.9858,0.9858,0.953,1.0024801280296296,0.0024801280296296024,0.1885239636092445,9.0,0.0,9.0,9.0,9.0,0.0,0.0,0.004993988275527954,t3,0.9,1.0,1.0,1.0,D6,50,1000,0.05,0.05,0.5,0.8,0.2,none,1,100719,5000,0.001673222041451761,0.002993025225419928,0.0,A,2.0,50,1.0,A_0719,A,5000,50
1.0,1.0,0.0,-2.2050269887207805,-2.2050269887207805,2.21281533545066,204.6132,63.931475704538535,112.0,197.0,320.0,0.0,0.0,0.0001551819324493408,empirical,-0.3,1.0,1.0,0.0,D1,50,1000,0.05,0.05,0.5,0.8,0.2,none,1,100720,5000,0.0,0.0,0.0,A,0.0,50,1.0,A_0720,A,5000,50
1.0,1.0,0.0,-2.1881905154506796,-2.1881905154506796,2.194236677108585,263.078,65.45952272969915,179.0,251.0,393.0,0.0,0.0,0.0003202298164367676,empirical,-0.3,1.0,1.0,0.0,D2,50,1000,0.05,0.05,0.5,0.8,0.2,none,1,100721,5000,0.0,0.0,0.0,A,0.0,50,1.0,A_0721,A,5000,50
1.0,1.0,0.0,-2.200461434070633,-2.200461434070633,2.2037497205219085,472.3458,110.5642411558095,306.95000000000005,462.5,670.0,0.0,0.0,0.0001598785877227783,empirical,-0.3,1.0,1.0,0.0,D3,50,1000,0.05,0.05,0.5,0.8,0.2,none,1,100722,5000,0.0,0.0,0.0,A,0.0,50,1.0,A_0722,A,5000,50
1.0,1.0,0.0,-2.202197665533829,-2.202197665533829,2.208750874625865,246.7986,76.91015042268478,138.95000000000002,238.0,384.0,0.0,0.0,0.00015811657905578612,empirical,-0.3,1.0,1.0,0.0,D4,50,1000,0.05,0.05,0.5,0.8,0.2,none,1,100723,5000,0.0,0.0,0.0,A,0.0,50,1.0,A_0723,A,5000,50
1.0,1.0,0.0,-2.2042263827330695,-2.2042263827330695,2.205721774171407,999.18,12.463546846704594,1000.0,1000.0,1000.0,0.0,0.9942,0.00016230974197387695,empirical,-0.3,1.0,1.0,0.0,D5,50,1000,0.05,0.05,0.5,0.8,0.2,none,1,100724,5000,0.0,0.0,0.0,A,0.0,50,1.0,A_0724,A,5000,50
1.0,1.0,0.0,-2.1998000702114564,-2.1998000702114564,2.21670209766389,84.0,0.0,84.0,84.0,84.0,0.0,0.0,0.0001330665588378906,empirical,-0.3,1.0,1.0,0.0,D6,50,1000,0.05,0.05,0.5,0.8,0.2,none,1,100725,5000,0.0,0.0,0.0,A,0.0,50,1.0,A_0725,A,5000,50
1.0,1.0,0.0,-2.2031032683784395,-2.4531032683784395,2.460222082588561,203.3496,64.3400915436091,110.0,196.0,321.0,0.0,0.0,0.00016311407089233398,empirical,-0.3,1.0,1.0,0.25,D1,50,1000,0.05,0.05,0.5,0.8,0.2,none,1,100726,5000,0.0,0.0,0.0,A,0.5,50,1.0,A_0726,A,5000,50
1.0,1.0,0.0,-2.1895005979393938,-2.4395005979393938,2.444908405243527,263.919,65.78202215651325,180.0,252.0,390.0500000000002,0.0,0.0,0.00033507452011108396,empirical,-0.3,1.0,1.0,0.25,D2,50,1000,0.05,0.05,0.5,0.8,0.2,none,1,100727,5000,0.0,0.0,0.0,A,0.5,50,1.0,A_0727,A,5000,50
1.0,1.0,0.0,-2.198091527949079,-2.448091527949079,2.4509054500948735,475.2688,113.43327618719297,304.95000000000005,465.0,678.0,0.0,0.0,0.00016617989540100098,empirical,-0.3,1.0,1.0,0.25,D3,50,1000,0.05,0.05,0.5,0.8,0.2,none,1,100728,5000,0.0,0.0,0.0,A,0.5,50,1.0,A_0728,A,5000,50
1.0,1.0,0.0,-2.2012322683410623,-2.4512322683410623,2.457301379620971,244.1256,77.51867790823061,134.0,235.0,384.0500000000002,0.0,0.0,0.00015398607254028321,empirical,-0.3,1.0,1.0,0.25,D4,50,1000,0.05,0.05,0.5,0.8,0.2,none,1,100729,5000,0.0,0.0,0.0,A,0.5,50,1.0,A_0729,A,5000,50
1.0,1.0,0.0,-2.202474321933751,-2.452474321933751,2.453792801649643,999.5594,8.033658670867217,1000.0,1000.0,1000.0,0.0,0.9956,9.919829368591308e-05,empirical,-0.3,1.0,1.0,0.25,D5,50,1000,0.05,0.05,0.5,0.8,0.2,none,1,100730,5000,0.0,0.0,0.0,A,0.5,50,1.0,A_0730,A,5000,50
1.0,1.0,0.0,-2.2064039074292516,-2.4564039074292516,2.471471476803176,84.0,0.0,84.0,84.0,84.0,0.0,0.0,8.245000839233399e-05,empirical,-0.3,1.0,1.0,0.25,D6,50,1000,0.05,0.05,0.5,0.8,0.2,none,1,100731,5000,0.0,0.0,0.0,A,0.5,50,1.0,A_0731,A,5000,50
1.0,1.0,0.0,-2.197037546459983,-2.697037546459983,2.703725103053802,203.2222,63.895461710202866,112.0,196.0,317.0,0.0,0.0,0.00017152562141418458,empirical,-0.3,1.0,1.0,0.5,D1,50,1000,0.05,0.05,0.5,0.8,0.2,none,1,100732,5000,0.0,0.0,0.0,A,1.0,50,1.0,A_0732,A,5000,50
1.0,1.0,0.0,-2.1870271980163483,-2.6870271980163483,2.691916154763837,264.0066,65.97702749018025,178.95000000000002,252.0,392.0,0.0,0.0,0.00034350500106811524,empirical,-0.3,1.0,1.0,0.5,D2,50,1000,0.05,0.05,0.5,0.8,0.2,none,1,100733,5000,0.0,0.0,0.0,A,1.0,50,1.0,A_0733,A,5000,50
1.0,1.0,0.0,-2.2014960778864996,-2.7014960778864996,2.7041144845040335,472.1646,113.98078393676717,302.0,462.0,672.0500000000002,0.0,0.0,0.00015689411163330078,empirical,-0.3,1.0,1.0,0.5,D3,50,1000,0.05,0.05,0.5,0.8,0.2,none,1,100734,5000,0.0,0.0,0.0,A,1.0,50,1.0,A_0734,A,5000,50
1.0,1.0,0.0,-2.199675032510555,-2.699675032510555,2.70486061562216,245.9206,78.86202568815995,133.0,237.0,389.0,0.0,0.0,0.00015285844802856446,empirical,-0.3,1.0,1.0,0.5,D4,50,1000,0.05,0.05,0.5,0.8,0.2,none,1,100735,5000,0.0,0.0,0.0,A,1.0,50,1.0,A_0735,A,5000,50
1.0,1.0,0.0,-2.2023275759031993,-2.7023275759031993,2.7035053792511055,999.4182,10.893489283053434,1000.0,1000.0,1000.0,0.0,0.9954,0.00010020523071289063,empirical,-0.3,1.0,1.0,0.5,D5,50,1000,0.05,0.05,0.5,0.8,0.2,none,1,100736,5000,0.0,0.0,0.0,A,1.0,50,1.0,A_0736,A,5000,50
1.0,1.0,0.0,-2.2048392547018048,-2.7048392547018048,2.7191358518594706,84.0,0.0,84.0,84.0,84.0,0.0,0.0,7.875561714172363e-05,empirical,-0.3,1.0,1.0,0.5,D6,50,1000,0.05,0.05,0.5,0.8,0.2,none,1,100737,5000,0.0,0.0,0.0,A,1.0,50,1.0,A_0737,A,5000,50
1.0,1.0,0.0,-2.2005690649755403,-3.2005690649755403,3.2062590655289402,205.857,64.85771620246894,112.0,199.0,323.0500000000002,0.0,0.0,0.00027613496780395507,empirical,-0.3,1.0,1.0,1.0,D1,50,1000,0.05,0.05,0.5,0.8,0.2,none,1,100738,5000,0.0,0.0,0.0,A,2.0,50,1.0,A_0738,A,5000,50
1.0,1.0,0.0,-2.1884266087119957,-3.1884266087119957,3.192514500953716,262.8382,64.051876012807,178.0,251.0,388.0,0.0,0.0,0.0003362497329711914,empirical,-0.3,1.0,1.0,1.0,D2,50,1000,0.05,0.05,0.5,0.8,0.2,none,1,100739,5000,0.0,0.0,0.0,A,2.0,50,1.0,A_0739,A,5000,50
1.0,1.0,0.0,-2.2002917560872532,-3.2002917560872532,3.202601720782862,471.6532,114.18631673611335,303.0,462.0,676.0500000000002,0.0,0.0,0.0001592501163482666,empirical,-0.3,1.0,1.0,1.0,D3,50,1000,0.05,0.05,0.5,0.8,0.2,none,1,100740,5000,0.0,0.0,0.0,A,2.0,50,1.0,A_0740,A,5000,50
1.0,1.0,0.0,-2.2019770281239572,-3.2019770281239572,3.2063497265242975,247.7134,79.19919482191722,136.0,239.0,394.0,0.0,0.0,0.00015357737541198731,empirical,-0.3,1.0,1.0,1.0,D4,50,1000,0.05,0.05,0.5,0.8,0.2,none,1,100741,5000,0.0,0.0,0.0,A,2.0,50,1.0,A_0741,A,5000,50
1.0,1.0,0.0,-2.2023050210050203,-3.2023050210050203,3.2033190362620294,999.6016,7.483052681893935,1000.0,1000.0,1000.0,0.0,0.9948,9.673433303833008e-05,empirical,-0.3,1.0,1.0,1.0,D5,50,1000,0.05,0.05,0.5,0.8,0.2,none,1,100742,5000,0.0,0.0,0.0,A,2.0,50,1.0,A_0742,A,5000,50
1.0,1.0,0.0,-2.201540385010886,-3.201540385010886,3.213481544255209,84.0,0.0,84.0,84.0,84.0,0.0,0.0,7.69299030303955e-05,empirical,-0.3,1.0,1.0,1.0,D6,50,1000,0.05,0.05,0.5,0.8,0.2,none,1,100743,5000,0.0,0.0,0.0,A,2.0,50,1.0,A_0743,A,5000,50
1.0,1.0,0.0,-2.2027177519300634,-2.2027177519300634,2.2105692989666976,203.9968,64.68433187225482,112.0,196.0,323.0,0.0,0.0,0.00015584278106689454,empirical,0.0,1.0,1.0,0.0,D1,50,1000,0.05,0.05,0.5,0.8,0.2,none,1,100744,5000,0.0,0.0,0.0,A,0.0,50,1.0,A_0744,A,5000,50
1.0,1.0,0.0,-2.1872316461090633,-2.1872316461090633,2.193623728168615,263.4894,65.60966001771385,178.0,251.0,386.0500000000002,0.0,0.0,0.00032539691925048827,empirical,0.0,1.0,1.0,0.0,D2,50,1000,0.05,0.05,0.5,0.8,0.2,none,1,100745,5000,0.0,0.0,0.0,A,0.0,50,1.0,A_0745,A,5000,50
1.0,1.0,0.0,-2.200030404510758,-2.200030404510758,2.2032166252537495,471.8652,113.85939675301289,300.95000000000005,461.0,672.0,0.0,0.0,0.00015914592742919922,empirical,0.0,1.0,1.0,0.0,D3,50,1000,0.05,0.05,0.5,0.8,0.2,none,1,100746,5000,0.0,0.0,0.0,A,0.0,50,1.0,A_0746,A,5000,50
1.0,1.0,0.0,-2.2013522214544374,-2.2013522214544374,2.207976631819714,246.3934,77.38010232895793,136.0,239.0,388.0,0.0,0.0,0.00015042648315429687,empirical,0.0,1.0,1.0,0.0,D4,50,1000,0.05,0.05,0.5,0.8,0.2,none,1,100747,5000,0.0,0.0,0.0,A,0.0,50,1.0,A_0747,A,5000,50
1.0,1.0,0.0,-2.2020232140892135,-2.2020232140892135,2.2034818305009742,999.4092,9.688496031892669,1000.0,1000.0,1000.0,0.0,0.9942,9.786620140075683e-05,empirical,0.0,1.0,1.0,0.0,D5,50,1000,0.05,0.05,0.5,0.8,0.2,none,1,100748,5000,0.0,0.0,0.0,A,0.0,50,1.0,A_0748,A,5000,50
1.0,1.0,0.0,-2.203600406126567,-2.203600406126567,2.2260269477789323,65.0,0.0,65.0,65.0,65.0,0.0,0.0,7.64233112335205e-05,empirical,0.0,1.0,1.0,0.0,D6,50,1000,0.05,0.05,0.5,0.8,0.2,none,1,100749,5000,0.0,0.0,0.0,A,0.0,50,1.0,A_0749,A,5000,50
1.0,1.0,0.0,-2.2010296170837713,-2.4510296170837713,2.4582849470226447,204.2938,66.26135737788654,111.0,197.0,326.0,0.0,0.0,0.00016127123832702638,empirical,0.0,1.0,1.0,0.25,D1,50,1000,0.05,0.05,0.5,0.8,0.2,none,1,100750,5000,0.0,0.0,0.0,A,0.5,50,1.0,A_0750,A,5000,50
1.0,1.0,0.0,-2.186192992487392,-2.436192992487392,2.441605172616061,263.6896,65.306052183852,177.0,253.0,388.0,0.0,0.0,0.0004034413814544678,empirical,0.0,1.0,1.0,0.25,D2,50,1000,0.05,0.05,0.5,0.8,0.2,none,1,100751,5000,0.0,0.0,0.0,A,0.5,50,1.0,A_0751,A,5000,50
1.0,1.0,0.0,-2.19906977480128,-2.44906977480128,2.452080868042094,473.4112,113.24952677411062,302.0,466.0,673.0,0.0,0.0,0.00015894837379455568,empirical,0.0,1.0,1.0,0.25,D3,50,1000,0.05,0.05,0.5,0.8,0.2,none,1,100752,5000,0.0,0.0,0.0,A,0.5,50,1.0,A_0752,A,5000,50
1.0,1.0,0.0,-2.2044692271182122,-2.4544692271182122,2.4601390442674473,247.7914,78.17340907265078,135.0,239.0,389.0,0.0,0.0,0.00015046205520629884,empirical,0.0,1.0,1.0,0.25,D4,50,1000,0.05,0.05,0.5,0.8,0.2,none,1,100753,5000,0.0,0.0,0.0,A,0.5,50,1.0,A_0753,A,5000,50
1.0,1.0,0.0,-2.203371479879586,-2.453371479879586,2.454664523586957,999.1926,11.460676473925961,1000.0,1000.0,1000.0,0.0,0.9922,9.623312950134277e-05,empirical,0.0,1.0,1.0,0.25,D5,50,1000,0.05,0.05,0.5,0.8,0.2,none,1,100754,5000,0.0,0.0,0.0,A,0.5,50,1.0,A_0754,A,5000,50
1.0,1.0,0.0,-2.2017539051154222,-2.4517539051154222,2.471946110836576,65.0,0.0,65.0,65.0,65.0,0.0,0.0,7.536005973815919e-05,empirical,0.0,1.0,1.0,0.25,D6,50,1000,0.05,0.05,0.5,0.8,0.2,none,1,100755,5000,0.0,0.0,0.0,A,0.5,50,1.0,A_0755,A,5000,50
1.0,1.0,0.0,-2.2071904666893873,-2.7071904666893873,2.713485423021984,206.5786,65.24846221973358,112.0,200.0,324.0,0.0,0.0,0.00015168676376342774,empirical,0.0,1.0,1.0,0.5,D1,50,1000,0.05,0.05,0.5,0.8,0.2,none,1,100756,5000,0.0,0.0,0.0,A,1.0,50,1.0,A_0756,A,5000,50
1.0,1.0,0.0,-2.1881286859224014,-2.6881286859224014,2.6931313456497143,265.0758,66.14672217396716,177.0,253.0,390.0,0.0,0.0,0.000324224328994751,empirical,0.0,1.0,1.0,0.5,D2,50,1000,0.05,0.05,0.5,0.8,0.2,none,1,100757,5000,0.0,0.0,0.0,A,1.0,50,1.0,A_0757,A,5000,50
1.0,1.0,0.0,-2.1983902113171623,-2.6983902113171623,2.7010702238296713,473.4924,113.73847696465782,304.0,464.0,676.0500000000002,0.0,0.0,0.00015519475936889648,empirical,0.0,1.0,1.0,0.5,D3,50,1000,0.05,0.05,0.5,0.8,0.2,none,1,100758,5000,0.0,0.0,0.0,A,1.0,50,1.0,A_0758,A,5000,50
1.0,1.0,0.0,-2.1987362655844693,-2.6987362655844693,2.704145893351006,246.8646,78.26565445225638,136.0,238.0,390.0,0.0,0.0,0.00015542941093444823,empirical,0.0,1.0,1.0,0.5,D4,50,1000,0.05,0.05,0.5,0.8,0.2,none,1,100759,5000,0.0,0.0,0.0,A,1.0,50,1.0,A_0759,A,5000,50
1.0,1.0,0.0,-2.201117653339718,-2.701117653339718,2.7023229863530456,999.4546,8.976878011870275,1000.0,1000.0,1000.0,0.0,0.9944,9.74583625793457e-05,empirical,0.0,1.0,1.0,0.5,D5,50,1000,0.05,0.05,0.5,0.8,0.2,none,1,100760,5000,0.0,0.0,0.0,A,1.0,50,1.0,A_0760,A,5000,50
1.0,1.0,0.0,-2.199192165351077,-2.699192165351077,2.7173633136612283,65.0,0.0,65.0,65.0,65.0,0.0,0.0,7.766504287719727e-05,empirical,0.0,1.0,1.0,0.5,D6,50,1000,0.05,0.05,0.5,0.8,0.2,none,1,100761,5000,0.0,0.0,0.0,A,1.0,50,1.0,A_0761,A,5000,50
1.0,1.0,0.0,-2.198431588763786,-3.198431588763786,3.2037962098348953,205.7834,66.21921235140147,111.0,198.0,325.0,0.0,0.0,0.0001531966209411621,empirical,0.0,1.0,1.0,1.0,D1,50,1000,0.05,0.05,0.5,0.8,0.2,none,1,100762,5000,0.0,0.0,0.0,A,2.0,50,1.0,A_0762,A,5000,50
1.0,1.0,0.0,-2.1883794430369465,-3.1883794430369465,3.1924853128009683,263.6022,65.94073062349248,177.0,252.0,388.0,0.0,0.0,0.00030690832138061526,empirical,0.0,1.0,1.0,1.0,D2,50,1000,0.05,0.05,0.5,0.8,0.2,none,1,100763,5000,0.0,0.0,0.0,A,2.0,50,1.0,A_0763,A,5000,50
1.0,1.0,0.0,-2.1964491493252813,-3.1964491493252813,3.1987428930482764,469.1904,114.99319348483196,296.0,459.0,674.0,0.0,0.0,0.00019118852615356444,empirical,0.0,1.0,1.0,1.0,D3,50,1000,0.05,0.05,0.5,0.8,0.2,none,1,100764,5000,0.0,0.0,0.0,A,2.0,50,1.0,A_0764,A,5000,50
1.0,1.0,0.0,-2.2028257238925573,-3.2028257238925573,3.2073801866758145,246.1992,78.44784203125029,135.0,237.0,386.0,0.0,0.0,0.00022907547950744628,empirical,0.0,1.0,1.0,1.0,D4,50,1000,0.05,0.05,0.5,0.8,0.2,none,1,100765,5000,0.0,0.0,0.0,A,2.0,50,1.0,A_0765,A,5000,50
1.0,1.0,0.0,-2.202982907296977,-3.202982907296977,3.204000410142261,999.2984,11.592469859352667,1000.0,1000.0,1000.0,0.0,0.9938,9.871354103088379e-05,empirical,0.0,1.0,1.0,1.0,D5,50,1000,0.05,0.05,0.5,0.8,0.2,none,1,100766,5000,0.0,0.0,0.0,A,2.0,50,1.0,A_0766,A,5000,50
1.0,1.0,0.0,-2.2043773848369064,-3.2043773848369064,3.2200035036502133,65.0,0.0,65.0,65.0,65.0,0.0,0.0,7.698140144348144e-05,empirical,0.0,1.0,1.0,1.0,D6,50,1000,0.05,0.05,0.5,0.8,0.2,none,1,100767,5000,0.0,0.0,0.0,A,2.0,50,1.0,A_0767,A,5000,50
1.0,1.0,0.0,-2.2020615645437314,-2.2020615645437314,2.2099525327239107,203.9148,65.70795036340732,110.95000000000002,196.0,324.0,0.0,0.0,0.00015838699340820314,empirical,0.3,1.0,1.0,0.0,D1,50,1000,0.05,0.05,0.5,0.8,0.2,none,1,100768,5000,0.0,0.0,0.0,A,0.0,50,1.0,A_0768,A,5000,50
1.0,1.0,0.0,-2.188131419098275,-2.188131419098275,2.194491405774222,263.3574,63.32873648857997,179.0,253.0,386.0,0.0,0.0,0.00031552257537841797,empirical,0.3,1.0,1.0,0.0,D2,50,1000,0.05,0.05,0.5,0.8,0.2,none,1,100769,5000,0.0,0.0,0.0,A,0.0,50,1.0,A_0769,A,5000,50
1.0,1.0,0.0,-2.2007903744556114,-2.2007903744556114,2.2040659616896687,471.2268,113.94528231462678,304.0,459.0,673.0,0.0004,0.0004,0.00015507817268371583,empirical,0.3,1.0,1.0,0.0,D3,50,1000,0.05,0.05,0.5,0.8,0.2,none,1,100770,5000,0.0,0.0,0.00028278613827413816,A,0.0,50,1.0,A_0770,A,5000,50
1.0,1.0,0.0,-2.203616211749427,-2.203616211749427,2.2097851524860577,248.6836,78.96214720383432,134.0,240.0,389.0,0.0,0.0,0.00015041975975036621,empirical,0.3,1.0,1.0,0.0,D4,50,1000,0.05,0.05,0.5,0.8,0.2,none,1,100771,5000,0.0,0.0,0.0,A,0.0,50,1.0,A_0771,A,5000,50
1.0,1.0,0.0,-2.202932343782775,-2.202932343782775,2.2043150076253184,999.4098,10.867210495798819,1000.0,1000.0,1000.0,0.0,0.9944,9.541091918945312e-05,empirical,0.3,1.0,1.0,0.0,D5,50,1000,0.05,0.05,0.5,0.8,0.2,none,1,100772,5000,0.0,0.0,0.0,A,0.0,50,1.0,A_0772,A,5000,50
1.0,1.0,0.0,-2.2048885693863856,-2.2048885693863856,2.236484355237596,46.0,0.0,46.0,46.0,46.0,0.0,0.0,7.81653881072998e-05,empirical,0.3,1.0,1.0,0.0,D6,50,1000,0.05,0.05,0.5,0.8,0.2,none,1,100773,5000,0.0,0.0,0.0,A,0.0,50,1.0,A_0773,A,5000,50
1.0,1.0,0.0,-2.2074931998969367,-2.4574931998969367,2.464840342681757,205.8344,65.56263399711759,112.0,199.0,322.0,0.0,0.0,0.0001524827480316162,empirical,0.3,1.0,1.0,0.25,D1,50,1000,0.05,0.05,0.5,0.8,0.2,none,1,100774,5000,0.0,0.0,0.0,A,0.5,50,1.0,A_0774,A,5000,50
1.0,1.0,0.0,-2.1894337493570304,-2.4394337493570304,2.4448581138247647,264.052,64.62295332155595,177.95000000000002,253.0,388.0,0.0,0.0,0.0003066677570343018,empirical,0.3,1.0,1.0,0.25,D2,50,1000,0.05,0.05,0.5,0.8,0.2,none,1,100775,5000,0.0,0.0,0.0,A,0.5,50,1.0,A_0775,A,5000,50
1.0,1.0,0.0,-2.1958692333765266,-2.4458692333765266,2.4487806793490394,469.842,111.41978027262483,306.0,461.0,667.0,0.0,0.0,0.00015241341590881347,empirical,0.3,1.0,1.0,0.25,D3,50,1000,0.05,0.05,0.5,0.8,0.2,none,1,100776,5000,0.0,0.0,0.0,A,0.5,50,1.0,A_0776,A,5000,50
1.0,1.0,0.0,-2.2040640096133473,-2.4540640096133473,2.4600205198618137,245.6758,78.16969166089885,133.0,238.5,386.0,0.0,0.0,0.00015165128707885742,empirical,0.3,1.0,1.0,0.25,D4,50,1000,0.05,0.05,0.5,0.8,0.2,none,1,100777,5000,0.0,0.0,0.0,A,0.5,50,1.0,A_0777,A,5000,50
1.0,1.0,0.0,-2.20415632900389,-2.45415632900389,2.4554510021100313,999.5016,10.270851836142901,1000.0,1000.0,1000.0,0.0,0.9968,0.00013471179008483887,empirical,0.3,1.0,1.0,0.25,D5,50,1000,0.05,0.05,0.5,0.8,0.2,none,1,100778,5000,0.0,0.0,0.0,A,0.5,50,1.0,A_0778,A,5000,50
1.0,1.0,0.0,-2.200656611039917,-2.450656611039917,2.4793618779963214,46.0,0.0,46.0,46.0,46.0,0.0,0.0,0.00018064689636230468,empirical,0.3,1.0,1.0,0.25,D6,50,1000,0.05,0.05,0.5,0.8,0.2,none,1,100779,5000,0.0,0.0,0.0,A,0.5,50,1.0,A_0779,A,5000,50
1.0,1.0,0.0,-2.2032731694601138,-2.7032731694601138,2.7096841858661196,204.735,64.58005245429892,112.0,197.0,321.0500000000002,0.0,0.0,0.00015212039947509767,empirical,0.3,1.0,1.0,0.5,D1,50,1000,0.05,0.05,0.5,0.8,0.2,none,1,100780,5000,0.0,0.0,0.0,A,1.0,50,1.0,A_0780,A,5000,50
1.0,1.0,0.0,-2.1883146917171508,-2.6883146917171508,2.693382712193765,263.18,63.54321049490653,177.0,253.0,384.0,0.0,0.0,0.0003053565502166748,empirical,0.3,1.0,1.0,0.5,D2,50,1000,0.05,0.05,0.5,0.8,0.2,none,1,100781,5000,0.0,0.0,0.0,A,1.0,50,1.0,A_0781,A,5000,50
1.0,1.0,0.0,-2.1995302802305767,-2.6995302802305767,2.702237453323577,474.1758,112.6572451924864,308.0,465.0,674.0500000000002,0.0,0.0002,0.0001572805881500244,empirical,0.3,1.0,1.0,0.5,D3,50,1000,0.05,0.05,0.5,0.8,0.2,none,1,100782,5000,0.0,0.0,0.0,A,1.0,50,1.0,A_0782,A,5000,50
1.0,1.0,0.0,-2.2080104972788206,-2.7080104972788206,2.713370989090026,248.2414,80.00242950085953,134.0,238.0,396.0,0.0,0.0,0.00015096135139465333,empirical,0.3,1.0,1.0,0.5,D4,50,1000,0.05,0.05,0.5,0.8,0.2,none,1,100783,5000,0.0,0.0,0.0,A,1.0,50,1.0,A_0783,A,5000,50
1.0,1.0,0.0,-2.203487439710818,-2.703487439710818,2.7046899541572325,999.4784,10.83257741444759,1000.0,1000.0,1000.0,0.0,0.9958,9.822297096252441e-05,empirical,0.3,1.0,1.0,0.5,D5,50,1000,0.05,0.05,0.5,0.8,0.2,none,1,100784,5000,0.0,0.0,0.0,A,1.0,50,1.0,A_0784,A,5000,50
1.0,1.0,0.0,-2.2079897570931757,-2.7079897570931757,2.734759734310935,46.0,0.0,46.0,46.0,46.0,0.0,0.0,8.029794692993164e-05,empirical,0.3,1.0,1.0,0.5,D6,50,1000,0.05,0.05,0.5,0.8,0.2,none,1,100785,5000,0.0,0.0,0.0,A,1.0,50,1.0,A_0785,A,5000,50
1.0,1.0,0.0,-2.200553088794587,-3.200553088794587,3.205884387104449,204.5784,65.14370463398593,111.0,198.0,325.0,0.0,0.0,0.00015130424499511718,empirical,0.3,1.0,1.0,1.0,D1,50,1000,0.05,0.05,0.5,0.8,0.2,none,1,100786,5000,0.0,0.0,0.0,A,2.0,50,1.0,A_0786,A,5000,50
1.0,1.0,0.0,-2.1912099138635734,-3.1912099138635734,3.1953167457539413,263.0556,64.35895670875966,177.0,251.0,387.0,0.0,0.0,0.00031803770065307616,empirical,0.3,1.0,1.0,1.0,D2,50,1000,0.05,0.05,0.5,0.8,0.2,none,1,100787,5000,0.0,0.0,0.0,A,2.0,50,1.0,A_0787,A,5000,50
1.0,1.0,0.0,-2.198575297190978,-3.198575297190978,3.2008259709334834,470.9064,112.31065327492311,300.0,462.0,669.0500000000002,0.0002,0.0002,0.00015761499404907226,empirical,0.3,1.0,1.0,1.0,D3,50,1000,0.05,0.05,0.5,0.8,0.2,none,1,100788,5000,0.0,0.0,0.00019997999899989998,A,2.0,50,1.0,A_0788,A,5000,50
1.0,1.0,0.0,-2.201331016446266,-3.201331016446266,3.2056716450504394,247.4046,78.16518725647627,135.0,238.0,388.0500000000002,0.0,0.0,0.00014982357025146486,empirical,0.3,1.0,1.0,1.0,D4,50,1000,0.05,0.05,0.5,0.8,0.2,none,1,100789,5000,0.0,0.0,0.0,A,2.0,50,1.0,A_0789,A,5000,50
1.0,1.0,0.0,-2.2029692177393567,-3.2029692177393567,3.203992203540767,999.3092,12.445014879862539,1000.0,1000.0,1000.0,0.0,0.9942,9.839839935302735e-05,empirical,0.3,1.0,1.0,1.0,D5,50,1000,0.05,0.05,0.5,0.8,0.2,none,1,100790,5000,0.0,0.0,0.0,A,2.0,50,1.0,A_0790,A,5000,50
1.0,1.0,0.0,-2.2091508273899176,-3.2091508273899176,3.231499001868452,46.0,0.0,46.0,46.0,46.0,0.0,0.0,7.719578742980957e-05,empirical,0.3,1.0,1.0,1.0,D6,50,1000,0.05,0.05,0.5,0.8,0.2,none,1,100791,5000,0.0,0.0,0.0,A,2.0,50,1.0,A_0791,A,5000,50
1.0,1.0,0.0,-2.2011713291579618,-2.2011713291579618,2.208787697704172,204.7138,65.90960695953208,112.0,196.0,326.0,0.0,0.0,0.000176065731048584,empirical,0.6,1.0,1.0,0.0,D1,50,1000,0.05,0.05,0.5,0.8,0.2,none,1,100792,5000,0.0,0.0,0.0,A,0.0,50,1.0,A_0792,A,5000,50
1.0,1.0,0.0,-2.1876018918167763,-2.1876018918167763,2.1936435554841447,262.7848,64.14093925847983,178.0,252.0,384.0,0.0,0.0,0.0004286379337310791,empirical,0.6,1.0,1.0,0.0,D2,50,1000,0.05,0.05,0.5,0.8,0.2,none,1,100793,5000,0.0,0.0,0.0,A,0.0,50,1.0,A_0793,A,5000,50
1.0,1.0,0.0,-2.198656071562181,-2.198656071562181,2.2020612970093967,472.4416,115.15776043949448,299.0,462.0,676.0,0.0,0.0,0.00015716614723205565,empirical,0.6,1.0,1.0,0.0,D3,50,1000,0.05,0.05,0.5,0.8,0.2,none,1,100794,5000,0.0,0.0,0.0,A,0.0,50,1.0,A_0794,A,5000,50
1.0,1.0,0.0,-2.2030786009563235,-2.2030786009563235,2.209700127012512,247.415,77.01697459002139,135.0,240.0,386.0,0.0,0.0,0.00015123038291931152,empirical,0.6,1.0,1.0,0.0,D4,50,1000,0.05,0.05,0.5,0.8,0.2,none,1,100795,5000,0.0,0.0,0.0,A,0.0,50,1.0,A_0795,A,5000,50
1.0,1.0,0.0,-2.205576156426059,-2.205576156426059,2.2070707482620233,999.5244,9.820967602023742,1000.0,1000.0,1000.0,0.0,0.9952,9.870939254760742e-05,empirical,0.6,1.0,1.0,0.0,D5,50,1000,0.05,0.05,0.5,0.8,0.2,none,1,100796,5000,0.0,0.0,0.0,A,0.0,50,1.0,A_0796,A,5000,50
1.0,1.0,0.0,-2.2062834207319955,-2.2062834207319955,2.258320649949446,28.0,0.0,28.0,28.0,28.0,0.0,0.0,7.616195678710937e-05,empirical,0.6,1.0,1.0,0.0,D6,50,1000,0.05,0.05,0.5,0.8,0.2,none,1,100797,5000,0.0,0.0,0.0,A,0.0,50,1.0,A_0797,A,5000,50
1.0,1.0,0.0,-2.204477161227636,-2.454477161227636,2.4612074009944283,206.6148,64.26737602360936,113.0,201.0,322.0,0.0,0.0,0.00014816012382507323,empirical,0.6,1.0,1.0,0.25,D1,50,1000,0.05,0.05,0.5,0.8,0.2,none,1,100798,5000,0.0,0.0,0.0,A,0.5,50,1.0,A_0798,A,5000,50
1.0,1.0,0.0,-2.1852481811180637,-2.4352481811180637,2.4407616096210316,263.1192,66.08442926559933,176.0,252.0,389.0500000000002,0.0,0.0,0.0003222120761871338,empirical,0.6,1.0,1.0,0.25,D2,50,1000,0.05,0.05,0.5,0.8,0.2,none,1,100799,5000,0.0,0.0,0.0,A,0.5,50,1.0,A_0799,A,5000,50
1.0,1.0,0.0,-2.1984558014623716,-2.4484558014623716,2.4514584375998223,469.2876,113.4541585233437,302.0,457.0,671.0,0.0,0.0,0.0001573516845703125,empirical,0.6,1.0,1.0,0.25,D3,50,1000,0.05,0.05,0.5,0.8,0.2,none,1,100800,5000,0.0,0.0,0.0,A,0.5,50,1.0,A_0800,A,5000,50
1.0,1.0,0.0,-2.2035437146877666,-2.4535437146877666,2.45962692288135,246.968,79.05721583764509,135.0,237.0,391.0,0.0,0.0,0.00014970726966857912,empirical,0.6,1.0,1.0,0.25,D4,50,1000,0.05,0.05,0.5,0.8,0.2,none,1,100801,5000,0.0,0.0,0.0,A,0.5,50,1.0,A_0801,A,5000,50
1.0,1.0,0.0,-2.203253228424863,-2.453253228424863,2.4546111245196762,999.5246,10.155421942981985,1000.0,1000.0,1000.0,0.0,0.9958,0.00010684428215026856,empirical,0.6,1.0,1.0,0.25,D5,50,1000,0.05,0.05,0.5,0.8,0.2,none,1,100802,5000,0.0,0.0,0.0,A,0.5,50,1.0,A_0802,A,5000,50
0.9998,0.9998,0.0,-2.2072035576670626,-2.4572035576670626,2.5040541282372346,28.0,0.0,28.0,28.0,28.0,0.0,0.0,7.612543106079102e-05,empirical,0.6,1.0,1.0,0.25,D6,50,1000,0.05,0.05,0.5,0.8,0.2,none,1,100803,5000,0.00019997999899988897,0.0,0.0,A,0.5,50,1.0,A_0803,A,5000,50
1.0,1.0,0.0,-2.201614803931317,-2.701614803931317,2.70777818344893,206.0274,65.65766253256356,111.0,198.5,325.0,0.0,0.0,0.0001603858470916748,empirical,0.6,1.0,1.0,0.5,D1,50,1000,0.05,0.05,0.5,0.8,0.2,none,1,100804,5000,0.0,0.0,0.0,A,1.0,50,1.0,A_0804,A,5000,50
1.0,1.0,0.0,-2.184890475736424,-2.684890475736424,2.6897576283976243,262.9954,65.28650533486994,179.0,252.0,388.0500000000002,0.0,0.0,0.0003727420330047607,empirical,0.6,1.0,1.0,0.5,D2,50,1000,0.05,0.05,0.5,0.8,0.2,none,1,100805,5000,0.0,0.0,0.0,A,1.0,50,1.0,A_0805,A,5000,50
1.0,1.0,0.0,-2.197245575683604,-2.697245575683604,2.7000259775584654,471.0106,112.07406161837804,304.0,462.0,670.0,0.0008,0.0008,0.00020051589012145995,empirical,0.6,1.0,1.0,0.5,D3,50,1000,0.05,0.05,0.5,0.8,0.2,none,1,100806,5000,0.0,0.0,0.00039983996798719363,A,1.0,50,1.0,A_0806,A,5000,50
1.0,1.0,0.0,-2.2021781155472664,-2.7021781155472664,2.7076035722256186,246.9146,78.0414153308357,135.0,239.0,387.0500000000002,0.0,0.0,0.00014526772499084473,empirical,0.6,1.0,1.0,0.5,D4,50,1000,0.05,0.05,0.5,0.8,0.2,none,1,100807,5000,0.0,0.0,0.0,A,1.0,50,1.0,A_0807,A,5000,50
1.0,1.0,0.0,-2.2042690958264166,-2.7042690958264166,2.7054221530093305,999.438,10.575583009933778,1000.0,1000.0,1000.0,0.0,0.9948,9.211640357971191e-05,empirical,0.6,1.0,1.0,0.5,D5,50,1000,0.05,0.05,0.5,0.8,0.2,none,1,100808,5000,0.0,0.0,0.0,A,1.0,50,1.0,A_0808,A,5000,50
1.0,1.0,0.0,-2.2082489515684567,-2.7082489515684567,2.749537271601229,28.0,0.0,28.0,28.0,28.0,0.0,0.0,7.225255966186523e-05,empirical,0.6,1.0,1.0,0.5,D6,50,1000,0.05,0.05,0.5,0.8,0.2,none,1,100809,5000,0.0,0.0,0.0,A,1.0,50,1.0,A_0809,A,5000,50
1.0,1.0,0.0,-2.201826655940371,-3.201826655940371,3.2073180965961985,204.3344,64.46107489516444,112.0,197.0,321.0,0.0,0.0,0.00014643492698669433,empirical,0.6,1.0,1.0,1.0,D1,50,1000,0.05,0.05,0.5,0.8,0.2,none,1,100810,5000,0.0,0.0,0.0,A,2.0,50,1.0,A_0810,A,5000,50
1.0,1.0,0.0,-2.1849696170836497,-3.1849696170836497,3.189125438157616,262.7442,65.10397197068701,177.0,250.0,391.0,0.0,0.0,0.0003196766376495361,empirical,0.6,1.0,1.0,1.0,D2,50,1000,0.05,0.05,0.5,0.8,0.2,none,1,100811,5000,0.0,0.0,0.0,A,2.0,50,1.0,A_0811,A,5000,50
1.0,1.0,0.0,-2.2023196924467805,-3.2023196924467805,3.2045032304103676,472.5366,111.80865914784955,304.0,464.0,670.0500000000002,0.0002,0.0002,0.00015753512382507323,empirical,0.6,1.0,1.0,1.0,D3,50,1000,0.05,0.05,0.5,0.8,0.2,none,1,100812,5000,0.0,0.0,0.00019997999899989998,A,2.0,50,1.0,A_0812,A,5000,50
1.0,1.0,0.0,-2.1981983003817347,-3.1981983003817347,3.202836228059824,245.743,77.90815715315053,137.95000000000002,238.0,391.0500000000002,0.0,0.0,0.00015207843780517578,empirical,0.6,1.0,1.0,1.0,D4,50,1000,0.05,0.05,0.5,0.8,0.2,none,1,100813,5000,0.0,0.0,0.0,A,2.0,50,1.0,A_0813,A,5000,50
1.0,1.0,0.0,-2.204222332317463,-3.204222332317463,3.2052188932661947,999.1548,12.964321693015798,1000.0,1000.0,1000.0,0.0,0.9932,0.0001000791072845459,empirical,0.6,1.0,1.0,1.0,D5,50,1000,0.05,0.05,0.5,0.8,0.2,none,1,100814,5000,0.0,0.0,0.0,A,2.0,50,1.0,A_0814,A,5000,50
1.0,1.0,0.0,-2.200174858305128,-3.200174858305128,3.2361953220822155,28.0,0.0,28.0,28.0,28.0,0.0,0.0,7.421574592590331e-05,empirical,0.6,1.0,1.0,1.0,D6,50,1000,0.05,0.05,0.5,0.8,0.2,none,1,100815,5000,0.0,0.0,0.0,A,2.0,50,1.0,A_0815,A,5000,50
1.0,1.0,0.0,-2.2057241794595503,-2.2057241794595503,2.213626459076616,204.603,64.52760487574291,112.0,198.0,321.0,0.0,0.0,0.00015302209854125976,empirical,0.9,1.0,1.0,0.0,D1,50,1000,0.05,0.05,0.5,0.8,0.2,none,1,100816,5000,0.0,0.0,0.0,A,0.0,50,1.0,A_0816,A,5000,50
1.0,1.0,0.0,-2.187762693045526,-2.187762693045526,2.1937667111123798,263.4716,65.05526568572293,179.0,252.0,391.0,0.0,0.0,0.0003142512321472168,empirical,0.9,1.0,1.0,0.0,D2,50,1000,0.05,0.05,0.5,0.8,0.2,none,1,100817,5000,0.0,0.0,0.0,A,0.0,50,1.0,A_0817,A,5000,50
1.0,1.0,0.0,-2.2018023540248834,-2.2018023540248834,2.205187441752827,471.2424,112.03483762758796,305.0,462.0,669.0,0.0,0.0,0.0001612657070159912,empirical,0.9,1.0,1.0,0.0,D3,50,1000,0.05,0.05,0.5,0.8,0.2,none,1,100818,5000,0.0,0.0,0.0,A,0.0,50,1.0,A_0818,A,5000,50
1.0,1.0,0.0,-2.202084432934128,-2.202084432934128,2.208717103271058,247.6316,78.3140414066341,136.0,240.0,390.0,0.0,0.0,0.00021806678771972657,empirical,0.9,1.0,1.0,0.0,D4,50,1000,0.05,0.05,0.5,0.8,0.2,none,1,100819,5000,0.0,0.0,0.0,A,0.0,50,1.0,A_0819,A,5000,50
1.0,1.0,0.0,-2.2029770024105457,-2.2029770024105457,2.2044325784550907,999.1036,12.368187702327292,1000.0,1000.0,1000.0,0.0,0.991,0.00013918218612670897,empirical,0.9,1.0,1.0,0.0,D5,50,1000,0.05,0.05,0.5,0.8,0.2,none,1,100820,5000,0.0,0.0,0.0,A,0.0,50,1.0,A_0820,A,5000,50
0.7392,0.7392,0.2608,-2.2038438871619603,-2.2038438871619603,2.356342584546297,9.0,0.0,9.0,9.0,9.0,0.0,0.0,7.595934867858887e-05,empirical,0.9,1.0,1.0,0.0,D6,50,1000,0.05,0.05,0.5,0.8,0.2,none,1,100821,5000,0.00620940190356527,0.00620940190356527,0.0,A,0.0,50,1.0,A_0821,A,5000,50
1.0,1.0,0.0,-2.204585265063479,-2.454585265063479,2.4618482044741863,204.2532,65.25881618417546,111.0,197.0,321.0,0.0,0.0,0.0001514024257659912,empirical,0.9,1.0,1.0,0.25,D1,50,1000,0.05,0.05,0.5,0.8,0.2,none,1,100822,5000,0.0,0.0,0.0,A,0.5,50,1.0,A_0822,A,5000,50
1.0,1.0,0.0,-2.187808839280713,-2.437808839280713,2.4431742332228303,263.3876,63.21679655154949,179.0,253.0,382.0500000000002,0.0,0.0,0.00031409330368041994,empirical,0.9,1.0,1.0,0.25,D2,50,1000,0.05,0.05,0.5,0.8,0.2,none,1,100823,5000,0.0,0.0,0.0,A,0.5,50,1.0,A_0823,A,5000,50
1.0,1.0,0.0,-2.200553633140238,-2.450553633140238,2.45346177328978,474.2284,112.1017958528765,305.0,465.0,673.0,0.0,0.0,0.0001605008602142334,empirical,0.9,1.0,1.0,0.25,D3,50,1000,0.05,0.05,0.5,0.8,0.2,none,1,100824,5000,0.0,0.0,0.0,A,0.5,50,1.0,A_0824,A,5000,50
1.0,1.0,0.0,-2.203705689806348,-2.453705689806348,2.459532200077391,247.6726,78.17232380606323,133.0,239.0,388.0500000000002,0.0,0.0,0.00015086607933044433,empirical,0.9,1.0,1.0,0.25,D4,50,1000,0.05,0.05,0.5,0.8,0.2,none,1,100825,5000,0.0,0.0,0.0,A,0.5,50,1.0,A_0825,A,5000,50
1.0,1.0,0.0,-2.202132640861232,-2.452132640861232,2.453432269650253,999.4198,10.953281150413332,1000.0,1000.0,1000.0,0.0,0.9952,9.365525245666504e-05,empirical,0.9,1.0,1.0,0.25,D5,50,1000,0.05,0.05,0.5,0.8,0.2,none,1,100826,5000,0.0,0.0,0.0,A,0.5,50,1.0,A_0826,A,5000,50
0.7464,0.7464,0.1464,-2.2051708961189807,-2.4551708961189807,2.594728205291364,9.0,0.0,9.0,9.0,9.0,0.0,0.0,7.432432174682618e-05,empirical,0.9,1.0,1.0,0.25,D6,50,1000,0.05,0.05,0.5,0.8,0.2,none,1,100827,5000,0.006152837394243407,0.004999340756539806,0.0,A,0.5,50,1.0,A_0827,A,5000,50
1.0,1.0,0.0,-2.2046164362869876,-2.7046164362869876,2.711046162577557,206.0382,64.94846526870361,112.0,199.0,322.0,0.0,0.0,0.00015145807266235352,empirical,0.9,1.0,1.0,0.5,D1,50,1000,0.05,0.05,0.5,0.8,0.2,none,1,100828,5000,0.0,0.0,0.0,A,1.0,50,1.0,A_0828,A,5000,50
1.0,1.0,0.0,-2.1863408394445147,-2.6863408394445147,2.691341778122035,264.8236,66.55591095492571,178.0,253.0,391.0,0.0,0.0,0.000315387487411499,empirical,0.9,1.0,1.0,0.5,D2,50,1000,0.05,0.05,0.5,0.8,0.2,none,1,100829,5000,0.0,0.0,0.0,A,1.0,50,1.0,A_0829,A,5000,50
1.0,1.0,0.0,-2.20056754321684,-2.70056754321684,2.7031859595217194,472.7102,113.30569542595818,303.0,462.0,679.0500000000002,0.0,0.0,0.0001514019012451172,empirical,0.9,1.0,1.0,0.5,D3,50,1000,0.05,0.05,0.5,0.8,0.2,none,1,100830,5000,0.0,0.0,0.0,A,1.0,50,1.0,A_0830,A,5000,50
1.0,1.0,0.0,-2.204478268808499,-2.704478268808499,2.7098455656893097,247.2638,79.17529292373979,133.0,238.0,389.0,0.0,0.0,0.00015190763473510742,empirical,0.9,1.0,1.0,0.5,D4,50,1000,0.05,0.05,0.5,0.8,0.2,none,1,100831,5000,0.0,0.0,0.0,A,1.0,50,1.0,A_0831,A,5000,50
1.0,1.0,0.0,-2.203419246825418,-2.703419246825418,2.704579618393475,999.3906,10.434022792767898,1000.0,1000.0,1000.0,0.0,0.9944,0.00010030646324157715,empirical,0.9,1.0,1.0,0.5,D5,50,1000,0.05,0.05,0.5,0.8,0.2,none,1,100832,5000,0.0,0.0,0.0,A,1.0,50,1.0,A_0832,A,5000,50
0.7438,0.7438,0.0678,-2.1988262628715347,-2.6988262628715347,2.8259084594008725,9.0,0.0,9.0,9.0,9.0,0.0,0.0,7.405514717102051e-05,empirical,0.9,1.0,1.0,0.5,D6,50,1000,0.05,0.05,0.5,0.8,0.2,none,1,100833,5000,0.006173516987908917,0.003555366647759412,0.0,A,1.0,50,1.0,A_0833,A,5000,50
1.0,1.0,0.0,-2.2008434928420533,-3.2008434928420533,3.2063051007565297,204.9984,65.19861346255762,112.0,197.0,325.0500000000002,0.0,0.0,0.00024117555618286132,empirical,0.9,1.0,1.0,1.0,D1,50,1000,0.05,0.05,0.5,0.8,0.2,none,1,100834,5000,0.0,0.0,0.0,A,2.0,50,1.0,A_0834,A,5000,50
1.0,1.0,0.0,-2.188355640545667,-3.188355640545667,3.192614928737901,265.3456,66.99403675432613,179.0,253.0,399.0,0.0,0.0,0.0003734300136566162,empirical,0.9,1.0,1.0,1.0,D2,50,1000,0.05,0.05,0.5,0.8,0.2,none,1,100835,5000,0.0,0.0,0.0,A,2.0,50,1.0,A_0835,A,5000,50
1.0,1.0,0.0,-2.2018654265201074,-3.2018654265201074,3.2040761114829466,472.8104,112.3568851999734,306.0,463.0,672.0,0.0004,0.0004,0.0001554067611694336,empirical,0.9,1.0,1.0,1.0,D3,50,1000,0.05,0.05,0.5,0.8,0.2,none,1,100836,5000,0.0,0.0,0.00028278613827413816,A,2.0,50,1.0,A_0836,A,5000,50
1.0,1.0,0.0,-2.203254628328914,-3.203254628328914,3.207723391567897,246.0694,76.63463044629367,135.0,236.0,383.0500000000002,0.0,0.0,0.00015264291763305665,empirical,0.9,1.0,1.0,1.0,D4,50,1000,0.05,0.05,0.5,0.8,0.2,none,1,100837,5000,0.0,0.0,0.0,A,2.0,50,1.0,A_0837,A,5000,50
1.0,1.0,0.0,-2.203178789357695,-3.203178789357695,3.20420366516807,999.5438,7.968769137075061,1000.0,1000.0,1000.0,0.0,0.9952,9.840002059936524e-05,empirical,0.9,1.0,1.0,1.0,D5,50,1000,0.05,0.05,0.5,0.8,0.2,none,1,100838,5000,0.0,0.0,0.0,A,2.0,50,1.0,A_0838,A,5000,50
0.734,0.734,0.0092,-2.1871529891764703,-3.1871529891764703,3.2953446374585793,9.0,0.0,9.0,9.0,9.0,0.0,0.0,7.620453834533691e-05,empirical,0.9,1.0,1.0,1.0,D6,50,1000,0.05,0.05,0.5,0.8,0.2,none,1,100839,5000,0.006248903903885865,0.0013502118352317904,0.0,A,2.0,50,1.0,A_0839,A,5000,50
0.901,0.901,0.9484,0.4978617807639919,-0.0021382192360080987,0.15419334587695488,115.2206,26.862560109565134,80.0,111.0,167.0,0.0,0.0,0.00031439037322998045,normal,-0.3,1.0,1.0,0.5,D2,25,1000,0.05,0.05,0.5,0.8,0.2,none,1,200840,5000,0.004223718740636029,0.003128496124338337,0.0,C,1.0,25,1.0,C_0000,C,5000,25
0.7728,0.7728,0.7722,0.49998842187029013,-1.1578129709866047e-05,0.20484204500964978,64.8944,13.389609726948729,45.0,64.0,88.0,0.0,0.0,0.00015488991737365722,normal,-0.3,1.0,1.0,0.5,D3,25,1000,0.05,0.05,0.5,0.8,0.2,none,1,200841,5000,0.005925878162770476,0.00593139376538095,0.0,C,1.0,25,1.0,C_0001,C,5000,25
0.8658,0.8658,0.9486,0.5006161750463248,0.0006161750463248294,0.1610018071123087,110.7306,31.3351372047419,64.0,109.0,164.0,0.0,0.0,0.00014125766754150392,normal,-0.3,1.0,1.0,0.5,D4,25,1000,0.05,0.05,0.5,0.8,0.2,none,1,200842,5000,0.004820588345834977,0.0031227564746550444,0.0,C,1.0,25,1.0,C_0002,C,5000,25
0.908,0.908,0.9478,0.5019301021052439,0.0019301021052439138,0.15200555392334986,63.2882,15.532750585778425,40.0,62.0,92.0,0.0,0.0,0.0003447198390960693,normal,0.3,1.0,1.0,0.5,D2,25,1000,0.05,0.05,0.5,0.8,0.2,none,1,200843,5000,0.004087444189221425,0.003145636978419475,0.0,C,1.0,25,1.0,C_0003,C,5000,25
0.8466,0.8466,0.9078,0.4989117504359844,-0.0010882495640155976,0.1484109679724998,65.3038,13.591905884017885,45.0,64.0,90.0,0.0,0.0,0.00015441455841064454,normal,0.3,1.0,1.0,0.5,D3,25,1000,0.05,0.05,0.5,0.8,0.2,none,1,200844,5000,0.005096438756622117,0.004091433978448142,0.0,C,1.0,25,1.0,C_0004,C,5000,25
0.872,0.872,0.9522,0.49970758200291404,-0.0002924179970859586,0.15664458793500632,61.058,16.94664084708235,37.0,59.0,91.0,0.0,0.0,0.0001695326328277588,normal,0.3,1.0,1.0,0.5,D4,25,1000,0.05,0.05,0.5,0.8,0.2,none,1,200845,5000,0.004724743379274688,0.0030171231330524103,0.0,C,1.0,25,1.0,C_0005,C,5000,25
0.9994,0.9994,0.9502,0.5003693817875045,0.0003693817875044525,0.0894423006680244,25.0,0.0,25.0,25.0,25.0,0.0,0.0,0.0003037814140319824,normal,0.9,1.0,1.0,0.5,D2,25,1000,0.05,0.05,0.5,0.8,0.2,none,1,200846,5000,0.0003463062228721987,0.0030763601869742093,0.0,C,1.0,25,1.0,C_0006,C,5000,25
0.9838,0.9838,0.9998,0.4994944712303763,-0.0005055287696236754,0.05739708696660244,65.428,17.38454532048509,40.0,64.0,97.0,0.0,0.0,0.0001546596050262451,normal,0.9,1.0,1.0,0.5,D3,25,1000,0.05,0.05,0.5,0.8,0.2,none,1,200847,5000,0.0017853604678047508,0.00019997999899988897,0.0,C,1.0,25,1.0,C_0007,C,5000,25
0.892,0.892,0.947,0.5037270034276942,0.0037270034276941644,0.14064475519929628,10.9488,2.380877686904558,8.0,11.0,15.0,0.0,0.0,0.00016481599807739258,normal,0.9,1.0,1.0,0.5,D4,25,1000,0.05,0.05,0.5,0.8,0.2,none,1,200848,5000,0.0043894418779612514,0.0031683118533376744,0.0,C,1.0,25,1.0,C_0008,C,5000,25
0.8972,0.8972,0.946,0.48897619435213474,-0.011023805647865259,0.15228215650743582,115.9,35.760011185680575,73.0,109.0,184.0,0.0,0.0,0.0005232414245605469,lognormal,-0.3,1.0,1.0,0.5,D2,25,1000,0.05,0.05,0.5,0.8,0.2,none,1,200849,5000,0.0042949309656850135,0.0031963729444481302,0.0,C,1.0,25,1.0,C_0009,C,5000,25
0.7506,0.7506,0.7674,0.4838865308060893,-0.016113469193910712,0.206055656760815,65.202,19.998399835986877,40.0,62.0,102.0,0.0,0.0,0.0003581937313079834,lognormal,-0.3,1.0,1.0,0.5,D3,25,1000,0.05,0.05,0.5,0.8,0.2,none,1,200850,5000,0.0061188175328244585,0.005974901505464337,0.0,C,1.0,25,1.0,C_0010,C,5000,25
0.8626,0.8626,0.9518,0.4970943088008941,-0.0029056911991058865,0.16144943670552742,109.19,40.65596020265663,59.0,102.0,180.05000000000018,0.0,0.0,0.00030747971534729,lognormal,-0.3,1.0,1.0,0.5,D4,25,1000,0.05,0.05,0.5,0.8,0.2,none,1,200851,5000,0.004868700853410486,0.003029084350096577,0.0,C,1.0,25,1.0,C_0011,C,5000,25
0.891,0.891,0.9458,0.490467492780338,-0.009532507219661979,0.15494634245341757,65.208,21.292278788330762,37.0,62.0,104.0,0.0,0.0,0.0006007527351379394,lognormal,0.3,1.0,1.0,0.5,D2,25,1000,0.05,0.05,0.5,0.8,0.2,none,1,200852,5000,0.004407244036810305,0.003201948156981934,0.0,C,1.0,25,1.0,C_0012,C,5000,25
0.8196,0.8196,0.8974,0.4910765305886718,-0.008923469411328211,0.1516623061531778,65.314,21.146938407249404,40.0,62.0,102.0,0.0,0.0,0.0004234473705291748,lognormal,0.3,1.0,1.0,0.5,D3,25,1000,0.05,0.05,0.5,0.8,0.2,none,1,200853,5000,0.005437937844440666,0.0042912291945315624,0.0,C,1.0,25,1.0,C_0013,C,5000,25
0.8698,0.8698,0.949,0.5017344533273642,0.001734453327364216,0.16354024557135702,62.2924,22.79298361864896,34.0,59.0,103.0,0.0,0.0,0.0004713035583496094,lognormal,0.3,1.0,1.0,0.5,D4,25,1000,0.05,0.05,0.5,0.8,0.2,none,1,200854,5000,0.0047591587491908685,0.0031112376958374634,0.0,C,1.0,25,1.0,C_0014,C,5000,25
0.997,0.997,0.9476,0.4989915627214758,-0.0010084372785241769,0.10687128990784832,25.7704,5.555977307369065,25.0,25.0,27.0,0.0,0.0,0.0008121147155761718,lognormal,0.9,1.0,1.0,0.5,D2,25,1000,0.05,0.05,0.5,0.8,0.2,none,1,200855,5000,0.0007734339015067807,0.003151324800778238,0.0,C,1.0,25,1.0,C_0015,C,5000,25
0.9554,0.9554,0.9978,0.4921471615780603,-0.007852838421939679,0.07332707790599609,64.68,23.125431887858873,36.0,60.0,108.0,0.0,0.0,0.000403322696685791,lognormal,0.9,1.0,1.0,0.5,D3,25,1000,0.05,0.05,0.5,0.8,0.2,none,1,200856,5000,0.0029192752525241594,0.0006625948988635484,0.0,C,1.0,25,1.0,C_0016,C,5000,25
0.8808,0.8808,0.9504,0.4971314175842084,-0.0028685824157915762,0.14931406971557046,15.6146,9.302691376155613,9.0,14.0,27.0,0.0,0.0,0.0005695443153381348,lognormal,0.9,1.0,1.0,0.5,D4,25,1000,0.05,0.05,0.5,0.8,0.2,none,1,200857,5000,0.004582387150819974,0.0030704996336101387,0.0,C,1.0,25,1.0,C_0017,C,5000,25
0.8944,0.8944,0.9482,0.4919140322097247,-0.008085967790275317,0.15263381376667665,116.1794,31.47816410847367,76.0,110.0,176.0,0.0,0.0,0.0014148988723754882,gamma,-0.3,1.0,1.0,0.5,D2,25,1000,0.05,0.05,0.5,0.8,0.2,none,1,200858,5000,0.004346231471056276,0.0031342227106573,0.0,C,1.0,25,1.0,C_0018,C,5000,25
0.7582,0.7582,0.7864,0.48314862120718083,-0.01685137879281917,0.20095865269411597,64.966,17.24118453007217,41.0,63.0,96.0,0.0,0.0,0.0013998316764831543,gamma,-0.3,1.0,1.0,0.5,D3,25,1000,0.05,0.05,0.5,0.8,0.2,none,1,200859,5000,0.006055291239899201,0.005796120081571809,0.0,C,1.0,25,1.0,C_0019,C,5000,25
0.8706,0.8706,0.946,0.4973300743715701,-0.002669925628429881,0.16285391169311098,109.3914,36.23067493216211,59.0,104.0,177.0,0.0,0.0,0.0012095932960510254,gamma,-0.3,1.0,1.0,0.5,D4,25,1000,0.05,0.05,0.5,0.8,0.2,none,1,200860,5000,0.004746696535486547,0.0031963729444481302,0.0,C,1.0,25,1.0,C_0020,C,5000,25
0.9022,0.9022,0.9442,0.4927852008536586,-0.007214799146341377,0.15263627981321434,64.7906,19.114391218137186,39.0,62.0,99.0,0.0,0.0,0.0014806017398834228,gamma,0.3,1.0,1.0,0.5,D2,25,1000,0.05,0.05,0.5,0.8,0.2,none,1,200861,5000,0.0042008370594442245,0.0032461164489278557,0.0,C,1.0,25,1.0,C_0021,C,5000,25
0.822,0.822,0.8914,0.49083754764534604,-0.00916245235465396,0.15281883354298348,65.4264,17.735449896746346,42.0,63.0,97.0,0.0,0.0,0.0013652111530303955,gamma,0.3,1.0,1.0,0.5,D3,25,1000,0.05,0.05,0.5,0.8,0.2,none,1,200862,5000,0.005409547115979304,0.004400137270585999,0.0,C,1.0,25,1.0,C_0022,C,5000,25
0.8726,0.8726,0.9444,0.5011045231021344,0.0011045231021343804,0.16341436486555408,62.177,19.91790327820677,35.0,59.0,99.0,0.0,0.0,0.0012737619876861572,gamma,0.3,1.0,1.0,0.5,D4,25,1000,0.05,0.05,0.5,0.8,0.2,none,1,200863,5000,0.0047152781466208325,0.003240636974423392,0.0,C,1.0,25,1.0,C_0023,C,5000,25
0.9988,0.9988,0.9458,0.49856286276296224,-0.0014371372370377555,0.10944231887284135,25.161,1.4303422667319876,25.0,25.0,25.0,0.0,0.0,0.0015245713710784912,gamma,0.9,1.0,1.0,0.5,D2,25,1000,0.05,0.05,0.5,0.8,0.2,none,1,200864,5000,0.0004896039215529179,0.003201948156981934,0.0,C,1.0,25,1.0,C_0024,C,5000,25
0.9584,0.9584,0.998,0.492438588647546,-0.007561411352453973,0.0709398838981105,64.8002,20.877698148023885,37.0,62.0,103.0,0.0,0.0,0.0012090946674346923,gamma,0.9,1.0,1.0,0.5,D3,25,1000,0.05,0.05,0.5,0.8,0.2,none,1,200865,5000,0.0028238073588685176,0.0006318227599572528,0.0,C,1.0,25,1.0,C_0025,C,5000,25
0.8862,0.8862,0.9492,0.4989788716843526,-0.0010211283156473794,0.14595850069328306,14.8392,4.887263381484571,9.0,14.0,23.0,0.0,0.0,0.0012836823463439942,gamma,0.9,1.0,1.0,0.5,D4,25,1000,0.05,0.05,0.5,0.8,0.2,none,1,200866,5000,0.004491092517417116,0.003105458420265838,0.0,C,1.0,25,1.0,C_0026,C,5000,25
0.8962,0.8962,0.9472,0.4983714589552163,-0.0016285410447837156,0.15584873707424463,115.7654,27.33915804921578,79.0,111.0,167.0,0.0,0.0,0.0003406198501586914,normal,-0.3,1.0,1.0,0.5,D2,25,1000,0.05,0.05,0.5,0.8,0.2,none,1,200867,5000,0.0043133643481625804,0.003162662169755093,0.0,C,1.0,50,1.0,C_0027,C,5000,50
0.7676,0.7676,0.7714,0.49558646655271604,-0.004413533447283957,0.20618509080209335,65.302,13.404387192259108,44.0,64.0,89.0,0.0,0.0,0.00015825929641723633,normal,-0.3,1.0,1.0,0.5,D3,25,1000,0.05,0.05,0.5,0.8,0.2,none,1,200868,5000,0.005973110412507038,0.005938721074440186,0.0,C,1.0,50,1.0,C_0028,C,5000,50
0.868,0.868,0.9506,0.49762461379578327,-0.002375386204216734,0.15826911393340487,110.9326,31.13434208779752,66.0,108.0,166.0,0.0,0.0,0.0001459068298339844,normal,-0.3,1.0,1.0,0.5,D4,25,1000,0.05,0.05,0.5,0.8,0.2,none,1,200869,5000,0.0047869823479933585,0.003064625262572897,0.0,C,1.0,50,1.0,C_0029,C,5000,50
0.9184,0.9184,0.9456,0.502573274388487,0.002573274388486979,0.151865789891072,63.4052,15.6793817786289,40.0,62.0,91.0,0.0,0.0,0.00035526247024536133,normal,0.3,1.0,1.0,0.5,D2,25,1000,0.05,0.05,0.5,0.8,0.2,none,1,200870,5000,0.003871471038248898,0.003207511184703804,0.0,C,1.0,50,1.0,C_0030,C,5000,50
0.8474,0.8474,0.9042,0.5008189685365311,0.0008189685365310728,0.14878173958926882,65.2418,13.661761700454301,45.0,64.0,89.0,0.0,0.0,0.00016272711753845216,normal,0.3,1.0,1.0,0.5,D3,25,1000,0.05,0.05,0.5,0.8,0.2,none,1,200871,5000,0.005085533207049187,0.004162267651172856,0.0,C,1.0,50,1.0,C_0031,C,5000,50
0.869,0.869,0.951,0.498095045187485,-0.001904954812515014,0.15821645500733822,60.9976,16.928520143237566,36.0,60.0,90.05000000000018,0.0,0.0,0.0002149991035461426,normal,0.3,1.0,1.0,0.5,D4,25,1000,0.05,0.05,0.5,0.8,0.2,none,1,200872,5000,0.004771561589249373,0.0030528347482299146,0.0,C,1.0,50,1.0,C_0032,C,5000,50
1.0,1.0,0.95,0.49969900347043383,-0.0003009965295661665,0.09049712247065703,25.0,0.0,25.0,25.0,25.0,0.0,0.0,0.00025118312835693357,normal,0.9,1.0,1.0,0.5,D2,25,1000,0.05,0.05,0.5,0.8,0.2,none,1,200873,5000,0.0,0.0030822070014844896,0.0,C,1.0,50,1.0,C_0033,C,5000,50
0.9852,0.9852,1.0,0.5006554174223006,0.0006554174223005749,0.05813465010810979,65.2854,17.3628668957635,40.0,63.0,97.0,0.0,0.0,0.00016578888893127442,normal,0.9,1.0,1.0,0.5,D3,25,1000,0.05,0.05,0.5,0.8,0.2,none,1,200874,5000,0.0017076861538350679,0.0,0.0,C,1.0,50,1.0,C_0034,C,5000,50
0.887,0.887,0.9504,0.5000963614751689,9.636147516889348e-05,0.13837981943029293,10.9236,2.3512896546363655,7.0,11.0,15.0,0.0,0.0,0.00016626434326171875,normal,0.9,1.0,1.0,0.5,D4,25,1000,0.05,0.05,0.5,0.8,0.2,none,1,200875,5000,0.004477298292497385,0.0030704996336101387,0.0,C,1.0,50,1.0,C_0035,C,5000,50
0.8916,0.8916,0.9466,0.489511746945183,-0.010488253054816987,0.15339475855111911,115.1238,36.508909509323885,73.0,108.0,179.0,0.0,0.0,0.0005449760437011719,lognormal,-0.3,1.0,1.0,0.5,D2,25,1000,0.05,0.05,0.5,0.8,0.2,none,1,200876,5000,0.0043965768502324636,0.0031795735563122296,0.0,C,1.0,50,1.0,C_0036,C,5000,50
0.7646,0.7646,0.7936,0.48735065086253515,-0.01264934913746485,0.20057972023091125,65.2886,19.779780333461744,41.0,62.0,101.0,0.0,0.0,0.0003908470630645752,lognormal,-0.3,1.0,1.0,0.5,D3,25,1000,0.05,0.05,0.5,0.8,0.2,none,1,200877,5000,0.005999780662657595,0.005723618435919711,0.0,C,1.0,50,1.0,C_0037,C,5000,50
0.8752,0.8752,0.9484,0.5030861701419983,0.003086170141998301,0.16288252175887555,109.2418,40.83185193889692,58.0,102.0,185.0,0.0,0.0,0.00035846147537231445,lognormal,-0.3,1.0,1.0,0.5,D4,25,1000,0.05,0.05,0.5,0.8,0.2,none,1,200878,5000,0.004673862642397613,0.003128496124338337,0.0,C,1.0,50,1.0,C_0038,C,5000,50
0.8996,0.8996,0.95,0.4886517303403576,-0.011348269659642418,0.14959362655825384,65.8408,23.021673600327148,39.0,62.0,103.0,0.0,0.0,0.0006523740768432617,lognormal,0.3,1.0,1.0,0.5,D2,25,1000,0.05,0.05,0.5,0.8,0.2,none,1,200879,5000,0.0042501727023734,0.0030822070014844896,0.0,C,1.0,50,1.0,C_0039,C,5000,50
0.8246,0.8246,0.892,0.4869003256488137,-0.013099674351186308,0.15512062425444642,65.109,20.292518793880664,40.0,62.0,102.0,0.0,0.0,0.0003629758358001709,lognormal,0.3,1.0,1.0,0.5,D3,25,1000,0.05,0.05,0.5,0.8,0.2,none,1,200880,5000,0.005378379681651343,0.0043894418779612514,0.0,C,1.0,50,1.0,C_0040,C,5000,50
0.8804,0.8804,0.949,0.5032794835973601,0.0032794835973600778,0.1584479873396646,62.4392,22.967679537994254,34.0,59.0,102.0,0.0,0.0,0.00037584333419799805,lognormal,0.3,1.0,1.0,0.5,D4,25,1000,0.05,0.05,0.5,0.8,0.2,none,1,200881,5000,0.004589026912102391,0.0031112376958374634,0.0,C,1.0,50,1.0,C_0041,C,5000,50
0.9974,0.9974,0.9454,0.49710170396176456,-0.0028982960382354372,0.10879675609210053,25.7468,5.008262149688252,25.0,25.0,27.0,0.0,0.0,0.0005893429279327393,lognormal,0.9,1.0,1.0,0.5,D2,25,1000,0.05,0.05,0.5,0.8,0.2,none,1,200882,5000,0.0007201722016295889,0.003213062090903317,0.0,C,1.0,50,1.0,C_0042,C,5000,50
0.9538,0.9538,0.9984,0.4900988662296565,-0.009901133770343518,0.07339117527293694,65.021,23.21760881314008,36.0,61.0,107.0,0.0,0.0,0.0003545175552368164,lognormal,0.9,1.0,1.0,0.5,D3,25,1000,0.05,0.05,0.5,0.8,0.2,none,1,200883,5000,0.002968688599365047,0.0005652326954449903,0.0,C,1.0,50,1.0,C_0043,C,5000,50
0.8912,0.8912,0.9428,0.49715018629041713,-0.0028498137095828713,0.15087884091280618,15.6316,8.071002505265378,9.0,14.0,27.0,0.0,0.0,0.00040576796531677245,lognormal,0.9,1.0,1.0,0.5,D4,25,1000,0.05,0.05,0.5,0.8,0.2,none,1,200884,5000,0.004403692995657168,0.0032841485959073176,0.0,C,1.0,50,1.0,C_0044,C,5000,50
0.8954,0.8954,0.9464,0.4915846120279425,-0.008415387972057486,0.1531134319326488,115.6168,31.611345396233926,76.0,110.0,176.0,0.0,0.0,0.0014267128944396973,gamma,-0.3,1.0,1.0,0.5,D2,25,1000,0.05,0.05,0.5,0.8,0.2,none,1,200885,5000,0.004328021256879407,0.0031851857088716186,0.0,C,1.0,50,1.0,C_0045,C,5000,50
0.7572,0.7572,0.7804,0.48485151666355125,-0.015148483336448748,0.20323001373912072,65.4402,17.436066757155984,42.0,63.0,97.0,0.0,0.0,0.0012708996295928954,gamma,-0.3,1.0,1.0,0.5,D3,25,1000,0.05,0.05,0.5,0.8,0.2,none,1,200886,5000,0.006063796830369566,0.0058544998078401194,0.0,C,1.0,50,1.0,C_0046,C,5000,50
0.8804,0.8804,0.949,0.5024496229835351,0.002449622983535127,0.1612111111104739,108.7054,35.448320282349066,60.0,103.0,175.0,0.0,0.0,0.0011795651435852052,gamma,-0.3,1.0,1.0,0.5,D4,25,1000,0.05,0.05,0.5,0.8,0.2,none,1,200887,5000,0.004589026912102391,0.0031112376958374634,0.0,C,1.0,50,1.0,C_0047,C,5000,50
0.8994,0.8994,0.9464,0.4900339217848199,-0.009966078215180085,0.15306796562309805,64.7774,18.46177264620058,39.0,63.0,98.0,0.0,0.0,0.001480097532272339,gamma,0.3,1.0,1.0,0.5,D2,25,1000,0.05,0.05,0.5,0.8,0.2,none,1,200888,5000,0.00425393088801405,0.0031851857088716186,0.0,C,1.0,50,1.0,C_0048,C,5000,50
0.8334,0.8334,0.8994,0.492368756512426,-0.007631243487573991,0.1529513666872647,65.4814,17.35589968973087,42.0,64.0,96.0,0.0,0.0,0.0011924782276153565,gamma,0.3,1.0,1.0,0.5,D3,25,1000,0.05,0.05,0.5,0.8,0.2,none,1,200889,5000,0.005269619341090967,0.00425393088801405,0.0,C,1.0,50,1.0,C_0049,C,5000,50
0.878,0.878,0.9502,0.5004386638238804,0.00043866382388035863,0.1565286626882765,62.6988,20.600885382914978,34.0,60.0,99.0,0.0,0.0,0.0013192788124084473,gamma,0.3,1.0,1.0,0.5,D4,25,1000,0.05,0.05,0.5,0.8,0.2,none,1,200890,5000,0.004628520281904358,0.0030763601869742093,0.0,C,1.0,50,1.0,C_0050,C,5000,50
0.998,0.998,0.9534,0.5001222154143303,0.0001222154143303289,0.10470907128731327,25.2074,1.6427979912332498,25.0,25.0,25.0,0.0,0.0,0.0017148730754852294,gamma,0.9,1.0,1.0,0.5,D2,25,1000,0.05,0.05,0.5,0.8,0.2,none,1,200891,5000,0.0006318227599572528,0.0029808871162793123,0.0,C,1.0,50,1.0,C_0051,C,5000,50
0.959,0.959,0.9976,0.4921517283281134,-0.00784827167188662,0.07163025458442872,65.413,21.2632648245748,37.0,62.0,104.0,0.0,0.0,0.0011861170291900635,gamma,0.9,1.0,1.0,0.5,D3,25,1000,0.05,0.05,0.5,0.8,0.2,none,1,200892,5000,0.0028042467794400705,0.0006919884392097831,0.0,C,1.0,50,1.0,C_0052,C,5000,50
0.8992,0.8992,0.9516,0.5007944171222627,0.0007944171222626917,0.14658236704172936,14.9438,4.78035998226075,9.0,14.0,23.0,0.0,0.0,0.0013576258182525635,gamma,0.9,1.0,1.0,0.5,D4,25,1000,0.05,0.05,0.5,0.8,0.2,none,1,200893,5000,0.004257683877415043,0.0030350433275325743,0.0,C,1.0,50,1.0,C_0053,C,5000,50
0.908,0.908,0.9486,0.5022042168865929,0.0022042168865928913,0.15387185723806232,115.1714,26.515490228166627,80.0,110.0,165.0,0.0,0.0,0.00030843052864074706,normal,-0.3,1.0,1.0,0.5,D2,25,1000,0.05,0.05,0.5,0.8,0.2,none,1,200894,5000,0.004087444189221425,0.0031227564746550444,0.0,C,1.0,100,1.0,C_0054,C,5000,100
0.7576,0.7576,0.7674,0.49383369965528834,-0.0061663003447116616,0.20636881073662758,65.0994,13.377904157228814,45.0,64.0,89.0,0.0,0.0,0.00015887818336486818,normal,-0.3,1.0,1.0,0.5,D3,25,1000,0.05,0.05,0.5,0.8,0.2,none,1,200895,5000,0.006060399986799551,0.005974901505464337,0.0,C,1.0,100,1.0,C_0055,C,5000,100
0.873,0.873,0.9522,0.5027514670030221,0.00275146700302209,0.15789318023259485,110.51,31.320905159334078,64.0,108.0,167.0,0.0,0.0,0.00014004392623901367,normal,-0.3,1.0,1.0,0.5,D4,25,1000,0.05,0.05,0.5,0.8,0.2,none,1,200896,5000,0.004708948927308513,0.0030171231330524103,0.0,C,1.0,100,1.0,C_0056,C,5000,100
0.9112,0.9112,0.946,0.5013076162570818,0.0013076162570817562,0.1524014075217785,63.0838,15.666141118986513,40.0,61.0,92.0,0.0,0.0,0.0003472202777862549,normal,0.3,1.0,1.0,0.5,D2,25,1000,0.05,0.05,0.5,0.8,0.2,none,1,200897,5000,0.0040227990255542224,0.0031963729444481302,0.0,C,1.0,100,1.0,C_0057,C,5000,100
0.8476,0.8476,0.9034,0.5009872778701009,0.0009872778701008889,0.1487718355852341,65.292,13.448685288904638,44.0,64.5,89.0,0.0,0.0,0.0001555678367614746,normal,0.3,1.0,1.0,0.5,D3,25,1000,0.05,0.05,0.5,0.8,0.2,none,1,200898,5000,0.005082799228771485,0.004177761122898245,0.0,C,1.0,100,1.0,C_0058,C,5000,100
0.8672,0.8672,0.9462,0.49835618808074417,-0.0016438119192558331,0.160411098037115,61.017,16.994255235225815,36.0,59.0,92.0,0.0,0.0,0.00015494108200073242,normal,0.3,1.0,1.0,0.5,D4,25,1000,0.05,0.05,0.5,0.8,0.2,none,1,200899,5000,0.0047992532752502235,0.0031907854832313614,0.0,C,1.0,100,1.0,C_0059,C,5000,100
0.9998,0.9998,0.9516,0.5009542780022728,0.0009542780022727682,0.08921320594640411,25.0,0.0,25.0,25.0,25.0,0.0,0.0,0.0001825671672821045,normal,0.9,1.0,1.0,0.5,D2,25,1000,0.05,0.05,0.5,0.8,0.2,none,1,200900,5000,0.00019997999899988897,0.0030350433275325743,0.0,C,1.0,100,1.0,C_0060,C,5000,100
0.9816,0.9816,0.9998,0.5000357223437584,3.572234375837091e-05,0.05748739239253228,65.0724,17.381172522013582,39.0,63.0,96.0,0.0,0.0,0.00015985794067382812,normal,0.9,1.0,1.0,0.5,D3,25,1000,0.05,0.05,0.5,0.8,0.2,none,1,200901,5000,0.001900602009890549,0.00019997999899988897,0.0,C,1.0,100,1.0,C_0061,C,5000,100
0.8862,0.8862,0.948,0.5005549501006669,0.0005549501006668622,0.1385036937142005,10.9128,2.391400459981557,7.0,11.0,15.0,0.0,0.0,0.00021721596717834472,normal,0.9,1.0,1.0,0.5,D4,25,1000,0.05,0.05,0.5,0.8,0.2,none,1,200902,5000,0.004491092517417116,0.00313993630508646,0.0,C,1.0,100,1.0,C_0062,C,5000,100
0.8944,0.8944,0.9484,0.4955560222798571,-0.004443977720142878,0.15337925232961785,115.5834,35.75815213961706,72.0,109.0,184.0,0.0,0.0,0.0005531977653503418,lognormal,-0.3,1.0,1.0,0.5,D2,25,1000,0.05,0.05,0.5,0.8,0.2,none,1,200903,5000,0.004346231471056276,0.003128496124338337,0.0,C,1.0,100,1.0,C_0063,C,5000,100
0.751,0.751,0.7706,0.4845815713945671,-0.01541842860543291,0.2056790342087665,65.1054,19.896992004823243,40.0,62.0,100.0,0.0,0.0,0.00035995640754699705,lognormal,-0.3,1.0,1.0,0.5,D3,25,1000,0.05,0.05,0.5,0.8,0.2,none,1,200904,5000,0.0061155375887978975,0.005946017827083939,0.0,C,1.0,100,1.0,C_0064,C,5000,100
0.8674,0.8674,0.9492,0.4975585870112346,-0.002441412988765379,0.16182044917836294,109.4204,39.92176929746476,59.0,103.0,181.0,0.0,0.0,0.0003443352699279785,lognormal,-0.3,1.0,1.0,0.5,D4,25,1000,0.05,0.05,0.5,0.8,0.2,none,1,200905,5000,0.004796190988690922,0.003105458420265838,0.0,C,1.0,100,1.0,C_0065,C,5000,100
0.8964,0.8964,0.9432,0.4886266153716798,-0.011373384628320216,0.15442251466475662,65.9332,22.08685441071227,38.0,63.0,103.0,0.0,0.0,0.0005488553524017334,lognormal,0.3,1.0,1.0,0.5,D2,25,1000,0.05,0.05,0.5,0.8,0.2,none,1,200906,5000,0.004309687691701106,0.0032733395790843322,0.0,C,1.0,100,1.0,C_0066,C,5000,100
0.8284,0.8284,0.899,0.49125191035207827,-0.00874808964792173,0.15224578390578905,65.3012,20.13838321613729,40.0,62.0,101.0,0.0,0.0,0.000392108154296875,lognormal,0.3,1.0,1.0,0.5,D3,25,1000,0.05,0.05,0.5,0.8,0.2,none,1,200907,5000,0.0053320435107001895,0.004261431684305169,0.0,C,1.0,100,1.0,C_0067,C,5000,100
0.8642,0.8642,0.9512,0.4995358162427601,-0.0004641837572398888,0.16145777719742233,61.8198,22.53746498521961,34.0,58.0,102.0,0.0,0.0,0.00043648014068603514,lognormal,0.3,1.0,1.0,0.5,D4,25,1000,0.05,0.05,0.5,0.8,0.2,none,1,200908,5000,0.004844757166257149,0.0030469184432800286,0.0,C,1.0,100,1.0,C_0068,C,5000,100
0.9962,0.9962,0.9502,0.4971319350179525,-0.0028680649820475024,0.10836277647716192,25.6984,4.930581856130167,25.0,25.0,27.0,0.0,0.0,0.0006244057178497314,lognormal,0.9,1.0,1.0,0.5,D2,25,1000,0.05,0.05,0.5,0.8,0.2,none,1,200909,5000,0.0008701218305501851,0.0030763601869742093,0.0,C,1.0,100,1.0,C_0069,C,5000,100
0.96,0.96,0.9982,0.4912184774678871,-0.008781522532112895,0.07254488742734287,65.8326,23.804381471485453,37.0,61.0,110.0,0.0,0.0,0.00043996176719665527,lognormal,0.9,1.0,1.0,0.5,D3,25,1000,0.05,0.05,0.5,0.8,0.2,none,1,200910,5000,0.002771281292110205,0.0005994597567810576,0.0,C,1.0,100,1.0,C_0070,C,5000,100
0.8866,0.8866,0.9492,0.5001743366423119,0.00017433664231192303,0.15102754314226274,15.5258,7.163388469153408,9.0,14.0,26.0,0.0,0.0,0.00038673157691955566,lognormal,0.9,1.0,1.0,0.5,D4,25,1000,0.05,0.05,0.5,0.8,0.2,none,1,200911,5000,0.004484204277238046,0.003105458420265838,0.0,C,1.0,100,1.0,C_0071,C,5000,100
0.891,0.891,0.9444,0.4924443217790351,-0.007555678220964923,0.15460159415905197,115.9356,32.25078995373602,75.0,110.0,177.0,0.0,0.0,0.0014275055408477784,gamma,-0.3,1.0,1.0,0.5,D2,25,1000,0.05,0.05,0.5,0.8,0.2,none,1,200912,5000,0.004407244036810305,0.003240636974423392,0.0,C,1.0,100,1.0,C_0072,C,5000,100
0.7694,0.7694,0.7866,0.4898701351136222,-0.010129864886377793,0.2007876571280433,65.3958,17.44284215258511,42.0,63.0,98.0,0.0,0.0,0.001189603281021118,gamma,-0.3,1.0,1.0,0.5,D3,25,1000,0.05,0.05,0.5,0.8,0.2,none,1,200913,5000,0.0059569059082715085,0.005794142559516464,0.0,C,1.0,100,1.0,C_0073,C,5000,100
0.8784,0.8784,0.9438,0.4989947188279316,-0.001005281172068384,0.16442483160088603,108.8184,35.48763476818369,60.0,104.0,173.0,0.0,0.0,0.0012926217555999757,gamma,-0.3,1.0,1.0,0.5,D4,25,1000,0.05,0.05,0.5,0.8,0.2,none,1,200914,5000,0.004621978797008919,0.0032570403743275894,0.0,C,1.0,100,1.0,C_0074,C,5000,100
0.8958,0.8958,0.9426,0.4884327433867862,-0.011567256613213783,0.15501791887158942,64.6564,18.199613705790572,39.0,62.0,97.0,0.0,0.0,0.0014727997779846191,gamma,0.3,1.0,1.0,0.5,D2,25,1000,0.05,0.05,0.5,0.8,0.2,none,1,200915,5000,0.004320702720623116,0.0032895361375124004,0.0,C,1.0,100,1.0,C_0075,C,5000,100
0.8152,0.8152,0.8928,0.4897520686687848,-0.01024793133121521,0.15562041037417335,65.012,17.25711030271291,41.0,63.0,96.0,0.0,0.0,0.0011860108375549316,gamma,0.3,1.0,1.0,0.5,D3,25,1000,0.05,0.05,0.5,0.8,0.2,none,1,200916,5000,0.005489061121904182,0.004375115084200643,0.0,C,1.0,100,1.0,C_0076,C,5000,100
0.8734,0.8734,0.9486,0.4983871922189116,-0.00161280778108841,0.15977252465358283,62.3892,20.192536328059436,35.0,59.0,99.0,0.0,0.0,0.0012749896049499513,gamma,0.3,1.0,1.0,0.5,D4,25,1000,0.05,0.05,0.5,0.8,0.2,none,1,200917,5000,0.00470260438480636,0.0031227564746550444,0.0,C,1.0,100,1.0,C_0077,C,5000,100
0.997,0.997,0.9498,0.49533762386085145,-0.00466237613914855,0.10704129794492721,25.1776,1.5505025765860565,25.0,25.0,25.0,0.0,0.0,0.0014041913032531738,gamma,0.9,1.0,1.0,0.5,D2,25,1000,0.05,0.05,0.5,0.8,0.2,none,1,200918,5000,0.0007734339015067807,0.003088040155179334,0.0,C,1.0,100,1.0,C_0078,C,5000,100
0.955,0.955,0.9976,0.49101042977378484,-0.00898957022621516,0.07217532177609123,64.987,20.742546396235927,37.0,62.0,102.0,0.0,0.0,0.001241817808151245,gamma,0.9,1.0,1.0,0.5,D3,25,1000,0.05,0.05,0.5,0.8,0.2,none,1,200919,5000,0.0029317230428538106,0.0006919884392097831,0.0,C,1.0,100,1.0,C_0079,C,5000,100
0.9018,0.9018,0.9496,0.49996843033409366,-3.156966590633914e-05,0.14724018621044238,14.7874,4.711624055461131,9.0,14.0,23.0,0.0,0.0,0.0011690429210662841,gamma,0.9,1.0,1.0,0.5,D4,25,1000,0.05,0.05,0.5,0.8,0.2,none,1,200920,5000,0.0042084857134128415,0.0030938597253269257,0.0,C,1.0,100,1.0,C_0080,C,5000,100
0.8824,0.8824,0.9444,0.502404755285876,0.0024047552858760257,0.16171566960109224,103.716,17.959948329547053,77.0,102.0,135.0,0.0,0.0,0.0003778814315795898,normal,-0.3,1.0,1.0,0.5,D2,50,1000,0.05,0.05,0.5,0.8,0.2,none,1,200921,5000,0.004555661093628455,0.003240636974423392,0.0,C,1.0,25,1.0,C_0081,C,5000,25
0.7872,0.7872,0.7852,0.4999778930126148,-2.2106987385195342e-05,0.1998403229525759,65.2024,9.074901335000838,51.0,65.0,81.0,0.0,0.0,0.00020327510833740236,normal,-0.3,1.0,1.0,0.5,D3,50,1000,0.05,0.05,0.5,0.8,0.2,none,1,200922,5000,0.0057881976469363935,0.005807942148472211,0.0,C,1.0,25,1.0,C_0082,C,5000,25
0.8562,0.8562,0.949,0.49654479366430004,-0.0034552063356999563,0.16236829700319064,101.1466,20.283173036781005,71.0,100.0,138.0,0.0,0.0,0.00015030527114868165,normal,-0.3,1.0,1.0,0.5,D4,50,1000,0.05,0.05,0.5,0.8,0.2,none,1,200923,5000,0.004962288987957071,0.0031112376958374634,0.0,C,1.0,25,1.0,C_0083,C,5000,25
0.8904,0.8904,0.9532,0.4978336594728359,-0.002166340527164079,0.15387106820606472,58.0098,8.868128548910418,50.0,56.0,75.0,0.0,0.0,0.0003580899715423584,normal,0.3,1.0,1.0,0.5,D2,50,1000,0.05,0.05,0.5,0.8,0.2,none,1,200924,5000,0.004417869169633705,0.002986963675708158,0.0,C,1.0,25,1.0,C_0084,C,5000,25
0.8586,0.8586,0.9016,0.5025759353223963,0.0025759353223963055,0.14875690691409083,65.253,9.184366662976823,50.0,65.0,82.0,0.0,0.0,0.0001623018741607666,normal,0.3,1.0,1.0,0.5,D3,50,1000,0.05,0.05,0.5,0.8,0.2,none,1,200925,5000,0.004927596574396081,0.004212301983476495,0.0,C,1.0,25,1.0,C_0085,C,5000,25
0.8614,0.8614,0.9534,0.5018864659846702,0.001886465984670238,0.15992296580912316,55.7124,10.846459617773903,39.0,55.0,75.0,0.0,0.0,0.000155668306350708,normal,0.3,1.0,1.0,0.5,D4,50,1000,0.05,0.05,0.5,0.8,0.2,none,1,200926,5000,0.0048865128670658375,0.0029808871162793123,0.0,C,1.0,25,1.0,C_0086,C,5000,25
1.0,1.0,0.949,0.49934841433017935,-0.0006515856698206535,0.0629653272639856,50.0,0.0,50.0,50.0,50.0,0.0,0.0,0.0001913355827331543,normal,0.9,1.0,1.0,0.5,D2,50,1000,0.05,0.05,0.5,0.8,0.2,none,1,200927,5000,0.0,0.0031112376958374634,0.0,C,1.0,25,1.0,C_0087,C,5000,25
0.9958,0.9958,1.0,0.49935253886430164,-0.0006474611356983573,0.05499705323945692,65.7186,11.360960084429484,50.0,64.0,86.0,0.0,0.0,0.00016159582138061524,normal,0.9,1.0,1.0,0.5,D3,50,1000,0.05,0.05,0.5,0.8,0.2,none,1,200928,5000,0.0009145884320283065,0.0,0.0,C,1.0,25,1.0,C_0088,C,5000,25
0.8666,0.8666,0.9526,0.49596057353790873,-0.004039426462091267,0.13961485188778194,10.1502,1.5295881667952322,8.0,10.0,13.0,0.0,0.0,0.0001729130268096924,normal,0.9,1.0,1.0,0.5,D4,50,1000,0.05,0.05,0.5,0.8,0.2,none,1,200929,5000,0.0048084184510086055,0.0030051036587778464,0.0,C,1.0,25,1.0,C_0089,C,5000,25
0.8712,0.8712,0.9436,0.48801835986859843,-0.011981640131401572,0.1604438153877653,104.1756,24.69281605325727,69.0,101.0,149.0,0.0,0.0,0.0005422123432159424,lognormal,-0.3,1.0,1.0,0.5,D2,50,1000,0.05,0.05,0.5,0.8,0.2,none,1,200930,5000,0.00473731062946056,0.0032624849424939878,0.0,C,1.0,25,1.0,C_0090,C,5000,25
0.774,0.774,0.7822,0.48674761501690883,-0.01325238498309117,0.1983472926571399,65.7462,13.944668714602008,50.0,63.0,91.0,0.0,0.0,0.0004761005878448486,lognormal,-0.3,1.0,1.0,0.5,D3,50,1000,0.05,0.05,0.5,0.8,0.2,none,1,200931,5000,0.005914795009127535,0.005837176714816847,0.0,C,1.0,25,1.0,C_0091,C,5000,25
0.8556,0.8556,0.9476,0.4956269754641089,-0.004373024535891112,0.16578479238404858,100.0404,26.26066198403993,64.0,96.0,145.05000000000018,0.0,0.0,0.0003592535495758057,lognormal,-0.3,1.0,1.0,0.5,D4,50,1000,0.05,0.05,0.5,0.8,0.2,none,1,200932,5000,0.004970888049433421,0.003151324800778238,0.0,C,1.0,25,1.0,C_0092,C,5000,25
0.8922,0.8922,0.9468,0.4905037382759694,-0.009496261724030619,0.15416303172161175,59.6504,11.928511216409197,50.0,56.0,83.0,0.0,0.0,0.000546468448638916,lognormal,0.3,1.0,1.0,0.5,D2,50,1000,0.05,0.05,0.5,0.8,0.2,none,1,200933,5000,0.004385867303054209,0.003173948959892078,0.0,C,1.0,25,1.0,C_0093,C,5000,25
0.8446,0.8446,0.9024,0.4888645522723442,-0.01113544772765579,0.1465857495693601,65.4758,13.412375418247136,50.0,63.0,90.0,0.0,0.0,0.00031287617683410646,lognormal,0.3,1.0,1.0,0.5,D3,50,1000,0.05,0.05,0.5,0.8,0.2,none,1,200934,5000,0.005123491778074792,0.004197004646173268,0.0,C,1.0,25,1.0,C_0094,C,5000,25
0.8664,0.8664,0.9506,0.5006554217102803,0.0006554217102803239,0.16211910409026978,57.0626,14.507593916290874,38.0,55.0,83.0,0.0,0.0,0.000363523006439209,lognormal,0.3,1.0,1.0,0.5,D4,50,1000,0.05,0.05,0.5,0.8,0.2,none,1,200935,5000,0.004811466304568703,0.003064625262572897,0.0,C,1.0,25,1.0,C_0095,C,5000,25
1.0,1.0,0.946,0.4998334392002247,-0.00016656079977528382,0.07935007677513799,50.0208,0.5915803918319132,50.0,50.0,50.0,0.0,0.0,0.0005651347637176514,lognormal,0.9,1.0,1.0,0.5,D2,50,1000,0.05,0.05,0.5,0.8,0.2,none,1,200936,5000,0.0,0.0031963729444481302,0.0,C,1.0,25,1.0,C_0096,C,5000,25
0.987,0.987,0.9994,0.49214981497504623,-0.00785018502495377,0.06746434782334358,66.0232,15.793538607924445,50.0,63.0,95.0,0.0,0.0,0.00037386093139648435,lognormal,0.9,1.0,1.0,0.5,D3,50,1000,0.05,0.05,0.5,0.8,0.2,none,1,200937,5000,0.0016019363283226965,0.0003463062228721987,0.0,C,1.0,25,1.0,C_0097,C,5000,25
0.8868,0.8868,0.9464,0.49964355302704,-0.0003564469729600006,0.15301920499991428,14.4368,5.014140580398599,10.0,13.0,23.0,0.0,0.0,0.00037049598693847656,lognormal,0.9,1.0,1.0,0.5,D4,50,1000,0.05,0.05,0.5,0.8,0.2,none,1,200938,5000,0.0044807535080608925,0.0031851857088716186,0.0,C,1.0,25,1.0,C_0098,C,5000,25
0.8738,0.8738,0.9506,0.49335973935596505,-0.006640260644034945,0.1583493732286411,103.7634,21.790360723035313,72.0,102.0,143.0,0.0,0.0,0.0014051751613616942,gamma,-0.3,1.0,1.0,0.5,D2,50,1000,0.05,0.05,0.5,0.8,0.2,none,1,200939,5000,0.004696244457010303,0.003064625262572897,0.0,C,1.0,25,1.0,C_0099,C,5000,25
0.7688,0.7688,0.7806,0.4840987082394964,-0.01590129176050359,0.1992985110115269,65.7126,11.637542749223307,50.0,64.0,87.0,0.0,0.0,0.0012319001197814942,gamma,-0.3,1.0,1.0,0.5,D3,50,1000,0.05,0.05,0.5,0.8,0.2,none,1,200940,5000,0.0059623243789649685,0.005852583019488062,0.0,C,1.0,25,1.0,C_0100,C,5000,25
0.8586,0.8586,0.9442,0.497186399766875,-0.002813600233124991,0.16698890767466945,99.8124,23.273409854166193,66.95000000000002,97.0,141.0,0.0,0.0,0.0012693896293640137,gamma,-0.3,1.0,1.0,0.5,D4,50,1000,0.05,0.05,0.5,0.8,0.2,none,1,200941,5000,0.004927596574396081,0.0032461164489278557,0.0,C,1.0,25,1.0,C_0101,C,5000,25
0.8924,0.8924,0.9524,0.49584489108229135,-0.00415510891770865,0.1546959442179313,59.8274,11.138528145136593,50.0,57.0,81.0,0.0,0.0,0.0013890193462371826,gamma,0.3,1.0,1.0,0.5,D2,50,1000,0.05,0.05,0.5,0.8,0.2,none,1,200942,5000,0.00438228798688539,0.0030111207215918786,0.0,C,1.0,25,1.0,C_0102,C,5000,25
0.8474,0.8474,0.898,0.4939234345867957,-0.006076565413204282,0.1501285987503255,65.806,11.77036804862108,50.0,64.0,88.0,0.0,0.0,0.0012676346778869628,gamma,0.3,1.0,1.0,0.5,D3,50,1000,0.05,0.05,0.5,0.8,0.2,none,1,200943,5000,0.005085533207049187,0.004280093456923575,0.0,C,1.0,25,1.0,C_0103,C,5000,25
0.877,0.877,0.9582,0.5052990673908776,0.005299067390877599,0.15807547515028567,56.3634,12.696162429647787,38.0,55.0,79.0,0.0,0.0,0.0011953984260559083,gamma,0.3,1.0,1.0,0.5,D4,50,1000,0.05,0.05,0.5,0.8,0.2,none,1,200944,5000,0.004644803548052382,0.0028302918577418814,0.0,C,1.0,25,1.0,C_0104,C,5000,25
1.0,1.0,0.9534,0.5001552776038196,0.00015527760381961464,0.07618654652153807,50.0,0.0,50.0,50.0,50.0,0.0,0.0,0.001308404541015625,gamma,0.9,1.0,1.0,0.5,D2,50,1000,0.05,0.05,0.5,0.8,0.2,none,1,200945,5000,0.0,0.0029808871162793123,0.0,C,1.0,25,1.0,C_0105,C,5000,25
0.9888,0.9888,0.999,0.49401841698665466,-0.005981583013345337,0.06696764785444319,65.8446,13.686447707129853,50.0,64.0,91.0,0.0,0.0,0.0011958642482757568,gamma,0.9,1.0,1.0,0.5,D3,50,1000,0.05,0.05,0.5,0.8,0.2,none,1,200946,5000,0.0014882580421418854,0.0004469899327725404,0.0,C,1.0,25,1.0,C_0106,C,5000,25
0.886,0.886,0.944,0.5001018903529068,0.00010189035290675275,0.14952139581212115,13.7182,3.1005787782283485,10.0,13.0,19.0,0.0,0.0,0.0012726218223571778,gamma,0.9,1.0,1.0,0.5,D4,50,1000,0.05,0.05,0.5,0.8,0.2,none,1,200947,5000,0.004494530008799585,0.0032515842292642535,0.0,C,1.0,25,1.0,C_0107,C,5000,25
0.8842,0.8842,0.939,0.5010755500297281,0.001075550029728145,0.1621210886435578,104.103,18.207602560469073,76.0,103.0,136.0,0.0,0.0,0.00032246437072753906,normal,-0.3,1.0,1.0,0.5,D2,50,1000,0.05,0.05,0.5,0.8,0.2,none,1,200948,5000,0.004525270378662473,0.0033846417831138362,0.0,C,1.0,50,1.0,C_0108,C,5000,50
0.7768,0.7768,0.7748,0.4949797593610469,-0.005020240638953122,0.2024832380934191,65.3994,9.03151591041061,51.0,65.0,81.0,0.0,0.0,0.0001638026714324951,normal,-0.3,1.0,1.0,0.5,D3,50,1000,0.05,0.05,0.5,0.8,0.2,none,1,200949,5000,0.005888663006150038,0.005907367603256123,0.0,C,1.0,50,1.0,C_0109,C,5000,50
0.852,0.852,0.9526,0.4986218351144251,-0.0013781648855749062,0.16307312375737595,100.8976,19.845511186159957,71.0,100.0,136.0,0.0,0.0,0.0001487046241760254,normal,-0.3,1.0,1.0,0.5,D4,50,1000,0.05,0.05,0.5,0.8,0.2,none,1,200950,5000,0.005021872160857941,0.0030051036587778464,0.0,C,1.0,50,1.0,C_0110,C,5000,50
0.8954,0.8954,0.9392,0.5032350448012407,0.003235044801240705,0.1593712124266819,57.9228,8.776220152206758,50.0,55.0,75.0,0.0,0.0,0.0003504619598388672,normal,0.3,1.0,1.0,0.5,D2,50,1000,0.05,0.05,0.5,0.8,0.2,none,1,200951,5000,0.004328021256879407,0.003379448475713159,0.0,C,1.0,50,1.0,C_0111,C,5000,50
0.8562,0.8562,0.9072,0.5003866818597346,0.00038668185973456115,0.14636962289920827,65.3214,9.157450629951548,51.0,65.0,82.0,0.0,0.0,0.00016360716819763184,normal,0.3,1.0,1.0,0.5,D3,50,1000,0.05,0.05,0.5,0.8,0.2,none,1,200952,5000,0.004962288987957071,0.004103368372447202,0.0,C,1.0,50,1.0,C_0112,C,5000,50
0.8554,0.8554,0.9536,0.4980315922338016,-0.001968407766198388,0.1605131740882988,55.7152,10.750501800381228,39.0,55.0,74.0,0.0,0.0,0.00019772520065307618,normal,0.3,1.0,1.0,0.5,D4,50,1000,0.05,0.05,0.5,0.8,0.2,none,1,200953,5000,0.004973747882633376,0.0029747954551531774,0.0,C,1.0,50,1.0,C_0113,C,5000,50
1.0,1.0,0.9474,0.4995796821203132,-0.00042031787968682677,0.06325866158648451,50.0,0.0,50.0,50.0,50.0,0.0,0.0,0.00026938834190368653,normal,0.9,1.0,1.0,0.5,D2,50,1000,0.05,0.05,0.5,0.8,0.2,none,1,200954,5000,0.0,0.0031569998416217885,0.0,C,1.0,50,1.0,C_0114,C,5000,50
0.9972,0.9972,1.0,0.5015496746281517,0.0015496746281516982,0.0558486974413502,65.6568,11.504999511516722,50.0,64.0,86.0,0.0,0.0,0.0001595405101776123,normal,0.9,1.0,1.0,0.5,D3,50,1000,0.05,0.05,0.5,0.8,0.2,none,1,200955,5000,0.000747283078893136,0.0,0.0,C,1.0,50,1.0,C_0115,C,5000,50
0.8708,0.8708,0.948,0.49701669412278016,-0.002983305877219844,0.1423738813185484,10.2106,1.5577700857315242,8.0,10.0,13.0,0.0,0.0,0.00017470483779907228,normal,0.9,1.0,1.0,0.5,D4,50,1000,0.05,0.05,0.5,0.8,0.2,none,1,200956,5000,0.0047435716501387434,0.00313993630508646,0.0,C,1.0,50,1.0,C_0116,C,5000,50
0.8606,0.8606,0.9416,0.4879762272872975,-0.012023772712702496,0.16394763575284327,103.5794,24.481709410088175,69.0,101.0,146.0,0.0,0.0,0.0005323472023010254,lognormal,-0.3,1.0,1.0,0.5,D2,50,1000,0.05,0.05,0.5,0.8,0.2,none,1,200957,5000,0.004898318895294588,0.0033163063790910513,0.0,C,1.0,50,1.0,C_0117,C,5000,50
0.779,0.779,0.7856,0.49217974837014855,-0.007820251629851449,0.1957855562744622,65.6556,13.444916832766204,50.0,64.0,90.0,0.0,0.0,0.0003417496204376221,lognormal,-0.3,1.0,1.0,0.5,D3,50,1000,0.05,0.05,0.5,0.8,0.2,none,1,200958,5000,0.005867861620726923,0.005804009648510244,0.0,C,1.0,50,1.0,C_0118,C,5000,50
0.8586,0.8586,0.9474,0.4990752917009846,-0.0009247082990154198,0.16543000973061955,99.6704,26.348338919939525,65.0,96.0,148.0,0.0,0.0,0.0003477231979370117,lognormal,-0.3,1.0,1.0,0.5,D4,50,1000,0.05,0.05,0.5,0.8,0.2,none,1,200959,5000,0.004927596574396081,0.0031569998416217885,0.0,C,1.0,50,1.0,C_0119,C,5000,50
0.8836,0.8836,0.9446,0.4936773912588642,-0.006322608741135827,0.15873834075462523,60.0284,12.595316329493278,50.0,56.0,84.0,0.0,0.0,0.0006360355854034424,lognormal,0.3,1.0,1.0,0.5,D2,50,1000,0.05,0.05,0.5,0.8,0.2,none,1,200960,5000,0.004535439118762371,0.0032351457463304493,0.0,C,1.0,50,1.0,C_0120,C,5000,50
0.8486,0.8486,0.9026,0.49342377276892785,-0.0065762272310721515,0.14761998186047645,65.7312,13.601122988929996,50.0,63.0,90.0,0.0,0.0,0.00036561241149902346,lognormal,0.3,1.0,1.0,0.5,D3,50,1000,0.05,0.05,0.5,0.8,0.2,none,1,200961,5000,0.005069083546362201,0.004193166822343228,0.0,C,1.0,50,1.0,C_0121,C,5000,50
0.8586,0.8586,0.9464,0.4964043271914983,-0.0035956728085017042,0.16387430600743438,57.0478,14.619381490336721,38.0,55.0,83.0,0.0,0.0,0.0003650376319885254,lognormal,0.3,1.0,1.0,0.5,D4,50,1000,0.05,0.05,0.5,0.8,0.2,none,1,200962,5000,0.004927596574396081,0.0031851857088716186,0.0,C,1.0,50,1.0,C_0122,C,5000,50
1.0,1.0,0.9534,0.501001953730473,0.0010019537304729598,0.077217845398213,50.007,0.31961070069695724,50.0,50.0,50.0,0.0,0.0,0.00048424711227416993,lognormal,0.9,1.0,1.0,0.5,D2,50,1000,0.05,0.05,0.5,0.8,0.2,none,1,200963,5000,0.0,0.0029808871162793123,0.0,C,1.0,50,1.0,C_0123,C,5000,50
0.9886,0.9886,0.9988,0.49380926249695756,-0.006190737503042443,0.06771496123979691,66.448,15.893750218246165,50.0,63.0,96.0,0.0,0.0,0.00036483731269836424,lognormal,0.9,1.0,1.0,0.5,D3,50,1000,0.05,0.05,0.5,0.8,0.2,none,1,200964,5000,0.001501335405563991,0.0004896039215529179,0.0,C,1.0,50,1.0,C_0124,C,5000,50
0.8786,0.8786,0.9462,0.5006565499252777,0.0006565499252777496,0.15220838668075187,14.2922,4.682351883402187,10.0,13.0,21.0,0.0,0.0,0.00037348332405090333,lognormal,0.9,1.0,1.0,0.5,D4,50,1000,0.05,0.05,0.5,0.8,0.2,none,1,200965,5000,0.004618701982159056,0.0031907854832313614,0.0,C,1.0,50,1.0,C_0125,C,5000,50
0.8834,0.8834,0.95,0.4942717433291018,-0.005728256670898213,0.15591670563189283,103.7618,21.813854789101352,72.0,102.0,143.0,0.0,0.0,0.0015307629108428954,gamma,-0.3,1.0,1.0,0.5,D2,50,1000,0.05,0.05,0.5,0.8,0.2,none,1,200966,5000,0.004538820110998012,0.0030822070014844896,0.0,C,1.0,50,1.0,C_0126,C,5000,50
0.7732,0.7732,0.7816,0.4894505760135728,-0.01054942398642722,0.19658223461177085,65.456,11.62714341530197,50.0,64.0,87.0,0.0,0.0,0.00131234188079834,gamma,-0.3,1.0,1.0,0.5,D3,50,1000,0.05,0.05,0.5,0.8,0.2,none,1,200967,5000,0.005922191486265874,0.005842969108253098,0.0,C,1.0,50,1.0,C_0127,C,5000,50
0.8626,0.8626,0.9442,0.5015573694165021,0.0015573694165020857,0.16745894387659765,99.9974,23.74822505451723,65.0,97.5,143.0,0.0,0.0,0.001230724287033081,gamma,-0.3,1.0,1.0,0.5,D4,50,1000,0.05,0.05,0.5,0.8,0.2,none,1,200968,5000,0.004868700853410486,0.0032461164489278557,0.0,C,1.0,50,1.0,C_0128,C,5000,50
0.8816,0.8816,0.9474,0.489696288352224,-0.010303711647775993,0.1555228324150965,59.5212,10.682993520544697,50.0,57.0,80.0,0.0,0.0,0.001448609161376953,gamma,0.3,1.0,1.0,0.5,D2,50,1000,0.05,0.05,0.5,0.8,0.2,none,1,200969,5000,0.00456905767089889,0.0031569998416217885,0.0,C,1.0,50,1.0,C_0129,C,5000,50
0.8458,0.8458,0.9004,0.492697223755474,-0.007302776244526021,0.14948093450605213,65.3112,11.323619322460464,50.0,64.0,87.0,0.0,0.0,0.0011776490211486816,gamma,0.3,1.0,1.0,0.5,D3,50,1000,0.05,0.05,0.5,0.8,0.2,none,1,200970,5000,0.005107295957745155,0.004235087720461053,0.0,C,1.0,50,1.0,C_0130,C,5000,50
0.8664,0.8664,0.95,0.5000447424738138,4.4742473813808026e-05,0.16150470351525759,56.8046,12.644430348576403,39.0,56.0,80.0,0.0,0.0,0.0012843280792236328,gamma,0.3,1.0,1.0,0.5,D4,50,1000,0.05,0.05,0.5,0.8,0.2,none,1,200971,5000,0.004811466304568703,0.0030822070014844896,0.0,C,1.0,50,1.0,C_0131,C,5000,50
1.0,1.0,0.951,0.49933127466942434,-0.0006687253305756591,0.0751410495305973,50.0,0.0,50.0,50.0,50.0,0.0,0.0,0.001252871322631836,gamma,0.9,1.0,1.0,0.5,D2,50,1000,0.05,0.05,0.5,0.8,0.2,none,1,200972,5000,0.0,0.0030528347482299146,0.0,C,1.0,50,1.0,C_0132,C,5000,50
0.9874,0.9874,0.9988,0.4924605981717439,-0.007539401828256076,0.0677345805478454,65.8128,13.870535539769184,50.0,63.0,92.0,0.0,0.0,0.0013350028038024901,gamma,0.9,1.0,1.0,0.5,D3,50,1000,0.05,0.05,0.5,0.8,0.2,none,1,200973,5000,0.0015774181436765552,0.0004896039215529179,0.0,C,1.0,50,1.0,C_0133,C,5000,50
0.887,0.887,0.9474,0.4996928647613475,-0.0003071352386525006,0.15062307694654894,13.7426,3.1366774204562384,10.0,13.0,19.0,0.0,0.0,0.0012888368129730225,gamma,0.9,1.0,1.0,0.5,D4,50,1000,0.05,0.05,0.5,0.8,0.2,none,1,200974,5000,0.004477298292497385,0.0031569998416217885,0.0,C,1.0,50,1.0,C_0134,C,5000,50
0.8764,0.8764,0.948,0.49940440056906965,-0.0005955994309303492,0.1607958410000355,103.8608,18.046379785430652,75.95000000000002,103.0,135.0,0.0,0.0,0.00030505776405334475,normal,-0.3,1.0,1.0,0.5,D2,50,1000,0.05,0.05,0.5,0.8,0.2,none,1,200975,5000,0.004654525539730125,0.00313993630508646,0.0,C,1.0,100,1.0,C_0135,C,5000,100
0.7778,0.7778,0.7754,0.4945753161262064,-0.005424683873793579,0.20251492157239903,65.1598,9.101992307181982,51.0,65.0,81.0,0.0,0.0,0.00014430689811706544,normal,-0.3,1.0,1.0,0.5,D3,50,1000,0.05,0.05,0.5,0.8,0.2,none,1,200976,5000,0.005879237365509237,0.005901776681644265,0.0,C,1.0,100,1.0,C_0136,C,5000,100
0.8538,0.8538,0.9484,0.4981514214605152,-0.0018485785394847798,0.1624665477811708,101.2278,19.66891728489395,71.0,100.0,135.0,0.0,0.0,0.00013897666931152343,normal,-0.3,1.0,1.0,0.5,D4,50,1000,0.05,0.05,0.5,0.8,0.2,none,1,200977,5000,0.00499650998197742,0.003128496124338337,0.0,C,1.0,100,1.0,C_0137,C,5000,100
0.8932,0.8932,0.9444,0.5007172323810585,0.0007172323810584746,0.1569201564767184,58.0348,8.681059207262672,50.0,56.0,75.0,0.0,0.0,0.00036039810180664065,normal,0.3,1.0,1.0,0.5,D2,50,1000,0.05,0.05,0.5,0.8,0.2,none,1,200978,5000,0.004367923076245735,0.003240636974423392,0.0,C,1.0,100,1.0,C_0138,C,5000,100
0.8484,0.8484,0.8992,0.49829515724246165,-0.0017048427575383496,0.15043729674610265,65.2314,9.116504485821306,51.0,65.0,81.0,0.0,0.0,0.0001442965030670166,normal,0.3,1.0,1.0,0.5,D3,50,1000,0.05,0.05,0.5,0.8,0.2,none,1,200979,5000,0.005071832804815237,0.004257683877415043,0.0,C,1.0,100,1.0,C_0139,C,5000,100
0.857,0.857,0.9538,0.49994048879069414,-5.951120930586251e-05,0.16071408471008353,55.6928,10.974881692300833,39.0,55.0,75.0,0.0,0.0,0.00014854993820190429,normal,0.3,1.0,1.0,0.5,D4,50,1000,0.05,0.05,0.5,0.8,0.2,none,1,200980,5000,0.0049507777166825015,0.002968688599365047,0.0,C,1.0,100,1.0,C_0140,C,5000,100
1.0,1.0,0.952,0.4983474903543378,-0.0016525096456622146,0.06364436025386536,50.0,0.0,50.0,50.0,50.0,0.0,0.0,0.00018683972358703613,normal,0.9,1.0,1.0,0.5,D2,50,1000,0.05,0.05,0.5,0.8,0.2,none,1,200981,5000,0.0,0.0030231109804305907,0.0,C,1.0,100,1.0,C_0141,C,5000,100
0.9964,0.9964,0.9998,0.5005594919437198,0.0005594919437198476,0.05631607647949046,65.8378,11.385038039462144,50.0,65.0,87.0,0.0,0.0,0.00014541516304016113,normal,0.9,1.0,1.0,0.5,D3,50,1000,0.05,0.05,0.5,0.8,0.2,none,1,200982,5000,0.0008469994096810277,0.00019997999899988897,0.0,C,1.0,100,1.0,C_0142,C,5000,100
0.8686,0.8686,0.949,0.5006251055590933,0.0006251055590933419,0.14320428462990073,10.1658,1.526142313154314,8.0,10.0,13.0,0.0,0.0,0.00015979418754577638,normal,0.9,1.0,1.0,0.5,D4,50,1000,0.05,0.05,0.5,0.8,0.2,none,1,200983,5000,0.004777740888746479,0.0031112376958374634,0.0,C,1.0,100,1.0,C_0143,C,5000,100
0.8692,0.8692,0.9424,0.48720343032025304,-0.01279656967974696,0.1606419177053091,103.3784,23.550601126935167,70.0,101.0,144.0,0.0,0.0,0.0005508991718292237,lognormal,-0.3,1.0,1.0,0.5,D2,50,1000,0.05,0.05,0.5,0.8,0.2,none,1,200984,5000,0.004768466420139708,0.0032949124419322583,0.0,C,1.0,100,1.0,C_0144,C,5000,100
0.771,0.771,0.784,0.48466802374857887,-0.015331976251421131,0.19897825217514944,65.534,14.019188421588462,50.0,63.0,90.0,0.0,0.0,0.00032022066116333005,lognormal,-0.3,1.0,1.0,0.5,D3,50,1000,0.05,0.05,0.5,0.8,0.2,none,1,200985,5000,0.0059423732632678,0.005819690713431427,0.0,C,1.0,100,1.0,C_0145,C,5000,100
0.8724,0.8724,0.948,0.5032175416333187,0.0032175416333186657,0.16703705875024788,100.2136,25.979006429038044,65.0,97.0,149.0,0.0,0.0,0.0003736133098602295,lognormal,-0.3,1.0,1.0,0.5,D4,50,1000,0.05,0.05,0.5,0.8,0.2,none,1,200986,5000,0.0047184370293562265,0.00313993630508646,0.0,C,1.0,100,1.0,C_0146,C,5000,100
0.8792,0.8792,0.9502,0.48891569458138384,-0.011084305418616158,0.15480682212321076,59.6528,12.24283676931127,50.0,56.0,84.0,0.0,0.0,0.0005336948871612549,lognormal,0.3,1.0,1.0,0.5,D2,50,1000,0.05,0.05,0.5,0.8,0.2,none,1,200987,5000,0.004608847144351828,0.0030763601869742093,0.0,C,1.0,100,1.0,C_0147,C,5000,100
0.8506,0.8506,0.9046,0.4939092171121853,-0.006090782887814727,0.146844210590171,65.6386,13.678683783171538,50.0,63.0,91.0,0.0,0.0,0.0003748544692993164,lognormal,0.3,1.0,1.0,0.5,D3,50,1000,0.05,0.05,0.5,0.8,0.2,none,1,200988,5000,0.00504142122818556,0.00415448769404845,0.0,C,1.0,100,1.0,C_0148,C,5000,100
0.8586,0.8586,0.9482,0.4997896389214904,-0.00021036107850957997,0.16394030729787376,56.8446,14.627810869709792,37.0,55.0,82.0,0.0,0.0,0.0003148468494415283,lognormal,0.3,1.0,1.0,0.5,D4,50,1000,0.05,0.05,0.5,0.8,0.2,none,1,200989,5000,0.004927596574396081,0.0031342227106573,0.0,C,1.0,100,1.0,C_0149,C,5000,100
1.0,1.0,0.9508,0.4988925377230666,-0.0011074622769334241,0.07722266469261814,50.0276,0.9195859068080589,50.0,50.0,50.0,0.0,0.0,0.0005210591316223144,lognormal,0.9,1.0,1.0,0.5,D2,50,1000,0.05,0.05,0.5,0.8,0.2,none,1,200990,5000,0.0,0.0030587369942510594,0.0,C,1.0,100,1.0,C_0150,C,5000,100
0.9894,0.9894,0.9988,0.4947668319997323,-0.005233168000267685,0.06781195579803083,66.2934,15.681661788216196,50.0,63.0,95.0,0.0,0.0,0.00036850008964538575,lognormal,0.9,1.0,1.0,0.5,D3,50,1000,0.05,0.05,0.5,0.8,0.2,none,1,200991,5000,0.0014482845024372838,0.0004896039215529179,0.0,C,1.0,100,1.0,C_0151,C,5000,100
0.8874,0.8874,0.9442,0.4984718003749411,-0.0015281996250589014,0.15267011748674783,14.3338,4.532678850304751,10.0,13.0,22.0,0.0,0.0,0.00038566622734069825,lognormal,0.9,1.0,1.0,0.5,D4,50,1000,0.05,0.05,0.5,0.8,0.2,none,1,200992,5000,0.004470374480957944,0.0032461164489278557,0.0,C,1.0,100,1.0,C_0152,C,5000,100
0.8684,0.8684,0.9466,0.4892695714475461,-0.010730428552453875,0.16037476196694492,103.4104,21.477587663422536,72.0,101.0,142.0,0.0,0.0,0.0014390349388122559,gamma,-0.3,1.0,1.0,0.5,D2,50,1000,0.05,0.05,0.5,0.8,0.2,none,1,200993,5000,0.004780825033401662,0.0031795735563122296,0.0,C,1.0,100,1.0,C_0153,C,5000,100
0.7708,0.7708,0.789,0.4847032112866212,-0.015296788713378806,0.19845450803300124,65.6708,11.689072989762703,50.0,64.0,87.0,0.0,0.0,0.0012275420188903809,gamma,-0.3,1.0,1.0,0.5,D3,50,1000,0.05,0.05,0.5,0.8,0.2,none,1,200994,5000,0.00594419649742503,0.005770251294354519,0.0,C,1.0,100,1.0,C_0154,C,5000,100
0.8522,0.8522,0.9452,0.4975938405104451,-0.0024061594895549154,0.16739422079507507,99.6708,22.836961867989356,67.0,97.0,141.0,0.0,0.0,0.0012886698246002198,gamma,-0.3,1.0,1.0,0.5,D4,50,1000,0.05,0.05,0.5,0.8,0.2,none,1,200995,5000,0.005019066845540115,0.003218600938296016,0.0,C,1.0,100,1.0,C_0155,C,5000,100
0.8754,0.8754,0.941,0.49237875556403043,-0.007621244435969565,0.16020002484238655,59.5172,10.846792344283172,50.0,57.0,80.0,0.0,0.0,0.001384901237487793,gamma,0.3,1.0,1.0,0.5,D2,50,1000,0.05,0.05,0.5,0.8,0.2,none,1,200996,5000,0.004670649633616292,0.003332236486205625,0.0,C,1.0,100,1.0,C_0156,C,5000,100
0.8452,0.8452,0.8998,0.49139858249061774,-0.008601417509382259,0.1487006175547715,65.34,11.4717740563524,50.0,64.0,87.0,0.0,0.0,0.0012773722648620606,gamma,0.3,1.0,1.0,0.5,D3,50,1000,0.05,0.05,0.5,0.8,0.2,none,1,200997,5000,0.005115407315160739,0.004246409306696658,0.0,C,1.0,100,1.0,C_0157,C,5000,100
0.8634,0.8634,0.9498,0.5002811254960298,0.000281125496029766,0.16183163694776168,56.728,12.652889630436203,38.0,56.0,78.0,0.0,0.0,0.0012045291423797607,gamma,0.3,1.0,1.0,0.5,D4,50,1000,0.05,0.05,0.5,0.8,0.2,none,1,200998,5000,0.004856756942652165,0.003088040155179334,0.0,C,1.0,100,1.0,C_0158,C,5000,100
1.0,1.0,0.9448,0.4984402066074217,-0.0015597933925782792,0.07704953549720563,50.0,0.0,50.0,50.0,50.0,0.0,0.0,0.0012712168216705323,gamma,0.9,1.0,1.0,0.5,D2,50,1000,0.05,0.05,0.5,0.8,0.2,none,1,200999,5000,0.0,0.0032296427046966053,0.0,C,1.0,100,1.0,C_0159,C,5000,100
0.989,0.989,0.9988,0.49495679029739514,-0.005043209702604856,0.0664494570529594,65.9782,13.681232574589176,50.0,64.0,92.0,0.0,0.0,0.0011859100818634033,gamma,0.9,1.0,1.0,0.5,D3,50,1000,0.05,0.05,0.5,0.8,0.2,none,1,201000,5000,0.0014750593208410305,0.0004896039215529179,0.0,C,1.0,100,1.0,C_0160,C,5000,100
0.8794,0.8794,0.953,0.49719806349267975,-0.0028019365073202462,0.14803295137376235,13.6872,3.0942133345973417,10.0,13.0,19.0,0.0,0.0,0.0012884447097778321,gamma,0.9,1.0,1.0,0.5,D4,50,1000,0.05,0.05,0.5,0.8,0.2,none,1,201001,5000,0.004605554038332414,0.002993025225419928,0.0,C,1.0,100,1.0,C_0161,C,5000,100
0.8766,0.8766,0.941,0.4977638290323307,-0.0022361709676693153,0.16159871731041728,103.3648,6.722478780925976,100.0,100.0,119.0,0.0,0.0,0.00030448851585388186,normal,-0.3,1.0,1.0,0.5,D2,100,1000,0.05,0.05,0.5,0.8,0.2,none,1,201002,5000,0.004651288853640461,0.003332236486205625,0.0,C,1.0,25,1.0,C_0162,C,5000,25
0.9128,0.9128,0.7816,0.49998560298043104,-1.4397019568956892e-05,0.16091743848898618,100.0,0.0,100.0,100.0,100.0,0.0,0.0,0.00015310969352722167,normal,-0.3,1.0,1.0,0.5,D3,100,1000,0.05,0.05,0.5,0.8,0.2,none,1,201003,5000,0.003989891226587513,0.005842969108253098,0.0,C,1.0,25,1.0,C_0163,C,5000,25
0.85,0.85,0.948,0.5009760224975207,0.0009760224975207121,0.16583821306327445,95.6874,13.152949526246955,75.0,95.0,119.0,0.0,0.0,0.00015744919776916505,normal,-0.3,1.0,1.0,0.5,D4,100,1000,0.05,0.05,0.5,0.8,0.2,none,1,201004,5000,0.005049752469181039,0.00313993630508646,0.0,C,1.0,25,1.0,C_0164,C,5000,25
0.9868,0.9868,0.9508,0.4986383811883415,-0.001361618811658527,0.12049912967219614,100.0,0.0,100.0,100.0,100.0,0.0,0.0,0.00016646933555603026,normal,0.3,1.0,1.0,0.5,D2,100,1000,0.05,0.05,0.5,0.8,0.2,none,1,201005,5000,0.0016140483264140506,0.0030587369942510594,0.0,C,1.0,25,1.0,C_0165,C,5000,25
0.9666,0.9666,0.9012,0.49890003077978945,-0.0010999692202105504,0.11876780211775687,100.0,0.0,100.0,100.0,100.0,0.0,0.0,0.00014750542640686035,normal,0.3,1.0,1.0,0.5,D3,100,1000,0.05,0.05,0.5,0.8,0.2,none,1,201006,5000,0.002541040731668817,0.004219918482624991,0.0,C,1.0,25,1.0,C_0166,C,5000,25
0.8512,0.8512,0.953,0.5032221903731353,0.003222190373135314,0.1633321301894817,52.3872,7.072317594678565,41.0,52.0,65.0,0.0,0.0,0.00020547032356262206,normal,0.3,1.0,1.0,0.5,D4,100,1000,0.05,0.05,0.5,0.8,0.2,none,1,201007,5000,0.0050330618911354555,0.002993025225419928,0.0,C,1.0,25,1.0,C_0167,C,5000,25
1.0,1.0,0.94,0.5002111115517547,0.00021111155175468355,0.04608734937428338,100.0,0.0,100.0,100.0,100.0,0.0,0.0,0.000225022554397583,normal,0.9,1.0,1.0,0.5,D2,100,1000,0.05,0.05,0.5,0.8,0.2,none,1,201008,5000,0.0,0.0033585711247493344,0.0,C,1.0,25,1.0,C_0168,C,5000,25
1.0,1.0,1.0,0.4995632257611215,-0.0004367742388785012,0.04509705681437827,100.0,0.0,100.0,100.0,100.0,0.0,0.0,0.00014815101623535156,normal,0.9,1.0,1.0,0.5,D3,100,1000,0.05,0.05,0.5,0.8,0.2,none,1,201009,5000,0.0,0.0,0.0,C,1.0,25,1.0,C_0169,C,5000,25
0.8666,0.8666,0.9568,0.4998015381205686,-0.0001984618794313997,0.14142806019709567,9.738,1.035063283089493,8.0,10.0,11.0,0.0,0.0,0.00016182403564453125,normal,0.9,1.0,1.0,0.5,D4,100,1000,0.05,0.05,0.5,0.8,0.2,none,1,201010,5000,0.0048084184510086055,0.0028751959933194125,0.0,C,1.0,25,1.0,C_0170,C,5000,25
0.9004,0.9004,0.953,0.49766923695983867,-0.002330763040161332,0.15328917718970325,104.5476,9.670353366863074,100.0,100.0,126.0,0.0,0.0,0.0005248505115509033,lognormal,-0.3,1.0,1.0,0.5,D2,100,1000,0.05,0.05,0.5,0.8,0.2,none,1,201011,5000,0.004235087720461053,0.002993025225419928,0.0,C,1.0,25,1.0,C_0171,C,5000,25
0.9282,0.9282,0.7824,0.49947454308036476,-0.0005254569196352366,0.15751502615493995,100.0572,1.214054430410762,100.0,100.0,100.0,0.0,0.0,0.0004544777393341064,lognormal,-0.3,1.0,1.0,0.5,D3,100,1000,0.05,0.05,0.5,0.8,0.2,none,1,201012,5000,0.0036508837286333834,0.005835241897299545,0.0,C,1.0,25,1.0,C_0172,C,5000,25
0.8586,0.8586,0.9482,0.5002794268485387,0.0002794268485386553,0.16832430632144732,94.0304,17.35319785630303,69.0,92.0,125.0,0.0,0.0,0.00032166295051574707,lognormal,-0.3,1.0,1.0,0.5,D4,100,1000,0.05,0.05,0.5,0.8,0.2,none,1,201013,5000,0.004927596574396081,0.0031342227106573,0.0,C,1.0,25,1.0,C_0173,C,5000,25
0.9892,0.9892,0.9496,0.4987125604206215,-0.001287439579378491,0.11942010769453827,100.0528,1.5560244728152572,100.0,100.0,100.0,0.0,0.0,0.0005260597229003906,lognormal,0.3,1.0,1.0,0.5,D2,100,1000,0.05,0.05,0.5,0.8,0.2,none,1,201014,5000,0.0014617359542680771,0.0030938597253269257,0.0,C,1.0,25,1.0,C_0174,C,5000,25
0.9714,0.9714,0.9012,0.493013545466962,-0.006986454533037978,0.11937177295269163,100.0678,1.190799378568867,100.0,100.0,100.0,0.0,0.0,0.0003447049617767334,lognormal,0.3,1.0,1.0,0.5,D3,100,1000,0.05,0.05,0.5,0.8,0.2,none,1,201015,5000,0.002357203427793196,0.004219918482624991,0.0,C,1.0,25,1.0,C_0175,C,5000,25
0.8542,0.8542,0.95,0.498522453407383,-0.0014775465926170073,0.16635433284912945,53.7194,9.777579641199553,40.0,53.0,71.0,0.0,0.0,0.000320672082901001,lognormal,0.3,1.0,1.0,0.5,D4,100,1000,0.05,0.05,0.5,0.8,0.2,none,1,201016,5000,0.004990838807254749,0.0030822070014844896,0.0,C,1.0,25,1.0,C_0176,C,5000,25
1.0,1.0,0.9494,0.5002100451414977,0.0002100451414976945,0.05533089563227141,100.0,0.0,100.0,100.0,100.0,0.0,0.0,0.000337157678604126,lognormal,0.9,1.0,1.0,0.5,D2,100,1000,0.05,0.05,0.5,0.8,0.2,none,1,201017,5000,0.0,0.0030996657884359074,0.0,C,1.0,25,1.0,C_0177,C,5000,25
1.0,1.0,0.9998,0.49924557271650793,-0.0007544272834920651,0.05562822853073115,100.0986,1.4270522204880942,100.0,100.0,100.0,0.0,0.0,0.000315899133682251,lognormal,0.9,1.0,1.0,0.5,D3,100,1000,0.05,0.05,0.5,0.8,0.2,none,1,201018,5000,0.0,0.00019997999899988897,0.0,C,1.0,25,1.0,C_0178,C,5000,25
0.8782,0.8782,0.9446,0.49747347517782853,-0.002526524822171472,0.152353265065155,13.6676,3.153650304012796,10.0,13.0,19.0,0.0,0.0,0.0003234591484069824,lognormal,0.9,1.0,1.0,0.5,D4,100,1000,0.05,0.05,0.5,0.8,0.2,none,1,201019,5000,0.004625251560726185,0.0032351457463304493,0.0,C,1.0,25,1.0,C_0179,C,5000,25
0.8892,0.8892,0.9458,0.49984699929770815,-0.00015300070229185003,0.15805392690835796,104.1358,8.353739184341345,100.0,100.0,122.0,0.0,0.0,0.0014282120704650879,gamma,-0.3,1.0,1.0,0.5,D2,100,1000,0.05,0.05,0.5,0.8,0.2,none,1,201020,5000,0.004438994480735474,0.003201948156981934,0.0,C,1.0,25,1.0,C_0180,C,5000,25
0.929,0.929,0.7726,0.5023299163567363,0.0023299163567362946,0.16292748376363808,100.0032,0.15096277686900172,100.0,100.0,100.0,0.0,0.0,0.0011967957496643066,gamma,-0.3,1.0,1.0,0.5,D3,100,1000,0.05,0.05,0.5,0.8,0.2,none,1,201021,5000,0.0036320517617456933,0.0059277186168036015,0.0,C,1.0,25,1.0,C_0181,C,5000,25
0.8474,0.8474,0.9432,0.4996887617442543,-0.00031123825574569386,0.16989157530564014,94.148,15.11922273134436,71.0,93.0,120.0,0.0,0.0,0.0013292332172393799,gamma,-0.3,1.0,1.0,0.5,D4,100,1000,0.05,0.05,0.5,0.8,0.2,none,1,201022,5000,0.005085533207049187,0.0032733395790843322,0.0,C,1.0,25,1.0,C_0182,C,5000,25
0.9892,0.9892,0.9506,0.49987383920557643,-0.00012616079442356876,0.12112822259255533,100.0,0.0,100.0,100.0,100.0,0.0,0.0,0.0012897961616516113,gamma,0.3,1.0,1.0,0.5,D2,100,1000,0.05,0.05,0.5,0.8,0.2,none,1,201023,5000,0.0014617359542680771,0.003064625262572897,0.0,C,1.0,25,1.0,C_0183,C,5000,25
0.9754,0.9754,0.9012,0.49951109976726293,-0.0004889002327370662,0.11928291478677641,100.0046,0.23276348510881167,100.0,100.0,100.0,0.0,0.0,0.0012109122276306153,gamma,0.3,1.0,1.0,0.5,D3,100,1000,0.05,0.05,0.5,0.8,0.2,none,1,201024,5000,0.002190654696660337,0.004219918482624991,0.0,C,1.0,25,1.0,C_0184,C,5000,25
0.857,0.857,0.9522,0.5053639912453427,0.005363991245342703,0.16507551034784967,53.2818,8.358180948029302,41.0,53.0,68.0,0.0,0.0,0.0013282508850097656,gamma,0.3,1.0,1.0,0.5,D4,100,1000,0.05,0.05,0.5,0.8,0.2,none,1,201025,5000,0.0049507777166825015,0.0030171231330524103,0.0,C,1.0,25,1.0,C_0185,C,5000,25
1.0,1.0,0.946,0.49985601959497816,-0.0001439804050218374,0.05386970422942387,100.0,0.0,100.0,100.0,100.0,0.0,0.0,0.0012773757934570313,gamma,0.9,1.0,1.0,0.5,D2,100,1000,0.05,0.05,0.5,0.8,0.2,none,1,201026,5000,0.0,0.0031963729444481302,0.0,C,1.0,25,1.0,C_0186,C,5000,25
1.0,1.0,0.999,0.5010644447284345,0.0010644447284344771,0.054564070267713274,100.008,0.23819319889535054,100.0,100.0,100.0,0.0,0.0,0.001320263719558716,gamma,0.9,1.0,1.0,0.5,D3,100,1000,0.05,0.05,0.5,0.8,0.2,none,1,201027,5000,0.0,0.0004469899327725404,0.0,C,1.0,25,1.0,C_0187,C,5000,25
0.882,0.882,0.9444,0.49844073340265316,-0.0015592665973468423,0.1525772815962224,13.0726,2.0592545350198943,10.0,13.0,17.0,0.0,0.0,0.0012564986705780028,gamma,0.9,1.0,1.0,0.5,D4,100,1000,0.05,0.05,0.5,0.8,0.2,none,1,201028,5000,0.004562367806304091,0.003240636974423392,0.0,C,1.0,25,1.0,C_0188,C,5000,25
0.876,0.876,0.952,0.49748904510193453,-0.002510954898065465,0.1578069248577226,103.5818,6.821415451356118,100.0,100.0,119.0,0.0,0.0,0.00039656620025634763,normal,-0.3,1.0,1.0,0.5,D2,100,1000,0.05,0.05,0.5,0.8,0.2,none,1,201029,5000,0.004660987019934726,0.0030231109804305907,0.0,C,1.0,50,1.0,C_0189,C,5000,50
0.9212,0.9212,0.7854,0.5040347342527495,0.004034734252749472,0.15885475111585673,100.0,0.0,100.0,100.0,100.0,0.0,0.0,0.0001738968849182129,normal,-0.3,1.0,1.0,0.5,D3,100,1000,0.05,0.05,0.5,0.8,0.2,none,1,201030,5000,0.0038102640328460174,0.005805976920381272,0.0,C,1.0,50,1.0,C_0190,C,5000,50
0.8346,0.8346,0.9502,0.4973215788401936,-0.0026784211598063767,0.16832971686989845,95.1704,13.39736406312824,74.0,94.0,118.0,0.0,0.0,0.00015735878944396972,normal,-0.3,1.0,1.0,0.5,D4,100,1000,0.05,0.05,0.5,0.8,0.2,none,1,201031,5000,0.00525438559681339,0.0030763601869742093,0.0,C,1.0,50,1.0,C_0191,C,5000,50
0.9846,0.9846,0.949,0.4989331531884616,-0.0010668468115384022,0.12023960681861492,100.0,0.0,100.0,100.0,100.0,0.0,0.0,0.00018097500801086426,normal,0.3,1.0,1.0,0.5,D2,100,1000,0.05,0.05,0.5,0.8,0.2,none,1,201032,5000,0.0017414270010540189,0.0031112376958374634,0.0,C,1.0,50,1.0,C_0192,C,5000,50
0.9708,0.9708,0.9116,0.5006423342350412,0.0006423342350412309,0.11659495899172335,100.0,0.0,100.0,100.0,100.0,0.0,0.0,0.00017564120292663574,normal,0.3,1.0,1.0,0.5,D3,100,1000,0.05,0.05,0.5,0.8,0.2,none,1,201033,5000,0.0023810653077981714,0.004014609320967609,0.0,C,1.0,50,1.0,C_0193,C,5000,50
0.8536,0.8536,0.9508,0.5030899046855433,0.0030899046855432655,0.16490826577598688,52.2954,7.102882431801896,41.0,52.0,64.0,0.0,0.0,0.000167683744430542,normal,0.3,1.0,1.0,0.5,D4,100,1000,0.05,0.05,0.5,0.8,0.2,none,1,201034,5000,0.004999340756539806,0.0030587369942510594,0.0,C,1.0,50,1.0,C_0194,C,5000,50
1.0,1.0,0.9508,0.500741494532384,0.000741494532384035,0.04477708739731909,100.0,0.0,100.0,100.0,100.0,0.0,0.0,0.00019068851470947266,normal,0.9,1.0,1.0,0.5,D2,100,1000,0.05,0.05,0.5,0.8,0.2,none,1,201035,5000,0.0,0.0030587369942510594,0.0,C,1.0,50,1.0,C_0195,C,5000,50
1.0,1.0,1.0,0.4997466542521115,-0.0002533457478884893,0.04466962209723196,100.0,0.0,100.0,100.0,100.0,0.0,0.0,0.00016583967208862305,normal,0.9,1.0,1.0,0.5,D3,100,1000,0.05,0.05,0.5,0.8,0.2,none,1,201036,5000,0.0,0.0,0.0,C,1.0,50,1.0,C_0196,C,5000,50
0.8592,0.8592,0.9504,0.4983017580092718,-0.001698241990728211,0.1454592668728833,9.7408,1.0205955908194,8.0,10.0,11.0,0.0,0.0,0.0001785071849822998,normal,0.9,1.0,1.0,0.5,D4,100,1000,0.05,0.05,0.5,0.8,0.2,none,1,201037,5000,0.004918848645770675,0.0030704996336101387,0.0,C,1.0,50,1.0,C_0197,C,5000,50
0.8948,0.8948,0.9492,0.49977800455627985,-0.00022199544372014657,0.15620699271118862,104.5002,9.546685286527465,100.0,100.0,125.0,0.0,0.0,0.0005590452671051026,lognormal,-0.3,1.0,1.0,0.5,D2,100,1000,0.05,0.05,0.5,0.8,0.2,none,1,201038,5000,0.004338962087873089,0.003105458420265838,0.0,C,1.0,50,1.0,C_0198,C,5000,50
0.934,0.934,0.7936,0.5023128087976145,0.0023128087976145295,0.15799592183720837,100.0588,1.119349168043645,100.0,100.0,100.0,0.0,0.0,0.0004360328197479248,lognormal,-0.3,1.0,1.0,0.5,D3,100,1000,0.05,0.05,0.5,0.8,0.2,none,1,201039,5000,0.0035112390975266822,0.005723618435919711,0.0,C,1.0,50,1.0,C_0199,C,5000,50
0.8544,0.8544,0.9514,0.5039282888879365,0.003928288887936504,0.16841443015655932,93.9196,17.025684592403326,70.0,92.0,124.0,0.0,0.0,0.00032610297203063967,lognormal,-0.3,1.0,1.0,0.5,D4,100,1000,0.05,0.05,0.5,0.8,0.2,none,1,201040,5000,0.0049879983961505035,0.003040987997345599,0.0,C,1.0,50,1.0,C_0200,C,5000,50
0.9904,0.9904,0.9492,0.4992577969332067,-0.00074220306679329,0.11831713862142768,100.0176,0.9718488771408856,100.0,100.0,100.0,0.0,0.0,0.00044178833961486816,lognormal,0.3,1.0,1.0,0.5,D2,100,1000,0.05,0.05,0.5,0.8,0.2,none,1,201041,5000,0.0013789735312905794,0.003105458420265838,0.0,C,1.0,50,1.0,C_0201,C,5000,50
0.9778,0.9778,0.9034,0.503270030557571,0.0032700305575710242,0.11946631009084326,100.0642,1.311365075026783,100.0,100.0,100.0,0.0,0.0,0.00033060054779052736,lognormal,0.3,1.0,1.0,0.5,D3,100,1000,0.05,0.05,0.5,0.8,0.2,none,1,201042,5000,0.002083610328252382,0.004177761122898245,0.0,C,1.0,50,1.0,C_0202,C,5000,50
0.8648,0.8648,0.9494,0.5023747996418438,0.002374799641843839,0.1668307152730427,53.8922,9.96859965892903,40.0,53.0,71.05000000000018,0.0,0.0,0.00032813339233398435,lognormal,0.3,1.0,1.0,0.5,D4,100,1000,0.05,0.05,0.5,0.8,0.2,none,1,201043,5000,0.00483572042202607,0.0030996657884359074,0.0,C,1.0,50,1.0,C_0203,C,5000,50
1.0,1.0,0.9468,0.4996805014075291,-0.0003194985924708793,0.05616813883372578,100.0,0.0,100.0,100.0,100.0,0.0,0.0,0.0003833428382873535,lognormal,0.9,1.0,1.0,0.5,D2,100,1000,0.05,0.05,0.5,0.8,0.2,none,1,201044,5000,0.0,0.003173948959892078,0.0,C,1.0,50,1.0,C_0204,C,5000,50
1.0,1.0,0.999,0.4998142104898354,-0.00018578951016462453,0.05579031050520978,100.0906,1.3301096345790449,100.0,100.0,100.0,0.0,0.0,0.00047720751762390137,lognormal,0.9,1.0,1.0,0.5,D3,100,1000,0.05,0.05,0.5,0.8,0.2,none,1,201045,5000,0.0,0.0004469899327725404,0.0,C,1.0,50,1.0,C_0205,C,5000,50
0.8818,0.8818,0.9546,0.49779850977946954,-0.0022014902205304554,0.15175685274466932,13.7282,3.3898561562402616,10.0,13.0,19.0,0.0,0.0,0.0004005838394165039,lognormal,0.9,1.0,1.0,0.5,D4,100,1000,0.05,0.05,0.5,0.8,0.2,none,1,201046,5000,0.004565714839978511,0.002944107334999864,0.0,C,1.0,50,1.0,C_0206,C,5000,50
0.8902,0.8902,0.9452,0.49521220064254196,-0.004787799357458045,0.15665565154723296,104.0416,8.30172689505021,100.0,100.0,123.0,0.0,0.0,0.0014088633060455322,gamma,-0.3,1.0,1.0,0.5,D2,100,1000,0.05,0.05,0.5,0.8,0.2,none,1,201047,5000,0.004421401587732107,0.003218600938296016,0.0,C,1.0,50,1.0,C_0207,C,5000,50
0.9312,0.9312,0.788,0.499285462052438,-0.0007145379475619884,0.15972043477782621,100.0028,0.19797009875231159,100.0,100.0,100.0,0.0,0.0,0.0013324662685394288,gamma,-0.3,1.0,1.0,0.5,D3,100,1000,0.05,0.05,0.5,0.8,0.2,none,1,201048,5000,0.003579568689102082,0.005780242209458008,0.0,C,1.0,50,1.0,C_0208,C,5000,50
0.8496,0.8496,0.9522,0.4964390516255644,-0.003560948374435602,0.16602087924419795,93.9726,15.51946678336598,71.0,93.0,122.0,0.0,0.0,0.0012102266788482667,gamma,-0.3,1.0,1.0,0.5,D4,100,1000,0.05,0.05,0.5,0.8,0.2,none,1,201049,5000,0.005055291089541728,0.0030171231330524103,0.0,C,1.0,50,1.0,C_0209,C,5000,50
0.9908,0.9908,0.9514,0.5005228343842962,0.0005228343842962335,0.12003367792298561,100.0,0.0,100.0,100.0,100.0,0.0,0.0,0.0013097092628479004,gamma,0.3,1.0,1.0,0.5,D2,100,1000,0.05,0.05,0.5,0.8,0.2,none,1,201050,5000,0.0013502118352317896,0.003040987997345599,0.0,C,1.0,50,1.0,C_0210,C,5000,50
0.9722,0.9722,0.8984,0.4989040661597703,-0.0010959338402297125,0.12041220522541102,100.0044,0.20489177631130054,100.0,100.0,100.0,0.0,0.0,0.0012999887466430664,gamma,0.3,1.0,1.0,0.5,D3,100,1000,0.05,0.05,0.5,0.8,0.2,none,1,201051,5000,0.002324958494253179,0.004272644146193315,0.0,C,1.0,50,1.0,C_0211,C,5000,50
0.8538,0.8538,0.948,0.5012875958691607,0.0012875958691607181,0.167215533437836,53.763,8.633749533082367,41.0,53.0,69.0,0.0,0.0,0.0012305716991424561,gamma,0.3,1.0,1.0,0.5,D4,100,1000,0.05,0.05,0.5,0.8,0.2,none,1,201052,5000,0.00499650998197742,0.00313993630508646,0.0,C,1.0,50,1.0,C_0212,C,5000,50
1.0,1.0,0.945,0.4994348992091871,-0.0005651007908129002,0.05449536367856711,100.0,0.0,100.0,100.0,100.0,0.0,0.0,0.001282433319091797,gamma,0.9,1.0,1.0,0.5,D2,100,1000,0.05,0.05,0.5,0.8,0.2,none,1,201053,5000,0.0,0.003224127789030703,0.0,C,1.0,50,1.0,C_0213,C,5000,50
1.0,1.0,0.9994,0.49865271247472553,-0.0013472875252744654,0.054409801641947315,100.0256,0.5419821399271382,100.0,100.0,100.0,0.0,0.0,0.001223390817642212,gamma,0.9,1.0,1.0,0.5,D3,100,1000,0.05,0.05,0.5,0.8,0.2,none,1,201054,5000,0.0,0.0003463062228721987,0.0,C,1.0,50,1.0,C_0214,C,5000,50
0.8854,0.8854,0.9494,0.4955141012424223,-0.004485898757577711,0.15137431728790382,13.104,2.103707203961616,10.0,13.0,17.0,0.0,0.0,0.001311688184738159,gamma,0.9,1.0,1.0,0.5,D4,100,1000,0.05,0.05,0.5,0.8,0.2,none,1,201055,5000,0.004504816089475797,0.0030996657884359074,0.0,C,1.0,50,1.0,C_0215,C,5000,50
0.878,0.878,0.9482,0.4984393447272683,-0.0015606552727316925,0.1587513535623903,103.5064,6.891440998804241,100.0,100.0,119.0,0.0,0.0,0.0003363496780395508,normal,-0.3,1.0,1.0,0.5,D2,100,1000,0.05,0.05,0.5,0.8,0.2,none,1,201056,5000,0.004628520281904358,0.0031342227106573,0.0,C,1.0,100,1.0,C_0216,C,5000,100
0.9064,0.9064,0.779,0.4944127763472956,-0.0055872236527044206,0.16166769591627064,100.0,0.0,100.0,100.0,100.0,0.0,0.0,0.00016907005310058595,normal,-0.3,1.0,1.0,0.5,D3,100,1000,0.05,0.05,0.5,0.8,0.2,none,1,201057,5000,0.004119199922315012,0.005867861620726923,0.0,C,1.0,100,1.0,C_0217,C,5000,100
0.8406,0.8406,0.948,0.5005011342796194,0.0005011342796193974,0.1686766178253553,95.334,13.303655287175777,75.0,94.0,118.0,0.0,0.0,0.00015291385650634766,normal,-0.3,1.0,1.0,0.5,D4,100,1000,0.05,0.05,0.5,0.8,0.2,none,1,201058,5000,0.005176710152210572,0.00313993630508646,0.0,C,1.0,100,1.0,C_0218,C,5000,100
0.9872,0.9872,0.947,0.49893882333802514,-0.0010611766619748608,0.11870471989111768,100.0,0.0,100.0,100.0,100.0,0.0,0.0,0.00018164868354797364,normal,0.3,1.0,1.0,0.5,D2,100,1000,0.05,0.05,0.5,0.8,0.2,none,1,201059,5000,0.0015897270205919023,0.0031683118533376744,0.0,C,1.0,100,1.0,C_0219,C,5000,100
0.9638,0.9638,0.9072,0.4969354362592292,-0.003064563740770798,0.11811439763861463,100.0,0.0,100.0,100.0,100.0,0.0,0.0,0.0001489558219909668,normal,0.3,1.0,1.0,0.5,D3,100,1000,0.05,0.05,0.5,0.8,0.2,none,1,201060,5000,0.0026415737733404307,0.004103368372447202,0.0,C,1.0,100,1.0,C_0220,C,5000,100
0.8484,0.8484,0.9504,0.5024685252438202,0.002468525243820241,0.1640643367653739,52.3992,7.085043356254075,41.0,52.0,65.0,0.0,0.0,0.00014861297607421874,normal,0.3,1.0,1.0,0.5,D4,100,1000,0.05,0.05,0.5,0.8,0.2,none,1,201061,5000,0.005071832804815237,0.0030704996336101387,0.0,C,1.0,100,1.0,C_0221,C,5000,100
1.0,1.0,0.951,0.5002685986563572,0.0002685986563571996,0.044252782922171094,100.0,0.0,100.0,100.0,100.0,0.0,0.0,0.0001827223777770996,normal,0.9,1.0,1.0,0.5,D2,100,1000,0.05,0.05,0.5,0.8,0.2,none,1,201062,5000,0.0,0.0030528347482299146,0.0,C,1.0,100,1.0,C_0222,C,5000,100
1.0,1.0,1.0,0.49953048770227676,-0.0004695122977232402,0.04485799651822122,100.0014,0.09898504937615579,100.0,100.0,100.0,0.0,0.0,0.00020822482109069824,normal,0.9,1.0,1.0,0.5,D3,100,1000,0.05,0.05,0.5,0.8,0.2,none,1,201063,5000,0.0,0.0,0.0,C,1.0,100,1.0,C_0223,C,5000,100
0.8658,0.8658,0.9472,0.5018078672098567,0.0018078672098567061,0.14466687819691873,9.7322,1.039847661919764,8.0,10.0,11.0,0.0,0.0,0.00023198490142822267,normal,0.9,1.0,1.0,0.5,D4,100,1000,0.05,0.05,0.5,0.8,0.2,none,1,201064,5000,0.004820588345834977,0.003162662169755093,0.0,C,1.0,100,1.0,C_0224,C,5000,100
0.8864,0.8864,0.9458,0.49499717964996665,-0.005002820350033355,0.1572637665738173,104.49,9.717443079329048,100.0,100.0,124.0,0.0,0.0,0.0005103200912475586,lognormal,-0.3,1.0,1.0,0.5,D2,100,1000,0.05,0.05,0.5,0.8,0.2,none,1,201065,5000,0.004487650610285966,0.003201948156981934,0.0,C,1.0,100,1.0,C_0225,C,5000,100
0.9264,0.9264,0.777,0.49728760944113276,-0.0027123905588672392,0.16132892095598328,100.0738,1.4339991492326627,100.0,100.0,100.0,0.0,0.0,0.0003543161869049072,lognormal,-0.3,1.0,1.0,0.5,D3,100,1000,0.05,0.05,0.5,0.8,0.2,none,1,201066,5000,0.003692777816224529,0.005886781803328538,0.0,C,1.0,100,1.0,C_0226,C,5000,100
0.8508,0.8508,0.9476,0.4994434043508207,-0.0005565956491793145,0.16991682742281822,93.9124,17.2493688649759,69.0,92.0,125.0,0.0,0.0,0.000326608943939209,lognormal,-0.3,1.0,1.0,0.5,D4,100,1000,0.05,0.05,0.5,0.8,0.2,none,1,201067,5000,0.00503863791118195,0.003151324800778238,0.0,C,1.0,100,1.0,C_0227,C,5000,100
0.9884,0.9884,0.9494,0.501469867976358,0.0014698679763579525,0.12078639971668832,100.018,0.7462412478548746,100.0,100.0,100.0,0.0,0.0,0.0004976871013641357,lognormal,0.3,1.0,1.0,0.5,D2,100,1000,0.05,0.05,0.5,0.8,0.2,none,1,201068,5000,0.00151429455523026,0.0030996657884359074,0.0,C,1.0,100,1.0,C_0228,C,5000,100
0.9752,0.9752,0.8966,0.5004867981359391,0.0004867981359391038,0.12059198286576824,100.0446,0.9851958383996554,100.0,100.0,100.0,0.0,0.0,0.00043074584007263186,lognormal,0.3,1.0,1.0,0.5,D3,100,1000,0.05,0.05,0.5,0.8,0.2,none,1,201069,5000,0.002199316257385465,0.004306006038082158,0.0,C,1.0,100,1.0,C_0229,C,5000,100
0.85,0.85,0.9504,0.4997039511952782,-0.0002960488047217824,0.1677043245438481,53.75,9.531227622924552,40.0,53.0,70.0,0.0,0.0,0.00043998150825500486,lognormal,0.3,1.0,1.0,0.5,D4,100,1000,0.05,0.05,0.5,0.8,0.2,none,1,201070,5000,0.005049752469181039,0.0030704996336101387,0.0,C,1.0,100,1.0,C_0230,C,5000,100
1.0,1.0,0.9448,0.49853168546449067,-0.0014683145355093297,0.056290725817285864,100.0,0.0,100.0,100.0,100.0,0.0,0.0,0.00040386853218078614,lognormal,0.9,1.0,1.0,0.5,D2,100,1000,0.05,0.05,0.5,0.8,0.2,none,1,201071,5000,0.0,0.0032296427046966053,0.0,C,1.0,100,1.0,C_0231,C,5000,100
1.0,1.0,0.9994,0.49972872148606257,-0.0002712785139374341,0.05569177589742532,100.1074,1.4974195270531234,100.0,100.0,100.0,0.0,0.0,0.00034739322662353514,lognormal,0.9,1.0,1.0,0.5,D3,100,1000,0.05,0.05,0.5,0.8,0.2,none,1,201072,5000,0.0,0.0003463062228721987,0.0,C,1.0,100,1.0,C_0232,C,5000,100
0.8874,0.8874,0.9546,0.5009618041658059,0.0009618041658059351,0.15018968845155828,13.6454,3.1043290482808032,10.0,13.0,19.0,0.0,0.0,0.00032176856994628906,lognormal,0.9,1.0,1.0,0.5,D4,100,1000,0.05,0.05,0.5,0.8,0.2,none,1,201073,5000,0.004470374480957944,0.002944107334999864,0.0,C,1.0,100,1.0,C_0233,C,5000,100
0.895,0.895,0.9482,0.49531937756778277,-0.00468062243221723,0.1545743737955474,103.933,7.938445124833956,100.0,100.0,122.0,0.0,0.0,0.001462598180770874,gamma,-0.3,1.0,1.0,0.5,D2,100,1000,0.05,0.05,0.5,0.8,0.2,none,1,201074,5000,0.004335320057389074,0.0031342227106573,0.0,C,1.0,100,1.0,C_0234,C,5000,100
0.9344,0.9344,0.7946,0.49870179822645033,-0.0012982017735496676,0.15712772298456565,100.004,0.15742934923323543,100.0,100.0,100.0,0.0,0.0,0.0012602283477783204,gamma,-0.3,1.0,1.0,0.5,D3,100,1000,0.05,0.05,0.5,0.8,0.2,none,1,201075,5000,0.003501332317847022,0.005713332477635098,0.0,C,1.0,100,1.0,C_0235,C,5000,100
0.8578,0.8578,0.9516,0.5016872463421845,0.001687246342184534,0.16690279501567143,94.2254,15.361672918012545,71.0,93.0,121.0,0.0,0.0,0.001317836856842041,gamma,-0.3,1.0,1.0,0.5,D4,100,1000,0.05,0.05,0.5,0.8,0.2,none,1,201076,5000,0.004939213702604899,0.0030350433275325743,0.0,C,1.0,100,1.0,C_0236,C,5000,100
0.9884,0.9884,0.946,0.5005230746896849,0.0005230746896849325,0.12250759029145752,100.0012,0.08484432803670496,100.0,100.0,100.0,0.0,0.0,0.0014295809745788575,gamma,0.3,1.0,1.0,0.5,D2,100,1000,0.05,0.05,0.5,0.8,0.2,none,1,201077,5000,0.00151429455523026,0.0031963729444481302,0.0,C,1.0,100,1.0,C_0237,C,5000,100
0.9762,0.9762,0.8992,0.5018635861321478,0.0018635861321477654,0.11956900997857724,100.0036,0.1928394150582292,100.0,100.0,100.0,0.0,0.0,0.0012681981086730958,gamma,0.3,1.0,1.0,0.5,D3,100,1000,0.05,0.05,0.5,0.8,0.2,none,1,201078,5000,0.002155623343722184,0.004257683877415043,0.0,C,1.0,100,1.0,C_0238,C,5000,100
0.8548,0.8548,0.9482,0.5003086013895571,0.00030860138955712824,0.16582837912490664,53.6516,8.596732951534554,41.0,53.0,68.05000000000018,0.0,0.0,0.001343597412109375,gamma,0.3,1.0,1.0,0.5,D4,100,1000,0.05,0.05,0.5,0.8,0.2,none,1,201079,5000,0.004982307898956065,0.0031342227106573,0.0,C,1.0,100,1.0,C_0239,C,5000,100
1.0,1.0,0.947,0.499958460442866,-4.153955713398494e-05,0.05452927629824927,100.0,0.0,100.0,100.0,100.0,0.0,0.0,0.001265340518951416,gamma,0.9,1.0,1.0,0.5,D2,100,1000,0.05,0.05,0.5,0.8,0.2,none,1,201080,5000,0.0,0.0031683118533376744,0.0,C,1.0,100,1.0,C_0240,C,5000,100
1.0,1.0,0.9988,0.49957003910504316,-0.00042996089495683787,0.05347464503552124,100.0146,0.47622141908990195,100.0,100.0,100.0,0.0,0.0,0.001341573429107666,gamma,0.9,1.0,1.0,0.5,D3,100,1000,0.05,0.05,0.5,0.8,0.2,none,1,201081,5000,0.0,0.0004896039215529179,0.0,C,1.0,100,1.0,C_0241,C,5000,100
0.8744,0.8744,0.9436,0.49482247463303913,-0.005177525366960867,0.15036395131497388,13.0352,2.046059862271874,10.0,13.0,17.0,0.0,0.0,0.0012507761001586913,gamma,0.9,1.0,1.0,0.5,D4,100,1000,0.05,0.05,0.5,0.8,0.2,none,1,201082,5000,0.004686675580835525,0.0032624849424939878,0.0,C,1.0,100,1.0,C_0242,C,5000,100
0.0506,0.0506,0.9494,-0.0002190830060378398,-0.0002190830060378398,0.17862617407218226,83.8338,16.634283199464893,59.0,83.0,113.0,0.0,0.0,0.00015591120719909667,normal,-0.3,1.0,1.0,0.0,D1,50,1000,0.05,0.05,0.5,0.8,0.2,none,1,301083,5000,0.0030996657884359083,0.0030996657884359074,0.0,D,0.0,50,1.0,D_0000,D,5000,50
0.049,0.049,0.951,-0.002474819093893773,-0.002474819093893773,0.15994606769523156,104.2772,18.361959594770926,76.0,103.0,136.0,0.0,0.0,0.00043591489791870117,normal,-0.3,1.0,1.0,0.0,D2,50,1000,0.05,0.05,0.5,0.8,0.2,none,1,301084,5000,0.0030528347482299137,0.0030528347482299146,0.0,D,0.0,50,1.0,D_0001,D,5000,50
0.086,0.086,0.7804,0.0010540332882621663,0.0010540332882621663,0.19898695879319098,65.4084,9.108831398154212,51.0,65.0,82.0,0.0,0.0,0.00016501660346984864,normal,-0.3,1.0,1.0,0.0,D3,50,1000,0.05,0.05,0.5,0.8,0.2,none,1,301085,5000,0.0039649464056907505,0.0058544998078401194,0.0,D,0.0,50,1.0,D_0002,D,5000,50
0.0482,0.0482,0.9518,0.0017522633270326804,0.0017522633270326804,0.16335051114879867,101.0002,19.97636102897622,70.0,99.0,135.0,0.0,0.0,0.00014853782653808593,normal,-0.3,1.0,1.0,0.0,D4,50,1000,0.05,0.05,0.5,0.8,0.2,none,1,301086,5000,0.0030290843500965763,0.003029084350096577,0.0,D,0.0,50,1.0,D_0003,D,5000,50
0.0498,0.0498,0.9502,5.777512607611772e-05,5.777512607611772e-05,0.05335174341775406,937.1642,98.0948869124176,725.0,1000.0,1000.0,0.0,0.56,8.95517349243164e-05,normal,-0.3,1.0,1.0,0.0,D5,50,1000,0.05,0.05,0.5,0.8,0.2,none,1,301087,5000,0.0030763601869742106,0.0030763601869742093,0.0,D,0.0,50,1.0,D_0004,D,5000,50
0.0478,0.0478,0.9522,0.002867647279778548,0.002867647279778548,0.17429779150845276,84.0,0.0,84.0,84.0,84.0,0.0,0.0,7.032771110534668e-05,normal,-0.3,1.0,1.0,0.0,D6,50,1000,0.05,0.05,0.5,0.8,0.2,none,1,301088,5000,0.003017123133052412,0.0030171231330524103,0.0,D,0.0,50,1.0,D_0005,D,5000,50
0.7926,0.7926,0.9512,0.4991004978667931,-0.0008995021332068864,0.17882795932136397,84.032,16.283309737273928,59.0,83.0,113.0,0.0,0.0,0.00015185832977294923,normal,-0.3,1.0,1.0,0.5,D1,50,1000,0.05,0.05,0.5,0.8,0.2,none,1,301089,5000,0.005733851061895487,0.0030469184432800286,0.0,D,1.0,50,1.0,D_0006,D,5000,50
0.8802,0.8802,0.9458,0.5010189399051554,0.001018939905155447,0.1618829428676162,104.1898,18.25657623871464,77.0,103.0,137.0,0.0,0.0,0.0003250953197479248,normal,-0.3,1.0,1.0,0.5,D2,50,1000,0.05,0.05,0.5,0.8,0.2,none,1,301090,5000,0.004592340579704428,0.003201948156981934,0.0,D,1.0,50,1.0,D_0007,D,5000,50
0.7786,0.7786,0.781,0.4960428578397927,-0.0039571421602073165,0.20171749916874232,65.2776,9.171615901246629,51.0,65.0,81.0,0.0,0.0,0.0001608630657196045,normal,-0.3,1.0,1.0,0.5,D3,50,1000,0.05,0.05,0.5,0.8,0.2,none,1,301091,5000,0.005871661434381244,0.005848743454794371,0.0,D,1.0,50,1.0,D_0008,D,5000,50
0.8562,0.8562,0.9552,0.49697213229397147,-0.003027867706028531,0.15878283142976587,101.3824,19.741777281693764,71.0,100.0,136.0,0.0,0.0,0.00015376758575439453,normal,-0.3,1.0,1.0,0.5,D4,50,1000,0.05,0.05,0.5,0.8,0.2,none,1,301092,5000,0.004962288987957071,0.0029255071355236842,0.0,D,1.0,50,1.0,D_0009,D,5000,50
1.0,1.0,0.9496,0.5010880709058153,0.0010880709058153082,0.05283328247900382,938.645,95.58206408631276,728.0,1000.0,1000.0,0.0,0.546,9.005208015441895e-05,normal,-0.3,1.0,1.0,0.5,D5,50,1000,0.05,0.05,0.5,0.8,0.2,none,1,301093,5000,0.0,0.0030938597253269257,0.0,D,1.0,50,1.0,D_0010,D,5000,50
0.8066,0.8066,0.947,0.5018196072399728,0.0018196072399727647,0.17730896004074306,84.0,0.0,84.0,84.0,84.0,0.0,0.0,6.996674537658691e-05,normal,-0.3,1.0,1.0,0.5,D6,50,1000,0.05,0.05,0.5,0.8,0.2,none,1,301094,5000,0.005585632282920172,0.0031683118533376744,0.0,D,1.0,50,1.0,D_0011,D,5000,50
0.0442,0.0442,0.9558,-0.0026096104538367013,-0.0026096104538367013,0.17370840050178918,46.3682,8.685380173602073,33.0,46.0,61.0,0.0,0.0,0.0001590683937072754,normal,0.3,1.0,1.0,0.0,D1,50,1000,0.05,0.05,0.5,0.8,0.2,none,1,301095,5000,0.0029067631482458285,0.002906763148245829,0.0,D,0.0,50,1.0,D_0012,D,5000,50
0.054,0.054,0.946,0.0019418072004242894,0.0019418072004242894,0.1569804679411846,57.9888,8.630427252459754,50.0,56.0,75.0,0.0,0.0,0.0003680050849914551,normal,0.3,1.0,1.0,0.0,D2,50,1000,0.05,0.05,0.5,0.8,0.2,none,1,301096,5000,0.003196372944448129,0.0031963729444481302,0.0,D,0.0,50,1.0,D_0013,D,5000,50
0.0176,0.0176,0.908,0.003023293665167899,0.003023293665167899,0.1450342902368961,65.327,9.141229184305578,51.0,65.0,82.0,0.0,0.0,0.00026698079109191896,normal,0.3,1.0,1.0,0.0,D3,50,1000,0.05,0.05,0.5,0.8,0.2,none,1,301097,5000,0.0018595827488982577,0.004087444189221425,0.0,D,0.0,50,1.0,D_0014,D,5000,50
0.0484,0.0484,0.9516,-0.0033309479565812425,-0.0033309479565812425,0.16128216334095904,55.509,10.851539936801597,39.0,54.0,74.0,0.0,0.0,0.00015811820030212401,normal,0.3,1.0,1.0,0.0,D4,50,1000,0.05,0.05,0.5,0.8,0.2,none,1,301098,5000,0.0030350433275325743,0.0030350433275325743,0.0,D,0.0,50,1.0,D_0015,D,5000,50
0.0504,0.0504,0.9496,0.001638198213885615,0.001638198213885615,0.051153855556219915,559.4862,114.93918309071107,383.0,553.0,761.0500000000002,0.0,0.0006,9.085502624511719e-05,normal,0.3,1.0,1.0,0.0,D5,50,1000,0.05,0.05,0.5,0.8,0.2,none,1,301099,5000,0.0030938597253269257,0.0030938597253269257,0.0,D,0.0,50,1.0,D_0016,D,5000,50
0.0518,0.0518,0.9482,-0.001366039344251552,-0.001366039344251552,0.17696929126304145,46.0,0.0,46.0,46.0,46.0,0.0,0.0,6.805176734924316e-05,normal,0.3,1.0,1.0,0.0,D6,50,1000,0.05,0.05,0.5,0.8,0.2,none,1,301100,5000,0.003134222710657301,0.0031342227106573,0.0,D,0.0,50,1.0,D_0017,D,5000,50
0.7896,0.7896,0.95,0.4981909505456746,-0.0018090494543254176,0.17816773548782003,46.4312,8.889885632560185,33.0,46.0,62.0,0.0,0.0,0.0001627540111541748,normal,0.3,1.0,1.0,0.5,D1,50,1000,0.05,0.05,0.5,0.8,0.2,none,1,301101,5000,0.0057642317788236105,0.0030822070014844896,0.0,D,1.0,50,1.0,D_0018,D,5000,50
0.8916,0.8916,0.9466,0.49815778842435177,-0.0018422115756482338,0.1568597385947591,58.021,8.687471381247827,50.0,56.0,75.0,0.0,0.0,0.00035665655136108397,normal,0.3,1.0,1.0,0.5,D2,50,1000,0.05,0.05,0.5,0.8,0.2,none,1,301102,5000,0.0043965768502324636,0.0031795735563122296,0.0,D,1.0,50,1.0,D_0019,D,5000,50
0.854,0.854,0.9022,0.5019761751593309,0.0019761751593309063,0.14694369058906603,65.5198,9.097824353107725,51.0,65.0,81.0,0.0,0.0,0.00016261096000671387,normal,0.3,1.0,1.0,0.5,D3,50,1000,0.05,0.05,0.5,0.8,0.2,none,1,301103,5000,0.00499367600070329,0.0042008370594442245,0.0,D,1.0,50,1.0,D_0020,D,5000,50
0.8644,0.8644,0.9536,0.5007908649059536,0.0007908649059535922,0.1594476214124516,55.4878,10.82958222462898,39.0,55.0,74.0,0.0,0.0,0.00015507121086120605,normal,0.3,1.0,1.0,0.5,D4,50,1000,0.05,0.05,0.5,0.8,0.2,none,1,301104,5000,0.0048417484445187784,0.0029747954551531774,0.0,D,1.0,50,1.0,D_0021,D,5000,50
1.0,1.0,0.9536,0.4986850687151285,-0.001314931284871479,0.05020044619257834,561.1136,113.06873968980109,386.95000000000005,553.0,763.0500000000002,0.0,0.0008,8.925561904907227e-05,normal,0.3,1.0,1.0,0.5,D5,50,1000,0.05,0.05,0.5,0.8,0.2,none,1,301105,5000,0.0,0.0029747954551531774,0.0,D,1.0,50,1.0,D_0022,D,5000,50
0.8008,0.8008,0.948,0.5013498944164391,0.001349894416439068,0.17468738336191705,46.0,0.0,46.0,46.0,46.0,0.0,0.0,6.779837608337403e-05,normal,0.3,1.0,1.0,0.5,D6,50,1000,0.05,0.05,0.5,0.8,0.2,none,1,301106,5000,0.005648351263864528,0.00313993630508646,0.0,D,1.0,50,1.0,D_0023,D,5000,50
0.049,0.049,0.951,-0.00021554209679062168,-0.00021554209679062168,0.14921415005302152,8.9222,1.2875353043703306,7.0,9.0,11.0,0.0,0.0,0.0001805227279663086,normal,0.9,1.0,1.0,0.0,D1,50,1000,0.05,0.05,0.5,0.8,0.2,none,1,301107,5000,0.0030528347482299137,0.0030528347482299146,0.0,D,0.0,50,1.0,D_0024,D,5000,50
0.0518,0.0518,0.9482,-0.001633960147921546,-0.001633960147921546,0.06324028917986141,50.0,0.0,50.0,50.0,50.0,0.0,0.0,0.0001871424674987793,normal,0.9,1.0,1.0,0.0,D2,50,1000,0.05,0.05,0.5,0.8,0.2,none,1,301108,5000,0.003134222710657301,0.0031342227106573,0.0,D,0.0,50,1.0,D_0025,D,5000,50
0.0,0.0,0.9998,-0.0018355522822505624,-0.0018355522822505624,0.056697295228019376,65.5058,11.207585215379806,50.0,64.5,85.0,0.0,0.0,0.00016245403289794923,normal,0.9,1.0,1.0,0.0,D3,50,1000,0.05,0.05,0.5,0.8,0.2,none,1,301109,5000,0.0,0.00019997999899988897,0.0,D,0.0,50,1.0,D_0026,D,5000,50
0.051,0.051,0.949,0.002112779642327731,0.002112779642327731,0.14328939079332084,10.2068,1.526837830288469,8.0,10.0,13.0,0.0,0.0,0.0001939908504486084,normal,0.9,1.0,1.0,0.0,D4,50,1000,0.05,0.05,0.5,0.8,0.2,none,1,301110,5000,0.003111237695837462,0.0031112376958374634,0.0,D,0.0,50,1.0,D_0027,D,5000,50
0.0538,0.0538,0.9462,-0.0005458030448004469,-0.0005458030448004469,0.05116230501743838,80.6312,16.29409667824516,55.0,79.5,109.0,0.0,0.0,0.00017011404037475586,normal,0.9,1.0,1.0,0.0,D5,50,1000,0.05,0.05,0.5,0.8,0.2,none,1,301111,5000,0.0031907854832313627,0.0031907854832313614,0.0,D,0.0,50,1.0,D_0028,D,5000,50
0.0512,0.0512,0.9488,0.005220453520897563,0.005220453520897563,0.1481652688847257,9.0,0.0,9.0,9.0,9.0,0.0,0.0,0.00010096158981323242,normal,0.9,1.0,1.0,0.0,D6,50,1000,0.05,0.05,0.5,0.8,0.2,none,1,301112,5000,0.0031170036894427955,0.0031170036894427964,0.0,D,0.0,50,1.0,D_0029,D,5000,50
0.8144,0.8144,0.9472,0.5028340760193752,0.0028340760193752423,0.15259458304026224,8.9016,1.271344736882959,7.0,9.0,11.0,0.0,0.0,0.00017520294189453126,normal,0.9,1.0,1.0,0.5,D1,50,1000,0.05,0.05,0.5,0.8,0.2,none,1,301113,5000,0.00549822953322249,0.003162662169755093,0.0,D,1.0,50,1.0,D_0030,D,5000,50
1.0,1.0,0.951,0.5000971355444317,9.713554443169237e-05,0.06357322130315915,50.0,0.0,50.0,50.0,50.0,0.0,0.0,0.00019056782722473144,normal,0.9,1.0,1.0,0.5,D2,50,1000,0.05,0.05,0.5,0.8,0.2,none,1,301114,5000,0.0,0.0030528347482299146,0.0,D,1.0,50,1.0,D_0031,D,5000,50
0.9964,0.9964,1.0,0.5002894319012506,0.00028943190125063634,0.056620804604618775,65.4604,11.398001221266824,50.0,64.0,86.0,0.0,0.0,0.00016584835052490233,normal,0.9,1.0,1.0,0.5,D3,50,1000,0.05,0.05,0.5,0.8,0.2,none,1,301115,5000,0.0008469994096810277,0.0,0.0,D,1.0,50,1.0,D_0032,D,5000,50
0.8772,0.8772,0.9456,0.5015281652727932,0.0015281652727932027,0.14319463310140168,10.1706,1.5447639431317655,8.0,10.0,13.0,0.0,0.0,0.00017293148040771483,normal,0.9,1.0,1.0,0.5,D4,50,1000,0.05,0.05,0.5,0.8,0.2,none,1,301116,5000,0.004641554911880286,0.003207511184703804,0.0,D,1.0,50,1.0,D_0033,D,5000,50
1.0,1.0,0.9532,0.4997946152371861,-0.00020538476281389828,0.049807932962765214,80.7168,16.112361644402103,56.0,79.0,109.0,0.0,0.0,9.032077789306641e-05,normal,0.9,1.0,1.0,0.5,D5,50,1000,0.05,0.05,0.5,0.8,0.2,none,1,301117,5000,0.0,0.002986963675708158,0.0,D,1.0,50,1.0,D_0034,D,5000,50
0.8354,0.8354,0.953,0.49800795045019497,-0.0019920495498050306,0.1482293649441939,9.0,0.0,9.0,9.0,9.0,0.0,0.0,7.060680389404298e-05,normal,0.9,1.0,1.0,0.5,D6,50,1000,0.05,0.05,0.5,0.8,0.2,none,1,301118,5000,0.005244174672910886,0.002993025225419928,0.0,D,1.0,50,1.0,D_0035,D,5000,50
0.0472,0.0472,0.9528,0.00086471704646099,0.00086471704646099,0.178500241480587,82.5314,21.06761054415047,54.0,80.0,120.0,0.0,0.0,0.00035897603034973146,lognormal,-0.3,1.0,1.0,0.0,D1,50,1000,0.05,0.05,0.5,0.8,0.2,none,1,301119,5000,0.0029990718564249174,0.002999071856424918,0.0,D,0.0,50,1.0,D_0036,D,5000,50
0.0552,0.0552,0.9448,-0.01030221903457219,-0.01030221903457219,0.15889423677681838,103.3788,24.3460902520302,70.0,101.0,146.0,0.0,0.0,0.0005569690704345703,lognormal,-0.3,1.0,1.0,0.0,D2,50,1000,0.05,0.05,0.5,0.8,0.2,none,1,301120,5000,0.0032296427046966045,0.0032296427046966053,0.0,D,0.0,50,1.0,D_0037,D,5000,50
0.0966,0.0966,0.763,-0.010050644298004499,-0.010050644298004499,0.20485866846406145,65.7896,14.189268192546084,50.0,63.0,91.0,0.0,0.0,0.00044243154525756834,lognormal,-0.3,1.0,1.0,0.0,D3,50,1000,0.05,0.05,0.5,0.8,0.2,none,1,301121,5000,0.004177761122898244,0.0060138340515847296,0.0,D,0.0,50,1.0,D_0038,D,5000,50
0.0472,0.0472,0.9528,-0.001635003896213544,-0.001635003896213544,0.16161240167140525,99.7322,25.65534804207497,64.95000000000002,97.0,146.0,0.0,0.0,0.00036603641510009766,lognormal,-0.3,1.0,1.0,0.0,D4,50,1000,0.05,0.05,0.5,0.8,0.2,none,1,301122,5000,0.0029990718564249174,0.002999071856424918,0.0,D,0.0,50,1.0,D_0039,D,5000,50
0.052,0.052,0.948,0.0006318352062986225,0.0006318352062986225,0.05380914899486305,908.406,121.20235791435744,657.0,984.0,1000.0,0.0,0.4734,0.0002704044818878174,lognormal,-0.3,1.0,1.0,0.0,D5,50,1000,0.05,0.05,0.5,0.8,0.2,none,1,301123,5000,0.003139936305086458,0.00313993630508646,0.0,D,0.0,50,1.0,D_0040,D,5000,50
0.049,0.049,0.951,0.0014017396169609918,0.0014017396169609918,0.1759036740997774,84.0,0.0,84.0,84.0,84.0,0.0,0.0,0.0002875932216644287,lognormal,-0.3,1.0,1.0,0.0,D6,50,1000,0.05,0.05,0.5,0.8,0.2,none,1,301124,5000,0.0030528347482299137,0.0030528347482299146,0.0,D,0.0,50,1.0,D_0041,D,5000,50
0.8052,0.8052,0.9518,0.49801025686755895,-0.0019897431324410464,0.17860638578362878,82.7914,20.68299509355451,55.0,80.0,118.0,0.0,0.0,0.00036946682929992673,lognormal,-0.3,1.0,1.0,0.5,D1,50,1000,0.05,0.05,0.5,0.8,0.2,none,1,301125,5000,0.005600945634444241,0.003029084350096577,0.0,D,1.0,50,1.0,D_0042,D,5000,50
0.871,0.871,0.9412,0.4898260606616701,-0.010173939338329885,0.16280439951820772,103.8308,24.143068805767008,70.0,101.0,147.0,0.0,0.0,0.0005347782611846923,lognormal,-0.3,1.0,1.0,0.5,D2,50,1000,0.05,0.05,0.5,0.8,0.2,none,1,301126,5000,0.004740443017271698,0.0033269373303385194,0.0,D,1.0,50,1.0,D_0043,D,5000,50
0.7612,0.7612,0.7634,0.4838407760251193,-0.016159223974880677,0.2052917802824089,65.5906,13.871805637335033,50.0,63.0,91.0,0.0,0.0,0.00044560050964355467,lognormal,-0.3,1.0,1.0,0.5,D3,50,1000,0.05,0.05,0.5,0.8,0.2,none,1,301127,5000,0.006029503462143463,0.006010331771208641,0.0,D,1.0,50,1.0,D_0044,D,5000,50
0.8588,0.8588,0.9438,0.4969996932680857,-0.003000306731914315,0.16518708726777317,100.602,26.448667187591894,65.0,97.0,146.0,0.0,0.0,0.00036276187896728515,lognormal,-0.3,1.0,1.0,0.5,D4,50,1000,0.05,0.05,0.5,0.8,0.2,none,1,301128,5000,0.004924683949249942,0.0032570403743275894,0.0,D,1.0,50,1.0,D_0045,D,5000,50
1.0,1.0,0.9468,0.4996755455820788,-0.0003244544179212272,0.0537549885406602,911.263,120.16813484031447,660.0,992.0,1000.0,0.0,0.4898,0.0002788452625274658,lognormal,-0.3,1.0,1.0,0.5,D5,50,1000,0.05,0.05,0.5,0.8,0.2,none,1,301129,5000,0.0,0.003173948959892078,0.0,D,1.0,50,1.0,D_0046,D,5000,50
0.8196,0.8196,0.9538,0.4994292264328149,-0.0005707735671851011,0.1742229336614322,84.0,0.0,84.0,84.0,84.0,0.0,0.0,0.0002836451530456543,lognormal,-0.3,1.0,1.0,0.5,D6,50,1000,0.05,0.05,0.5,0.8,0.2,none,1,301130,5000,0.005437937844440666,0.002968688599365047,0.0,D,1.0,50,1.0,D_0047,D,5000,50
0.0476,0.0476,0.9524,0.001407014713570243,0.001407014713570243,0.1760870982647243,47.7644,12.310357128856985,32.0,46.0,70.0,0.0,0.0,0.00036436614990234377,lognormal,0.3,1.0,1.0,0.0,D1,50,1000,0.05,0.05,0.5,0.8,0.2,none,1,301131,5000,0.0030111207215918795,0.0030111207215918786,0.0,D,0.0,50,1.0,D_0048,D,5000,50
0.054,0.054,0.946,-0.008227572052490258,-0.008227572052490258,0.15399531470745761,60.135,12.714856467927588,50.0,56.0,84.0,0.0,0.0,0.0005652079105377197,lognormal,0.3,1.0,1.0,0.0,D2,50,1000,0.05,0.05,0.5,0.8,0.2,none,1,301132,5000,0.003196372944448129,0.0031963729444481302,0.0,D,0.0,50,1.0,D_0049,D,5000,50
0.0292,0.0292,0.8932,-0.013366374575066061,-0.013366374575066061,0.15053682794972184,65.7982,13.64449620762892,50.0,63.0,91.0,0.0,0.0,0.0004486046314239502,lognormal,0.3,1.0,1.0,0.0,D3,50,1000,0.05,0.05,0.5,0.8,0.2,none,1,301133,5000,0.002381065307798171,0.004367923076245735,0.0,D,0.0,50,1.0,D_0050,D,5000,50
0.0504,0.0504,0.9496,0.0023765829528466583,0.0023765829528466583,0.16506210205949565,56.8914,15.712466580394052,38.0,55.0,82.0,0.0,0.0,0.00037920231819152833,lognormal,0.3,1.0,1.0,0.0,D4,50,1000,0.05,0.05,0.5,0.8,0.2,none,1,301134,5000,0.0030938597253269257,0.0030938597253269257,0.0,D,0.0,50,1.0,D_0051,D,5000,50
0.0508,0.0508,0.9492,0.0004636203410114299,0.0004636203410114299,0.050851670862606196,572.9266,142.05516397667492,374.0,553.0,845.0,0.0,0.0106,0.00031473240852355957,lognormal,0.3,1.0,1.0,0.0,D5,50,1000,0.05,0.05,0.5,0.8,0.2,none,1,301135,5000,0.0031054584202658392,0.003105458420265838,0.0,D,0.0,50,1.0,D_0052,D,5000,50
0.0506,0.0506,0.9494,0.0013452371160817198,0.0013452371160817198,0.1794375035917111,46.0,0.0,46.0,46.0,46.0,0.0,0.0,0.0002797290802001953,lognormal,0.3,1.0,1.0,0.0,D6,50,1000,0.05,0.05,0.5,0.8,0.2,none,1,301136,5000,0.0030996657884359083,0.0030996657884359074,0.0,D,0.0,50,1.0,D_0053,D,5000,50
0.8046,0.8046,0.947,0.4993238317517409,-0.0006761682482591125,0.17686344751748967,47.662,12.034656455420736,32.0,46.0,69.0,0.0,0.0,0.0003729740619659424,lognormal,0.3,1.0,1.0,0.5,D1,50,1000,0.05,0.05,0.5,0.8,0.2,none,1,301137,5000,0.005607474297756522,0.0031683118533376744,0.0,D,1.0,50,1.0,D_0054,D,5000,50
0.8872,0.8872,0.946,0.4937292702601173,-0.0062707297398826856,0.15606332099692408,60.1306,12.879656192616324,50.0,56.0,84.0,0.0,0.0,0.0005610695838928223,lognormal,0.3,1.0,1.0,0.5,D2,50,1000,0.05,0.05,0.5,0.8,0.2,none,1,301138,5000,0.0044738386202454825,0.0031963729444481302,0.0,D,1.0,50,1.0,D_0055,D,5000,50
0.8358,0.8358,0.8898,0.49000239738370854,-0.009997602616291457,0.15203957618132163,65.7968,14.10694544400027,50.0,63.0,91.0,0.0,0.0,0.00045528321266174315,lognormal,0.3,1.0,1.0,0.5,D3,50,1000,0.05,0.05,0.5,0.8,0.2,none,1,301139,5000,0.005239052586107531,0.004428452551399867,0.0,D,1.0,50,1.0,D_0056,D,5000,50
0.8654,0.8654,0.9482,0.5030516132383093,0.0030516132383092698,0.1640261366577324,57.281,14.800568874202098,38.0,55.0,84.0,0.0,0.0,0.00036538147926330565,lognormal,0.3,1.0,1.0,0.5,D4,50,1000,0.05,0.05,0.5,0.8,0.2,none,1,301140,5000,0.0048266518415978595,0.0031342227106573,0.0,D,1.0,50,1.0,D_0057,D,5000,50
1.0,1.0,0.9484,0.5006167957867251,0.0006167957867251328,0.051526327460839606,575.7664,145.536980286936,369.0,559.0,852.0,0.0,0.0172,0.00030020861625671384,lognormal,0.3,1.0,1.0,0.5,D5,50,1000,0.05,0.05,0.5,0.8,0.2,none,1,301141,5000,0.0,0.003128496124338337,0.0,D,1.0,50,1.0,D_0058,D,5000,50
0.8088,0.8088,0.9438,0.5019636397000448,0.0019636397000447614,0.1791968707529105,46.0,0.0,46.0,46.0,46.0,0.0,0.0,0.00027662386894226074,lognormal,0.3,1.0,1.0,0.5,D6,50,1000,0.05,0.05,0.5,0.8,0.2,none,1,301142,5000,0.005561340845515585,0.0032570403743275894,0.0,D,1.0,50,1.0,D_0059,D,5000,50
0.0548,0.0548,0.9452,-0.0008499304916372935,-0.0008499304916372935,0.16481771278708002,12.434,3.876137768449414,9.0,12.0,19.0,0.0,0.0,0.0003861940860748291,lognormal,0.9,1.0,1.0,0.0,D1,50,1000,0.05,0.05,0.5,0.8,0.2,none,1,301143,5000,0.003218600938296017,0.003218600938296016,0.0,D,0.0,50,1.0,D_0060,D,5000,50
0.0526,0.0526,0.9474,-0.001481660976701164,-0.001481660976701164,0.07771836153818212,50.0214,0.8665691201514163,50.0,50.0,50.0,0.0,0.0,0.00045128707885742187,lognormal,0.9,1.0,1.0,0.0,D2,50,1000,0.05,0.05,0.5,0.8,0.2,none,1,301144,5000,0.003156999841621789,0.0031569998416217885,0.0,D,0.0,50,1.0,D_0061,D,5000,50
0.0,0.0,0.999,-0.007631411018130028,-0.007631411018130028,0.06839586095575925,66.0952,15.669771439303126,50.0,63.0,96.0,0.0,0.0,0.0004306081295013428,lognormal,0.9,1.0,1.0,0.0,D3,50,1000,0.05,0.05,0.5,0.8,0.2,none,1,301145,5000,0.0,0.0004469899327725404,0.0,D,0.0,50,1.0,D_0062,D,5000,50
0.0506,0.0506,0.9494,-0.0009902279827609718,-0.0009902279827609718,0.15161822622792906,14.4784,5.241901700718929,10.0,13.0,23.0,0.0,0.0,0.0004039127826690674,lognormal,0.9,1.0,1.0,0.0,D4,50,1000,0.05,0.05,0.5,0.8,0.2,none,1,301146,5000,0.0030996657884359083,0.0030996657884359074,0.0,D,0.0,50,1.0,D_0063,D,5000,50
0.0468,0.0468,0.9532,-0.0017222913555681985,-0.0017222913555681985,0.05132380769063195,124.5162,49.596848060738694,74.0,114.0,206.0,0.0,0.0002,0.00030138678550720215,lognormal,0.9,1.0,1.0,0.0,D5,50,1000,0.05,0.05,0.5,0.8,0.2,none,1,301147,5000,0.0029869636757081596,0.002986963675708158,0.0,D,0.0,50,1.0,D_0064,D,5000,50
0.0486,0.0486,0.9514,0.0014185787034262929,0.0014185787034262929,0.18541781364548782,9.0,0.0,9.0,9.0,9.0,0.0,0.0,0.00027601423263549804,lognormal,0.9,1.0,1.0,0.0,D6,50,1000,0.05,0.05,0.5,0.8,0.2,none,1,301148,5000,0.0030409879973455995,0.003040987997345599,0.0,D,0.0,50,1.0,D_0065,D,5000,50
0.8326,0.8326,0.9492,0.5026846484842108,0.0026846484842107943,0.1627263790366133,12.301,3.689119000520314,8.0,12.0,19.0,0.0,0.0,0.0003767359733581543,lognormal,0.9,1.0,1.0,0.5,D1,50,1000,0.05,0.05,0.5,0.8,0.2,none,1,301149,5000,0.005279720447144905,0.003105458420265838,0.0,D,1.0,50,1.0,D_0066,D,5000,50
1.0,1.0,0.9444,0.5005658823770118,0.0005658823770118282,0.08022147171676215,50.0166,0.5999370300289856,50.0,50.0,50.0,0.0,0.0,0.0004779010772705078,lognormal,0.9,1.0,1.0,0.5,D2,50,1000,0.05,0.05,0.5,0.8,0.2,none,1,301150,5000,0.0,0.003240636974423392,0.0,D,1.0,50,1.0,D_0067,D,5000,50
0.988,0.988,0.9992,0.4925532674115282,-0.007446732588471783,0.06893214481070242,65.9756,15.301928134715574,50.0,63.0,95.0,0.0,0.0,0.00038776865005493163,lognormal,0.9,1.0,1.0,0.5,D3,50,1000,0.05,0.05,0.5,0.8,0.2,none,1,301151,5000,0.0015398701243936133,0.0003998399679871993,0.0,D,1.0,50,1.0,D_0068,D,5000,50
0.8836,0.8836,0.9472,0.4992482938093164,-0.0007517061906835987,0.15295881055819088,14.4618,5.081037370458911,10.0,13.0,22.0,0.0,0.0,0.0004389946937561035,lognormal,0.9,1.0,1.0,0.5,D4,50,1000,0.05,0.05,0.5,0.8,0.2,none,1,301152,5000,0.004535439118762371,0.003162662169755093,0.0,D,1.0,50,1.0,D_0069,D,5000,50
1.0,1.0,0.951,0.49992140488895564,-7.859511104435501e-05,0.05258325333949741,125.7784,51.974679349083054,75.0,115.0,207.0,0.0,0.0,0.0002760671138763428,lognormal,0.9,1.0,1.0,0.5,D5,50,1000,0.05,0.05,0.5,0.8,0.2,none,1,301153,5000,0.0,0.0030528347482299146,0.0,D,1.0,50,1.0,D_0070,D,5000,50
0.6902,0.6902,0.9524,0.49782702249217475,-0.0021729775078252467,0.18501551567289024,9.0,0.0,9.0,9.0,9.0,0.0,0.0,0.00022457122802734374,lognormal,0.9,1.0,1.0,0.5,D6,50,1000,0.05,0.05,0.5,0.8,0.2,none,1,301154,5000,0.0065394794899900095,0.0030111207215918786,0.0,D,1.0,50,1.0,D_0071,D,5000,50
0.0526,0.0526,0.9474,-0.00196334758064702,-0.00196334758064702,0.18268410359905415,83.1808,18.916207636838838,55.0,81.0,117.0,0.0,0.0,0.0011954948902130128,gamma,-0.3,1.0,1.0,0.0,D1,50,1000,0.05,0.05,0.5,0.8,0.2,none,1,301155,5000,0.003156999841621789,0.0031569998416217885,0.0,D,0.0,50,1.0,D_0072,D,5000,50
0.055,0.055,0.945,-0.004748406858802437,-0.004748406858802437,0.16110337625945292,103.507,21.29700333380262,72.0,101.0,141.0,0.0,0.0,0.001481408643722534,gamma,-0.3,1.0,1.0,0.0,D2,50,1000,0.05,0.05,0.5,0.8,0.2,none,1,301156,5000,0.0032241277890307017,0.003224127789030703,0.0,D,0.0,50,1.0,D_0073,D,5000,50
0.0902,0.0902,0.7808,-0.008826811839829357,-0.008826811839829357,0.1995094026733567,65.6536,11.902655461702654,50.0,64.0,87.05000000000018,0.0,0.0,0.00127234206199646,gamma,-0.3,1.0,1.0,0.0,D3,50,1000,0.05,0.05,0.5,0.8,0.2,none,1,301157,5000,0.004051270418029386,0.005850664235794086,0.0,D,0.0,50,1.0,D_0074,D,5000,50
0.051,0.051,0.949,-0.0001038203368520084,-0.0001038203368520084,0.16577627948034207,100.3042,23.05123993107529,67.0,98.0,142.0,0.0,0.0,0.0011864331245422363,gamma,-0.3,1.0,1.0,0.0,D4,50,1000,0.05,0.05,0.5,0.8,0.2,none,1,301158,5000,0.003111237695837462,0.0031112376958374634,0.0,D,0.0,50,1.0,D_0075,D,5000,50
0.0478,0.0478,0.9522,0.001055198070952167,0.001055198070952167,0.05285729491269679,919.6328,114.86908706941134,678.95,1000.0,1000.0,0.0,0.5082,0.0012024991512298584,gamma,-0.3,1.0,1.0,0.0,D5,50,1000,0.05,0.05,0.5,0.8,0.2,none,1,301159,5000,0.003017123133052412,0.0030171231330524103,0.0,D,0.0,50,1.0,D_0076,D,5000,50
0.0494,0.0494,0.9506,-0.006188421933283287,-0.006188421933283287,0.1747773561505354,84.0,0.0,84.0,84.0,84.0,0.0,0.0,0.0011135241031646728,gamma,-0.3,1.0,1.0,0.0,D6,50,1000,0.05,0.05,0.5,0.8,0.2,none,1,301160,5000,0.003064625262572897,0.003064625262572897,0.0,D,0.0,50,1.0,D_0077,D,5000,50
0.7998,0.7998,0.948,0.5000517591604234,5.175916042343687e-05,0.18156480165658098,83.1298,18.8438253006124,56.0,81.0,117.0,0.0,0.0,0.0012538034915924071,gamma,-0.3,1.0,1.0,0.5,D1,50,1000,0.05,0.05,0.5,0.8,0.2,none,1,301161,5000,0.005658974465395652,0.00313993630508646,0.0,D,1.0,50,1.0,D_0078,D,5000,50
0.8648,0.8648,0.9508,0.4885179538413263,-0.011482046158673709,0.15924091143642752,103.8586,21.445936818894154,72.0,102.0,143.0,0.0,0.0,0.001362169885635376,gamma,-0.3,1.0,1.0,0.5,D2,50,1000,0.05,0.05,0.5,0.8,0.2,none,1,301162,5000,0.00483572042202607,0.0030587369942510594,0.0,D,1.0,50,1.0,D_0079,D,5000,50
0.7704,0.7704,0.7798,0.4902497723532122,-0.00975022764678779,0.19795329587347105,65.4082,11.542494217455774,50.0,64.0,86.05000000000018,0.0,0.0,0.0012790439128875732,gamma,-0.3,1.0,1.0,0.5,D3,50,1000,0.05,0.05,0.5,0.8,0.2,none,1,301163,5000,0.005947837253994094,0.0058602382204139105,0.0,D,1.0,50,1.0,D_0080,D,5000,50
0.865,0.865,0.9516,0.49712950534799877,-0.002870494652001232,0.16288863898372746,100.032,23.1604873869269,67.0,97.0,142.0,0.0,0.0,0.0011831181526184083,gamma,-0.3,1.0,1.0,0.5,D4,50,1000,0.05,0.05,0.5,0.8,0.2,none,1,301164,5000,0.004832701108076104,0.0030350433275325743,0.0,D,1.0,50,1.0,D_0081,D,5000,50
1.0,1.0,0.9504,0.5009850032616576,0.0009850032616576243,0.05312513691047355,918.0004,114.04524540654907,680.0,998.0,1000.0,0.0,0.4966,0.0012044498920440673,gamma,-0.3,1.0,1.0,0.5,D5,50,1000,0.05,0.05,0.5,0.8,0.2,none,1,301165,5000,0.0,0.0030704996336101387,0.0,D,1.0,50,1.0,D_0082,D,5000,50
0.8256,0.8256,0.9502,0.5041837137497267,0.004183713749726703,0.17543397860572787,84.0,0.0,84.0,84.0,84.0,0.0,0.0,0.001111241388320923,gamma,-0.3,1.0,1.0,0.5,D6,50,1000,0.05,0.05,0.5,0.8,0.2,none,1,301166,5000,0.005366276921665523,0.0030763601869742093,0.0,D,1.0,50,1.0,D_0083,D,5000,50
0.048,0.048,0.952,-0.0012058963582868695,-0.0012058963582868695,0.17818041948720711,47.3572,10.492531065477003,32.0,46.0,66.0,0.0,0.0,0.0012756791591644286,gamma,0.3,1.0,1.0,0.0,D1,50,1000,0.05,0.05,0.5,0.8,0.2,none,1,301167,5000,0.0030231109804305894,0.0030231109804305907,0.0,D,0.0,50,1.0,D_0084,D,5000,50
0.0568,0.0568,0.9432,-0.008837780773125829,-0.008837780773125829,0.15805630604640464,59.4466,10.62122160770596,50.0,56.0,80.0,0.0,0.0,0.0014271039485931397,gamma,0.3,1.0,1.0,0.0,D2,50,1000,0.05,0.05,0.5,0.8,0.2,none,1,301168,5000,0.0032733395790843335,0.0032733395790843322,0.0,D,0.0,50,1.0,D_0085,D,5000,50
0.0252,0.0252,0.894,-0.006539046818558359,-0.006539046818558359,0.1504304590655809,65.7184,11.675628524409296,50.0,64.0,87.0,0.0,0.0,0.0012182851314544677,gamma,0.3,1.0,1.0,0.0,D3,50,1000,0.05,0.05,0.5,0.8,0.2,none,1,301169,5000,0.0022165270131446627,0.0043534813655280525,0.0,D,0.0,50,1.0,D_0086,D,5000,50
0.0548,0.0548,0.9452,0.0011090964499612937,0.0011090964499612937,0.16361599943987612,56.66,12.722814154109145,38.0,55.0,79.0,0.0,0.0,0.0012810399055480958,gamma,0.3,1.0,1.0,0.0,D4,50,1000,0.05,0.05,0.5,0.8,0.2,none,1,301170,5000,0.003218600938296017,0.003218600938296016,0.0,D,0.0,50,1.0,D_0087,D,5000,50
0.054,0.054,0.946,0.00094700593665147,0.00094700593665147,0.05223834836657813,572.655,134.99736580763346,374.0,560.0,820.0500000000002,0.0,0.006,0.0011153943538665771,gamma,0.3,1.0,1.0,0.0,D5,50,1000,0.05,0.05,0.5,0.8,0.2,none,1,301171,5000,0.003196372944448129,0.0031963729444481302,0.0,D,0.0,50,1.0,D_0088,D,5000,50
0.0528,0.0528,0.9472,-0.0016440163847523685,-0.0016440163847523685,0.17790855759506602,46.0,0.0,46.0,46.0,46.0,0.0,0.0,0.0011848533153533936,gamma,0.3,1.0,1.0,0.0,D6,50,1000,0.05,0.05,0.5,0.8,0.2,none,1,301172,5000,0.003162662169755094,0.003162662169755093,0.0,D,0.0,50,1.0,D_0089,D,5000,50
0.8064,0.8064,0.946,0.5001714856284528,0.00017148562845281656,0.17842109379131796,47.4156,10.72779924495234,32.0,46.0,67.0,0.0,0.0,0.0011970077991485595,gamma,0.3,1.0,1.0,0.5,D1,50,1000,0.05,0.05,0.5,0.8,0.2,none,1,301173,5000,0.005587826768968416,0.0031963729444481302,0.0,D,1.0,50,1.0,D_0090,D,5000,50
0.8928,0.8928,0.9478,0.4934704288954664,-0.006529571104533616,0.15557014519780166,59.7816,10.892525025906528,50.0,57.0,81.0,0.0,0.0,0.00145991153717041,gamma,0.3,1.0,1.0,0.5,D2,50,1000,0.05,0.05,0.5,0.8,0.2,none,1,301174,5000,0.004375115084200643,0.003145636978419475,0.0,D,1.0,50,1.0,D_0091,D,5000,50
0.8416,0.8416,0.9008,0.48959513557768153,-0.010404864422318472,0.14777164154829253,65.3818,11.48902209763738,50.0,64.0,86.0,0.0,0.0,0.0012004942417144775,gamma,0.3,1.0,1.0,0.5,D3,50,1000,0.05,0.05,0.5,0.8,0.2,none,1,301175,5000,0.005163515081802318,0.004227513690102019,0.0,D,1.0,50,1.0,D_0092,D,5000,50
0.8698,0.8698,0.9522,0.497155391563226,-0.0028446084367739766,0.1608746554623514,57.2012,13.014127652670386,38.0,56.0,80.0,0.0,0.0,0.0012724089622497558,gamma,0.3,1.0,1.0,0.5,D4,50,1000,0.05,0.05,0.5,0.8,0.2,none,1,301176,5000,0.0047591587491908685,0.0030171231330524103,0.0,D,1.0,50,1.0,D_0093,D,5000,50
1.0,1.0,0.9544,0.5000863400234171,8.634002341711966e-05,0.05052303635315095,572.2994,134.30082114283593,377.0,558.0,819.0,0.0,0.0066,0.0011244593620300294,gamma,0.3,1.0,1.0,0.5,D5,50,1000,0.05,0.05,0.5,0.8,0.2,none,1,301177,5000,0.0,0.002950275919299752,0.0,D,1.0,50,1.0,D_0094,D,5000,50
0.8108,0.8108,0.9456,0.5049237558782103,0.004923755878210256,0.17897799202930123,46.0,0.0,46.0,46.0,46.0,0.0,0.0,0.0011763460159301758,gamma,0.3,1.0,1.0,0.5,D6,50,1000,0.05,0.05,0.5,0.8,0.2,none,1,301178,5000,0.0055390136306024745,0.003207511184703804,0.0,D,1.0,50,1.0,D_0095,D,5000,50
0.0508,0.0508,0.9492,0.0016123127180428369,0.0016123127180428369,0.16080060840895183,11.8084,2.6148211105159755,8.0,11.0,17.0,0.0,0.0,0.0012034717082977295,gamma,0.9,1.0,1.0,0.0,D1,50,1000,0.05,0.05,0.5,0.8,0.2,none,1,301179,5000,0.0031054584202658392,0.003105458420265838,0.0,D,0.0,50,1.0,D_0096,D,5000,50
0.0486,0.0486,0.9514,0.0012733114488214861,0.0012733114488214861,0.07662444848684584,50.0,0.0,50.0,50.0,50.0,0.0,0.0,0.0012760678291320801,gamma,0.9,1.0,1.0,0.0,D2,50,1000,0.05,0.05,0.5,0.8,0.2,none,1,301180,5000,0.0030409879973455995,0.003040987997345599,0.0,D,0.0,50,1.0,D_0097,D,5000,50
0.0,0.0,0.9988,-0.007118266706193501,-0.007118266706193501,0.06745377660677124,65.7616,13.806605862412383,50.0,63.0,91.0,0.0,0.0,0.0011986218929290772,gamma,0.9,1.0,1.0,0.0,D3,50,1000,0.05,0.05,0.5,0.8,0.2,none,1,301181,5000,0.0,0.0004896039215529179,0.0,D,0.0,50,1.0,D_0098,D,5000,50
0.0506,0.0506,0.9494,-0.0002898881812653975,-0.0002898881812653975,0.1505073595918942,13.6496,3.101615682188881,10.0,13.0,19.0,0.0,0.0,0.001239817237854004,gamma,0.9,1.0,1.0,0.0,D4,50,1000,0.05,0.05,0.5,0.8,0.2,none,1,301182,5000,0.0030996657884359083,0.0030996657884359074,0.0,D,0.0,50,1.0,D_0099,D,5000,50
0.0542,0.0542,0.9458,0.0002615393111766101,0.0002615393111766101,0.052272927722588854,117.7642,32.28472391642834,76.0,113.0,178.0,0.0,0.0,0.001168620491027832,gamma,0.9,1.0,1.0,0.0,D5,50,1000,0.05,0.05,0.5,0.8,0.2,none,1,301183,5000,0.0032019481569819336,0.003201948156981934,0.0,D,0.0,50,1.0,D_0100,D,5000,50
0.0522,0.0522,0.9478,-0.0005176339282262411,-0.0005176339282262411,0.18145652138812773,9.0,0.0,9.0,9.0,9.0,0.0,0.0,0.0011372182846069337,gamma,0.9,1.0,1.0,0.0,D6,50,1000,0.05,0.05,0.5,0.8,0.2,none,1,301184,5000,0.003145636978419474,0.003145636978419475,0.0,D,0.0,50,1.0,D_0101,D,5000,50
0.8236,0.8236,0.9494,0.4981305823928244,-0.0018694176071756274,0.16098749378943403,11.8304,2.6398552687600128,8.0,11.0,16.0,0.0,0.0,0.0012808002471923828,gamma,0.9,1.0,1.0,0.5,D1,50,1000,0.05,0.05,0.5,0.8,0.2,none,1,301185,5000,0.005390418165597174,0.0030996657884359074,0.0,D,1.0,50,1.0,D_0102,D,5000,50
1.0,1.0,0.948,0.49823854962364383,-0.0017614503763561662,0.07729110189479299,50.0,0.0,50.0,50.0,50.0,0.0,0.0,0.0012184064865112304,gamma,0.9,1.0,1.0,0.5,D2,50,1000,0.05,0.05,0.5,0.8,0.2,none,1,301186,5000,0.0,0.00313993630508646,0.0,D,1.0,50,1.0,D_0103,D,5000,50
0.9854,0.9854,0.998,0.49350343471650693,-0.006496565283493072,0.06718789978166646,65.6732,13.431545025052033,50.0,63.0,91.0,0.0,0.0,0.0012757887840270997,gamma,0.9,1.0,1.0,0.5,D3,50,1000,0.05,0.05,0.5,0.8,0.2,none,1,301187,5000,0.0016962806371588369,0.0006318227599572528,0.0,D,1.0,50,1.0,D_0104,D,5000,50
0.8866,0.8866,0.9496,0.49794963926454766,-0.002050360735452339,0.15002892958539019,13.739,3.187613370532882,10.0,13.0,19.0,0.0,0.0,0.0011846055030822753,gamma,0.9,1.0,1.0,0.5,D4,50,1000,0.05,0.05,0.5,0.8,0.2,none,1,301188,5000,0.004484204277238046,0.0030938597253269257,0.0,D,1.0,50,1.0,D_0105,D,5000,50
1.0,1.0,0.9502,0.5000221794073183,2.217940731830126e-05,0.05152034691206523,118.7812,33.28004396872095,75.0,114.0,178.0,0.0,0.0,0.0011725775241851807,gamma,0.9,1.0,1.0,0.5,D5,50,1000,0.05,0.05,0.5,0.8,0.2,none,1,301189,5000,0.0,0.0030763601869742093,0.0,D,1.0,50,1.0,D_0106,D,5000,50
0.7174,0.7174,0.9508,0.5030924479771979,0.0030924479771978763,0.18053067361729744,9.0,0.0,9.0,9.0,9.0,0.0,0.0,0.0010700414180755615,gamma,0.9,1.0,1.0,0.5,D6,50,1000,0.05,0.05,0.5,0.8,0.2,none,1,301190,5000,0.006367687806417647,0.0030587369942510594,0.0,D,1.0,50,1.0,D_0107,D,5000,50
0.0528,0.0528,0.9472,0.0012017564773494922,0.0012017564773494922,0.181415712990081,197.1794,39.00490758404639,137.95000000000002,194.0,265.0,0.0,0.0,0.0001475956916809082,normal,-0.3,2.0,1.0,0.0,D1,50,1000,0.05,0.05,0.5,0.8,0.2,none,1,301191,5000,0.003162662169755094,0.003162662169755093,0.0,D,0.0,50,2.0,D_0108,D,5000,50
0.0486,0.0486,0.9514,0.003009650574315042,0.003009650574315042,0.15924479444108713,244.3198,40.15334516525367,190.0,237.0,320.0,0.0,0.0,0.00030745172500610353,normal,-0.3,2.0,1.0,0.0,D2,50,1000,0.05,0.05,0.5,0.8,0.2,none,1,301192,5000,0.0030409879973455995,0.003040987997345599,0.0,D,0.0,50,2.0,D_0109,D,5000,50
0.0784,0.0784,0.7824,-0.0009125007197391291,-0.0009125007197391291,0.201967067827312,159.015,27.126510557017834,118.0,157.0,206.0,0.0,0.0,0.00015141792297363282,normal,-0.3,2.0,1.0,0.0,D3,50,1000,0.05,0.05,0.5,0.8,0.2,none,1,301193,5000,0.0038014060556588796,0.005835241897299545,0.0,D,0.0,50,2.0,D_0110,D,5000,50
0.0432,0.0432,0.9568,0.0028348378824198223,0.0028348378824198223,0.16042266938575855,237.4758,47.67110041062614,165.0,235.0,320.0500000000002,0.0,0.0,0.00019443159103393553,normal,-0.3,2.0,1.0,0.0,D4,50,1000,0.05,0.05,0.5,0.8,0.2,none,1,301194,5000,0.002875195993319412,0.0028751959933194125,0.0,D,0.0,50,2.0,D_0111,D,5000,50
0.0484,0.0484,0.9516,0.0019193215164414524,0.0019193215164414524,0.07779091959465778,999.9768,1.6403236753762955,1000.0,1000.0,1000.0,0.0,0.9998,0.000154042387008667,normal,-0.3,2.0,1.0,0.0,D5,50,1000,0.05,0.05,0.5,0.8,0.2,none,1,301195,5000,0.0030350433275325743,0.0030350433275325743,0.0,D,0.0,50,2.0,D_0112,D,5000,50
0.0546,0.0546,0.9454,0.0019286723076941505,0.0019286723076941505,0.17895910751004954,197.0,0.0,197.0,197.0,197.0,0.0,0.0,7.515172958374024e-05,normal,-0.3,2.0,1.0,0.0,D6,50,1000,0.05,0.05,0.5,0.8,0.2,none,1,301196,5000,0.003213062090903318,0.003213062090903317,0.0,D,0.0,50,2.0,D_0113,D,5000,50
0.783,0.783,0.9536,0.49706779761556935,-0.002932202384430649,0.1789616257356333,196.5612,39.304277815016526,137.0,194.0,266.0,0.0,0.0,0.00014412598609924316,normal,-0.3,2.0,1.0,0.5,D1,50,1000,0.05,0.05,0.5,0.8,0.2,none,1,301197,5000,0.005829425357614591,0.0029747954551531774,0.0,D,1.0,50,2.0,D_0114,D,5000,50
0.882,0.882,0.9506,0.5024290034680232,0.0024290034680232164,0.15947339516269668,245.1836,39.658737890154796,192.0,238.0,322.0,0.0,0.0,0.00031463298797607423,normal,-0.3,2.0,1.0,0.5,D2,50,1000,0.05,0.05,0.5,0.8,0.2,none,1,301198,5000,0.004562367806304091,0.003064625262572897,0.0,D,1.0,50,2.0,D_0115,D,5000,50
0.7684,0.7684,0.7848,0.4996669988902236,-0.0003330011097764096,0.19937407023853168,159.354,26.440769353405738,119.0,158.0,204.0,0.0,0.0,0.00015570836067199708,normal,-0.3,2.0,1.0,0.5,D3,50,1000,0.05,0.05,0.5,0.8,0.2,none,1,301199,5000,0.005965927253998325,0.005811866481604683,0.0,D,1.0,50,2.0,D_0116,D,5000,50
0.8494,0.8494,0.9492,0.5018456923489781,0.001845692348978134,0.16653107118810495,237.0434,48.03441595814401,164.0,233.0,322.0,0.0,0.0,0.00014640388488769532,normal,-0.3,2.0,1.0,0.5,D4,50,1000,0.05,0.05,0.5,0.8,0.2,none,1,301200,5000,0.005058055752954884,0.003105458420265838,0.0,D,1.0,50,2.0,D_0117,D,5000,50
1.0,1.0,0.9464,0.49991445903156256,-8.554096843743642e-05,0.07996758498152944,1000.0,0.0,1000.0,1000.0,1000.0,0.0,1.0,9.039998054504395e-05,normal,-0.3,2.0,1.0,0.5,D5,50,1000,0.05,0.05,0.5,0.8,0.2,none,1,301201,5000,0.0,0.0031851857088716186,0.0,D,1.0,50,2.0,D_0118,D,5000,50
0.8,0.8,0.9466,0.501923341146156,0.001923341146155999,0.17901154376864747,197.0,0.0,197.0,197.0,197.0,0.0,0.0,7.285099029541015e-05,normal,-0.3,2.0,1.0,0.5,D6,50,1000,0.05,0.05,0.5,0.8,0.2,none,1,301202,5000,0.005656854249492379,0.0031795735563122296,0.0,D,1.0,50,2.0,D_0119,D,5000,50
0.0496,0.0496,0.9504,0.002075199903299476,0.002075199903299476,0.17873177521504693,120.7438,24.038073166541448,84.0,119.0,163.0,0.0,0.0,0.00014660282135009765,normal,0.3,2.0,1.0,0.0,D1,50,1000,0.05,0.05,0.5,0.8,0.2,none,1,301203,5000,0.0030704996336101396,0.0030704996336101387,0.0,D,0.0,50,2.0,D_0120,D,5000,50
0.0574,0.0574,0.9426,-0.004004741585978437,-0.004004741585978437,0.16327351708755491,151.3352,25.700810122640107,114.0,148.0,198.0,0.0,0.0,0.0003213336944580078,normal,0.3,2.0,1.0,0.0,D2,50,1000,0.05,0.05,0.5,0.8,0.2,none,1,301204,5000,0.0032895361375124,0.0032895361375124004,0.0,D,0.0,50,2.0,D_0121,D,5000,50
0.027,0.027,0.8872,0.003379535450798021,0.003379535450798021,0.15645102272634726,159.7818,26.66461679379623,120.0,157.0,206.0,0.0,0.0,0.00015549421310424806,normal,0.3,2.0,1.0,0.0,D3,50,1000,0.05,0.05,0.5,0.8,0.2,none,1,301205,5000,0.002292204179387168,0.0044738386202454825,0.0,D,0.0,50,2.0,D_0122,D,5000,50
0.0548,0.0548,0.9452,0.0020620296373594573,0.0020620296373594573,0.16653857728639937,146.1556,28.50908256398301,102.0,144.0,196.0,0.0,0.0,0.00014550971984863282,normal,0.3,2.0,1.0,0.0,D4,50,1000,0.05,0.05,0.5,0.8,0.2,none,1,301206,5000,0.003218600938296017,0.003218600938296016,0.0,D,0.0,50,2.0,D_0123,D,5000,50
0.048,0.048,0.952,0.001419104411130868,0.001419104411130868,0.06098578080754541,997.4996,18.891648944441034,1000.0,1000.0,1000.0,0.0,0.9706,9.29245948791504e-05,normal,0.3,2.0,1.0,0.0,D5,50,1000,0.05,0.05,0.5,0.8,0.2,none,1,301207,5000,0.0030231109804305894,0.0030231109804305907,0.0,D,0.0,50,2.0,D_0124,D,5000,50
0.0494,0.0494,0.9506,-0.0005133124397603133,-0.0005133124397603133,0.1773385581256967,122.0,0.0,122.0,122.0,122.0,0.0,0.0,6.88723087310791e-05,normal,0.3,2.0,1.0,0.0,D6,50,1000,0.05,0.05,0.5,0.8,0.2,none,1,301208,5000,0.003064625262572897,0.003064625262572897,0.0,D,0.0,50,2.0,D_0125,D,5000,50
0.7816,0.7816,0.9494,0.4963171789845961,-0.003682821015403903,0.17925669478829478,121.3916,24.02395990339644,85.0,120.0,164.0,0.0,0.0,0.00018413310050964356,normal,0.3,2.0,1.0,0.5,D1,50,1000,0.05,0.05,0.5,0.8,0.2,none,1,301209,5000,0.005842969108253098,0.0030996657884359074,0.0,D,1.0,50,2.0,D_0126,D,5000,50
0.8842,0.8842,0.9462,0.501840766566578,0.001840766566577945,0.1609399392896784,150.8618,24.65050710959107,116.0,148.0,196.0,0.0,0.0,0.00037633399963378906,normal,0.3,2.0,1.0,0.5,D2,50,1000,0.05,0.05,0.5,0.8,0.2,none,1,301210,5000,0.004525270378662473,0.0031907854832313614,0.0,D,1.0,50,2.0,D_0127,D,5000,50
0.833,0.833,0.889,0.49709816842298915,-0.0029018315770108494,0.15627791331059646,160.4214,26.901758716485432,119.0,159.0,207.0,0.0,0.0,0.00014878273010253905,normal,0.3,2.0,1.0,0.5,D3,50,1000,0.05,0.05,0.5,0.8,0.2,none,1,301211,5000,0.005274675345459662,0.004442499296567193,0.0,D,1.0,50,2.0,D_0128,D,5000,50
0.8566,0.8566,0.9478,0.50114166611095,0.0011416661109500126,0.1646659883498301,146.5102,28.710713957684856,103.0,145.0,198.0,0.0,0.0,0.00014425525665283202,normal,0.3,2.0,1.0,0.5,D4,50,1000,0.05,0.05,0.5,0.8,0.2,none,1,301212,5000,0.004956539922163444,0.003145636978419475,0.0,D,1.0,50,2.0,D_0129,D,5000,50
1.0,1.0,0.9502,0.4996513956607274,-0.0003486043392725846,0.061450009471876586,997.6134,18.824779957279713,1000.0,1000.0,1000.0,0.0,0.9726,9.084692001342774e-05,normal,0.3,2.0,1.0,0.5,D5,50,1000,0.05,0.05,0.5,0.8,0.2,none,1,301213,5000,0.0,0.0030763601869742093,0.0,D,1.0,50,2.0,D_0130,D,5000,50
0.7984,0.7984,0.9508,0.4982734456468892,-0.0017265543531108096,0.1755024765118356,122.0,0.0,122.0,122.0,122.0,0.0,0.0,7.008085250854492e-05,normal,0.3,2.0,1.0,0.5,D6,50,1000,0.05,0.05,0.5,0.8,0.2,none,1,301214,5000,0.005673754312622287,0.0030587369942510594,0.0,D,1.0,50,2.0,D_0131,D,5000,50
0.0544,0.0544,0.9456,-0.0037559875158075114,-0.0037559875158075114,0.1805653385539475,46.3738,8.954846372774913,33.0,46.0,62.0,0.0,0.0,0.0001632117748260498,normal,0.9,2.0,1.0,0.0,D1,50,1000,0.05,0.05,0.5,0.8,0.2,none,1,301215,5000,0.0032075111847038036,0.003207511184703804,0.0,D,0.0,50,2.0,D_0132,D,5000,50
0.0558,0.0558,0.9442,0.0008769575151911642,0.0008769575151911642,0.1602495061892938,58.0722,8.889442454957454,50.0,55.0,76.0,0.0,0.0,0.0003511817932128906,normal,0.9,2.0,1.0,0.0,D2,50,1000,0.05,0.05,0.5,0.8,0.2,none,1,301216,5000,0.003246116448927857,0.0032461164489278557,0.0,D,0.0,50,2.0,D_0133,D,5000,50
0.0004,0.0004,0.9914,-0.0012728663300447586,-0.0012728663300447586,0.09525418679490777,159.5256,30.712267005872427,113.0,157.0,213.0,0.0,0.0,0.00014901843070983886,normal,0.9,2.0,1.0,0.0,D3,50,1000,0.05,0.05,0.5,0.8,0.2,none,1,301217,5000,0.00028278613827413816,0.0013058361306075162,0.0,D,0.0,50,2.0,D_0134,D,5000,50
0.0506,0.0506,0.9494,0.004159450335688373,0.004159450335688373,0.16079297316001634,55.5156,10.746857989198517,39.0,55.0,74.0,0.0,0.0,0.00015975618362426759,normal,0.9,2.0,1.0,0.0,D4,50,1000,0.05,0.05,0.5,0.8,0.2,none,1,301218,5000,0.0030996657884359083,0.0030996657884359074,0.0,D,0.0,50,2.0,D_0135,D,5000,50
0.0496,0.0496,0.9504,0.0008829430960183975,0.0008829430960183975,0.050889044872410444,561.897,111.16245225344753,393.0,551.0,760.0,0.0,0.0006,8.852396011352539e-05,normal,0.9,2.0,1.0,0.0,D5,50,1000,0.05,0.05,0.5,0.8,0.2,none,1,301219,5000,0.0030704996336101396,0.0030704996336101387,0.0,D,0.0,50,2.0,D_0136,D,5000,50
0.0506,0.0506,0.9494,-0.00470320771403556,-0.00470320771403556,0.17371246297714035,46.0,0.0,46.0,46.0,46.0,0.0,0.0,6.728920936584473e-05,normal,0.9,2.0,1.0,0.0,D6,50,1000,0.05,0.05,0.5,0.8,0.2,none,1,301220,5000,0.0030996657884359083,0.0030996657884359074,0.0,D,0.0,50,2.0,D_0137,D,5000,50
0.7868,0.7868,0.9538,0.4996328538333455,-0.0003671461666545084,0.17646703820776843,46.3182,8.972455001837568,33.0,46.0,62.0,0.0,0.0,0.0001575868606567383,normal,0.9,2.0,1.0,0.5,D1,50,1000,0.05,0.05,0.5,0.8,0.2,none,1,301221,5000,0.005792162981132351,0.002968688599365047,0.0,D,1.0,50,2.0,D_0138,D,5000,50
0.9,0.9,0.9494,0.5012059503255706,0.0012059503255705817,0.15438415563339458,58.015,8.72054900794669,50.0,56.0,75.0,0.0,0.0,0.0004228751182556152,normal,0.9,2.0,1.0,0.5,D2,50,1000,0.05,0.05,0.5,0.8,0.2,none,1,301222,5000,0.004242640687119285,0.0030996657884359074,0.0,D,1.0,50,2.0,D_0139,D,5000,50
0.9316,0.9316,0.9908,0.5021634941147698,0.002163494114769793,0.09593282701261784,159.4978,30.915148312113917,113.0,157.0,213.0,0.0,0.0,0.00017313456535339355,normal,0.9,2.0,1.0,0.5,D3,50,1000,0.05,0.05,0.5,0.8,0.2,none,1,301223,5000,0.0035699142846852784,0.0013502118352317896,0.0,D,1.0,50,2.0,D_0140,D,5000,50
0.8602,0.8602,0.9492,0.4988243631190029,-0.0011756368809970885,0.1597264485820261,55.7106,10.807610635103394,39.0,55.0,74.0,0.0,0.0,0.00015692934989929198,normal,0.9,2.0,1.0,0.5,D4,50,1000,0.05,0.05,0.5,0.8,0.2,none,1,301224,5000,0.004904201464051004,0.003105458420265838,0.0,D,1.0,50,2.0,D_0141,D,5000,50
1.0,1.0,0.9484,0.5003566283926424,0.00035662839264238855,0.05133177979355997,560.8336,113.17004864821787,385.95000000000005,553.0,759.0,0.0,0.0008,7.588677406311035e-05,normal,0.9,2.0,1.0,0.5,D5,50,1000,0.05,0.05,0.5,0.8,0.2,none,1,301225,5000,0.0,0.003128496124338337,0.0,D,1.0,50,2.0,D_0142,D,5000,50
0.808,0.808,0.9498,0.5036681209716377,0.0036681209716377117,0.17298751238915497,46.0,0.0,46.0,46.0,46.0,0.0,0.0,6.235675811767578e-05,normal,0.9,2.0,1.0,0.5,D6,50,1000,0.05,0.05,0.5,0.8,0.2,none,1,301226,5000,0.005570206459369347,0.003088040155179334,0.0,D,1.0,50,2.0,D_0143,D,5000,50
0.0518,0.0518,0.9482,0.0030184954509500424,0.0030184954509500424,0.1861023067235327,194.5714,60.42428073250024,115.0,185.0,308.0,0.0,0.0,0.000339758825302124,lognormal,-0.3,2.0,1.0,0.0,D1,50,1000,0.05,0.05,0.5,0.8,0.2,none,1,301227,5000,0.003134222710657301,0.0031342227106573,0.0,D,0.0,50,2.0,D_0144,D,5000,50
0.0482,0.0482,0.9518,-0.014268474272702662,-0.014268474272702662,0.1585836657410366,249.6216,66.79507177509431,171.0,236.0,375.0,0.0,0.0,0.0004687171459197998,lognormal,-0.3,2.0,1.0,0.0,D2,50,1000,0.05,0.05,0.5,0.8,0.2,none,1,301228,5000,0.0030290843500965763,0.003029084350096577,0.0,D,0.0,50,2.0,D_0145,D,5000,50
0.088,0.088,0.7778,-0.019003037372065146,-0.019003037372065146,0.20550464873544577,160.1702,51.27866254067085,99.0,152.0,249.05000000000018,0.0,0.0,0.00032687039375305175,lognormal,-0.3,2.0,1.0,0.0,D3,50,1000,0.05,0.05,0.5,0.8,0.2,none,1,301229,5000,0.004006394888175653,0.005879237365509237,0.0,D,0.0,50,2.0,D_0146,D,5000,50
0.045,0.045,0.955,-0.0011233824255105177,-0.0011233824255105177,0.16608068841799087,233.919,74.5616445567022,139.0,222.0,367.0,0.0002,0.0002,0.00036611342430114744,lognormal,-0.3,2.0,1.0,0.0,D4,50,1000,0.05,0.05,0.5,0.8,0.2,none,1,301230,5000,0.0029317230428538097,0.0029317230428538106,0.00019997999899989998,D,0.0,50,2.0,D_0147,D,5000,50
0.056,0.056,0.944,0.0013079158541789654,0.0013079158541789654,0.07897930828090327,999.8512,5.301118614028552,1000.0,1000.0,1000.0,0.0,0.9988,0.0003533132553100586,lognormal,-0.3,2.0,1.0,0.0,D5,50,1000,0.05,0.05,0.5,0.8,0.2,none,1,301231,5000,0.003251584229264252,0.0032515842292642535,0.0,D,0.0,50,2.0,D_0148,D,5000,50
0.0582,0.0582,0.9418,-0.0006277965689946368,-0.0006277965689946368,0.1785570433941118,197.0,0.0,197.0,197.0,197.0,0.0,0.0,0.00029551081657409667,lognormal,-0.3,2.0,1.0,0.0,D6,50,1000,0.05,0.05,0.5,0.8,0.2,none,1,301232,5000,0.003310974478911005,0.0033109744789110054,0.0,D,0.0,50,2.0,D_0149,D,5000,50
0.7916,0.7916,0.9524,0.5018919283332851,0.001891928333285109,0.18463086891219582,193.632,62.426745678434976,116.0,183.0,308.0,0.0,0.0,0.0003951913356781006,lognormal,-0.3,2.0,1.0,0.5,D1,50,1000,0.05,0.05,0.5,0.8,0.2,none,1,301233,5000,0.0057440306405867995,0.0030111207215918786,0.0,D,1.0,50,2.0,D_0150,D,5000,50
0.8546,0.8546,0.9412,0.4872131935185871,-0.012786806481412893,0.16406479566762458,250.0278,68.91341108347488,170.0,236.0,373.0500000000002,0.0002,0.0002,0.0005513308525085449,lognormal,-0.3,2.0,1.0,0.5,D2,50,1000,0.05,0.05,0.5,0.8,0.2,none,1,301234,5000,0.0049851547618905475,0.0033269373303385194,0.00019997999899989998,D,1.0,50,2.0,D_0151,D,5000,50
0.7446,0.7446,0.7806,0.4808145814714515,-0.019185418528548492,0.20512462693898634,159.4954,49.04217347181913,98.0,150.0,250.0,0.0,0.0,0.0004962605476379394,lognormal,-0.3,2.0,1.0,0.5,D3,50,1000,0.05,0.05,0.5,0.8,0.2,none,1,301235,5000,0.006167184771028025,0.005852583019488062,0.0,D,1.0,50,2.0,D_0152,D,5000,50
0.852,0.852,0.9492,0.5007842178853771,0.0007842178853770809,0.1679238787676342,235.7084,75.25714165074302,140.0,222.0,376.0,0.0,0.0,0.00094339599609375,lognormal,-0.3,2.0,1.0,0.5,D4,50,1000,0.05,0.05,0.5,0.8,0.2,none,1,301236,5000,0.005021872160857941,0.003105458420265838,0.0,D,1.0,50,2.0,D_0153,D,5000,50
1.0,1.0,0.951,0.5016888961655767,0.0016888961655766588,0.07832249591962782,999.9276,3.0434779841490562,1000.0,1000.0,1000.0,0.0,0.9988,0.0005022199153900147,lognormal,-0.3,2.0,1.0,0.5,D5,50,1000,0.05,0.05,0.5,0.8,0.2,none,1,301237,5000,0.0,0.0030528347482299146,0.0,D,1.0,50,2.0,D_0154,D,5000,50
0.8206,0.8206,0.9424,0.49994272120437727,-5.727879562272831e-05,0.17930053107930827,197.0,0.0,197.0,197.0,197.0,0.0,0.0,0.00028817319869995115,lognormal,-0.3,2.0,1.0,0.5,D6,50,1000,0.05,0.05,0.5,0.8,0.2,none,1,301238,5000,0.005426152227868289,0.0032949124419322583,0.0,D,1.0,50,2.0,D_0155,D,5000,50
0.056,0.056,0.944,0.0025847052429076862,0.0025847052429076862,0.18660596775145086,123.9714,43.24027962490529,72.0,116.0,206.0,0.0,0.0,0.00035737481117248534,lognormal,0.3,2.0,1.0,0.0,D1,50,1000,0.05,0.05,0.5,0.8,0.2,none,1,301239,5000,0.003251584229264252,0.0032515842292642535,0.0,D,0.0,50,2.0,D_0156,D,5000,50
0.0606,0.0606,0.9394,-0.02034440780761051,-0.02034440780761051,0.16433640876554897,158.9014,49.97550277926176,98.0,151.0,246.0,0.0,0.0,0.0004988142967224121,lognormal,0.3,2.0,1.0,0.0,D2,50,1000,0.05,0.05,0.5,0.8,0.2,none,1,301240,5000,0.003374244804396978,0.0033742448043969776,0.0,D,0.0,50,2.0,D_0157,D,5000,50
0.0362,0.0362,0.8686,-0.018863079716014218,-0.018863079716014218,0.16485864876171,158.596,50.796216237038756,98.0,148.0,250.0,0.0002,0.0002,0.0003401286125183105,lognormal,0.3,2.0,1.0,0.0,D3,50,1000,0.05,0.05,0.5,0.8,0.2,none,1,301241,5000,0.0026415737733404307,0.004777740888746479,0.00019997999899989998,D,0.0,50,2.0,D_0158,D,5000,50
0.052,0.052,0.948,-0.0021772401671449394,-0.0021772401671449394,0.16943554816441078,149.7242,55.99125408811629,84.0,140.0,248.0,0.0002,0.0002,0.000424329137802124,lognormal,0.3,2.0,1.0,0.0,D4,50,1000,0.05,0.05,0.5,0.8,0.2,none,1,301242,5000,0.003139936305086458,0.00313993630508646,0.00019997999899989998,D,0.0,50,2.0,D_0159,D,5000,50
0.0472,0.0472,0.9528,-0.00013027721454996204,-0.00013027721454996204,0.061414399473726296,985.1526,52.78758294561326,878.0,1000.0,1000.0,0.0,0.8842,0.0004194793701171875,lognormal,0.3,2.0,1.0,0.0,D5,50,1000,0.05,0.05,0.5,0.8,0.2,none,1,301243,5000,0.0029990718564249174,0.002999071856424918,0.0,D,0.0,50,2.0,D_0160,D,5000,50
0.053,0.053,0.947,-0.002475238371374486,-0.002475238371374486,0.18120688785807343,122.0,0.0,122.0,122.0,122.0,0.0,0.0,0.00031920642852783203,lognormal,0.3,2.0,1.0,0.0,D6,50,1000,0.05,0.05,0.5,0.8,0.2,none,1,301244,5000,0.003168311853337673,0.0031683118533376744,0.0,D,0.0,50,2.0,D_0161,D,5000,50
0.79,0.79,0.9464,0.5000996638925577,9.96638925576665e-05,0.1884405061359622,123.1146,42.91833485632918,71.0,115.0,200.0,0.0,0.0,0.00036775755882263186,lognormal,0.3,2.0,1.0,0.5,D1,50,1000,0.05,0.05,0.5,0.8,0.2,none,1,301245,5000,0.005760208329565867,0.0031851857088716186,0.0,D,1.0,50,2.0,D_0162,D,5000,50
0.863,0.863,0.9412,0.4826342047670165,-0.017365795232983483,0.16419607737082428,160.3862,50.80994242822953,99.0,151.0,253.0,0.0,0.0,0.0005987252235412598,lognormal,0.3,2.0,1.0,0.5,D2,50,1000,0.05,0.05,0.5,0.8,0.2,none,1,301246,5000,0.004862735855462437,0.0033269373303385194,0.0,D,1.0,50,2.0,D_0163,D,5000,50
0.7846,0.7846,0.8694,0.4804508728552338,-0.0195491271447662,0.16562241893877114,160.028,51.88481874305816,98.0,150.0,255.0,0.0,0.0,0.0003681478977203369,lognormal,0.3,2.0,1.0,0.5,D3,50,1000,0.05,0.05,0.5,0.8,0.2,none,1,301247,5000,0.005813825590779276,0.004765367561899082,0.0,D,1.0,50,2.0,D_0164,D,5000,50
0.8636,0.8636,0.9536,0.5013756423753383,0.0013756423753382707,0.16763794534457704,150.2332,55.16047514081074,85.0,140.0,248.0,0.0,0.0,0.00040155081748962404,lognormal,0.3,2.0,1.0,0.5,D4,50,1000,0.05,0.05,0.5,0.8,0.2,none,1,301248,5000,0.004853762252109182,0.0029747954551531774,0.0,D,1.0,50,2.0,D_0165,D,5000,50
1.0,1.0,0.9516,0.4998922179123516,-0.00010778208764838926,0.06164700608997958,982.779,58.83939631743344,857.0,1000.0,1000.0,0.0,0.8764,0.00037072081565856933,lognormal,0.3,2.0,1.0,0.5,D5,50,1000,0.05,0.05,0.5,0.8,0.2,none,1,301249,5000,0.0,0.0030350433275325743,0.0,D,1.0,50,2.0,D_0166,D,5000,50
0.8374,0.8374,0.9534,0.5015368794856916,0.001536879485691589,0.17454281992037396,122.0,0.0,122.0,122.0,122.0,0.0,0.0,0.00026345481872558596,lognormal,0.3,2.0,1.0,0.5,D6,50,1000,0.05,0.05,0.5,0.8,0.2,none,1,301250,5000,0.00521845264422319,0.0029808871162793123,0.0,D,1.0,50,2.0,D_0167,D,5000,50
0.0676,0.0676,0.9324,0.003283108501307355,0.003283108501307355,0.1922814868019252,53.692,28.072212880355547,24.0,47.0,107.0,0.0,0.0,0.00034983835220336916,lognormal,0.9,2.0,1.0,0.0,D1,50,1000,0.05,0.05,0.5,0.8,0.2,none,1,301251,5000,0.0035504996831432047,0.0035504996831432047,0.0,D,0.0,50,2.0,D_0168,D,5000,50
0.0682,0.0682,0.9318,-0.0293551587678604,-0.0293551587678604,0.14771541334861635,70.2226,31.79928064029122,50.0,57.0,128.05000000000018,0.0,0.0,0.0005816312313079834,lognormal,0.9,2.0,1.0,0.0,D2,50,1000,0.05,0.05,0.5,0.8,0.2,none,1,301252,5000,0.0035650739122772756,0.0035650739122772765,0.0,D,0.0,50,2.0,D_0169,D,5000,50
0.0032,0.0032,0.9766,-0.014560752908815465,-0.014560752908815465,0.10799944255938995,158.6194,52.30079677825186,93.0,149.0,254.0,0.0,0.0,0.00032820568084716796,lognormal,0.9,2.0,1.0,0.0,D3,50,1000,0.05,0.05,0.5,0.8,0.2,none,1,301253,5000,0.0007987189743583158,0.002137869967982149,0.0,D,0.0,50,2.0,D_0170,D,5000,50
0.0714,0.0714,0.9286,0.0008024530429083017,0.0008024530429083017,0.1770758605259868,63.9332,34.51335303560058,29.0,56.0,126.0,0.0,0.0,0.0004736162185668945,lognormal,0.9,2.0,1.0,0.0,D4,50,1000,0.05,0.05,0.5,0.8,0.2,none,1,301254,5000,0.0036414843127494045,0.003641484312749405,0.0,D,0.0,50,2.0,D_0171,D,5000,50
0.0496,0.0496,0.9504,2.892593070020686e-05,2.892593070020686e-05,0.05562171991804655,603.9686,230.33421807026414,280.0,563.0,1000.0,0.0,0.1188,0.00037689828872680665,lognormal,0.9,2.0,1.0,0.0,D5,50,1000,0.05,0.05,0.5,0.8,0.2,none,1,301255,5000,0.0030704996336101396,0.0030704996336101387,0.0,D,0.0,50,2.0,D_0172,D,5000,50
0.0664,0.0664,0.9336,0.0059268679726293275,0.0059268679726293275,0.18945583447912945,46.0,0.0,46.0,46.0,46.0,0.0,0.0,0.0005831241130828857,lognormal,0.9,2.0,1.0,0.0,D6,50,1000,0.05,0.05,0.5,0.8,0.2,none,1,301256,5000,0.0035211089162364745,0.003521108916236475,0.0,D,0.0,50,2.0,D_0173,D,5000,50
0.7976,0.7976,0.923,0.4972974324647509,-0.002702567535249112,0.195444004962903,52.9766,28.4177840874337,24.0,46.0,103.0,0.0,0.0,0.0005434170246124267,lognormal,0.9,2.0,1.0,0.5,D1,50,1000,0.05,0.05,0.5,0.8,0.2,none,1,301257,5000,0.005682151705120165,0.003770172409850774,0.0,D,1.0,50,2.0,D_0174,D,5000,50
0.9022,0.9022,0.9264,0.47057546571653747,-0.029424534283462533,0.15024396401412488,69.902,31.94075133743726,50.0,56.0,131.0,0.0,0.0,0.0008061539649963379,lognormal,0.9,2.0,1.0,0.5,D2,50,1000,0.05,0.05,0.5,0.8,0.2,none,1,301258,5000,0.0042008370594442245,0.003692777816224529,0.0,D,1.0,50,2.0,D_0175,D,5000,50
0.879,0.879,0.9782,0.48664635168142534,-0.013353648318574662,0.10593827084894877,159.275,52.82947827681057,92.95000000000002,150.0,256.0,0.0,0.0,0.0006786893367767334,lognormal,0.9,2.0,1.0,0.5,D3,50,1000,0.05,0.05,0.5,0.8,0.2,none,1,301259,5000,0.004612136164512058,0.002065176021553613,0.0,D,1.0,50,2.0,D_0176,D,5000,50
0.8668,0.8668,0.9324,0.5011940023890692,0.001194002389069193,0.17630823059082532,63.5688,34.972350029130155,29.0,56.0,123.0,0.0,0.0,0.00045130925178527833,lognormal,0.9,2.0,1.0,0.5,D4,50,1000,0.05,0.05,0.5,0.8,0.2,none,1,301260,5000,0.004805366999512108,0.0035504996831432047,0.0,D,1.0,50,2.0,D_0177,D,5000,50
1.0,1.0,0.9394,0.4994193177235972,-0.0005806822764027886,0.057230072503733256,601.0724,230.13764046378853,277.0,563.0,1000.0,0.0,0.1186,0.00036954975128173826,lognormal,0.9,2.0,1.0,0.5,D5,50,1000,0.05,0.05,0.5,0.8,0.2,none,1,301261,5000,0.0,0.0033742448043969776,0.0,D,1.0,50,2.0,D_0178,D,5000,50
0.8402,0.8402,0.929,0.4996861382882941,-0.0003138617117058873,0.1877194533610338,46.0,0.0,46.0,46.0,46.0,0.0,0.0,0.0003141487598419189,lognormal,0.9,2.0,1.0,0.5,D6,50,1000,0.05,0.05,0.5,0.8,0.2,none,1,301262,5000,0.005181967965937266,0.0036320517617456933,0.0,D,1.0,50,2.0,D_0179,D,5000,50
0.0486,0.0486,0.9514,0.0013916253810859675,0.0013916253810859675,0.18376559773547027,193.8466,52.99900252306641,120.0,186.0,293.0,0.0,0.0,0.001337588357925415,gamma,-0.3,2.0,1.0,0.0,D1,50,1000,0.05,0.05,0.5,0.8,0.2,none,1,301263,5000,0.0030409879973455995,0.003040987997345599,0.0,D,0.0,50,2.0,D_0180,D,5000,50
0.0578,0.0578,0.9422,-0.010346368738067827,-0.010346368738067827,0.1650379405356897,246.6498,54.12704277863331,178.0,236.0,349.0,0.0,0.0,0.001483309268951416,gamma,-0.3,2.0,1.0,0.0,D2,50,1000,0.05,0.05,0.5,0.8,0.2,none,1,301264,5000,0.003300277564084573,0.0033002775640845715,0.0,D,0.0,50,2.0,D_0181,D,5000,50
0.0862,0.0862,0.7706,-0.01575558489933841,-0.01575558489933841,0.20708353418994843,159.6532,41.326085342795295,104.0,154.0,235.0,0.0,0.0,0.001310932493209839,gamma,-0.3,2.0,1.0,0.0,D3,50,1000,0.05,0.05,0.5,0.8,0.2,none,1,301265,5000,0.003969119801668879,0.005946017827083939,0.0,D,0.0,50,2.0,D_0182,D,5000,50
0.0544,0.0544,0.9456,-0.0003984432157657732,-0.0003984432157657732,0.16859666531515619,235.1728,63.831939811978145,146.0,228.0,351.0,0.0,0.0,0.0018089499950408934,gamma,-0.3,2.0,1.0,0.0,D4,50,1000,0.05,0.05,0.5,0.8,0.2,none,1,301266,5000,0.0032075111847038036,0.003207511184703804,0.0,D,0.0,50,2.0,D_0183,D,5000,50
0.0484,0.0484,0.9516,-0.0004970337296029354,-0.0004970337296029354,0.0787069822589198,999.9738,1.420251231296773,1000.0,1000.0,1000.0,0.0,0.9992,0.0012874237060546876,gamma,-0.3,2.0,1.0,0.0,D5,50,1000,0.05,0.05,0.5,0.8,0.2,none,1,301267,5000,0.0030350433275325743,0.0030350433275325743,0.0,D,0.0,50,2.0,D_0184,D,5000,50
0.0592,0.0592,0.9408,0.000890325050437898,0.000890325050437898,0.18120118358569998,197.0,0.0,197.0,197.0,197.0,0.0,0.0,0.0012842159271240234,gamma,-0.3,2.0,1.0,0.0,D6,50,1000,0.05,0.05,0.5,0.8,0.2,none,1,301268,5000,0.0033375248313683003,0.0033375248313683007,0.0,D,0.0,50,2.0,D_0185,D,5000,50
0.7926,0.7926,0.9508,0.49979015514630454,-0.00020984485369546224,0.1805823224892715,196.659,53.30992326950021,122.0,190.0,292.0500000000002,0.0,0.0,0.001206186056137085,gamma,-0.3,2.0,1.0,0.5,D1,50,1000,0.05,0.05,0.5,0.8,0.2,none,1,301269,5000,0.005733851061895487,0.0030587369942510594,0.0,D,1.0,50,2.0,D_0186,D,5000,50
0.8552,0.8552,0.9448,0.48842276944706664,-0.01157723055293336,0.16481851547138365,245.7452,53.562515595890375,177.0,236.0,350.0,0.0,0.0,0.00143834228515625,gamma,-0.3,2.0,1.0,0.5,D2,50,1000,0.05,0.05,0.5,0.8,0.2,none,1,301270,5000,0.004976604464893709,0.0032296427046966053,0.0,D,1.0,50,2.0,D_0187,D,5000,50
0.7532,0.7532,0.7784,0.48376564811786227,-0.016234351882137732,0.20436175819638394,159.029,40.26927562050253,104.0,153.0,234.0,0.0,0.0,0.0016655927181243896,gamma,-0.3,2.0,1.0,0.5,D3,50,1000,0.05,0.05,0.5,0.8,0.2,none,1,301271,5000,0.006097372548893499,0.005873558376316694,0.0,D,1.0,50,2.0,D_0188,D,5000,50
0.8698,0.8698,0.9484,0.5043022806041454,0.004302280604145392,0.16683652633769577,236.7098,64.18967817305209,148.0,228.0,352.0,0.0,0.0,0.001544563388824463,gamma,-0.3,2.0,1.0,0.5,D4,50,1000,0.05,0.05,0.5,0.8,0.2,none,1,301272,5000,0.0047591587491908685,0.003128496124338337,0.0,D,1.0,50,2.0,D_0189,D,5000,50
1.0,1.0,0.9506,0.5012165305050992,0.0012165305050991781,0.07784012307664585,999.8906,3.2476809633952652,1000.0,1000.0,1000.0,0.0,0.9982,0.0012822842597961426,gamma,-0.3,2.0,1.0,0.5,D5,50,1000,0.05,0.05,0.5,0.8,0.2,none,1,301273,5000,0.0,0.003064625262572897,0.0,D,1.0,50,2.0,D_0190,D,5000,50
0.8136,0.8136,0.9454,0.4985401103941189,-0.001459889605881115,0.17984946134357388,197.0,0.0,197.0,197.0,197.0,0.0,0.0,0.0011692087173461915,gamma,-0.3,2.0,1.0,0.5,D6,50,1000,0.05,0.05,0.5,0.8,0.2,none,1,301274,5000,0.005507359439876791,0.003213062090903317,0.0,D,1.0,50,2.0,D_0191,D,5000,50
0.0498,0.0498,0.9502,-0.0014646725195835025,-0.0014646725195835025,0.18120061777575863,123.4926,36.62873660447491,75.0,118.0,190.0,0.0,0.0,0.0012879466533660888,gamma,0.3,2.0,1.0,0.0,D1,50,1000,0.05,0.05,0.5,0.8,0.2,none,1,301275,5000,0.0030763601869742106,0.0030763601869742093,0.0,D,0.0,50,2.0,D_0192,D,5000,50
0.0604,0.0604,0.9396,-0.01129706900643892,-0.01129706900643892,0.16531746804615532,157.577,38.95342951525578,105.0,152.0,231.05000000000018,0.0,0.0,0.0014175294399261474,gamma,0.3,2.0,1.0,0.0,D2,50,1000,0.05,0.05,0.5,0.8,0.2,none,1,301276,5000,0.0033690307211422105,0.0033690307211422105,0.0,D,0.0,50,2.0,D_0193,D,5000,50
0.0334,0.0334,0.8774,-0.014475376349294787,-0.014475376349294787,0.1632704077033255,159.8808,41.14525235504091,103.0,154.0,236.0,0.0,0.0,0.001262621784210205,gamma,0.3,2.0,1.0,0.0,D3,50,1000,0.05,0.05,0.5,0.8,0.2,none,1,301277,5000,0.0025410407316688176,0.0046383022756176645,0.0,D,0.0,50,2.0,D_0194,D,5000,50
0.053,0.053,0.947,-0.00019319160907000992,-0.00019319160907000992,0.16705075540683198,149.3448,42.69909967388071,91.0,143.0,228.0,0.0,0.0,0.0011822471141815186,gamma,0.3,2.0,1.0,0.0,D4,50,1000,0.05,0.05,0.5,0.8,0.2,none,1,301278,5000,0.003168311853337673,0.0031683118533376744,0.0,D,0.0,50,2.0,D_0195,D,5000,50
0.0504,0.0504,0.9496,-0.0006736832633050432,-0.0006736832633050432,0.06228163571862144,989.8902,43.19025056607104,919.95,1000.0,1000.0,0.0,0.9148,0.0012031069755554199,gamma,0.3,2.0,1.0,0.0,D5,50,1000,0.05,0.05,0.5,0.8,0.2,none,1,301279,5000,0.0030938597253269257,0.0030938597253269257,0.0,D,0.0,50,2.0,D_0196,D,5000,50
0.0512,0.0512,0.9488,0.0011283213961209525,0.0011283213961209525,0.17536809477365792,122.0,0.0,122.0,122.0,122.0,0.0,0.0,0.0011465498447418214,gamma,0.3,2.0,1.0,0.0,D6,50,1000,0.05,0.05,0.5,0.8,0.2,none,1,301280,5000,0.0031170036894427955,0.0031170036894427964,0.0,D,0.0,50,2.0,D_0197,D,5000,50
0.7896,0.7896,0.9428,0.4967156648149497,-0.00328433518505028,0.1847839459757672,123.0194,36.448081206560104,74.0,118.0,190.0,0.0,0.0,0.0013506559371948242,gamma,0.3,2.0,1.0,0.5,D1,50,1000,0.05,0.05,0.5,0.8,0.2,none,1,301281,5000,0.0057642317788236105,0.0032841485959073176,0.0,D,1.0,50,2.0,D_0198,D,5000,50
0.8672,0.8672,0.9478,0.4865696136178669,-0.01343038638213312,0.15900121523690233,158.2026,39.50466748676668,105.0,152.0,231.0,0.0,0.0,0.0014574826240539552,gamma,0.3,2.0,1.0,0.5,D2,50,1000,0.05,0.05,0.5,0.8,0.2,none,1,301282,5000,0.0047992532752502235,0.003145636978419475,0.0,D,1.0,50,2.0,D_0199,D,5000,50
0.7934,0.7934,0.8764,0.4841964493663734,-0.015803550633626595,0.16367204614646788,159.1932,41.00641259315426,104.0,153.0,234.0,0.0,0.0,0.001206706953048706,gamma,0.3,2.0,1.0,0.5,D3,50,1000,0.05,0.05,0.5,0.8,0.2,none,1,301283,5000,0.005725669218528085,0.004654525539730125,0.0,D,1.0,50,2.0,D_0200,D,5000,50
0.8578,0.8578,0.9468,0.499586432676476,-0.00041356732352398895,0.1691174006318341,149.281,43.847946804839104,89.0,143.0,232.0,0.0,0.0,0.001266471290588379,gamma,0.3,2.0,1.0,0.5,D4,50,1000,0.05,0.05,0.5,0.8,0.2,none,1,301284,5000,0.004939213702604899,0.003173948959892078,0.0,D,1.0,50,2.0,D_0201,D,5000,50
1.0,1.0,0.9504,0.5018692580035171,0.0018692580035171158,0.06185818303959527,990.5726,39.97222947547459,933.0,1000.0,1000.0,0.0,0.9142,0.0011258774280548097,gamma,0.3,2.0,1.0,0.5,D5,50,1000,0.05,0.05,0.5,0.8,0.2,none,1,301285,5000,0.0,0.0030704996336101387,0.0,D,1.0,50,2.0,D_0202,D,5000,50
0.8278,0.8278,0.9496,0.5042853823697373,0.004285382369737301,0.17816436949577139,122.0,0.0,122.0,122.0,122.0,0.0,0.0,0.0011891541004180907,gamma,0.3,2.0,1.0,0.5,D6,50,1000,0.05,0.05,0.5,0.8,0.2,none,1,301286,5000,0.0053394224406765195,0.0030938597253269257,0.0,D,1.0,50,2.0,D_0203,D,5000,50
0.0696,0.0696,0.9304,0.002151802713410396,0.002151802713410396,0.19047883058836226,51.6708,19.780304025974928,27.0,48.0,89.0,0.0,0.0,0.0011911458969116212,gamma,0.9,2.0,1.0,0.0,D1,50,1000,0.05,0.05,0.5,0.8,0.2,none,1,301287,5000,0.003598773124274438,0.003598773124274438,0.0,D,0.0,50,2.0,D_0204,D,5000,50
0.0672,0.0672,0.9328,-0.024952303854972793,-0.024952303854972793,0.1519432386701261,67.4906,22.10958868093208,50.0,59.0,111.0,0.0,0.0,0.0014574882030487062,gamma,0.9,2.0,1.0,0.0,D2,50,1000,0.05,0.05,0.5,0.8,0.2,none,1,301288,5000,0.003540738905934748,0.0035407389059347494,0.0,D,0.0,50,2.0,D_0205,D,5000,50
0.0024,0.0024,0.9808,-0.013181222036005687,-0.013181222036005687,0.10596404821661898,158.4922,43.27461541319576,99.0,153.0,239.0,0.0,0.0,0.0011884822845458984,gamma,0.9,2.0,1.0,0.0,D3,50,1000,0.05,0.05,0.5,0.8,0.2,none,1,301289,5000,0.000691988439209789,0.0019406885376072069,0.0,D,0.0,50,2.0,D_0206,D,5000,50
0.0606,0.0606,0.9394,0.002105516527602405,0.002105516527602405,0.16787600278888018,62.1764,24.166921256957824,32.0,58.0,109.0,0.0,0.0,0.0012814679622650147,gamma,0.9,2.0,1.0,0.0,D4,50,1000,0.05,0.05,0.5,0.8,0.2,none,1,301290,5000,0.003374244804396978,0.0033742448043969776,0.0,D,0.0,50,2.0,D_0207,D,5000,50
0.0478,0.0478,0.9522,0.00038421010168393266,0.00038421010168393266,0.05335363456728819,621.7562,209.37786215729685,312.0,599.0,1000.0,0.0,0.0878,0.0011342560291290283,gamma,0.9,2.0,1.0,0.0,D5,50,1000,0.05,0.05,0.5,0.8,0.2,none,1,301291,5000,0.003017123133052412,0.0030171231330524103,0.0,D,0.0,50,2.0,D_0208,D,5000,50
0.0672,0.0672,0.9328,0.0027757527237165934,0.0027757527237165934,0.18658996153649746,46.0,0.0,46.0,46.0,46.0,0.0,0.0,0.0012095889568328856,gamma,0.9,2.0,1.0,0.0,D6,50,1000,0.05,0.05,0.5,0.8,0.2,none,1,301292,5000,0.003540738905934748,0.0035407389059347494,0.0,D,0.0,50,2.0,D_0209,D,5000,50
0.8146,0.8146,0.9328,0.4997919113275011,-0.00020808867249888507,0.18642286039412131,52.3798,20.571620061628593,27.0,49.0,91.0,0.0,0.0,0.0012423414707183839,gamma,0.9,2.0,1.0,0.5,D1,50,1000,0.05,0.05,0.5,0.8,0.2,none,1,301293,5000,0.005495941047718762,0.0035407389059347494,0.0,D,1.0,50,2.0,D_0210,D,5000,50
0.8964,0.8964,0.9398,0.4786009150859611,-0.021399084914038913,0.1508348176351743,67.4832,21.80003022383226,50.0,60.0,110.0,0.0,0.0,0.0014684033393859864,gamma,0.9,2.0,1.0,0.5,D2,50,1000,0.05,0.05,0.5,0.8,0.2,none,1,301294,5000,0.004309687691701106,0.0033638061775316374,0.0,D,1.0,50,2.0,D_0211,D,5000,50
0.8862,0.8862,0.9792,0.4880703100750763,-0.011929689924923714,0.10483219228009981,158.805,43.84599154996953,98.0,152.0,238.0,0.0,0.0,0.0012863648414611817,gamma,0.9,2.0,1.0,0.5,D3,50,1000,0.05,0.05,0.5,0.8,0.2,none,1,301295,5000,0.004491092517417116,0.002018284419996351,0.0,D,1.0,50,2.0,D_0212,D,5000,50
0.884,0.884,0.9392,0.5035536146391015,0.003553614639101532,0.16944824221004542,63.1582,24.943872449160736,32.0,59.0,107.05000000000018,0.0,0.0,0.00119229998588562,gamma,0.9,2.0,1.0,0.5,D4,50,1000,0.05,0.05,0.5,0.8,0.2,none,1,301296,5000,0.004528664262230089,0.003379448475713159,0.0,D,1.0,50,2.0,D_0213,D,5000,50
1.0,1.0,0.9452,0.5002238607761463,0.00022386077614633404,0.05445637236334629,611.628,206.09822419419336,315.0,585.0,1000.0,0.0,0.0798,0.0012077579021453858,gamma,0.9,2.0,1.0,0.5,D5,50,1000,0.05,0.05,0.5,0.8,0.2,none,1,301297,5000,0.0,0.003218600938296016,0.0,D,1.0,50,2.0,D_0214,D,5000,50
0.8158,0.8158,0.9348,0.49846400295148785,-0.00153599704851215,0.18669293913116902,46.0,0.0,46.0,46.0,46.0,0.0,0.0,0.0011029296875,gamma,0.9,2.0,1.0,0.5,D6,50,1000,0.05,0.05,0.5,0.8,0.2,none,1,301298,5000,0.005482159428546383,0.003491388262568345,0.0,D,1.0,50,2.0,D_0215,D,5000,50
