cell_id,module,family,K,correction,rho,theta,design,R,J0,Jmax,alpha,alpha_adj,marginal_level_or_power,marginal_mcse,fwer,fwer_mcse,conjunctive_power,conjunctive_power_mcse,disjunctive_power,disjunctive_power_mcse,fdr,fdr_mcse,E_J,sd_J,q05_J,q50_J,q95_J,P_J_eq_Jmax,ci_coverage,bias,rmse,mean_wall,seed,theta_vector,marginal_estimand,marginal_by_contrast,marginal_mcse_by_contrast,mean_fdp,ci_coverage_mcse,bootstrap_B,benchmark_residual_corr,n_true_alternatives,n_true_nulls,planning_target_met_all,marginal_contrast_1,marginal_contrast_1_mcse,marginal_contrast_2,marginal_contrast_2_mcse,marginal_contrast_3,marginal_contrast_3_mcse,marginal_contrast_4,marginal_contrast_4_mcse,marginal_contrast_5,marginal_contrast_5_mcse,marginal_contrast_6,marginal_contrast_6_mcse,cell_index,module_cell,theta_mult,B,alpha_plan,alpha_note,source_module,projected_R
B_0000,B_joint,normal,1,none,-0.3,0.0,D3,2000,50,1000,0.05,0.05,0.092,0.006462816723379984,0.092,0.006462816723379984,,,,,,,65.5695,9.57534175630301,51.0,65.0,82.0,0.0,0.777,-0.005218126554993517,0.20292086050636488,0.0002218965844986087,400000,[0.0],level,[0.092],[0.006462816723379984],,0.009307819293475782,999,0.0,0,1,1.0,0.092,0.006462816723379984,,,,,,,,,,,0,B,0.0,999,0.05,no multiplicity control (caller declared acceptance),B,2000
B_0001,B_joint,normal,1,none,-0.3,0.0,D4,2000,50,1000,0.05,0.05,0.042,0.004485309353879618,0.042,0.004485309353879618,,,,,,,101.1845,19.399831436123357,73.0,100.0,136.0,0.0,0.958,-0.0051616346266657245,0.1621297569932016,0.00018643139799860364,400001,[0.0],level,[0.042],[0.004485309353879618],,0.00448530935387962,999,0.0,0,1,1.0,0.042,0.004485309353879618,,,,,,,,,,,1,B,0.0,999,0.05,no multiplicity control (caller declared acceptance),B,2000
B_0002,B_joint,normal,1,none,-0.3,0.5,D3,2000,50,1000,0.05,0.05,0.7545,0.009623662244696664,,,0.7545,0.009623662244696664,0.7545,0.009623662244696664,,,65.0025,9.23333600330888,51.0,64.0,81.0,0.0,0.7725,-0.010675261700546732,0.2036896616557236,0.00020818185899952368,400002,[0.5],power,[0.7545],[0.009623662244696664],,0.009373999946660978,999,0.0,1,0,1.0,0.7545,0.009623662244696664,,,,,,,,,,,2,B,1.0,999,0.05,no multiplicity control (caller declared acceptance),B,2000
B_0003,B_joint,normal,1,none,-0.3,0.5,D4,2000,50,1000,0.05,0.05,0.8455,0.008081761874739938,,,0.8455,0.008081761874739938,0.8455,0.008081761874739938,,,100.4975,19.789542535137087,70.0,99.0,135.0,0.0,0.9535,-0.004473595701768854,0.16288724823518994,0.00016717621550014884,400003,[0.5],power,[0.8455],[0.008081761874739938],,0.004708383480558906,999,0.0,1,0,1.0,0.8455,0.008081761874739938,,,,,,,,,,,3,B,1.0,999,0.05,no multiplicity control (caller declared acceptance),B,2000
B_0004,B_joint,empirical_copula,1,none,-0.3,0.0,D3,2000,50,1000,0.05,0.05,0.088,0.006334666526345329,0.088,0.006334666526345329,,,,,,,65.426,12.888813909743595,46.0,64.0,88.0,0.0,0.775,0.015739017402423484,0.20118789990009403,0.0003005230064991338,400004,[0.0],level,[0.088],[0.006334666526345329],,0.009337424698491548,999,0.0,0,1,1.0,0.088,0.006334666526345329,,,,,,,,,,,4,B,0.0,999,0.05,no multiplicity control (caller declared acceptance),B,2000
B_0005,B_joint,empirical_copula,1,none,-0.3,0.0,D4,2000,50,1000,0.05,0.05,0.039,0.004328914413568372,0.039,0.004328914413568372,,,,,,,97.348,22.99482324350418,64.0,95.0,140.0,0.0,0.961,0.0023816794629125705,0.16397996540554874,0.0003369603834998998,400005,[0.0],level,[0.039],[0.004328914413568372],,0.004328914413568374,999,0.0,0,1,1.0,0.039,0.004328914413568372,,,,,,,,,,,5,B,0.0,999,0.05,no multiplicity control (caller declared acceptance),B,2000
B_0006,B_joint,empirical_copula,1,none,-0.3,0.5,D3,2000,50,1000,0.05,0.05,0.811,0.00875439889427024,,,0.811,0.00875439889427024,0.811,0.00875439889427024,,,65.9095,12.991894001645795,46.0,65.0,89.0,0.0,0.7905,0.013992021845591162,0.1980826471646317,0.0002758571560007113,400006,[0.5],power,[0.811],[0.00875439889427024],,0.009099718402236412,999,0.0,1,0,1.0,0.811,0.00875439889427024,,,,,,,,,,,6,B,1.0,999,0.05,no multiplicity control (caller declared acceptance),B,2000
B_0007,B_joint,empirical_copula,1,none,-0.3,0.5,D4,2000,50,1000,0.05,0.05,0.8365,0.008269454335081607,,,0.8365,0.008269454335081607,0.8365,0.008269454335081607,,,97.4975,22.37603614919318,64.0,95.0,138.0,0.0,0.951,-0.0007501872563923898,0.16701109657288107,0.00026956909900036405,400007,[0.5],power,[0.8365],[0.008269454335081607],,0.004826955562256609,999,0.0,1,0,1.0,0.8365,0.008269454335081607,,,,,,,,,,,7,B,1.0,999,0.05,no multiplicity control (caller declared acceptance),B,2000
B_0008,B_joint,normal,1,none,0.0,0.0,D3,2000,50,1000,0.05,0.05,0.048,0.0047799581588126895,0.048,0.0047799581588126895,,,,,,,65.326,8.952470273617223,51.95,65.0,81.0,0.0,0.8365,-0.0020607545089107865,0.17545928635561628,0.0002061839689995395,400008,[0.0],level,[0.048],[0.0047799581588126895],,0.008269454335081607,999,0.0,0,1,1.0,0.048,0.0047799581588126895,,,,,,,,,,,8,B,0.0,999,0.05,no multiplicity control (caller declared acceptance),B,2000
B_0009,B_joint,normal,1,none,0.0,0.0,D4,2000,50,1000,0.05,0.05,0.052,0.004964675215963275,0.052,0.004964675215963275,,,,,,,78.4845,14.88834308276109,55.0,77.0,103.0,0.0,0.948,-0.0029963382956890465,0.1614649645632701,0.00020119013499970607,400009,[0.0],level,[0.052],[0.004964675215963275],,0.0049646752159632785,999,0.0,0,1,1.0,0.052,0.004964675215963275,,,,,,,,,,,9,B,0.0,999,0.05,no multiplicity control (caller declared acceptance),B,2000
B_0010,B_joint,normal,1,none,0.0,0.5,D3,2000,50,1000,0.05,0.05,0.809,0.008789738335126933,,,0.809,0.008789738335126933,0.809,0.008789738335126933,,,65.3325,9.048808968588075,52.0,65.0,81.0,0.0,0.8395,-0.005109103986077981,0.17631500507862954,0.000221167780999167,400010,[0.5],power,[0.809],[0.008789738335126933],,0.00820791538699078,999,0.0,1,0,1.0,0.809,0.008789738335126933,,,,,,,,,,,10,B,1.0,999,0.05,no multiplicity control (caller declared acceptance),B,2000
B_0011,B_joint,normal,1,none,0.0,0.5,D4,2000,50,1000,0.05,0.05,0.8615,0.007723915781519111,,,0.8615,0.007723915781519111,0.8615,0.007723915781519111,,,77.8145,14.868863095408472,56.0,77.0,104.0,0.0,0.955,0.0010265576875633465,0.15916620423736033,0.00019949831949998042,400011,[0.5],power,[0.8615],[0.007723915781519111],,0.004635461142108735,999,0.0,1,0,1.0,0.8615,0.007723915781519111,,,,,,,,,,,11,B,1.0,999,0.05,no multiplicity control (caller declared acceptance),B,2000
B_0012,B_joint,empirical_copula,1,none,0.0,0.0,D3,2000,50,1000,0.05,0.05,0.0555,0.005119558086397693,0.0555,0.005119558086397693,,,,,,,65.4165,12.887708397927073,46.0,65.0,89.0,0.0,0.836,0.011111297168917553,0.17689050892280042,0.00028800462799881643,400012,[0.0],level,[0.0555],[0.005119558086397693],,0.0082796135175502,999,0.0,0,1,1.0,0.0555,0.005119558086397693,,,,,,,,,,,12,B,0.0,999,0.05,no multiplicity control (caller declared acceptance),B,2000
B_0013,B_joint,empirical_copula,1,none,0.0,0.0,D4,2000,50,1000,0.05,0.05,0.05,0.004873397172404482,0.05,0.004873397172404482,,,,,,,77.884,18.494067805650545,51.0,76.0,111.0,0.0,0.95,0.0038163848461394427,0.16314793970079933,0.0002931879949992435,400013,[0.0],level,[0.05],[0.004873397172404482],,0.004873397172404485,999,0.0,0,1,1.0,0.05,0.004873397172404482,,,,,,,,,,,13,B,0.0,999,0.05,no multiplicity control (caller declared acceptance),B,2000
B_0014,B_joint,empirical_copula,1,none,0.0,0.5,D3,2000,50,1000,0.05,0.05,0.8365,0.008269454335081607,,,0.8365,0.008269454335081607,0.8365,0.008269454335081607,,,64.7515,13.060311931573457,45.0,64.0,88.0,0.0,0.839,0.012868301208687986,0.17424900062160775,0.00024913620200095465,400014,[0.5],power,[0.8365],[0.008269454335081607],,0.008218241904446474,999,0.0,1,0,1.0,0.8365,0.008269454335081607,,,,,,,,,,,14,B,1.0,999,0.05,no multiplicity control (caller declared acceptance),B,2000
B_0015,B_joint,empirical_copula,1,none,0.0,0.5,D4,2000,50,1000,0.05,0.05,0.839,0.008218241904446474,,,0.839,0.008218241904446474,0.839,0.008218241904446474,,,78.5145,18.947738380872796,50.0,77.0,112.0,0.0,0.947,0.0029664307441296138,0.1652772164804714,0.0003012722910007142,400015,[0.5],power,[0.839],[0.008218241904446474],,0.005009540897128201,999,0.0,1,0,1.0,0.839,0.008218241904446474,,,,,,,,,,,15,B,1.0,999,0.05,no multiplicity control (caller declared acceptance),B,2000
B_0016,B_joint,normal,1,none,0.3,0.0,D3,2000,50,1000,0.05,0.05,0.019,0.003052785613173647,0.019,0.003052785613173647,,,,,,,65.2075,9.47826164177799,50.0,65.0,81.0,0.0,0.898,0.0003467232725698255,0.14842965661700627,0.00018158706400026858,400016,[0.0],level,[0.019],[0.003052785613173647],,0.006767421961131136,999,0.0,0,1,1.0,0.019,0.003052785613173647,,,,,,,,,,,16,B,0.0,999,0.05,no multiplicity control (caller declared acceptance),B,2000
B_0017,B_joint,normal,1,none,0.3,0.0,D4,2000,50,1000,0.05,0.05,0.0505,0.00489641450451246,0.0505,0.00489641450451246,,,,,,,55.479,10.314773822047675,40.0,55.0,74.0,0.0,0.9495,0.004023955096468246,0.16293765225131893,0.0001948537944990676,400017,[0.0],level,[0.0505],[0.00489641450451246],,0.0048964145045124596,999,0.0,0,1,1.0,0.0505,0.00489641450451246,,,,,,,,,,,17,B,0.0,999,0.05,no multiplicity control (caller declared acceptance),B,2000
B_0018,B_joint,normal,1,none,0.3,0.5,D3,2000,50,1000,0.05,0.05,0.8505,0.007973385416496557,,,0.8505,0.007973385416496557,0.8505,0.007973385416496557,,,65.1575,9.281147221653152,51.0,64.0,81.0,0.0,0.91,-0.006179712005575483,0.14537629774954133,0.00021290298900021297,400018,[0.5],power,[0.8505],[0.007973385416496557],,0.0063992187023104614,999,0.0,1,0,1.0,0.8505,0.007973385416496557,,,,,,,,,,,18,B,1.0,999,0.05,no multiplicity control (caller declared acceptance),B,2000
B_0019,B_joint,normal,1,none,0.3,0.5,D4,2000,50,1000,0.05,0.05,0.854,0.007895695029571494,,,0.854,0.007895695029571494,0.854,0.007895695029571494,,,55.401,10.559128704585431,39.0,55.0,74.0,0.0,0.956,0.002909230027519544,0.1608351132959104,0.00022623727249992953,400019,[0.5],power,[0.854],[0.007895695029571494],,0.004586065852122058,999,0.0,1,0,1.0,0.854,0.007895695029571494,,,,,,,,,,,19,B,1.0,999,0.05,no multiplicity control (caller declared acceptance),B,2000
B_0020,B_joint,empirical_copula,1,none,0.3,0.0,D3,2000,50,1000,0.05,0.05,0.0245,0.003456859123539749,0.0245,0.003456859123539749,,,,,,,64.815,13.15772681734957,45.0,64.0,88.0,0.0,0.8965,0.011865624673933272,0.15247580004589908,0.0002953619045001687,400020,[0.0],level,[0.0245],[0.003456859123539749],,0.006811304941052046,999,0.0,0,1,1.0,0.0245,0.003456859123539749,,,,,,,,,,,20,B,0.0,999,0.05,no multiplicity control (caller declared acceptance),B,2000
B_0021,B_joint,empirical_copula,1,none,0.3,0.0,D4,2000,50,1000,0.05,0.05,0.0515,0.004942051699446294,0.0515,0.004942051699446294,,,,,,,58.6955,14.208897907649277,38.0,58.0,84.04999999999995,0.0,0.9485,-0.0003063226710005995,0.16488562726180678,0.0002740823085005104,400021,[0.0],level,[0.0515],[0.004942051699446294],,0.004942051699446293,999,0.0,0,1,1.0,0.0515,0.004942051699446294,,,,,,,,,,,21,B,0.0,999,0.05,no multiplicity control (caller declared acceptance),B,2000
B_0022,B_joint,empirical_copula,1,none,0.3,0.5,D3,2000,50,1000,0.05,0.05,0.858,0.00780499839846236,,,0.858,0.00780499839846236,0.858,0.00780499839846236,,,65.7425,13.679773161496502,46.0,65.0,90.0,0.0,0.8955,0.003505583436516785,0.1493580831333552,0.0002899367744994379,400022,[0.5],power,[0.858],[0.00780499839846236],,0.006840312492861713,999,0.0,1,0,1.0,0.858,0.00780499839846236,,,,,,,,,,,22,B,1.0,999,0.05,no multiplicity control (caller declared acceptance),B,2000
B_0023,B_joint,empirical_copula,1,none,0.3,0.5,D4,2000,50,1000,0.05,0.05,0.8395,0.00820791538699078,,,0.8395,0.00820791538699078,0.8395,0.00820791538699078,,,59.121,14.647810723790775,37.0,58.0,86.0,0.0,0.95,0.0007381767576466487,0.16509832018958426,0.0003003379999991012,400023,[0.5],power,[0.8395],[0.00820791538699078],,0.004873397172404485,999,0.0,1,0,1.0,0.8395,0.00820791538699078,,,,,,,,,,,23,B,1.0,999,0.05,no multiplicity control (caller declared acceptance),B,2000
B_0024,B_joint,normal,1,none,0.6,0.0,D3,2000,50,1000,0.05,0.05,0.0035,0.0013205585939290994,0.0035,0.0013205585939290994,,,,,,,65.165,10.546552754336366,49.0,64.0,84.0,0.0,0.9695,0.0004988781856995353,0.11418451108097132,0.00020196710500022162,400024,[0.0],level,[0.0035],[0.0013205585939290994],,0.0038451105315712303,999,0.0,0,1,1.0,0.0035,0.0013205585939290994,,,,,,,,,,,24,B,0.0,999,0.05,no multiplicity control (caller declared acceptance),B,2000
B_0025,B_joint,normal,1,none,0.6,0.0,D4,2000,50,1000,0.05,0.05,0.056,0.005141206084179081,0.056,0.005141206084179081,,,,,,,32.64,6.1088787841959995,23.0,32.0,43.0,0.0,0.944,-0.002962329994367243,0.16291972101229274,0.00019419705600012095,400025,[0.0],level,[0.056],[0.005141206084179081],,0.005141206084179083,999,0.0,0,1,1.0,0.056,0.005141206084179081,,,,,,,,,,,25,B,0.0,999,0.05,no multiplicity control (caller declared acceptance),B,2000
B_0026,B_joint,normal,1,none,0.6,0.5,D3,2000,50,1000,0.05,0.05,0.9085,0.006447005118657811,,,0.9085,0.006447005118657811,0.9085,0.006447005118657811,,,64.6425,10.382229709941887,49.0,64.0,83.0,0.0,0.9795,0.001042946337133165,0.11062174035728517,0.00021884295100062446,400026,[0.5],power,[0.9085],[0.006447005118657811],,0.0031685761786644775,999,0.0,1,0,1.0,0.9085,0.006447005118657811,,,,,,,,,,,26,B,1.0,999,0.05,no multiplicity control (caller declared acceptance),B,2000
B_0027,B_joint,normal,1,none,0.6,0.5,D4,2000,50,1000,0.05,0.05,0.8695,0.00753225563825339,,,0.8695,0.00753225563825339,0.8695,0.00753225563825339,,,32.8,6.198870864923708,24.0,32.0,44.0,0.0,0.9545,-0.0005017215642143298,0.15790772047907523,0.00017967987849988276,400027,[0.5],power,[0.8695],[0.00753225563825339],,0.004659922209651143,999,0.0,1,0,1.0,0.8695,0.00753225563825339,,,,,,,,,,,27,B,1.0,999,0.05,no multiplicity control (caller declared acceptance),B,2000
B_0028,B_joint,empirical_copula,1,none,0.6,0.0,D3,2000,50,1000,0.05,0.05,0.0065,0.0017969070649312946,0.0065,0.0017969070649312946,,,,,,,65.2045,14.53401801808433,44.0,64.0,91.0,0.0,0.9545,0.00792659112091912,0.12339700809979469,0.0002757944959994347,400028,[0.0],level,[0.0065],[0.0017969070649312946],,0.004659922209651143,999,0.0,0,1,1.0,0.0065,0.0017969070649312946,,,,,,,,,,,28,B,0.0,999,0.05,no multiplicity control (caller declared acceptance),B,2000
B_0029,B_joint,empirical_copula,1,none,0.6,0.0,D4,2000,50,1000,0.05,0.05,0.0465,0.004708383480558906,0.0465,0.004708383480558906,,,,,,,38.0605,9.439324115104853,24.0,37.0,55.0,0.0,0.9535,-0.004311397592047711,0.16000205381409996,0.000265585753499181,400029,[0.0],level,[0.0465],[0.004708383480558906],,0.004708383480558906,999,0.0,0,1,1.0,0.0465,0.004708383480558906,,,,,,,,,,,29,B,0.0,999,0.05,no multiplicity control (caller declared acceptance),B,2000
B_0030,B_joint,empirical_copula,1,none,0.6,0.5,D3,2000,50,1000,0.05,0.05,0.9075,0.006478570444164362,,,0.9075,0.006478570444164362,0.9075,0.006478570444164362,,,65.4055,14.570348992045455,43.95,64.5,91.0,0.0,0.957,0.00378717753918766,0.1210972424252285,0.00027372196950091167,400030,[0.5],power,[0.9075],[0.006478570444164362],,0.004536022486716751,999,0.0,1,0,1.0,0.9075,0.006478570444164362,,,,,,,,,,,30,B,1.0,999,0.05,no multiplicity control (caller declared acceptance),B,2000
B_0031,B_joint,empirical_copula,1,none,0.6,0.5,D4,2000,50,1000,0.05,0.05,0.835,0.008299849396224006,,,0.835,0.008299849396224006,0.835,0.008299849396224006,,,38.186,9.587512920460656,24.0,37.0,55.0,0.0,0.945,0.007654208095712896,0.1637302642115412,0.0002657125610003277,400031,[0.5],power,[0.835],[0.008299849396224006],,0.005097793640389931,999,0.0,1,0,1.0,0.835,0.008299849396224006,,,,,,,,,,,31,B,1.0,999,0.05,no multiplicity control (caller declared acceptance),B,2000
B_0032,B_joint,normal,1,none,0.9,0.0,D3,2000,50,1000,0.05,0.05,0.0,0.0,0.0,0.0,,,,,,,65.7055,11.755031677966672,47.0,65.0,86.0,0.0,1.0,-0.0008263507736565207,0.056782188764056156,0.00020780676399954245,400032,[0.0],level,[0.0],[0.0],,0.0,999,0.0,0,1,1.0,0.0,0.0,,,,,,,,,,,32,B,0.0,999,0.05,no multiplicity control (caller declared acceptance),B,2000
B_0033,B_joint,normal,1,none,0.9,0.0,D4,2000,50,1000,0.05,0.05,0.052,0.004964675215963275,0.052,0.004964675215963275,,,,,,,10.242,1.544161908609327,8.0,10.0,13.0,0.0,0.948,-0.0016502540287607532,0.1411022286499879,0.00019807091750044493,400033,[0.0],level,[0.052],[0.004964675215963275],,0.0049646752159632785,999,0.0,0,1,1.0,0.052,0.004964675215963275,,,,,,,,,,,33,B,0.0,999,0.05,no multiplicity control (caller declared acceptance),B,2000
B_0034,B_joint,normal,1,none,0.9,0.5,D3,2000,50,1000,0.05,0.05,0.994,0.0017268468374467964,,,0.994,0.0017268468374467964,0.994,0.0017268468374467964,,,65.3095,12.07545898713585,47.0,64.0,87.0,0.0,1.0,0.0002669995008330619,0.05788285967106625,0.00019175267099853953,400034,[0.5],power,[0.994],[0.0017268468374467964],,0.0,999,0.0,1,0,1.0,0.994,0.0017268468374467964,,,,,,,,,,,34,B,1.0,999,0.05,no multiplicity control (caller declared acceptance),B,2000
B_0035,B_joint,normal,1,none,0.9,0.5,D4,2000,50,1000,0.05,0.05,0.86,0.00775886589650833,,,0.86,0.00775886589650833,0.86,0.00775886589650833,,,10.137,1.5346761873437667,8.0,10.0,13.0,0.0,0.9515,-0.0011138440801408054,0.1431726284142329,0.0001972802625004988,400035,[0.5],power,[0.86],[0.00775886589650833],,0.004803527349771207,999,0.0,1,0,1.0,0.86,0.00775886589650833,,,,,,,,,,,35,B,1.0,999,0.05,no multiplicity control (caller declared acceptance),B,2000
B_0036,B_joint,empirical_copula,1,none,0.9,0.0,D3,2000,50,1000,0.05,0.05,0.0,0.0,0.0,0.0,,,,,,,65.4835,16.769309101748945,41.0,64.0,96.0,0.0,0.9945,0.005411838991740056,0.07800641249538538,0.0002633261190003395,400036,[0.0],level,[0.0],[0.0],,0.0016537457482938467,999,0.0,0,1,1.0,0.0,0.0,,,,,,,,,,,36,B,0.0,999,0.05,no multiplicity control (caller declared acceptance),B,2000
B_0037,B_joint,empirical_copula,1,none,0.9,0.0,D4,2000,50,1000,0.05,0.05,0.069,0.005667406814408156,0.069,0.005667406814408156,,,,,,,16.7315,3.7414446073675873,11.0,16.0,23.0,0.0,0.931,-0.00570282387931673,0.15684891923040417,0.0002852714095006377,400037,[0.0],level,[0.069],[0.005667406814408156],,0.0056674068144081545,999,0.0,0,1,1.0,0.069,0.005667406814408156,,,,,,,,,,,37,B,0.0,999,0.05,no multiplicity control (caller declared acceptance),B,2000
B_0038,B_joint,empirical_copula,1,none,0.9,0.5,D3,2000,50,1000,0.05,0.05,0.9805,0.003091904752737377,,,0.9805,0.003091904752737377,0.9805,0.003091904752737377,,,65.75,17.40452527361778,41.0,63.0,98.0,0.0,0.998,0.005203206303462557,0.075119356518714,0.0002669488889987406,400038,[0.5],power,[0.9805],[0.003091904752737377],,0.0009989994994993746,999,0.0,1,0,1.0,0.9805,0.003091904752737377,,,,,,,,,,,38,B,1.0,999,0.05,no multiplicity control (caller declared acceptance),B,2000
B_0039,B_joint,empirical_copula,1,none,0.9,0.5,D4,2000,50,1000,0.05,0.05,0.8165,0.00865528018032923,,,0.8165,0.00865528018032923,0.8165,0.00865528018032923,,,16.6765,3.7786039419341106,11.0,16.0,23.0,0.0,0.928,0.002687464182034602,0.15349783956336216,0.0002801630704998388,400039,[0.5],power,[0.8165],[0.00865528018032923],,0.0057799653978203,999,0.0,1,0,1.0,0.8165,0.00865528018032923,,,,,,,,,,,39,B,1.0,999,0.05,no multiplicity control (caller declared acceptance),B,2000
B_0040,B_joint,normal,1,bonferroni,-0.3,0.0,D3,2000,50,1000,0.05,0.05,0.086,0.0062691307212403855,0.086,0.0062691307212403855,,,,,,,65.5125,9.291762144501979,51.0,65.0,82.0,0.0,0.786,-0.00578450503302852,0.19903070408537044,0.00019178547750016152,400040,[0.0],level,[0.086],[0.0062691307212403855],,0.009170714257897256,999,0.0,0,1,1.0,0.086,0.0062691307212403855,,,,,,,,,,,40,B,0.0,999,0.05,plan every contrast at alpha/K = 0.05000/1,B,2000
B_0041,B_joint,normal,1,bonferroni,-0.3,0.0,D4,2000,50,1000,0.05,0.05,0.05,0.004873397172404482,0.05,0.004873397172404482,,,,,,,101.264,20.228403397203646,70.95,100.0,137.0,0.0,0.95,-0.0011854268391125232,0.1667661094057376,0.00020209838400114677,400041,[0.0],level,[0.05],[0.004873397172404482],,0.004873397172404485,999,0.0,0,1,1.0,0.05,0.004873397172404482,,,,,,,,,,,41,B,0.0,999,0.05,plan every contrast at alpha/K = 0.05000/1,B,2000
B_0042,B_joint,normal,1,bonferroni,-0.3,0.5,D3,2000,50,1000,0.05,0.05,0.78,0.009262828941527529,,,0.78,0.009262828941527529,0.78,0.009262828941527529,,,65.3365,9.505538793251016,51.0,65.0,82.0,0.0,0.7705,-0.00281762824177184,0.20110103888392578,0.00021003070550068515,400042,[0.5],power,[0.78],[0.009262828941527529],,0.0094029184299344,999,0.0,1,0,1.0,0.78,0.009262828941527529,,,,,,,,,,,42,B,1.0,999,0.05,plan every contrast at alpha/K = 0.05000/1,B,2000
B_0043,B_joint,normal,1,bonferroni,-0.3,0.5,D4,2000,50,1000,0.05,0.05,0.8555,0.00786192565469809,,,0.8555,0.00786192565469809,0.8555,0.00786192565469809,,,101.6425,19.816853780305287,71.0,100.0,136.0,0.0,0.945,5.177675860994524e-05,0.16506428582653437,0.00017394854199847032,400043,[0.5],power,[0.8555],[0.00786192565469809],,0.005097793640389931,999,0.0,1,0,1.0,0.8555,0.00786192565469809,,,,,,,,,,,43,B,1.0,999,0.05,plan every contrast at alpha/K = 0.05000/1,B,2000
B_0044,B_joint,empirical_copula,1,bonferroni,-0.3,0.0,D3,2000,50,1000,0.05,0.05,0.0795,0.006048956521582875,0.0795,0.006048956521582875,,,,,,,65.045,12.720297755948955,46.0,64.0,87.0,0.0,0.7975,0.0038357906777202037,0.19813414091076179,0.0002737730820008437,400044,[0.0],level,[0.0795],[0.006048956521582875],,0.008985926496472138,999,0.0,0,1,1.0,0.0795,0.006048956521582875,,,,,,,,,,,44,B,0.0,999,0.05,plan every contrast at alpha/K = 0.05000/1,B,2000
B_0045,B_joint,empirical_copula,1,bonferroni,-0.3,0.0,D4,2000,50,1000,0.05,0.05,0.048,0.0047799581588126895,0.048,0.0047799581588126895,,,,,,,97.3375,22.776887270871757,63.0,96.0,138.0,0.0,0.952,-0.000425023436053913,0.16227079877764494,0.00024661169150022035,400045,[0.0],level,[0.048],[0.0047799581588126895],,0.004779958158812692,999,0.0,0,1,1.0,0.048,0.0047799581588126895,,,,,,,,,,,45,B,0.0,999,0.05,plan every contrast at alpha/K = 0.05000/1,B,2000
B_0046,B_joint,empirical_copula,1,bonferroni,-0.3,0.5,D3,2000,50,1000,0.05,0.05,0.8145,0.008691655480977141,,,0.8145,0.008691655480977141,0.8145,0.008691655480977141,,,65.454,13.36442606324716,46.0,64.0,90.0,0.0,0.8025,0.00799105217363043,0.19102898245918953,0.0002734843549988,400046,[0.5],power,[0.8145],[0.008691655480977141],,0.00890207138816579,999,0.0,1,0,1.0,0.8145,0.008691655480977141,,,,,,,,,,,46,B,1.0,999,0.05,plan every contrast at alpha/K = 0.05000/1,B,2000
B_0047,B_joint,empirical_copula,1,bonferroni,-0.3,0.5,D4,2000,50,1000,0.05,0.05,0.83,0.008399404740813483,,,0.83,0.008399404740813483,0.83,0.008399404740813483,,,97.058,22.145487937726728,64.0,95.0,136.0,0.0,0.954,-0.006162435843405728,0.1655811282825471,0.0002761599910008954,400047,[0.5],power,[0.83],[0.008399404740813483],,0.0046842288586276416,999,0.0,1,0,1.0,0.83,0.008399404740813483,,,,,,,,,,,47,B,1.0,999,0.05,plan every contrast at alpha/K = 0.05000/1,B,2000
B_0048,B_joint,normal,1,bonferroni,0.0,0.0,D3,2000,50,1000,0.05,0.05,0.0475,0.004756245893559331,0.0475,0.004756245893559331,,,,,,,65.2505,9.120457759893414,51.0,65.0,81.0,0.0,0.8405,0.0048199167683113005,0.17200820364537958,0.00021845320300053572,400048,[0.0],level,[0.0475],[0.004756245893559331],,0.008187177474563502,999,0.0,0,1,1.0,0.0475,0.004756245893559331,,,,,,,,,,,48,B,0.0,999,0.05,plan every contrast at alpha/K = 0.05000/1,B,2000
B_0049,B_joint,normal,1,bonferroni,0.0,0.0,D4,2000,50,1000,0.05,0.05,0.046,0.00468422885862764,0.046,0.00468422885862764,,,,,,,78.3,15.248311381920294,55.0,77.0,105.0,0.0,0.954,0.005889219372574177,0.16327826213971125,0.00017717270899993308,400049,[0.0],level,[0.046],[0.00468422885862764],,0.0046842288586276416,999,0.0,0,1,1.0,0.046,0.00468422885862764,,,,,,,,,,,49,B,0.0,999,0.05,plan every contrast at alpha/K = 0.05000/1,B,2000
B_0050,B_joint,normal,1,bonferroni,0.0,0.5,D3,2000,50,1000,0.05,0.05,0.802,0.008910555538236659,,,0.802,0.008910555538236659,0.802,0.008910555538236659,,,65.213,8.858534359587933,52.0,65.0,80.0,0.0,0.837,-0.001664462587030471,0.17747469031012225,0.00022415618850027386,400050,[0.5],power,[0.802],[0.008910555538236659],,0.00825926752200218,999,0.0,1,0,1.0,0.802,0.008910555538236659,,,,,,,,,,,50,B,1.0,999,0.05,plan every contrast at alpha/K = 0.05000/1,B,2000
B_0051,B_joint,normal,1,bonferroni,0.0,0.5,D4,2000,50,1000,0.05,0.05,0.86,0.00775886589650833,,,0.86,0.00775886589650833,0.86,0.00775886589650833,,,78.5925,15.3976440973936,54.0,78.0,106.0,0.0,0.955,0.00016702170010522032,0.16224760805369182,0.00021301058900098725,400051,[0.5],power,[0.86],[0.00775886589650833],,0.004635461142108735,999,0.0,1,0,1.0,0.86,0.00775886589650833,,,,,,,,,,,51,B,1.0,999,0.05,plan every contrast at alpha/K = 0.05000/1,B,2000
B_0052,B_joint,empirical_copula,1,bonferroni,0.0,0.0,D3,2000,50,1000,0.05,0.05,0.063,0.005432816948876522,0.063,0.005432816948876522,,,,,,,65.756,13.0988726232451,46.0,65.0,89.0,0.0,0.8185,0.006814829274777205,0.1837390032626294,0.000288054981499954,400052,[0.0],level,[0.063],[0.005432816948876522],,0.008618519304381698,999,0.0,0,1,1.0,0.063,0.005432816948876522,,,,,,,,,,,52,B,0.0,999,0.05,plan every contrast at alpha/K = 0.05000/1,B,2000
B_0053,B_joint,empirical_copula,1,bonferroni,0.0,0.0,D4,2000,50,1000,0.05,0.05,0.0485,0.004803527349771208,0.0485,0.004803527349771208,,,,,,,77.884,18.335335939109488,51.0,76.0,110.04999999999995,0.0,0.9515,-0.0011113353219472397,0.16460982516998843,0.00024367119100134006,400053,[0.0],level,[0.0485],[0.004803527349771208],,0.004803527349771207,999,0.0,0,1,1.0,0.0485,0.004803527349771208,,,,,,,,,,,53,B,0.0,999,0.05,plan every contrast at alpha/K = 0.05000/1,B,2000
B_0054,B_joint,empirical_copula,1,bonferroni,0.0,0.5,D3,2000,50,1000,0.05,0.05,0.825,0.008496322733983215,,,0.825,0.008496322733983215,0.825,0.008496322733983215,,,65.4695,13.087133748456917,45.95,65.0,89.0,0.0,0.8305,0.008462602626800415,0.179661564179307,0.00028816490600002,400054,[0.5],power,[0.825],[0.008496322733983215],,0.008389569416841366,999,0.0,1,0,1.0,0.825,0.008496322733983215,,,,,,,,,,,54,B,1.0,999,0.05,plan every contrast at alpha/K = 0.05000/1,B,2000
B_0055,B_joint,empirical_copula,1,bonferroni,0.0,0.5,D4,2000,50,1000,0.05,0.05,0.836,0.0082796135175502,,,0.836,0.0082796135175502,0.836,0.0082796135175502,,,77.6065,18.40933615723283,50.0,76.0,110.0,0.0,0.948,0.003561740064996353,0.1654445060083664,0.0002625550975008082,400055,[0.5],power,[0.836],[0.0082796135175502],,0.0049646752159632785,999,0.0,1,0,1.0,0.836,0.0082796135175502,,,,,,,,,,,55,B,1.0,999,0.05,plan every contrast at alpha/K = 0.05000/1,B,2000
B_0056,B_joint,normal,1,bonferroni,0.3,0.0,D3,2000,50,1000,0.05,0.05,0.0215,0.003243281517229116,0.0215,0.003243281517229116,,,,,,,65.3305,9.619681374661013,50.0,65.0,82.0,0.0,0.902,0.001518924227063244,0.1491386574566271,0.00022026633699897503,400056,[0.0],level,[0.0215],[0.003243281517229116],,0.006648157639526908,999,0.0,0,1,1.0,0.0215,0.003243281517229116,,,,,,,,,,,56,B,0.0,999,0.05,plan every contrast at alpha/K = 0.05000/1,B,2000
B_0057,B_joint,normal,1,bonferroni,0.3,0.0,D4,2000,50,1000,0.05,0.05,0.0445,0.004610843198374892,0.0445,0.004610843198374892,,,,,,,55.5845,10.71311624831916,39.0,55.0,73.04999999999995,0.0,0.9555,-0.002528454322059675,0.1580030371901,0.00017798706850044254,400057,[0.0],level,[0.0445],[0.004610843198374892],,0.004610843198374891,999,0.0,0,1,1.0,0.0445,0.004610843198374892,,,,,,,,,,,57,B,0.0,999,0.05,plan every contrast at alpha/K = 0.05000/1,B,2000
B_0058,B_joint,normal,1,bonferroni,0.3,0.5,D3,2000,50,1000,0.05,0.05,0.868,0.007568883669339885,,,0.868,0.007568883669339885,0.868,0.007568883669339885,,,65.5055,9.274856858733724,51.0,65.0,81.0,0.0,0.9005,0.004765915179671643,0.1476879736053922,0.00022210553150034683,400058,[0.5],power,[0.868],[0.007568883669339885],,0.006693270874542581,999,0.0,1,0,1.0,0.868,0.007568883669339885,,,,,,,,,,,58,B,1.0,999,0.05,plan every contrast at alpha/K = 0.05000/1,B,2000
B_0059,B_joint,normal,1,bonferroni,0.3,0.5,D4,2000,50,1000,0.05,0.05,0.8475,0.008038773227302782,,,0.8475,0.008038773227302782,0.8475,0.008038773227302782,,,55.957,10.95600981197078,39.0,55.0,75.0,0.0,0.947,-0.0010603088676896925,0.1608039024198491,0.00019797116150039074,400059,[0.5],power,[0.8475],[0.008038773227302782],,0.005009540897128201,999,0.0,1,0,1.0,0.8475,0.008038773227302782,,,,,,,,,,,59,B,1.0,999,0.05,plan every contrast at alpha/K = 0.05000/1,B,2000
B_0060,B_joint,empirical_copula,1,bonferroni,0.3,0.0,D3,2000,50,1000,0.05,0.05,0.0235,0.0033873108803297047,0.0235,0.0033873108803297047,,,,,,,64.6325,13.593580975960677,43.95,64.0,88.04999999999995,0.0,0.8975,0.011014887019126231,0.15098389594077874,0.0002617314734998217,400060,[0.0],level,[0.0235],[0.0033873108803297047],,0.006782099601155973,999,0.0,0,1,1.0,0.0235,0.0033873108803297047,,,,,,,,,,,60,B,0.0,999,0.05,plan every contrast at alpha/K = 0.05000/1,B,2000
B_0061,B_joint,empirical_copula,1,bonferroni,0.3,0.0,D4,2000,50,1000,0.05,0.05,0.0515,0.004942051699446294,0.0515,0.004942051699446294,,,,,,,58.5495,14.433694944469348,38.0,57.0,84.0,0.0,0.9485,0.0008850011483839839,0.16137218937274392,0.0002715004775000125,400061,[0.0],level,[0.0515],[0.004942051699446294],,0.004942051699446293,999,0.0,0,1,1.0,0.0515,0.004942051699446294,,,,,,,,,,,61,B,0.0,999,0.05,plan every contrast at alpha/K = 0.05000/1,B,2000
B_0062,B_joint,empirical_copula,1,bonferroni,0.3,0.5,D3,2000,50,1000,0.05,0.05,0.8605,0.00774724951192357,,,0.8605,0.00774724951192357,0.8605,0.00774724951192357,,,65.3805,13.567561304449669,45.0,64.0,90.0,0.0,0.8915,0.008521226974056972,0.15476797200203546,0.00027047653699992225,400062,[0.5],power,[0.8605],[0.00774724951192357],,0.00695441406590088,999,0.0,1,0,1.0,0.8605,0.00774724951192357,,,,,,,,,,,62,B,1.0,999,0.05,plan every contrast at alpha/K = 0.05000/1,B,2000
B_0063,B_joint,empirical_copula,1,bonferroni,0.3,0.5,D4,2000,50,1000,0.05,0.05,0.8395,0.00820791538699078,,,0.8395,0.00820791538699078,0.8395,0.00820791538699078,,,59.44,14.283080900141956,38.0,58.0,84.0,0.0,0.9515,-0.002846686261086281,0.15895842836003393,0.0002839740935014561,400063,[0.5],power,[0.8395],[0.00820791538699078],,0.004803527349771207,999,0.0,1,0,1.0,0.8395,0.00820791538699078,,,,,,,,,,,63,B,1.0,999,0.05,plan every contrast at alpha/K = 0.05000/1,B,2000
B_0064,B_joint,normal,1,bonferroni,0.6,0.0,D3,2000,50,1000,0.05,0.05,0.0025,0.001116635571706365,0.0025,0.001116635571706365,,,,,,,65.294,10.426483779299712,49.0,65.0,84.0,0.0,0.9745,-6.850721779523095e-05,0.11067790735520255,0.000223390033999749,400064,[0.0],level,[0.0025],[0.001116635571706365],,0.00352489361541593,999,0.0,0,1,1.0,0.0025,0.001116635571706365,,,,,,,,,,,64,B,0.0,999,0.05,plan every contrast at alpha/K = 0.05000/1,B,2000
B_0065,B_joint,normal,1,bonferroni,0.6,0.0,D4,2000,50,1000,0.05,0.05,0.054,0.005053909377897471,0.054,0.005053909377897471,,,,,,,32.762,6.3469958247977445,23.0,32.0,44.0,0.0,0.946,0.00030563716752815496,0.15960432347518455,0.00021458032950067717,400065,[0.0],level,[0.054],[0.005053909377897471],,0.005053909377897473,999,0.0,0,1,1.0,0.054,0.005053909377897471,,,,,,,,,,,65,B,0.0,999,0.05,plan every contrast at alpha/K = 0.05000/1,B,2000
B_0066,B_joint,normal,1,bonferroni,0.6,0.5,D3,2000,50,1000,0.05,0.05,0.9195,0.006083574196144895,,,0.9195,0.006083574196144895,0.9195,0.006083574196144895,,,64.8415,10.308267446569284,49.0,65.0,83.0,0.0,0.971,-0.0013882797365546522,0.1099674882871765,0.00019266315400091115,400066,[0.5],power,[0.9195],[0.006083574196144895],,0.0037522659820433853,999,0.0,1,0,1.0,0.9195,0.006083574196144895,,,,,,,,,,,66,B,1.0,999,0.05,plan every contrast at alpha/K = 0.05000/1,B,2000
B_0067,B_joint,normal,1,bonferroni,0.6,0.5,D4,2000,50,1000,0.05,0.05,0.854,0.007895695029571494,,,0.854,0.007895695029571494,0.854,0.007895695029571494,,,32.7565,6.116388456434074,24.0,32.0,44.0,0.0,0.952,-0.005456190591048274,0.1562396736176552,0.00017392359750010656,400067,[0.5],power,[0.854],[0.007895695029571494],,0.004779958158812692,999,0.0,1,0,1.0,0.854,0.007895695029571494,,,,,,,,,,,67,B,1.0,999,0.05,plan every contrast at alpha/K = 0.05000/1,B,2000
B_0068,B_joint,empirical_copula,1,bonferroni,0.6,0.0,D3,2000,50,1000,0.05,0.05,0.0065,0.0017969070649312946,0.0065,0.0017969070649312946,,,,,,,65.3695,14.518297756624225,44.0,64.0,91.0,0.0,0.952,0.004347655546272641,0.12140975599637573,0.000283136772501166,400068,[0.0],level,[0.0065],[0.0017969070649312946],,0.004779958158812692,999,0.0,0,1,1.0,0.0065,0.0017969070649312946,,,,,,,,,,,68,B,0.0,999,0.05,plan every contrast at alpha/K = 0.05000/1,B,2000
B_0069,B_joint,empirical_copula,1,bonferroni,0.6,0.0,D4,2000,50,1000,0.05,0.05,0.055,0.005097793640389928,0.055,0.005097793640389928,,,,,,,37.802,9.264167312824181,24.0,37.0,54.0,0.0,0.945,0.004007862774663982,0.16303686358947417,0.0002875443120010459,400069,[0.0],level,[0.055],[0.005097793640389928],,0.005097793640389931,999,0.0,0,1,1.0,0.055,0.005097793640389928,,,,,,,,,,,69,B,0.0,999,0.05,plan every contrast at alpha/K = 0.05000/1,B,2000
B_0070,B_joint,empirical_copula,1,bonferroni,0.6,0.5,D3,2000,50,1000,0.05,0.05,0.8995,0.006723085229267885,,,0.8995,0.006723085229267885,0.8995,0.006723085229267885,,,64.457,14.407503288217567,44.0,63.0,90.04999999999995,0.0,0.9475,0.005936860847581304,0.1253475545350929,0.0002922109779992752,400070,[0.5],power,[0.8995],[0.006723085229267885],,0.004987171041783106,999,0.0,1,0,1.0,0.8995,0.006723085229267885,,,,,,,,,,,70,B,1.0,999,0.05,plan every contrast at alpha/K = 0.05000/1,B,2000
B_0071,B_joint,empirical_copula,1,bonferroni,0.6,0.5,D4,2000,50,1000,0.05,0.05,0.8285,0.00842875287334965,,,0.8285,0.00842875287334965,0.8285,0.00842875287334965,,,37.966,9.185850205615155,24.0,37.0,54.0,0.0,0.9445,0.0034574510079531844,0.16367350875303502,0.0002580554910000501,400071,[0.5],power,[0.8285],[0.00842875287334965],,0.005119558086397692,999,0.0,1,0,1.0,0.8285,0.00842875287334965,,,,,,,,,,,71,B,1.0,999,0.05,plan every contrast at alpha/K = 0.05000/1,B,2000
B_0072,B_joint,normal,1,bonferroni,0.9,0.0,D3,2000,50,1000,0.05,0.05,0.0,0.0,0.0,0.0,,,,,,,65.4815,12.075870889919287,47.0,64.0,87.0,0.0,1.0,0.00022656238621753232,0.05649950857202103,0.00021138185450035962,400072,[0.0],level,[0.0],[0.0],,0.0,999,0.0,0,1,1.0,0.0,0.0,,,,,,,,,,,72,B,0.0,999,0.05,plan every contrast at alpha/K = 0.05000/1,B,2000
B_0073,B_joint,normal,1,bonferroni,0.9,0.0,D4,2000,50,1000,0.05,0.05,0.052,0.004964675215963275,0.052,0.004964675215963275,,,,,,,10.1995,1.5197696371489988,8.0,10.0,13.0,0.0,0.948,0.0019169886679155951,0.1415669908803346,0.00027099199199983557,400073,[0.0],level,[0.052],[0.004964675215963275],,0.0049646752159632785,999,0.0,0,1,1.0,0.052,0.004964675215963275,,,,,,,,,,,73,B,0.0,999,0.05,plan every contrast at alpha/K = 0.05000/1,B,2000
B_0074,B_joint,normal,1,bonferroni,0.9,0.5,D3,2000,50,1000,0.05,0.05,0.996,0.0014113823011501884,,,0.996,0.0014113823011501884,0.996,0.0014113823011501884,,,65.105,12.042008760999968,47.0,64.0,85.04999999999995,0.0,1.0,0.0007109637400905796,0.057197457933769874,0.0001761220765001781,400074,[0.5],power,[0.996],[0.0014113823011501884],,0.0,999,0.0,1,0,1.0,0.996,0.0014113823011501884,,,,,,,,,,,74,B,1.0,999,0.05,plan every contrast at alpha/K = 0.05000/1,B,2000
B_0075,B_joint,normal,1,bonferroni,0.9,0.5,D4,2000,50,1000,0.05,0.05,0.8615,0.007723915781519111,,,0.8615,0.007723915781519111,0.8615,0.007723915781519111,,,10.098,1.503793868853042,8.0,10.0,13.0,0.0,0.944,0.0022969547675246466,0.146337974488903,0.00022591305450077925,400075,[0.5],power,[0.8615],[0.007723915781519111],,0.005141206084179083,999,0.0,1,0,1.0,0.8615,0.007723915781519111,,,,,,,,,,,75,B,1.0,999,0.05,plan every contrast at alpha/K = 0.05000/1,B,2000
B_0076,B_joint,empirical_copula,1,bonferroni,0.9,0.0,D3,2000,50,1000,0.05,0.05,0.0005,0.0004998749843710925,0.0005,0.0004998749843710925,,,,,,,64.858,16.87947973131873,40.95,63.0,95.0,0.0,0.996,0.006845639301733255,0.07781593177836844,0.00027249543849939075,400076,[0.0],level,[0.0005],[0.0004998749843710925],,0.0014113823011501884,999,0.0,0,1,1.0,0.0005,0.0004998749843710925,,,,,,,,,,,76,B,0.0,999,0.05,plan every contrast at alpha/K = 0.05000/1,B,2000
B_0077,B_joint,empirical_copula,1,bonferroni,0.9,0.0,D4,2000,50,1000,0.05,0.05,0.064,0.005472842040475863,0.064,0.005472842040475863,,,,,,,16.6935,3.716928537112329,11.0,16.0,23.0,0.0,0.936,0.00041600967520662646,0.1538562793509467,0.0002916702069996973,400077,[0.0],level,[0.064],[0.005472842040475863],,0.00547284204047586,999,0.0,0,1,1.0,0.064,0.005472842040475863,,,,,,,,,,,77,B,0.0,999,0.05,plan every contrast at alpha/K = 0.05000/1,B,2000
B_0078,B_joint,empirical_copula,1,bonferroni,0.9,0.5,D3,2000,50,1000,0.05,0.05,0.9815,0.003013117156700015,,,0.9815,0.003013117156700015,0.9815,0.003013117156700015,,,64.414,16.32101724770855,41.0,63.0,94.0,0.0,0.995,0.007472049960062936,0.0755370844650342,0.0002786756495006557,400078,[0.5],power,[0.9815],[0.003013117156700015],,0.0015771810295587513,999,0.0,1,0,1.0,0.9815,0.003013117156700015,,,,,,,,,,,78,B,1.0,999,0.05,plan every contrast at alpha/K = 0.05000/1,B,2000
B_0079,B_joint,empirical_copula,1,bonferroni,0.9,0.5,D4,2000,50,1000,0.05,0.05,0.811,0.00875439889427024,,,0.811,0.00875439889427024,0.811,0.00875439889427024,,,16.797,3.864943854702161,11.0,16.0,23.0,0.0,0.934,-0.0005793026339097647,0.15578391035270606,0.0003025562455004547,400079,[0.5],power,[0.811],[0.00875439889427024],,0.005551756478809205,999,0.0,1,0,1.0,0.811,0.00875439889427024,,,,,,,,,,,79,B,1.0,999,0.05,plan every contrast at alpha/K = 0.05000/1,B,2000
B_0080,B_joint,normal,1,holm,-0.3,0.0,D3,2000,50,1000,0.05,0.05,0.093,0.0064942667022536114,0.093,0.0064942667022536114,,,,,,,65.356,9.406288534804787,51.0,65.0,82.0,0.0,0.7655,-0.00647126650039092,0.20335016522681817,0.00020891663699876517,400080,[0.0],level,[0.093],[0.0064942667022536114],,0.009473904949913736,999,0.0,0,1,1.0,0.093,0.0064942667022536114,,,,,,,,,,,80,B,0.0,999,0.05,plan every contrast at alpha/K = 0.05000/1,B,2000
B_0081,B_joint,normal,1,holm,-0.3,0.0,D4,2000,50,1000,0.05,0.05,0.0455,0.004659922209651144,0.0455,0.004659922209651144,,,,,,,100.9935,20.452834956308624,70.0,100.0,135.0,0.0,0.9545,-0.0001018825677094215,0.16272888337456873,0.00018577483999979448,400081,[0.0],level,[0.0455],[0.004659922209651144],,0.004659922209651143,999,0.0,0,1,1.0,0.0455,0.004659922209651144,,,,,,,,,,,81,B,0.0,999,0.05,plan every contrast at alpha/K = 0.05000/1,B,2000
B_0082,B_joint,normal,1,holm,-0.3,0.5,D3,2000,50,1000,0.05,0.05,0.757,0.009590385810800314,,,0.757,0.009590385810800314,0.757,0.009590385810800314,,,64.9755,9.336000200835475,50.0,65.0,81.0,0.0,0.788,-0.011652107540358324,0.19981614417114893,0.000224360815500404,400082,[0.5],power,[0.757],[0.009590385810800314],,0.009139365404665686,999,0.0,1,0,1.0,0.757,0.009590385810800314,,,,,,,,,,,82,B,1.0,999,0.05,plan every contrast at alpha/K = 0.05000/1,B,2000
B_0083,B_joint,normal,1,holm,-0.3,0.5,D4,2000,50,1000,0.05,0.05,0.8585,0.007793514932301085,,,0.8585,0.007793514932301085,0.8585,0.007793514932301085,,,101.18,19.187746089627097,72.0,100.0,135.0,0.0,0.9565,-0.003244633617942763,0.16285807101522962,0.00018396188450060436,400083,[0.5],power,[0.8585],[0.007793514932301085],,0.004561126505590477,999,0.0,1,0,1.0,0.8585,0.007793514932301085,,,,,,,,,,,83,B,1.0,999,0.05,plan every contrast at alpha/K = 0.05000/1,B,2000
B_0084,B_joint,empirical_copula,1,holm,-0.3,0.0,D3,2000,50,1000,0.05,0.05,0.075,0.005889609494694873,0.075,0.005889609494694873,,,,,,,64.9035,12.997891665574075,45.0,64.0,88.0,0.0,0.7795,0.010355198823420899,0.19787006836529128,0.0002859816430009232,400084,[0.0],level,[0.075],[0.005889609494694873],,0.009270376205958419,999,0.0,0,1,1.0,0.075,0.005889609494694873,,,,,,,,,,,84,B,0.0,999,0.05,plan every contrast at alpha/K = 0.05000/1,B,2000
B_0085,B_joint,empirical_copula,1,holm,-0.3,0.0,D4,2000,50,1000,0.05,0.05,0.0485,0.004803527349771208,0.0485,0.004803527349771208,,,,,,,96.853,22.200504296073998,63.0,95.0,137.0,0.0,0.9515,-0.0025630750904356236,0.1608568939660116,0.0002806636964996869,400085,[0.0],level,[0.0485],[0.004803527349771208],,0.004803527349771207,999,0.0,0,1,1.0,0.0485,0.004803527349771208,,,,,,,,,,,85,B,0.0,999,0.05,plan every contrast at alpha/K = 0.05000/1,B,2000
B_0086,B_joint,empirical_copula,1,holm,-0.3,0.5,D3,2000,50,1000,0.05,0.05,0.8065,0.008833395440033238,,,0.8065,0.008833395440033238,0.8065,0.008833395440033238,,,65.189,12.765746315825018,46.0,64.0,87.0,0.0,0.7875,0.010183266484766288,0.19456586565821907,0.00024223087649988883,400086,[0.5],power,[0.8065],[0.008833395440033238],,0.009147233188237852,999,0.0,1,0,1.0,0.8065,0.008833395440033238,,,,,,,,,,,86,B,1.0,999,0.05,plan every contrast at alpha/K = 0.05000/1,B,2000
B_0087,B_joint,empirical_copula,1,holm,-0.3,0.5,D4,2000,50,1000,0.05,0.05,0.8505,0.007973385416496557,,,0.8505,0.007973385416496557,0.8505,0.007973385416496557,,,96.7,21.966428931439903,64.0,95.0,134.0,0.0,0.9555,-0.0003973153031549619,0.16239479395125103,0.00028594941350092997,400087,[0.5],power,[0.8505],[0.007973385416496557],,0.004610843198374891,999,0.0,1,0,1.0,0.8505,0.007973385416496557,,,,,,,,,,,87,B,1.0,999,0.05,plan every contrast at alpha/K = 0.05000/1,B,2000
B_0088,B_joint,normal,1,holm,0.0,0.0,D3,2000,50,1000,0.05,0.05,0.0525,0.004987171041783107,0.0525,0.004987171041783107,,,,,,,65.3095,8.709231295011058,51.0,65.0,80.0,0.0,0.845,-0.0015439358789184746,0.17676316726910188,0.00021293058350056526,400088,[0.0],level,[0.0525],[0.004987171041783107],,0.008092434738692676,999,0.0,0,1,1.0,0.0525,0.004987171041783107,,,,,,,,,,,88,B,0.0,999,0.05,plan every contrast at alpha/K = 0.05000/1,B,2000
B_0089,B_joint,normal,1,holm,0.0,0.0,D4,2000,50,1000,0.05,0.05,0.0445,0.004610843198374892,0.0445,0.004610843198374892,,,,,,,78.452,15.563826521777992,55.0,77.0,106.0,0.0,0.9555,0.007322596162240847,0.1581392801161024,0.00018017669649998425,400089,[0.0],level,[0.0445],[0.004610843198374892],,0.004610843198374891,999,0.0,0,1,1.0,0.0445,0.004610843198374892,,,,,,,,,,,89,B,0.0,999,0.05,plan every contrast at alpha/K = 0.05000/1,B,2000
B_0090,B_joint,normal,1,holm,0.0,0.5,D3,2000,50,1000,0.05,0.05,0.814,0.008700689627839854,,,0.814,0.008700689627839854,0.814,0.008700689627839854,,,65.141,8.891856892685578,51.95,65.0,80.0,0.0,0.835,6.015408807219369e-05,0.17646408733016417,0.0002103363679998438,400090,[0.5],power,[0.814],[0.008700689627839854],,0.008299849396224006,999,0.0,1,0,1.0,0.814,0.008700689627839854,,,,,,,,,,,90,B,1.0,999,0.05,plan every contrast at alpha/K = 0.05000/1,B,2000
B_0091,B_joint,normal,1,holm,0.0,0.5,D4,2000,50,1000,0.05,0.05,0.8695,0.00753225563825339,,,0.8695,0.00753225563825339,0.8695,0.00753225563825339,,,78.3675,15.48704115543056,55.0,78.0,105.0,0.0,0.953,0.005347785745727731,0.1578487105618771,0.00017923079200045323,400091,[0.5],power,[0.8695],[0.00753225563825339],,0.004732388403332932,999,0.0,1,0,1.0,0.8695,0.00753225563825339,,,,,,,,,,,91,B,1.0,999,0.05,plan every contrast at alpha/K = 0.05000/1,B,2000
B_0092,B_joint,empirical_copula,1,holm,0.0,0.0,D3,2000,50,1000,0.05,0.05,0.058,0.0052266624149642565,0.058,0.0052266624149642565,,,,,,,65.161,12.772786657577898,46.0,64.0,88.0,0.0,0.8305,0.004342875528142206,0.1782452139424922,0.0002593721689991071,400092,[0.0],level,[0.058],[0.0052266624149642565],,0.008389569416841366,999,0.0,0,1,1.0,0.058,0.0052266624149642565,,,,,,,,,,,92,B,0.0,999,0.05,plan every contrast at alpha/K = 0.05000/1,B,2000
B_0093,B_joint,empirical_copula,1,holm,0.0,0.0,D4,2000,50,1000,0.05,0.05,0.0495,0.004850244839180801,0.0495,0.004850244839180801,,,,,,,78.255,18.624418782877495,52.0,76.0,112.0,0.0,0.9505,0.0038074985008621992,0.16405761208667627,0.0002730119210009434,400093,[0.0],level,[0.0495],[0.004850244839180801],,0.004850244839180801,999,0.0,0,1,1.0,0.0495,0.004850244839180801,,,,,,,,,,,93,B,0.0,999,0.05,plan every contrast at alpha/K = 0.05000/1,B,2000
B_0094,B_joint,empirical_copula,1,holm,0.0,0.5,D3,2000,50,1000,0.05,0.05,0.8355,0.008289745170992895,,,0.8355,0.008289745170992895,0.8355,0.008289745170992895,,,65.252,12.926813064324865,46.0,65.0,88.0,0.0,0.833,0.010214375670444828,0.17465881181191498,0.0002421181655008695,400094,[0.5],power,[0.8355],[0.008289745170992895],,0.008339994004794009,999,0.0,1,0,1.0,0.8355,0.008289745170992895,,,,,,,,,,,94,B,1.0,999,0.05,plan every contrast at alpha/K = 0.05000/1,B,2000
B_0095,B_joint,empirical_copula,1,holm,0.0,0.5,D4,2000,50,1000,0.05,0.05,0.8475,0.008038773227302782,,,0.8475,0.008038773227302782,0.8475,0.008038773227302782,,,78.6085,18.444897065313214,50.0,77.0,111.0,0.0,0.9565,0.0049097455290634424,0.1610092357000683,0.0003023791309988155,400095,[0.5],power,[0.8475],[0.008038773227302782],,0.004561126505590477,999,0.0,1,0,1.0,0.8475,0.008038773227302782,,,,,,,,,,,95,B,1.0,999,0.05,plan every contrast at alpha/K = 0.05000/1,B,2000
B_0096,B_joint,normal,1,holm,0.3,0.0,D3,2000,50,1000,0.05,0.05,0.0205,0.00316857617866448,0.0205,0.00316857617866448,,,,,,,65.519,9.431258611659423,50.0,65.0,82.0,0.0,0.8985,0.00046374248494365224,0.14974884044283138,0.00018255375999979152,400096,[0.0],level,[0.0205],[0.00316857617866448],,0.006752693906878944,999,0.0,0,1,1.0,0.0205,0.00316857617866448,,,,,,,,,,,96,B,0.0,999,0.05,plan every contrast at alpha/K = 0.05000/1,B,2000
B_0097,B_joint,normal,1,holm,0.3,0.0,D4,2000,50,1000,0.05,0.05,0.0505,0.00489641450451246,0.0505,0.00489641450451246,,,,,,,55.401,10.680037406301533,39.0,55.0,75.0,0.0,0.9495,0.005704246483912767,0.1619765344221033,0.00021898542750022897,400097,[0.0],level,[0.0505],[0.00489641450451246],,0.0048964145045124596,999,0.0,0,1,1.0,0.0505,0.00489641450451246,,,,,,,,,,,97,B,0.0,999,0.05,plan every contrast at alpha/K = 0.05000/1,B,2000
B_0098,B_joint,normal,1,holm,0.3,0.5,D3,2000,50,1000,0.05,0.05,0.85,0.007984359711335657,,,0.85,0.007984359711335657,0.85,0.007984359711335657,,,65.194,9.362551148057884,50.0,65.0,81.0,0.0,0.9055,-0.003254462784396528,0.14941179553930287,0.00020499688499876355,400098,[0.5],power,[0.85],[0.007984359711335657],,0.006541014829519959,999,0.0,1,0,1.0,0.85,0.007984359711335657,,,,,,,,,,,98,B,1.0,999,0.05,plan every contrast at alpha/K = 0.05000/1,B,2000
B_0099,B_joint,normal,1,holm,0.3,0.5,D4,2000,50,1000,0.05,0.05,0.863,0.007688660481514319,,,0.863,0.007688660481514319,0.863,0.007688660481514319,,,55.451,10.84825326953607,39.0,54.0,75.0,0.0,0.9495,-0.0023035719996086965,0.1586170059544307,0.00022804265900049358,400099,[0.5],power,[0.863],[0.007688660481514319],,0.0048964145045124596,999,0.0,1,0,1.0,0.863,0.007688660481514319,,,,,,,,,,,99,B,1.0,999,0.05,plan every contrast at alpha/K = 0.05000/1,B,2000
B_0100,B_joint,empirical_copula,1,holm,0.3,0.0,D3,2000,50,1000,0.05,0.05,0.0215,0.003243281517229116,0.0215,0.003243281517229116,,,,,,,65.189,13.365525765939774,45.0,64.0,88.04999999999995,0.0,0.9,0.012036811282680686,0.14989682188934741,0.000266467270499561,400100,[0.0],level,[0.0215],[0.003243281517229116],,0.006708203932499368,999,0.0,0,1,1.0,0.0215,0.003243281517229116,,,,,,,,,,,100,B,0.0,999,0.05,plan every contrast at alpha/K = 0.05000/1,B,2000
B_0101,B_joint,empirical_copula,1,holm,0.3,0.0,D4,2000,50,1000,0.05,0.05,0.0575,0.005205465877325487,0.0575,0.005205465877325487,,,,,,,58.287,13.5996923126959,38.0,57.0,82.0,0.0,0.9425,-0.00016092983204154922,0.16577454568822522,0.00027098465000017314,400101,[0.0],level,[0.0575],[0.005205465877325487],,0.005205465877325487,999,0.0,0,1,1.0,0.0575,0.005205465877325487,,,,,,,,,,,101,B,0.0,999,0.05,plan every contrast at alpha/K = 0.05000/1,B,2000
B_0102,B_joint,empirical_copula,1,holm,0.3,0.5,D3,2000,50,1000,0.05,0.05,0.8635,0.007676840170278393,,,0.8635,0.007676840170278393,0.8635,0.007676840170278393,,,65.231,13.733340416664841,45.0,64.0,90.0,0.0,0.8895,0.010528488469179585,0.1539267451200556,0.0002752391225003521,400102,[0.5],power,[0.8635],[0.007676840170278393],,0.007010340576605391,999,0.0,1,0,1.0,0.8635,0.007676840170278393,,,,,,,,,,,102,B,1.0,999,0.05,plan every contrast at alpha/K = 0.05000/1,B,2000
B_0103,B_joint,empirical_copula,1,holm,0.3,0.5,D4,2000,50,1000,0.05,0.05,0.8275,0.008448187675472178,,,0.8275,0.008448187675472178,0.8275,0.008448187675472178,,,58.9585,14.396137598328242,38.0,57.0,85.0,0.0,0.9515,-0.004652731064992185,0.16463408350268077,0.00029339717049879253,400103,[0.5],power,[0.8275],[0.008448187675472178],,0.004803527349771207,999,0.0,1,0,1.0,0.8275,0.008448187675472178,,,,,,,,,,,103,B,1.0,999,0.05,plan every contrast at alpha/K = 0.05000/1,B,2000
B_0104,B_joint,normal,1,holm,0.6,0.0,D3,2000,50,1000,0.05,0.05,0.0025,0.001116635571706365,0.0025,0.001116635571706365,,,,,,,64.911,10.497479649896922,49.0,64.0,84.0,0.0,0.974,-0.00039393709940570607,0.11194809012379679,0.00019660170000133803,400104,[0.0],level,[0.0025],[0.001116635571706365],,0.0035583704135460676,999,0.0,0,1,1.0,0.0025,0.001116635571706365,,,,,,,,,,,104,B,0.0,999,0.05,plan every contrast at alpha/K = 0.05000/1,B,2000
B_0105,B_joint,normal,1,holm,0.6,0.0,D4,2000,50,1000,0.05,0.05,0.0545,0.005075911248239078,0.0545,0.005075911248239078,,,,,,,32.8215,6.268942315095905,23.0,32.0,44.0,0.0,0.9455,-0.0076038989335796905,0.15918554232651,0.00019625826249830425,400105,[0.0],level,[0.0545],[0.005075911248239078],,0.005075911248239078,999,0.0,0,1,1.0,0.0545,0.005075911248239078,,,,,,,,,,,105,B,0.0,999,0.05,plan every contrast at alpha/K = 0.05000/1,B,2000
B_0106,B_joint,normal,1,holm,0.6,0.5,D3,2000,50,1000,0.05,0.05,0.9135,0.006285608562422576,,,0.9135,0.006285608562422576,0.9135,0.006285608562422576,,,65.3635,10.377252418149999,49.0,65.0,83.0,0.0,0.9745,0.00047240873910362006,0.11245538080999763,0.0002191054085014912,400106,[0.5],power,[0.9135],[0.006285608562422576],,0.00352489361541593,999,0.0,1,0,1.0,0.9135,0.006285608562422576,,,,,,,,,,,106,B,1.0,999,0.05,plan every contrast at alpha/K = 0.05000/1,B,2000
B_0107,B_joint,normal,1,holm,0.6,0.5,D4,2000,50,1000,0.05,0.05,0.8665,0.0076051873744175415,,,0.8665,0.0076051873744175415,0.8665,0.0076051873744175415,,,32.9305,6.294177448245322,23.0,32.0,44.0,0.0,0.9475,-0.0007469683420773661,0.1586085821614585,0.0002073170570001821,400107,[0.5],power,[0.8665],[0.0076051873744175415],,0.004987171041783106,999,0.0,1,0,1.0,0.8665,0.0076051873744175415,,,,,,,,,,,107,B,1.0,999,0.05,plan every contrast at alpha/K = 0.05000/1,B,2000
B_0108,B_joint,empirical_copula,1,holm,0.6,0.0,D3,2000,50,1000,0.05,0.05,0.0035,0.0013205585939290994,0.0035,0.0013205585939290994,,,,,,,65.3155,15.698661081442582,42.0,64.0,93.0,0.0,0.9595,0.009419606446392025,0.11864495217952427,0.00029161276500053645,400108,[0.0],level,[0.0035],[0.0013205585939290994],,0.004407933189148855,999,0.0,0,1,1.0,0.0035,0.0013205585939290994,,,,,,,,,,,108,B,0.0,999,0.05,plan every contrast at alpha/K = 0.05000/1,B,2000
B_0109,B_joint,empirical_copula,1,holm,0.6,0.0,D4,2000,50,1000,0.05,0.05,0.0575,0.005205465877325487,0.0575,0.005205465877325487,,,,,,,38.369,9.803664569945262,24.0,37.0,57.0,0.0,0.9425,-0.0012602121404609284,0.16616501919093535,0.00030315544800032514,400109,[0.0],level,[0.0575],[0.005205465877325487],,0.005205465877325487,999,0.0,0,1,1.0,0.0575,0.005205465877325487,,,,,,,,,,,109,B,0.0,999,0.05,plan every contrast at alpha/K = 0.05000/1,B,2000
B_0110,B_joint,empirical_copula,1,holm,0.6,0.5,D3,2000,50,1000,0.05,0.05,0.911,0.006367063687446513,,,0.911,0.006367063687446513,0.911,0.006367063687446513,,,65.3415,14.838762675843295,44.0,64.0,91.0,0.0,0.9485,0.004119844574699797,0.12241071156879944,0.00025310638150040176,400110,[0.5],power,[0.911],[0.006367063687446513],,0.004942051699446293,999,0.0,1,0,1.0,0.911,0.006367063687446513,,,,,,,,,,,110,B,1.0,999,0.05,plan every contrast at alpha/K = 0.05000/1,B,2000
B_0111,B_joint,empirical_copula,1,holm,0.6,0.5,D4,2000,50,1000,0.05,0.05,0.8335,0.008329998499399624,,,0.8335,0.008329998499399624,0.8335,0.008329998499399624,,,38.081,9.241289899142867,25.0,37.0,55.0,0.0,0.947,-0.0002917371644541633,0.15982286933572282,0.00027770745899942997,400111,[0.5],power,[0.8335],[0.008329998499399624],,0.005009540897128201,999,0.0,1,0,1.0,0.8335,0.008329998499399624,,,,,,,,,,,111,B,1.0,999,0.05,plan every contrast at alpha/K = 0.05000/1,B,2000
B_0112,B_joint,normal,1,holm,0.9,0.0,D3,2000,50,1000,0.05,0.05,0.0,0.0,0.0,0.0,,,,,,,65.395,12.206677475873603,46.0,65.0,87.0,0.0,1.0,-0.0008250539001232644,0.05623749859045961,0.00017849783950077836,400112,[0.0],level,[0.0],[0.0],,0.0,999,0.0,0,1,1.0,0.0,0.0,,,,,,,,,,,112,B,0.0,999,0.05,plan every contrast at alpha/K = 0.05000/1,B,2000
B_0113,B_joint,normal,1,holm,0.9,0.0,D4,2000,50,1000,0.05,0.05,0.0415,0.004459694496263169,0.0415,0.004459694496263169,,,,,,,10.1545,1.483114880917861,8.0,10.0,13.0,0.0,0.9585,-8.772282783059415e-05,0.1408259767801795,0.00021684999100034474,400113,[0.0],level,[0.0415],[0.004459694496263169],,0.004459694496263168,999,0.0,0,1,1.0,0.0415,0.004459694496263169,,,,,,,,,,,113,B,0.0,999,0.05,plan every contrast at alpha/K = 0.05000/1,B,2000
B_0114,B_joint,normal,1,holm,0.9,0.5,D3,2000,50,1000,0.05,0.05,0.9955,0.0014966211945579198,,,0.9955,0.0014966211945579198,0.9955,0.0014966211945579198,,,64.7695,12.129401046630457,46.0,64.0,86.0,0.0,1.0,0.0014905674430081635,0.0562254760142115,0.00019740021550023812,400114,[0.5],power,[0.9955],[0.0014966211945579198],,0.0,999,0.0,1,0,1.0,0.9955,0.0014966211945579198,,,,,,,,,,,114,B,1.0,999,0.05,plan every contrast at alpha/K = 0.05000/1,B,2000
B_0115,B_joint,normal,1,holm,0.9,0.5,D4,2000,50,1000,0.05,0.05,0.8735,0.0074329586975846965,,,0.8735,0.0074329586975846965,0.8735,0.0074329586975846965,,,10.174,1.4593573928274046,8.0,10.0,13.0,0.0,0.9455,0.0020481444625611495,0.1445529716518304,0.0002154565275013738,400115,[0.5],power,[0.8735],[0.0074329586975846965],,0.005075911248239078,999,0.0,1,0,1.0,0.8735,0.0074329586975846965,,,,,,,,,,,115,B,1.0,999,0.05,plan every contrast at alpha/K = 0.05000/1,B,2000
B_0116,B_joint,empirical_copula,1,holm,0.9,0.0,D3,2000,50,1000,0.05,0.05,0.0005,0.0004998749843710925,0.0005,0.0004998749843710925,,,,,,,65.2385,16.664621740381627,40.0,63.0,95.0,0.0,0.997,0.006985642506967974,0.07587167686080472,0.00027521033350058133,400116,[0.0],level,[0.0005],[0.0004998749843710925],,0.0012229063741758816,999,0.0,0,1,1.0,0.0005,0.0004998749843710925,,,,,,,,,,,116,B,0.0,999,0.05,plan every contrast at alpha/K = 0.05000/1,B,2000
B_0117,B_joint,empirical_copula,1,holm,0.9,0.0,D4,2000,50,1000,0.05,0.05,0.0685,0.0056483515294287415,0.0685,0.0056483515294287415,,,,,,,16.833,3.774402071851911,11.0,17.0,24.0,0.0,0.9315,0.0004516967211123091,0.15648747997459675,0.0002946761985003832,400117,[0.0],level,[0.0685],[0.0056483515294287415],,0.0056483515294287415,999,0.0,0,1,1.0,0.0685,0.0056483515294287415,,,,,,,,,,,117,B,0.0,999,0.05,plan every contrast at alpha/K = 0.05000/1,B,2000
B_0118,B_joint,empirical_copula,1,holm,0.9,0.5,D3,2000,50,1000,0.05,0.05,0.9795,0.0031685761786644775,,,0.9795,0.0031685761786644775,0.9795,0.0031685761786644775,,,65.585,16.687803180766483,41.0,64.0,96.0,0.0,0.998,0.004672236998205189,0.0761958060217167,0.0003072302144992136,400118,[0.5],power,[0.9795],[0.0031685761786644775],,0.0009989994994993746,999,0.0,1,0,1.0,0.9795,0.0031685761786644775,,,,,,,,,,,118,B,1.0,999,0.05,plan every contrast at alpha/K = 0.05000/1,B,2000
B_0119,B_joint,empirical_copula,1,holm,0.9,0.5,D4,2000,50,1000,0.05,0.05,0.811,0.00875439889427024,,,0.811,0.00875439889427024,0.811,0.00875439889427024,,,16.547,3.6255745751535717,11.0,16.0,23.0,0.0,0.928,-0.001866420169649784,0.15829297039303483,0.0003011077849987487,400119,[0.5],power,[0.811],[0.00875439889427024],,0.0057799653978203,999,0.0,1,0,1.0,0.811,0.00875439889427024,,,,,,,,,,,119,B,1.0,999,0.05,plan every contrast at alpha/K = 0.05000/1,B,2000
B_0120,B_joint,normal,1,bh,-0.3,0.0,D3,2000,50,1000,0.05,0.05,0.1005,0.006723085229267884,0.1005,0.006723085229267884,,,,,0.1005,0.006723085229267884,65.2915,9.562349489011579,51.0,65.0,81.0,0.0,0.7675,-0.0005312610197093308,0.20661033645838142,0.00020144314599929202,400120,[0.0],level,[0.1005],[0.006723085229267884],0.1005,0.009445733163709422,999,0.0,0,1,1.0,0.1005,0.006723085229267884,,,,,,,,,,,120,B,0.0,999,0.05,BH: plan at alpha*r/K with r = 1 pre-declared expected rejections (r = 1 reduces to Bonferroni).,B,2000
B_0121,B_joint,normal,1,bh,-0.3,0.0,D4,2000,50,1000,0.05,0.05,0.0555,0.005119558086397693,0.0555,0.005119558086397693,,,,,0.0555,0.005119558086397693,100.6695,19.951172139751588,70.0,100.0,136.0,0.0,0.9445,0.004459442019536521,0.1664714873204684,0.00021236992599915538,400121,[0.0],level,[0.0555],[0.005119558086397693],0.0555,0.005119558086397692,999,0.0,0,1,1.0,0.0555,0.005119558086397693,,,,,,,,,,,121,B,0.0,999,0.05,BH: plan at alpha*r/K with r = 1 pre-declared expected rejections (r = 1 reduces to Bonferroni).,B,2000
B_0122,B_joint,normal,1,bh,-0.3,0.5,D3,2000,50,1000,0.05,0.05,0.7765,0.009315249594079592,,,0.7765,0.009315249594079592,0.7765,0.009315249594079592,0.0,0.0,65.233,9.62240671557797,51.0,65.0,82.0,0.0,0.77,-0.00626046944351933,0.20236430581809006,0.0002148909999996249,400122,[0.5],power,[0.7765],[0.009315249594079592],0.0,0.009410100955887773,999,0.0,1,0,1.0,0.7765,0.009315249594079592,,,,,,,,,,,122,B,1.0,999,0.05,BH: plan at alpha*r/K with r = 1 pre-declared expected rejections (r = 1 reduces to Bonferroni).,B,2000
B_0123,B_joint,normal,1,bh,-0.3,0.5,D4,2000,50,1000,0.05,0.05,0.867,0.00759312188760328,,,0.867,0.00759312188760328,0.867,0.00759312188760328,0.0,0.0,100.4145,19.994716545877814,71.0,99.0,135.0,0.0,0.9575,0.0017857838317385923,0.15922698137637176,0.00020817998250095116,400123,[0.5],power,[0.867],[0.00759312188760328],0.0,0.004510751046111944,999,0.0,1,0,1.0,0.867,0.00759312188760328,,,,,,,,,,,123,B,1.0,999,0.05,BH: plan at alpha*r/K with r = 1 pre-declared expected rejections (r = 1 reduces to Bonferroni).,B,2000
B_0124,B_joint,empirical_copula,1,bh,-0.3,0.0,D3,2000,50,1000,0.05,0.05,0.0815,0.006117914268768401,0.0815,0.006117914268768401,,,,,0.0815,0.006117914268768401,65.531,13.359230479335253,45.0,64.0,90.0,0.0,0.778,0.00842701982326255,0.19770411627033377,0.0002756141645004391,400124,[0.0],level,[0.0815],[0.006117914268768401],0.0815,0.009292900515985306,999,0.0,0,1,1.0,0.0815,0.006117914268768401,,,,,,,,,,,124,B,0.0,999,0.05,BH: plan at alpha*r/K with r = 1 pre-declared expected rejections (r = 1 reduces to Bonferroni).,B,2000
B_0125,B_joint,empirical_copula,1,bh,-0.3,0.0,D4,2000,50,1000,0.05,0.05,0.051,0.004919298730510275,0.051,0.004919298730510275,,,,,0.051,0.004919298730510275,96.846,22.56553309806795,63.0,95.0,138.0,0.0,0.949,0.0014967309950953676,0.16743580745006817,0.0002699629520011513,400125,[0.0],level,[0.051],[0.004919298730510275],0.051,0.004919298730510276,999,0.0,0,1,1.0,0.051,0.004919298730510275,,,,,,,,,,,125,B,0.0,999,0.05,BH: plan at alpha*r/K with r = 1 pre-declared expected rejections (r = 1 reduces to Bonferroni).,B,2000
B_0126,B_joint,empirical_copula,1,bh,-0.3,0.5,D3,2000,50,1000,0.05,0.05,0.802,0.008910555538236659,,,0.802,0.008910555538236659,0.802,0.008910555538236659,0.0,0.0,65.0,12.922770600765146,45.0,64.0,88.0,0.0,0.7795,0.013140245870198842,0.1991741572969423,0.0002827040614993166,400126,[0.5],power,[0.802],[0.008910555538236659],0.0,0.009270376205958419,999,0.0,1,0,1.0,0.802,0.008910555538236659,,,,,,,,,,,126,B,1.0,999,0.05,BH: plan at alpha*r/K with r = 1 pre-declared expected rejections (r = 1 reduces to Bonferroni).,B,2000
B_0127,B_joint,empirical_copula,1,bh,-0.3,0.5,D4,2000,50,1000,0.05,0.05,0.8445,0.008103078118838543,,,0.8445,0.008103078118838543,0.8445,0.008103078118838543,0.0,0.0,97.588,22.98693663801247,64.0,96.0,137.04999999999995,0.0,0.948,0.0017456897717387987,0.16549544135944014,0.0002744610659992759,400127,[0.5],power,[0.8445],[0.008103078118838543],0.0,0.0049646752159632785,999,0.0,1,0,1.0,0.8445,0.008103078118838543,,,,,,,,,,,127,B,1.0,999,0.05,BH: plan at alpha*r/K with r = 1 pre-declared expected rejections (r = 1 reduces to Bonferroni).,B,2000
B_0128,B_joint,normal,1,bh,0.0,0.0,D3,2000,50,1000,0.05,0.05,0.065,0.005512485827646181,0.065,0.005512485827646181,,,,,0.065,0.005512485827646181,65.221,8.80449652166437,52.0,65.0,81.0,0.0,0.8205,-0.0001031628937984892,0.18300880413185563,0.00021955560199967295,400128,[0.0],level,[0.065],[0.005512485827646181],0.065,0.008581367897951934,999,0.0,0,1,1.0,0.065,0.005512485827646181,,,,,,,,,,,128,B,0.0,999,0.05,BH: plan at alpha*r/K with r = 1 pre-declared expected rejections (r = 1 reduces to Bonferroni).,B,2000
B_0129,B_joint,normal,1,bh,0.0,0.0,D4,2000,50,1000,0.05,0.05,0.046,0.00468422885862764,0.046,0.00468422885862764,,,,,0.046,0.00468422885862764,78.375,15.364679462976115,55.0,77.0,106.0,0.0,0.954,0.004119224540327966,0.16215186364793957,0.00018469029300104012,400129,[0.0],level,[0.046],[0.00468422885862764],0.046,0.0046842288586276416,999,0.0,0,1,1.0,0.046,0.00468422885862764,,,,,,,,,,,129,B,0.0,999,0.05,BH: plan at alpha*r/K with r = 1 pre-declared expected rejections (r = 1 reduces to Bonferroni).,B,2000
B_0130,B_joint,normal,1,bh,0.0,0.5,D3,2000,50,1000,0.05,0.05,0.8175,0.008636948245763661,,,0.8175,0.008636948245763661,0.8175,0.008636948245763661,0.0,0.0,65.1885,8.930619673348541,51.0,65.0,80.0,0.0,0.838,0.001821353346665342,0.17312003677825402,0.00021243642650006222,400130,[0.5],power,[0.8175],[0.008636948245763661],0.0,0.008238810593768981,999,0.0,1,0,1.0,0.8175,0.008636948245763661,,,,,,,,,,,130,B,1.0,999,0.05,BH: plan at alpha*r/K with r = 1 pre-declared expected rejections (r = 1 reduces to Bonferroni).,B,2000
B_0131,B_joint,normal,1,bh,0.0,0.5,D4,2000,50,1000,0.05,0.05,0.841,0.008176765864325577,,,0.841,0.008176765864325577,0.841,0.008176765864325577,0.0,0.0,78.55,15.43287076340627,56.0,78.0,105.0,0.0,0.9435,-0.006992482422533016,0.1670678121744961,0.00018723092999971413,400131,[0.5],power,[0.841],[0.008176765864325577],0.0,0.005162739098579358,999,0.0,1,0,1.0,0.841,0.008176765864325577,,,,,,,,,,,131,B,1.0,999,0.05,BH: plan at alpha*r/K with r = 1 pre-declared expected rejections (r = 1 reduces to Bonferroni).,B,2000
B_0132,B_joint,empirical_copula,1,bh,0.0,0.0,D3,2000,50,1000,0.05,0.05,0.0535,0.005031786462082826,0.0535,0.005031786462082826,,,,,0.0535,0.005031786462082826,65.58,12.88330702886491,46.0,64.0,89.0,0.0,0.8365,0.0019167462660021873,0.17463771481367507,0.00025778292349968977,400132,[0.0],level,[0.0535],[0.005031786462082826],0.0535,0.008269454335081607,999,0.0,0,1,1.0,0.0535,0.005031786462082826,,,,,,,,,,,132,B,0.0,999,0.05,BH: plan at alpha*r/K with r = 1 pre-declared expected rejections (r = 1 reduces to Bonferroni).,B,2000
B_0133,B_joint,empirical_copula,1,bh,0.0,0.0,D4,2000,50,1000,0.05,0.05,0.05,0.004873397172404482,0.05,0.004873397172404482,,,,,0.05,0.004873397172404482,78.5955,19.008100371946693,50.0,77.0,113.0,0.0,0.95,0.0053634609913642915,0.16486028020354127,0.0002681178384991654,400133,[0.0],level,[0.05],[0.004873397172404482],0.05,0.004873397172404485,999,0.0,0,1,1.0,0.05,0.004873397172404482,,,,,,,,,,,133,B,0.0,999,0.05,BH: plan at alpha*r/K with r = 1 pre-declared expected rejections (r = 1 reduces to Bonferroni).,B,2000
B_0134,B_joint,empirical_copula,1,bh,0.0,0.5,D3,2000,50,1000,0.05,0.05,0.813,0.00871868682772813,,,0.813,0.00871868682772813,0.813,0.00871868682772813,0.0,0.0,65.1745,12.625729671983319,46.0,64.0,87.0,0.0,0.8275,0.002417369122085123,0.1773987158685325,0.0002719060540002829,400134,[0.5],power,[0.813],[0.00871868682772813],0.0,0.008448187675472178,999,0.0,1,0,1.0,0.813,0.00871868682772813,,,,,,,,,,,134,B,1.0,999,0.05,BH: plan at alpha*r/K with r = 1 pre-declared expected rejections (r = 1 reduces to Bonferroni).,B,2000
B_0135,B_joint,empirical_copula,1,bh,0.0,0.5,D4,2000,50,1000,0.05,0.05,0.852,0.007940277073251286,,,0.852,0.007940277073251286,0.852,0.007940277073251286,0.0,0.0,78.504,18.086320355450965,51.0,77.0,110.0,0.0,0.956,0.0019976318729902857,0.15745095733492664,0.0002590070504993491,400135,[0.5],power,[0.852],[0.007940277073251286],0.0,0.004586065852122058,999,0.0,1,0,1.0,0.852,0.007940277073251286,,,,,,,,,,,135,B,1.0,999,0.05,BH: plan at alpha*r/K with r = 1 pre-declared expected rejections (r = 1 reduces to Bonferroni).,B,2000
B_0136,B_joint,normal,1,bh,0.3,0.0,D3,2000,50,1000,0.05,0.05,0.0215,0.003243281517229116,0.0215,0.003243281517229116,,,,,0.0215,0.003243281517229116,65.039,9.271864914891719,50.0,65.0,81.0,0.0,0.8915,-0.0012282554266906734,0.15105460245645203,0.00022509908050051308,400136,[0.0],level,[0.0215],[0.003243281517229116],0.0215,0.00695441406590088,999,0.0,0,1,1.0,0.0215,0.003243281517229116,,,,,,,,,,,136,B,0.0,999,0.05,BH: plan at alpha*r/K with r = 1 pre-declared expected rejections (r = 1 reduces to Bonferroni).,B,2000
B_0137,B_joint,normal,1,bh,0.3,0.0,D4,2000,50,1000,0.05,0.05,0.0555,0.005119558086397693,0.0555,0.005119558086397693,,,,,0.0555,0.005119558086397693,55.5935,10.664157620271748,39.0,55.0,74.0,0.0,0.9445,0.0004592361928344175,0.16233740431412158,0.0002001488669993705,400137,[0.0],level,[0.0555],[0.005119558086397693],0.0555,0.005119558086397692,999,0.0,0,1,1.0,0.0555,0.005119558086397693,,,,,,,,,,,137,B,0.0,999,0.05,BH: plan at alpha*r/K with r = 1 pre-declared expected rejections (r = 1 reduces to Bonferroni).,B,2000
B_0138,B_joint,normal,1,bh,0.3,0.5,D3,2000,50,1000,0.05,0.05,0.8525,0.007929178709046731,,,0.8525,0.007929178709046731,0.8525,0.007929178709046731,0.0,0.0,65.248,9.488387428852175,51.0,65.0,82.0,0.0,0.8995,-0.00010449453593731195,0.14883133787669037,0.00021403270449991396,400138,[0.5],power,[0.8525],[0.007929178709046731],0.0,0.006723085229267885,999,0.0,1,0,1.0,0.8525,0.007929178709046731,,,,,,,,,,,138,B,1.0,999,0.05,BH: plan at alpha*r/K with r = 1 pre-declared expected rejections (r = 1 reduces to Bonferroni).,B,2000
B_0139,B_joint,normal,1,bh,0.3,0.5,D4,2000,50,1000,0.05,0.05,0.861,0.0077355995242773526,,,0.861,0.0077355995242773526,0.861,0.0077355995242773526,0.0,0.0,55.7595,10.643479682415897,39.0,55.0,74.0,0.0,0.945,-0.0021213390540311683,0.16619556585272233,0.00019163129899970954,400139,[0.5],power,[0.861],[0.0077355995242773526],0.0,0.005097793640389931,999,0.0,1,0,1.0,0.861,0.0077355995242773526,,,,,,,,,,,139,B,1.0,999,0.05,BH: plan at alpha*r/K with r = 1 pre-declared expected rejections (r = 1 reduces to Bonferroni).,B,2000
B_0140,B_joint,empirical_copula,1,bh,0.3,0.0,D3,2000,50,1000,0.05,0.05,0.032,0.0039354796403996304,0.032,0.0039354796403996304,,,,,0.032,0.0039354796403996304,65.21,14.204432406822878,44.0,64.0,90.0,0.0,0.8835,0.00751668928539933,0.15410636979886946,0.0002579387924997718,400140,[0.0],level,[0.032],[0.0039354796403996304],0.032,0.007173832657652395,999,0.0,0,1,1.0,0.032,0.0039354796403996304,,,,,,,,,,,140,B,0.0,999,0.05,BH: plan at alpha*r/K with r = 1 pre-declared expected rejections (r = 1 reduces to Bonferroni).,B,2000
B_0141,B_joint,empirical_copula,1,bh,0.3,0.0,D4,2000,50,1000,0.05,0.05,0.0565,0.005162739098579358,0.0565,0.005162739098579358,,,,,0.0565,0.005162739098579358,58.9395,14.664339049203683,37.0,58.0,85.0,0.0,0.9435,-0.0010083161886705976,0.16874903464913157,0.00028523919149847643,400141,[0.0],level,[0.0565],[0.005162739098579358],0.0565,0.005162739098579358,999,0.0,0,1,1.0,0.0565,0.005162739098579358,,,,,,,,,,,141,B,0.0,999,0.05,BH: plan at alpha*r/K with r = 1 pre-declared expected rejections (r = 1 reduces to Bonferroni).,B,2000
B_0142,B_joint,empirical_copula,1,bh,0.3,0.5,D3,2000,50,1000,0.05,0.05,0.848,0.008027951170753346,,,0.848,0.008027951170753346,0.848,0.008027951170753346,0.0,0.0,65.582,13.772046906687475,45.0,64.0,89.0,0.0,0.8985,0.0033398464609945898,0.15228504609791282,0.00027702129550016255,400142,[0.5],power,[0.848],[0.008027951170753346],0.0,0.006752693906878944,999,0.0,1,0,1.0,0.848,0.008027951170753346,,,,,,,,,,,142,B,1.0,999,0.05,BH: plan at alpha*r/K with r = 1 pre-declared expected rejections (r = 1 reduces to Bonferroni).,B,2000
B_0143,B_joint,empirical_copula,1,bh,0.3,0.5,D4,2000,50,1000,0.05,0.05,0.837,0.00825926752200218,,,0.837,0.00825926752200218,0.837,0.00825926752200218,0.0,0.0,58.9845,14.081521925914116,38.0,58.0,84.0,0.0,0.95,-0.0009021357813872024,0.1621926401345108,0.00029074100899924814,400143,[0.5],power,[0.837],[0.00825926752200218],0.0,0.004873397172404485,999,0.0,1,0,1.0,0.837,0.00825926752200218,,,,,,,,,,,143,B,1.0,999,0.05,BH: plan at alpha*r/K with r = 1 pre-declared expected rejections (r = 1 reduces to Bonferroni).,B,2000
B_0144,B_joint,normal,1,bh,0.6,0.0,D3,2000,50,1000,0.05,0.05,0.001,0.0007067531393633848,0.001,0.0007067531393633848,,,,,0.001,0.0007067531393633848,65.5165,10.202829399240192,50.0,65.0,84.0,0.0,0.9715,-0.0015765720092690194,0.11335103463650731,0.00019278814049903303,400144,[0.0],level,[0.001],[0.0007067531393633848],0.001,0.003720735814324901,999,0.0,0,1,1.0,0.001,0.0007067531393633848,,,,,,,,,,,144,B,0.0,999,0.05,BH: plan at alpha*r/K with r = 1 pre-declared expected rejections (r = 1 reduces to Bonferroni).,B,2000
B_0145,B_joint,normal,1,bh,0.6,0.0,D4,2000,50,1000,0.05,0.05,0.046,0.00468422885862764,0.046,0.00468422885862764,,,,,0.046,0.00468422885862764,32.6295,5.932725322311829,23.0,32.0,43.0,0.0,0.954,0.006003024695265685,0.15435360102791976,0.00020372813799986034,400145,[0.0],level,[0.046],[0.00468422885862764],0.046,0.0046842288586276416,999,0.0,0,1,1.0,0.046,0.00468422885862764,,,,,,,,,,,145,B,0.0,999,0.05,BH: plan at alpha*r/K with r = 1 pre-declared expected rejections (r = 1 reduces to Bonferroni).,B,2000
B_0146,B_joint,normal,1,bh,0.6,0.5,D3,2000,50,1000,0.05,0.05,0.914,0.006269130721240385,,,0.914,0.006269130721240385,0.914,0.006269130721240385,0.0,0.0,65.0865,10.571992137246413,49.0,64.0,83.04999999999995,0.0,0.9615,-0.0008840936243652692,0.11379056597139352,0.00018950999750086338,400146,[0.5],power,[0.914],[0.006269130721240385],0.0,0.004302194207610808,999,0.0,1,0,1.0,0.914,0.006269130721240385,,,,,,,,,,,146,B,1.0,999,0.05,BH: plan at alpha*r/K with r = 1 pre-declared expected rejections (r = 1 reduces to Bonferroni).,B,2000
B_0147,B_joint,normal,1,bh,0.6,0.5,D4,2000,50,1000,0.05,0.05,0.854,0.007895695029571494,,,0.854,0.007895695029571494,0.854,0.007895695029571494,0.0,0.0,32.7475,5.958501804145064,24.0,33.0,43.0,0.0,0.947,-0.002538703418870383,0.16040001083048225,0.00020624426549875353,400147,[0.5],power,[0.854],[0.007895695029571494],0.0,0.005009540897128201,999,0.0,1,0,1.0,0.854,0.007895695029571494,,,,,,,,,,,147,B,1.0,999,0.05,BH: plan at alpha*r/K with r = 1 pre-declared expected rejections (r = 1 reduces to Bonferroni).,B,2000
B_0148,B_joint,empirical_copula,1,bh,0.6,0.0,D3,2000,50,1000,0.05,0.05,0.0045,0.0014966211945579282,0.0045,0.0014966211945579282,,,,,0.0045,0.0014966211945579282,64.759,14.327174145657615,44.0,63.0,91.0,0.0,0.959,0.00645678520194026,0.11927225671427974,0.00026926565100075095,400148,[0.0],level,[0.0045],[0.0014966211945579282],0.0045,0.00443390347211123,999,0.0,0,1,1.0,0.0045,0.0014966211945579282,,,,,,,,,,,148,B,0.0,999,0.05,BH: plan at alpha*r/K with r = 1 pre-declared expected rejections (r = 1 reduces to Bonferroni).,B,2000
B_0149,B_joint,empirical_copula,1,bh,0.6,0.0,D4,2000,50,1000,0.05,0.05,0.054,0.005053909377897471,0.054,0.005053909377897471,,,,,0.054,0.005053909377897471,37.905,9.572041318339574,24.0,37.0,55.0,0.0,0.946,0.0026460301337163043,0.1608583990599943,0.000290638388500156,400149,[0.0],level,[0.054],[0.005053909377897471],0.054,0.005053909377897473,999,0.0,0,1,1.0,0.054,0.005053909377897471,,,,,,,,,,,149,B,0.0,999,0.05,BH: plan at alpha*r/K with r = 1 pre-declared expected rejections (r = 1 reduces to Bonferroni).,B,2000
B_0150,B_joint,empirical_copula,1,bh,0.6,0.5,D3,2000,50,1000,0.05,0.05,0.914,0.006269130721240385,,,0.914,0.006269130721240385,0.914,0.006269130721240385,0.0,0.0,65.0105,14.74426633474857,43.0,64.0,92.0,0.0,0.95,0.00904803383168726,0.12184320746139606,0.00027488966999953844,400150,[0.5],power,[0.914],[0.006269130721240385],0.0,0.004873397172404485,999,0.0,1,0,1.0,0.914,0.006269130721240385,,,,,,,,,,,150,B,1.0,999,0.05,BH: plan at alpha*r/K with r = 1 pre-declared expected rejections (r = 1 reduces to Bonferroni).,B,2000
B_0151,B_joint,empirical_copula,1,bh,0.6,0.5,D4,2000,50,1000,0.05,0.05,0.8395,0.00820791538699078,,,0.8395,0.00820791538699078,0.8395,0.00820791538699078,0.0,0.0,38.554,9.725229251796586,24.0,38.0,56.0,0.0,0.945,0.0031399484018362735,0.16069570991863708,0.00029557043600107134,400151,[0.5],power,[0.8395],[0.00820791538699078],0.0,0.005097793640389931,999,0.0,1,0,1.0,0.8395,0.00820791538699078,,,,,,,,,,,151,B,1.0,999,0.05,BH: plan at alpha*r/K with r = 1 pre-declared expected rejections (r = 1 reduces to Bonferroni).,B,2000
B_0152,B_joint,normal,1,bh,0.9,0.0,D3,2000,50,1000,0.05,0.05,0.0,0.0,0.0,0.0,,,,,0.0,0.0,65.636,12.219717836349577,47.0,65.0,87.0,0.0,1.0,-0.00038181372794046404,0.055060382465300206,0.00018233010900075896,400152,[0.0],level,[0.0],[0.0],0.0,0.0,999,0.0,0,1,1.0,0.0,0.0,,,,,,,,,,,152,B,0.0,999,0.05,BH: plan at alpha*r/K with r = 1 pre-declared expected rejections (r = 1 reduces to Bonferroni).,B,2000
B_0153,B_joint,normal,1,bh,0.9,0.0,D4,2000,50,1000,0.05,0.05,0.04,0.004381780460041329,0.04,0.004381780460041329,,,,,0.04,0.004381780460041329,10.196,1.5203894237990476,8.0,10.0,13.0,0.0,0.96,0.000890277782083469,0.13923176279171606,0.0002141549345014937,400153,[0.0],level,[0.04],[0.004381780460041329],0.04,0.004381780460041331,999,0.0,0,1,1.0,0.04,0.004381780460041329,,,,,,,,,,,153,B,0.0,999,0.05,BH: plan at alpha*r/K with r = 1 pre-declared expected rejections (r = 1 reduces to Bonferroni).,B,2000
B_0154,B_joint,normal,1,bh,0.9,0.5,D3,2000,50,1000,0.05,0.05,0.993,0.0018642692938521525,,,0.993,0.0018642692938521525,0.993,0.0018642692938521525,0.0,0.0,65.5395,12.169775665557685,47.0,65.0,87.0,0.0,1.0,-0.0006238739543872218,0.056680407854644614,0.00019128781399922444,400154,[0.5],power,[0.993],[0.0018642692938521525],0.0,0.0,999,0.0,1,0,1.0,0.993,0.0018642692938521525,,,,,,,,,,,154,B,1.0,999,0.05,BH: plan at alpha*r/K with r = 1 pre-declared expected rejections (r = 1 reduces to Bonferroni).,B,2000
B_0155,B_joint,normal,1,bh,0.9,0.5,D4,2000,50,1000,0.05,0.05,0.884,0.0071604469134265636,,,0.884,0.0071604469134265636,0.884,0.0071604469134265636,0.0,0.0,10.162,1.545883566120036,8.0,10.0,13.0,0.0,0.9515,-0.0013647558967179053,0.14093067379350888,0.0002185491729997011,400155,[0.5],power,[0.884],[0.0071604469134265636],0.0,0.004803527349771207,999,0.0,1,0,1.0,0.884,0.0071604469134265636,,,,,,,,,,,155,B,1.0,999,0.05,BH: plan at alpha*r/K with r = 1 pre-declared expected rejections (r = 1 reduces to Bonferroni).,B,2000
B_0156,B_joint,empirical_copula,1,bh,0.9,0.0,D3,2000,50,1000,0.05,0.05,0.0,0.0,0.0,0.0,,,,,0.0,0.0,65.203,16.12962463915388,41.0,64.0,93.0,0.0,0.9955,0.0035667129767591767,0.07840694420330858,0.0002821191744988027,400156,[0.0],level,[0.0],[0.0],0.0,0.0014966211945579198,999,0.0,0,1,1.0,0.0,0.0,,,,,,,,,,,156,B,0.0,999,0.05,BH: plan at alpha*r/K with r = 1 pre-declared expected rejections (r = 1 reduces to Bonferroni).,B,2000
B_0157,B_joint,empirical_copula,1,bh,0.9,0.0,D4,2000,50,1000,0.05,0.05,0.064,0.005472842040475863,0.064,0.005472842040475863,,,,,0.064,0.005472842040475863,16.8425,3.8841593363300637,11.0,16.0,24.0,0.0,0.936,0.0008545916585051584,0.15470970844265153,0.0002624342835006246,400157,[0.0],level,[0.064],[0.005472842040475863],0.064,0.00547284204047586,999,0.0,0,1,1.0,0.064,0.005472842040475863,,,,,,,,,,,157,B,0.0,999,0.05,BH: plan at alpha*r/K with r = 1 pre-declared expected rejections (r = 1 reduces to Bonferroni).,B,2000
B_0158,B_joint,empirical_copula,1,bh,0.9,0.5,D3,2000,50,1000,0.05,0.05,0.974,0.0035583704135460676,,,0.974,0.0035583704135460676,0.974,0.0035583704135460676,0.0,0.0,65.5995,17.26878975927381,41.0,64.0,97.0,0.0,0.997,0.003259178661839542,0.07727255466736684,0.0002944324609998148,400158,[0.5],power,[0.974],[0.0035583704135460676],0.0,0.0012229063741758816,999,0.0,1,0,1.0,0.974,0.0035583704135460676,,,,,,,,,,,158,B,1.0,999,0.05,BH: plan at alpha*r/K with r = 1 pre-declared expected rejections (r = 1 reduces to Bonferroni).,B,2000
B_0159,B_joint,empirical_copula,1,bh,0.9,0.5,D4,2000,50,1000,0.05,0.05,0.82,0.008590692637965813,,,0.82,0.008590692637965813,0.82,0.008590692637965813,0.0,0.0,16.668,3.800233677025664,11.0,16.0,23.0,0.0,0.9235,0.003401118894212781,0.15200223942042151,0.0002659050465008477,400159,[0.5],power,[0.82],[0.008590692637965813],0.0,0.005943389184631948,999,0.0,1,0,1.0,0.82,0.008590692637965813,,,,,,,,,,,159,B,1.0,999,0.05,BH: plan at alpha*r/K with r = 1 pre-declared expected rejections (r = 1 reduces to Bonferroni).,B,2000
B_0160,B_joint,normal,1,romano_wolf,-0.3,0.0,D3,2000,50,1000,0.05,0.05,0.0815,0.006117914268768401,0.0815,0.006117914268768401,,,,,,,65.3725,9.284866382991195,51.0,65.0,81.0,0.0,0.782,0.0017988592781106795,0.19960352005221793,0.00018643225000050735,400160,[0.0],level,[0.0815],[0.006117914268768401],,0.009232442797006652,999,0.0,0,1,1.0,0.0815,0.006117914268768401,,,,,,,,,,,160,B,0.0,999,0.05,Romano-Wolf power is planned by simulation from Sigma_D (§4.4); use this alpha at the stepdown.,B,2000
B_0161,B_joint,normal,1,romano_wolf,-0.3,0.0,D4,2000,50,1000,0.05,0.05,0.0605,0.005331029450303197,0.0605,0.005331029450303197,,,,,,,100.9305,20.29592741783435,71.0,99.0,136.0,0.0,0.9395,-0.0030181742839748295,0.1665108842716091,0.00017192239749965664,400161,[0.0],level,[0.0605],[0.005331029450303197],,0.005331029450303197,999,0.0,0,1,1.0,0.0605,0.005331029450303197,,,,,,,,,,,161,B,0.0,999,0.05,Romano-Wolf power is planned by simulation from Sigma_D (§4.4); use this alpha at the stepdown.,B,2000
B_0162,B_joint,normal,1,romano_wolf,-0.3,0.5,D3,2000,50,1000,0.05,0.05,0.7795,0.009270376205958419,,,0.7795,0.009270376205958419,0.7795,0.009270376205958419,,,65.383,9.466219467136815,51.0,65.0,81.0,0.0,0.771,7.418746585949987e-05,0.19849812774970524,0.00019926019050035392,400162,[0.5],power,[0.7795],[0.009270376205958419],,0.009395717109406817,999,0.0,1,0,1.0,0.7795,0.009270376205958419,,,,,,,,,,,162,B,1.0,999,0.05,Romano-Wolf power is planned by simulation from Sigma_D (§4.4); use this alpha at the stepdown.,B,2000
B_0163,B_joint,normal,1,romano_wolf,-0.3,0.5,D4,2000,50,1000,0.05,0.05,0.8505,0.007973385416496557,,,0.8505,0.007973385416496557,0.8505,0.007973385416496557,,,101.2015,19.79065177678593,71.0,100.0,137.0,0.0,0.9455,0.0010852724748428827,0.16572344235995642,0.00018270884800040222,400163,[0.5],power,[0.8505],[0.007973385416496557],,0.005075911248239078,999,0.0,1,0,1.0,0.8505,0.007973385416496557,,,,,,,,,,,163,B,1.0,999,0.05,Romano-Wolf power is planned by simulation from Sigma_D (§4.4); use this alpha at the stepdown.,B,2000
B_0164,B_joint,empirical_copula,1,romano_wolf,-0.3,0.0,D3,2000,50,1000,0.05,0.05,0.077,0.0059611659933271445,0.077,0.0059611659933271445,,,,,,,65.5145,12.84872716458716,46.0,65.0,87.04999999999995,0.0,0.797,-0.0014671396846916793,0.19406127850015523,0.0002504501359999267,400164,[0.0],level,[0.077],[0.0059611659933271445],,0.008994192570764758,999,0.0,0,1,1.0,0.077,0.0059611659933271445,,,,,,,,,,,164,B,0.0,999,0.05,Romano-Wolf power is planned by simulation from Sigma_D (§4.4); use this alpha at the stepdown.,B,2000
B_0165,B_joint,empirical_copula,1,romano_wolf,-0.3,0.0,D4,2000,50,1000,0.05,0.05,0.044,0.0045860658521220555,0.044,0.0045860658521220555,,,,,,,97.214,22.438475973202817,65.0,95.0,139.0,0.0,0.956,0.003438458056492811,0.16061972470547697,0.00026115360299991153,400165,[0.0],level,[0.044],[0.0045860658521220555],,0.004586065852122058,999,0.0,0,1,1.0,0.044,0.0045860658521220555,,,,,,,,,,,165,B,0.0,999,0.05,Romano-Wolf power is planned by simulation from Sigma_D (§4.4); use this alpha at the stepdown.,B,2000
B_0166,B_joint,empirical_copula,1,romano_wolf,-0.3,0.5,D3,2000,50,1000,0.05,0.05,0.7925,0.009067627859589299,,,0.7925,0.009067627859589299,0.7925,0.009067627859589299,,,65.2965,13.03689333200207,46.0,64.0,89.0,0.0,0.786,0.006479364590807371,0.19738606125096225,0.0002698497609999322,400166,[0.5],power,[0.7925],[0.009067627859589299],,0.009170714257897256,999,0.0,1,0,1.0,0.7925,0.009067627859589299,,,,,,,,,,,166,B,1.0,999,0.05,Romano-Wolf power is planned by simulation from Sigma_D (§4.4); use this alpha at the stepdown.,B,2000
B_0167,B_joint,empirical_copula,1,romano_wolf,-0.3,0.5,D4,2000,50,1000,0.05,0.05,0.83,0.008399404740813483,,,0.83,0.008399404740813483,0.83,0.008399404740813483,,,96.1365,22.618352454367674,62.0,94.0,136.0,0.0,0.945,-0.0029376396668930023,0.16791613496855437,0.00026505617749899104,400167,[0.5],power,[0.83],[0.008399404740813483],,0.005097793640389931,999,0.0,1,0,1.0,0.83,0.008399404740813483,,,,,,,,,,,167,B,1.0,999,0.05,Romano-Wolf power is planned by simulation from Sigma_D (§4.4); use this alpha at the stepdown.,B,2000
B_0168,B_joint,normal,1,romano_wolf,0.0,0.0,D3,2000,50,1000,0.05,0.05,0.051,0.004919298730510275,0.051,0.004919298730510275,,,,,,,64.7925,9.054029144530075,50.95,64.0,80.0,0.0,0.8275,0.002147564462305038,0.17804310689995834,0.00018991095000092174,400168,[0.0],level,[0.051],[0.004919298730510275],,0.008448187675472178,999,0.0,0,1,1.0,0.051,0.004919298730510275,,,,,,,,,,,168,B,0.0,999,0.05,Romano-Wolf power is planned by simulation from Sigma_D (§4.4); use this alpha at the stepdown.,B,2000
B_0169,B_joint,normal,1,romano_wolf,0.0,0.0,D4,2000,50,1000,0.05,0.05,0.0535,0.005031786462082826,0.0535,0.005031786462082826,,,,,,,79.027,15.293831141999705,56.0,78.0,105.0,0.0,0.9465,-0.0009723083009125451,0.16265495991894455,0.00018892390849941875,400169,[0.0],level,[0.0535],[0.005031786462082826],,0.005031786462082825,999,0.0,0,1,1.0,0.0535,0.005031786462082826,,,,,,,,,,,169,B,0.0,999,0.05,Romano-Wolf power is planned by simulation from Sigma_D (§4.4); use this alpha at the stepdown.,B,2000
B_0170,B_joint,normal,1,romano_wolf,0.0,0.5,D3,2000,50,1000,0.05,0.05,0.8145,0.008691655480977141,,,0.8145,0.008691655480977141,0.8145,0.008691655480977141,,,65.2675,9.012377252978261,52.0,65.0,81.0,0.0,0.844,0.0007802564467192923,0.17428510439858616,0.00020907843099848833,400170,[0.5],power,[0.8145],[0.008691655480977141],,0.00811369213120636,999,0.0,1,0,1.0,0.8145,0.008691655480977141,,,,,,,,,,,170,B,1.0,999,0.05,Romano-Wolf power is planned by simulation from Sigma_D (§4.4); use this alpha at the stepdown.,B,2000
B_0171,B_joint,normal,1,romano_wolf,0.0,0.5,D4,2000,50,1000,0.05,0.05,0.863,0.007688660481514319,,,0.863,0.007688660481514319,0.863,0.007688660481514319,,,78.514,15.294992775415096,55.0,77.0,106.0,0.0,0.95,-0.0022761023438145193,0.16172882883046935,0.00016842352250023395,400171,[0.5],power,[0.863],[0.007688660481514319],,0.004873397172404485,999,0.0,1,0,1.0,0.863,0.007688660481514319,,,,,,,,,,,171,B,1.0,999,0.05,Romano-Wolf power is planned by simulation from Sigma_D (§4.4); use this alpha at the stepdown.,B,2000
B_0172,B_joint,empirical_copula,1,romano_wolf,0.0,0.0,D3,2000,50,1000,0.05,0.05,0.0475,0.004756245893559331,0.0475,0.004756245893559331,,,,,,,65.2695,13.230981435630541,45.0,64.0,89.0,0.0,0.844,0.007979908516979247,0.17343491005061756,0.0002587791240002844,400172,[0.0],level,[0.0475],[0.004756245893559331],,0.00811369213120636,999,0.0,0,1,1.0,0.0475,0.004756245893559331,,,,,,,,,,,172,B,0.0,999,0.05,Romano-Wolf power is planned by simulation from Sigma_D (§4.4); use this alpha at the stepdown.,B,2000
B_0173,B_joint,empirical_copula,1,romano_wolf,0.0,0.0,D4,2000,50,1000,0.05,0.05,0.0445,0.004610843198374892,0.0445,0.004610843198374892,,,,,,,77.8795,18.581361084430817,51.0,76.0,111.04999999999995,0.0,0.9555,-0.001649526170395362,0.1646352763239394,0.00026378137599931506,400173,[0.0],level,[0.0445],[0.004610843198374892],,0.004610843198374891,999,0.0,0,1,1.0,0.0445,0.004610843198374892,,,,,,,,,,,173,B,0.0,999,0.05,Romano-Wolf power is planned by simulation from Sigma_D (§4.4); use this alpha at the stepdown.,B,2000
B_0174,B_joint,empirical_copula,1,romano_wolf,0.0,0.5,D3,2000,50,1000,0.05,0.05,0.83,0.008399404740813483,,,0.83,0.008399404740813483,0.83,0.008399404740813483,,,64.964,12.87154629405496,46.0,64.0,89.0,0.0,0.846,0.01001017499969296,0.1735064282081359,0.00024818575300014346,400174,[0.5],power,[0.83],[0.008399404740813483],,0.008071059410015517,999,0.0,1,0,1.0,0.83,0.008399404740813483,,,,,,,,,,,174,B,1.0,999,0.05,Romano-Wolf power is planned by simulation from Sigma_D (§4.4); use this alpha at the stepdown.,B,2000
B_0175,B_joint,empirical_copula,1,romano_wolf,0.0,0.5,D4,2000,50,1000,0.05,0.05,0.8415,0.008166325673153134,,,0.8415,0.008166325673153134,0.8415,0.008166325673153134,,,77.721,18.087541541071857,51.0,76.0,110.0,0.0,0.945,0.002930697055253057,0.16585024852681848,0.00027736182199987523,400175,[0.5],power,[0.8415],[0.008166325673153134],,0.005097793640389931,999,0.0,1,0,1.0,0.8415,0.008166325673153134,,,,,,,,,,,175,B,1.0,999,0.05,Romano-Wolf power is planned by simulation from Sigma_D (§4.4); use this alpha at the stepdown.,B,2000
B_0176,B_joint,normal,1,romano_wolf,0.3,0.0,D3,2000,50,1000,0.05,0.05,0.021,0.0032061659345704488,0.021,0.0032061659345704488,,,,,,,65.3285,9.542671939766137,51.0,64.0,81.04999999999995,0.0,0.904,-0.0024965368477147714,0.14961790869377836,0.00017587664550046612,400176,[0.0],level,[0.021],[0.0032061659345704488],,0.006587260432076448,999,0.0,0,1,1.0,0.021,0.0032061659345704488,,,,,,,,,,,176,B,0.0,999,0.05,Romano-Wolf power is planned by simulation from Sigma_D (§4.4); use this alpha at the stepdown.,B,2000
B_0177,B_joint,normal,1,romano_wolf,0.3,0.0,D4,2000,50,1000,0.05,0.05,0.0545,0.005075911248239078,0.0545,0.005075911248239078,,,,,,,56.1935,11.013448948898796,39.0,55.0,75.0,0.0,0.9455,0.0007152627169043154,0.16156947180700712,0.00017541990450081359,400177,[0.0],level,[0.0545],[0.005075911248239078],,0.005075911248239078,999,0.0,0,1,1.0,0.0545,0.005075911248239078,,,,,,,,,,,177,B,0.0,999,0.05,Romano-Wolf power is planned by simulation from Sigma_D (§4.4); use this alpha at the stepdown.,B,2000
B_0178,B_joint,normal,1,romano_wolf,0.3,0.5,D3,2000,50,1000,0.05,0.05,0.855,0.007873214083206426,,,0.855,0.007873214083206426,0.855,0.007873214083206426,,,65.4795,9.69410025479415,51.0,65.0,83.0,0.0,0.905,0.00021193235203289707,0.1469747143368995,0.0001804493085001013,400178,[0.5],power,[0.855],[0.007873214083206426],,0.006556485338960196,999,0.0,1,0,1.0,0.855,0.007873214083206426,,,,,,,,,,,178,B,1.0,999,0.05,Romano-Wolf power is planned by simulation from Sigma_D (§4.4); use this alpha at the stepdown.,B,2000
B_0179,B_joint,normal,1,romano_wolf,0.3,0.5,D4,2000,50,1000,0.05,0.05,0.8725,0.007458007441669657,,,0.8725,0.007458007441669657,0.8725,0.007458007441669657,,,55.971,10.912064836684209,39.0,55.0,75.0,0.0,0.9505,0.004044476779461723,0.15891808588466835,0.00016789769000024536,400179,[0.5],power,[0.8725],[0.007458007441669657],,0.004850244839180801,999,0.0,1,0,1.0,0.8725,0.007458007441669657,,,,,,,,,,,179,B,1.0,999,0.05,Romano-Wolf power is planned by simulation from Sigma_D (§4.4); use this alpha at the stepdown.,B,2000
B_0180,B_joint,empirical_copula,1,romano_wolf,0.3,0.0,D3,2000,50,1000,0.05,0.05,0.0325,0.003965081966365891,0.0325,0.003965081966365891,,,,,,,65.212,13.435217006062835,45.0,64.0,89.0,0.0,0.8805,0.006483524307769808,0.15552077862185268,0.0002506738359988958,400180,[0.0],level,[0.0325],[0.003965081966365891],,0.0072532665055132246,999,0.0,0,1,1.0,0.0325,0.003965081966365891,,,,,,,,,,,180,B,0.0,999,0.05,Romano-Wolf power is planned by simulation from Sigma_D (§4.4); use this alpha at the stepdown.,B,2000
B_0181,B_joint,empirical_copula,1,romano_wolf,0.3,0.0,D4,2000,50,1000,0.05,0.05,0.0515,0.004942051699446294,0.0515,0.004942051699446294,,,,,,,58.2975,14.177446658337319,38.0,57.0,84.0,0.0,0.9485,-0.005048342687746323,0.16224114534133616,0.00027200483599881407,400181,[0.0],level,[0.0515],[0.004942051699446294],,0.004942051699446293,999,0.0,0,1,1.0,0.0515,0.004942051699446294,,,,,,,,,,,181,B,0.0,999,0.05,Romano-Wolf power is planned by simulation from Sigma_D (§4.4); use this alpha at the stepdown.,B,2000
B_0182,B_joint,empirical_copula,1,romano_wolf,0.3,0.5,D3,2000,50,1000,0.05,0.05,0.868,0.007568883669339885,,,0.868,0.007568883669339885,0.868,0.007568883669339885,,,64.9565,13.573820676213458,45.0,64.0,89.0,0.0,0.8935,0.010640642165900455,0.150062691996741,0.0002712677039999107,400182,[0.5],power,[0.868],[0.007568883669339885],,0.0068977441964746715,999,0.0,1,0,1.0,0.868,0.007568883669339885,,,,,,,,,,,182,B,1.0,999,0.05,Romano-Wolf power is planned by simulation from Sigma_D (§4.4); use this alpha at the stepdown.,B,2000
B_0183,B_joint,empirical_copula,1,romano_wolf,0.3,0.5,D4,2000,50,1000,0.05,0.05,0.852,0.007940277073251286,,,0.852,0.007940277073251286,0.852,0.007940277073251286,,,58.6765,13.91592065764964,38.0,58.0,83.0,0.0,0.9545,0.010934773028827645,0.16293371103889578,0.00030891252000037636,400183,[0.5],power,[0.852],[0.007940277073251286],,0.004659922209651143,999,0.0,1,0,1.0,0.852,0.007940277073251286,,,,,,,,,,,183,B,1.0,999,0.05,Romano-Wolf power is planned by simulation from Sigma_D (§4.4); use this alpha at the stepdown.,B,2000
B_0184,B_joint,normal,1,romano_wolf,0.6,0.0,D3,2000,50,1000,0.05,0.05,0.002,0.0009989994994993741,0.002,0.0009989994994993741,,,,,,,65.0525,10.397150751528036,49.0,64.0,83.04999999999995,0.0,0.9685,0.006141457674801595,0.11216299355908611,0.0001892158805003419,400184,[0.0],level,[0.002],[0.0009989994994993741],,0.0039056209493497944,999,0.0,0,1,1.0,0.002,0.0009989994994993741,,,,,,,,,,,184,B,0.0,999,0.05,Romano-Wolf power is planned by simulation from Sigma_D (§4.4); use this alpha at the stepdown.,B,2000
B_0185,B_joint,normal,1,romano_wolf,0.6,0.0,D4,2000,50,1000,0.05,0.05,0.0555,0.005119558086397693,0.0555,0.005119558086397693,,,,,,,32.858,6.0516804277820215,23.0,33.0,43.0,0.0,0.9445,-0.0005588880941723444,0.16377950248061843,0.00017114368849979655,400185,[0.0],level,[0.0555],[0.005119558086397693],,0.005119558086397692,999,0.0,0,1,1.0,0.0555,0.005119558086397693,,,,,,,,,,,185,B,0.0,999,0.05,Romano-Wolf power is planned by simulation from Sigma_D (§4.4); use this alpha at the stepdown.,B,2000
B_0186,B_joint,normal,1,romano_wolf,0.6,0.5,D3,2000,50,1000,0.05,0.05,0.9195,0.006083574196144895,,,0.9195,0.006083574196144895,0.9195,0.006083574196144895,,,65.439,10.263541250465163,50.0,65.0,83.0,0.0,0.9765,-0.0031748113561768636,0.10871216135074269,0.0001978546025002288,400186,[0.5],power,[0.9195],[0.006083574196144895],,0.0033873108803297025,999,0.0,1,0,1.0,0.9195,0.006083574196144895,,,,,,,,,,,186,B,1.0,999,0.05,Romano-Wolf power is planned by simulation from Sigma_D (§4.4); use this alpha at the stepdown.,B,2000
B_0187,B_joint,normal,1,romano_wolf,0.6,0.5,D4,2000,50,1000,0.05,0.05,0.8515,0.007951344225978397,,,0.8515,0.007951344225978397,0.8515,0.007951344225978397,,,32.676,6.316963194447155,23.0,32.0,44.0,0.0,0.9465,-0.0019273106600151105,0.16287419204911424,0.00023644890600007785,400187,[0.5],power,[0.8515],[0.007951344225978397],,0.005031786462082825,999,0.0,1,0,1.0,0.8515,0.007951344225978397,,,,,,,,,,,187,B,1.0,999,0.05,Romano-Wolf power is planned by simulation from Sigma_D (§4.4); use this alpha at the stepdown.,B,2000
B_0188,B_joint,empirical_copula,1,romano_wolf,0.6,0.0,D3,2000,50,1000,0.05,0.05,0.006,0.0017268468374467957,0.006,0.0017268468374467957,,,,,,,64.783,15.265087978783482,42.95,63.0,91.0,0.0,0.9505,0.004574634042740767,0.12227457646830439,0.0002485334579996561,400188,[0.0],level,[0.006],[0.0017268468374467957],,0.004850244839180801,999,0.0,0,1,1.0,0.006,0.0017268468374467957,,,,,,,,,,,188,B,0.0,999,0.05,Romano-Wolf power is planned by simulation from Sigma_D (§4.4); use this alpha at the stepdown.,B,2000
B_0189,B_joint,empirical_copula,1,romano_wolf,0.6,0.0,D4,2000,50,1000,0.05,0.05,0.054,0.005053909377897471,0.054,0.005053909377897471,,,,,,,38.169,9.483482429993742,24.0,37.0,55.0,0.0,0.946,-0.001927810532756011,0.15892891640167678,0.00027246342149919657,400189,[0.0],level,[0.054],[0.005053909377897471],,0.005053909377897473,999,0.0,0,1,1.0,0.054,0.005053909377897471,,,,,,,,,,,189,B,0.0,999,0.05,Romano-Wolf power is planned by simulation from Sigma_D (§4.4); use this alpha at the stepdown.,B,2000
B_0190,B_joint,empirical_copula,1,romano_wolf,0.6,0.5,D3,2000,50,1000,0.05,0.05,0.9135,0.006285608562422576,,,0.9135,0.006285608562422576,0.9135,0.006285608562422576,,,65.3575,14.940739397700503,44.0,64.0,92.0,0.0,0.953,0.005726176642052872,0.12181263305196852,0.0002485167555005319,400190,[0.5],power,[0.9135],[0.006285608562422576],,0.004732388403332932,999,0.0,1,0,1.0,0.9135,0.006285608562422576,,,,,,,,,,,190,B,1.0,999,0.05,Romano-Wolf power is planned by simulation from Sigma_D (§4.4); use this alpha at the stepdown.,B,2000
B_0191,B_joint,empirical_copula,1,romano_wolf,0.6,0.5,D4,2000,50,1000,0.05,0.05,0.831,0.008379707632131328,,,0.831,0.008379707632131328,0.831,0.008379707632131328,,,38.506,9.396646423059666,25.0,38.0,55.0,0.0,0.944,-0.0026375699602306795,0.16170528637491277,0.00025302808500055106,400191,[0.5],power,[0.831],[0.008379707632131328],,0.005141206084179083,999,0.0,1,0,1.0,0.831,0.008379707632131328,,,,,,,,,,,191,B,1.0,999,0.05,Romano-Wolf power is planned by simulation from Sigma_D (§4.4); use this alpha at the stepdown.,B,2000
B_0192,B_joint,normal,1,romano_wolf,0.9,0.0,D3,2000,50,1000,0.05,0.05,0.0,0.0,0.0,0.0,,,,,,,64.966,11.64387581520861,47.0,64.0,85.0,0.0,1.0,0.0008638724721546072,0.05421497434658595,0.00015884856649972789,400192,[0.0],level,[0.0],[0.0],,0.0,999,0.0,0,1,1.0,0.0,0.0,,,,,,,,,,,192,B,0.0,999,0.05,Romano-Wolf power is planned by simulation from Sigma_D (§4.4); use this alpha at the stepdown.,B,2000
B_0193,B_joint,normal,1,romano_wolf,0.9,0.0,D4,2000,50,1000,0.05,0.05,0.0465,0.004708383480558906,0.0465,0.004708383480558906,,,,,,,10.171,1.5125339665607511,8.0,10.0,13.0,0.0,0.9535,0.0049865892021395955,0.14270367858024996,0.00022855085099945428,400193,[0.0],level,[0.0465],[0.004708383480558906],,0.004708383480558906,999,0.0,0,1,1.0,0.0465,0.004708383480558906,,,,,,,,,,,193,B,0.0,999,0.05,Romano-Wolf power is planned by simulation from Sigma_D (§4.4); use this alpha at the stepdown.,B,2000
B_0194,B_joint,normal,1,romano_wolf,0.9,0.5,D3,2000,50,1000,0.05,0.05,0.994,0.0017268468374467964,,,0.994,0.0017268468374467964,0.994,0.0017268468374467964,,,65.4835,12.046606482740273,48.0,64.0,87.0,0.0,1.0,0.0012509619996045975,0.05802240977762102,0.00020730666050076252,400194,[0.5],power,[0.994],[0.0017268468374467964],,0.0,999,0.0,1,0,1.0,0.994,0.0017268468374467964,,,,,,,,,,,194,B,1.0,999,0.05,Romano-Wolf power is planned by simulation from Sigma_D (§4.4); use this alpha at the stepdown.,B,2000
B_0195,B_joint,normal,1,romano_wolf,0.9,0.5,D4,2000,50,1000,0.05,0.05,0.872,0.007470475219154402,,,0.872,0.007470475219154402,0.872,0.007470475219154402,,,10.2055,1.5938223709058674,8.0,10.0,13.0,0.0,0.9505,0.00451949347757168,0.14127923491655248,0.00020384296550037106,400195,[0.5],power,[0.872],[0.007470475219154402],,0.004850244839180801,999,0.0,1,0,1.0,0.872,0.007470475219154402,,,,,,,,,,,195,B,1.0,999,0.05,Romano-Wolf power is planned by simulation from Sigma_D (§4.4); use this alpha at the stepdown.,B,2000
B_0196,B_joint,empirical_copula,1,romano_wolf,0.9,0.0,D3,2000,50,1000,0.05,0.05,0.0005,0.0004998749843710925,0.0005,0.0004998749843710925,,,,,,,65.3165,17.10290407357768,41.0,63.0,96.0,0.0,0.999,0.005754591301586571,0.07636973604289708,0.00023085369500040542,400196,[0.0],level,[0.0005],[0.0004998749843710925],,0.0007067531393633852,999,0.0,0,1,1.0,0.0005,0.0004998749843710925,,,,,,,,,,,196,B,0.0,999,0.05,Romano-Wolf power is planned by simulation from Sigma_D (§4.4); use this alpha at the stepdown.,B,2000
B_0197,B_joint,empirical_copula,1,romano_wolf,0.9,0.0,D4,2000,50,1000,0.05,0.05,0.0665,0.005571254347092763,0.0665,0.005571254347092763,,,,,,,16.539,3.871753995284308,11.0,16.0,24.0,0.0,0.9335,-0.0017837819265722659,0.15443499162721114,0.0003035110375003569,400197,[0.0],level,[0.0665],[0.005571254347092763],,0.005571254347092763,999,0.0,0,1,1.0,0.0665,0.005571254347092763,,,,,,,,,,,197,B,0.0,999,0.05,Romano-Wolf power is planned by simulation from Sigma_D (§4.4); use this alpha at the stepdown.,B,2000
B_0198,B_joint,empirical_copula,1,romano_wolf,0.9,0.5,D3,2000,50,1000,0.05,0.05,0.9825,0.002932042803234629,,,0.9825,0.002932042803234629,0.9825,0.002932042803234629,,,65.699,17.13089019870246,41.0,64.0,96.0,0.0,0.9945,0.008878798526977877,0.07816690382523635,0.0002569092345001991,400198,[0.5],power,[0.9825],[0.002932042803234629],,0.0016537457482938467,999,0.0,1,0,1.0,0.9825,0.002932042803234629,,,,,,,,,,,198,B,1.0,999,0.05,Romano-Wolf power is planned by simulation from Sigma_D (§4.4); use this alpha at the stepdown.,B,2000
B_0199,B_joint,empirical_copula,1,romano_wolf,0.9,0.5,D4,2000,50,1000,0.05,0.05,0.8185,0.008618519304381698,,,0.8185,0.008618519304381698,0.8185,0.008618519304381698,,,16.6735,3.8056402549374,11.0,16.0,24.0,0.0,0.927,0.001153387815341309,0.15426019006777952,0.0002865899594999064,400199,[0.5],power,[0.8185],[0.008618519304381698],,0.005816829033072915,999,0.0,1,0,1.0,0.8185,0.008618519304381698,,,,,,,,,,,199,B,1.0,999,0.05,Romano-Wolf power is planned by simulation from Sigma_D (§4.4); use this alpha at the stepdown.,B,2000
B_0200,B_joint,normal,3,none,-0.3,0.0,D3,2000,50,1000,0.05,0.05,0.08449999999999998,0.006219314672855843,0.1845,0.00867351572316555,,,,,,,71.032,8.730691610634292,58.0,70.0,87.0,0.0,0.789,-0.001405578606216105,0.19074843247484558,0.0004924774115006585,400200,"[0.0,0.0,0.0]",level,"[0.0875,0.0795,0.0865]","[0.006318375978050055,0.006048956521582875,0.006285608562422576]",,0.009123568380847484,999,0.0,0,3,1.0,0.0875,0.006318375978050055,0.0795,0.006048956521582875,0.0865,0.006285608562422576,,,,,,,200,B,0.0,999,0.05,no multiplicity control (caller declared acceptance),B,2000
B_0201,B_joint,normal,3,none,-0.3,0.0,D4,2000,50,1000,0.05,0.05,0.051,0.004919298730510275,0.1165,0.007173832657652393,,,,,,,114.155,18.747985891823152,85.0,113.0,147.0,0.0,0.949,-0.004716449852204191,0.1535128648667204,0.00044328636049976923,400201,"[0.0,0.0,0.0]",level,"[0.0445,0.0595,0.049]","[0.004610843198374892,0.005289600646551685,0.0048269555622566076]",,0.004919298730510276,999,0.0,0,3,1.0,0.0445,0.004610843198374892,0.0595,0.005289600646551685,0.049,0.0048269555622566076,,,,,,,201,B,0.0,999,0.05,no multiplicity control (caller declared acceptance),B,2000
B_0202,B_joint,normal,3,none,-0.3,0.5,D3,2000,50,1000,0.05,0.05,0.8111666666666667,0.008751437183558924,,,0.659,0.010599976415068102,0.9345,0.005532167296819575,,,70.694,8.701055338290868,58.0,70.0,86.0,0.0,0.7678333333333334,0.005414629199286097,0.19632120818722038,0.0005094392049995804,400202,"[0.5,0.5,0.5]",power,"[0.818,0.8145,0.801]","[0.008627745939699432,0.008691655480977141,0.008927457644816915]",,0.009441009097431152,999,0.0,3,0,1.0,0.818,0.008627745939699432,0.8145,0.008691655480977141,0.801,0.008927457644816915,,,,,,,202,B,1.0,999,0.05,no multiplicity control (caller declared acceptance),B,2000
B_0203,B_joint,normal,3,none,-0.3,0.5,D4,2000,50,1000,0.05,0.05,0.9103333333333333,0.0063885270428932035,,,0.8245,0.008505872971071223,0.976,0.0034222799417931915,,,114.5225,18.58863883532089,87.0,113.0,146.0,0.0,0.9508333333333333,0.00852471134634142,0.15161361313954644,0.0004620980029994826,400203,"[0.5,0.5,0.5]",power,"[0.919,0.904,0.908]","[0.006100778638829636,0.006587260432076448,0.006462816723379983]",,0.004834733992452717,999,0.0,3,0,1.0,0.919,0.006100778638829636,0.904,0.006587260432076448,0.908,0.006462816723379983,,,,,,,203,B,1.0,999,0.05,no multiplicity control (caller declared acceptance),B,2000
B_0204,B_joint,empirical_copula,3,none,-0.3,0.0,D3,2000,50,1000,0.05,0.05,0.07783333333333332,0.005990630415722353,0.1905,0.008780938161722813,,,,,,,75.2615,12.072370013795966,58.0,74.0,97.0,0.0,0.793,-0.0037950876060084903,0.18076055087035045,0.0006554211379989284,400204,"[0.0,0.0,0.0]",level,"[0.075,0.078,0.0805]","[0.005889609494694873,0.005996498978570746,0.006083574196144894]",,0.00905955296910394,999,0.0,0,3,1.0,0.075,0.005889609494694873,0.078,0.005996498978570746,0.0805,0.006083574196144894,,,,,,,204,B,0.0,999,0.05,no multiplicity control (caller declared acceptance),B,2000
B_0205,B_joint,empirical_copula,3,none,-0.3,0.0,D4,2000,50,1000,0.05,0.05,0.051833333333333335,0.004957148317777515,0.13,0.007519973404208289,,,,,,,113.2745,20.879850328726018,83.0,112.0,152.0,0.0,0.9481666666666667,0.0030743378568328077,0.15055740128453293,0.0006466388875014672,400205,"[0.0,0.0,0.0]",level,"[0.0505,0.0535,0.0515]","[0.00489641450451246,0.005031786462082826,0.004942051699446294]",,0.004957148317777512,999,0.0,0,3,1.0,0.0505,0.00489641450451246,0.0535,0.005031786462082826,0.0515,0.004942051699446294,,,,,,,205,B,0.0,999,0.05,no multiplicity control (caller declared acceptance),B,2000
B_0206,B_joint,empirical_copula,3,none,-0.3,0.5,D3,2000,50,1000,0.05,0.05,0.8166666666666665,0.008652231568278277,,,0.623,0.01083676612278774,0.9685,0.0039056209493497944,,,74.714,12.006048642246958,57.0,74.0,96.0,0.0,0.7765,-0.00027877079744346506,0.18527929431058968,0.0006797302925006079,400206,"[0.5,0.5,0.5]",power,"[0.8155,0.821,0.8135]","[0.00867351572316555,0.00857201843208471,0.008709700052240605]",,0.009315249594079592,999,0.0,3,0,1.0,0.8155,0.00867351572316555,0.821,0.00857201843208471,0.8135,0.008709700052240605,,,,,,,206,B,1.0,999,0.05,no multiplicity control (caller declared acceptance),B,2000
B_0207,B_joint,empirical_copula,3,none,-0.3,0.5,D4,2000,50,1000,0.05,0.05,0.8946666666666666,0.006864336174103883,,,0.7575,0.00958367753005077,0.9865,0.0025804796065847873,,,113.0485,20.752593759576175,81.95,112.0,149.0,0.0,0.9535,-0.000125584957616927,0.14852427392745787,0.0006287792085004184,400207,"[0.5,0.5,0.5]",power,"[0.8975,0.8945,0.892]","[0.006782099601155973,0.006869124762296869,0.006940316995642202]",,0.004708383480558906,999,0.0,3,0,1.0,0.8975,0.006782099601155973,0.8945,0.006869124762296869,0.892,0.006940316995642202,,,,,,,207,B,1.0,999,0.05,no multiplicity control (caller declared acceptance),B,2000
B_0208,B_joint,normal,3,none,0.0,0.0,D3,2000,50,1000,0.05,0.05,0.04683333333333334,0.004724403254497981,0.1225,0.007331226022978693,,,,,,,70.7415,8.231201476698283,58.0,70.0,85.0,0.0,0.8345,-0.0017198394495591715,0.16836860866272904,0.0004931123964997823,400208,"[0.0,0.0,0.0]",level,"[0.05,0.0445,0.046]","[0.004873397172404482,0.004610843198374892,0.00468422885862764]",,0.008309926293295265,999,0.0,0,3,1.0,0.05,0.004873397172404482,0.0445,0.004610843198374892,0.046,0.00468422885862764,,,,,,,208,B,0.0,999,0.05,no multiplicity control (caller declared acceptance),B,2000
B_0209,B_joint,normal,3,none,0.0,0.0,D4,2000,50,1000,0.05,0.05,0.05016666666666667,0.004881084522020809,0.128,0.007470475219154402,,,,,,,89.656,13.956885899082215,70.0,88.0,115.0,0.0,0.9498333333333333,-0.0044215538748006555,0.15221675458465125,0.00048125545849870833,400209,"[0.0,0.0,0.0]",level,"[0.052,0.0505,0.048]","[0.004964675215963275,0.00489641450451246,0.0047799581588126895]",,0.00488108452202081,999,0.0,0,3,1.0,0.052,0.004964675215963275,0.0505,0.00489641450451246,0.048,0.0047799581588126895,,,,,,,209,B,0.0,999,0.05,no multiplicity control (caller declared acceptance),B,2000
B_0210,B_joint,normal,3,none,0.0,0.5,D3,2000,50,1000,0.05,0.05,0.842,0.008155856791288087,,,0.669,0.010522333391410862,0.971,0.0037522659820433853,,,70.6535,8.273719704582698,58.0,70.0,85.0,0.0,0.837,0.00019189837177229456,0.17049678853807212,0.000497637341499285,400210,"[0.5,0.5,0.5]",power,"[0.8505,0.8285,0.847]","[0.007973385416496557,0.00842875287334965,0.008049565205649308]",,0.00825926752200218,999,0.0,3,0,1.0,0.8505,0.007973385416496557,0.8285,0.00842875287334965,0.847,0.008049565205649308,,,,,,,210,B,1.0,999,0.05,no multiplicity control (caller declared acceptance),B,2000
B_0211,B_joint,normal,3,none,0.0,0.5,D4,2000,50,1000,0.05,0.05,0.9076666666666666,0.006473325609332847,,,0.788,0.009139365404665686,0.99,0.0022248595461287,,,90.4235,13.702486918439295,70.0,89.0,116.0,0.0,0.9523333333333334,-0.0013266425053734259,0.14853460301799007,0.0004883852585007844,400211,"[0.5,0.5,0.5]",power,"[0.9045,0.9115,0.907]","[0.006571900410079265,0.006350895606133045,0.006494266702253611]",,0.004764166010728191,999,0.0,3,0,1.0,0.9045,0.006571900410079265,0.9115,0.006350895606133045,0.907,0.006494266702253611,,,,,,,211,B,1.0,999,0.05,no multiplicity control (caller declared acceptance),B,2000
B_0212,B_joint,empirical_copula,3,none,0.0,0.0,D3,2000,50,1000,0.05,0.05,0.057,0.00518415856238985,0.1495,0.007973385416496559,,,,,,,74.3195,11.622926470988277,57.0,73.0,95.0,0.0,0.832,-0.001227727664045877,0.16528387142307982,0.000672130995999396,400212,"[0.0,0.0,0.0]",level,"[0.049,0.064,0.058]","[0.0048269555622566076,0.005472842040475863,0.0052266624149642565]",,0.008359904305672405,999,0.0,0,3,1.0,0.049,0.0048269555622566076,0.064,0.005472842040475863,0.058,0.0052266624149642565,,,,,,,212,B,0.0,999,0.05,no multiplicity control (caller declared acceptance),B,2000
B_0213,B_joint,empirical_copula,3,none,0.0,0.0,D4,2000,50,1000,0.05,0.05,0.05583333333333334,0.005134002932518749,0.154,0.008071059410015515,,,,,,,92.9785,16.671923636761296,69.0,91.0,122.0,0.0,0.9441666666666667,0.0021549691650190016,0.15071769846866445,0.0006463019145012367,400213,"[0.0,0.0,0.0]",level,"[0.0565,0.054,0.057]","[0.005162739098579358,0.005053909377897471,0.00518415856238985]",,0.005134002932518747,999,0.0,0,3,1.0,0.0565,0.005162739098579358,0.054,0.005053909377897471,0.057,0.00518415856238985,,,,,,,213,B,0.0,999,0.05,no multiplicity control (caller declared acceptance),B,2000
B_0214,B_joint,empirical_copula,3,none,0.0,0.5,D3,2000,50,1000,0.05,0.05,0.8525,0.007929178709046731,,,0.661,0.010584871279330704,0.9825,0.002932042803234629,,,75.22,11.552687998903114,58.0,74.0,96.0,0.0,0.8373333333333334,0.0015284094422506425,0.16308411556899644,0.0006979359114993713,400214,"[0.5,0.5,0.5]",power,"[0.857,0.841,0.8595]","[0.007827866886962246,0.008176765864325577,0.007770448828735698]",,0.008252460912425524,999,0.0,3,0,1.0,0.857,0.007827866886962246,0.841,0.008176765864325577,0.8595,0.007770448828735698,,,,,,,214,B,1.0,999,0.05,no multiplicity control (caller declared acceptance),B,2000
B_0215,B_joint,empirical_copula,3,none,0.0,0.5,D4,2000,50,1000,0.05,0.05,0.8936666666666667,0.006892987579981394,,,0.7355,0.00986254911267873,0.995,0.0015771810295587513,,,92.4035,16.531536158203814,69.0,91.0,121.04999999999995,0.0,0.951,-0.007105900662324937,0.1500774446688768,0.0005862819505000516,400215,"[0.5,0.5,0.5]",power,"[0.896,0.897,0.888]","[0.0068258332824644935,0.006796727153564427,0.007051808278732484]",,0.004826955562256609,999,0.0,3,0,1.0,0.896,0.0068258332824644935,0.897,0.006796727153564427,0.888,0.007051808278732484,,,,,,,215,B,1.0,999,0.05,no multiplicity control (caller declared acceptance),B,2000
B_0216,B_joint,normal,3,none,0.3,0.0,D3,2000,50,1000,0.05,0.05,0.019333333333333338,0.003078924776245399,0.054,0.005053909377897471,,,,,,,70.7555,9.024617429564536,57.0,70.0,87.0,0.0,0.9068333333333334,-0.004467836260355488,0.1416748512706683,0.0004120101030002843,400216,"[0.0,0.0,0.0]",level,"[0.0205,0.0175,0.02]","[0.00316857617866448,0.002932042803234632,0.0031304951684997056]",,0.00649948609079552,999,0.0,0,3,1.0,0.0205,0.00316857617866448,0.0175,0.002932042803234632,0.02,0.0031304951684997056,,,,,,,216,B,0.0,999,0.05,no multiplicity control (caller declared acceptance),B,2000
B_0217,B_joint,normal,3,none,0.3,0.0,D4,2000,50,1000,0.05,0.05,0.052333333333333336,0.004979686514006457,0.1395,0.007747249511923571,,,,,,,64.193,9.332456857655437,51.0,63.0,81.0,0.0,0.9476666666666667,0.0024190893949794373,0.15015534199047814,0.00037496566499976326,400217,"[0.0,0.0,0.0]",level,"[0.052,0.047,0.058]","[0.004964675215963275,0.00473238840333293,0.0052266624149642565]",,0.004979686514006458,999,0.0,0,3,1.0,0.052,0.004964675215963275,0.047,0.00473238840333293,0.058,0.0052266624149642565,,,,,,,217,B,0.0,999,0.05,no multiplicity control (caller declared acceptance),B,2000
B_0218,B_joint,normal,3,none,0.3,0.5,D3,2000,50,1000,0.05,0.05,0.8879999999999999,0.007051808278732486,,,0.739,0.00982036150047441,0.9895,0.0022792268425937726,,,70.5565,9.168631727253526,57.0,70.0,87.0,0.0,0.9041666666666667,0.0012445200571814222,0.1413283909914925,0.0005168403794996266,400218,"[0.5,0.5,0.5]",power,"[0.891,0.892,0.881]","[0.006968464680257768,0.006940316995642202,0.0072401312142805815]",,0.006582146517495472,999,0.0,3,0,1.0,0.891,0.006968464680257768,0.892,0.006940316995642202,0.881,0.0072401312142805815,,,,,,,218,B,1.0,999,0.05,no multiplicity control (caller declared acceptance),B,2000
B_0219,B_joint,normal,3,none,0.3,0.5,D4,2000,50,1000,0.05,0.05,0.9081666666666667,0.006457552640986452,,,0.781,0.009247675383576135,0.994,0.0017268468374467964,,,64.064,9.333857937637577,50.0,63.0,81.0,0.0,0.952,0.003095678267850106,0.14983821835500674,0.00047437314449962287,400219,"[0.5,0.5,0.5]",power,"[0.905,0.918,0.9015]","[0.006556485338960196,0.006134981662564281,0.0066632480818291625]",,0.004779958158812692,999,0.0,3,0,1.0,0.905,0.006556485338960196,0.918,0.006134981662564281,0.9015,0.0066632480818291625,,,,,,,219,B,1.0,999,0.05,no multiplicity control (caller declared acceptance),B,2000
B_0220,B_joint,empirical_copula,3,none,0.3,0.0,D3,2000,50,1000,0.05,0.05,0.022333333333333334,0.0033041304117388853,0.0645,0.005492711079239468,,,,,,,74.9085,12.415076630854921,56.0,74.0,97.0,0.0,0.899,-0.0022857135036506997,0.14010627432687736,0.0007161598919992685,400220,"[0.0,0.0,0.0]",level,"[0.025,0.0195,0.0225]","[0.0034910600109422352,0.0030919047527373806,0.0033161536454151216]",,0.006737915107805974,999,0.0,0,3,1.0,0.025,0.0034910600109422352,0.0195,0.0030919047527373806,0.0225,0.0033161536454151216,,,,,,,220,B,0.0,999,0.05,no multiplicity control (caller declared acceptance),B,2000
B_0221,B_joint,empirical_copula,3,none,0.3,0.0,D4,2000,50,1000,0.05,0.05,0.055499999999999994,0.005119558086397692,0.156,0.00811369213120636,,,,,,,70.3145,12.864081379950921,52.0,69.0,94.0,0.0,0.9445,-0.00016920687602698493,0.14746022448763638,0.0006387572394996823,400221,"[0.0,0.0,0.0]",level,"[0.063,0.0545,0.049]","[0.005432816948876522,0.005075911248239078,0.0048269555622566076]",,0.005119558086397692,999,0.0,0,3,1.0,0.063,0.005432816948876522,0.0545,0.005075911248239078,0.049,0.0048269555622566076,,,,,,,221,B,0.0,999,0.05,no multiplicity control (caller declared acceptance),B,2000
B_0222,B_joint,empirical_copula,3,none,0.3,0.5,D3,2000,50,1000,0.05,0.05,0.8808333333333334,0.007244514208082631,,,0.6895,0.010346249320405922,0.9975,0.001116635571706353,,,74.3545,12.663365656491168,56.0,73.0,97.0,0.0,0.8971666666666667,-0.0018638852436571327,0.1396260879554865,0.0006529588819994388,400222,"[0.5,0.5,0.5]",power,"[0.8805,0.8775,0.8845]","[0.0072532665055132246,0.007331226022978695,0.007147018609182434]",,0.006791856848053001,999,0.0,3,0,1.0,0.8805,0.0072532665055132246,0.8775,0.007331226022978695,0.8845,0.007147018609182434,,,,,,,222,B,1.0,999,0.05,no multiplicity control (caller declared acceptance),B,2000
B_0223,B_joint,empirical_copula,3,none,0.3,0.5,D4,2000,50,1000,0.05,0.05,0.8971666666666667,0.006791856848053001,,,0.738,0.009832497139587684,0.9975,0.001116635571706353,,,70.443,13.261702417110708,52.0,69.0,94.0,0.0,0.9475,0.0013461386419946922,0.14860399094094984,0.0006581054789985501,400223,"[0.5,0.5,0.5]",power,"[0.89,0.907,0.8945]","[0.006996427659884721,0.006494266702253611,0.006869124762296869]",,0.004987171041783106,999,0.0,3,0,1.0,0.89,0.006996427659884721,0.907,0.006494266702253611,0.8945,0.006869124762296869,,,,,,,223,B,1.0,999,0.05,no multiplicity control (caller declared acceptance),B,2000
B_0224,B_joint,normal,3,none,0.6,0.0,D3,2000,50,1000,0.05,0.05,0.0023333333333333335,0.001078862569767088,0.0065,0.0017969070649312946,,,,,,,70.0195,10.08544097945152,54.0,69.5,87.0,0.0,0.9683333333333334,-0.002093988433338251,0.10879323686873321,0.00042702586949963005,400224,"[0.0,0.0,0.0]",level,"[0.003,0.0015,0.0025]","[0.0012229063741758812,0.0008653756409791069,0.001116635571706365]",,0.003915602692363517,999,0.0,0,3,1.0,0.003,0.0012229063741758812,0.0015,0.0008653756409791069,0.0025,0.001116635571706365,,,,,,,224,B,0.0,999,0.05,no multiplicity control (caller declared acceptance),B,2000
B_0225,B_joint,normal,3,none,0.6,0.0,D4,2000,50,1000,0.05,0.05,0.046000000000000006,0.00468422885862764,0.1315,0.007556710593902615,,,,,,,37.9415,5.20077664873238,30.0,38.0,47.0,0.0,0.954,-0.0027123574828391006,0.1460029897238238,0.0004076383369992982,400225,"[0.0,0.0,0.0]",level,"[0.044,0.049,0.045]","[0.0045860658521220555,0.0048269555622566076,0.004635461142108733]",,0.0046842288586276416,999,0.0,0,3,1.0,0.044,0.0045860658521220555,0.049,0.0048269555622566076,0.045,0.004635461142108733,,,,,,,225,B,0.0,999,0.05,no multiplicity control (caller declared acceptance),B,2000
B_0226,B_joint,normal,3,none,0.6,0.5,D3,2000,50,1000,0.05,0.05,0.935,0.005512485827646179,,,0.829,0.008418996377241174,0.999,0.0007067531393633852,,,70.1965,10.45652369336961,54.0,70.0,88.0,0.0,0.9723333333333334,-0.002300317684007277,0.10724844799096256,0.00046770252649912437,400226,"[0.5,0.5,0.5]",power,"[0.9425,0.937,0.9255]","[0.005205465877325487,0.00543281694887652,0.005871530890662162]",,0.003667507479353122,999,0.0,3,0,1.0,0.9425,0.005205465877325487,0.937,0.00543281694887652,0.9255,0.005871530890662162,,,,,,,226,B,1.0,999,0.05,no multiplicity control (caller declared acceptance),B,2000
B_0227,B_joint,normal,3,none,0.6,0.5,D4,2000,50,1000,0.05,0.05,0.9176666666666667,0.006146322296933163,,,0.7935,0.009051457065025498,0.9945,0.0016537457482938467,,,37.897,5.085704572623149,30.0,37.0,47.0,0.0,0.9545,0.003943355036488201,0.14483761544946072,0.0005183377765006299,400227,"[0.5,0.5,0.5]",power,"[0.9245,0.912,0.9165]","[0.005907611615534657,0.0063346665263453285,0.006185780063985464]",,0.004659922209651143,999,0.0,3,0,1.0,0.9245,0.005907611615534657,0.912,0.0063346665263453285,0.9165,0.006185780063985464,,,,,,,227,B,1.0,999,0.05,no multiplicity control (caller declared acceptance),B,2000
B_0228,B_joint,empirical_copula,3,none,0.6,0.0,D3,2000,50,1000,0.05,0.05,0.006333333333333334,0.001773868966725308,0.019,0.003052785613173647,,,,,,,74.709,14.759956605627266,53.0,73.0,100.0,0.0,0.9551666666666667,0.002411542148740316,0.11336855754875366,0.0006728078449996246,400228,"[0.0,0.0,0.0]",level,"[0.006,0.007,0.006]","[0.0017268468374467957,0.0018642692938521516,0.0017268468374467957]",,0.004627272714869716,999,0.0,0,3,1.0,0.006,0.0017268468374467957,0.007,0.0018642692938521516,0.006,0.0017268468374467957,,,,,,,228,B,0.0,999,0.05,no multiplicity control (caller declared acceptance),B,2000
B_0229,B_joint,empirical_copula,3,none,0.6,0.0,D4,2000,50,1000,0.05,0.05,0.057499999999999996,0.005205465877325487,0.163,0.008259267522002178,,,,,,,45.7495,8.260251191701135,34.0,45.0,60.0,0.0,0.9425,-0.0016830465177376582,0.14594455889609104,0.0006600601110003481,400229,"[0.0,0.0,0.0]",level,"[0.0605,0.0565,0.0555]","[0.005331029450303197,0.005162739098579358,0.005119558086397693]",,0.005205465877325487,999,0.0,0,3,1.0,0.0605,0.005331029450303197,0.0565,0.005162739098579358,0.0555,0.005119558086397693,,,,,,,229,B,0.0,999,0.05,no multiplicity control (caller declared acceptance),B,2000
B_0230,B_joint,empirical_copula,3,none,0.6,0.5,D3,2000,50,1000,0.05,0.05,0.9235000000000001,0.005943389184631943,,,0.7865,0.00916290756255895,0.9995,0.000499874984371065,,,74.397,14.37739166191142,53.0,73.0,100.0,0.0,0.9586666666666667,-0.0009222825481847268,0.11272786390896558,0.0007004604804988048,400230,"[0.5,0.5,0.5]",power,"[0.921,0.9215,0.928]","[0.006031542091372652,0.006014056451347959,0.0057799653978203]",,0.004451117213065103,999,0.0,3,0,1.0,0.921,0.006031542091372652,0.9215,0.006014056451347959,0.928,0.0057799653978203,,,,,,,230,B,1.0,999,0.05,no multiplicity control (caller declared acceptance),B,2000
B_0231,B_joint,empirical_copula,3,none,0.6,0.5,D4,2000,50,1000,0.05,0.05,0.8841666666666667,0.0071559755527189385,,,0.7045,0.010202444560006196,0.996,0.0014113823011501884,,,45.9135,8.981648943818724,33.0,45.0,62.0,0.0,0.9506666666666667,-0.0023986258648186036,0.14453374450947262,0.0006758470225013298,400231,"[0.5,0.5,0.5]",power,"[0.8845,0.879,0.889]","[0.007147018609182434,0.007292427579345577,0.007024208140424086]",,0.004842497060172343,999,0.0,3,0,1.0,0.8845,0.007147018609182434,0.879,0.007292427579345577,0.889,0.007024208140424086,,,,,,,231,B,1.0,999,0.05,no multiplicity control (caller declared acceptance),B,2000
B_0232,B_joint,normal,3,none,0.9,0.0,D3,2000,50,1000,0.05,0.05,0.0,0.0,0.0,0.0,,,,,,,68.788,12.067645006379662,51.0,68.0,90.0,0.0,1.0,0.0001566349885705782,0.05419690704368402,0.0004309531569997489,400232,"[0.0,0.0,0.0]",level,"[0.0,0.0,0.0]","[0.0,0.0,0.0]",,0.0,999,0.0,0,3,1.0,0.0,0.0,0.0,0.0,0.0,0.0,,,,,,,232,B,0.0,999,0.05,no multiplicity control (caller declared acceptance),B,2000
B_0233,B_joint,normal,3,none,0.9,0.0,D4,2000,50,1000,0.05,0.05,0.0515,0.004942051699446294,0.1445,0.007861925654698091,,,,,,,11.441,1.335110107818827,9.0,11.0,14.0,0.0,0.9485,-0.00047322069352992153,0.13266859917809515,0.0004321334710002702,400233,"[0.0,0.0,0.0]",level,"[0.0515,0.0475,0.0555]","[0.004942051699446294,0.004756245893559331,0.005119558086397693]",,0.004942051699446293,999,0.0,0,3,1.0,0.0515,0.004942051699446294,0.0475,0.004756245893559331,0.0555,0.005119558086397693,,,,,,,233,B,0.0,999,0.05,no multiplicity control (caller declared acceptance),B,2000
B_0234,B_joint,normal,3,none,0.9,0.5,D3,2000,50,1000,0.05,0.05,0.9973333333333333,0.0011531599098901233,,,0.992,0.001991983935678198,1.0,0.0,,,68.3975,12.00177044231392,50.0,67.0,90.0,0.0,1.0,-0.00023309531152397212,0.055106326709630615,0.0004421093740002107,400234,"[0.5,0.5,0.5]",power,"[0.997,0.998,0.997]","[0.0012229063741758816,0.0009989994994993746,0.0012229063741758816]",,0.0,999,0.0,3,0,1.0,0.997,0.0012229063741758816,0.998,0.0009989994994993746,0.997,0.0012229063741758816,,,,,,,234,B,1.0,999,0.05,no multiplicity control (caller declared acceptance),B,2000
B_0235,B_joint,normal,3,none,0.9,0.5,D4,2000,50,1000,0.05,0.05,0.9168333333333334,0.006174543392924782,,,0.778,0.009292900515985306,0.998,0.0009989994994993746,,,11.4155,1.2384909163978557,10.0,11.0,14.0,0.0,0.9518333333333333,0.0008600529034184783,0.13511347131457546,0.00044166782799948123,400235,"[0.5,0.5,0.5]",power,"[0.9175,0.919,0.914]","[0.0061519813881382975,0.006100778638829636,0.006269130721240385]",,0.004787830348335711,999,0.0,3,0,1.0,0.9175,0.0061519813881382975,0.919,0.006100778638829636,0.914,0.006269130721240385,,,,,,,235,B,1.0,999,0.05,no multiplicity control (caller declared acceptance),B,2000
B_0236,B_joint,empirical_copula,3,none,0.9,0.0,D3,2000,50,1000,0.05,0.05,0.00016666666666666666,0.0002886510773311689,0.0005,0.0004998749843710925,,,,,,,71.2865,17.53660222933736,45.0,69.0,103.04999999999995,0.0,0.9955,0.003807351007651094,0.0740569742814835,0.0007298910179997619,400236,"[0.0,0.0,0.0]",level,"[0.0005,0.0,0.0]","[0.0004998749843710925,0.0,0.0]",,0.0014966211945579198,999,0.0,0,3,1.0,0.0005,0.0004998749843710925,0.0,0.0,0.0,0.0,,,,,,,236,B,0.0,999,0.05,no multiplicity control (caller declared acceptance),B,2000
B_0237,B_joint,empirical_copula,3,none,0.9,0.0,D4,2000,50,1000,0.05,0.05,0.06666666666666667,0.00557773351022717,0.175,0.008496322733983213,,,,,,,19.6965,3.556176000987578,14.0,19.0,26.0,0.0,0.9333333333333333,0.000157397563477785,0.13903307450875468,0.0006943180350008334,400237,"[0.0,0.0,0.0]",level,"[0.0685,0.069,0.0625]","[0.0056483515294287415,0.005667406814408156,0.005412658773652742]",,0.005577733510227169,999,0.0,0,3,1.0,0.0685,0.0056483515294287415,0.069,0.005667406814408156,0.0625,0.005412658773652742,,,,,,,237,B,0.0,999,0.05,no multiplicity control (caller declared acceptance),B,2000
B_0238,B_joint,empirical_copula,3,none,0.9,0.5,D3,2000,50,1000,0.05,0.05,0.9860000000000001,0.0026271657732240563,,,0.9585,0.004459694496263168,1.0,0.0,,,71.2085,17.199186833975613,47.0,70.0,103.0,0.0,0.9971666666666666,0.0037326609644248213,0.0725900148806409,0.0006163222459999815,400238,"[0.5,0.5,0.5]",power,"[0.9895,0.983,0.9855]","[0.0022792268425937726,0.0028905881754411173,0.00267298989897081]",,0.001188550704756759,999,0.0,3,0,1.0,0.9895,0.0022792268425937726,0.983,0.0028905881754411173,0.9855,0.00267298989897081,,,,,,,238,B,1.0,999,0.05,no multiplicity control (caller declared acceptance),B,2000
B_0239,B_joint,empirical_copula,3,none,0.9,0.5,D4,2000,50,1000,0.05,0.05,0.8704999999999999,0.007507654427316166,,,0.71,0.010146427942877238,0.9885,0.0023840878758971907,,,19.7345,3.3994131478830285,15.0,20.0,26.0,0.0,0.935,0.0023215224436764965,0.14004584920455915,0.0007074253450009564,400239,"[0.5,0.5,0.5]",power,"[0.87,0.864,0.8775]","[0.007519973404208289,0.00766498532288223,0.007331226022978695]",,0.005512485827646179,999,0.0,3,0,1.0,0.87,0.007519973404208289,0.864,0.00766498532288223,0.8775,0.007331226022978695,,,,,,,239,B,1.0,999,0.05,no multiplicity control (caller declared acceptance),B,2000
B_0240,B_joint,normal,3,bonferroni,-0.3,0.0,D3,2000,50,1000,0.05,0.016666666666666666,0.036666666666666674,0.004202512476020877,0.087,0.006302023484564303,,,,,,,70.5555,8.87411515307301,57.0,70.0,86.0,0.0,0.872,-0.005675076159057581,0.1909221010018146,0.0004716433824996784,400240,"[0.0,0.0,0.0]",level,"[0.0345,0.0375,0.038]","[0.004081038470781672,0.004248161366991607,0.004275277768753745]",,0.007470475219154402,999,0.0,0,3,1.0,0.0345,0.004081038470781672,0.0375,0.004248161366991607,0.038,0.004275277768753745,,,,,,,240,B,0.0,999,0.016666666666666666,plan every contrast at alpha/K = 0.05000/3,B,2000
B_0241,B_joint,normal,3,bonferroni,-0.3,0.0,D4,2000,50,1000,0.05,0.016666666666666666,0.014666666666666666,0.002688080686619689,0.04,0.004381780460041329,,,,,,,152.658,24.69220597678547,117.0,151.0,195.04999999999995,0.0,0.9853333333333333,0.002414628562695995,0.13294964621532473,0.00044643221849946713,400241,"[0.0,0.0,0.0]",level,"[0.0125,0.016,0.0155]","[0.002484325864293974,0.0028057084666800293,0.0027622228367747597]",,0.002688080686619693,999,0.0,0,3,1.0,0.0125,0.002484325864293974,0.016,0.0028057084666800293,0.0155,0.0027622228367747597,,,,,,,241,B,0.0,999,0.016666666666666666,plan every contrast at alpha/K = 0.05000/3,B,2000
B_0242,B_joint,normal,3,bonferroni,-0.3,0.5,D3,2000,50,1000,0.05,0.016666666666666666,0.689,0.010350821223458553,,,0.4925,0.011179082028503056,0.868,0.007568883669339885,,,70.4475,8.848968513335326,57.0,70.0,86.04999999999995,0.0,0.8723333333333333,-0.003330343796274327,0.19028925772168992,0.0004655821760006802,400242,"[0.5,0.5,0.5]",power,"[0.69,0.688,0.689]","[0.010341663309158734,0.010359922779634993,0.010350821223458553]",,0.0074621675433110225,999,0.0,3,0,1.0,0.69,0.010341663309158734,0.688,0.010359922779634993,0.689,0.010350821223458553,,,,,,,242,B,1.0,999,0.016666666666666666,plan every contrast at alpha/K = 0.05000/3,B,2000
B_0243,B_joint,normal,3,bonferroni,-0.3,0.5,D4,2000,50,1000,0.05,0.016666666666666666,0.9096666666666667,0.006409883860969018,,,0.8225,0.008543820866567839,0.9745,0.00352489361541593,,,152.3645,24.311183429648175,116.0,151.0,195.0,0.0,0.987,-0.0014805433354058443,0.1293397386640415,0.00041906290000042645,400243,"[0.5,0.5,0.5]",power,"[0.9075,0.9145,0.907]","[0.006478570444164362,0.006252589463574273,0.006494266702253611]",,0.0025328837320335107,999,0.0,3,0,1.0,0.9075,0.006478570444164362,0.9145,0.006252589463574273,0.907,0.006494266702253611,,,,,,,243,B,1.0,999,0.016666666666666666,plan every contrast at alpha/K = 0.05000/3,B,2000
B_0244,B_joint,empirical_copula,3,bonferroni,-0.3,0.0,D3,2000,50,1000,0.05,0.016666666666666666,0.037500000000000006,0.0042481613669916075,0.0975,0.006633014020790247,,,,,,,74.777,11.956432201957238,57.0,74.0,96.0,0.0,0.8701666666666666,0.006303762961533656,0.1851032138845395,0.0006843180899995787,400244,"[0.0,0.0,0.0]",level,"[0.0335,0.0395,0.0395]","[0.004023540107914919,0.00435544199823623,0.00435544199823623]",,0.007515871170027095,999,0.0,0,3,1.0,0.0335,0.004023540107914919,0.0395,0.00435544199823623,0.0395,0.00435544199823623,,,,,,,244,B,0.0,999,0.016666666666666666,plan every contrast at alpha/K = 0.05000/3,B,2000
B_0245,B_joint,empirical_copula,3,bonferroni,-0.3,0.0,D4,2000,50,1000,0.05,0.016666666666666666,0.018000000000000002,0.002972877394040999,0.048,0.0047799581588126895,,,,,,,150.596,28.186464553043894,110.95,148.0,201.0,0.0,0.982,-0.0021291713655642343,0.13227923696121965,0.0006406895024992992,400245,"[0.0,0.0,0.0]",level,"[0.0195,0.0155,0.019]","[0.0030919047527373806,0.0027622228367747597,0.003052785613173647]",,0.002972877394041,999,0.0,0,3,1.0,0.0195,0.0030919047527373806,0.0155,0.0027622228367747597,0.019,0.003052785613173647,,,,,,,245,B,0.0,999,0.016666666666666666,plan every contrast at alpha/K = 0.05000/3,B,2000
B_0246,B_joint,empirical_copula,3,bonferroni,-0.3,0.5,D3,2000,50,1000,0.05,0.016666666666666666,0.7116666666666666,0.010129097250550572,,,0.4505,0.011125415722569651,0.926,0.005853375094763702,,,74.8145,12.297808331162102,56.95,74.0,96.0,0.0,0.8756666666666667,0.0028213206043138693,0.1812768707816669,0.0006862357504996908,400246,"[0.5,0.5,0.5]",power,"[0.7,0.711,0.724]","[0.010246950765959599,0.010136049526319415,0.009995599031573845]",,0.007378162222245982,999,0.0,3,0,1.0,0.7,0.010246950765959599,0.711,0.010136049526319415,0.724,0.009995599031573845,,,,,,,246,B,1.0,999,0.016666666666666666,plan every contrast at alpha/K = 0.05000/3,B,2000
B_0247,B_joint,empirical_copula,3,bonferroni,-0.3,0.5,D4,2000,50,1000,0.05,0.016666666666666666,0.8975,0.006782099601155973,,,0.774,0.009352112060919715,0.9885,0.0023840878758971907,,,149.7165,27.770688283692213,110.0,147.0,200.0,0.0,0.9815,-0.002373268426737409,0.1326630734823882,0.0006665856379986508,400247,"[0.5,0.5,0.5]",power,"[0.897,0.9025,0.893]","[0.006796727153564427,0.006633014020790248,0.0069119823495145]",,0.003013117156700015,999,0.0,3,0,1.0,0.897,0.006796727153564427,0.9025,0.006633014020790248,0.893,0.0069119823495145,,,,,,,247,B,1.0,999,0.016666666666666666,plan every contrast at alpha/K = 0.05000/3,B,2000
B_0248,B_joint,normal,3,bonferroni,0.0,0.0,D3,2000,50,1000,0.05,0.016666666666666666,0.0185,0.003013117156700018,0.0485,0.004803527349771208,,,,,,,70.714,8.163100146390462,58.0,70.0,85.0,0.0,0.9128333333333334,0.0006032692966991275,0.17143917662572977,0.0004757737609998003,400248,"[0.0,0.0,0.0]",level,"[0.0185,0.0215,0.0155]","[0.003013117156700018,0.003243281517229116,0.0027622228367747597]",,0.006307481228227669,999,0.0,0,3,1.0,0.0185,0.003013117156700018,0.0215,0.003243281517229116,0.0155,0.0027622228367747597,,,,,,,248,B,0.0,999,0.016666666666666666,plan every contrast at alpha/K = 0.05000/3,B,2000
B_0249,B_joint,normal,3,bonferroni,0.0,0.0,D4,2000,50,1000,0.05,0.016666666666666666,0.016333333333333335,0.0028343037553829296,0.0425,0.0045107510461119445,,,,,,,119.364,18.1589510710283,93.0,117.0,152.0,0.0,0.9836666666666667,-0.0011246048609023908,0.13277073130544176,0.0004159581479998451,400249,"[0.0,0.0,0.0]",level,"[0.0165,0.0155,0.017]","[0.0028484864401994267,0.0027622228367747597,0.002890588175441116]",,0.002834303755382928,999,0.0,0,3,1.0,0.0165,0.0028484864401994267,0.0155,0.0027622228367747597,0.017,0.002890588175441116,,,,,,,249,B,0.0,999,0.016666666666666666,plan every contrast at alpha/K = 0.05000/3,B,2000
B_0250,B_joint,normal,3,bonferroni,0.0,0.5,D3,2000,50,1000,0.05,0.016666666666666666,0.7131666666666666,0.010113356817155772,,,0.496,0.011179982110898032,0.901,0.006678285708173917,,,70.7605,8.266990973141317,58.0,70.0,85.0,0.0,0.914,-0.002640962146020592,0.16845777822921976,0.00046549571700052185,400250,"[0.5,0.5,0.5]",power,"[0.7175,0.7255,0.6965]","[0.010067118505312231,0.00997872111044296,0.010280752647544827]",,0.006269130721240385,999,0.0,3,0,1.0,0.7175,0.010067118505312231,0.7255,0.00997872111044296,0.6965,0.010280752647544827,,,,,,,250,B,1.0,999,0.016666666666666666,plan every contrast at alpha/K = 0.05000/3,B,2000
B_0251,B_joint,normal,3,bonferroni,0.0,0.5,D4,2000,50,1000,0.05,0.016666666666666666,0.9201666666666668,0.006060526883952504,,,0.821,0.00857201843208471,0.9875,0.0024843258642939696,,,119.7425,17.9277771558551,92.0,119.0,151.0,0.0,0.9833333333333333,0.00305491188021356,0.1290617633795427,0.00039629501349918426,400251,"[0.5,0.5,0.5]",power,"[0.9195,0.92,0.921]","[0.006083574196144895,0.006066300355241239,0.006031542091372652]",,0.002862594006219616,999,0.0,3,0,1.0,0.9195,0.006083574196144895,0.92,0.006066300355241239,0.921,0.006031542091372652,,,,,,,251,B,1.0,999,0.016666666666666666,plan every contrast at alpha/K = 0.05000/3,B,2000
B_0252,B_joint,empirical_copula,3,bonferroni,0.0,0.0,D3,2000,50,1000,0.05,0.016666666666666666,0.015666666666666666,0.0027767987163478574,0.046,0.00468422885862764,,,,,,,75.006,11.711659318815588,58.0,74.0,96.0,0.0,0.919,0.002443005745278665,0.1607552916182322,0.0006702822179995565,400252,"[0.0,0.0,0.0]",level,"[0.0155,0.0155,0.016]","[0.0027622228367747597,0.0027622228367747597,0.0028057084666800293]",,0.006100778638829636,999,0.0,0,3,1.0,0.0155,0.0027622228367747597,0.0155,0.0027622228367747597,0.016,0.0028057084666800293,,,,,,,252,B,0.0,999,0.016666666666666666,plan every contrast at alpha/K = 0.05000/3,B,2000
B_0253,B_joint,empirical_copula,3,bonferroni,0.0,0.0,D4,2000,50,1000,0.05,0.016666666666666666,0.015,0.0027179955849853765,0.0445,0.004610843198374892,,,,,,,123.799,22.158036894093303,90.0,122.0,164.0,0.0,0.985,-0.00303114611115916,0.12875976842671596,0.0006554777239998657,400253,"[0.0,0.0,0.0]",level,"[0.016,0.014,0.015]","[0.0028057084666800293,0.002627165773224065,0.0027179955849853765]",,0.002717995584985378,999,0.0,0,3,1.0,0.016,0.0028057084666800293,0.014,0.002627165773224065,0.015,0.0027179955849853765,,,,,,,253,B,0.0,999,0.016666666666666666,plan every contrast at alpha/K = 0.05000/3,B,2000
B_0254,B_joint,empirical_copula,3,bonferroni,0.0,0.5,D3,2000,50,1000,0.05,0.016666666666666666,0.7286666666666667,0.009942624290285628,,,0.438,0.01109405246066558,0.959,0.00443390347211123,,,74.491,11.5702168951148,57.0,74.0,96.0,0.0,0.9231666666666667,0.002538797361125412,0.16032071236933293,0.0006831796249989566,400254,"[0.5,0.5,0.5]",power,"[0.746,0.716,0.724]","[0.009733550225893941,0.010083253443209686,0.009995599031573845]",,0.0059552486187489356,999,0.0,3,0,1.0,0.746,0.009733550225893941,0.716,0.010083253443209686,0.724,0.009995599031573845,,,,,,,254,B,1.0,999,0.016666666666666666,plan every contrast at alpha/K = 0.05000/3,B,2000
B_0255,B_joint,empirical_copula,3,bonferroni,0.0,0.5,D4,2000,50,1000,0.05,0.016666666666666666,0.9033333333333333,0.006607655492768302,,,0.758,0.009576951498258723,0.994,0.0017268468374467964,,,123.1705,21.33509854090203,92.0,121.0,161.0,0.0,0.9823333333333333,-0.0012563529562654124,0.13039556632584573,0.0006730274194997037,400255,"[0.5,0.5,0.5]",power,"[0.9,0.911,0.899]","[0.006708203932499368,0.006367063687446513,0.006737915107805974]",,0.0029457219450888103,999,0.0,3,0,1.0,0.9,0.006708203932499368,0.911,0.006367063687446513,0.899,0.006737915107805974,,,,,,,255,B,1.0,999,0.016666666666666666,plan every contrast at alpha/K = 0.05000/3,B,2000
B_0256,B_joint,normal,3,bonferroni,0.3,0.0,D3,2000,50,1000,0.05,0.016666666666666666,0.005166666666666667,0.0016031176223568597,0.0145,0.0026729898989708138,,,,,,,70.2685,8.679481997792264,57.0,70.0,86.0,0.0,0.9628333333333333,0.0020471656233599267,0.14264802967023169,0.00045445190549980906,400256,"[0.0,0.0,0.0]",level,"[0.0075,0.0035,0.0045]","[0.0019292161620720473,0.0013205585939290994,0.0014966211945579282]",,0.004229970777414164,999,0.0,0,3,1.0,0.0075,0.0019292161620720473,0.0035,0.0013205585939290994,0.0045,0.0014966211945579282,,,,,,,256,B,0.0,999,0.016666666666666666,plan every contrast at alpha/K = 0.05000/3,B,2000
B_0257,B_joint,normal,3,bonferroni,0.3,0.0,D4,2000,50,1000,0.05,0.016666666666666666,0.016333333333333335,0.0028343037553829296,0.046,0.00468422885862764,,,,,,,86.082,12.343754534176382,68.0,85.0,109.0,0.0,0.9836666666666667,-0.0007114912276073462,0.12873934533084574,0.000445683119000023,400257,"[0.0,0.0,0.0]",level,"[0.015,0.0165,0.0175]","[0.0027179955849853765,0.0028484864401994267,0.002932042803234632]",,0.002834303755382928,999,0.0,0,3,1.0,0.015,0.0027179955849853765,0.0165,0.0028484864401994267,0.0175,0.002932042803234632,,,,,,,257,B,0.0,999,0.016666666666666666,plan every contrast at alpha/K = 0.05000/3,B,2000
B_0258,B_joint,normal,3,bonferroni,0.3,0.5,D3,2000,50,1000,0.05,0.016666666666666666,0.743,0.009771156533389485,,,0.4865,0.011176263910627739,0.9475,0.004987171041783106,,,70.356,8.583313113244792,57.0,70.0,85.0,0.0,0.959,0.0024461300786280836,0.14323830150534136,0.0004552174849995936,400258,"[0.5,0.5,0.5]",power,"[0.7455,0.7415,0.742]","[0.009739860111931793,0.009789733142430389,0.009783557635134573]",,0.00443390347211123,999,0.0,3,0,1.0,0.7455,0.009739860111931793,0.7415,0.009789733142430389,0.742,0.009783557635134573,,,,,,,258,B,1.0,999,0.016666666666666666,plan every contrast at alpha/K = 0.05000/3,B,2000
B_0259,B_joint,normal,3,bonferroni,0.3,0.5,D4,2000,50,1000,0.05,0.016666666666666666,0.9131666666666667,0.006296558804440547,,,0.796,0.009010660353159472,0.9935,0.0017969070649312877,,,85.911,11.984451551906746,68.0,85.0,107.0,0.0,0.9816666666666667,-0.005942316585885974,0.12987851957354918,0.00042783286299891187,400259,"[0.5,0.5,0.5]",power,"[0.9095,0.9175,0.9125]","[0.006415206543830059,0.0061519813881382975,0.006318375978050056]",,0.0029997685095872148,999,0.0,3,0,1.0,0.9095,0.006415206543830059,0.9175,0.0061519813881382975,0.9125,0.006318375978050056,,,,,,,259,B,1.0,999,0.016666666666666666,plan every contrast at alpha/K = 0.05000/3,B,2000
B_0260,B_joint,empirical_copula,3,bonferroni,0.3,0.0,D3,2000,50,1000,0.05,0.016666666666666666,0.006666666666666667,0.0018196458751941573,0.0195,0.0030919047527373806,,,,,,,74.6075,12.819065634826899,56.0,74.0,98.0,0.0,0.9538333333333333,0.001035894197723028,0.14079267063636294,0.0006845559935009078,400260,"[0.0,0.0,0.0]",level,"[0.007,0.0055,0.0075]","[0.0018642692938521516,0.0016537457482938543,0.0019292161620720473]",,0.004692297174921659,999,0.0,0,3,1.0,0.007,0.0018642692938521516,0.0055,0.0016537457482938543,0.0075,0.0019292161620720473,,,,,,,260,B,0.0,999,0.016666666666666666,plan every contrast at alpha/K = 0.05000/3,B,2000
B_0261,B_joint,empirical_copula,3,bonferroni,0.3,0.0,D4,2000,50,1000,0.05,0.016666666666666666,0.015833333333333335,0.002791293507398397,0.046,0.00468422885862764,,,,,,,94.3555,17.051132506376224,69.0,93.0,125.04999999999995,0.0,0.9841666666666666,0.000927139153722849,0.1290014991007069,0.0006603489344997797,400261,"[0.0,0.0,0.0]",level,"[0.0145,0.016,0.017]","[0.0026729898989708138,0.0028057084666800293,0.002890588175441116]",,0.0027912935073983996,999,0.0,0,3,1.0,0.0145,0.0026729898989708138,0.016,0.0028057084666800293,0.017,0.002890588175441116,,,,,,,261,B,0.0,999,0.016666666666666666,plan every contrast at alpha/K = 0.05000/3,B,2000
B_0262,B_joint,empirical_copula,3,bonferroni,0.3,0.5,D3,2000,50,1000,0.05,0.016666666666666666,0.7576666666666666,0.009581437493635518,,,0.444,0.011109995499549044,0.9825,0.002932042803234629,,,74.3955,12.290487368286092,57.0,73.0,97.0,0.0,0.9541666666666667,0.002753362656253959,0.13906286796066678,0.0006387984345001314,400262,"[0.5,0.5,0.5]",power,"[0.7575,0.758,0.7575]","[0.00958367753005077,0.009576951498258723,0.00958367753005077]",,0.004676143650963304,999,0.0,3,0,1.0,0.7575,0.00958367753005077,0.758,0.009576951498258723,0.7575,0.00958367753005077,,,,,,,262,B,1.0,999,0.016666666666666666,plan every contrast at alpha/K = 0.05000/3,B,2000
B_0263,B_joint,empirical_copula,3,bonferroni,0.3,0.5,D4,2000,50,1000,0.05,0.016666666666666666,0.9046666666666666,0.006566768188724531,,,0.7535,0.009636849848368502,0.999,0.0007067531393633852,,,94.4255,16.802929796615828,70.0,93.0,125.0,0.0,0.9838333333333333,-9.862954355132144e-06,0.12673035652843734,0.0006831227699985903,400263,"[0.5,0.5,0.5]",power,"[0.9125,0.9,0.9015]","[0.006318375978050056,0.006708203932499368,0.0066632480818291625]",,0.002820044818398774,999,0.0,3,0,1.0,0.9125,0.006318375978050056,0.9,0.006708203932499368,0.9015,0.0066632480818291625,,,,,,,263,B,1.0,999,0.016666666666666666,plan every contrast at alpha/K = 0.05000/3,B,2000
B_0264,B_joint,normal,3,bonferroni,0.6,0.0,D3,2000,50,1000,0.05,0.016666666666666666,0.0,0.0,0.0,0.0,,,,,,,70.267,10.081900168123072,55.0,70.0,88.0,0.0,0.9938333333333333,-0.0016412532959882782,0.10656925145534797,0.0004519510395002726,400264,"[0.0,0.0,0.0]",level,"[0.0,0.0,0.0]","[0.0,0.0,0.0]",,0.0017505197640827817,999,0.0,0,3,1.0,0.0,0.0,0.0,0.0,0.0,0.0,,,,,,,264,B,0.0,999,0.016666666666666666,plan every contrast at alpha/K = 0.05000/3,B,2000
B_0265,B_joint,normal,3,bonferroni,0.6,0.0,D4,2000,50,1000,0.05,0.016666666666666666,0.018333333333333333,0.0029997685095872165,0.054,0.005053909377897471,,,,,,,50.8105,6.76206993087176,41.0,50.0,63.0,0.0,0.9816666666666667,0.001393033015862709,0.12727195238524008,0.0004071198820001882,400265,"[0.0,0.0,0.0]",level,"[0.0145,0.019,0.0215]","[0.0026729898989708138,0.003052785613173647,0.003243281517229116]",,0.0029997685095872148,999,0.0,0,3,1.0,0.0145,0.0026729898989708138,0.019,0.003052785613173647,0.0215,0.003243281517229116,,,,,,,265,B,0.0,999,0.016666666666666666,plan every contrast at alpha/K = 0.05000/3,B,2000
B_0266,B_joint,normal,3,bonferroni,0.6,0.5,D3,2000,50,1000,0.05,0.016666666666666666,0.8005,0.008935875726530668,,,0.538,0.011148004305704227,0.984,0.00280570846668003,,,70.061,9.72570197980588,55.0,70.0,86.0,0.0,0.9931666666666666,0.000350735263105972,0.10664729547290872,0.00047012358400024825,400266,"[0.5,0.5,0.5]",power,"[0.802,0.802,0.7975]","[0.008910555538236659,0.008910555538236659,0.008985926496472138]",,0.0018420964807643646,999,0.0,3,0,1.0,0.802,0.008910555538236659,0.802,0.008910555538236659,0.7975,0.008985926496472138,,,,,,,266,B,1.0,999,0.016666666666666666,plan every contrast at alpha/K = 0.05000/3,B,2000
B_0267,B_joint,normal,3,bonferroni,0.6,0.5,D4,2000,50,1000,0.05,0.016666666666666666,0.9123333333333333,0.006323813019935925,,,0.783,0.009217130790001842,0.994,0.0017268468374467964,,,50.7505,6.89080907804011,40.0,50.0,63.0,0.0,0.98,-0.0008322572441643181,0.12891271134425825,0.0004518564219997643,400267,"[0.5,0.5,0.5]",power,"[0.9075,0.912,0.9175]","[0.006478570444164362,0.0063346665263453285,0.0061519813881382975]",,0.003130495168499707,999,0.0,3,0,1.0,0.9075,0.006478570444164362,0.912,0.0063346665263453285,0.9175,0.0061519813881382975,,,,,,,267,B,1.0,999,0.016666666666666666,plan every contrast at alpha/K = 0.05000/3,B,2000
B_0268,B_joint,empirical_copula,3,bonferroni,0.6,0.0,D3,2000,50,1000,0.05,0.016666666666666666,0.0006666666666666666,0.0005771577870141847,0.002,0.0009989994994993741,,,,,,,74.0095,14.114014657424725,53.0,73.0,98.0,0.0,0.9846666666666667,0.0018409812105308419,0.11026412518051501,0.0006754731759992864,400268,"[0.0,0.0,0.0]",level,"[0.0005,0.0005,0.001]","[0.0004998749843710925,0.0004998749843710925,0.0007067531393633848]",,0.002747564578151185,999,0.0,0,3,1.0,0.0005,0.0004998749843710925,0.0005,0.0004998749843710925,0.001,0.0007067531393633848,,,,,,,268,B,0.0,999,0.016666666666666666,plan every contrast at alpha/K = 0.05000/3,B,2000
B_0269,B_joint,empirical_copula,3,bonferroni,0.6,0.0,D4,2000,50,1000,0.05,0.016666666666666666,0.017166666666666667,0.0029044769083453065,0.051,0.004919298730510275,,,,,,,61.6145,11.604218618674848,45.0,60.0,83.0,0.0,0.9828333333333333,-0.0007060438467276869,0.1249492801168292,0.0006877156310001738,400269,"[0.0,0.0,0.0]",level,"[0.017,0.0155,0.019]","[0.002890588175441116,0.0027622228367747597,0.003052785613173647]",,0.0029044769083453065,999,0.0,0,3,1.0,0.017,0.002890588175441116,0.0155,0.0027622228367747597,0.019,0.003052785613173647,,,,,,,269,B,0.0,999,0.016666666666666666,plan every contrast at alpha/K = 0.05000/3,B,2000
B_0270,B_joint,empirical_copula,3,bonferroni,0.6,0.5,D3,2000,50,1000,0.05,0.016666666666666666,0.8025000000000001,0.008902071388165789,,,0.514,0.011175956334918278,0.993,0.0018642692938521525,,,73.8365,14.596087412385554,52.0,73.0,100.0,0.0,0.9878333333333333,0.0028488795662321873,0.113175598517375,0.0007029081709988531,400270,"[0.5,0.5,0.5]",power,"[0.8045,0.806,0.797]","[0.008867912663079175,0.008842058583836684,0.008994192570764758]",,0.002451391328295921,999,0.0,3,0,1.0,0.8045,0.008867912663079175,0.806,0.008842058583836684,0.797,0.008994192570764758,,,,,,,270,B,1.0,999,0.016666666666666666,plan every contrast at alpha/K = 0.05000/3,B,2000
B_0271,B_joint,empirical_copula,3,bonferroni,0.6,0.5,D4,2000,50,1000,0.05,0.016666666666666666,0.9066666666666667,0.006504699156080248,,,0.7595,0.009556666521334729,0.997,0.0012229063741758816,,,61.7945,11.693984340249475,45.0,61.0,83.0,0.0,0.9805,0.00089075800458479,0.12507693289075691,0.0007076415049996286,400271,"[0.5,0.5,0.5]",power,"[0.9015,0.91,0.9085]","[0.0066632480818291625,0.0063992187023104614,0.006447005118657811]",,0.003091904752737377,999,0.0,3,0,1.0,0.9015,0.0066632480818291625,0.91,0.0063992187023104614,0.9085,0.006447005118657811,,,,,,,271,B,1.0,999,0.016666666666666666,plan every contrast at alpha/K = 0.05000/3,B,2000
B_0272,B_joint,normal,3,bonferroni,0.9,0.0,D3,2000,50,1000,0.05,0.016666666666666666,0.0,0.0,0.0,0.0,,,,,,,68.411,12.114374891012742,50.0,68.0,89.0,0.0,1.0,0.000702149749865891,0.05496358191682292,0.0004408248750005441,400272,"[0.0,0.0,0.0]",level,"[0.0,0.0,0.0]","[0.0,0.0,0.0]",,0.0,999,0.0,0,3,1.0,0.0,0.0,0.0,0.0,0.0,0.0,,,,,,,272,B,0.0,999,0.016666666666666666,plan every contrast at alpha/K = 0.05000/3,B,2000
B_0273,B_joint,normal,3,bonferroni,0.9,0.0,D4,2000,50,1000,0.05,0.016666666666666666,0.018166666666666668,0.0029863555455512066,0.053,0.005009540897128199,,,,,,,15.367,1.73588910936154,13.0,15.0,18.0,0.0,0.9818333333333333,-0.0009733766869297491,0.11581638222027782,0.000494527377999475,400273,"[0.0,0.0,0.0]",level,"[0.0165,0.018,0.02]","[0.0028484864401994267,0.0029728773940409987,0.0031304951684997056]",,0.0029863555455512066,999,0.0,0,3,1.0,0.0165,0.0028484864401994267,0.018,0.0029728773940409987,0.02,0.0031304951684997056,,,,,,,273,B,0.0,999,0.016666666666666666,plan every contrast at alpha/K = 0.05000/3,B,2000
B_0274,B_joint,normal,3,bonferroni,0.9,0.5,D3,2000,50,1000,0.05,0.016666666666666666,0.9228333333333333,0.005967075172235652,,,0.797,0.008994192570764758,0.999,0.0007067531393633852,,,67.9195,11.802161655815429,50.0,67.0,88.0,0.0,1.0,-0.0013199276280624827,0.05598337393191148,0.00042965267850013334,400274,"[0.5,0.5,0.5]",power,"[0.911,0.9355,0.922]","[0.006367063687446513,0.005492711079239468,0.005996498978570745]",,0.0,999,0.0,3,0,1.0,0.911,0.006367063687446513,0.9355,0.005492711079239468,0.922,0.005996498978570745,,,,,,,274,B,1.0,999,0.016666666666666666,plan every contrast at alpha/K = 0.05000/3,B,2000
B_0275,B_joint,normal,3,bonferroni,0.9,0.5,D4,2000,50,1000,0.05,0.016666666666666666,0.9268333333333333,0.005822941934948158,,,0.802,0.008910555538236659,0.9995,0.000499874984371065,,,15.344,1.718622704376967,13.0,15.0,18.0,0.0,0.9815,-0.00010044534891034488,0.1151968025641874,0.0004427844684996671,400275,"[0.5,0.5,0.5]",power,"[0.9315,0.9345,0.9145]","[0.0056483515294287415,0.005532167296819575,0.006252589463574273]",,0.003013117156700015,999,0.0,3,0,1.0,0.9315,0.0056483515294287415,0.9345,0.005532167296819575,0.9145,0.006252589463574273,,,,,,,275,B,1.0,999,0.016666666666666666,plan every contrast at alpha/K = 0.05000/3,B,2000
B_0276,B_joint,empirical_copula,3,bonferroni,0.9,0.0,D3,2000,50,1000,0.05,0.016666666666666666,0.0,0.0,0.0,0.0,,,,,,,70.318,17.252126709481356,46.0,68.0,102.0,0.0,0.9991666666666666,0.00468685443710994,0.07454620305500048,0.0006858534439998039,400276,"[0.0,0.0,0.0]",level,"[0.0,0.0,0.0]","[0.0,0.0,0.0]",,0.000645228211134986,999,0.0,0,3,1.0,0.0,0.0,0.0,0.0,0.0,0.0,,,,,,,276,B,0.0,999,0.016666666666666666,plan every contrast at alpha/K = 0.05000/3,B,2000
B_0277,B_joint,empirical_copula,3,bonferroni,0.9,0.0,D4,2000,50,1000,0.05,0.016666666666666666,0.025500000000000005,0.0035248936154159325,0.0725,0.005798437289477226,,,,,,,26.4775,4.7868041269724,20.0,26.0,35.0,0.0,0.9745,0.0008036683646547565,0.12160265859449046,0.000665251578000607,400277,"[0.0,0.0,0.0]",level,"[0.0275,0.024,0.025]","[0.0036567574434189644,0.00342227994179319,0.0034910600109422352]",,0.00352489361541593,999,0.0,0,3,1.0,0.0275,0.0036567574434189644,0.024,0.00342227994179319,0.025,0.0034910600109422352,,,,,,,277,B,0.0,999,0.016666666666666666,plan every contrast at alpha/K = 0.05000/3,B,2000
B_0278,B_joint,empirical_copula,3,bonferroni,0.9,0.5,D3,2000,50,1000,0.05,0.016666666666666666,0.8805,0.0072532665055132246,,,0.7095,0.010151594702311553,0.9925,0.0019292161620720412,,,70.758,16.94152991910707,46.0,69.0,101.0,0.0,0.9995,0.005190391551836237,0.07459568486388926,0.0006887665554986597,400278,"[0.5,0.5,0.5]",power,"[0.8815,0.877,0.883]","[0.007226954752867907,0.007344079247938437,0.007187176079657434]",,0.000499874984371065,999,0.0,3,0,1.0,0.8815,0.007226954752867907,0.877,0.007344079247938437,0.883,0.007187176079657434,,,,,,,278,B,1.0,999,0.016666666666666666,plan every contrast at alpha/K = 0.05000/3,B,2000
B_0279,B_joint,empirical_copula,3,bonferroni,0.9,0.5,D4,2000,50,1000,0.05,0.016666666666666666,0.8771666666666667,0.007339799232797706,,,0.7125,0.010120369311443136,0.988,0.0024347484469653133,,,26.582,4.715959711447925,20.0,26.0,35.0,0.0,0.97,-0.0006718644905867178,0.12174385637463558,0.0006643098344993632,400279,"[0.5,0.5,0.5]",power,"[0.87,0.89,0.8715]","[0.007519973404208289,0.006996427659884721,0.007482905518580331]",,0.003814446224552132,999,0.0,3,0,1.0,0.87,0.007519973404208289,0.89,0.006996427659884721,0.8715,0.007482905518580331,,,,,,,279,B,1.0,999,0.016666666666666666,plan every contrast at alpha/K = 0.05000/3,B,2000
B_0280,B_joint,normal,3,holm,-0.3,0.0,D3,2000,50,1000,0.05,0.016666666666666666,0.036500000000000005,0.004193313129257103,0.074,0.005853375094763704,,,,,,,70.3045,8.748244381017255,57.0,70.0,85.0,0.0,0.874,-0.005129561124339006,0.18859387987925305,0.00042229982349999774,400280,"[0.0,0.0,0.0]",level,"[0.04,0.0325,0.037]","[0.004381780460041329,0.003965081966365891,0.0042208411483968455]",,0.007420377348895405,999,0.0,0,3,1.0,0.04,0.004381780460041329,0.0325,0.003965081966365891,0.037,0.0042208411483968455,,,,,,,280,B,0.0,999,0.016666666666666666,plan every contrast at alpha/K = 0.05000/3,B,2000
B_0281,B_joint,normal,3,holm,-0.3,0.0,D4,2000,50,1000,0.05,0.016666666666666666,0.022000000000000002,0.0032799390238234614,0.0475,0.004756245893559331,,,,,,,152.054,24.995461267998238,115.0,150.0,197.04999999999995,0.0,0.9813333333333333,-0.001117796663448071,0.13333530394933465,0.0004229879350004921,400281,"[0.0,0.0,0.0]",level,"[0.0185,0.0225,0.025]","[0.003013117156700018,0.0033161536454151216,0.0034910600109422352]",,0.0030264023379437074,999,0.0,0,3,1.0,0.0185,0.003013117156700018,0.0225,0.0033161536454151216,0.025,0.0034910600109422352,,,,,,,281,B,0.0,999,0.016666666666666666,plan every contrast at alpha/K = 0.05000/3,B,2000
B_0282,B_joint,normal,3,holm,-0.3,0.5,D3,2000,50,1000,0.05,0.016666666666666666,0.7536666666666667,0.009634656771837339,,,0.642,0.010719981343267347,0.8595,0.007770448828735698,,,70.866,8.615569859272224,57.0,70.5,86.0,0.0,0.8658333333333333,0.001564720045095762,0.19347054306591638,0.0004772098944995378,400282,"[0.5,0.5,0.5]",power,"[0.758,0.7495,0.7535]","[0.009576951498258723,0.009688904736862675,0.009636849848368502]",,0.007621219463518362,999,0.0,3,0,1.0,0.758,0.009576951498258723,0.7495,0.009688904736862675,0.7535,0.009636849848368502,,,,,,,282,B,1.0,999,0.016666666666666666,plan every contrast at alpha/K = 0.05000/3,B,2000
B_0283,B_joint,normal,3,holm,-0.3,0.5,D4,2000,50,1000,0.05,0.016666666666666666,0.9436666666666667,0.0051555741139512725,,,0.9115,0.006350895606133045,0.972,0.0036889022757454573,,,151.6745,24.564680941343408,115.0,150.0,195.0,0.0,0.9846666666666667,-0.00024744432822348847,0.13201217095493648,0.00045258864750030627,400283,"[0.5,0.5,0.5]",power,"[0.944,0.9455,0.9415]","[0.005141206084179083,0.005075911248239078,0.0052477495176503994]",,0.002747564578151185,999,0.0,3,0,1.0,0.944,0.005141206084179083,0.9455,0.005075911248239078,0.9415,0.0052477495176503994,,,,,,,283,B,1.0,999,0.016666666666666666,plan every contrast at alpha/K = 0.05000/3,B,2000
B_0284,B_joint,empirical_copula,3,holm,-0.3,0.0,D3,2000,50,1000,0.05,0.016666666666666666,0.033,0.003994433626936364,0.076,0.005925537950262406,,,,,,,74.795,11.659544373602255,58.0,74.0,96.0,0.0,0.8751666666666666,-0.0027605877445023774,0.18117492145748001,0.0007029439399993862,400284,"[0.0,0.0,0.0]",level,"[0.0335,0.0295,0.036]","[0.004023540107914919,0.003783500363420096,0.004165573189850348]",,0.007390871809949833,999,0.0,0,3,1.0,0.0335,0.004023540107914919,0.0295,0.003783500363420096,0.036,0.004165573189850348,,,,,,,284,B,0.0,999,0.016666666666666666,plan every contrast at alpha/K = 0.05000/3,B,2000
B_0285,B_joint,empirical_copula,3,holm,-0.3,0.0,D4,2000,50,1000,0.05,0.016666666666666666,0.016833333333333336,0.0028766275586372164,0.043,0.004536022486716748,,,,,,,152.4665,29.2236356011705,110.0,150.0,206.0,0.0,0.9846666666666667,-0.001934360759383644,0.1294511981226456,0.0006731185000007826,400285,"[0.0,0.0,0.0]",level,"[0.0185,0.014,0.018]","[0.003013117156700018,0.002627165773224065,0.0029728773940409987]",,0.002747564578151185,999,0.0,0,3,1.0,0.0185,0.003013117156700018,0.014,0.002627165773224065,0.018,0.0029728773940409987,,,,,,,285,B,0.0,999,0.016666666666666666,plan every contrast at alpha/K = 0.05000/3,B,2000
B_0286,B_joint,empirical_copula,3,holm,-0.3,0.5,D3,2000,50,1000,0.05,0.016666666666666666,0.789,0.009123568380847484,,,0.6335,0.010774454742584426,0.9255,0.005871530890662162,,,74.7435,11.969323612886402,57.0,74.0,96.0,0.0,0.8766666666666667,0.004009822295646837,0.18223255230146584,0.0007671351360004337,400286,"[0.5,0.5,0.5]",power,"[0.785,0.789,0.793]","[0.009186266924055712,0.009123568380847484,0.00905955296910394]",,0.007352626137041859,999,0.0,3,0,1.0,0.785,0.009186266924055712,0.789,0.009123568380847484,0.793,0.00905955296910394,,,,,,,286,B,1.0,999,0.016666666666666666,plan every contrast at alpha/K = 0.05000/3,B,2000
B_0287,B_joint,empirical_copula,3,holm,-0.3,0.5,D4,2000,50,1000,0.05,0.016666666666666666,0.9366666666666666,0.005446201530526678,,,0.8725,0.007458007441669657,0.9875,0.0024843258642939696,,,151.2405,28.011420166603475,109.0,150.0,200.04999999999995,0.0,0.9836666666666667,-0.0025643219715470417,0.13304908264631535,0.0006641321050010446,400287,"[0.5,0.5,0.5]",power,"[0.9335,0.9395,0.937]","[0.005571254347092763,0.005331029450303197,0.00543281694887652]",,0.002834303755382928,999,0.0,3,0,1.0,0.9335,0.005571254347092763,0.9395,0.005331029450303197,0.937,0.00543281694887652,,,,,,,287,B,1.0,999,0.016666666666666666,plan every contrast at alpha/K = 0.05000/3,B,2000
B_0288,B_joint,normal,3,holm,0.0,0.0,D3,2000,50,1000,0.05,0.016666666666666666,0.015666666666666666,0.0027767987163478574,0.0405,0.004407933189148856,,,,,,,70.768,8.361170731422723,58.0,70.0,85.04999999999995,0.0,0.9213333333333333,-0.002112844707005719,0.16518696731176122,0.00045538066300105127,400288,"[0.0,0.0,0.0]",level,"[0.0185,0.012,0.0165]","[0.003013117156700018,0.002434748446965312,0.0028484864401994267]",,0.006019892948476003,999,0.0,0,3,1.0,0.0185,0.003013117156700018,0.012,0.002434748446965312,0.0165,0.0028484864401994267,,,,,,,288,B,0.0,999,0.016666666666666666,plan every contrast at alpha/K = 0.05000/3,B,2000
B_0289,B_joint,normal,3,holm,0.0,0.0,D4,2000,50,1000,0.05,0.016666666666666666,0.017166666666666667,0.0029044769083453065,0.0465,0.004708383480558906,,,,,,,119.564,18.347504026433676,92.0,118.0,151.0,0.0,0.9835,0.0016222325751307806,0.13101335216943044,0.0004176200965011958,400289,"[0.0,0.0,0.0]",level,"[0.0205,0.0135,0.0175]","[0.00316857617866448,0.0025804796065847916,0.002932042803234632]",,0.002848486440199423,999,0.0,0,3,1.0,0.0205,0.00316857617866448,0.0135,0.0025804796065847916,0.0175,0.002932042803234632,,,,,,,289,B,0.0,999,0.016666666666666666,plan every contrast at alpha/K = 0.05000/3,B,2000
B_0290,B_joint,normal,3,holm,0.0,0.5,D3,2000,50,1000,0.05,0.016666666666666666,0.7789999999999999,0.009277903858092086,,,0.6475,0.01068278404724162,0.9065,0.006509905913298595,,,70.719,8.444467952452658,57.0,70.0,85.0,0.0,0.9108333333333334,-0.004341250362101998,0.1693572566785177,0.0004826030405001802,400290,"[0.5,0.5,0.5]",power,"[0.7815,0.777,0.7785]","[0.009240068993248914,0.009307819293475782,0.0092854119456274]",,0.006372439572966627,999,0.0,3,0,1.0,0.7815,0.009240068993248914,0.777,0.009307819293475782,0.7785,0.0092854119456274,,,,,,,290,B,1.0,999,0.016666666666666666,plan every contrast at alpha/K = 0.05000/3,B,2000
B_0291,B_joint,normal,3,holm,0.0,0.5,D4,2000,50,1000,0.05,0.016666666666666666,0.9483333333333334,0.00494960716735289,,,0.905,0.006556485338960196,0.983,0.0028905881754411173,,,119.3315,18.708329902746527,92.0,118.0,153.0,0.0,0.9813333333333333,-0.001528385389290613,0.1308482952110486,0.00042723067049882954,400291,"[0.5,0.5,0.5]",power,"[0.95,0.9465,0.9485]","[0.004873397172404485,0.005031786462082825,0.004942051699446293]",,0.0030264023379437074,999,0.0,3,0,1.0,0.95,0.004873397172404485,0.9465,0.005031786462082825,0.9485,0.004942051699446293,,,,,,,291,B,1.0,999,0.016666666666666666,plan every contrast at alpha/K = 0.05000/3,B,2000
B_0292,B_joint,empirical_copula,3,holm,0.0,0.0,D3,2000,50,1000,0.05,0.016666666666666666,0.018166666666666668,0.0029863555455512066,0.0495,0.004850244839180801,,,,,,,75.105,11.647058641562685,58.0,74.0,96.0,0.0,0.9131666666666667,-0.0011954808632030022,0.16269214635091112,0.0007179208799989283,400292,"[0.0,0.0,0.0]",level,"[0.0145,0.023,0.017]","[0.0026729898989708138,0.003351939736928455,0.002890588175441116]",,0.006296558804440547,999,0.0,0,3,1.0,0.0145,0.0026729898989708138,0.023,0.003351939736928455,0.017,0.002890588175441116,,,,,,,292,B,0.0,999,0.016666666666666666,plan every contrast at alpha/K = 0.05000/3,B,2000
B_0293,B_joint,empirical_copula,3,holm,0.0,0.0,D4,2000,50,1000,0.05,0.016666666666666666,0.016,0.0028057084666800293,0.0445,0.004610843198374892,,,,,,,124.8395,22.467860150668553,91.95,123.0,166.0,0.0,0.9848333333333333,-0.001380055891074244,0.1260571770796622,0.00068377752699962,400293,"[0.0,0.0,0.0]",level,"[0.0175,0.0145,0.016]","[0.002932042803234632,0.0026729898989708138,0.0028057084666800293]",,0.0027328226148882117,999,0.0,0,3,1.0,0.0175,0.002932042803234632,0.0145,0.0026729898989708138,0.016,0.0028057084666800293,,,,,,,293,B,0.0,999,0.016666666666666666,plan every contrast at alpha/K = 0.05000/3,B,2000
B_0294,B_joint,empirical_copula,3,holm,0.0,0.5,D3,2000,50,1000,0.05,0.016666666666666666,0.8155,0.00867351572316555,,,0.645,0.010699883176932354,0.9575,0.004510751046111944,,,74.958,11.797933547871848,57.0,74.0,96.0,0.0,0.9118333333333334,-0.00046291973575765245,0.16143837539676975,0.0007173384335001174,400294,"[0.5,0.5,0.5]",power,"[0.818,0.8105,0.818]","[0.008627745939699432,0.008763268511234835,0.008627745939699432]",,0.006340083026094986,999,0.0,3,0,1.0,0.818,0.008627745939699432,0.8105,0.008763268511234835,0.818,0.008627745939699432,,,,,,,294,B,1.0,999,0.016666666666666666,plan every contrast at alpha/K = 0.05000/3,B,2000
B_0295,B_joint,empirical_copula,3,holm,0.0,0.5,D4,2000,50,1000,0.05,0.016666666666666666,0.9493333333333333,0.004904057277171405,,,0.8815,0.007226954752867907,0.995,0.0015771810295587513,,,124.204,22.440997838777133,91.0,122.0,164.0,0.0,0.9841666666666666,-0.003754791043250243,0.12737121240436894,0.0006898798709989933,400295,"[0.5,0.5,0.5]",power,"[0.952,0.95,0.946]","[0.004779958158812692,0.004873397172404485,0.005053909377897473]",,0.0027912935073983996,999,0.0,3,0,1.0,0.952,0.004779958158812692,0.95,0.004873397172404485,0.946,0.005053909377897473,,,,,,,295,B,1.0,999,0.016666666666666666,plan every contrast at alpha/K = 0.05000/3,B,2000
B_0296,B_joint,normal,3,holm,0.3,0.0,D3,2000,50,1000,0.05,0.016666666666666666,0.005666666666666667,0.0016784748368020826,0.0155,0.0027622228367747597,,,,,,,70.2895,8.768220443738855,56.0,70.0,85.0,0.0,0.9596666666666667,-0.0011543237938124679,0.1411412578283863,0.0004365179510004964,400296,"[0.0,0.0,0.0]",level,"[0.006,0.006,0.005]","[0.0017268468374467957,0.0017268468374467957,0.0015771810295587506]",,0.004399236044789797,999,0.0,0,3,1.0,0.006,0.0017268468374467957,0.006,0.0017268468374467957,0.005,0.0015771810295587506,,,,,,,296,B,0.0,999,0.016666666666666666,plan every contrast at alpha/K = 0.05000/3,B,2000
B_0297,B_joint,normal,3,holm,0.3,0.0,D4,2000,50,1000,0.05,0.016666666666666666,0.015833333333333335,0.002791293507398397,0.043,0.004536022486716748,,,,,,,85.524,12.26366274813524,67.95,85.0,107.0,0.0,0.9848333333333333,0.0011001276565963704,0.1273856851003691,0.0004563358870000229,400297,"[0.0,0.0,0.0]",level,"[0.0175,0.0195,0.0105]","[0.002932042803234632,0.0030919047527373806,0.002279226842593778]",,0.0027328226148882117,999,0.0,0,3,1.0,0.0175,0.002932042803234632,0.0195,0.0030919047527373806,0.0105,0.002279226842593778,,,,,,,297,B,0.0,999,0.016666666666666666,plan every contrast at alpha/K = 0.05000/3,B,2000
B_0298,B_joint,normal,3,holm,0.3,0.5,D3,2000,50,1000,0.05,0.016666666666666666,0.8315,0.008369819293150838,,,0.692,0.010323177805307822,0.9515,0.004803527349771207,,,70.3975,8.894576648160383,56.0,70.0,86.0,0.0,0.9533333333333334,-0.0018602822966161637,0.14352609555918364,0.0004813904259990522,400298,"[0.5,0.5,0.5]",power,"[0.83,0.8325,0.832]","[0.008399404740813483,0.008349962574766428,0.008359904305672405]",,0.0047164016415530636,999,0.0,3,0,1.0,0.83,0.008399404740813483,0.8325,0.008349962574766428,0.832,0.008359904305672405,,,,,,,298,B,1.0,999,0.016666666666666666,plan every contrast at alpha/K = 0.05000/3,B,2000
B_0299,B_joint,normal,3,holm,0.3,0.5,D4,2000,50,1000,0.05,0.016666666666666666,0.9601666666666667,0.00437302177497945,,,0.913,0.006302023484564302,0.992,0.001991983935678198,,,85.8365,12.151492408342278,68.0,85.0,108.0,0.0,0.9841666666666666,-0.00043371583008723115,0.1296761360155901,0.0004162732625009085,400299,"[0.5,0.5,0.5]",power,"[0.965,0.961,0.9545]","[0.00410944035119139,0.004328914413568374,0.004659922209651143]",,0.0027912935073983996,999,0.0,3,0,1.0,0.965,0.00410944035119139,0.961,0.004328914413568374,0.9545,0.004659922209651143,,,,,,,299,B,1.0,999,0.016666666666666666,plan every contrast at alpha/K = 0.05000/3,B,2000
B_0300,B_joint,empirical_copula,3,holm,0.3,0.0,D3,2000,50,1000,0.05,0.016666666666666666,0.006999999999999999,0.0018642692938521516,0.021,0.0032061659345704488,,,,,,,74.228,12.846634423069725,55.0,73.0,98.0,0.0,0.9565,-0.001921748925075337,0.13879486460728305,0.0007174383790006687,400300,"[0.0,0.0,0.0]",level,"[0.0045,0.009,0.0075]","[0.0014966211945579282,0.002111752826445368,0.0019292161620720473]",,0.004561126505590477,999,0.0,0,3,1.0,0.0045,0.0014966211945579282,0.009,0.002111752826445368,0.0075,0.0019292161620720473,,,,,,,300,B,0.0,999,0.016666666666666666,plan every contrast at alpha/K = 0.05000/3,B,2000
B_0301,B_joint,empirical_copula,3,holm,0.3,0.0,D4,2000,50,1000,0.05,0.016666666666666666,0.0155,0.0027622228367747597,0.045,0.004635461142108733,,,,,,,93.8005,16.886316938574854,69.0,92.0,124.0,0.0,0.9846666666666667,0.0021468155260922265,0.12711771255059315,0.0007043695864995243,400301,"[0.0,0.0,0.0]",level,"[0.014,0.014,0.0185]","[0.002627165773224065,0.002627165773224065,0.003013117156700018]",,0.002747564578151185,999,0.0,0,3,1.0,0.014,0.002627165773224065,0.014,0.002627165773224065,0.0185,0.003013117156700018,,,,,,,301,B,0.0,999,0.016666666666666666,plan every contrast at alpha/K = 0.05000/3,B,2000
B_0302,B_joint,empirical_copula,3,holm,0.3,0.5,D3,2000,50,1000,0.05,0.016666666666666666,0.8553333333333333,0.007865692030019427,,,0.6925,0.01031852096959637,0.9765,0.0033873108803297025,,,74.292,12.697351534867417,56.0,73.0,97.0,0.0,0.9586666666666667,0.0016005979904408771,0.1376758858423724,0.0007022244719992159,400302,"[0.5,0.5,0.5]",power,"[0.854,0.857,0.855]","[0.007895695029571494,0.007827866886962246,0.007873214083206426]",,0.004451117213065103,999,0.0,3,0,1.0,0.854,0.007895695029571494,0.857,0.007827866886962246,0.855,0.007873214083206426,,,,,,,302,B,1.0,999,0.016666666666666666,plan every contrast at alpha/K = 0.05000/3,B,2000
B_0303,B_joint,empirical_copula,3,holm,0.3,0.5,D4,2000,50,1000,0.05,0.016666666666666666,0.9506666666666667,0.004842497060172343,,,0.8785,0.007305400399704318,0.998,0.0009989994994993746,,,94.161,17.65834304231289,69.0,92.0,126.0,0.0,0.9833333333333333,-0.0015745575440104791,0.12707478445233816,0.0006962322224990203,400303,"[0.5,0.5,0.5]",power,"[0.9485,0.955,0.9485]","[0.004942051699446293,0.004635461142108735,0.004942051699446293]",,0.002862594006219616,999,0.0,3,0,1.0,0.9485,0.004942051699446293,0.955,0.004635461142108735,0.9485,0.004942051699446293,,,,,,,303,B,1.0,999,0.016666666666666666,plan every contrast at alpha/K = 0.05000/3,B,2000
B_0304,B_joint,normal,3,holm,0.6,0.0,D3,2000,50,1000,0.05,0.016666666666666666,0.0003333333333333333,0.0004081802434110587,0.001,0.0007067531393633848,,,,,,,70.1115,9.98664446898957,55.0,69.5,87.0,0.0,0.9916666666666667,-0.0019828800101725484,0.1070330218361823,0.0004673251354997774,400304,"[0.0,0.0,0.0]",level,"[0.0005,0.0005,0.0]","[0.0004998749843710925,0.0004998749843710925,0.0]",,0.0020327184862750747,999,0.0,0,3,1.0,0.0005,0.0004998749843710925,0.0005,0.0004998749843710925,0.0,0.0,,,,,,,304,B,0.0,999,0.016666666666666666,plan every contrast at alpha/K = 0.05000/3,B,2000
B_0305,B_joint,normal,3,holm,0.6,0.0,D4,2000,50,1000,0.05,0.016666666666666666,0.016833333333333336,0.0028766275586372164,0.048,0.0047799581588126895,,,,,,,51.032,7.292185954842347,41.0,50.0,64.0,0.0,0.9836666666666667,0.0009225088070916696,0.12585535908781165,0.000438539219499944,400305,"[0.0,0.0,0.0]",level,"[0.0165,0.021,0.013]","[0.0028484864401994267,0.0032061659345704488,0.0025328837320335094]",,0.002834303755382928,999,0.0,0,3,1.0,0.0165,0.0028484864401994267,0.021,0.0032061659345704488,0.013,0.0025328837320335094,,,,,,,305,B,0.0,999,0.016666666666666666,plan every contrast at alpha/K = 0.05000/3,B,2000
B_0306,B_joint,normal,3,holm,0.6,0.5,D3,2000,50,1000,0.05,0.016666666666666666,0.902,0.006648157639526908,,,0.814,0.008700689627839854,0.9755,0.0034568591235397466,,,69.936,9.923754531426097,55.0,69.0,87.0,0.0,0.9893333333333333,0.0018182526146578594,0.11032143562701541,0.000447404340000503,400306,"[0.5,0.5,0.5]",power,"[0.8945,0.9025,0.909]","[0.006869124762296869,0.006633014020790248,0.0064311352030570765]",,0.002297051249851528,999,0.0,3,0,1.0,0.8945,0.006869124762296869,0.9025,0.006633014020790248,0.909,0.0064311352030570765,,,,,,,306,B,1.0,999,0.016666666666666666,plan every contrast at alpha/K = 0.05000/3,B,2000
B_0307,B_joint,normal,3,holm,0.6,0.5,D4,2000,50,1000,0.05,0.016666666666666666,0.9628333333333333,0.004229970777414164,,,0.9125,0.006318375978050056,0.9965,0.0013205585939290896,,,50.738,6.790239760126294,41.0,50.0,62.049999999999955,0.0,0.9846666666666667,-0.00031841517253237186,0.1261809535205089,0.0004142711564982164,400307,"[0.5,0.5,0.5]",power,"[0.9565,0.9665,0.9655]","[0.004561126505590477,0.004023540107914917,0.00408103847078167]",,0.002747564578151185,999,0.0,3,0,1.0,0.9565,0.004561126505590477,0.9665,0.004023540107914917,0.9655,0.00408103847078167,,,,,,,307,B,1.0,999,0.016666666666666666,plan every contrast at alpha/K = 0.05000/3,B,2000
B_0308,B_joint,empirical_copula,3,holm,0.6,0.0,D3,2000,50,1000,0.05,0.016666666666666666,0.001,0.0007067531393633848,0.003,0.0012229063741758812,,,,,,,73.8465,14.67943928595367,53.0,73.0,100.0,0.0,0.9861666666666666,0.0032128063816788508,0.11214720140939995,0.0007444041124999785,400308,"[0.0,0.0,0.0]",level,"[0.0005,0.0025,0.0]","[0.0004998749843710925,0.001116635571706365,0.0]",,0.002611701765345945,999,0.0,0,3,1.0,0.0005,0.0004998749843710925,0.0025,0.001116635571706365,0.0,0.0,,,,,,,308,B,0.0,999,0.016666666666666666,plan every contrast at alpha/K = 0.05000/3,B,2000
B_0309,B_joint,empirical_copula,3,holm,0.6,0.0,D4,2000,50,1000,0.05,0.016666666666666666,0.016833333333333336,0.0028766275586372164,0.0505,0.00489641450451246,,,,,,,61.4175,11.32347975447477,45.0,60.0,82.0,0.0,0.9831666666666666,-0.0015774422573833068,0.12551835220787544,0.0007288470825005789,400309,"[0.0,0.0,0.0]",level,"[0.0135,0.017,0.02]","[0.0025804796065847916,0.002890588175441116,0.0031304951684997056]",,0.002876627558637219,999,0.0,0,3,1.0,0.0135,0.0025804796065847916,0.017,0.002890588175441116,0.02,0.0031304951684997056,,,,,,,309,B,0.0,999,0.016666666666666666,plan every contrast at alpha/K = 0.05000/3,B,2000
B_0310,B_joint,empirical_copula,3,holm,0.6,0.5,D3,2000,50,1000,0.05,0.016666666666666666,0.8918333333333334,0.006945021198271783,,,0.7515,0.00966301583357908,0.992,0.001991983935678198,,,74.3525,14.396188514672904,53.0,73.0,100.04999999999995,0.0,0.9855,-0.00020193560940790344,0.11425045839016645,0.0007106325260010636,400310,"[0.5,0.5,0.5]",power,"[0.8995,0.894,0.882]","[0.006723085229267885,0.006883458433084346,0.007213736895673421]",,0.00267298989897081,999,0.0,3,0,1.0,0.8995,0.006723085229267885,0.894,0.006883458433084346,0.882,0.007213736895673421,,,,,,,310,B,1.0,999,0.016666666666666666,plan every contrast at alpha/K = 0.05000/3,B,2000
B_0311,B_joint,empirical_copula,3,holm,0.6,0.5,D4,2000,50,1000,0.05,0.016666666666666666,0.9476666666666667,0.004979686514006458,,,0.866,0.007617217339685143,0.9995,0.000499874984371065,,,61.746,11.321902843603631,45.0,61.0,82.0,0.0,0.9803333333333333,0.00010112024539580592,0.12630979377956816,0.0006739978075002,400311,"[0.5,0.5,0.5]",power,"[0.954,0.9395,0.9495]","[0.0046842288586276416,0.005331029450303197,0.0048964145045124596]",,0.003104825992619308,999,0.0,3,0,1.0,0.954,0.0046842288586276416,0.9395,0.005331029450303197,0.9495,0.0048964145045124596,,,,,,,311,B,1.0,999,0.016666666666666666,plan every contrast at alpha/K = 0.05000/3,B,2000
B_0312,B_joint,normal,3,holm,0.9,0.0,D3,2000,50,1000,0.05,0.016666666666666666,0.0,0.0,0.0,0.0,,,,,,,68.2615,12.314427219728898,50.0,67.0,91.0,0.0,1.0,-0.001390308015895696,0.054870861579442536,0.0004614036944985855,400312,"[0.0,0.0,0.0]",level,"[0.0,0.0,0.0]","[0.0,0.0,0.0]",,0.0,999,0.0,0,3,1.0,0.0,0.0,0.0,0.0,0.0,0.0,,,,,,,312,B,0.0,999,0.016666666666666666,plan every contrast at alpha/K = 0.05000/3,B,2000
B_0313,B_joint,normal,3,holm,0.9,0.0,D4,2000,50,1000,0.05,0.016666666666666666,0.013833333333333331,0.002611701765345942,0.04,0.004381780460041329,,,,,,,15.369,1.7631900067774888,13.0,15.0,19.0,0.0,0.9865,0.0001236725019597058,0.11358100214865156,0.00048207241449927095,400313,"[0.0,0.0,0.0]",level,"[0.014,0.015,0.0125]","[0.002627165773224065,0.0027179955849853765,0.002484325864293974]",,0.0025804796065847873,999,0.0,0,3,1.0,0.014,0.002627165773224065,0.015,0.0027179955849853765,0.0125,0.002484325864293974,,,,,,,313,B,0.0,999,0.016666666666666666,plan every contrast at alpha/K = 0.05000/3,B,2000
B_0314,B_joint,normal,3,holm,0.9,0.5,D3,2000,50,1000,0.05,0.016666666666666666,0.9941666666666666,0.001702836685586081,,,0.9885,0.0023840878758971907,0.999,0.0007067531393633852,,,68.074,12.06227689949124,50.0,67.0,89.0,0.0,1.0,0.0012594676511185764,0.055834257357188305,0.00047911037000085345,400314,"[0.5,0.5,0.5]",power,"[0.993,0.995,0.9945]","[0.0018642692938521525,0.0015771810295587513,0.0016537457482938467]",,0.0,999,0.0,3,0,1.0,0.993,0.0018642692938521525,0.995,0.0015771810295587513,0.9945,0.0016537457482938467,,,,,,,314,B,1.0,999,0.016666666666666666,plan every contrast at alpha/K = 0.05000/3,B,2000
B_0315,B_joint,normal,3,holm,0.9,0.5,D4,2000,50,1000,0.05,0.016666666666666666,0.9741666666666667,0.0035472505001918147,,,0.9355,0.005492711079239468,0.9985,0.0008653756409790912,,,15.3805,1.733989547257999,13.0,15.0,18.0,0.0,0.9835,-0.002133837197808004,0.11283214281253101,0.0004988590254997689,400315,"[0.5,0.5,0.5]",power,"[0.974,0.9785,0.97]","[0.0035583704135460676,0.003243281517229114,0.003814446224552132]",,0.002848486440199423,999,0.0,3,0,1.0,0.974,0.0035583704135460676,0.9785,0.003243281517229114,0.97,0.003814446224552132,,,,,,,315,B,1.0,999,0.016666666666666666,plan every contrast at alpha/K = 0.05000/3,B,2000
B_0316,B_joint,empirical_copula,3,holm,0.9,0.0,D3,2000,50,1000,0.05,0.016666666666666666,0.0,0.0,0.0,0.0,,,,,,,71.406,16.655724661509026,48.0,70.0,101.0,0.0,0.9996666666666667,0.0018283871553618977,0.07352880382700834,0.0006738511350013141,400316,"[0.0,0.0,0.0]",level,"[0.0,0.0,0.0]","[0.0,0.0,0.0]",,0.0004081802434110362,999,0.0,0,3,1.0,0.0,0.0,0.0,0.0,0.0,0.0,,,,,,,316,B,0.0,999,0.016666666666666666,plan every contrast at alpha/K = 0.05000/3,B,2000
B_0317,B_joint,empirical_copula,3,holm,0.9,0.0,D4,2000,50,1000,0.05,0.016666666666666666,0.02666666666666667,0.0036024682896283458,0.073,0.005816829033072916,,,,,,,26.1645,4.619787846860503,19.0,26.0,34.0,0.0,0.9746666666666667,4.3134134657581314e-05,0.12035548639530981,0.0006659688394993282,400317,"[0.0,0.0,0.0]",level,"[0.0275,0.0245,0.028]","[0.0036567574434189644,0.003456859123539749,0.0036889022757454555]",,0.0035136558991708013,999,0.0,0,3,1.0,0.0275,0.0036567574434189644,0.0245,0.003456859123539749,0.028,0.0036889022757454555,,,,,,,317,B,0.0,999,0.016666666666666666,plan every contrast at alpha/K = 0.05000/3,B,2000
B_0318,B_joint,empirical_copula,3,holm,0.9,0.5,D3,2000,50,1000,0.05,0.016666666666666666,0.969,0.003875499967746099,,,0.941,0.005268728499363013,0.992,0.001991983935678198,,,71.318,17.135339973283283,47.0,69.0,102.0,0.0,0.9993333333333333,0.003251514830529975,0.07244609359794126,0.0006917522944986558,400318,"[0.5,0.5,0.5]",power,"[0.968,0.969,0.97]","[0.003935479640399632,0.003875499967746099,0.003814446224552132]",,0.0005771577870142011,999,0.0,3,0,1.0,0.968,0.003935479640399632,0.969,0.003875499967746099,0.97,0.003814446224552132,,,,,,,318,B,1.0,999,0.016666666666666666,plan every contrast at alpha/K = 0.05000/3,B,2000
B_0319,B_joint,empirical_copula,3,holm,0.9,0.5,D4,2000,50,1000,0.05,0.016666666666666666,0.935,0.005512485827646179,,,0.8555,0.00786192565469809,0.9925,0.0019292161620720412,,,26.3195,4.650098896797788,19.950000000000003,26.0,34.0,0.0,0.9705,0.0006597383731109683,0.12025189366520295,0.0007419045589995222,400319,"[0.5,0.5,0.5]",power,"[0.928,0.9345,0.9425]","[0.0057799653978203,0.005532167296819575,0.005205465877325487]",,0.0037835003634200943,999,0.0,3,0,1.0,0.928,0.0057799653978203,0.9345,0.005532167296819575,0.9425,0.005205465877325487,,,,,,,319,B,1.0,999,0.016666666666666666,plan every contrast at alpha/K = 0.05000/3,B,2000
B_0320,B_joint,normal,3,bh,-0.3,0.0,D3,2000,50,1000,0.05,0.016666666666666666,0.05016666666666667,0.004881084522020809,0.0935,0.006509905913298594,,,,,0.0935,0.006509905913298594,70.617,8.866245597771359,57.0,70.0,86.0,0.0,0.8618333333333333,-0.002260117482564139,0.19557801054651178,0.0004329500964995532,400320,"[0.0,0.0,0.0]",level,"[0.048,0.054,0.0485]","[0.0047799581588126895,0.005053909377897471,0.004803527349771208]",0.0935,0.007716107791136956,999,0.0,0,3,1.0,0.048,0.0047799581588126895,0.054,0.005053909377897471,0.0485,0.004803527349771208,,,,,,,320,B,0.0,999,0.016666666666666666,BH: plan at alpha*r/K with r = 1 pre-declared expected rejections (r = 1 reduces to Bonferroni).,B,2000
B_0321,B_joint,normal,3,bh,-0.3,0.0,D4,2000,50,1000,0.05,0.016666666666666666,0.01916666666666667,0.0030658853171274653,0.037,0.0042208411483968455,,,,,0.037,0.0042208411483968455,152.0755,24.92755101789985,116.0,150.0,196.0,0.0,0.9856666666666667,0.0006628135301166162,0.13124677971748527,0.00041162125099981493,400321,"[0.0,0.0,0.0]",level,"[0.019,0.0175,0.021]","[0.003052785613173647,0.002932042803234632,0.0032061659345704488]",0.037,0.002657808203096008,999,0.0,0,3,1.0,0.019,0.003052785613173647,0.0175,0.002932042803234632,0.021,0.0032061659345704488,,,,,,,321,B,0.0,999,0.016666666666666666,BH: plan at alpha*r/K with r = 1 pre-declared expected rejections (r = 1 reduces to Bonferroni).,B,2000
B_0322,B_joint,normal,3,bh,-0.3,0.5,D3,2000,50,1000,0.05,0.016666666666666666,0.7891666666666667,0.0091209275539522,,,0.677,0.010456361699941333,0.8845,0.007147018609182434,0.0,0.0,70.7345,8.84663833046203,57.0,70.0,86.0,0.0,0.8678333333333333,0.0037502284439027045,0.19272118792953272,0.0004424505049992149,400322,"[0.5,0.5,0.5]",power,"[0.778,0.79,0.7995]","[0.009292900515985306,0.00910768905925098,0.008952646256833787]",0.0,0.0075729333447776,999,0.0,3,0,1.0,0.778,0.009292900515985306,0.79,0.00910768905925098,0.7995,0.008952646256833787,,,,,,,322,B,1.0,999,0.016666666666666666,BH: plan at alpha*r/K with r = 1 pre-declared expected rejections (r = 1 reduces to Bonferroni).,B,2000
B_0323,B_joint,normal,3,bh,-0.3,0.5,D4,2000,50,1000,0.05,0.016666666666666666,0.9528333333333334,0.004740357171259468,,,0.917,0.006168914004912047,0.977,0.0033519397369284566,0.0,0.0,151.797,23.649097044073372,116.0,150.0,194.0,0.0,0.9823333333333333,0.001984195543761999,0.1317210036464597,0.0004098984365009528,400323,"[0.5,0.5,0.5]",power,"[0.953,0.9555,0.95]","[0.004732388403332932,0.004610843198374891,0.004873397172404485]",0.0,0.0029457219450888103,999,0.0,3,0,1.0,0.953,0.004732388403332932,0.9555,0.004610843198374891,0.95,0.004873397172404485,,,,,,,323,B,1.0,999,0.016666666666666666,BH: plan at alpha*r/K with r = 1 pre-declared expected rejections (r = 1 reduces to Bonferroni).,B,2000
B_0324,B_joint,empirical_copula,3,bh,-0.3,0.0,D3,2000,50,1000,0.05,0.016666666666666666,0.03416666666666667,0.0040619764619920905,0.077,0.0059611659933271445,,,,,0.077,0.0059611659933271445,75.1825,12.183931785347452,57.0,74.0,97.0,0.0,0.8795,-0.001439464759724008,0.18126059067874328,0.000719960529000673,400324,"[0.0,0.0,0.0]",level,"[0.0335,0.033,0.036]","[0.004023540107914919,0.003994433626936364,0.004165573189850348]",0.077,0.007279414468211026,999,0.0,0,3,1.0,0.0335,0.004023540107914919,0.033,0.003994433626936364,0.036,0.004165573189850348,,,,,,,324,B,0.0,999,0.016666666666666666,BH: plan at alpha*r/K with r = 1 pre-declared expected rejections (r = 1 reduces to Bonferroni).,B,2000
B_0325,B_joint,empirical_copula,3,bh,-0.3,0.0,D4,2000,50,1000,0.05,0.016666666666666666,0.019666666666666666,0.003104825992619304,0.0475,0.004756245893559331,,,,,0.0475,0.004756245893559331,150.2725,27.522140973223724,108.0,149.0,199.0,0.0,0.9833333333333333,0.003146201202248206,0.12969360840754945,0.0006692568524995295,400325,"[0.0,0.0,0.0]",level,"[0.016,0.0215,0.0215]","[0.0028057084666800293,0.003243281517229116,0.003243281517229116]",0.0475,0.002862594006219616,999,0.0,0,3,1.0,0.016,0.0028057084666800293,0.0215,0.003243281517229116,0.0215,0.003243281517229116,,,,,,,325,B,0.0,999,0.016666666666666666,BH: plan at alpha*r/K with r = 1 pre-declared expected rejections (r = 1 reduces to Bonferroni).,B,2000
B_0326,B_joint,empirical_copula,3,bh,-0.3,0.5,D3,2000,50,1000,0.05,0.016666666666666666,0.7989999999999999,0.0089609988282557,,,0.6375,0.010749273231246846,0.9315,0.0056483515294287415,0.0,0.0,74.3475,12.485901799629854,57.0,73.0,96.0,0.0,0.8781666666666667,0.005846159889006895,0.18356994484587982,0.0007566469074990891,400326,"[0.5,0.5,0.5]",power,"[0.801,0.8065,0.7895]","[0.008927457644816915,0.008833395440033238,0.009115639034099584]",0.0,0.007314026668744865,999,0.0,3,0,1.0,0.801,0.008927457644816915,0.8065,0.008833395440033238,0.7895,0.009115639034099584,,,,,,,326,B,1.0,999,0.016666666666666666,BH: plan at alpha*r/K with r = 1 pre-declared expected rejections (r = 1 reduces to Bonferroni).,B,2000
B_0327,B_joint,empirical_copula,3,bh,-0.3,0.5,D4,2000,50,1000,0.05,0.016666666666666666,0.9558333333333334,0.004594342837785517,,,0.9025,0.006633014020790248,0.992,0.001991983935678198,0.0,0.0,150.657,28.087583573529425,110.0,148.0,200.0,0.0,0.9831666666666666,0.0032889007277884033,0.12968145545051102,0.0007001847464998719,400327,"[0.5,0.5,0.5]",power,"[0.9575,0.9535,0.9565]","[0.004510751046111944,0.004708383480558906,0.004561126505590477]",0.0,0.002876627558637219,999,0.0,3,0,1.0,0.9575,0.004510751046111944,0.9535,0.004708383480558906,0.9565,0.004561126505590477,,,,,,,327,B,1.0,999,0.016666666666666666,BH: plan at alpha*r/K with r = 1 pre-declared expected rejections (r = 1 reduces to Bonferroni).,B,2000
B_0328,B_joint,normal,3,bh,0.0,0.0,D3,2000,50,1000,0.05,0.016666666666666666,0.024833333333333332,0.0034797010567639924,0.0535,0.005031786462082826,,,,,0.0535,0.005031786462082826,70.7635,8.369741199702652,58.0,70.0,85.0,0.0,0.9163333333333333,0.004071169385916434,0.16890381619181058,0.00052665534299922,400328,"[0.0,0.0,0.0]",level,"[0.0215,0.0255,0.0275]","[0.003243281517229116,0.003524893615415932,0.0036567574434189644]",0.0535,0.006191387387151427,999,0.0,0,3,1.0,0.0215,0.003243281517229116,0.0255,0.003524893615415932,0.0275,0.0036567574434189644,,,,,,,328,B,0.0,999,0.016666666666666666,BH: plan at alpha*r/K with r = 1 pre-declared expected rejections (r = 1 reduces to Bonferroni).,B,2000
B_0329,B_joint,normal,3,bh,0.0,0.0,D4,2000,50,1000,0.05,0.016666666666666666,0.024000000000000004,0.00342227994179319,0.0525,0.004987171041783107,,,,,0.0525,0.004987171041783107,120.3815,18.91612956579649,91.0,119.0,153.0,0.0,0.9806666666666667,-0.0019172190393732635,0.13117201377357,0.0004461297940015356,400329,"[0.0,0.0,0.0]",level,"[0.021,0.0265,0.0245]","[0.0032061659345704488,0.0035915003828483716,0.003456859123539749]",0.0525,0.0030789247762453968,999,0.0,0,3,1.0,0.021,0.0032061659345704488,0.0265,0.0035915003828483716,0.0245,0.003456859123539749,,,,,,,329,B,0.0,999,0.016666666666666666,BH: plan at alpha*r/K with r = 1 pre-declared expected rejections (r = 1 reduces to Bonferroni).,B,2000
B_0330,B_joint,normal,3,bh,0.0,0.5,D3,2000,50,1000,0.05,0.016666666666666666,0.8145000000000001,0.008691655480977141,,,0.686,0.010377957409818176,0.9195,0.006083574196144895,0.0,0.0,70.856,7.991136589997696,58.0,71.0,84.0,0.0,0.9155,0.0034375193350706748,0.16942708170121779,0.0004569913425002596,400330,"[0.5,0.5,0.5]",power,"[0.818,0.809,0.8165]","[0.008627745939699432,0.008789738335126933,0.00865528018032923]",0.0,0.006219314672855845,999,0.0,3,0,1.0,0.818,0.008627745939699432,0.809,0.008789738335126933,0.8165,0.00865528018032923,,,,,,,330,B,1.0,999,0.016666666666666666,BH: plan at alpha*r/K with r = 1 pre-declared expected rejections (r = 1 reduces to Bonferroni).,B,2000
B_0331,B_joint,normal,3,bh,0.0,0.5,D4,2000,50,1000,0.05,0.016666666666666666,0.952,0.004779958158812692,,,0.9035,0.006602565789145914,0.988,0.0024347484469653133,0.0,0.0,119.6405,18.04927310863238,91.0,118.0,150.0,0.0,0.9848333333333333,-0.002715287173546931,0.1311818175668568,0.0004391548535004404,400331,"[0.5,0.5,0.5]",power,"[0.956,0.9485,0.9515]","[0.004586065852122058,0.004942051699446293,0.004803527349771207]",0.0,0.0027328226148882117,999,0.0,3,0,1.0,0.956,0.004586065852122058,0.9485,0.004942051699446293,0.9515,0.004803527349771207,,,,,,,331,B,1.0,999,0.016666666666666666,BH: plan at alpha*r/K with r = 1 pre-declared expected rejections (r = 1 reduces to Bonferroni).,B,2000
B_0332,B_joint,empirical_copula,3,bh,0.0,0.0,D3,2000,50,1000,0.05,0.016666666666666666,0.023833333333333335,0.003410667497393696,0.0605,0.005331029450303197,,,,,0.0605,0.005331029450303197,74.709,11.587765919278834,57.95,74.0,95.0,0.0,0.9081666666666667,-0.0017705820676356006,0.16635138335808353,0.0006882101885003067,400332,"[0.0,0.0,0.0]",level,"[0.025,0.022,0.0245]","[0.0034910600109422352,0.003279939023823461,0.003456859123539749]",0.0605,0.006457552640986452,999,0.0,0,3,1.0,0.025,0.0034910600109422352,0.022,0.003279939023823461,0.0245,0.003456859123539749,,,,,,,332,B,0.0,999,0.016666666666666666,BH: plan at alpha*r/K with r = 1 pre-declared expected rejections (r = 1 reduces to Bonferroni).,B,2000
B_0333,B_joint,empirical_copula,3,bh,0.0,0.0,D4,2000,50,1000,0.05,0.016666666666666666,0.0165,0.0028484864401994267,0.044,0.0045860658521220555,,,,,0.044,0.0045860658521220555,123.681,22.64599829992045,91.0,121.0,163.0,0.0,0.9845,0.0008560596057620196,0.1278539963919656,0.0006712439240000094,400333,"[0.0,0.0,0.0]",level,"[0.015,0.016,0.0185]","[0.0027179955849853765,0.0028057084666800293,0.003013117156700018]",0.044,0.0027622228367747558,999,0.0,0,3,1.0,0.015,0.0027179955849853765,0.016,0.0028057084666800293,0.0185,0.003013117156700018,,,,,,,333,B,0.0,999,0.016666666666666666,BH: plan at alpha*r/K with r = 1 pre-declared expected rejections (r = 1 reduces to Bonferroni).,B,2000
B_0334,B_joint,empirical_copula,3,bh,0.0,0.5,D3,2000,50,1000,0.05,0.016666666666666666,0.8370000000000001,0.008259267522002177,,,0.6525,0.010647622974166581,0.966,0.004052406692324946,0.0,0.0,75.2775,11.98672155970931,58.0,74.0,97.0,0.0,0.9128333333333334,-0.0004350732136012737,0.16119504221846176,0.0007088069945002645,400334,"[0.5,0.5,0.5]",power,"[0.833,0.8475,0.8305]","[0.008339994004794009,0.008038773227302782,0.008389569416841366]",0.0,0.006307481228227669,999,0.0,3,0,1.0,0.833,0.008339994004794009,0.8475,0.008038773227302782,0.8305,0.008389569416841366,,,,,,,334,B,1.0,999,0.016666666666666666,BH: plan at alpha*r/K with r = 1 pre-declared expected rejections (r = 1 reduces to Bonferroni).,B,2000
B_0335,B_joint,empirical_copula,3,bh,0.0,0.5,D4,2000,50,1000,0.05,0.016666666666666666,0.9535,0.004708383480558906,,,0.885,0.007133547504573023,0.995,0.0015771810295587513,0.0,0.0,124.1725,22.303065792621425,91.0,122.0,165.0,0.0,0.983,-0.0012592942762837656,0.13177120624366453,0.0007158995994996076,400335,"[0.5,0.5,0.5]",power,"[0.954,0.947,0.9595]","[0.0046842288586276416,0.005009540897128201,0.004407933189148855]",0.0,0.0028905881754411173,999,0.0,3,0,1.0,0.954,0.0046842288586276416,0.947,0.005009540897128201,0.9595,0.004407933189148855,,,,,,,335,B,1.0,999,0.016666666666666666,BH: plan at alpha*r/K with r = 1 pre-declared expected rejections (r = 1 reduces to Bonferroni).,B,2000
B_0336,B_joint,normal,3,bh,0.3,0.0,D3,2000,50,1000,0.05,0.016666666666666666,0.005333333333333333,0.00162863269169093,0.0135,0.0025804796065847916,,,,,0.0135,0.0025804796065847916,70.518,8.744008005485814,57.0,70.0,85.0,0.0,0.9573333333333334,-0.004926934717175209,0.14169220204806043,0.0004439321729987569,400336,"[0.0,0.0,0.0]",level,"[0.005,0.0045,0.0065]","[0.0015771810295587506,0.0014966211945579282,0.0017969070649312946]",0.0135,0.0045191936350538345,999,0.0,0,3,1.0,0.005,0.0015771810295587506,0.0045,0.0014966211945579282,0.0065,0.0017969070649312946,,,,,,,336,B,0.0,999,0.016666666666666666,BH: plan at alpha*r/K with r = 1 pre-declared expected rejections (r = 1 reduces to Bonferroni).,B,2000
B_0337,B_joint,normal,3,bh,0.3,0.0,D4,2000,50,1000,0.05,0.016666666666666666,0.0165,0.0028484864401994267,0.0455,0.004659922209651144,,,,,0.0455,0.004659922209651144,85.834,12.050412607043793,68.0,84.0,107.0,0.0,0.9845,-0.0019017439587638823,0.127337083625523,0.00044496757100023385,400337,"[0.0,0.0,0.0]",level,"[0.0175,0.0145,0.0175]","[0.002932042803234632,0.0026729898989708138,0.002932042803234632]",0.0455,0.0027622228367747558,999,0.0,0,3,1.0,0.0175,0.002932042803234632,0.0145,0.0026729898989708138,0.0175,0.002932042803234632,,,,,,,337,B,0.0,999,0.016666666666666666,BH: plan at alpha*r/K with r = 1 pre-declared expected rejections (r = 1 reduces to Bonferroni).,B,2000
B_0338,B_joint,normal,3,bh,0.3,0.5,D3,2000,50,1000,0.05,0.016666666666666666,0.8591666666666667,0.007778152272730186,,,0.7335,0.009886297335200878,0.948,0.0049646752159632785,0.0,0.0,70.545,8.974518092911731,57.0,70.0,86.0,0.0,0.9571666666666667,-0.0010828824686075292,0.14308747400652486,0.0004299458655004855,400338,"[0.5,0.5,0.5]",power,"[0.8475,0.8605,0.8695]","[0.008038773227302782,0.00774724951192357,0.00753225563825339]",0.0,0.0045276174136563724,999,0.0,3,0,1.0,0.8475,0.008038773227302782,0.8605,0.00774724951192357,0.8695,0.00753225563825339,,,,,,,338,B,1.0,999,0.016666666666666666,BH: plan at alpha*r/K with r = 1 pre-declared expected rejections (r = 1 reduces to Bonferroni).,B,2000
B_0339,B_joint,normal,3,bh,0.3,0.5,D4,2000,50,1000,0.05,0.016666666666666666,0.9598333333333334,0.004390518508989313,,,0.9035,0.006602565789145914,0.9945,0.0016537457482938467,0.0,0.0,85.8525,12.448764747957927,67.0,85.0,107.0,0.0,0.9818333333333333,-0.0024052508100262473,0.12865918962619238,0.00041393748699920254,400339,"[0.5,0.5,0.5]",power,"[0.963,0.9575,0.959]","[0.004220841148396847,0.004510751046111944,0.00443390347211123]",0.0,0.0029863555455512066,999,0.0,3,0,1.0,0.963,0.004220841148396847,0.9575,0.004510751046111944,0.959,0.00443390347211123,,,,,,,339,B,1.0,999,0.016666666666666666,BH: plan at alpha*r/K with r = 1 pre-declared expected rejections (r = 1 reduces to Bonferroni).,B,2000
B_0340,B_joint,empirical_copula,3,bh,0.3,0.0,D3,2000,50,1000,0.05,0.016666666666666666,0.007333333333333333,0.0019078201638985206,0.021,0.0032061659345704488,,,,,0.021,0.0032061659345704488,75.064,12.823724264035,56.0,74.0,98.0,0.0,0.9546666666666667,-0.002530380725216966,0.14009623252773146,0.0006887303920011618,400340,"[0.0,0.0,0.0]",level,"[0.008,0.0075,0.0065]","[0.0019919839356781974,0.0019292161620720473,0.0017969070649312946]",0.021,0.004651785798068427,999,0.0,0,3,1.0,0.008,0.0019919839356781974,0.0075,0.0019292161620720473,0.0065,0.0017969070649312946,,,,,,,340,B,0.0,999,0.016666666666666666,BH: plan at alpha*r/K with r = 1 pre-declared expected rejections (r = 1 reduces to Bonferroni).,B,2000
B_0341,B_joint,empirical_copula,3,bh,0.3,0.0,D4,2000,50,1000,0.05,0.016666666666666666,0.018333333333333337,0.002999768509587217,0.052,0.004964675215963275,,,,,0.052,0.004964675215963275,93.437,16.94004223725549,68.0,92.0,125.04999999999995,0.0,0.9825,-0.0007631244954344517,0.12838538788333398,0.0006552107360002993,400341,"[0.0,0.0,0.0]",level,"[0.018,0.017,0.02]","[0.0029728773940409987,0.002890588175441116,0.0031304951684997056]",0.052,0.002932042803234629,999,0.0,0,3,1.0,0.018,0.0029728773940409987,0.017,0.002890588175441116,0.02,0.0031304951684997056,,,,,,,341,B,0.0,999,0.016666666666666666,BH: plan at alpha*r/K with r = 1 pre-declared expected rejections (r = 1 reduces to Bonferroni).,B,2000
B_0342,B_joint,empirical_copula,3,bh,0.3,0.5,D3,2000,50,1000,0.05,0.016666666666666666,0.8593333333333334,0.00777430239814337,,,0.6715,0.010502089077893026,0.9865,0.0025804796065847873,0.0,0.0,74.7525,12.46792860703012,56.0,73.0,97.0,0.0,0.9571666666666667,-0.0032533550415144953,0.1394384835131739,0.0006380872199988517,400342,"[0.5,0.5,0.5]",power,"[0.865,0.8625,0.8505]","[0.007641171376170017,0.007700446415630719,0.007973385416496557]",0.0,0.0045276174136563724,999,0.0,3,0,1.0,0.865,0.007641171376170017,0.8625,0.007700446415630719,0.8505,0.007973385416496557,,,,,,,342,B,1.0,999,0.016666666666666666,BH: plan at alpha*r/K with r = 1 pre-declared expected rejections (r = 1 reduces to Bonferroni).,B,2000
B_0343,B_joint,empirical_copula,3,bh,0.3,0.5,D4,2000,50,1000,0.05,0.016666666666666666,0.9573333333333333,0.004519193635053841,,,0.8865,0.007092874946028586,0.9985,0.0008653756409790912,0.0,0.0,93.648,18.01766066946539,69.0,91.0,127.0,0.0,0.982,-0.00032819904852277916,0.12739997446038243,0.000710876344499411,400343,"[0.5,0.5,0.5]",power,"[0.9545,0.962,0.9555]","[0.004659922209651143,0.004275277768753747,0.004610843198374891]",0.0,0.002972877394041,999,0.0,3,0,1.0,0.9545,0.004659922209651143,0.962,0.004275277768753747,0.9555,0.004610843198374891,,,,,,,343,B,1.0,999,0.016666666666666666,BH: plan at alpha*r/K with r = 1 pre-declared expected rejections (r = 1 reduces to Bonferroni).,B,2000
B_0344,B_joint,normal,3,bh,0.6,0.0,D3,2000,50,1000,0.05,0.016666666666666666,0.0005,0.0004998749843710925,0.0015,0.0008653756409791069,,,,,0.0015,0.0008653756409791069,69.575,9.896937657679773,54.0,69.0,86.0,0.0,0.9913333333333333,-0.002726174089410162,0.10866116931560595,0.0004799453205014288,400344,"[0.0,0.0,0.0]",level,"[0.0,0.001,0.0005]","[0.0,0.0007067531393633848,0.0004998749843710925]",0.0015,0.0020726258171164906,999,0.0,0,3,1.0,0.0,0.0,0.001,0.0007067531393633848,0.0005,0.0004998749843710925,,,,,,,344,B,0.0,999,0.016666666666666666,BH: plan at alpha*r/K with r = 1 pre-declared expected rejections (r = 1 reduces to Bonferroni).,B,2000
B_0345,B_joint,normal,3,bh,0.6,0.0,D4,2000,50,1000,0.05,0.016666666666666666,0.018166666666666668,0.0029863555455512066,0.048,0.0047799581588126895,,,,,0.048,0.0047799581588126895,50.732,7.081890707995994,40.0,50.0,63.049999999999955,0.0,0.9836666666666667,-0.0015609723557618036,0.12795172723672524,0.0004566340960009256,400345,"[0.0,0.0,0.0]",level,"[0.019,0.0165,0.019]","[0.003052785613173647,0.0028484864401994267,0.003052785613173647]",0.048,0.002834303755382928,999,0.0,0,3,1.0,0.019,0.003052785613173647,0.0165,0.0028484864401994267,0.019,0.003052785613173647,,,,,,,345,B,0.0,999,0.016666666666666666,BH: plan at alpha*r/K with r = 1 pre-declared expected rejections (r = 1 reduces to Bonferroni).,B,2000
B_0346,B_joint,normal,3,bh,0.6,0.5,D3,2000,50,1000,0.05,0.016666666666666666,0.9315000000000001,0.005648351529428737,,,0.8405,0.008187177474563502,0.9915,0.0020527725154044657,0.0,0.0,70.1785,9.818535417769802,55.0,70.0,88.0,0.0,0.991,0.0006515716404325817,0.10789241588280238,0.0004391047499993874,400346,"[0.5,0.5,0.5]",power,"[0.9335,0.929,0.932]","[0.005571254347092763,0.005742778073371805,0.005629209535982825]",0.0,0.002111752826445369,999,0.0,3,0,1.0,0.9335,0.005571254347092763,0.929,0.005742778073371805,0.932,0.005629209535982825,,,,,,,346,B,1.0,999,0.016666666666666666,BH: plan at alpha*r/K with r = 1 pre-declared expected rejections (r = 1 reduces to Bonferroni).,B,2000
B_0347,B_joint,normal,3,bh,0.6,0.5,D4,2000,50,1000,0.05,0.016666666666666666,0.9708333333333332,0.0037627099424631665,,,0.9275,0.005798437289477226,0.997,0.0012229063741758816,0.0,0.0,50.9625,7.024606305694292,41.0,50.0,64.0,0.0,0.9833333333333333,0.0022245335927828258,0.12871971940652788,0.0004725160500001948,400347,"[0.5,0.5,0.5]",power,"[0.97,0.971,0.9715]","[0.003814446224552132,0.0037522659820433853,0.003720735814324901]",0.0,0.002862594006219616,999,0.0,3,0,1.0,0.97,0.003814446224552132,0.971,0.0037522659820433853,0.9715,0.003720735814324901,,,,,,,347,B,1.0,999,0.016666666666666666,BH: plan at alpha*r/K with r = 1 pre-declared expected rejections (r = 1 reduces to Bonferroni).,B,2000
B_0348,B_joint,empirical_copula,3,bh,0.6,0.0,D3,2000,50,1000,0.05,0.016666666666666666,0.0005,0.0004998749843710925,0.0015,0.0008653756409791069,,,,,0.0015,0.0008653756409791069,74.0385,14.226771163900823,53.0,73.0,100.0,0.0,0.9826666666666667,-0.0002547372216195461,0.1138213798206432,0.0007210698805010906,400348,"[0.0,0.0,0.0]",level,"[0.0005,0.0005,0.0005]","[0.0004998749843710925,0.0004998749843710925,0.0004998749843710925]",0.0015,0.0029182947836783784,999,0.0,0,3,1.0,0.0005,0.0004998749843710925,0.0005,0.0004998749843710925,0.0005,0.0004998749843710925,,,,,,,348,B,0.0,999,0.016666666666666666,BH: plan at alpha*r/K with r = 1 pre-declared expected rejections (r = 1 reduces to Bonferroni).,B,2000
B_0349,B_joint,empirical_copula,3,bh,0.6,0.0,D4,2000,50,1000,0.05,0.016666666666666666,0.020833333333333332,0.003193689524324144,0.058,0.0052266624149642565,,,,,0.058,0.0052266624149642565,61.363,11.01844957332927,44.0,61.0,80.0,0.0,0.98,-0.0033039105643802844,0.12763574069199995,0.0006475218604991824,400349,"[0.0,0.0,0.0]",level,"[0.018,0.0255,0.019]","[0.0029728773940409987,0.003524893615415932,0.003052785613173647]",0.058,0.003130495168499707,999,0.0,0,3,1.0,0.018,0.0029728773940409987,0.0255,0.003524893615415932,0.019,0.003052785613173647,,,,,,,349,B,0.0,999,0.016666666666666666,BH: plan at alpha*r/K with r = 1 pre-declared expected rejections (r = 1 reduces to Bonferroni).,B,2000
B_0350,B_joint,empirical_copula,3,bh,0.6,0.5,D3,2000,50,1000,0.05,0.016666666666666666,0.9128333333333334,0.006307481228227669,,,0.7795,0.009270376205958419,0.9945,0.0016537457482938467,0.0,0.0,73.636,14.32946279523416,52.0,73.0,100.0,0.0,0.9833333333333333,-0.0009704461176217789,0.1133173158064944,0.0006680118900003435,400350,"[0.5,0.5,0.5]",power,"[0.915,0.904,0.9195]","[0.006235984284778145,0.006587260432076448,0.006083574196144895]",0.0,0.002862594006219616,999,0.0,3,0,1.0,0.915,0.006235984284778145,0.904,0.006587260432076448,0.9195,0.006083574196144895,,,,,,,350,B,1.0,999,0.016666666666666666,BH: plan at alpha*r/K with r = 1 pre-declared expected rejections (r = 1 reduces to Bonferroni).,B,2000
B_0351,B_joint,empirical_copula,3,bh,0.6,0.5,D4,2000,50,1000,0.05,0.016666666666666666,0.9553333333333333,0.004619066764810595,,,0.8805,0.0072532665055132246,0.9985,0.0008653756409790912,0.0,0.0,61.4095,11.28329782244535,45.0,60.0,81.0,0.0,0.9803333333333333,0.000875671815854786,0.12762703049718005,0.0006981289314990136,400351,"[0.5,0.5,0.5]",power,"[0.9475,0.9645,0.954]","[0.004987171041783106,0.0041376170678302255,0.0046842288586276416]",0.0,0.003104825992619308,999,0.0,3,0,1.0,0.9475,0.004987171041783106,0.9645,0.0041376170678302255,0.954,0.0046842288586276416,,,,,,,351,B,1.0,999,0.016666666666666666,BH: plan at alpha*r/K with r = 1 pre-declared expected rejections (r = 1 reduces to Bonferroni).,B,2000
B_0352,B_joint,normal,3,bh,0.9,0.0,D3,2000,50,1000,0.05,0.016666666666666666,0.0,0.0,0.0,0.0,,,,,0.0,0.0,68.29,11.988073239682848,50.0,67.0,89.0,0.0,1.0,0.0003651917354869745,0.05464498906728576,0.0004537246359996061,400352,"[0.0,0.0,0.0]",level,"[0.0,0.0,0.0]","[0.0,0.0,0.0]",0.0,0.0,999,0.0,0,3,1.0,0.0,0.0,0.0,0.0,0.0,0.0,,,,,,,352,B,0.0,999,0.016666666666666666,BH: plan at alpha*r/K with r = 1 pre-declared expected rejections (r = 1 reduces to Bonferroni).,B,2000
B_0353,B_joint,normal,3,bh,0.9,0.0,D4,2000,50,1000,0.05,0.016666666666666666,0.016,0.0028057084666800293,0.0425,0.0045107510461119445,,,,,0.0425,0.0045107510461119445,15.3535,1.718585973991409,13.0,15.0,18.0,0.0,0.9851666666666666,-0.001324446619227989,0.11402096568197993,0.0005205182215013337,400353,"[0.0,0.0,0.0]",level,"[0.015,0.015,0.018]","[0.0027179955849853765,0.0027179955849853765,0.0029728773940409987]",0.0425,0.0027030820886125143,999,0.0,0,3,1.0,0.015,0.0027179955849853765,0.015,0.0027179955849853765,0.018,0.0029728773940409987,,,,,,,353,B,0.0,999,0.016666666666666666,BH: plan at alpha*r/K with r = 1 pre-declared expected rejections (r = 1 reduces to Bonferroni).,B,2000
B_0354,B_joint,normal,3,bh,0.9,0.5,D3,2000,50,1000,0.05,0.016666666666666666,0.9971666666666668,0.0011885507047567356,,,0.992,0.001991983935678198,1.0,0.0,0.0,0.0,68.343,12.195997335191574,50.0,67.0,90.0,0.0,1.0,0.00033802223176069483,0.05485065270041916,0.00047372919299959904,400354,"[0.5,0.5,0.5]",power,"[0.997,0.998,0.9965]","[0.0012229063741758816,0.0009989994994993746,0.0013205585939290896]",0.0,0.0,999,0.0,3,0,1.0,0.997,0.0012229063741758816,0.998,0.0009989994994993746,0.9965,0.0013205585939290896,,,,,,,354,B,1.0,999,0.016666666666666666,BH: plan at alpha*r/K with r = 1 pre-declared expected rejections (r = 1 reduces to Bonferroni).,B,2000
B_0355,B_joint,normal,3,bh,0.9,0.5,D4,2000,50,1000,0.05,0.016666666666666666,0.9786666666666667,0.0032309613292503367,,,0.942,0.005226662414964259,0.999,0.0007067531393633852,0.0,0.0,15.3765,1.745779983273952,13.0,15.0,18.0,0.0,0.9848333333333333,0.0002739838500033394,0.11503559543528279,0.0004856750840008317,400355,"[0.5,0.5,0.5]",power,"[0.9755,0.9765,0.984]","[0.0034568591235397466,0.0033873108803297025,0.00280570846668003]",0.0,0.0027328226148882117,999,0.0,3,0,1.0,0.9755,0.0034568591235397466,0.9765,0.0033873108803297025,0.984,0.00280570846668003,,,,,,,355,B,1.0,999,0.016666666666666666,BH: plan at alpha*r/K with r = 1 pre-declared expected rejections (r = 1 reduces to Bonferroni).,B,2000
B_0356,B_joint,empirical_copula,3,bh,0.9,0.0,D3,2000,50,1000,0.05,0.016666666666666666,0.0,0.0,0.0,0.0,,,,,0.0,0.0,71.0005,17.0253781088703,46.0,69.0,101.0,0.0,0.9998333333333334,0.002583582261216737,0.07355326425815377,0.0006793547074994421,400356,"[0.0,0.0,0.0]",level,"[0.0,0.0,0.0]","[0.0,0.0,0.0]",0.0,0.000288651077331153,999,0.0,0,3,1.0,0.0,0.0,0.0,0.0,0.0,0.0,,,,,,,356,B,0.0,999,0.016666666666666666,BH: plan at alpha*r/K with r = 1 pre-declared expected rejections (r = 1 reduces to Bonferroni).,B,2000
B_0357,B_joint,empirical_copula,3,bh,0.9,0.0,D4,2000,50,1000,0.05,0.016666666666666666,0.03,0.00381444622455213,0.078,0.005996498978570746,,,,,0.078,0.005996498978570746,26.421,4.74960619420179,19.0,26.0,35.0,0.0,0.9735,-0.0012117478390597874,0.1219267140449905,0.0007518213295006717,400357,"[0.0,0.0,0.0]",level,"[0.034,0.0245,0.0315]","[0.0040524066923249445,0.003456859123539749,0.0039056209493497957]",0.078,0.00359150038284837,999,0.0,0,3,1.0,0.034,0.0040524066923249445,0.0245,0.003456859123539749,0.0315,0.0039056209493497957,,,,,,,357,B,0.0,999,0.016666666666666666,BH: plan at alpha*r/K with r = 1 pre-declared expected rejections (r = 1 reduces to Bonferroni).,B,2000
B_0358,B_joint,empirical_copula,3,bh,0.9,0.5,D3,2000,50,1000,0.05,0.016666666666666666,0.976,0.0034222799417931915,,,0.9455,0.005075911248239078,0.996,0.0014113823011501884,0.0,0.0,70.167,16.90920196224529,46.0,68.0,100.0,0.0,0.9991666666666666,0.003980964258274226,0.07344271944394272,0.0006551489920002496,400358,"[0.5,0.5,0.5]",power,"[0.9745,0.978,0.9755]","[0.00352489361541593,0.0032799390238234627,0.0034568591235397466]",0.0,0.000645228211134986,999,0.0,3,0,1.0,0.9745,0.00352489361541593,0.978,0.0032799390238234627,0.9755,0.0034568591235397466,,,,,,,358,B,1.0,999,0.016666666666666666,BH: plan at alpha*r/K with r = 1 pre-declared expected rejections (r = 1 reduces to Bonferroni).,B,2000
B_0359,B_joint,empirical_copula,3,bh,0.9,0.5,D4,2000,50,1000,0.05,0.016666666666666666,0.9358333333333334,0.005479475593318922,,,0.848,0.008027951170753346,0.9925,0.0019292161620720412,0.0,0.0,26.479,4.750006210522256,20.0,26.0,35.0,0.0,0.9743333333333334,0.00039954050998577734,0.12045146491824503,0.0006792681944989454,400359,"[0.5,0.5,0.5]",power,"[0.936,0.932,0.9395]","[0.00547284204047586,0.005629209535982825,0.005331029450303197]",0.0,0.003536091690616127,999,0.0,3,0,1.0,0.936,0.00547284204047586,0.932,0.005629209535982825,0.9395,0.005331029450303197,,,,,,,359,B,1.0,999,0.016666666666666666,BH: plan at alpha*r/K with r = 1 pre-declared expected rejections (r = 1 reduces to Bonferroni).,B,2000
B_0360,B_joint,normal,3,romano_wolf,-0.3,0.0,D3,2000,50,1000,0.05,0.05,0.02283333333333333,0.003340057800564402,0.0465,0.004708383480558906,,,,,,,70.606,8.704295721079335,57.0,70.0,86.0,0.0,0.787,0.0023084897419424783,0.1922760403350135,0.031612898901501464,400360,"[0.0,0.0,0.0]",level,"[0.0235,0.018,0.027]","[0.0033873108803297047,0.0029728773940409987,0.0036242930345103167]",,0.00915508055671822,999,0.0,0,3,1.0,0.0235,0.0033873108803297047,0.018,0.0029728773940409987,0.027,0.0036242930345103167,,,,,,,360,B,0.0,999,0.05,Romano-Wolf power is planned by simulation from Sigma_D (§4.4); use this alpha at the stepdown.,B,2000
B_0361,B_joint,normal,3,romano_wolf,-0.3,0.0,D4,2000,50,1000,0.05,0.05,0.0195,0.0030919047527373806,0.042,0.004485309353879618,,,,,,,113.8105,18.48839067496141,86.0,113.0,146.0,0.0,0.9535,0.001243605867681845,0.15069044531291304,0.036634238134500265,400361,"[0.0,0.0,0.0]",level,"[0.019,0.019,0.0205]","[0.003052785613173647,0.003052785613173647,0.00316857617866448]",,0.004708383480558906,999,0.0,0,3,1.0,0.019,0.003052785613173647,0.019,0.003052785613173647,0.0205,0.00316857617866448,,,,,,,361,B,0.0,999,0.05,Romano-Wolf power is planned by simulation from Sigma_D (§4.4); use this alpha at the stepdown.,B,2000
B_0362,B_joint,normal,3,romano_wolf,-0.3,0.5,D3,2000,50,1000,0.05,0.05,0.6645,0.010557929484515418,,,0.537,0.011149686094236015,0.795,0.009027042705116665,,,70.872,8.869363900528606,57.0,70.0,86.0,0.0,0.7821666666666667,0.0011366543610097167,0.19092569705241066,0.0331338381759997,400362,"[0.5,0.5,0.5]",power,"[0.651,0.661,0.6815]","[0.010658306619721539,0.010584871279330704,0.010417719280149566]",,0.00922989632179642,999,0.0,3,0,1.0,0.651,0.010658306619721539,0.661,0.010584871279330704,0.6815,0.010417719280149566,,,,,,,362,B,1.0,999,0.05,Romano-Wolf power is planned by simulation from Sigma_D (§4.4); use this alpha at the stepdown.,B,2000
B_0363,B_joint,normal,3,romano_wolf,-0.3,0.5,D4,2000,50,1000,0.05,0.05,0.8646666666666666,0.007649124859165991,,,0.78,0.009262828941527529,0.939,0.005351588549206677,,,114.136,18.31798307674729,85.95,113.0,146.0,0.0,0.953,-0.0020708855770873538,0.15190105047177788,0.035963150290001064,400363,"[0.5,0.5,0.5]",power,"[0.856,0.866,0.872]","[0.007850605072222142,0.007617217339685143,0.007470475219154402]",,0.004732388403332932,999,0.0,3,0,1.0,0.856,0.007850605072222142,0.866,0.007617217339685143,0.872,0.007470475219154402,,,,,,,363,B,1.0,999,0.05,Romano-Wolf power is planned by simulation from Sigma_D (§4.4); use this alpha at the stepdown.,B,2000
B_0364,B_joint,empirical_copula,3,romano_wolf,-0.3,0.0,D3,2000,50,1000,0.05,0.05,0.02033333333333333,0.0031559379658739244,0.05,0.004873397172404482,,,,,,,74.395,11.809698345004414,57.0,73.0,96.0,0.0,0.7885,0.0010892491932079087,0.18395598385197381,0.032738450456999996,400364,"[0.0,0.0,0.0]",level,"[0.018,0.0235,0.0195]","[0.0029728773940409987,0.0033873108803297047,0.0030919047527373806]",,0.00913147715323211,999,0.0,0,3,1.0,0.018,0.0029728773940409987,0.0235,0.0033873108803297047,0.0195,0.0030919047527373806,,,,,,,364,B,0.0,999,0.05,Romano-Wolf power is planned by simulation from Sigma_D (§4.4); use this alpha at the stepdown.,B,2000
B_0365,B_joint,empirical_copula,3,romano_wolf,-0.3,0.0,D4,2000,50,1000,0.05,0.05,0.020166666666666666,0.003143244519777472,0.048,0.0047799581588126895,,,,,,,113.114,20.75716753316791,82.0,111.0,149.0,0.0,0.9476666666666667,0.003965860178191123,0.1510679567130531,0.03469912586099963,400365,"[0.0,0.0,0.0]",level,"[0.019,0.0215,0.02]","[0.003052785613173647,0.003243281517229116,0.0031304951684997056]",,0.004979686514006458,999,0.0,0,3,1.0,0.019,0.003052785613173647,0.0215,0.003243281517229116,0.02,0.0031304951684997056,,,,,,,365,B,0.0,999,0.05,Romano-Wolf power is planned by simulation from Sigma_D (§4.4); use this alpha at the stepdown.,B,2000
B_0366,B_joint,empirical_copula,3,romano_wolf,-0.3,0.5,D3,2000,50,1000,0.05,0.05,0.6896666666666667,0.010344722218492761,,,0.506,0.01117953487404552,0.8665,0.0076051873744175415,,,74.662,12.191749505300708,57.0,73.0,97.0,0.0,0.7931666666666667,-0.0005653147157532346,0.18107588278684708,0.033753819233999824,400366,"[0.5,0.5,0.5]",power,"[0.69,0.6975,0.6815]","[0.010341663309158734,0.010271167168340705,0.010417719280149566]",,0.009056856672034607,999,0.0,3,0,1.0,0.69,0.010341663309158734,0.6975,0.010271167168340705,0.6815,0.010417719280149566,,,,,,,366,B,1.0,999,0.05,Romano-Wolf power is planned by simulation from Sigma_D (§4.4); use this alpha at the stepdown.,B,2000
B_0367,B_joint,empirical_copula,3,romano_wolf,-0.3,0.5,D4,2000,50,1000,0.05,0.05,0.8628333333333335,0.00769259293808733,,,0.744,0.00975868843646522,0.9585,0.004459694496263168,,,112.0585,20.088306990635125,82.0,110.0,148.0,0.0,0.947,0.0015075608849902165,0.15198111812481216,0.035710887361999996,400367,"[0.5,0.5,0.5]",power,"[0.862,0.867,0.8595]","[0.007712198130234985,0.00759312188760328,0.007770448828735698]",,0.005009540897128201,999,0.0,3,0,1.0,0.862,0.007712198130234985,0.867,0.00759312188760328,0.8595,0.007770448828735698,,,,,,,367,B,1.0,999,0.05,Romano-Wolf power is planned by simulation from Sigma_D (§4.4); use this alpha at the stepdown.,B,2000
B_0368,B_joint,normal,3,romano_wolf,0.0,0.0,D3,2000,50,1000,0.05,0.05,0.018000000000000002,0.002972877394040999,0.0455,0.004659922209651144,,,,,,,70.8575,8.236455168942523,58.0,70.0,85.0,0.0,0.8415,-0.0029855145927293746,0.16697827929866393,0.031996705591500356,400368,"[0.0,0.0,0.0]",level,"[0.018,0.016,0.02]","[0.0029728773940409987,0.0028057084666800293,0.0031304951684997056]",,0.008166325673153134,999,0.0,0,3,1.0,0.018,0.0029728773940409987,0.016,0.0028057084666800293,0.02,0.0031304951684997056,,,,,,,368,B,0.0,999,0.05,Romano-Wolf power is planned by simulation from Sigma_D (§4.4); use this alpha at the stepdown.,B,2000
B_0369,B_joint,normal,3,romano_wolf,0.0,0.0,D4,2000,50,1000,0.05,0.05,0.017,0.002890588175441116,0.0425,0.0045107510461119445,,,,,,,89.201,13.523926907522089,69.0,88.0,113.0,0.0,0.9515,0.00013497529745690399,0.14847626714956916,0.05014015071999893,400369,"[0.0,0.0,0.0]",level,"[0.0135,0.019,0.0185]","[0.0025804796065847916,0.003052785613173647,0.003013117156700018]",,0.004803527349771207,999,0.0,0,3,1.0,0.0135,0.0025804796065847916,0.019,0.003052785613173647,0.0185,0.003013117156700018,,,,,,,369,B,0.0,999,0.05,Romano-Wolf power is planned by simulation from Sigma_D (§4.4); use this alpha at the stepdown.,B,2000
B_0370,B_joint,normal,3,romano_wolf,0.0,0.5,D3,2000,50,1000,0.05,0.05,0.786,0.009170714257897256,,,0.6515,0.010654758326682027,0.91,0.0063992187023104614,,,70.8045,8.26572923280215,58.0,71.0,85.0,0.0,0.8243333333333334,0.001867844825329778,0.17260194939352982,0.0483747869204999,400370,"[0.5,0.5,0.5]",power,"[0.7875,0.782,0.7885]","[0.009147233188237852,0.009232442797006652,0.00913147715323211]",,0.008509050736976742,999,0.0,3,0,1.0,0.7875,0.009147233188237852,0.782,0.009232442797006652,0.7885,0.00913147715323211,,,,,,,370,B,1.0,999,0.05,Romano-Wolf power is planned by simulation from Sigma_D (§4.4); use this alpha at the stepdown.,B,2000
B_0371,B_joint,normal,3,romano_wolf,0.0,0.5,D4,2000,50,1000,0.05,0.05,0.8661666666666666,0.007613211287696613,,,0.7725,0.009373999946660978,0.95,0.004873397172404485,,,89.4505,13.885947924070578,68.0,89.0,114.0,0.0,0.951,-0.003660474438921508,0.1516496438678569,0.051034877776000936,400371,"[0.5,0.5,0.5]",power,"[0.866,0.8705,0.862]","[0.007617217339685143,0.007507654427316162,0.007712198130234985]",,0.004826955562256609,999,0.0,3,0,1.0,0.866,0.007617217339685143,0.8705,0.007507654427316162,0.862,0.007712198130234985,,,,,,,371,B,1.0,999,0.05,Romano-Wolf power is planned by simulation from Sigma_D (§4.4); use this alpha at the stepdown.,B,2000
B_0372,B_joint,empirical_copula,3,romano_wolf,0.0,0.0,D3,2000,50,1000,0.05,0.05,0.0165,0.0028484864401994267,0.048,0.0047799581588126895,,,,,,,74.6185,11.570045710799937,57.0,73.0,96.0,0.0,0.829,-0.0070965525621814254,0.1637907361399082,0.04978343644400047,400372,"[0.0,0.0,0.0]",level,"[0.0135,0.0185,0.0175]","[0.0025804796065847916,0.003013117156700018,0.002932042803234632]",,0.008418996377241174,999,0.0,0,3,1.0,0.0135,0.0025804796065847916,0.0185,0.003013117156700018,0.0175,0.002932042803234632,,,,,,,372,B,0.0,999,0.05,Romano-Wolf power is planned by simulation from Sigma_D (§4.4); use this alpha at the stepdown.,B,2000
B_0373,B_joint,empirical_copula,3,romano_wolf,0.0,0.0,D4,2000,50,1000,0.05,0.05,0.015166666666666667,0.002732822614888212,0.041,0.004433903472111228,,,,,,,92.3795,16.23149653451585,68.0,91.0,121.0,0.0,0.9533333333333334,0.004034812473388475,0.14747558579163386,0.053613279111999874,400373,"[0.0,0.0,0.0]",level,"[0.014,0.0155,0.016]","[0.002627165773224065,0.0027622228367747597,0.0028057084666800293]",,0.0047164016415530636,999,0.0,0,3,1.0,0.014,0.002627165773224065,0.0155,0.0027622228367747597,0.016,0.0028057084666800293,,,,,,,373,B,0.0,999,0.05,Romano-Wolf power is planned by simulation from Sigma_D (§4.4); use this alpha at the stepdown.,B,2000
B_0374,B_joint,empirical_copula,3,romano_wolf,0.0,0.5,D3,2000,50,1000,0.05,0.05,0.8006666666666667,0.008933072135484955,,,0.6225,0.010839597547879718,0.951,0.004826955562256609,,,75.302,12.06966428696341,57.0,75.0,97.0,0.0,0.8408333333333333,0.0017106393472030856,0.16271764250015872,0.050098065637999754,400374,"[0.5,0.5,0.5]",power,"[0.8045,0.7945,0.803]","[0.008867912663079175,0.00903520198999447,0.008893565089434044]",,0.008180239571335577,999,0.0,3,0,1.0,0.8045,0.008867912663079175,0.7945,0.00903520198999447,0.803,0.008893565089434044,,,,,,,374,B,1.0,999,0.05,Romano-Wolf power is planned by simulation from Sigma_D (§4.4); use this alpha at the stepdown.,B,2000
B_0375,B_joint,empirical_copula,3,romano_wolf,0.0,0.5,D4,2000,50,1000,0.05,0.05,0.8781666666666667,0.007314026668744865,,,0.75,0.009682458365518542,0.977,0.0033519397369284566,,,92.412,16.838891174896286,67.0,91.0,122.0,0.0,0.9506666666666667,0.005184947087412048,0.14882617710639573,0.055048100568499646,400375,"[0.5,0.5,0.5]",power,"[0.8705,0.8765,0.8875]","[0.007507654427316162,0.00735689302627135,0.007065541380531291]",,0.004842497060172343,999,0.0,3,0,1.0,0.8705,0.007507654427316162,0.8765,0.00735689302627135,0.8875,0.007065541380531291,,,,,,,375,B,1.0,999,0.05,Romano-Wolf power is planned by simulation from Sigma_D (§4.4); use this alpha at the stepdown.,B,2000
B_0376,B_joint,normal,3,romano_wolf,0.3,0.0,D3,2000,50,1000,0.05,0.05,0.018000000000000002,0.002972877394040999,0.049,0.0048269555622566076,,,,,,,70.7095,8.601634132535516,57.95,70.0,86.0,0.0,0.9083333333333333,0.0017016312421253936,0.14034288612530949,0.051832035285500754,400376,"[0.0,0.0,0.0]",level,"[0.0215,0.0115,0.021]","[0.003243281517229116,0.0023840878758971955,0.0032061659345704488]",,0.006452282111349786,999,0.0,0,3,1.0,0.0215,0.003243281517229116,0.0115,0.0023840878758971955,0.021,0.0032061659345704488,,,,,,,376,B,0.0,999,0.05,Romano-Wolf power is planned by simulation from Sigma_D (§4.4); use this alpha at the stepdown.,B,2000
B_0377,B_joint,normal,3,romano_wolf,0.3,0.0,D4,2000,50,1000,0.05,0.05,0.0175,0.002932042803234632,0.0485,0.004803527349771208,,,,,,,64.0805,9.314666915676588,50.0,64.0,81.0,0.0,0.9511666666666667,0.0016126843073867108,0.14802872637239126,0.05015639519199976,400377,"[0.0,0.0,0.0]",level,"[0.0145,0.0205,0.0175]","[0.0026729898989708138,0.00316857617866448,0.002932042803234632]",,0.004819161695196004,999,0.0,0,3,1.0,0.0145,0.0026729898989708138,0.0205,0.00316857617866448,0.0175,0.002932042803234632,,,,,,,377,B,0.0,999,0.05,Romano-Wolf power is planned by simulation from Sigma_D (§4.4); use this alpha at the stepdown.,B,2000
B_0378,B_joint,normal,3,romano_wolf,0.3,0.5,D3,2000,50,1000,0.05,0.05,0.9138333333333333,0.00627463035653186,,,0.8255,0.008486747021091178,0.981,0.0030527856131736483,,,70.7305,8.761213942713646,57.0,70.0,86.0,0.0,0.9016666666666666,-0.001999982193263383,0.14432516096218603,0.0433409954539984,400378,"[0.5,0.5,0.5]",power,"[0.918,0.9155,0.908]","[0.006134981662564281,0.006219314672855845,0.006462816723379983]",,0.006658223820542868,999,0.0,3,0,1.0,0.918,0.006134981662564281,0.9155,0.006219314672855845,0.908,0.006462816723379983,,,,,,,378,B,1.0,999,0.05,Romano-Wolf power is planned by simulation from Sigma_D (§4.4); use this alpha at the stepdown.,B,2000
B_0379,B_joint,normal,3,romano_wolf,0.3,0.5,D4,2000,50,1000,0.05,0.05,0.8741666666666666,0.007416175077341269,,,0.7605,0.009543053756528882,0.9665,0.004023540107914917,,,63.9185,9.587901634351493,50.0,63.0,81.0,0.0,0.9473333333333334,0.0004127078420095323,0.15044039978494184,0.04284749152500081,400379,"[0.5,0.5,0.5]",power,"[0.8745,0.876,0.872]","[0.007407757757918383,0.007369667563737186,0.007470475219154402]",,0.004994641573170634,999,0.0,3,0,1.0,0.8745,0.007407757757918383,0.876,0.007369667563737186,0.872,0.007470475219154402,,,,,,,379,B,1.0,999,0.05,Romano-Wolf power is planned by simulation from Sigma_D (§4.4); use this alpha at the stepdown.,B,2000
B_0380,B_joint,empirical_copula,3,romano_wolf,0.3,0.0,D3,2000,50,1000,0.05,0.05,0.0165,0.0028484864401994267,0.0485,0.004803527349771208,,,,,,,74.7185,12.61115608300841,56.0,74.0,97.04999999999995,0.0,0.8953333333333333,0.001045097313866485,0.14063009242117724,0.043859388059499904,400380,"[0.0,0.0,0.0]",level,"[0.0175,0.0165,0.0155]","[0.002932042803234632,0.0028484864401994267,0.0027622228367747597]",,0.006845128032241456,999,0.0,0,3,1.0,0.0175,0.002932042803234632,0.0165,0.0028484864401994267,0.0155,0.0027622228367747597,,,,,,,380,B,0.0,999,0.05,Romano-Wolf power is planned by simulation from Sigma_D (§4.4); use this alpha at the stepdown.,B,2000
B_0381,B_joint,empirical_copula,3,romano_wolf,0.3,0.0,D4,2000,50,1000,0.05,0.05,0.017833333333333333,0.0029593331643763565,0.05,0.004873397172404482,,,,,,,70.158,12.692321930994344,51.0,69.0,93.0,0.0,0.9465,-0.0011683315953812977,0.14934656114557712,0.042433136006000495,400381,"[0.0,0.0,0.0]",level,"[0.0185,0.019,0.016]","[0.003013117156700018,0.003052785613173647,0.0028057084666800293]",,0.005031786462082825,999,0.0,0,3,1.0,0.0185,0.003013117156700018,0.019,0.003052785613173647,0.016,0.0028057084666800293,,,,,,,381,B,0.0,999,0.05,Romano-Wolf power is planned by simulation from Sigma_D (§4.4); use this alpha at the stepdown.,B,2000
B_0382,B_joint,empirical_copula,3,romano_wolf,0.3,0.5,D3,2000,50,1000,0.05,0.05,0.9025,0.006633014020790248,,,0.765,0.009480901855836289,0.9945,0.0016537457482938467,,,74.5765,12.319989762576915,57.0,74.0,96.0,0.0,0.8916666666666667,-0.0016317647796378783,0.14281867576963497,0.042017134261001045,400382,"[0.5,0.5,0.5]",power,"[0.9,0.9075,0.9]","[0.006708203932499368,0.006478570444164362,0.006708203932499368]",,0.006949720218189441,999,0.0,3,0,1.0,0.9,0.006708203932499368,0.9075,0.006478570444164362,0.9,0.006708203932499368,,,,,,,382,B,1.0,999,0.05,Romano-Wolf power is planned by simulation from Sigma_D (§4.4); use this alpha at the stepdown.,B,2000
B_0383,B_joint,empirical_copula,3,romano_wolf,0.3,0.5,D4,2000,50,1000,0.05,0.05,0.8691666666666666,0.007540423470277456,,,0.7105,0.010141246225193431,0.9835,0.002848486440199423,,,70.7,13.133240270397858,52.0,69.0,95.0,0.0,0.9461666666666667,0.0007478797932642279,0.1490052220399833,0.0413732257949996,400383,"[0.5,0.5,0.5]",power,"[0.865,0.862,0.8805]","[0.007641171376170017,0.007712198130234985,0.0072532665055132246]",,0.0050465486005564,999,0.0,3,0,1.0,0.865,0.007641171376170017,0.862,0.007712198130234985,0.8805,0.0072532665055132246,,,,,,,383,B,1.0,999,0.05,Romano-Wolf power is planned by simulation from Sigma_D (§4.4); use this alpha at the stepdown.,B,2000
B_0384,B_joint,normal,3,romano_wolf,0.6,0.0,D3,2000,50,1000,0.05,0.05,0.018666666666666668,0.003026402337943703,0.0505,0.00489641450451246,,,,,,,70.6645,10.455139394097047,55.0,70.0,89.0,0.0,0.9696666666666667,-0.00043167691910889574,0.10988839272574326,0.040294878035500005,400384,"[0.0,0.0,0.0]",level,"[0.018,0.0175,0.0205]","[0.0029728773940409987,0.002932042803234632,0.00316857617866448]",,0.003834919961499993,999,0.0,0,3,1.0,0.018,0.0029728773940409987,0.0175,0.002932042803234632,0.0205,0.00316857617866448,,,,,,,384,B,0.0,999,0.05,Romano-Wolf power is planned by simulation from Sigma_D (§4.4); use this alpha at the stepdown.,B,2000
B_0385,B_joint,normal,3,romano_wolf,0.6,0.0,D4,2000,50,1000,0.05,0.05,0.017333333333333336,0.0029182947836783805,0.048,0.0047799581588126895,,,,,,,38.0615,5.193141414404194,30.0,38.0,47.0,0.0,0.9495,-0.0012070082890093055,0.14875388225656822,0.03770014436949896,400385,"[0.0,0.0,0.0]",level,"[0.019,0.016,0.017]","[0.003052785613173647,0.0028057084666800293,0.002890588175441116]",,0.0048964145045124596,999,0.0,0,3,1.0,0.019,0.003052785613173647,0.016,0.0028057084666800293,0.017,0.002890588175441116,,,,,,,385,B,0.0,999,0.05,Romano-Wolf power is planned by simulation from Sigma_D (§4.4); use this alpha at the stepdown.,B,2000
B_0386,B_joint,normal,3,romano_wolf,0.6,0.5,D3,2000,50,1000,0.05,0.05,0.9960000000000001,0.001411382301150169,,,0.989,0.0023322735688593665,1.0,0.0,,,69.9675,9.95989175392986,55.0,69.0,87.0,0.0,0.975,0.0037815734960429466,0.10516910071391854,0.04005101949249911,400386,"[0.5,0.5,0.5]",power,"[0.997,0.9955,0.9955]","[0.0012229063741758816,0.0014966211945579198,0.0014966211945579198]",,0.003491060010942237,999,0.0,3,0,1.0,0.997,0.0012229063741758816,0.9955,0.0014966211945579198,0.9955,0.0014966211945579198,,,,,,,386,B,1.0,999,0.05,Romano-Wolf power is planned by simulation from Sigma_D (§4.4); use this alpha at the stepdown.,B,2000
B_0387,B_joint,normal,3,romano_wolf,0.6,0.5,D4,2000,50,1000,0.05,0.05,0.884,0.0071604469134265636,,,0.764,0.009494840704298308,0.98,0.003130495168499707,,,37.8555,5.149914538125851,30.0,37.0,47.0,0.0,0.95,0.0021332471747329287,0.1467584882008659,0.031982176006000375,400387,"[0.5,0.5,0.5]",power,"[0.8765,0.888,0.8875]","[0.00735689302627135,0.007051808278732484,0.007065541380531291]",,0.004873397172404485,999,0.0,3,0,1.0,0.8765,0.00735689302627135,0.888,0.007051808278732484,0.8875,0.007065541380531291,,,,,,,387,B,1.0,999,0.05,Romano-Wolf power is planned by simulation from Sigma_D (§4.4); use this alpha at the stepdown.,B,2000
B_0388,B_joint,empirical_copula,3,romano_wolf,0.6,0.0,D3,2000,50,1000,0.05,0.05,0.018666666666666665,0.003026402337943703,0.0525,0.004987171041783107,,,,,,,73.4145,14.275667751457373,52.0,72.0,98.0,0.0,0.954,0.0014282357563342668,0.11376949148640123,0.03561673382699883,400388,"[0.0,0.0,0.0]",level,"[0.0195,0.018,0.0185]","[0.0030919047527373806,0.0029728773940409987,0.003013117156700018]",,0.0046842288586276416,999,0.0,0,3,1.0,0.0195,0.0030919047527373806,0.018,0.0029728773940409987,0.0185,0.003013117156700018,,,,,,,388,B,0.0,999,0.05,Romano-Wolf power is planned by simulation from Sigma_D (§4.4); use this alpha at the stepdown.,B,2000
B_0389,B_joint,empirical_copula,3,romano_wolf,0.6,0.0,D4,2000,50,1000,0.05,0.05,0.014,0.002627165773224065,0.0405,0.004407933189148856,,,,,,,45.856,8.628978155030872,33.0,45.0,61.0,0.0,0.9496666666666667,0.003216007973392576,0.14360843232359455,0.03231776476400046,400389,"[0.0,0.0,0.0]",level,"[0.014,0.014,0.014]","[0.002627165773224065,0.002627165773224065,0.002627165773224065]",,0.004888756942663897,999,0.0,0,3,1.0,0.014,0.002627165773224065,0.014,0.002627165773224065,0.014,0.002627165773224065,,,,,,,389,B,0.0,999,0.05,Romano-Wolf power is planned by simulation from Sigma_D (§4.4); use this alpha at the stepdown.,B,2000
B_0390,B_joint,empirical_copula,3,romano_wolf,0.6,0.5,D3,2000,50,1000,0.05,0.05,0.9855,0.00267298989897081,,,0.959,0.00443390347211123,1.0,0.0,,,74.236,14.749722166874871,53.0,73.0,100.0,0.0,0.9573333333333334,0.0006549734376115255,0.11110690162194102,0.03507482360050017,400390,"[0.5,0.5,0.5]",power,"[0.9855,0.9855,0.9855]","[0.00267298989897081,0.00267298989897081,0.00267298989897081]",,0.0045191936350538345,999,0.0,3,0,1.0,0.9855,0.00267298989897081,0.9855,0.00267298989897081,0.9855,0.00267298989897081,,,,,,,390,B,1.0,999,0.05,Romano-Wolf power is planned by simulation from Sigma_D (§4.4); use this alpha at the stepdown.,B,2000
B_0391,B_joint,empirical_copula,3,romano_wolf,0.6,0.5,D4,2000,50,1000,0.05,0.05,0.8623333333333334,0.007704367448258017,,,0.6905,0.010337063170939801,0.986,0.0026271657732240663,,,45.7765,8.72768856857301,34.0,45.0,61.0,0.0,0.9503333333333334,0.0016965693819956042,0.14357340804451138,0.033161019320999914,400391,"[0.5,0.5,0.5]",power,"[0.8545,0.869,0.8635]","[0.007884470495854492,0.00754450130890041,0.007676840170278393]",,0.0048579774026280146,999,0.0,3,0,1.0,0.8545,0.007884470495854492,0.869,0.00754450130890041,0.8635,0.007676840170278393,,,,,,,391,B,1.0,999,0.05,Romano-Wolf power is planned by simulation from Sigma_D (§4.4); use this alpha at the stepdown.,B,2000
B_0392,B_joint,normal,3,romano_wolf,0.9,0.0,D3,2000,50,1000,0.05,0.05,0.0165,0.0028484864401994267,0.048,0.0047799581588126895,,,,,,,67.771,11.673926460278906,50.0,67.0,88.0,0.0,0.9998333333333334,0.00032649573249909805,0.05521537191637756,0.034959627571999594,400392,"[0.0,0.0,0.0]",level,"[0.0155,0.0195,0.0145]","[0.0027622228367747597,0.0030919047527373806,0.0026729898989708138]",,0.000288651077331153,999,0.0,0,3,1.0,0.0155,0.0027622228367747597,0.0195,0.0030919047527373806,0.0145,0.0026729898989708138,,,,,,,392,B,0.0,999,0.05,Romano-Wolf power is planned by simulation from Sigma_D (§4.4); use this alpha at the stepdown.,B,2000
B_0393,B_joint,normal,3,romano_wolf,0.9,0.0,D4,2000,50,1000,0.05,0.05,0.012833333333333334,0.002516807391209038,0.0365,0.004193313129257103,,,,,,,11.458,1.3165242117029219,10.0,11.0,14.0,0.0,0.9453333333333334,0.0003169144783687791,0.13283190898517797,0.02905055222250121,400393,"[0.0,0.0,0.0]",level,"[0.015,0.013,0.0105]","[0.0027179955849853765,0.0025328837320335094,0.002279226842593778]",,0.00508321857793968,999,0.0,0,3,1.0,0.015,0.0027179955849853765,0.013,0.0025328837320335094,0.0105,0.002279226842593778,,,,,,,393,B,0.0,999,0.05,Romano-Wolf power is planned by simulation from Sigma_D (§4.4); use this alpha at the stepdown.,B,2000
B_0394,B_joint,normal,3,romano_wolf,0.9,0.5,D3,2000,50,1000,0.05,0.05,1.0,0.0,,,1.0,0.0,1.0,0.0,,,68.1035,12.0739714986412,50.0,67.0,89.04999999999995,0.0,1.0,0.0011250391692530814,0.054791198968091946,0.033435739508500775,400394,"[0.5,0.5,0.5]",power,"[1.0,1.0,1.0]","[0.0,0.0,0.0]",,0.0,999,0.0,3,0,1.0,1.0,0.0,1.0,0.0,1.0,0.0,,,,,,,394,B,1.0,999,0.05,Romano-Wolf power is planned by simulation from Sigma_D (§4.4); use this alpha at the stepdown.,B,2000
B_0395,B_joint,normal,3,romano_wolf,0.9,0.5,D4,2000,50,1000,0.05,0.05,0.8448333333333333,0.008095985802304197,,,0.714,0.010104553429023966,0.9585,0.004459694496263168,,,11.4685,1.3107279466006667,10.0,11.0,14.0,0.0,0.9531666666666667,0.005059333228391354,0.13240745426531877,0.02928736689700054,400395,"[0.5,0.5,0.5]",power,"[0.8445,0.845,0.845]","[0.008103078118838543,0.008092434738692676,0.008092434738692676]",,0.0047244032544979785,999,0.0,3,0,1.0,0.8445,0.008103078118838543,0.845,0.008092434738692676,0.845,0.008092434738692676,,,,,,,395,B,1.0,999,0.05,Romano-Wolf power is planned by simulation from Sigma_D (§4.4); use this alpha at the stepdown.,B,2000
B_0396,B_joint,empirical_copula,3,romano_wolf,0.9,0.0,D3,2000,50,1000,0.05,0.05,0.019,0.003052785613173647,0.0525,0.004987171041783107,,,,,,,70.6165,16.94834587061522,46.0,69.0,102.0,0.0,0.9968333333333333,0.0042369058216582154,0.07362187766490333,0.03760131954600001,400396,"[0.0,0.0,0.0]",level,"[0.023,0.0125,0.0215]","[0.003351939736928455,0.002484325864293974,0.003243281517229116]",,0.0012563118420378105,999,0.0,0,3,1.0,0.023,0.003351939736928455,0.0125,0.002484325864293974,0.0215,0.003243281517229116,,,,,,,396,B,0.0,999,0.05,Romano-Wolf power is planned by simulation from Sigma_D (§4.4); use this alpha at the stepdown.,B,2000
B_0397,B_joint,empirical_copula,3,romano_wolf,0.9,0.0,D4,2000,50,1000,0.05,0.05,0.018833333333333334,0.0030396248854824906,0.051,0.004919298730510275,,,,,,,19.63,3.4921483359101457,14.0,19.0,26.0,0.0,0.9351666666666667,0.00030219599810192636,0.14124096964561203,0.03354524202649918,400397,"[0.0,0.0,0.0]",level,"[0.0155,0.0195,0.0215]","[0.0027622228367747597,0.0030919047527373806,0.003243281517229116]",,0.005505904658737844,999,0.0,0,3,1.0,0.0155,0.0027622228367747597,0.0195,0.0030919047527373806,0.0215,0.003243281517229116,,,,,,,397,B,0.0,999,0.05,Romano-Wolf power is planned by simulation from Sigma_D (§4.4); use this alpha at the stepdown.,B,2000
B_0398,B_joint,empirical_copula,3,romano_wolf,0.9,0.5,D3,2000,50,1000,0.05,0.05,1.0,0.0,,,1.0,0.0,1.0,0.0,,,71.6035,17.136489948352903,47.0,70.0,103.0,0.0,0.9975,0.0036827605288338,0.07298940410071408,0.03834845674700046,400398,"[0.5,0.5,0.5]",power,"[1.0,1.0,1.0]","[0.0,0.0,0.0]",,0.001116635571706353,999,0.0,3,0,1.0,1.0,0.0,1.0,0.0,1.0,0.0,,,,,,,398,B,1.0,999,0.05,Romano-Wolf power is planned by simulation from Sigma_D (§4.4); use this alpha at the stepdown.,B,2000
B_0399,B_joint,empirical_copula,3,romano_wolf,0.9,0.5,D4,2000,50,1000,0.05,0.05,0.7368333333333333,0.00984657230263969,,,0.565,0.011085463454452412,0.903,0.006617816860566631,,,19.7255,3.450094165381577,15.0,20.0,26.0,0.0,0.9353333333333333,-0.0028599973709863644,0.14070143563857868,0.03260524952050037,400399,"[0.5,0.5,0.5]",power,"[0.7335,0.732,0.745]","[0.009886297335200878,0.0099039386104721,0.009746153087244218]",,0.005499313088417901,999,0.0,3,0,1.0,0.7335,0.009886297335200878,0.732,0.0099039386104721,0.745,0.009746153087244218,,,,,,,399,B,1.0,999,0.05,Romano-Wolf power is planned by simulation from Sigma_D (§4.4); use this alpha at the stepdown.,B,2000
B_0400,B_joint,normal,6,none,-0.3,0.0,D3,2000,50,1000,0.05,0.05,0.08658333333333333,0.006288348738827317,0.289,0.010136049526319413,,,,,,,73.451,8.566072553977115,61.0,73.0,88.04999999999995,0.0,0.7833333333333333,-0.004641969202403467,0.18789856078546036,0.0008269037695008592,400400,"[0.0,0.0,0.0,0.0,0.0,0.0]",level,"[0.084,0.0815,0.0865,0.088,0.0895,0.09]","[0.0062025801083097675,0.006117914268768401,0.006285608562422576,0.006334666526345329,0.006383171233799075,0.006399218702310462]",,0.009212009070290319,999,0.0,0,6,1.0,0.084,0.0062025801083097675,0.0815,0.006117914268768401,0.0865,0.006285608562422576,0.088,0.006334666526345329,0.0895,0.006383171233799075,0.09,0.006399218702310462,400,B,0.0,999,0.05,no multiplicity control (caller declared acceptance),B,2000
B_0401,B_joint,normal,6,none,-0.3,0.0,D4,2000,50,1000,0.05,0.05,0.052833333333333336,0.005002098170879008,0.1835,0.00865528018032923,,,,,,,121.2705,18.073055351821395,94.0,120.0,153.0,0.0,0.9471666666666667,-0.0014607955929283503,0.1488437926543503,0.0007725459969988151,400401,"[0.0,0.0,0.0,0.0,0.0,0.0]",level,"[0.0525,0.0505,0.0465,0.0515,0.058,0.058]","[0.004987171041783107,0.00489641450451246,0.004708383480558906,0.004942051699446294,0.0052266624149642565,0.0052266624149642565]",,0.005002098170879005,999,0.0,0,6,1.0,0.0525,0.004987171041783107,0.0505,0.00489641450451246,0.0465,0.004708383480558906,0.0515,0.004942051699446294,0.058,0.0052266624149642565,0.058,0.0052266624149642565,401,B,0.0,999,0.05,no multiplicity control (caller declared acceptance),B,2000
B_0402,B_joint,normal,6,none,-0.3,0.5,D3,2000,50,1000,0.05,0.05,0.8239166666666665,0.008516982830074148,,,0.575,0.011053845484717072,0.9715,0.003720735814324901,,,73.736,8.459036824603615,61.0,73.0,89.0,0.0,0.7896666666666666,-0.00201615124073785,0.18772294965022046,0.0008866221030002635,400402,"[0.5,0.5,0.5,0.5,0.5,0.5]",power,"[0.817,0.8235,0.824,0.8355,0.8175,0.826]","[0.008646126300257245,0.008524897360085926,0.008515397818070512,0.008289745170992895,0.008636948245763661,0.008477145746063354]",,0.009112991337157691,999,0.0,6,0,1.0,0.817,0.008646126300257245,0.8235,0.008524897360085926,0.824,0.008515397818070512,0.8355,0.008289745170992895,0.8175,0.008636948245763661,0.826,0.008477145746063354,402,B,1.0,999,0.05,no multiplicity control (caller declared acceptance),B,2000
B_0403,B_joint,normal,6,none,-0.3,0.5,D4,2000,50,1000,0.05,0.05,0.9139166666666666,0.0062718814185041645,,,0.76,0.009549869109050658,0.9925,0.0019292161620720412,,,121.545,18.519664548797852,94.0,120.0,154.0,0.0,0.9509166666666666,-0.0015387109297997211,0.14696274469819315,0.000806961924999996,400403,"[0.5,0.5,0.5,0.5,0.5,0.5]",power,"[0.9155,0.9195,0.907,0.912,0.9105,0.919]","[0.006219314672855845,0.006083574196144895,0.006494266702253611,0.0063346665263453285,0.006383171233799076,0.006100778638829636]",,0.0048308467022987935,999,0.0,6,0,1.0,0.9155,0.006219314672855845,0.9195,0.006083574196144895,0.907,0.006494266702253611,0.912,0.0063346665263453285,0.9105,0.006383171233799076,0.919,0.006100778638829636,403,B,1.0,999,0.05,no multiplicity control (caller declared acceptance),B,2000
B_0404,B_joint,empirical_copula,6,none,-0.3,0.0,D3,2000,50,1000,0.05,0.05,0.08016666666666668,0.006072066049633445,0.313,0.01036896812609625,,,,,,,79.931,11.038353092739877,63.0,79.5,100.0,0.0,0.7936666666666666,-0.0027260967454477854,0.17662564952980123,0.0012822226789994601,400404,"[0.0,0.0,0.0,0.0,0.0,0.0]",level,"[0.0785,0.0805,0.082,0.083,0.089,0.068]","[0.006014056451347958,0.006083574196144894,0.006134981662564282,0.006168914004912048,0.006367063687446514,0.005629209535982827]",,0.009048753750900975,999,0.0,0,6,1.0,0.0785,0.006014056451347958,0.0805,0.006083574196144894,0.082,0.006134981662564282,0.083,0.006168914004912048,0.089,0.006367063687446514,0.068,0.005629209535982827,404,B,0.0,999,0.05,no multiplicity control (caller declared acceptance),B,2000
B_0405,B_joint,empirical_copula,6,none,-0.3,0.0,D4,2000,50,1000,0.05,0.05,0.049749999999999996,0.004861838001209008,0.207,0.00905955296910394,,,,,,,121.1995,20.235011730908386,90.0,119.0,156.0,0.0,0.95025,-0.004613180090309322,0.14604113287907883,0.0011811739969998598,400405,"[0.0,0.0,0.0,0.0,0.0,0.0]",level,"[0.0465,0.053,0.0425,0.0545,0.051,0.051]","[0.004708383480558906,0.005009540897128199,0.0045107510461119445,0.005075911248239078,0.004919298730510275,0.004919298730510275]",,0.004861838001209006,999,0.0,0,6,1.0,0.0465,0.004708383480558906,0.053,0.005009540897128199,0.0425,0.0045107510461119445,0.0545,0.005075911248239078,0.051,0.004919298730510275,0.051,0.004919298730510275,405,B,0.0,999,0.05,no multiplicity control (caller declared acceptance),B,2000
B_0406,B_joint,empirical_copula,6,none,-0.3,0.5,D3,2000,50,1000,0.05,0.05,0.8466666666666667,0.008056743207469822,,,0.5235,0.01116798437498907,0.9935,0.0017969070649312877,,,79.952,11.444941939564396,63.0,79.0,101.0,0.0,0.7880833333333334,0.001193931030264027,0.17728059950489128,0.0012529848060003133,400406,"[0.5,0.5,0.5,0.5,0.5,0.5]",power,"[0.8475,0.8505,0.8505,0.8375,0.8465,0.8475]","[0.008038773227302782,0.007973385416496557,0.007973385416496557,0.00824905297594821,0.00806032722660811,0.008038773227302782]",,0.009138052118902461,999,0.0,6,0,1.0,0.8475,0.008038773227302782,0.8505,0.007973385416496557,0.8505,0.007973385416496557,0.8375,0.00824905297594821,0.8465,0.00806032722660811,0.8475,0.008038773227302782,406,B,1.0,999,0.05,no multiplicity control (caller declared acceptance),B,2000
B_0407,B_joint,empirical_copula,6,none,-0.3,0.5,D4,2000,50,1000,0.05,0.05,0.9178333333333334,0.0061406557286480205,,,0.7125,0.010120369311443136,0.9985,0.0008653756409790912,,,121.439,20.562472589647385,91.0,119.0,158.0,0.0,0.9426666666666667,0.003004673270879638,0.14883886004791233,0.0012140725334993476,400407,"[0.5,0.5,0.5,0.5,0.5,0.5]",power,"[0.925,0.9185,0.917,0.913,0.91,0.9235]","[0.0058896094946948715,0.006117914268768402,0.006168914004912047,0.006302023484564302,0.0063992187023104614,0.005943389184631948]",,0.005198375814724356,999,0.0,6,0,1.0,0.925,0.0058896094946948715,0.9185,0.006117914268768402,0.917,0.006168914004912047,0.913,0.006302023484564302,0.91,0.0063992187023104614,0.9235,0.005943389184631948,407,B,1.0,999,0.05,no multiplicity control (caller declared acceptance),B,2000
B_0408,B_joint,normal,6,none,0.0,0.0,D3,2000,50,1000,0.05,0.05,0.04908333333333333,0.004830846702298792,0.21,0.00910768905925098,,,,,,,73.922,7.777912059158293,62.0,74.0,88.0,0.0,0.8393333333333334,0.0010855356674000839,0.16526515612220866,0.0008777412104991526,400408,"[0.0,0.0,0.0,0.0,0.0,0.0]",level,"[0.052,0.0415,0.0495,0.052,0.049,0.0505]","[0.004964675215963275,0.004459694496263169,0.004850244839180801,0.004964675215963275,0.0048269555622566076,0.00489641450451246]",,0.008211360693846327,999,0.0,0,6,1.0,0.052,0.004964675215963275,0.0415,0.004459694496263169,0.0495,0.004850244839180801,0.052,0.004964675215963275,0.049,0.0048269555622566076,0.0505,0.00489641450451246,408,B,0.0,999,0.05,no multiplicity control (caller declared acceptance),B,2000
B_0409,B_joint,normal,6,none,0.0,0.0,D4,2000,50,1000,0.05,0.05,0.04791666666666666,0.0047760161077106,0.201,0.008960998828255698,,,,,,,95.6755,12.977179961378358,76.95,95.0,119.0,0.0,0.9520833333333333,0.002263173505961845,0.143735297505763,0.000619636690000334,400409,"[0.0,0.0,0.0,0.0,0.0,0.0]",level,"[0.0495,0.0495,0.051,0.0395,0.048,0.05]","[0.004850244839180801,0.004850244839180801,0.004919298730510275,0.00435544199823623,0.0047799581588126895,0.004873397172404482]",,0.004776016107710603,999,0.0,0,6,1.0,0.0495,0.004850244839180801,0.0495,0.004850244839180801,0.051,0.004919298730510275,0.0395,0.00435544199823623,0.048,0.0047799581588126895,0.05,0.004873397172404482,409,B,0.0,999,0.05,no multiplicity control (caller declared acceptance),B,2000
B_0410,B_joint,normal,6,none,0.0,0.5,D3,2000,50,1000,0.05,0.05,0.8595833333333335,0.007768520656755982,,,0.585,0.011017599557072311,0.992,0.001991983935678198,,,73.7345,7.98949371049255,61.95,73.0,87.0,0.0,0.8428333333333333,0.0011206183869427776,0.16344538006237036,0.0006632339825009694,400410,"[0.5,0.5,0.5,0.5,0.5,0.5]",power,"[0.8485,0.866,0.862,0.857,0.861,0.863]","[0.008017098914195832,0.007617217339685143,0.007712198130234985,0.007827866886962246,0.0077355995242773526,0.007688660481514319]",,0.008138344596893018,999,0.0,6,0,1.0,0.8485,0.008017098914195832,0.866,0.007617217339685143,0.862,0.007712198130234985,0.857,0.007827866886962246,0.861,0.0077355995242773526,0.863,0.007688660481514319,410,B,1.0,999,0.05,no multiplicity control (caller declared acceptance),B,2000
B_0411,B_joint,normal,6,none,0.0,0.5,D4,2000,50,1000,0.05,0.05,0.9205,0.006048956521582876,,,0.745,0.009746153087244218,0.999,0.0007067531393633852,,,96.2815,13.420926113722555,76.0,95.0,120.0,0.0,0.9505,-0.0014001757226934424,0.147130807069917,0.0008176941830006399,400411,"[0.5,0.5,0.5,0.5,0.5,0.5]",power,"[0.926,0.9215,0.918,0.92,0.919,0.9185]","[0.005853375094763702,0.006014056451347959,0.006134981662564281,0.006066300355241239,0.006100778638829636,0.006117914268768402]",,0.004850244839180801,999,0.0,6,0,1.0,0.926,0.005853375094763702,0.9215,0.006014056451347959,0.918,0.006134981662564281,0.92,0.006066300355241239,0.919,0.006100778638829636,0.9185,0.006117914268768402,411,B,1.0,999,0.05,no multiplicity control (caller declared acceptance),B,2000
B_0412,B_joint,empirical_copula,6,none,0.0,0.0,D3,2000,50,1000,0.05,0.05,0.050583333333333334,0.004900237735162562,0.241,0.00956344603163525,,,,,,,80.486,11.155259028816856,64.0,80.0,100.0,0.0,0.8318333333333333,0.0013613143163966237,0.15975950260148014,0.001149350379999305,400412,"[0.0,0.0,0.0,0.0,0.0,0.0]",level,"[0.0515,0.054,0.047,0.054,0.0465,0.0505]","[0.004942051699446294,0.005053909377897471,0.00473238840333293,0.005053909377897471,0.004708383480558906,0.00489641450451246]",,0.008363212268288091,999,0.0,0,6,1.0,0.0515,0.004942051699446294,0.054,0.005053909377897471,0.047,0.00473238840333293,0.054,0.005053909377897471,0.0465,0.004708383480558906,0.0505,0.00489641450451246,412,B,0.0,999,0.05,no multiplicity control (caller declared acceptance),B,2000
B_0413,B_joint,empirical_copula,6,none,0.0,0.0,D4,2000,50,1000,0.05,0.05,0.04683333333333334,0.004724403254497981,0.231,0.009424409795843983,,,,,,,101.062,16.376481795550593,77.0,99.0,131.0,0.0,0.9531666666666667,-4.942894625547164e-05,0.14150270375462948,0.0011122004365006432,400413,"[0.0,0.0,0.0,0.0,0.0,0.0]",level,"[0.045,0.055,0.045,0.0395,0.044,0.0525]","[0.004635461142108733,0.005097793640389928,0.004635461142108733,0.00435544199823623,0.0045860658521220555,0.004987171041783107]",,0.0047244032544979785,999,0.0,0,6,1.0,0.045,0.004635461142108733,0.055,0.005097793640389928,0.045,0.004635461142108733,0.0395,0.00435544199823623,0.044,0.0045860658521220555,0.0525,0.004987171041783107,413,B,0.0,999,0.05,no multiplicity control (caller declared acceptance),B,2000
B_0414,B_joint,empirical_copula,6,none,0.0,0.5,D3,2000,50,1000,0.05,0.05,0.8605833333333334,0.007745310184951349,,,0.499,0.011180317526796813,1.0,0.0,,,80.4685,11.512602127668618,63.0,79.0,101.0,0.0,0.8346666666666667,-0.0036301917364953465,0.1585778397134142,0.0011646020665011746,400414,"[0.5,0.5,0.5,0.5,0.5,0.5]",power,"[0.872,0.8575,0.849,0.8685,0.848,0.8685]","[0.007470475219154402,0.007816449001944552,0.008006216334823835,0.007556710593902613,0.008027951170753346,0.007556710593902613]",,0.008306570357922162,999,0.0,6,0,1.0,0.872,0.007470475219154402,0.8575,0.007816449001944552,0.849,0.008006216334823835,0.8685,0.007556710593902613,0.848,0.008027951170753346,0.8685,0.007556710593902613,414,B,1.0,999,0.05,no multiplicity control (caller declared acceptance),B,2000
B_0415,B_joint,empirical_copula,6,none,0.0,0.5,D4,2000,50,1000,0.05,0.05,0.9205833333333334,0.006046059035529762,,,0.6695,0.010518311413910506,0.9995,0.000499874984371065,,,100.874,16.2609385952964,77.0,99.0,130.0,0.0,0.9470833333333334,0.0004657866187299351,0.14401714468930366,0.0010669502974997157,400415,"[0.5,0.5,0.5,0.5,0.5,0.5]",power,"[0.928,0.915,0.9165,0.9205,0.9185,0.925]","[0.0057799653978203,0.006235984284778145,0.006185780063985464,0.006048956521582876,0.006117914268768402,0.0058896094946948715]",,0.0050058212640662425,999,0.0,6,0,1.0,0.928,0.0057799653978203,0.915,0.006235984284778145,0.9165,0.006185780063985464,0.9205,0.006048956521582876,0.9185,0.006117914268768402,0.925,0.0058896094946948715,415,B,1.0,999,0.05,no multiplicity control (caller declared acceptance),B,2000
B_0416,B_joint,normal,6,none,0.3,0.0,D3,2000,50,1000,0.05,0.05,0.021166666666666667,0.0032185896669883916,0.105,0.006854742883580682,,,,,,,73.7655,8.526224824035546,61.0,73.0,89.0,0.0,0.9050833333333334,-0.0007284037173786811,0.1391323905930167,0.0008717315129997587,400416,"[0.0,0.0,0.0,0.0,0.0,0.0]",level,"[0.0195,0.021,0.021,0.023,0.02,0.0225]","[0.0030919047527373806,0.0032061659345704488,0.0032061659345704488,0.003351939736928455,0.0031304951684997056,0.0033161536454151216]",,0.006553910781188417,999,0.0,0,6,1.0,0.0195,0.0030919047527373806,0.021,0.0032061659345704488,0.021,0.0032061659345704488,0.023,0.003351939736928455,0.02,0.0031304951684997056,0.0225,0.0033161536454151216,416,B,0.0,999,0.05,no multiplicity control (caller declared acceptance),B,2000
B_0417,B_joint,normal,6,none,0.3,0.0,D4,2000,50,1000,0.05,0.05,0.05125,0.004930691508297796,0.2345,0.009473904949913736,,,,,,,69.1395,8.837366109311077,56.0,68.0,85.0,0.0,0.94875,-0.0027847579264544844,0.14313004306920454,0.0007000176245001058,400417,"[0.0,0.0,0.0,0.0,0.0,0.0]",level,"[0.053,0.0545,0.0535,0.051,0.0465,0.049]","[0.005009540897128199,0.005075911248239078,0.005031786462082826,0.004919298730510275,0.004708383480558906,0.0048269555622566076]",,0.004930691508297797,999,0.0,0,6,1.0,0.053,0.005009540897128199,0.0545,0.005075911248239078,0.0535,0.005031786462082826,0.051,0.004919298730510275,0.0465,0.004708383480558906,0.049,0.0048269555622566076,417,B,0.0,999,0.05,no multiplicity control (caller declared acceptance),B,2000
B_0418,B_joint,normal,6,none,0.3,0.5,D3,2000,50,1000,0.05,0.05,0.8927499999999999,0.0069190836640410725,,,0.6065,0.010923775675104282,0.999,0.0007067531393633852,,,73.7985,8.776098093686054,61.0,73.0,90.0,0.0,0.89975,-0.0010594162067982854,0.1390231426288394,0.0006955265859996871,400418,"[0.5,0.5,0.5,0.5,0.5,0.5]",power,"[0.8945,0.8955,0.896,0.8905,0.889,0.891]","[0.006869124762296869,0.006840312492861713,0.0068258332824644935,0.006982469119158352,0.007024208140424086,0.006968464680257768]",,0.006715651029498181,999,0.0,6,0,1.0,0.8945,0.006869124762296869,0.8955,0.006840312492861713,0.896,0.0068258332824644935,0.8905,0.006982469119158352,0.889,0.007024208140424086,0.891,0.006968464680257768,418,B,1.0,999,0.05,no multiplicity control (caller declared acceptance),B,2000
B_0419,B_joint,normal,6,none,0.3,0.5,D4,2000,50,1000,0.05,0.05,0.9237500000000001,0.005934472912567717,,,0.718,0.010061709596286309,0.9995,0.000499874984371065,,,69.0835,8.770662902540492,56.0,69.0,84.0,0.0,0.9484166666666667,-0.0009466403550683221,0.1440595828261823,0.0006708198374999483,400419,"[0.5,0.5,0.5,0.5,0.5,0.5]",power,"[0.92,0.9195,0.9225,0.9315,0.9225,0.9265]","[0.006066300355241239,0.006083574196144895,0.005978869040211535,0.0056483515294287415,0.005978869040211535,0.005835141386461857]",,0.004945831227182926,999,0.0,6,0,1.0,0.92,0.006066300355241239,0.9195,0.006083574196144895,0.9225,0.005978869040211535,0.9315,0.0056483515294287415,0.9225,0.005978869040211535,0.9265,0.005835141386461857,419,B,1.0,999,0.05,no multiplicity control (caller declared acceptance),B,2000
B_0420,B_joint,empirical_copula,6,none,0.3,0.0,D3,2000,50,1000,0.05,0.05,0.024666666666666667,0.0034683008968529696,0.138,0.007712198130234985,,,,,,,80.1785,12.519570190306055,62.0,79.0,103.0,0.0,0.89625,-0.00024126928009293442,0.13565681027694537,0.0012569709535000585,400420,"[0.0,0.0,0.0,0.0,0.0,0.0]",level,"[0.019,0.03,0.021,0.021,0.034,0.023]","[0.003052785613173647,0.00381444622455213,0.0032061659345704488,0.0032061659345704488,0.0040524066923249445,0.003351939736928455]",,0.006818575272738433,999,0.0,0,6,1.0,0.019,0.003052785613173647,0.03,0.00381444622455213,0.021,0.0032061659345704488,0.021,0.0032061659345704488,0.034,0.0040524066923249445,0.023,0.003351939736928455,420,B,0.0,999,0.05,no multiplicity control (caller declared acceptance),B,2000
B_0421,B_joint,empirical_copula,6,none,0.3,0.0,D4,2000,50,1000,0.05,0.05,0.049916666666666665,0.004869547877141961,0.2535,0.009727223396221554,,,,,,,76.497,11.885621186963684,59.0,75.0,97.0,0.0,0.9500833333333333,0.00031540503465474706,0.13994798383152846,0.0011301920115001848,400421,"[0.0,0.0,0.0,0.0,0.0,0.0]",level,"[0.0475,0.053,0.0455,0.0435,0.0585,0.0515]","[0.004756245893559331,0.005009540897128199,0.004659922209651144,0.004561126505590478,0.0052477495176503994,0.004942051699446294]",,0.004869547877141963,999,0.0,0,6,1.0,0.0475,0.004756245893559331,0.053,0.005009540897128199,0.0455,0.004659922209651144,0.0435,0.004561126505590478,0.0585,0.0052477495176503994,0.0515,0.004942051699446294,421,B,0.0,999,0.05,no multiplicity control (caller declared acceptance),B,2000
B_0422,B_joint,empirical_copula,6,none,0.3,0.5,D3,2000,50,1000,0.05,0.05,0.8948333333333333,0.0068595422182857425,,,0.5435,0.011137947521873139,1.0,0.0,,,79.857,12.014347714295605,62.0,79.0,100.0,0.0,0.8914166666666666,0.0007434488672441173,0.13688882132876992,0.0011446791444996052,400422,"[0.5,0.5,0.5,0.5,0.5,0.5]",power,"[0.8965,0.8985,0.888,0.8915,0.904,0.8905]","[0.006811304941052046,0.006752693906878944,0.007051808278732484,0.00695441406590088,0.006587260432076448,0.006982469119158352]",,0.006956759053451384,999,0.0,6,0,1.0,0.8965,0.006811304941052046,0.8985,0.006752693906878944,0.888,0.007051808278732484,0.8915,0.00695441406590088,0.904,0.006587260432076448,0.8905,0.006982469119158352,422,B,1.0,999,0.05,no multiplicity control (caller declared acceptance),B,2000
B_0423,B_joint,empirical_copula,6,none,0.3,0.5,D4,2000,50,1000,0.05,0.05,0.9199166666666666,0.006069184173163458,,,0.639,0.01073962289840756,1.0,0.0,,,76.3905,11.88780929145484,59.0,75.0,97.0,0.0,0.9511666666666667,-0.002218691207694548,0.14064978831155067,0.001171746941499805,400423,"[0.5,0.5,0.5,0.5,0.5,0.5]",power,"[0.918,0.9245,0.918,0.928,0.9105,0.9205]","[0.006134981662564281,0.005907611615534657,0.006134981662564281,0.0057799653978203,0.006383171233799076,0.006048956521582876]",,0.004819161695196004,999,0.0,6,0,1.0,0.918,0.006134981662564281,0.9245,0.005907611615534657,0.918,0.006134981662564281,0.928,0.0057799653978203,0.9105,0.006383171233799076,0.9205,0.006048956521582876,423,B,1.0,999,0.05,no multiplicity control (caller declared acceptance),B,2000
B_0424,B_joint,normal,6,none,0.6,0.0,D3,2000,50,1000,0.05,0.05,0.0023333333333333335,0.001078862569767088,0.014,0.002627165773224065,,,,,,,73.1395,10.07045380059906,58.0,72.0,91.0,0.0,0.9705,-0.0019532787883419123,0.10430701648546406,0.000668480421500135,400424,"[0.0,0.0,0.0,0.0,0.0,0.0]",level,"[0.004,0.001,0.0025,0.0025,0.0015,0.0025]","[0.001411382301150188,0.0007067531393633848,0.001116635571706365,0.001116635571706365,0.0008653756409791069,0.001116635571706365]",,0.0037835003634200943,999,0.0,0,6,1.0,0.004,0.001411382301150188,0.001,0.0007067531393633848,0.0025,0.001116635571706365,0.0025,0.001116635571706365,0.0015,0.0008653756409791069,0.0025,0.001116635571706365,424,B,0.0,999,0.05,no multiplicity control (caller declared acceptance),B,2000
B_0425,B_joint,normal,6,none,0.6,0.0,D4,2000,50,1000,0.05,0.05,0.051666666666666666,0.004949607167352891,0.265,0.009868510525910179,,,,,,,40.837,4.810761997854394,34.0,41.0,49.0,0.0,0.9483333333333334,-0.0012448787739340894,0.14207331433166792,0.0007188989950009273,400425,"[0.0,0.0,0.0,0.0,0.0,0.0]",level,"[0.054,0.0495,0.05,0.0515,0.0555,0.0495]","[0.005053909377897471,0.004850244839180801,0.004873397172404482,0.004942051699446294,0.005119558086397693,0.004850244839180801]",,0.00494960716735289,999,0.0,0,6,1.0,0.054,0.005053909377897471,0.0495,0.004850244839180801,0.05,0.004873397172404482,0.0515,0.004942051699446294,0.0555,0.005119558086397693,0.0495,0.004850244839180801,425,B,0.0,999,0.05,no multiplicity control (caller declared acceptance),B,2000
B_0426,B_joint,normal,6,none,0.6,0.5,D3,2000,50,1000,0.05,0.05,0.9459166666666666,0.005057584719452998,,,0.752,0.009656500401284102,1.0,0.0,,,73.159,9.92112488581814,59.0,72.0,90.0,0.0,0.9710833333333333,0.0008598794026197676,0.10697662410551913,0.0007133818205002172,400426,"[0.5,0.5,0.5,0.5,0.5,0.5]",power,"[0.9465,0.942,0.956,0.949,0.9405,0.9415]","[0.005031786462082825,0.005226662414964259,0.004586065852122058,0.004919298730510276,0.005289600646551685,0.0052477495176503994]",,0.003747031695592899,999,0.0,6,0,1.0,0.9465,0.005031786462082825,0.942,0.005226662414964259,0.956,0.004586065852122058,0.949,0.004919298730510276,0.9405,0.005289600646551685,0.9415,0.0052477495176503994,426,B,1.0,999,0.05,no multiplicity control (caller declared acceptance),B,2000
B_0427,B_joint,normal,6,none,0.6,0.5,D4,2000,50,1000,0.05,0.05,0.9339999999999998,0.005551756478809213,,,0.702,0.010227316363543274,1.0,0.0,,,40.7885,4.805077288660402,34.0,40.0,49.0,0.0,0.95225,0.00046173514498013354,0.13957803426905252,0.0006991734895000263,400427,"[0.5,0.5,0.5,0.5,0.5,0.5]",power,"[0.924,0.932,0.9395,0.937,0.938,0.9335]","[0.005925537950262405,0.005629209535982825,0.005331029450303197,0.00543281694887652,0.005392402062161169,0.005571254347092763]",,0.004768120043581116,999,0.0,6,0,1.0,0.924,0.005925537950262405,0.932,0.005629209535982825,0.9395,0.005331029450303197,0.937,0.00543281694887652,0.938,0.005392402062161169,0.9335,0.005571254347092763,427,B,1.0,999,0.05,no multiplicity control (caller declared acceptance),B,2000
B_0428,B_joint,empirical_copula,6,none,0.6,0.0,D3,2000,50,1000,0.05,0.05,0.005750000000000001,0.0016907006683620847,0.034,0.0040524066923249445,,,,,,,78.4925,13.825120026603749,58.0,78.0,102.0,0.0,0.9526666666666667,0.0001139322540001296,0.10971771239294725,0.0011934566399995675,400428,"[0.0,0.0,0.0,0.0,0.0,0.0]",level,"[0.006,0.003,0.005,0.0065,0.0055,0.0085]","[0.0017268468374467957,0.0012229063741758812,0.0015771810295587506,0.0017969070649312946,0.0016537457482938543,0.0020527725154044713]",,0.004748309640750532,999,0.0,0,6,1.0,0.006,0.0017268468374467957,0.003,0.0012229063741758812,0.005,0.0015771810295587506,0.0065,0.0017969070649312946,0.0055,0.0016537457482938543,0.0085,0.0020527725154044713,428,B,0.0,999,0.05,no multiplicity control (caller declared acceptance),B,2000
B_0429,B_joint,empirical_copula,6,none,0.6,0.0,D4,2000,50,1000,0.05,0.05,0.05308333333333334,0.0050132570777666864,0.2825,0.010067118505312231,,,,,,,50.2365,8.196741288463361,38.0,50.0,65.0,0.0,0.9469166666666666,0.0017609197787561582,0.13967105807601435,0.0011976233249988582,400429,"[0.0,0.0,0.0,0.0,0.0,0.0]",level,"[0.058,0.0555,0.044,0.0585,0.05,0.0525]","[0.0052266624149642565,0.005119558086397693,0.0045860658521220555,0.0052477495176503994,0.004873397172404482,0.004987171041783107]",,0.005013257077766688,999,0.0,0,6,1.0,0.058,0.0052266624149642565,0.0555,0.005119558086397693,0.044,0.0045860658521220555,0.0585,0.0052477495176503994,0.05,0.004873397172404482,0.0525,0.004987171041783107,429,B,0.0,999,0.05,no multiplicity control (caller declared acceptance),B,2000
B_0430,B_joint,empirical_copula,6,none,0.6,0.5,D3,2000,50,1000,0.05,0.05,0.932,0.005629209535982825,,,0.6565,0.010618562755853544,1.0,0.0,,,79.2675,14.434089640500368,58.0,78.0,105.0,0.0,0.95525,-0.002333439866482613,0.10980300169139681,0.0011551943530012068,400430,"[0.5,0.5,0.5,0.5,0.5,0.5]",power,"[0.9485,0.925,0.921,0.939,0.9305,0.928]","[0.004942051699446293,0.0058896094946948715,0.006031542091372652,0.005351588549206677,0.005686376262612245,0.0057799653978203]",,0.0046231719360196825,999,0.0,6,0,1.0,0.9485,0.004942051699446293,0.925,0.0058896094946948715,0.921,0.006031542091372652,0.939,0.005351588549206677,0.9305,0.005686376262612245,0.928,0.0057799653978203,430,B,1.0,999,0.05,no multiplicity control (caller declared acceptance),B,2000
B_0431,B_joint,empirical_copula,6,none,0.6,0.5,D4,2000,50,1000,0.05,0.05,0.9157500000000001,0.006210955542426622,,,0.6095,0.010908935557605975,1.0,0.0,,,49.993,8.028384083986017,38.0,49.0,64.04999999999995,0.0,0.9485,0.0008148081477239358,0.13930754216177518,0.0011160930195001128,400431,"[0.5,0.5,0.5,0.5,0.5,0.5]",power,"[0.9115,0.9215,0.9155,0.9095,0.919,0.9175]","[0.006350895606133045,0.006014056451347959,0.006219314672855845,0.006415206543830059,0.006100778638829636,0.0061519813881382975]",,0.004942051699446293,999,0.0,6,0,1.0,0.9115,0.006350895606133045,0.9215,0.006014056451347959,0.9155,0.006219314672855845,0.9095,0.006415206543830059,0.919,0.006100778638829636,0.9175,0.0061519813881382975,431,B,1.0,999,0.05,no multiplicity control (caller declared acceptance),B,2000
B_0432,B_joint,normal,6,none,0.9,0.0,D3,2000,50,1000,0.05,0.05,0.0,0.0,0.0,0.0,,,,,,,69.948,12.496651391472836,51.0,69.0,92.0,0.0,0.9999166666666667,0.0008234582330960638,0.054061482391183184,0.0006988534339998296,400432,"[0.0,0.0,0.0,0.0,0.0,0.0]",level,"[0.0,0.0,0.0,0.0,0.0,0.0]","[0.0,0.0,0.0,0.0,0.0,0.0]",,0.0002041156398820038,999,0.0,0,6,1.0,0.0,0.0,0.0,0.0,0.0,0.0,0.0,0.0,0.0,0.0,0.0,0.0,432,B,0.0,999,0.05,no multiplicity control (caller declared acceptance),B,2000
B_0433,B_joint,normal,6,none,0.9,0.0,D4,2000,50,1000,0.05,0.05,0.050083333333333334,0.004877242717743067,0.261,0.00982036150047441,,,,,,,12.1835,1.156645040623959,11.0,12.0,14.0,0.0,0.9499166666666666,0.0008098314834391201,0.12884554701815706,0.0007569334734998847,400433,"[0.0,0.0,0.0,0.0,0.0,0.0]",level,"[0.054,0.0535,0.0425,0.054,0.0545,0.042]","[0.005053909377897471,0.005031786462082826,0.0045107510461119445,0.005053909377897471,0.005075911248239078,0.004485309353879618]",,0.0048772427177430685,999,0.0,0,6,1.0,0.054,0.005053909377897471,0.0535,0.005031786462082826,0.0425,0.0045107510461119445,0.054,0.005053909377897471,0.0545,0.005075911248239078,0.042,0.004485309353879618,433,B,0.0,999,0.05,no multiplicity control (caller declared acceptance),B,2000
B_0434,B_joint,normal,6,none,0.9,0.5,D3,2000,50,1000,0.05,0.05,0.9974999999999999,0.0011166355717063777,,,0.985,0.002717995584985378,1.0,0.0,,,70.0755,12.230772655478475,52.0,69.0,91.0,0.0,1.0,0.0007349359054220523,0.054290291472096415,0.0006784143344993936,400434,"[0.5,0.5,0.5,0.5,0.5,0.5]",power,"[0.9975,0.9965,0.9975,0.9985,0.999,0.996]","[0.001116635571706353,0.0013205585939290896,0.001116635571706353,0.0008653756409790912,0.0007067531393633852,0.0014113823011501884]",,0.0,999,0.0,6,0,1.0,0.9975,0.001116635571706353,0.9965,0.0013205585939290896,0.9975,0.001116635571706353,0.9985,0.0008653756409790912,0.999,0.0007067531393633852,0.996,0.0014113823011501884,434,B,1.0,999,0.05,no multiplicity control (caller declared acceptance),B,2000
B_0435,B_joint,normal,6,none,0.9,0.5,D4,2000,50,1000,0.05,0.05,0.9354999999999999,0.005492711079239473,,,0.687,0.01036896812609625,1.0,0.0,,,12.179,1.1857314198417783,11.0,12.0,14.0,0.0,0.94975,-0.00023344098869351596,0.13115803320102512,0.000793033560999902,400435,"[0.5,0.5,0.5,0.5,0.5,0.5]",power,"[0.9385,0.9285,0.9345,0.9355,0.933,0.943]","[0.005372045699731156,0.005761412587204635,0.005532167296819575,0.005492711079239468,0.0055906618570612885,0.005184158562389852]",,0.004884922594064312,999,0.0,6,0,1.0,0.9385,0.005372045699731156,0.9285,0.005761412587204635,0.9345,0.005532167296819575,0.9355,0.005492711079239468,0.933,0.0055906618570612885,0.943,0.005184158562389852,435,B,1.0,999,0.05,no multiplicity control (caller declared acceptance),B,2000
B_0436,B_joint,empirical_copula,6,none,0.9,0.0,D3,2000,50,1000,0.05,0.05,0.0003333333333333333,0.0004081802434110587,0.0015,0.0008653756409791069,,,,,,,73.835,16.98890152423046,49.0,72.0,104.04999999999995,0.0,0.9960833333333333,0.005299779711941242,0.07279183600614096,0.0010509961280004063,400436,"[0.0,0.0,0.0,0.0,0.0,0.0]",level,"[0.0,0.0,0.001,0.0005,0.0,0.0005]","[0.0,0.0,0.0007067531393633848,0.0004998749843710925,0.0,0.0004998749843710925]",,0.001396661445893188,999,0.0,0,6,1.0,0.0,0.0,0.0,0.0,0.001,0.0007067531393633848,0.0005,0.0004998749843710925,0.0,0.0,0.0005,0.0004998749843710925,436,B,0.0,999,0.05,no multiplicity control (caller declared acceptance),B,2000
B_0437,B_joint,empirical_copula,6,none,0.9,0.0,D4,2000,50,1000,0.05,0.05,0.06225,0.00540254280408772,0.2965,0.010212437270309179,,,,,,,21.4005,3.2810211444000172,16.0,21.0,27.0,0.0,0.93775,0.001070610513420365,0.13296220098432998,0.0011841609705006704,400437,"[0.0,0.0,0.0,0.0,0.0,0.0]",level,"[0.0575,0.0595,0.0645,0.0625,0.064,0.0655]","[0.005205465877325487,0.005289600646551685,0.005492711079239468,0.005412658773652742,0.005472842040475863,0.005532167296819575]",,0.005402542804087721,999,0.0,0,6,1.0,0.0575,0.005205465877325487,0.0595,0.005289600646551685,0.0645,0.005492711079239468,0.0625,0.005412658773652742,0.064,0.005472842040475863,0.0655,0.005532167296819575,437,B,0.0,999,0.05,no multiplicity control (caller declared acceptance),B,2000
B_0438,B_joint,empirical_copula,6,none,0.9,0.5,D3,2000,50,1000,0.05,0.05,0.9860833333333333,0.002619445843642847,,,0.9275,0.005798437289477226,1.0,0.0,,,74.0935,17.644935753637643,48.0,72.0,107.0,0.0,0.9953333333333333,0.0027675990176395573,0.07228309895463426,0.0010857667274995037,400438,"[0.5,0.5,0.5,0.5,0.5,0.5]",power,"[0.981,0.987,0.988,0.9895,0.9875,0.9835]","[0.0030527856131736483,0.0025328837320335107,0.0024347484469653133,0.0022792268425937726,0.0024843258642939696,0.002848486440199423]",,0.0015239568381172955,999,0.0,6,0,1.0,0.981,0.0030527856131736483,0.987,0.0025328837320335107,0.988,0.0024347484469653133,0.9895,0.0022792268425937726,0.9875,0.0024843258642939696,0.9835,0.002848486440199423,438,B,1.0,999,0.05,no multiplicity control (caller declared acceptance),B,2000
B_0439,B_joint,empirical_copula,6,none,0.9,0.5,D4,2000,50,1000,0.05,0.05,0.9037499999999999,0.006594919919908052,,,0.629,0.01080182854890782,0.9995,0.000499874984371065,,,21.359,3.3010784601399585,16.0,21.0,27.0,0.0,0.9369166666666666,0.0026531694147194453,0.13278303324044288,0.0011179589405001026,400439,"[0.5,0.5,0.5,0.5,0.5,0.5]",power,"[0.9035,0.9055,0.909,0.895,0.905,0.9045]","[0.006602565789145914,0.006541014829519959,0.0064311352030570765,0.006854742883580681,0.006556485338960196,0.006571900410079265]",,0.00543616714187896,999,0.0,6,0,1.0,0.9035,0.006602565789145914,0.9055,0.006541014829519959,0.909,0.0064311352030570765,0.895,0.006854742883580681,0.905,0.006556485338960196,0.9045,0.006571900410079265,439,B,1.0,999,0.05,no multiplicity control (caller declared acceptance),B,2000
B_0440,B_joint,normal,6,bonferroni,-0.3,0.0,D3,2000,50,1000,0.05,0.008333333333333333,0.019583333333333335,0.0030983726687479744,0.0785,0.006014056451347958,,,,,,,73.3995,8.65395283959879,60.0,73.0,89.0,0.0,0.9070833333333334,0.0003458008541738322,0.187478862098616,0.0007332228049999685,400440,"[0.0,0.0,0.0,0.0,0.0,0.0]",level,"[0.022,0.026,0.0175,0.0185,0.0145,0.019]","[0.003279939023823461,0.003558370413546066,0.002932042803234632,0.003013117156700018,0.0026729898989708138,0.003052785613173647]",,0.0064916546319956905,999,0.0,0,6,1.0,0.022,0.003279939023823461,0.026,0.003558370413546066,0.0175,0.002932042803234632,0.0185,0.003013117156700018,0.0145,0.0026729898989708138,0.019,0.003052785613173647,440,B,0.0,999,0.008333333333333333,plan every contrast at alpha/K = 0.05000/6,B,2000
B_0441,B_joint,normal,6,bonferroni,-0.3,0.0,D4,2000,50,1000,0.05,0.008333333333333333,0.01025,0.0022522141883044786,0.0435,0.004561126505590478,,,,,,,186.49,27.62963807218618,145.0,184.0,234.0,0.0,0.98975,-0.0011330909342908853,0.1209526800630219,0.0006059156289993553,400441,"[0.0,0.0,0.0,0.0,0.0,0.0]",level,"[0.011,0.008,0.009,0.0125,0.009,0.012]","[0.002332273568859365,0.0019919839356781974,0.002111752826445368,0.002484325864293974,0.002111752826445368,0.002434748446965312]",,0.0022522141883044764,999,0.0,0,6,1.0,0.011,0.002332273568859365,0.008,0.0019919839356781974,0.009,0.002111752826445368,0.0125,0.002484325864293974,0.009,0.002111752826445368,0.012,0.002434748446965312,441,B,0.0,999,0.008333333333333333,plan every contrast at alpha/K = 0.05000/6,B,2000
B_0442,B_joint,normal,6,bonferroni,-0.3,0.5,D3,2000,50,1000,0.05,0.008333333333333333,0.63275,0.010779087101883907,,,0.3205,0.010435031145137996,0.8815,0.007226954752867907,,,73.5415,8.482409902262447,61.0,73.0,88.0,0.0,0.9008333333333334,0.0030989940064358457,0.1891199536182717,0.0006963567319999129,400442,"[0.5,0.5,0.5,0.5,0.5,0.5]",power,"[0.6415,0.6435,0.6315,0.6285,0.6325,0.619]","[0.010723286576418632,0.010709989495793168,0.010786745338608862,0.010804807957571482,0.010780624981883008,0.010859074546203282]",,0.006683286575065028,999,0.0,6,0,1.0,0.6415,0.010723286576418632,0.6435,0.010709989495793168,0.6315,0.010786745338608862,0.6285,0.010804807957571482,0.6325,0.010780624981883008,0.619,0.010859074546203282,442,B,1.0,999,0.008333333333333333,plan every contrast at alpha/K = 0.05000/6,B,2000
B_0443,B_joint,normal,6,bonferroni,-0.3,0.5,D4,2000,50,1000,0.05,0.008333333333333333,0.9279166666666666,0.005783049644819286,,,0.801,0.008927457644816915,0.992,0.001991983935678198,,,187.189,28.784914087069986,145.0,185.0,237.0,0.0,0.9911666666666666,-0.00011855601182801549,0.12014855086357763,0.0005980567070000689,400443,"[0.5,0.5,0.5,0.5,0.5,0.5]",power,"[0.9295,0.9215,0.928,0.9325,0.9315,0.9245]","[0.005724061058374553,0.006014056451347959,0.0057799653978203,0.005609979946488223,0.0056483515294287415,0.005907611615534657]",,0.002092284105416325,999,0.0,6,0,1.0,0.9295,0.005724061058374553,0.9215,0.006014056451347959,0.928,0.0057799653978203,0.9325,0.005609979946488223,0.9315,0.0056483515294287415,0.9245,0.005907611615534657,443,B,1.0,999,0.008333333333333333,plan every contrast at alpha/K = 0.05000/6,B,2000
B_0444,B_joint,empirical_copula,6,bonferroni,-0.3,0.0,D3,2000,50,1000,0.05,0.008333333333333333,0.01608333333333333,0.002812886393210915,0.074,0.005853375094763704,,,,,,,80.1015,11.411888439254914,63.0,79.0,101.0,0.0,0.913,-0.0010478268849214475,0.17507975793492395,0.0011494871280010558,400444,"[0.0,0.0,0.0,0.0,0.0,0.0]",level,"[0.011,0.0165,0.015,0.0155,0.022,0.0165]","[0.002332273568859365,0.0028484864401994267,0.0027179955849853765,0.0027622228367747597,0.003279939023823461,0.0028484864401994267]",,0.006302023484564302,999,0.0,0,6,1.0,0.011,0.002332273568859365,0.0165,0.0028484864401994267,0.015,0.0027179955849853765,0.0155,0.0027622228367747597,0.022,0.003279939023823461,0.0165,0.0028484864401994267,444,B,0.0,999,0.008333333333333333,plan every contrast at alpha/K = 0.05000/6,B,2000
B_0445,B_joint,empirical_copula,6,bonferroni,-0.3,0.0,D4,2000,50,1000,0.05,0.008333333333333333,0.008916666666666668,0.0021020418314370228,0.0465,0.004708383480558906,,,,,,,188.18,32.72099631734951,140.0,184.0,248.04999999999995,0.0,0.9910833333333333,-0.0017709643887216526,0.11852587730187365,0.0011142464884997024,400445,"[0.0,0.0,0.0,0.0,0.0,0.0]",level,"[0.0075,0.0085,0.01,0.009,0.0105,0.008]","[0.0019292161620720473,0.0020527725154044713,0.0022248595461286987,0.002111752826445368,0.002279226842593778,0.0019919839356781974]",,0.0021020418314370245,999,0.0,0,6,1.0,0.0075,0.0019292161620720473,0.0085,0.0020527725154044713,0.01,0.0022248595461286987,0.009,0.002111752826445368,0.0105,0.002279226842593778,0.008,0.0019919839356781974,445,B,0.0,999,0.008333333333333333,plan every contrast at alpha/K = 0.05000/6,B,2000
B_0446,B_joint,empirical_copula,6,bonferroni,-0.3,0.5,D3,2000,50,1000,0.05,0.008333333333333333,0.6523333333333333,0.0106488157922737,,,0.2415,0.00957020767799738,0.9525,0.00475624589355933,,,79.9515,11.4480193810982,62.0,79.0,101.0,0.0,0.90975,-0.004046266186920409,0.17820711399502487,0.001165529816000344,400446,"[0.5,0.5,0.5,0.5,0.5,0.5]",power,"[0.6485,0.6535,0.659,0.664,0.6515,0.6375]","[0.010675854766715403,0.010640435846336371,0.010599976415068102,0.01056181802532121,0.010654758326682027,0.010749273231246846]",,0.0064072200485077785,999,0.0,6,0,1.0,0.6485,0.010675854766715403,0.6535,0.010640435846336371,0.659,0.010599976415068102,0.664,0.01056181802532121,0.6515,0.010654758326682027,0.6375,0.010749273231246846,446,B,1.0,999,0.008333333333333333,plan every contrast at alpha/K = 0.05000/6,B,2000
B_0447,B_joint,empirical_copula,6,bonferroni,-0.3,0.5,D4,2000,50,1000,0.05,0.008333333333333333,0.9281666666666668,0.00577379015706128,,,0.745,0.009746153087244218,0.999,0.0007067531393633852,,,186.8555,32.0197379712889,141.0,183.0,244.0,0.0,0.9921666666666666,-0.002358593650619288,0.11847490329079384,0.0011615773134999471,400447,"[0.5,0.5,0.5,0.5,0.5,0.5]",power,"[0.9255,0.9265,0.9205,0.9365,0.933,0.927]","[0.005871530890662162,0.005835141386461857,0.006048956521582876,0.005452877680637995,0.0055906618570612885,0.005816829033072915]",,0.0019712904684777237,999,0.0,6,0,1.0,0.9255,0.005871530890662162,0.9265,0.005835141386461857,0.9205,0.006048956521582876,0.9365,0.005452877680637995,0.933,0.0055906618570612885,0.927,0.005816829033072915,447,B,1.0,999,0.008333333333333333,plan every contrast at alpha/K = 0.05000/6,B,2000
B_0448,B_joint,normal,6,bonferroni,0.0,0.0,D3,2000,50,1000,0.05,0.008333333333333333,0.006916666666666667,0.0018532169852568383,0.036,0.004165573189850348,,,,,,,73.635,8.095849245137906,61.0,73.0,87.0,0.0,0.9476666666666667,-0.001903216101121272,0.16184108158982843,0.0007322910040002171,400448,"[0.0,0.0,0.0,0.0,0.0,0.0]",level,"[0.0055,0.009,0.0095,0.003,0.0065,0.008]","[0.0016537457482938543,0.002111752826445368,0.002169072382379159,0.0012229063741758812,0.0017969070649312946,0.0019919839356781974]",,0.004979686514006458,999,0.0,0,6,1.0,0.0055,0.0016537457482938543,0.009,0.002111752826445368,0.0095,0.002169072382379159,0.003,0.0012229063741758812,0.0065,0.0017969070649312946,0.008,0.0019919839356781974,448,B,0.0,999,0.008333333333333333,plan every contrast at alpha/K = 0.05000/6,B,2000
B_0449,B_joint,normal,6,bonferroni,0.0,0.0,D4,2000,50,1000,0.05,0.008333333333333333,0.007333333333333333,0.0019078201638985206,0.036,0.004165573189850348,,,,,,,148.4155,20.49802087397708,117.0,147.0,185.0,0.0,0.9926666666666667,-0.0015350158480008818,0.11648576921279187,0.0006969840889996704,400449,"[0.0,0.0,0.0,0.0,0.0,0.0]",level,"[0.0085,0.0065,0.009,0.0075,0.0055,0.007]","[0.0020527725154044713,0.0017969070649312946,0.002111752826445368,0.0019292161620720473,0.0016537457482938543,0.0018642692938521516]",,0.0019078201638985165,999,0.0,0,6,1.0,0.0085,0.0020527725154044713,0.0065,0.0017969070649312946,0.009,0.002111752826445368,0.0075,0.0019292161620720473,0.0055,0.0016537457482938543,0.007,0.0018642692938521516,449,B,0.0,999,0.008333333333333333,plan every contrast at alpha/K = 0.05000/6,B,2000
B_0450,B_joint,normal,6,bonferroni,0.0,0.5,D3,2000,50,1000,0.05,0.008333333333333333,0.63775,0.010747672713197029,,,0.2635,0.009850577394244461,0.931,0.0056674068144081545,,,73.991,8.204932601795093,62.0,73.0,88.0,0.0,0.94,-0.003204141051657476,0.16659980583138145,0.0007596560575002514,400450,"[0.5,0.5,0.5,0.5,0.5,0.5]",power,"[0.629,0.6425,0.6345,0.645,0.6325,0.643]","[0.01080182854890782,0.01071666342664544,0.010768234534964402,0.010699883176932354,0.010780624981883008,0.010713332814768708]",,0.005310367218940704,999,0.0,6,0,1.0,0.629,0.01080182854890782,0.6425,0.01071666342664544,0.6345,0.010768234534964402,0.645,0.010699883176932354,0.6325,0.010780624981883008,0.643,0.010713332814768708,450,B,1.0,999,0.008333333333333333,plan every contrast at alpha/K = 0.05000/6,B,2000
B_0451,B_joint,normal,6,bonferroni,0.0,0.5,D4,2000,50,1000,0.05,0.008333333333333333,0.9443333333333334,0.005126786951341398,,,0.8015,0.008919017602852906,0.9965,0.0013205585939290896,,,147.7685,19.77308543829212,118.0,146.0,184.04999999999995,0.0,0.99175,0.000515859918725347,0.11549418148293775,0.0007083498824995331,400451,"[0.5,0.5,0.5,0.5,0.5,0.5]",power,"[0.944,0.946,0.947,0.9405,0.9465,0.942]","[0.005141206084179083,0.005053909377897473,0.005009540897128201,0.005289600646551685,0.005031786462082825,0.005226662414964259]",,0.0020226143354579464,999,0.0,6,0,1.0,0.944,0.005141206084179083,0.946,0.005053909377897473,0.947,0.005009540897128201,0.9405,0.005289600646551685,0.9465,0.005031786462082825,0.942,0.005226662414964259,451,B,1.0,999,0.008333333333333333,plan every contrast at alpha/K = 0.05000/6,B,2000
B_0452,B_joint,empirical_copula,6,bonferroni,0.0,0.0,D3,2000,50,1000,0.05,0.008333333333333333,0.01025,0.0022522141883044786,0.0565,0.005162739098579358,,,,,,,80.246,11.150178653277264,64.0,79.0,101.0,0.0,0.939,0.0005733283622258355,0.16006093152810644,0.0012006099705013185,400452,"[0.0,0.0,0.0,0.0,0.0,0.0]",level,"[0.0105,0.01,0.013,0.009,0.0075,0.0115]","[0.002279226842593778,0.0022248595461286987,0.0025328837320335094,0.002111752826445368,0.0019292161620720473,0.0023840878758971955]",,0.005351588549206677,999,0.0,0,6,1.0,0.0105,0.002279226842593778,0.01,0.0022248595461286987,0.013,0.0025328837320335094,0.009,0.002111752826445368,0.0075,0.0019292161620720473,0.0115,0.0023840878758971955,452,B,0.0,999,0.008333333333333333,plan every contrast at alpha/K = 0.05000/6,B,2000
B_0453,B_joint,empirical_copula,6,bonferroni,0.0,0.0,D4,2000,50,1000,0.05,0.008333333333333333,0.009083333333333334,0.0021214177321886526,0.0505,0.00489641450451246,,,,,,,155.0075,24.66626124385291,118.0,153.0,198.04999999999995,0.0,0.9909166666666667,0.00046935363245371526,0.1148833108420066,0.0011615457514999434,400453,"[0.0,0.0,0.0,0.0,0.0,0.0]",level,"[0.0115,0.009,0.0055,0.0075,0.0125,0.0085]","[0.0023840878758971955,0.002111752826445368,0.0016537457482938543,0.0019292161620720473,0.002484325864293974,0.0020527725154044713]",,0.002121417732188652,999,0.0,0,6,1.0,0.0115,0.0023840878758971955,0.009,0.002111752826445368,0.0055,0.0016537457482938543,0.0075,0.0019292161620720473,0.0125,0.002484325864293974,0.0085,0.0020527725154044713,453,B,0.0,999,0.008333333333333333,plan every contrast at alpha/K = 0.05000/6,B,2000
B_0454,B_joint,empirical_copula,6,bonferroni,0.0,0.5,D3,2000,50,1000,0.05,0.008333333333333333,0.6659166666666667,0.010546839804468024,,,0.1765,0.008524897360085926,0.981,0.0030527856131736483,,,80.0665,11.16427685745924,64.0,79.0,100.0,0.0,0.9366666666666666,-0.003504425667942274,0.15986525048477618,0.0012210220914985258,400454,"[0.5,0.5,0.5,0.5,0.5,0.5]",power,"[0.665,0.669,0.6705,0.6505,0.68,0.6605]","[0.010554027667198908,0.010522333391410862,0.010510227162150207,0.010661842007833357,0.010430723848324237,0.010588667291023928]",,0.005446201530526678,999,0.0,6,0,1.0,0.665,0.010554027667198908,0.669,0.010522333391410862,0.6705,0.010510227162150207,0.6505,0.010661842007833357,0.68,0.010430723848324237,0.6605,0.010588667291023928,454,B,1.0,999,0.008333333333333333,plan every contrast at alpha/K = 0.05000/6,B,2000
B_0455,B_joint,empirical_copula,6,bonferroni,0.0,0.5,D4,2000,50,1000,0.05,0.008333333333333333,0.9444166666666667,0.005123174132746654,,,0.7555,0.00961040451802108,0.9995,0.000499874984371065,,,155.6355,25.157794810952726,119.95,153.0,200.0,0.0,0.9919166666666667,0.0007230904306248818,0.11412633858987975,0.0011969657745012228,400455,"[0.5,0.5,0.5,0.5,0.5,0.5]",power,"[0.9495,0.9425,0.9525,0.9445,0.939,0.9385]","[0.0048964145045124596,0.005205465877325487,0.00475624589355933,0.005119558086397692,0.005351588549206677,0.005372045699731156]",,0.002002247868716003,999,0.0,6,0,1.0,0.9495,0.0048964145045124596,0.9425,0.005205465877325487,0.9525,0.00475624589355933,0.9445,0.005119558086397692,0.939,0.005351588549206677,0.9385,0.005372045699731156,455,B,1.0,999,0.008333333333333333,plan every contrast at alpha/K = 0.05000/6,B,2000
B_0456,B_joint,normal,6,bonferroni,0.3,0.0,D3,2000,50,1000,0.05,0.008333333333333333,0.0015833333333333335,0.0008890518513812592,0.009,0.002111752826445368,,,,,,,73.496,8.457658304755519,61.0,73.0,89.0,0.0,0.9765833333333334,0.0024819678587604055,0.13870141451495321,0.0007202465789996495,400456,"[0.0,0.0,0.0,0.0,0.0,0.0]",level,"[0.002,0.001,0.001,0.0025,0.0,0.003]","[0.0009989994994993741,0.0007067531393633848,0.0007067531393633848,0.001116635571706365,0.0,0.0012229063741758812]",,0.003381443951102019,999,0.0,0,6,1.0,0.002,0.0009989994994993741,0.001,0.0007067531393633848,0.001,0.0007067531393633848,0.0025,0.001116635571706365,0.0,0.0,0.003,0.0012229063741758812,456,B,0.0,999,0.008333333333333333,plan every contrast at alpha/K = 0.05000/6,B,2000
B_0457,B_joint,normal,6,bonferroni,0.3,0.0,D4,2000,50,1000,0.05,0.008333333333333333,0.00675,0.0018309065377566382,0.035,0.004109440351191388,,,,,,,106.4595,13.506382185840884,87.0,106.0,131.0,0.0,0.99325,0.0004423359984155519,0.11507187044666177,0.0007318931795016396,400457,"[0.0,0.0,0.0,0.0,0.0,0.0]",level,"[0.0045,0.0055,0.0065,0.0085,0.006,0.0095]","[0.0014966211945579282,0.0016537457482938543,0.0017969070649312946,0.0020527725154044713,0.0017268468374467957,0.002169072382379159]",,0.0018309065377566428,999,0.0,0,6,1.0,0.0045,0.0014966211945579282,0.0055,0.0016537457482938543,0.0065,0.0017969070649312946,0.0085,0.0020527725154044713,0.006,0.0017268468374467957,0.0095,0.002169072382379159,457,B,0.0,999,0.008333333333333333,plan every contrast at alpha/K = 0.05000/6,B,2000
B_0458,B_joint,normal,6,bonferroni,0.3,0.5,D3,2000,50,1000,0.05,0.008333333333333333,0.6709166666666667,0.010506842843013203,,,0.2365,0.009501782727467515,0.967,0.003994433626936366,,,73.374,8.68798733884897,60.0,73.0,89.0,0.0,0.9738333333333333,0.00029053406333682055,0.13931104454060914,0.0007251178729984531,400458,"[0.5,0.5,0.5,0.5,0.5,0.5]",power,"[0.671,0.658,0.6745,0.667,0.6845,0.6705]","[0.010506164856882837,0.010607450211997226,0.01047735057159013,0.010538287337134055,0.010391336535787877,0.010510227162150207]",,0.0035694517941990914,999,0.0,6,0,1.0,0.671,0.010506164856882837,0.658,0.010607450211997226,0.6745,0.01047735057159013,0.667,0.010538287337134055,0.6845,0.010391336535787877,0.6705,0.010510227162150207,458,B,1.0,999,0.008333333333333333,plan every contrast at alpha/K = 0.05000/6,B,2000
B_0459,B_joint,normal,6,bonferroni,0.3,0.5,D4,2000,50,1000,0.05,0.008333333333333333,0.9467500000000001,0.005020679112430902,,,0.781,0.009247675383576135,0.9995,0.000499874984371065,,,106.352,12.959517583613984,87.0,105.5,129.0,0.0,0.9915,0.0013910579831360567,0.11453223472414699,0.0007421522165004717,400459,"[0.5,0.5,0.5,0.5,0.5,0.5]",power,"[0.9415,0.941,0.9475,0.948,0.9525,0.95]","[0.0052477495176503994,0.005268728499363013,0.004987171041783106,0.0049646752159632785,0.00475624589355933,0.004873397172404485]",,0.0020527725154044657,999,0.0,6,0,1.0,0.9415,0.0052477495176503994,0.941,0.005268728499363013,0.9475,0.004987171041783106,0.948,0.0049646752159632785,0.9525,0.00475624589355933,0.95,0.004873397172404485,459,B,1.0,999,0.008333333333333333,plan every contrast at alpha/K = 0.05000/6,B,2000
B_0460,B_joint,empirical_copula,6,bonferroni,0.3,0.0,D3,2000,50,1000,0.05,0.008333333333333333,0.0023333333333333335,0.001078862569767088,0.014,0.002627165773224065,,,,,,,79.8695,12.462322004746948,61.95,79.0,102.0,0.0,0.9714166666666667,-0.002431266940152462,0.1359088950110943,0.0012137053184997058,400460,"[0.0,0.0,0.0,0.0,0.0,0.0]",level,"[0.002,0.002,0.0025,0.003,0.0025,0.002]","[0.0009989994994993741,0.0009989994994993741,0.001116635571706365,0.0012229063741758812,0.001116635571706365,0.0009989994994993741]",,0.0037260117007927424,999,0.0,0,6,1.0,0.002,0.0009989994994993741,0.002,0.0009989994994993741,0.0025,0.001116635571706365,0.003,0.0012229063741758812,0.0025,0.001116635571706365,0.002,0.0009989994994993741,460,B,0.0,999,0.008333333333333333,plan every contrast at alpha/K = 0.05000/6,B,2000
B_0461,B_joint,empirical_copula,6,bonferroni,0.3,0.0,D4,2000,50,1000,0.05,0.008333333333333333,0.008833333333333334,0.0020922841054163217,0.05,0.004873397172404482,,,,,,,118.246,18.19957373127184,91.95,116.0,151.0,0.0,0.9911666666666666,0.003245353011344376,0.11407805055776593,0.0011814718519999588,400461,"[0.0,0.0,0.0,0.0,0.0,0.0]",level,"[0.009,0.01,0.0065,0.007,0.01,0.0105]","[0.002111752826445368,0.0022248595461286987,0.0017969070649312946,0.0018642692938521516,0.0022248595461286987,0.002279226842593778]",,0.002092284105416325,999,0.0,0,6,1.0,0.009,0.002111752826445368,0.01,0.0022248595461286987,0.0065,0.0017969070649312946,0.007,0.0018642692938521516,0.01,0.0022248595461286987,0.0105,0.002279226842593778,461,B,0.0,999,0.008333333333333333,plan every contrast at alpha/K = 0.05000/6,B,2000
B_0462,B_joint,empirical_copula,6,bonferroni,0.3,0.5,D3,2000,50,1000,0.05,0.008333333333333333,0.69325,0.010311509043297203,,,0.1495,0.007973385416496559,0.997,0.0012229063741758816,,,80.2795,12.493573538023458,62.0,79.0,102.0,0.0,0.9695,-0.002342835261673126,0.13755153651533786,0.0011926550425014283,400462,"[0.5,0.5,0.5,0.5,0.5,0.5]",power,"[0.698,0.6945,0.698,0.6865,0.6945,0.688]","[0.010266352809055416,0.010299751210587564,0.010266352809055416,0.010373469766669204,0.010299751210587564,0.010359922779634993]",,0.0038451105315712303,999,0.0,6,0,1.0,0.698,0.010266352809055416,0.6945,0.010299751210587564,0.698,0.010266352809055416,0.6865,0.010373469766669204,0.6945,0.010299751210587564,0.688,0.010359922779634993,462,B,1.0,999,0.008333333333333333,plan every contrast at alpha/K = 0.05000/6,B,2000
B_0463,B_joint,empirical_copula,6,bonferroni,0.3,0.5,D4,2000,50,1000,0.05,0.008333333333333333,0.9409166666666667,0.005272214575278376,,,0.7195,0.01004539073406306,1.0,0.0,,,119.2035,19.373076362570814,92.0,117.0,153.0,0.0,0.9901666666666666,0.0007436368745958992,0.1127594109355918,0.0012052099325010205,400463,"[0.5,0.5,0.5,0.5,0.5,0.5]",power,"[0.942,0.94,0.9465,0.939,0.936,0.942]","[0.005226662414964259,0.005310367218940704,0.005031786462082825,0.005351588549206677,0.00547284204047586,0.005226662414964259]",,0.0022064268500098655,999,0.0,6,0,1.0,0.942,0.005226662414964259,0.94,0.005310367218940704,0.9465,0.005031786462082825,0.939,0.005351588549206677,0.936,0.00547284204047586,0.942,0.005226662414964259,463,B,1.0,999,0.008333333333333333,plan every contrast at alpha/K = 0.05000/6,B,2000
B_0464,B_joint,normal,6,bonferroni,0.6,0.0,D3,2000,50,1000,0.05,0.008333333333333333,0.0,0.0,0.0,0.0,,,,,,,73.0645,10.02598323108512,57.0,72.0,91.0,0.0,0.9970833333333333,-0.00343006400720139,0.10394423687051527,0.0007031273025004339,400464,"[0.0,0.0,0.0,0.0,0.0,0.0]",level,"[0.0,0.0,0.0,0.0,0.0,0.0]","[0.0,0.0,0.0,0.0,0.0,0.0]",,0.0012058523380211678,999,0.0,0,6,1.0,0.0,0.0,0.0,0.0,0.0,0.0,0.0,0.0,0.0,0.0,0.0,0.0,464,B,0.0,999,0.008333333333333333,plan every contrast at alpha/K = 0.05000/6,B,2000
B_0465,B_joint,normal,6,bonferroni,0.6,0.0,D4,2000,50,1000,0.05,0.008333333333333333,0.008333333333333331,0.0020327184862750777,0.049,0.0048269555622566076,,,,,,,62.9965,7.304826332637895,52.0,62.0,76.0,0.0,0.9916666666666667,-9.808703785620873e-05,0.11287886750776774,0.0006752903920005338,400465,"[0.0,0.0,0.0,0.0,0.0,0.0]",level,"[0.009,0.009,0.01,0.011,0.0055,0.0055]","[0.002111752826445368,0.002111752826445368,0.0022248595461286987,0.002332273568859365,0.0016537457482938543,0.0016537457482938543]",,0.0020327184862750747,999,0.0,0,6,1.0,0.009,0.002111752826445368,0.009,0.002111752826445368,0.01,0.0022248595461286987,0.011,0.002332273568859365,0.0055,0.0016537457482938543,0.0055,0.0016537457482938543,465,B,0.0,999,0.008333333333333333,plan every contrast at alpha/K = 0.05000/6,B,2000
B_0466,B_joint,normal,6,bonferroni,0.6,0.5,D3,2000,50,1000,0.05,0.008333333333333333,0.70825,0.010164446308087815,,,0.2175,0.00922479674572833,0.99,0.0022248595461287,,,72.741,10.050617841705055,57.0,72.0,90.0,0.0,0.9975,-0.002607222618883634,0.10573536030454518,0.0007363785550005559,400466,"[0.5,0.5,0.5,0.5,0.5,0.5]",power,"[0.7115,0.717,0.7065,0.7105,0.7055,0.6985]","[0.010130837823201,0.010072512099769353,0.010182282406219148,0.010141246225193431,0.010192392996740265,0.010261524009619624]",,0.001116635571706353,999,0.0,6,0,1.0,0.7115,0.010130837823201,0.717,0.010072512099769353,0.7065,0.010182282406219148,0.7105,0.010141246225193431,0.7055,0.010192392996740265,0.6985,0.010261524009619624,466,B,1.0,999,0.008333333333333333,plan every contrast at alpha/K = 0.05000/6,B,2000
B_0467,B_joint,normal,6,bonferroni,0.6,0.5,D4,2000,50,1000,0.05,0.008333333333333333,0.9498333333333333,0.00488108452202081,,,0.7605,0.009543053756528882,1.0,0.0,,,63.406,7.39913265187211,53.0,63.0,77.0,0.0,0.992,0.0012208436482366988,0.11242847195949732,0.0006955576889995427,400467,"[0.5,0.5,0.5,0.5,0.5,0.5]",power,"[0.9475,0.947,0.952,0.948,0.95,0.9545]","[0.004987171041783106,0.005009540897128201,0.004779958158812692,0.0049646752159632785,0.004873397172404485,0.004659922209651143]",,0.001991983935678198,999,0.0,6,0,1.0,0.9475,0.004987171041783106,0.947,0.005009540897128201,0.952,0.004779958158812692,0.948,0.0049646752159632785,0.95,0.004873397172404485,0.9545,0.004659922209651143,467,B,1.0,999,0.008333333333333333,plan every contrast at alpha/K = 0.05000/6,B,2000
B_0468,B_joint,empirical_copula,6,bonferroni,0.6,0.0,D3,2000,50,1000,0.05,0.008333333333333333,0.0003333333333333333,0.0004081802434110587,0.002,0.0009989994994993741,,,,,,,79.129,14.163169101581751,58.0,78.0,104.0,0.0,0.99325,-0.0032131197171602313,0.10849025500796065,0.0011776528440004767,400468,"[0.0,0.0,0.0,0.0,0.0,0.0]",level,"[0.0005,0.0,0.0,0.0005,0.001,0.0]","[0.0004998749843710925,0.0,0.0,0.0004998749843710925,0.0007067531393633848,0.0]",,0.0018309065377566428,999,0.0,0,6,1.0,0.0005,0.0004998749843710925,0.0,0.0,0.0,0.0,0.0005,0.0004998749843710925,0.001,0.0007067531393633848,0.0,0.0,468,B,0.0,999,0.008333333333333333,plan every contrast at alpha/K = 0.05000/6,B,2000
B_0469,B_joint,empirical_copula,6,bonferroni,0.6,0.0,D4,2000,50,1000,0.05,0.008333333333333333,0.010083333333333333,0.0022340165310738213,0.059,0.0052687284993630104,,,,,,,77.5625,12.173129989858811,59.0,77.0,99.04999999999995,0.0,0.9899166666666667,0.0018666974261055227,0.11195107655885246,0.001157218581500274,400469,"[0.0,0.0,0.0,0.0,0.0,0.0]",level,"[0.011,0.0125,0.006,0.0095,0.0075,0.014]","[0.002332273568859365,0.002484325864293974,0.0017268468374467957,0.002169072382379159,0.0019292161620720473,0.002627165773224065]",,0.0022340165310738213,999,0.0,0,6,1.0,0.011,0.002332273568859365,0.0125,0.002484325864293974,0.006,0.0017268468374467957,0.0095,0.002169072382379159,0.0075,0.0019292161620720473,0.014,0.002627165773224065,469,B,0.0,999,0.008333333333333333,plan every contrast at alpha/K = 0.05000/6,B,2000
B_0470,B_joint,empirical_copula,6,bonferroni,0.6,0.5,D3,2000,50,1000,0.05,0.008333333333333333,0.7313333333333335,0.009911732666110623,,,0.1555,0.008103078118838545,0.999,0.0007067531393633852,,,79.511,14.311878947224226,59.0,78.0,105.0,0.0,0.9921666666666666,-7.861877488295772e-05,0.10999162419535027,0.0011804302599994116,400470,"[0.5,0.5,0.5,0.5,0.5,0.5]",power,"[0.7375,0.7375,0.7295,0.746,0.7295,0.708]","[0.009838540288071193,0.009838540288071193,0.009933019430163217,0.009733550225893941,0.009933019430163217,0.01016700545883595]",,0.0019712904684777237,999,0.0,6,0,1.0,0.7375,0.009838540288071193,0.7375,0.009838540288071193,0.7295,0.009933019430163217,0.746,0.009733550225893941,0.7295,0.009933019430163217,0.708,0.01016700545883595,470,B,1.0,999,0.008333333333333333,plan every contrast at alpha/K = 0.05000/6,B,2000
B_0471,B_joint,empirical_copula,6,bonferroni,0.6,0.5,D4,2000,50,1000,0.05,0.008333333333333333,0.9310833333333334,0.005664236917812592,,,0.671,0.010506164856882837,1.0,0.0,,,77.6445,12.784291914298578,60.0,76.0,100.04999999999995,0.0,0.9905,-0.0003656482301674782,0.11106008885137517,0.0012056806554992363,400471,"[0.5,0.5,0.5,0.5,0.5,0.5]",power,"[0.9285,0.9225,0.939,0.9365,0.929,0.931]","[0.005761412587204635,0.005978869040211535,0.005351588549206677,0.005452877680637995,0.005742778073371805,0.0056674068144081545]",,0.0021690723823791537,999,0.0,6,0,1.0,0.9285,0.005761412587204635,0.9225,0.005978869040211535,0.939,0.005351588549206677,0.9365,0.005452877680637995,0.929,0.005742778073371805,0.931,0.0056674068144081545,471,B,1.0,999,0.008333333333333333,plan every contrast at alpha/K = 0.05000/6,B,2000
B_0472,B_joint,normal,6,bonferroni,0.9,0.0,D3,2000,50,1000,0.05,0.008333333333333333,0.0,0.0,0.0,0.0,,,,,,,69.7595,11.735103738356981,52.0,69.0,90.0,0.0,1.0,2.1284968083851054e-05,0.05424214880033222,0.0007079029229989829,400472,"[0.0,0.0,0.0,0.0,0.0,0.0]",level,"[0.0,0.0,0.0,0.0,0.0,0.0]","[0.0,0.0,0.0,0.0,0.0,0.0]",,0.0,999,0.0,0,6,1.0,0.0,0.0,0.0,0.0,0.0,0.0,0.0,0.0,0.0,0.0,0.0,0.0,472,B,0.0,999,0.008333333333333333,plan every contrast at alpha/K = 0.05000/6,B,2000
B_0473,B_joint,normal,6,bonferroni,0.9,0.0,D4,2000,50,1000,0.05,0.008333333333333333,0.008833333333333334,0.0020922841054163217,0.0525,0.004987171041783107,,,,,,,18.9415,1.7952932211758612,16.0,19.0,22.0,0.0,0.9911666666666666,-0.0005619734207521404,0.10409399144623521,0.0007801523430007364,400473,"[0.0,0.0,0.0,0.0,0.0,0.0]",level,"[0.0075,0.0105,0.0085,0.0095,0.007,0.01]","[0.0019292161620720473,0.002279226842593778,0.0020527725154044713,0.002169072382379159,0.0018642692938521516,0.0022248595461286987]",,0.002092284105416325,999,0.0,0,6,1.0,0.0075,0.0019292161620720473,0.0105,0.002279226842593778,0.0085,0.0020527725154044713,0.0095,0.002169072382379159,0.007,0.0018642692938521516,0.01,0.0022248595461286987,473,B,0.0,999,0.008333333333333333,plan every contrast at alpha/K = 0.05000/6,B,2000
B_0474,B_joint,normal,6,bonferroni,0.9,0.5,D3,2000,50,1000,0.05,0.008333333333333333,0.8144999999999999,0.008691655480977145,,,0.3725,0.010810729623850556,0.9975,0.001116635571706353,,,70.536,12.152724139056232,52.0,70.0,92.0,0.0,1.0,0.0002896243489977186,0.05427883849180013,0.000699108430500928,400474,"[0.5,0.5,0.5,0.5,0.5,0.5]",power,"[0.811,0.8135,0.8185,0.8105,0.8125,0.821]","[0.00875439889427024,0.008709700052240605,0.008618519304381698,0.008763268511234835,0.008727650027355588,0.00857201843208471]",,0.0,999,0.0,6,0,1.0,0.811,0.00875439889427024,0.8135,0.008709700052240605,0.8185,0.008618519304381698,0.8105,0.008763268511234835,0.8125,0.008727650027355588,0.821,0.00857201843208471,474,B,1.0,999,0.008333333333333333,plan every contrast at alpha/K = 0.05000/6,B,2000
B_0475,B_joint,normal,6,bonferroni,0.9,0.5,D4,2000,50,1000,0.05,0.008333333333333333,0.9566666666666667,0.004552776930377523,,,0.7735,0.009359427065798419,1.0,0.0,,,18.8915,1.8024227445302614,16.0,19.0,22.0,0.0,0.993,0.0004850999491708552,0.1032842380295947,0.0007801292124986503,400475,"[0.5,0.5,0.5,0.5,0.5,0.5]",power,"[0.9515,0.952,0.9535,0.97,0.957,0.956]","[0.004803527349771207,0.004779958158812692,0.004708383480558906,0.003814446224552132,0.004536022486716751,0.004586065852122058]",,0.0018642692938521525,999,0.0,6,0,1.0,0.9515,0.004803527349771207,0.952,0.004779958158812692,0.9535,0.004708383480558906,0.97,0.003814446224552132,0.957,0.004536022486716751,0.956,0.004586065852122058,475,B,1.0,999,0.008333333333333333,plan every contrast at alpha/K = 0.05000/6,B,2000
B_0476,B_joint,empirical_copula,6,bonferroni,0.9,0.0,D3,2000,50,1000,0.05,0.008333333333333333,0.0,0.0,0.0,0.0,,,,,,,74.1135,16.92316807663388,48.0,72.5,103.0,0.0,0.9996666666666667,0.003212487201029376,0.07211374046611252,0.0011510872100006964,400476,"[0.0,0.0,0.0,0.0,0.0,0.0]",level,"[0.0,0.0,0.0,0.0,0.0,0.0]","[0.0,0.0,0.0,0.0,0.0,0.0]",,0.0004081802434110362,999,0.0,0,6,1.0,0.0,0.0,0.0,0.0,0.0,0.0,0.0,0.0,0.0,0.0,0.0,0.0,476,B,0.0,999,0.008333333333333333,plan every contrast at alpha/K = 0.05000/6,B,2000
B_0477,B_joint,empirical_copula,6,bonferroni,0.9,0.0,D4,2000,50,1000,0.05,0.008333333333333333,0.014166666666666668,0.0026425340321576014,0.077,0.0059611659933271445,,,,,,,33.1315,5.168869097781448,26.0,33.0,43.0,0.0,0.9858333333333333,-0.0011324589807029212,0.10754311671815592,0.0012439849429993046,400477,"[0.0,0.0,0.0,0.0,0.0,0.0]",level,"[0.011,0.013,0.0155,0.015,0.015,0.0155]","[0.002332273568859365,0.0025328837320335094,0.0027622228367747597,0.0027179955849853765,0.0027179955849853765,0.0027622228367747597]",,0.0026425340321576006,999,0.0,0,6,1.0,0.011,0.002332273568859365,0.013,0.0025328837320335094,0.0155,0.0027622228367747597,0.015,0.0027179955849853765,0.015,0.0027179955849853765,0.0155,0.0027622228367747597,477,B,0.0,999,0.008333333333333333,plan every contrast at alpha/K = 0.05000/6,B,2000
B_0478,B_joint,empirical_copula,6,bonferroni,0.9,0.5,D3,2000,50,1000,0.05,0.008333333333333333,0.7745833333333333,0.00934355374190023,,,0.322,0.010447870596442128,0.9945,0.0016537457482938467,,,74.252,17.546039325158258,50.0,73.0,107.0,0.0,0.99975,0.002304116435490239,0.0719578677754933,0.0012694306685007177,400478,"[0.5,0.5,0.5,0.5,0.5,0.5]",power,"[0.777,0.7735,0.772,0.771,0.7785,0.7755]","[0.009307819293475782,0.009359427065798419,0.009381257911389069,0.009395717109406817,0.0092854119456274,0.00933005225065755]",,0.00035350919365694894,999,0.0,6,0,1.0,0.777,0.009307819293475782,0.7735,0.009359427065798419,0.772,0.009381257911389069,0.771,0.009395717109406817,0.7785,0.0092854119456274,0.7755,0.00933005225065755,478,B,1.0,999,0.008333333333333333,plan every contrast at alpha/K = 0.05000/6,B,2000
B_0479,B_joint,empirical_copula,6,bonferroni,0.9,0.5,D4,2000,50,1000,0.05,0.008333333333333333,0.9128333333333334,0.006307481228227669,,,0.662,0.010577239715540155,1.0,0.0,,,33.442,5.311933358015705,26.0,33.0,43.0,0.0,0.9823333333333333,0.0022255182155447415,0.10800280550798322,0.0014655343765007274,400479,"[0.5,0.5,0.5,0.5,0.5,0.5]",power,"[0.914,0.9105,0.9235,0.917,0.899,0.913]","[0.006269130721240385,0.006383171233799076,0.005943389184631948,0.006168914004912047,0.006737915107805974,0.006302023484564302]",,0.0029457219450888103,999,0.0,6,0,1.0,0.914,0.006269130721240385,0.9105,0.006383171233799076,0.9235,0.005943389184631948,0.917,0.006168914004912047,0.899,0.006737915107805974,0.913,0.006302023484564302,479,B,1.0,999,0.008333333333333333,plan every contrast at alpha/K = 0.05000/6,B,2000
B_0480,B_joint,normal,6,holm,-0.3,0.0,D3,2000,50,1000,0.05,0.008333333333333333,0.02408333333333333,0.0034280698934596484,0.084,0.0062025801083097675,,,,,,,73.98,8.597534530317398,60.0,74.0,88.0,0.0,0.90575,0.0013226942139299808,0.18869272202106155,0.0007682391229991481,400480,"[0.0,0.0,0.0,0.0,0.0,0.0]",level,"[0.023,0.0245,0.024,0.026,0.0225,0.0245]","[0.003351939736928455,0.003456859123539749,0.00342227994179319,0.003558370413546066,0.0033161536454151216,0.003456859123539749]",,0.006533258662413419,999,0.0,0,6,1.0,0.023,0.003351939736928455,0.0245,0.003456859123539749,0.024,0.00342227994179319,0.026,0.003558370413546066,0.0225,0.0033161536454151216,0.0245,0.003456859123539749,480,B,0.0,999,0.008333333333333333,plan every contrast at alpha/K = 0.05000/6,B,2000
B_0481,B_joint,normal,6,holm,-0.3,0.0,D4,2000,50,1000,0.05,0.008333333333333333,0.010583333333333332,0.0022881571612204535,0.035,0.004109440351191388,,,,,,,187.4255,28.13535942102037,144.0,186.0,237.04999999999995,0.0,0.9911666666666666,0.003963566065679687,0.11874026601092899,0.0009205839569985983,400481,"[0.0,0.0,0.0,0.0,0.0,0.0]",level,"[0.0105,0.0105,0.0105,0.011,0.011,0.01]","[0.002279226842593778,0.002279226842593778,0.002279226842593778,0.002332273568859365,0.002332273568859365,0.0022248595461286987]",,0.002092284105416325,999,0.0,0,6,1.0,0.0105,0.002279226842593778,0.0105,0.002279226842593778,0.0105,0.002279226842593778,0.011,0.002332273568859365,0.011,0.002332273568859365,0.01,0.0022248595461286987,481,B,0.0,999,0.008333333333333333,plan every contrast at alpha/K = 0.05000/6,B,2000
B_0482,B_joint,normal,6,holm,-0.3,0.5,D3,2000,50,1000,0.05,0.008333333333333333,0.7183333333333334,0.010058095136643805,,,0.5625,0.01109264959331178,0.888,0.007051808278732484,,,73.658,8.150769043470683,61.0,73.0,87.0,0.0,0.9029166666666667,0.0037372522717715674,0.18936975132266834,0.0013580274145006115,400482,"[0.5,0.5,0.5,0.5,0.5,0.5]",power,"[0.7015,0.7275,0.7215,0.726,0.718,0.7155]","[0.010232246820713425,0.00995599693652022,0.010023416333765649,0.00997306372184596,0.010061709596286309,0.010088601241004622]",,0.006620353454394342,999,0.0,6,0,1.0,0.7015,0.010232246820713425,0.7275,0.00995599693652022,0.7215,0.010023416333765649,0.726,0.00997306372184596,0.718,0.010061709596286309,0.7155,0.010088601241004622,482,B,1.0,999,0.008333333333333333,plan every contrast at alpha/K = 0.05000/6,B,2000
B_0483,B_joint,normal,6,holm,-0.3,0.5,D4,2000,50,1000,0.05,0.008333333333333333,0.9706666666666667,0.003773121313242451,,,0.9355,0.005492711079239468,0.995,0.0015771810295587513,,,186.3455,28.160204717828314,144.0,184.0,237.0,0.0,0.9924166666666666,-0.0018685377007299133,0.11795565630454587,0.0012350638100015203,400483,"[0.5,0.5,0.5,0.5,0.5,0.5]",power,"[0.9695,0.974,0.968,0.97,0.9685,0.974]","[0.0038451105315712303,0.0035583704135460676,0.003935479640399632,0.003814446224552132,0.0039056209493497944,0.0035583704135460676]",,0.0019398229801825915,999,0.0,6,0,1.0,0.9695,0.0038451105315712303,0.974,0.0035583704135460676,0.968,0.003935479640399632,0.97,0.003814446224552132,0.9685,0.0039056209493497944,0.974,0.0035583704135460676,483,B,1.0,999,0.008333333333333333,plan every contrast at alpha/K = 0.05000/6,B,2000
B_0484,B_joint,empirical_copula,6,holm,-0.3,0.0,D3,2000,50,1000,0.05,0.008333333333333333,0.019,0.003052785613173647,0.0785,0.006014056451347958,,,,,,,80.585,11.447915749165873,64.0,79.0,101.0,0.0,0.91025,0.0022369674280320697,0.17629893897642743,0.0016482960049997927,400484,"[0.0,0.0,0.0,0.0,0.0,0.0]",level,"[0.0195,0.019,0.023,0.019,0.0145,0.019]","[0.0030919047527373806,0.003052785613173647,0.003351939736928455,0.003052785613173647,0.0026729898989708138,0.003052785613173647]",,0.00639120244946129,999,0.0,0,6,1.0,0.0195,0.0030919047527373806,0.019,0.003052785613173647,0.023,0.003351939736928455,0.019,0.003052785613173647,0.0145,0.0026729898989708138,0.019,0.003052785613173647,484,B,0.0,999,0.008333333333333333,plan every contrast at alpha/K = 0.05000/6,B,2000
B_0485,B_joint,empirical_copula,6,holm,-0.3,0.0,D4,2000,50,1000,0.05,0.008333333333333333,0.009000000000000001,0.002111752826445368,0.042,0.004485309353879618,,,,,,,188.454,31.963414773769088,141.0,185.0,248.0,0.0,0.99175,0.002487631084960962,0.11569404742300905,0.0015282336234995455,400485,"[0.0,0.0,0.0,0.0,0.0,0.0]",level,"[0.006,0.0095,0.0095,0.0095,0.009,0.0105]","[0.0017268468374467957,0.002169072382379159,0.002169072382379159,0.002169072382379159,0.002111752826445368,0.002279226842593778]",,0.0020226143354579464,999,0.0,0,6,1.0,0.006,0.0017268468374467957,0.0095,0.002169072382379159,0.0095,0.002169072382379159,0.0095,0.002169072382379159,0.009,0.002111752826445368,0.0105,0.002279226842593778,485,B,0.0,999,0.008333333333333333,plan every contrast at alpha/K = 0.05000/6,B,2000
B_0486,B_joint,empirical_copula,6,holm,-0.3,0.5,D3,2000,50,1000,0.05,0.008333333333333333,0.7511666666666666,0.009667349832181402,,,0.483,0.011173875782377394,0.9625,0.004248161366991606,,,80.048,11.209803566521584,64.0,79.0,100.0,0.0,0.9115,-0.0036900697679711153,0.1759625143160108,0.0014683932534990162,400486,"[0.5,0.5,0.5,0.5,0.5,0.5]",power,"[0.756,0.7335,0.75,0.7605,0.7505,0.7565]","[0.009603749267864087,0.009886297335200878,0.009682458365518542,0.009543053756528882,0.009675994780899791,0.009597076377730877]",,0.006350895606133045,999,0.0,6,0,1.0,0.756,0.009603749267864087,0.7335,0.009886297335200878,0.75,0.009682458365518542,0.7605,0.009543053756528882,0.7505,0.009675994780899791,0.7565,0.009597076377730877,486,B,1.0,999,0.008333333333333333,plan every contrast at alpha/K = 0.05000/6,B,2000
B_0487,B_joint,empirical_copula,6,holm,-0.3,0.5,D4,2000,50,1000,0.05,0.008333333333333333,0.9723333333333333,0.0036675074793531288,,,0.9215,0.006014056451347959,0.9975,0.001116635571706353,,,187.9405,30.971954406365768,143.0,185.0,242.0,0.0,0.9906666666666667,0.0008172968282774769,0.11776170576799072,0.001312433121500362,400487,"[0.5,0.5,0.5,0.5,0.5,0.5]",power,"[0.9725,0.972,0.9735,0.973,0.9695,0.9735]","[0.003656757443418962,0.0036889022757454573,0.00359150038284837,0.0036242930345103184,0.0038451105315712303,0.00359150038284837]",,0.0021501421141662002,999,0.0,6,0,1.0,0.9725,0.003656757443418962,0.972,0.0036889022757454573,0.9735,0.00359150038284837,0.973,0.0036242930345103184,0.9695,0.0038451105315712303,0.9735,0.00359150038284837,487,B,1.0,999,0.008333333333333333,plan every contrast at alpha/K = 0.05000/6,B,2000
B_0488,B_joint,normal,6,holm,0.0,0.0,D3,2000,50,1000,0.05,0.008333333333333333,0.01,0.0022248595461286987,0.044,0.0045860658521220555,,,,,,,73.72,7.714959494384919,62.0,73.0,87.0,0.0,0.9435833333333333,-0.004724243306268835,0.1670684838370098,0.0007863499470004172,400488,"[0.0,0.0,0.0,0.0,0.0,0.0]",level,"[0.008,0.012,0.0095,0.0115,0.008,0.011]","[0.0019919839356781974,0.002434748446965312,0.002169072382379159,0.0023840878758971955,0.0019919839356781974,0.002332273568859365]",,0.005159158186608009,999,0.0,0,6,1.0,0.008,0.0019919839356781974,0.012,0.002434748446965312,0.0095,0.002169072382379159,0.0115,0.0023840878758971955,0.008,0.0019919839356781974,0.011,0.002332273568859365,488,B,0.0,999,0.008333333333333333,plan every contrast at alpha/K = 0.05000/6,B,2000
B_0489,B_joint,normal,6,holm,0.0,0.0,D4,2000,50,1000,0.05,0.008333333333333333,0.009666666666666667,0.002187832514410349,0.0445,0.004610843198374892,,,,,,,147.131,19.69413209562686,117.0,146.0,182.0,0.0,0.9910833333333333,0.0005915984814972369,0.1169667703106977,0.0006780544240009476,400489,"[0.0,0.0,0.0,0.0,0.0,0.0]",level,"[0.009,0.0065,0.009,0.0095,0.0105,0.0135]","[0.002111752826445368,0.0017969070649312946,0.002111752826445368,0.002169072382379159,0.002279226842593778,0.0025804796065847916]",,0.0021020418314370245,999,0.0,0,6,1.0,0.009,0.002111752826445368,0.0065,0.0017969070649312946,0.009,0.002111752826445368,0.0095,0.002169072382379159,0.0105,0.002279226842593778,0.0135,0.0025804796065847916,489,B,0.0,999,0.008333333333333333,plan every contrast at alpha/K = 0.05000/6,B,2000
B_0490,B_joint,normal,6,holm,0.0,0.5,D3,2000,50,1000,0.05,0.008333333333333333,0.7549166666666668,0.00961814673041422,,,0.558,0.011104863799254811,0.937,0.00543281694887652,,,73.839,7.856212764430454,61.0,74.0,87.0,0.0,0.94225,0.00412192358870319,0.16549074672652567,0.0007415713565005717,400490,"[0.5,0.5,0.5,0.5,0.5,0.5]",power,"[0.752,0.768,0.746,0.7545,0.7635,0.7455]","[0.009656500401284102,0.009438643970401681,0.009733550225893941,0.009623662244696664,0.009501782727467515,0.009739860111931793]",,0.005216077908735642,999,0.0,6,0,1.0,0.752,0.009656500401284102,0.768,0.009438643970401681,0.746,0.009733550225893941,0.7545,0.009623662244696664,0.7635,0.009501782727467515,0.7455,0.009739860111931793,490,B,1.0,999,0.008333333333333333,plan every contrast at alpha/K = 0.05000/6,B,2000
B_0491,B_joint,normal,6,holm,0.0,0.5,D4,2000,50,1000,0.05,0.008333333333333333,0.9754166666666667,0.0034625852376191056,,,0.9335,0.005571254347092763,0.9975,0.001116635571706353,,,147.7965,20.121980214432174,118.0,146.0,184.0,0.0,0.99125,-0.0007365149736073958,0.11663408872777478,0.0006630052410000645,400491,"[0.5,0.5,0.5,0.5,0.5,0.5]",power,"[0.9765,0.9785,0.973,0.9755,0.973,0.976]","[0.0033873108803297025,0.003243281517229114,0.0036242930345103184,0.0034568591235397466,0.0036242930345103184,0.0034222799417931915]",,0.0020824789914906747,999,0.0,6,0,1.0,0.9765,0.0033873108803297025,0.9785,0.003243281517229114,0.973,0.0036242930345103184,0.9755,0.0034568591235397466,0.973,0.0036242930345103184,0.976,0.0034222799417931915,491,B,1.0,999,0.008333333333333333,plan every contrast at alpha/K = 0.05000/6,B,2000
B_0492,B_joint,empirical_copula,6,holm,0.0,0.0,D3,2000,50,1000,0.05,0.008333333333333333,0.006666666666666665,0.001819645875194157,0.0355,0.004137617067830226,,,,,,,80.2495,11.286906119481989,63.0,80.0,100.0,0.0,0.94425,-0.0011470066669663223,0.15615571780940155,0.0011819820505006647,400492,"[0.0,0.0,0.0,0.0,0.0,0.0]",level,"[0.005,0.0095,0.0075,0.0085,0.005,0.0045]","[0.0015771810295587506,0.002169072382379159,0.0019292161620720473,0.0020527725154044713,0.0015771810295587506,0.0014966211945579282]",,0.005130396549000865,999,0.0,0,6,1.0,0.005,0.0015771810295587506,0.0095,0.002169072382379159,0.0075,0.0019292161620720473,0.0085,0.0020527725154044713,0.005,0.0015771810295587506,0.0045,0.0014966211945579282,492,B,0.0,999,0.008333333333333333,plan every contrast at alpha/K = 0.05000/6,B,2000
B_0493,B_joint,empirical_copula,6,holm,0.0,0.0,D4,2000,50,1000,0.05,0.008333333333333333,0.01,0.0022248595461286987,0.0505,0.00489641450451246,,,,,,,156.3405,25.377895100854996,119.95,154.0,200.04999999999995,0.0,0.9905,0.0013090114183474256,0.11490920433574625,0.0012276275679996616,400493,"[0.0,0.0,0.0,0.0,0.0,0.0]",level,"[0.0075,0.011,0.0085,0.0105,0.0135,0.009]","[0.0019292161620720473,0.002332273568859365,0.0020527725154044713,0.002279226842593778,0.0025804796065847916,0.002111752826445368]",,0.0021690723823791537,999,0.0,0,6,1.0,0.0075,0.0019292161620720473,0.011,0.002332273568859365,0.0085,0.0020527725154044713,0.0105,0.002279226842593778,0.0135,0.0025804796065847916,0.009,0.002111752826445368,493,B,0.0,999,0.008333333333333333,plan every contrast at alpha/K = 0.05000/6,B,2000
B_0494,B_joint,empirical_copula,6,holm,0.0,0.5,D3,2000,50,1000,0.05,0.008333333333333333,0.7901666666666666,0.009105034474277284,,,0.4805,0.011171834003421283,0.991,0.002111752826445369,,,80.0335,11.153536557971199,64.0,79.0,100.0,0.0,0.9370833333333334,3.729736698432736e-05,0.159635627162735,0.0012134887510001136,400494,"[0.5,0.5,0.5,0.5,0.5,0.5]",power,"[0.796,0.788,0.787,0.79,0.795,0.785]","[0.009010660353159472,0.009139365404665686,0.00915508055671822,0.00910768905925098,0.009027042705116665,0.009186266924055712]",,0.005429464049159096,999,0.0,6,0,1.0,0.796,0.009010660353159472,0.788,0.009139365404665686,0.787,0.00915508055671822,0.79,0.00910768905925098,0.795,0.009027042705116665,0.785,0.009186266924055712,494,B,1.0,999,0.008333333333333333,plan every contrast at alpha/K = 0.05000/6,B,2000
B_0495,B_joint,empirical_copula,6,holm,0.0,0.5,D4,2000,50,1000,0.05,0.008333333333333333,0.9786666666666667,0.0032309613292503367,,,0.9155,0.006219314672855845,0.9995,0.000499874984371065,,,155.7035,24.820245521549538,119.0,153.0,201.0,0.0,0.9923333333333333,-0.0019110354313116172,0.11395225726061473,0.0011854590415005077,400495,"[0.5,0.5,0.5,0.5,0.5,0.5]",power,"[0.9775,0.977,0.9775,0.98,0.982,0.978]","[0.003316153645415119,0.0033519397369284566,0.003316153645415119,0.003130495168499707,0.002972877394041,0.0032799390238234627]",,0.0019503703352041803,999,0.0,6,0,1.0,0.9775,0.003316153645415119,0.977,0.0033519397369284566,0.9775,0.003316153645415119,0.98,0.003130495168499707,0.982,0.002972877394041,0.978,0.0032799390238234627,495,B,1.0,999,0.008333333333333333,plan every contrast at alpha/K = 0.05000/6,B,2000
B_0496,B_joint,normal,6,holm,0.3,0.0,D3,2000,50,1000,0.05,0.008333333333333333,0.00175,0.0009345955007381536,0.009,0.002111752826445368,,,,,,,73.8145,8.634065655877306,61.0,73.0,89.0,0.0,0.9750833333333333,0.0024920192120723096,0.13746043108809072,0.0007922473019989411,400496,"[0.0,0.0,0.0,0.0,0.0,0.0]",level,"[0.002,0.0015,0.002,0.001,0.0035,0.0005]","[0.0009989994994993741,0.0008653756409791069,0.0009989994994993741,0.0007067531393633848,0.0013205585939290994,0.0004998749843710925]",,0.003485385659356,999,0.0,0,6,1.0,0.002,0.0009989994994993741,0.0015,0.0008653756409791069,0.002,0.0009989994994993741,0.001,0.0007067531393633848,0.0035,0.0013205585939290994,0.0005,0.0004998749843710925,496,B,0.0,999,0.008333333333333333,plan every contrast at alpha/K = 0.05000/6,B,2000
B_0497,B_joint,normal,6,holm,0.3,0.0,D4,2000,50,1000,0.05,0.008333333333333333,0.009666666666666665,0.002187832514410349,0.0535,0.005031786462082826,,,,,,,106.8955,13.269385055457544,87.0,105.0,131.0,0.0,0.9908333333333333,3.1371690319620025e-05,0.116008367221865,0.0006935610140008066,400497,"[0.0,0.0,0.0,0.0,0.0,0.0]",level,"[0.009,0.011,0.008,0.013,0.0095,0.0075]","[0.002111752826445368,0.002332273568859365,0.0019919839356781974,0.0025328837320335094,0.002169072382379159,0.0019292161620720473]",,0.002131037175753731,999,0.0,0,6,1.0,0.009,0.002111752826445368,0.011,0.002332273568859365,0.008,0.0019919839356781974,0.013,0.0025328837320335094,0.0095,0.002169072382379159,0.0075,0.0019292161620720473,497,B,0.0,999,0.008333333333333333,plan every contrast at alpha/K = 0.05000/6,B,2000
B_0498,B_joint,normal,6,holm,0.3,0.5,D3,2000,50,1000,0.05,0.008333333333333333,0.8078333333333334,0.008810182713454042,,,0.5955,0.010974510239641676,0.9745,0.00352489361541593,,,73.4865,8.22251894190582,60.95,73.0,88.0,0.0,0.9765833333333334,0.003588007865154964,0.13811334043922982,0.0007029355244994804,400498,"[0.5,0.5,0.5,0.5,0.5,0.5]",power,"[0.806,0.801,0.816,0.808,0.809,0.807]","[0.008842058583836684,0.008927457644816915,0.008664409962599878,0.008807269724494646,0.008789738335126933,0.008824709626950906]",,0.003381443951102019,999,0.0,6,0,1.0,0.806,0.008842058583836684,0.801,0.008927457644816915,0.816,0.008664409962599878,0.808,0.008807269724494646,0.809,0.008789738335126933,0.807,0.008824709626950906,498,B,1.0,999,0.008333333333333333,plan every contrast at alpha/K = 0.05000/6,B,2000
B_0499,B_joint,normal,6,holm,0.3,0.5,D4,2000,50,1000,0.05,0.008333333333333333,0.9828333333333333,0.0029044769083453065,,,0.9435,0.005162739098579358,0.9995,0.000499874984371065,,,107.031,13.60095728248567,87.0,106.0,131.0,0.0,0.992,0.0008872706694077959,0.11483061937161061,0.000656664460499087,400499,"[0.5,0.5,0.5,0.5,0.5,0.5]",power,"[0.9805,0.987,0.9835,0.983,0.983,0.98]","[0.003091904752737377,0.0025328837320335107,0.002848486440199423,0.0028905881754411173,0.0028905881754411173,0.003130495168499707]",,0.001991983935678198,999,0.0,6,0,1.0,0.9805,0.003091904752737377,0.987,0.0025328837320335107,0.9835,0.002848486440199423,0.983,0.0028905881754411173,0.983,0.0028905881754411173,0.98,0.003130495168499707,499,B,1.0,999,0.008333333333333333,plan every contrast at alpha/K = 0.05000/6,B,2000
B_0500,B_joint,empirical_copula,6,holm,0.3,0.0,D3,2000,50,1000,0.05,0.008333333333333333,0.0021666666666666666,0.0010397048192208743,0.013,0.0025328837320335094,,,,,,,80.3095,12.123230169802106,63.0,79.0,102.0,0.0,0.9711666666666666,-0.001747889345509862,0.1366041538395951,0.001100636029999805,400500,"[0.0,0.0,0.0,0.0,0.0,0.0]",level,"[0.0035,0.002,0.001,0.0025,0.002,0.002]","[0.0013205585939290994,0.0009989994994993741,0.0007067531393633848,0.001116635571706365,0.0009989994994993741,0.0009989994994993741]",,0.0037417891590936993,999,0.0,0,6,1.0,0.0035,0.0013205585939290994,0.002,0.0009989994994993741,0.001,0.0007067531393633848,0.0025,0.001116635571706365,0.002,0.0009989994994993741,0.002,0.0009989994994993741,500,B,0.0,999,0.008333333333333333,plan every contrast at alpha/K = 0.05000/6,B,2000
B_0501,B_joint,empirical_copula,6,holm,0.3,0.0,D4,2000,50,1000,0.05,0.008333333333333333,0.008666666666666666,0.002072625817116485,0.049,0.0048269555622566076,,,,,,,118.6905,18.426033478478214,93.0,117.0,151.0,0.0,0.9915833333333334,-0.00268026452991738,0.11317384081179101,0.0011503505229993607,400501,"[0.0,0.0,0.0,0.0,0.0,0.0]",level,"[0.01,0.01,0.0095,0.007,0.0085,0.007]","[0.0022248595461286987,0.0022248595461286987,0.002169072382379159,0.0018642692938521516,0.0020527725154044713,0.0018642692938521516]",,0.002042770959859285,999,0.0,0,6,1.0,0.01,0.0022248595461286987,0.01,0.0022248595461286987,0.0095,0.002169072382379159,0.007,0.0018642692938521516,0.0085,0.0020527725154044713,0.007,0.0018642692938521516,501,B,0.0,999,0.008333333333333333,plan every contrast at alpha/K = 0.05000/6,B,2000
B_0502,B_joint,empirical_copula,6,holm,0.3,0.5,D3,2000,50,1000,0.05,0.008333333333333333,0.8271666666666667,0.0084546428730675,,,0.5125,0.011176845485198407,0.9975,0.001116635571706353,,,80.378,12.322139262319672,63.0,79.0,103.0,0.0,0.9714166666666667,-0.0019088187608248912,0.13605634688960033,0.0011527082294996943,400502,"[0.5,0.5,0.5,0.5,0.5,0.5]",power,"[0.821,0.8265,0.8255,0.8265,0.835,0.8285]","[0.00857201843208471,0.008467518821945422,0.008486747021091178,0.008467518821945422,0.008299849396224006,0.00842875287334965]",,0.0037260117007927424,999,0.0,6,0,1.0,0.821,0.00857201843208471,0.8265,0.008467518821945422,0.8255,0.008486747021091178,0.8265,0.008467518821945422,0.835,0.008299849396224006,0.8285,0.00842875287334965,502,B,1.0,999,0.008333333333333333,plan every contrast at alpha/K = 0.05000/6,B,2000
B_0503,B_joint,empirical_copula,6,holm,0.3,0.5,D4,2000,50,1000,0.05,0.008333333333333333,0.9809166666666668,0.0030593430440392037,,,0.92,0.006066300355241239,1.0,0.0,,,117.9295,19.30861283857543,91.0,116.0,152.0,0.0,0.99,-2.3505085006565304e-05,0.11395141847052898,0.0011462891310002306,400503,"[0.5,0.5,0.5,0.5,0.5,0.5]",power,"[0.98,0.983,0.981,0.982,0.979,0.9805]","[0.003130495168499707,0.0028905881754411173,0.0030527856131736483,0.002972877394041,0.00320616593457045,0.003091904752737377]",,0.0022248595461287,999,0.0,6,0,1.0,0.98,0.003130495168499707,0.983,0.0028905881754411173,0.981,0.0030527856131736483,0.982,0.002972877394041,0.979,0.00320616593457045,0.9805,0.003091904752737377,503,B,1.0,999,0.008333333333333333,plan every contrast at alpha/K = 0.05000/6,B,2000
B_0504,B_joint,normal,6,holm,0.6,0.0,D3,2000,50,1000,0.05,0.008333333333333333,0.0,0.0,0.0,0.0,,,,,,,72.986,10.04568584020026,58.0,72.0,90.0,0.0,0.9970833333333333,0.0016263707604816393,0.10680732744710912,0.0006757794829991326,400504,"[0.0,0.0,0.0,0.0,0.0,0.0]",level,"[0.0,0.0,0.0,0.0,0.0,0.0]","[0.0,0.0,0.0,0.0,0.0,0.0]",,0.0012058523380211678,999,0.0,0,6,1.0,0.0,0.0,0.0,0.0,0.0,0.0,0.0,0.0,0.0,0.0,0.0,0.0,504,B,0.0,999,0.008333333333333333,plan every contrast at alpha/K = 0.05000/6,B,2000
B_0505,B_joint,normal,6,holm,0.6,0.0,D4,2000,50,1000,0.05,0.008333333333333333,0.0075,0.0019292161620720473,0.043,0.004536022486716748,,,,,,,63.1685,7.649778281100701,52.0,62.0,78.0,0.0,0.9925833333333334,0.0015070985547191557,0.11264079719046935,0.0006975213440000516,400505,"[0.0,0.0,0.0,0.0,0.0,0.0]",level,"[0.008,0.009,0.0075,0.008,0.0055,0.007]","[0.0019919839356781974,0.002111752826445368,0.0019292161620720473,0.0019919839356781974,0.0016537457482938543,0.0018642692938521516]",,0.0019185488946365406,999,0.0,0,6,1.0,0.008,0.0019919839356781974,0.009,0.002111752826445368,0.0075,0.0019292161620720473,0.008,0.0019919839356781974,0.0055,0.0016537457482938543,0.007,0.0018642692938521516,505,B,0.0,999,0.008333333333333333,plan every contrast at alpha/K = 0.05000/6,B,2000
B_0506,B_joint,normal,6,holm,0.6,0.5,D3,2000,50,1000,0.05,0.008333333333333333,0.8741666666666669,0.007416175077341264,,,0.6985,0.010261524009619624,0.989,0.0023322735688593665,,,73.6445,10.308206427405302,58.0,73.0,92.0,0.0,0.9978333333333333,-0.001122176090394788,0.10500255428665581,0.0007356161624993547,400506,"[0.5,0.5,0.5,0.5,0.5,0.5]",power,"[0.8725,0.8635,0.8785,0.877,0.881,0.8725]","[0.007458007441669657,0.007676840170278393,0.007305400399704318,0.007344079247938437,0.0072401312142805815,0.007458007441669657]",,0.0010397048192208704,999,0.0,6,0,1.0,0.8725,0.007458007441669657,0.8635,0.007676840170278393,0.8785,0.007305400399704318,0.877,0.007344079247938437,0.881,0.0072401312142805815,0.8725,0.007458007441669657,506,B,1.0,999,0.008333333333333333,plan every contrast at alpha/K = 0.05000/6,B,2000
B_0507,B_joint,normal,6,holm,0.6,0.5,D4,2000,50,1000,0.05,0.008333333333333333,0.98575,0.0026501827767155973,,,0.9365,0.005452877680637995,1.0,0.0,,,63.2105,7.554679989913537,52.0,62.0,77.0,0.0,0.9919166666666667,-0.000677891768365386,0.11262235167024284,0.000758245512499343,400507,"[0.5,0.5,0.5,0.5,0.5,0.5]",power,"[0.987,0.9835,0.9875,0.9835,0.984,0.989]","[0.0025328837320335107,0.002848486440199423,0.0024843258642939696,0.002848486440199423,0.00280570846668003,0.0023322735688593665]",,0.002002247868716003,999,0.0,6,0,1.0,0.987,0.0025328837320335107,0.9835,0.002848486440199423,0.9875,0.0024843258642939696,0.9835,0.002848486440199423,0.984,0.00280570846668003,0.989,0.0023322735688593665,507,B,1.0,999,0.008333333333333333,plan every contrast at alpha/K = 0.05000/6,B,2000
B_0508,B_joint,empirical_copula,6,holm,0.6,0.0,D3,2000,50,1000,0.05,0.008333333333333333,0.00016666666666666666,0.0002886510773311689,0.001,0.0007067531393633848,,,,,,,78.853,14.311128222470792,58.0,78.0,104.0,0.0,0.9931666666666666,-4.28418768300034e-05,0.10971282928345735,0.0011937099715014483,400508,"[0.0,0.0,0.0,0.0,0.0,0.0]",level,"[0.0,0.0,0.0005,0.0,0.0,0.0005]","[0.0,0.0,0.0004998749843710925,0.0,0.0,0.0004998749843710925]",,0.0018420964807643646,999,0.0,0,6,1.0,0.0,0.0,0.0,0.0,0.0005,0.0004998749843710925,0.0,0.0,0.0,0.0,0.0005,0.0004998749843710925,508,B,0.0,999,0.008333333333333333,plan every contrast at alpha/K = 0.05000/6,B,2000
B_0509,B_joint,empirical_copula,6,holm,0.6,0.0,D4,2000,50,1000,0.05,0.008333333333333333,0.009583333333333334,0.0021784734397687247,0.0555,0.005119558086397693,,,,,,,77.906,12.414796172309877,60.0,76.0,100.0,0.0,0.9905833333333334,8.684544200394854e-05,0.11157488536801535,0.0012010573515017313,400509,"[0.0,0.0,0.0,0.0,0.0,0.0]",level,"[0.0085,0.011,0.0085,0.007,0.0105,0.012]","[0.0020527725154044713,0.002332273568859365,0.0020527725154044713,0.0018642692938521516,0.002279226842593778,0.002434748446965312]",,0.0021596287939777427,999,0.0,0,6,1.0,0.0085,0.0020527725154044713,0.011,0.002332273568859365,0.0085,0.0020527725154044713,0.007,0.0018642692938521516,0.0105,0.002279226842593778,0.012,0.002434748446965312,509,B,0.0,999,0.008333333333333333,plan every contrast at alpha/K = 0.05000/6,B,2000
B_0510,B_joint,empirical_copula,6,holm,0.6,0.5,D3,2000,50,1000,0.05,0.008333333333333333,0.8871666666666668,0.007074672155733513,,,0.629,0.01080182854890782,0.9995,0.000499874984371065,,,78.647,14.298020527331747,57.0,77.0,104.0,0.0,0.9926666666666667,6.501414423428627e-05,0.1090512479185952,0.0011509184700007609,400510,"[0.5,0.5,0.5,0.5,0.5,0.5]",power,"[0.889,0.889,0.886,0.8865,0.88,0.8925]","[0.007024208140424086,0.007024208140424086,0.007106475919891659,0.007092874946028586,0.0072663608498339805,0.006926173185822025]",,0.0019078201638985165,999,0.0,6,0,1.0,0.889,0.007024208140424086,0.889,0.007024208140424086,0.886,0.007106475919891659,0.8865,0.007092874946028586,0.88,0.0072663608498339805,0.8925,0.006926173185822025,510,B,1.0,999,0.008333333333333333,plan every contrast at alpha/K = 0.05000/6,B,2000
B_0511,B_joint,empirical_copula,6,holm,0.6,0.5,D4,2000,50,1000,0.05,0.008333333333333333,0.9777499999999999,0.0032981007792364453,,,0.892,0.006940316995642202,1.0,0.0,,,77.9495,13.099158360368044,60.0,76.0,101.0,0.0,0.99125,-0.001814846770678459,0.1121189426523236,0.0011534100834996934,400511,"[0.5,0.5,0.5,0.5,0.5,0.5]",power,"[0.9825,0.977,0.9795,0.9785,0.974,0.975]","[0.002932042803234629,0.0033519397369284566,0.0031685761786644775,0.003243281517229114,0.0035583704135460676,0.003491060010942237]",,0.0020824789914906747,999,0.0,6,0,1.0,0.9825,0.002932042803234629,0.977,0.0033519397369284566,0.9795,0.0031685761786644775,0.9785,0.003243281517229114,0.974,0.0035583704135460676,0.975,0.003491060010942237,511,B,1.0,999,0.008333333333333333,plan every contrast at alpha/K = 0.05000/6,B,2000
B_0512,B_joint,normal,6,holm,0.9,0.0,D3,2000,50,1000,0.05,0.008333333333333333,0.0,0.0,0.0,0.0,,,,,,,69.7305,12.298693822922823,52.0,69.0,90.0,0.0,1.0,-0.00021602922195019736,0.054328377008265934,0.0006814736830001493,400512,"[0.0,0.0,0.0,0.0,0.0,0.0]",level,"[0.0,0.0,0.0,0.0,0.0,0.0]","[0.0,0.0,0.0,0.0,0.0,0.0]",,0.0,999,0.0,0,6,1.0,0.0,0.0,0.0,0.0,0.0,0.0,0.0,0.0,0.0,0.0,0.0,0.0,512,B,0.0,999,0.008333333333333333,plan every contrast at alpha/K = 0.05000/6,B,2000
B_0513,B_joint,normal,6,holm,0.9,0.0,D4,2000,50,1000,0.05,0.008333333333333333,0.009333333333333334,0.0021501421141662037,0.054,0.005053909377897471,,,,,,,18.973,1.835557408527448,16.0,19.0,22.0,0.0,0.99075,-0.0007003904393686843,0.10282423507856987,0.0007097623295012454,400513,"[0.0,0.0,0.0,0.0,0.0,0.0]",level,"[0.013,0.009,0.008,0.0105,0.006,0.0095]","[0.0025328837320335094,0.002111752826445368,0.0019919839356781974,0.002279226842593778,0.0017268468374467957,0.002169072382379159]",,0.0021406117700321073,999,0.0,0,6,1.0,0.013,0.0025328837320335094,0.009,0.002111752826445368,0.008,0.0019919839356781974,0.0105,0.002279226842593778,0.006,0.0017268468374467957,0.0095,0.002169072382379159,513,B,0.0,999,0.008333333333333333,plan every contrast at alpha/K = 0.05000/6,B,2000
B_0514,B_joint,normal,6,holm,0.9,0.5,D3,2000,50,1000,0.05,0.008333333333333333,0.9834999999999999,0.0028484864401994324,,,0.964,0.0041655731898503495,0.9985,0.0008653756409790912,,,70.12,12.545222198111917,51.0,69.0,92.0,0.0,1.0,-0.00016375860308184365,0.053709168171422524,0.0007285760964987276,400514,"[0.5,0.5,0.5,0.5,0.5,0.5]",power,"[0.984,0.9865,0.981,0.9825,0.9845,0.9825]","[0.00280570846668003,0.0025804796065847873,0.0030527856131736483,0.002932042803234629,0.0027622228367747558,0.002932042803234629]",,0.0,999,0.0,6,0,1.0,0.984,0.00280570846668003,0.9865,0.0025804796065847873,0.981,0.0030527856131736483,0.9825,0.002932042803234629,0.9845,0.0027622228367747558,0.9825,0.002932042803234629,514,B,1.0,999,0.008333333333333333,plan every contrast at alpha/K = 0.05000/6,B,2000
B_0515,B_joint,normal,6,holm,0.9,0.5,D4,2000,50,1000,0.05,0.008333333333333333,0.9938333333333333,0.0017505197640827817,,,0.969,0.003875499967746099,1.0,0.0,,,18.8605,1.8030639894357605,16.0,19.0,22.0,0.0,0.99225,0.000656330309209645,0.10262122245950513,0.0007723238999988097,400515,"[0.5,0.5,0.5,0.5,0.5,0.5]",power,"[0.995,0.993,0.9925,0.996,0.9945,0.992]","[0.0015771810295587513,0.0018642692938521525,0.0019292161620720412,0.0014113823011501884,0.0016537457482938467,0.001991983935678198]",,0.0019608591866832298,999,0.0,6,0,1.0,0.995,0.0015771810295587513,0.993,0.0018642692938521525,0.9925,0.0019292161620720412,0.996,0.0014113823011501884,0.9945,0.0016537457482938467,0.992,0.001991983935678198,515,B,1.0,999,0.008333333333333333,plan every contrast at alpha/K = 0.05000/6,B,2000
B_0516,B_joint,empirical_copula,6,holm,0.9,0.0,D3,2000,50,1000,0.05,0.008333333333333333,0.0,0.0,0.0,0.0,,,,,,,73.879,17.671625816545575,49.0,72.0,105.0,0.0,0.9999166666666667,0.0034542349336484602,0.07210596919739187,0.0011335301745002654,400516,"[0.0,0.0,0.0,0.0,0.0,0.0]",level,"[0.0,0.0,0.0,0.0,0.0,0.0]","[0.0,0.0,0.0,0.0,0.0,0.0]",,0.0002041156398820038,999,0.0,0,6,1.0,0.0,0.0,0.0,0.0,0.0,0.0,0.0,0.0,0.0,0.0,0.0,0.0,516,B,0.0,999,0.008333333333333333,plan every contrast at alpha/K = 0.05000/6,B,2000
B_0517,B_joint,empirical_copula,6,holm,0.9,0.0,D4,2000,50,1000,0.05,0.008333333333333333,0.016666666666666666,0.002862594006219611,0.0875,0.006318375978050055,,,,,,,33.265,5.1043878183382585,26.0,33.0,42.0,0.0,0.98375,0.0010144365364930356,0.10771136102222702,0.0012395984220001993,400517,"[0.0,0.0,0.0,0.0,0.0,0.0]",level,"[0.015,0.0135,0.0195,0.0185,0.0185,0.015]","[0.0027179955849853765,0.0025804796065847916,0.0030919047527373806,0.003013117156700018,0.003013117156700018,0.0027179955849853765]",,0.0028271838903757207,999,0.0,0,6,1.0,0.015,0.0027179955849853765,0.0135,0.0025804796065847916,0.0195,0.0030919047527373806,0.0185,0.003013117156700018,0.0185,0.003013117156700018,0.015,0.0027179955849853765,517,B,0.0,999,0.008333333333333333,plan every contrast at alpha/K = 0.05000/6,B,2000
B_0518,B_joint,empirical_copula,6,holm,0.9,0.5,D3,2000,50,1000,0.05,0.008333333333333333,0.94125,0.005258252442589647,,,0.87,0.007519973404208289,0.993,0.0018642692938521525,,,74.217,17.787886636697458,49.0,72.0,106.0,0.0,0.99975,0.001213263750782287,0.07288904426072974,0.0012249960150002152,400518,"[0.5,0.5,0.5,0.5,0.5,0.5]",power,"[0.9395,0.9415,0.944,0.944,0.939,0.9395]","[0.005331029450303197,0.0052477495176503994,0.005141206084179083,0.005141206084179083,0.005351588549206677,0.005331029450303197]",,0.00035350919365694894,999,0.0,6,0,1.0,0.9395,0.005331029450303197,0.9415,0.0052477495176503994,0.944,0.005141206084179083,0.944,0.005141206084179083,0.939,0.005351588549206677,0.9395,0.005331029450303197,518,B,1.0,999,0.008333333333333333,plan every contrast at alpha/K = 0.05000/6,B,2000
B_0519,B_joint,empirical_copula,6,holm,0.9,0.5,D4,2000,50,1000,0.05,0.008333333333333333,0.96525,0.0040952678483830544,,,0.88,0.0072663608498339805,0.9985,0.0008653756409790912,,,32.9445,5.187236234258085,25.0,32.0,42.0,0.0,0.9838333333333333,-0.002070889710393145,0.10825026039927715,0.0012072297490012716,400519,"[0.5,0.5,0.5,0.5,0.5,0.5]",power,"[0.96,0.963,0.965,0.964,0.9745,0.965]","[0.004381780460041331,0.004220841148396847,0.00410944035119139,0.0041655731898503495,0.00352489361541593,0.00410944035119139]",,0.002820044818398774,999,0.0,6,0,1.0,0.96,0.004381780460041331,0.963,0.004220841148396847,0.965,0.00410944035119139,0.964,0.0041655731898503495,0.9745,0.00352489361541593,0.965,0.00410944035119139,519,B,1.0,999,0.008333333333333333,plan every contrast at alpha/K = 0.05000/6,B,2000
B_0520,B_joint,normal,6,bh,-0.3,0.0,D3,2000,50,1000,0.05,0.008333333333333333,0.03233333333333333,0.003955242653042218,0.085,0.0062359842847781455,,,,,0.085,0.0062359842847781455,73.367,8.55297088735838,60.0,73.0,88.0,0.0,0.9030833333333333,-0.0032769342544144305,0.18885069640632332,0.000697839477999878,400520,"[0.0,0.0,0.0,0.0,0.0,0.0]",level,"[0.0305,0.0355,0.038,0.0355,0.029,0.0255]","[0.0038451105315712316,0.004137617067830226,0.004275277768753745,0.004137617067830226,0.003752265982043384,0.003524893615415932]",0.085,0.006615278769216339,999,0.0,0,6,1.0,0.0305,0.0038451105315712316,0.0355,0.004137617067830226,0.038,0.004275277768753745,0.0355,0.004137617067830226,0.029,0.003752265982043384,0.0255,0.003524893615415932,520,B,0.0,999,0.008333333333333333,BH: plan at alpha*r/K with r = 1 pre-declared expected rejections (r = 1 reduces to Bonferroni).,B,2000
B_0521,B_joint,normal,6,bh,-0.3,0.0,D4,2000,50,1000,0.05,0.008333333333333333,0.013749999999999998,0.002603933322879063,0.04,0.004381780460041329,,,,,0.04,0.004381780460041329,186.905,27.58303781311986,145.0,186.0,234.0,0.0,0.9923333333333333,0.005574685389140093,0.11823423253763393,0.000709225382999648,400521,"[0.0,0.0,0.0,0.0,0.0,0.0]",level,"[0.0155,0.0145,0.0115,0.0165,0.0115,0.013]","[0.0027622228367747597,0.0026729898989708138,0.0023840878758971955,0.0028484864401994267,0.0023840878758971955,0.0025328837320335094]",0.04,0.0019503703352041803,999,0.0,0,6,1.0,0.0155,0.0027622228367747597,0.0145,0.0026729898989708138,0.0115,0.0023840878758971955,0.0165,0.0028484864401994267,0.0115,0.0023840878758971955,0.013,0.0025328837320335094,521,B,0.0,999,0.008333333333333333,BH: plan at alpha*r/K with r = 1 pre-declared expected rejections (r = 1 reduces to Bonferroni).,B,2000
B_0522,B_joint,normal,6,bh,-0.3,0.5,D3,2000,50,1000,0.05,0.008333333333333333,0.7677499999999999,0.009442190887182912,,,0.5725,0.011062182198824967,0.891,0.006968464680257768,0.0,0.0,73.523,8.642422750594882,60.0,73.0,89.0,0.0,0.89975,-0.005825278004200737,0.19008205591772492,0.0008055515329997434,400522,"[0.5,0.5,0.5,0.5,0.5,0.5]",power,"[0.7725,0.7695,0.7685,0.7725,0.7555,0.768]","[0.009373999946660978,0.009417264730270675,0.009431536195127495,0.009373999946660978,0.00961040451802108,0.009438643970401681]",0.0,0.006715651029498181,999,0.0,6,0,1.0,0.7725,0.009373999946660978,0.7695,0.009417264730270675,0.7685,0.009431536195127495,0.7725,0.009373999946660978,0.7555,0.00961040451802108,0.768,0.009438643970401681,522,B,1.0,999,0.008333333333333333,BH: plan at alpha*r/K with r = 1 pre-declared expected rejections (r = 1 reduces to Bonferroni).,B,2000
B_0523,B_joint,normal,6,bh,-0.3,0.5,D4,2000,50,1000,0.05,0.008333333333333333,0.9809999999999999,0.0030527856131736574,,,0.943,0.005184158562389852,0.9965,0.0013205585939290896,0.0,0.0,187.0325,28.246388154063165,145.0,185.0,236.0,0.0,0.99125,0.0003561939727757905,0.120119695011771,0.0006601033219994861,400523,"[0.5,0.5,0.5,0.5,0.5,0.5]",power,"[0.978,0.9805,0.984,0.978,0.9815,0.984]","[0.0032799390238234627,0.003091904752737377,0.00280570846668003,0.0032799390238234627,0.003013117156700015,0.00280570846668003]",0.0,0.0020824789914906747,999,0.0,6,0,1.0,0.978,0.0032799390238234627,0.9805,0.003091904752737377,0.984,0.00280570846668003,0.978,0.0032799390238234627,0.9815,0.003013117156700015,0.984,0.00280570846668003,523,B,1.0,999,0.008333333333333333,BH: plan at alpha*r/K with r = 1 pre-declared expected rejections (r = 1 reduces to Bonferroni).,B,2000
B_0524,B_joint,empirical_copula,6,bh,-0.3,0.0,D3,2000,50,1000,0.05,0.008333333333333333,0.024916666666666667,0.003485385659355998,0.0845,0.006219314672855845,,,,,0.0845,0.006219314672855845,79.9755,11.581662218783622,63.0,79.0,100.04999999999995,0.0,0.91325,-0.003923972942385777,0.17508258112117114,0.0012711328370005504,400524,"[0.0,0.0,0.0,0.0,0.0,0.0]",level,"[0.0225,0.025,0.029,0.023,0.024,0.026]","[0.0033161536454151216,0.0034910600109422352,0.003752265982043384,0.003351939736928455,0.00342227994179319,0.003558370413546066]",0.0845,0.00629382385756068,999,0.0,0,6,1.0,0.0225,0.0033161536454151216,0.025,0.0034910600109422352,0.029,0.003752265982043384,0.023,0.003351939736928455,0.024,0.00342227994179319,0.026,0.003558370413546066,524,B,0.0,999,0.008333333333333333,BH: plan at alpha*r/K with r = 1 pre-declared expected rejections (r = 1 reduces to Bonferroni).,B,2000
B_0525,B_joint,empirical_copula,6,bh,-0.3,0.0,D4,2000,50,1000,0.05,0.008333333333333333,0.014166666666666666,0.0026425340321576014,0.0495,0.004850244839180801,,,,,0.0495,0.004850244839180801,188.652,31.3538976205511,142.0,186.0,246.0,0.0,0.9905,-0.0002871572287773667,0.11761071353707984,0.001140810724000403,400525,"[0.0,0.0,0.0,0.0,0.0,0.0]",level,"[0.012,0.015,0.015,0.016,0.0125,0.0145]","[0.002434748446965312,0.0027179955849853765,0.0027179955849853765,0.0028057084666800293,0.002484325864293974,0.0026729898989708138]",0.0495,0.0021690723823791537,999,0.0,0,6,1.0,0.012,0.002434748446965312,0.015,0.0027179955849853765,0.015,0.0027179955849853765,0.016,0.0028057084666800293,0.0125,0.002484325864293974,0.0145,0.0026729898989708138,525,B,0.0,999,0.008333333333333333,BH: plan at alpha*r/K with r = 1 pre-declared expected rejections (r = 1 reduces to Bonferroni).,B,2000
B_0526,B_joint,empirical_copula,6,bh,-0.3,0.5,D3,2000,50,1000,0.05,0.008333333333333333,0.8125,0.008727650027355588,,,0.5295,0.011160863541859115,0.966,0.004052406692324946,0.0,0.0,79.9055,11.609245012058278,62.0,79.0,101.0,0.0,0.9081666666666667,-7.037681480961621e-05,0.177866743497061,0.0011161492094997811,400526,"[0.5,0.5,0.5,0.5,0.5,0.5]",power,"[0.82,0.809,0.8125,0.812,0.8225,0.799]","[0.008590692637965813,0.008789738335126933,0.008727650027355588,0.008736589723685094,0.008543820866567839,0.008960998828255698]",0.0,0.006457552640986452,999,0.0,6,0,1.0,0.82,0.008590692637965813,0.809,0.008789738335126933,0.8125,0.008727650027355588,0.812,0.008736589723685094,0.8225,0.008543820866567839,0.799,0.008960998828255698,526,B,1.0,999,0.008333333333333333,BH: plan at alpha*r/K with r = 1 pre-declared expected rejections (r = 1 reduces to Bonferroni).,B,2000
B_0527,B_joint,empirical_copula,6,bh,-0.3,0.5,D4,2000,50,1000,0.05,0.008333333333333333,0.9825833333333334,0.002925177463752316,,,0.931,0.0056674068144081545,0.997,0.0012229063741758816,0.0,0.0,187.111,31.387492397450295,141.0,185.0,244.0,0.0,0.9901666666666666,-0.0004503389346327209,0.11858848315140098,0.0010709066785002505,400527,"[0.5,0.5,0.5,0.5,0.5,0.5]",power,"[0.9815,0.9835,0.9865,0.9805,0.9845,0.979]","[0.003013117156700015,0.002848486440199423,0.0025804796065847873,0.003091904752737377,0.0027622228367747558,0.00320616593457045]",0.0,0.0022064268500098655,999,0.0,6,0,1.0,0.9815,0.003013117156700015,0.9835,0.002848486440199423,0.9865,0.0025804796065847873,0.9805,0.003091904752737377,0.9845,0.0027622228367747558,0.979,0.00320616593457045,527,B,1.0,999,0.008333333333333333,BH: plan at alpha*r/K with r = 1 pre-declared expected rejections (r = 1 reduces to Bonferroni).,B,2000
B_0528,B_joint,normal,6,bh,0.0,0.0,D3,2000,50,1000,0.05,0.008333333333333333,0.014666666666666666,0.002688080686619689,0.052,0.004964675215963275,,,,,0.052,0.004964675215963275,73.6325,7.859099423598101,61.0,73.0,87.0,0.0,0.93825,0.0007579099602813752,0.16864769303764546,0.0007007366444995569,400528,"[0.0,0.0,0.0,0.0,0.0,0.0]",level,"[0.014,0.0155,0.011,0.0165,0.013,0.018]","[0.002627165773224065,0.0027622228367747597,0.002332273568859365,0.0028484864401994267,0.0025328837320335094,0.0029728773940409987]",0.052,0.005382236407851292,999,0.0,0,6,1.0,0.014,0.002627165773224065,0.0155,0.0027622228367747597,0.011,0.002332273568859365,0.0165,0.0028484864401994267,0.013,0.0025328837320335094,0.018,0.0029728773940409987,528,B,0.0,999,0.008333333333333333,BH: plan at alpha*r/K with r = 1 pre-declared expected rejections (r = 1 reduces to Bonferroni).,B,2000
B_0529,B_joint,normal,6,bh,0.0,0.0,D4,2000,50,1000,0.05,0.008333333333333333,0.012249999999999999,0.0024596684227757206,0.0425,0.0045107510461119445,,,,,0.0425,0.0045107510461119445,148.3545,20.1575749967599,118.0,147.0,184.04999999999995,0.0,0.99225,0.0014503727129855663,0.11623985083234713,0.0006711317690005672,400529,"[0.0,0.0,0.0,0.0,0.0,0.0]",level,"[0.011,0.014,0.014,0.0105,0.0115,0.0125]","[0.002332273568859365,0.002627165773224065,0.002627165773224065,0.002279226842593778,0.0023840878758971955,0.002484325864293974]",0.0425,0.0019608591866832298,999,0.0,0,6,1.0,0.011,0.002332273568859365,0.014,0.002627165773224065,0.014,0.002627165773224065,0.0105,0.002279226842593778,0.0115,0.0023840878758971955,0.0125,0.002484325864293974,529,B,0.0,999,0.008333333333333333,BH: plan at alpha*r/K with r = 1 pre-declared expected rejections (r = 1 reduces to Bonferroni).,B,2000
B_0530,B_joint,normal,6,bh,0.0,0.5,D3,2000,50,1000,0.05,0.008333333333333333,0.8200833333333333,0.008589140228283103,,,0.58,0.011036303729057116,0.948,0.0049646752159632785,0.0,0.0,73.421,7.8352255232379875,61.0,73.0,87.0,0.0,0.9378333333333333,0.0005444502978687978,0.16749984307096816,0.0007845571235011448,400530,"[0.5,0.5,0.5,0.5,0.5,0.5]",power,"[0.8225,0.819,0.833,0.8175,0.8145,0.814]","[0.008543820866567839,0.008609268261588787,0.008339994004794009,0.008636948245763661,0.008691655480977141,0.008700689627839854]",0.0,0.005399165316149444,999,0.0,6,0,1.0,0.8225,0.008543820866567839,0.819,0.008609268261588787,0.833,0.008339994004794009,0.8175,0.008636948245763661,0.8145,0.008691655480977141,0.814,0.008700689627839854,530,B,1.0,999,0.008333333333333333,BH: plan at alpha*r/K with r = 1 pre-declared expected rejections (r = 1 reduces to Bonferroni).,B,2000
B_0531,B_joint,normal,6,bh,0.0,0.5,D4,2000,50,1000,0.05,0.008333333333333333,0.9814166666666667,0.003019767628109447,,,0.933,0.0055906618570612885,0.9995,0.000499874984371065,0.0,0.0,148.6175,20.158675396711956,118.0,147.0,185.0,0.0,0.9903333333333333,-0.002726484123210135,0.11805235155680506,0.0006217882609998923,400531,"[0.5,0.5,0.5,0.5,0.5,0.5]",power,"[0.9805,0.9795,0.9845,0.9795,0.9885,0.976]","[0.003091904752737377,0.0031685761786644775,0.0027622228367747558,0.0031685761786644775,0.0023840878758971907,0.0034222799417931915]",0.0,0.0021878325144103544,999,0.0,6,0,1.0,0.9805,0.003091904752737377,0.9795,0.0031685761786644775,0.9845,0.0027622228367747558,0.9795,0.0031685761786644775,0.9885,0.0023840878758971907,0.976,0.0034222799417931915,531,B,1.0,999,0.008333333333333333,BH: plan at alpha*r/K with r = 1 pre-declared expected rejections (r = 1 reduces to Bonferroni).,B,2000
B_0532,B_joint,empirical_copula,6,bh,0.0,0.0,D3,2000,50,1000,0.05,0.008333333333333333,0.009333333333333334,0.0021501421141662037,0.0465,0.004708383480558906,,,,,0.0465,0.004708383480558906,80.022,11.341010360633659,64.0,79.0,100.0,0.0,0.9415833333333333,-0.001549500453949908,0.15877758823788798,0.0011401041259996418,400532,"[0.0,0.0,0.0,0.0,0.0,0.0]",level,"[0.0105,0.0075,0.0105,0.0085,0.0115,0.0075]","[0.002279226842593778,0.0019292161620720473,0.002279226842593778,0.0020527725154044713,0.0023840878758971955,0.0019292161620720473]",0.0465,0.005244242544077373,999,0.0,0,6,1.0,0.0105,0.002279226842593778,0.0075,0.0019292161620720473,0.0105,0.002279226842593778,0.0085,0.0020527725154044713,0.0115,0.0023840878758971955,0.0075,0.0019292161620720473,532,B,0.0,999,0.008333333333333333,BH: plan at alpha*r/K with r = 1 pre-declared expected rejections (r = 1 reduces to Bonferroni).,B,2000
B_0533,B_joint,empirical_copula,6,bh,0.0,0.0,D4,2000,50,1000,0.05,0.008333333333333333,0.01,0.0022248595461286987,0.0485,0.004803527349771208,,,,,0.0485,0.004803527349771208,156.069,24.79076922969515,120.0,154.0,200.04999999999995,0.0,0.9916666666666667,-0.0018396270741622776,0.11418348028552286,0.0011543781494983705,400533,"[0.0,0.0,0.0,0.0,0.0,0.0]",level,"[0.0065,0.0095,0.013,0.0125,0.0105,0.008]","[0.0017969070649312946,0.002169072382379159,0.0025328837320335094,0.002484325864293974,0.002279226842593778,0.0019919839356781974]",0.0485,0.0020327184862750747,999,0.0,0,6,1.0,0.0065,0.0017969070649312946,0.0095,0.002169072382379159,0.013,0.0025328837320335094,0.0125,0.002484325864293974,0.0105,0.002279226842593778,0.008,0.0019919839356781974,533,B,0.0,999,0.008333333333333333,BH: plan at alpha*r/K with r = 1 pre-declared expected rejections (r = 1 reduces to Bonferroni).,B,2000
B_0534,B_joint,empirical_copula,6,bh,0.0,0.5,D3,2000,50,1000,0.05,0.008333333333333333,0.8470833333333333,0.008047768626216284,,,0.525,0.011166355717063647,0.9885,0.0023840878758971907,0.0,0.0,80.269,11.167526091305987,63.0,80.0,99.0,0.0,0.9370833333333334,-0.0006435673854644209,0.1591738003175293,0.0012329987330012954,400534,"[0.5,0.5,0.5,0.5,0.5,0.5]",power,"[0.8475,0.835,0.8525,0.853,0.838,0.8565]","[0.008038773227302782,0.008299849396224006,0.007929178709046731,0.007918049002121673,0.008238810593768981,0.007839252196478946]",0.0,0.005429464049159096,999,0.0,6,0,1.0,0.8475,0.008038773227302782,0.835,0.008299849396224006,0.8525,0.007929178709046731,0.853,0.007918049002121673,0.838,0.008238810593768981,0.8565,0.007839252196478946,534,B,1.0,999,0.008333333333333333,BH: plan at alpha*r/K with r = 1 pre-declared expected rejections (r = 1 reduces to Bonferroni).,B,2000
B_0535,B_joint,empirical_copula,6,bh,0.0,0.5,D4,2000,50,1000,0.05,0.008333333333333333,0.9845833333333335,0.0027549040868563297,,,0.922,0.005996498978570745,1.0,0.0,0.0,0.0,155.3685,24.68930350880721,118.0,153.0,200.0,0.0,0.9924166666666666,-0.0005279836591530686,0.11362008090283425,0.0012657691080003133,400535,"[0.5,0.5,0.5,0.5,0.5,0.5]",power,"[0.9825,0.984,0.9845,0.986,0.988,0.9825]","[0.002932042803234629,0.00280570846668003,0.0027622228367747558,0.0026271657732240663,0.0024347484469653133,0.002932042803234629]",0.0,0.0019398229801825915,999,0.0,6,0,1.0,0.9825,0.002932042803234629,0.984,0.00280570846668003,0.9845,0.0027622228367747558,0.986,0.0026271657732240663,0.988,0.0024347484469653133,0.9825,0.002932042803234629,535,B,1.0,999,0.008333333333333333,BH: plan at alpha*r/K with r = 1 pre-declared expected rejections (r = 1 reduces to Bonferroni).,B,2000
B_0536,B_joint,normal,6,bh,0.3,0.0,D3,2000,50,1000,0.05,0.008333333333333333,0.0025,0.001116635571706365,0.011,0.002332273568859365,,,,,0.011,0.002332273568859365,73.6175,8.377720080666338,61.0,73.0,88.0,0.0,0.97875,-0.0025193489956284415,0.13810231478210033,0.0007275669694990939,400536,"[0.0,0.0,0.0,0.0,0.0,0.0]",level,"[0.0025,0.0035,0.003,0.0025,0.0015,0.002]","[0.001116635571706365,0.0013205585939290994,0.0012229063741758812,0.001116635571706365,0.0008653756409791069,0.0009989994994993741]",0.011,0.003224781969374053,999,0.0,0,6,1.0,0.0025,0.001116635571706365,0.0035,0.0013205585939290994,0.003,0.0012229063741758812,0.0025,0.001116635571706365,0.0015,0.0008653756409791069,0.002,0.0009989994994993741,536,B,0.0,999,0.008333333333333333,BH: plan at alpha*r/K with r = 1 pre-declared expected rejections (r = 1 reduces to Bonferroni).,B,2000
B_0537,B_joint,normal,6,bh,0.3,0.0,D4,2000,50,1000,0.05,0.008333333333333333,0.011166666666666667,0.0023496778739033808,0.049,0.0048269555622566076,,,,,0.049,0.0048269555622566076,106.3755,13.109328729954102,87.0,105.0,130.0,0.0,0.9916666666666667,0.0010071524730833649,0.11459083841725862,0.0008438352575012686,400537,"[0.0,0.0,0.0,0.0,0.0,0.0]",level,"[0.014,0.0095,0.0135,0.011,0.0095,0.0095]","[0.002627165773224065,0.002169072382379159,0.0025804796065847916,0.002332273568859365,0.002169072382379159,0.002169072382379159]",0.049,0.0020327184862750747,999,0.0,0,6,1.0,0.014,0.002627165773224065,0.0095,0.002169072382379159,0.0135,0.0025804796065847916,0.011,0.002332273568859365,0.0095,0.002169072382379159,0.0095,0.002169072382379159,537,B,0.0,999,0.008333333333333333,BH: plan at alpha*r/K with r = 1 pre-declared expected rejections (r = 1 reduces to Bonferroni).,B,2000
B_0538,B_joint,normal,6,bh,0.3,0.5,D3,2000,50,1000,0.05,0.008333333333333333,0.8658333333333333,0.007621219463518362,,,0.62,0.010853570840972108,0.9755,0.0034568591235397466,0.0,0.0,73.54,8.368237568329427,61.0,73.0,88.04999999999995,0.0,0.9744166666666667,0.0015685773518641817,0.14093996455286908,0.000994075727499876,400538,"[0.5,0.5,0.5,0.5,0.5,0.5]",power,"[0.874,0.8615,0.865,0.8635,0.8715,0.8595]","[0.007420377348895405,0.007723915781519111,0.007641171376170017,0.007676840170278393,0.007482905518580331,0.007770448828735698]",0.0,0.003530497584540234,999,0.0,6,0,1.0,0.874,0.007420377348895405,0.8615,0.007723915781519111,0.865,0.007641171376170017,0.8635,0.007676840170278393,0.8715,0.007482905518580331,0.8595,0.007770448828735698,538,B,1.0,999,0.008333333333333333,BH: plan at alpha*r/K with r = 1 pre-declared expected rejections (r = 1 reduces to Bonferroni).,B,2000
B_0539,B_joint,normal,6,bh,0.3,0.5,D4,2000,50,1000,0.05,0.008333333333333333,0.9889999999999999,0.0023322735688593777,,,0.95,0.004873397172404485,0.999,0.0007067531393633852,0.0,0.0,106.36,13.468162458182633,86.0,105.0,130.0,0.0,0.99375,-0.001690714040904085,0.11271545094658943,0.0010948212020011853,400539,"[0.5,0.5,0.5,0.5,0.5,0.5]",power,"[0.9925,0.987,0.9855,0.991,0.9885,0.9895]","[0.0019292161620720412,0.0025328837320335107,0.00267298989897081,0.002111752826445369,0.0023840878758971907,0.0022792268425937726]",0.0,0.0017622340224839575,999,0.0,6,0,1.0,0.9925,0.0019292161620720412,0.987,0.0025328837320335107,0.9855,0.00267298989897081,0.991,0.002111752826445369,0.9885,0.0023840878758971907,0.9895,0.0022792268425937726,539,B,1.0,999,0.008333333333333333,BH: plan at alpha*r/K with r = 1 pre-declared expected rejections (r = 1 reduces to Bonferroni).,B,2000
B_0540,B_joint,empirical_copula,6,bh,0.3,0.0,D3,2000,50,1000,0.05,0.008333333333333333,0.0031666666666666666,0.0012563118420378138,0.0185,0.003013117156700018,,,,,0.0185,0.003013117156700018,80.1895,12.523122204546276,62.0,79.0,103.0,0.0,0.96725,-0.0022951091547413743,0.13635593474759514,0.002129752851500598,400540,"[0.0,0.0,0.0,0.0,0.0,0.0]",level,"[0.002,0.0015,0.0025,0.0035,0.0045,0.005]","[0.0009989994994993741,0.0008653756409791069,0.001116635571706365,0.0013205585939290994,0.0014966211945579282,0.0015771810295587506]",0.0185,0.00397978878208379,999,0.0,0,6,1.0,0.002,0.0009989994994993741,0.0015,0.0008653756409791069,0.0025,0.001116635571706365,0.0035,0.0013205585939290994,0.0045,0.0014966211945579282,0.005,0.0015771810295587506,540,B,0.0,999,0.008333333333333333,BH: plan at alpha*r/K with r = 1 pre-declared expected rejections (r = 1 reduces to Bonferroni).,B,2000
B_0541,B_joint,empirical_copula,6,bh,0.3,0.0,D4,2000,50,1000,0.05,0.008333333333333333,0.010416666666666666,0.0022702598664274343,0.059,0.0052687284993630104,,,,,0.059,0.0052687284993630104,119.452,19.041000393886872,92.0,118.0,153.0,0.0,0.9900833333333333,-0.0011251334195281283,0.11315854368459138,0.0020688050245007616,400541,"[0.0,0.0,0.0,0.0,0.0,0.0]",level,"[0.0105,0.0075,0.0125,0.012,0.0095,0.0105]","[0.002279226842593778,0.0019292161620720473,0.002484325864293974,0.002434748446965312,0.002169072382379159,0.002279226842593778]",0.059,0.002215663150039837,999,0.0,0,6,1.0,0.0105,0.002279226842593778,0.0075,0.0019292161620720473,0.0125,0.002484325864293974,0.012,0.002434748446965312,0.0095,0.002169072382379159,0.0105,0.002279226842593778,541,B,0.0,999,0.008333333333333333,BH: plan at alpha*r/K with r = 1 pre-declared expected rejections (r = 1 reduces to Bonferroni).,B,2000
B_0542,B_joint,empirical_copula,6,bh,0.3,0.5,D3,2000,50,1000,0.05,0.008333333333333333,0.8838333333333334,0.007164913545264248,,,0.5485,0.011127617669564317,0.999,0.0007067531393633852,0.0,0.0,80.4,12.228123322897918,62.0,80.0,102.0,0.0,0.9689166666666666,-0.001324269992533295,0.13667868455925966,0.001969382647001112,400542,"[0.5,0.5,0.5,0.5,0.5,0.5]",power,"[0.8755,0.8895,0.879,0.888,0.883,0.888]","[0.007382403064043579,0.007010340576605391,0.007292427579345577,0.007051808278732484,0.007187176079657434,0.007051808278732484]",0.0,0.0038805386045124095,999,0.0,6,0,1.0,0.8755,0.007382403064043579,0.8895,0.007010340576605391,0.879,0.007292427579345577,0.888,0.007051808278732484,0.883,0.007187176079657434,0.888,0.007051808278732484,542,B,1.0,999,0.008333333333333333,BH: plan at alpha*r/K with r = 1 pre-declared expected rejections (r = 1 reduces to Bonferroni).,B,2000
B_0543,B_joint,empirical_copula,6,bh,0.3,0.5,D4,2000,50,1000,0.05,0.008333333333333333,0.9845,0.0027622228367747558,,,0.9155,0.006219314672855845,1.0,0.0,0.0,0.0,118.6125,19.40183866931173,90.0,117.0,154.0,0.0,0.99175,-0.0011609189289894094,0.11404309390982892,0.001864610355998593,400543,"[0.5,0.5,0.5,0.5,0.5,0.5]",power,"[0.98,0.985,0.988,0.9875,0.982,0.9845]","[0.003130495168499707,0.002717995584985378,0.0024347484469653133,0.0024843258642939696,0.002972877394041,0.0027622228367747558]",0.0,0.0020226143354579464,999,0.0,6,0,1.0,0.98,0.003130495168499707,0.985,0.002717995584985378,0.988,0.0024347484469653133,0.9875,0.0024843258642939696,0.982,0.002972877394041,0.9845,0.0027622228367747558,543,B,1.0,999,0.008333333333333333,BH: plan at alpha*r/K with r = 1 pre-declared expected rejections (r = 1 reduces to Bonferroni).,B,2000
B_0544,B_joint,normal,6,bh,0.6,0.0,D3,2000,50,1000,0.05,0.008333333333333333,0.00016666666666666666,0.0002886510773311689,0.001,0.0007067531393633848,,,,,0.001,0.0007067531393633848,72.951,10.073460130461628,58.0,72.0,91.0,0.0,0.9965833333333334,-0.000923047411292789,0.10577328876879394,0.0013669137175002107,400544,"[0.0,0.0,0.0,0.0,0.0,0.0]",level,"[0.0,0.0,0.0,0.0005,0.0,0.0005]","[0.0,0.0,0.0,0.0004998749843710925,0.0,0.0004998749843710925]",0.001,0.0013047975045108555,999,0.0,0,6,1.0,0.0,0.0,0.0,0.0,0.0,0.0,0.0005,0.0004998749843710925,0.0,0.0,0.0005,0.0004998749843710925,544,B,0.0,999,0.008333333333333333,BH: plan at alpha*r/K with r = 1 pre-declared expected rejections (r = 1 reduces to Bonferroni).,B,2000
B_0545,B_joint,normal,6,bh,0.6,0.0,D4,2000,50,1000,0.05,0.008333333333333333,0.008666666666666668,0.0020726258171164854,0.0445,0.004610843198374892,,,,,0.0445,0.004610843198374892,63.318,7.60965675967057,52.0,63.0,77.0,0.0,0.9928333333333333,-3.8218802274711934e-05,0.11308806315601465,0.0008405107175003649,400545,"[0.0,0.0,0.0,0.0,0.0,0.0]",level,"[0.0065,0.0085,0.011,0.0075,0.0085,0.01]","[0.0017969070649312946,0.0020527725154044713,0.002332273568859365,0.0019292161620720473,0.0020527725154044713,0.0022248595461286987]",0.0445,0.0018861741112044168,999,0.0,0,6,1.0,0.0065,0.0017969070649312946,0.0085,0.0020527725154044713,0.011,0.002332273568859365,0.0075,0.0019292161620720473,0.0085,0.0020527725154044713,0.01,0.0022248595461286987,545,B,0.0,999,0.008333333333333333,BH: plan at alpha*r/K with r = 1 pre-declared expected rejections (r = 1 reduces to Bonferroni).,B,2000
B_0546,B_joint,normal,6,bh,0.6,0.5,D3,2000,50,1000,0.05,0.008333333333333333,0.9394166666666668,0.00533446309648663,,,0.754,0.009630264793867301,0.999,0.0007067531393633852,0.0,0.0,73.485,10.244890189748252,58.0,73.0,92.0,0.0,0.9968333333333333,0.0008026759722389831,0.1063857288592888,0.0008367649735009764,400546,"[0.5,0.5,0.5,0.5,0.5,0.5]",power,"[0.941,0.938,0.933,0.9465,0.941,0.937]","[0.005268728499363013,0.005392402062161169,0.0055906618570612885,0.005031786462082825,0.005268728499363013,0.00543281694887652]",0.0,0.0012563118420378105,999,0.0,6,0,1.0,0.941,0.005268728499363013,0.938,0.005392402062161169,0.933,0.0055906618570612885,0.9465,0.005031786462082825,0.941,0.005268728499363013,0.937,0.00543281694887652,546,B,1.0,999,0.008333333333333333,BH: plan at alpha*r/K with r = 1 pre-declared expected rejections (r = 1 reduces to Bonferroni).,B,2000
B_0547,B_joint,normal,6,bh,0.6,0.5,D4,2000,50,1000,0.05,0.008333333333333333,0.9879166666666667,0.0024430847702125373,,,0.9385,0.005372045699731156,1.0,0.0,0.0,0.0,62.8755,7.433034356842432,52.0,62.0,76.0,0.0,0.9905833333333334,-0.000969319553961158,0.115046628253197,0.0008796637084997201,400547,"[0.5,0.5,0.5,0.5,0.5,0.5]",power,"[0.9905,0.9865,0.9855,0.986,0.988,0.991]","[0.0021690723823791537,0.0025804796065847873,0.00267298989897081,0.0026271657732240663,0.0024347484469653133,0.002111752826445369]",0.0,0.0021596287939777427,999,0.0,6,0,1.0,0.9905,0.0021690723823791537,0.9865,0.0025804796065847873,0.9855,0.00267298989897081,0.986,0.0026271657732240663,0.988,0.0024347484469653133,0.991,0.002111752826445369,547,B,1.0,999,0.008333333333333333,BH: plan at alpha*r/K with r = 1 pre-declared expected rejections (r = 1 reduces to Bonferroni).,B,2000
B_0548,B_joint,empirical_copula,6,bh,0.6,0.0,D3,2000,50,1000,0.05,0.008333333333333333,0.0005,0.0004998749843710925,0.003,0.0012229063741758812,,,,,0.003,0.0012229063741758812,78.92,14.140530400236054,58.0,77.0,105.0,0.0,0.9908333333333333,6.0287658323538865e-05,0.11011169289596567,0.0012520219399993948,400548,"[0.0,0.0,0.0,0.0,0.0,0.0]",level,"[0.001,0.0005,0.0005,0.0,0.0005,0.0005]","[0.0007067531393633848,0.0004998749843710925,0.0004998749843710925,0.0,0.0004998749843710925,0.0004998749843710925]",0.003,0.002131037175753731,999,0.0,0,6,1.0,0.001,0.0007067531393633848,0.0005,0.0004998749843710925,0.0005,0.0004998749843710925,0.0,0.0,0.0005,0.0004998749843710925,0.0005,0.0004998749843710925,548,B,0.0,999,0.008333333333333333,BH: plan at alpha*r/K with r = 1 pre-declared expected rejections (r = 1 reduces to Bonferroni).,B,2000
B_0549,B_joint,empirical_copula,6,bh,0.6,0.0,D4,2000,50,1000,0.05,0.008333333333333333,0.008916666666666665,0.0021020418314370223,0.0495,0.004850244839180801,,,,,0.0495,0.004850244839180801,77.9575,12.644591482131796,60.0,77.0,101.0,0.0,0.9918333333333333,-0.0014392255489480857,0.11069035992462159,0.0012288209729995286,400549,"[0.0,0.0,0.0,0.0,0.0,0.0]",level,"[0.0095,0.0125,0.008,0.006,0.0055,0.012]","[0.002169072382379159,0.002484325864293974,0.0019919839356781974,0.0017268468374467957,0.0016537457482938543,0.002434748446965312]",0.0495,0.0020124577290246636,999,0.0,0,6,1.0,0.0095,0.002169072382379159,0.0125,0.002484325864293974,0.008,0.0019919839356781974,0.006,0.0017268468374467957,0.0055,0.0016537457482938543,0.012,0.002434748446965312,549,B,0.0,999,0.008333333333333333,BH: plan at alpha*r/K with r = 1 pre-declared expected rejections (r = 1 reduces to Bonferroni).,B,2000
B_0550,B_joint,empirical_copula,6,bh,0.6,0.5,D3,2000,50,1000,0.05,0.008333333333333333,0.9330833333333333,0.005587433506937195,,,0.694,0.010304465051617187,1.0,0.0,0.0,0.0,78.827,14.376789314725315,58.0,77.0,105.0,0.0,0.9930833333333333,0.002282402129526655,0.1089139275019558,0.0013984525649993883,400550,"[0.5,0.5,0.5,0.5,0.5,0.5]",power,"[0.938,0.9365,0.9295,0.931,0.932,0.9315]","[0.005392402062161169,0.005452877680637995,0.005724061058374553,0.0056674068144081545,0.005629209535982825,0.0056483515294287415]",0.0,0.0018532169852568403,999,0.0,6,0,1.0,0.938,0.005392402062161169,0.9365,0.005452877680637995,0.9295,0.005724061058374553,0.931,0.0056674068144081545,0.932,0.005629209535982825,0.9315,0.0056483515294287415,550,B,1.0,999,0.008333333333333333,BH: plan at alpha*r/K with r = 1 pre-declared expected rejections (r = 1 reduces to Bonferroni).,B,2000
B_0551,B_joint,empirical_copula,6,bh,0.6,0.5,D4,2000,50,1000,0.05,0.008333333333333333,0.9807500000000001,0.003072412529267504,,,0.8955,0.006840312492861713,1.0,0.0,0.0,0.0,77.9675,12.60577025611684,60.0,77.0,100.0,0.0,0.99175,-0.0013042255386608958,0.11108417282092631,0.0012767022704992996,400551,"[0.5,0.5,0.5,0.5,0.5,0.5]",power,"[0.9795,0.977,0.98,0.9785,0.988,0.9815]","[0.0031685761786644775,0.0033519397369284566,0.003130495168499707,0.003243281517229114,0.0024347484469653133,0.003013117156700015]",0.0,0.0020226143354579464,999,0.0,6,0,1.0,0.9795,0.0031685761786644775,0.977,0.0033519397369284566,0.98,0.003130495168499707,0.9785,0.003243281517229114,0.988,0.0024347484469653133,0.9815,0.003013117156700015,551,B,1.0,999,0.008333333333333333,BH: plan at alpha*r/K with r = 1 pre-declared expected rejections (r = 1 reduces to Bonferroni).,B,2000
B_0552,B_joint,normal,6,bh,0.9,0.0,D3,2000,50,1000,0.05,0.008333333333333333,0.0,0.0,0.0,0.0,,,,,0.0,0.0,69.9085,11.86002224913596,51.0,69.0,90.0,0.0,1.0,0.00017518586099813342,0.05447291635701029,0.000703892283998357,400552,"[0.0,0.0,0.0,0.0,0.0,0.0]",level,"[0.0,0.0,0.0,0.0,0.0,0.0]","[0.0,0.0,0.0,0.0,0.0,0.0]",0.0,0.0,999,0.0,0,6,1.0,0.0,0.0,0.0,0.0,0.0,0.0,0.0,0.0,0.0,0.0,0.0,0.0,552,B,0.0,999,0.008333333333333333,BH: plan at alpha*r/K with r = 1 pre-declared expected rejections (r = 1 reduces to Bonferroni).,B,2000
B_0553,B_joint,normal,6,bh,0.9,0.0,D4,2000,50,1000,0.05,0.008333333333333333,0.007083333333333333,0.001875254612342311,0.0395,0.00435544199823623,,,,,0.0395,0.00435544199823623,18.8695,1.8078909673982002,16.0,19.0,22.0,0.0,0.9934166666666666,-0.0017602293357035868,0.10315385344105749,0.0007836800434997713,400553,"[0.0,0.0,0.0,0.0,0.0,0.0]",level,"[0.0075,0.0055,0.0085,0.0065,0.007,0.0075]","[0.0019292161620720473,0.0016537457482938543,0.0020527725154044713,0.0017969070649312946,0.0018642692938521516,0.0019292161620720473]",0.0395,0.0018083131719306264,999,0.0,0,6,1.0,0.0075,0.0019292161620720473,0.0055,0.0016537457482938543,0.0085,0.0020527725154044713,0.0065,0.0017969070649312946,0.007,0.0018642692938521516,0.0075,0.0019292161620720473,553,B,0.0,999,0.008333333333333333,BH: plan at alpha*r/K with r = 1 pre-declared expected rejections (r = 1 reduces to Bonferroni).,B,2000
B_0554,B_joint,normal,6,bh,0.9,0.5,D3,2000,50,1000,0.05,0.008333333333333333,0.9979166666666668,0.0010195570252701507,,,0.988,0.0024347484469653133,1.0,0.0,0.0,0.0,69.92,12.162137969945908,52.0,69.0,92.0,0.0,1.0,-0.0010054914700645481,0.054490862652893324,0.0007756960369988519,400554,"[0.5,0.5,0.5,0.5,0.5,0.5]",power,"[0.9995,0.9965,0.9975,0.998,0.9975,0.9985]","[0.000499874984371065,0.0013205585939290896,0.001116635571706353,0.0009989994994993746,0.001116635571706353,0.0008653756409790912]",0.0,0.0,999,0.0,6,0,1.0,0.9995,0.000499874984371065,0.9965,0.0013205585939290896,0.9975,0.001116635571706353,0.998,0.0009989994994993746,0.9975,0.001116635571706353,0.9985,0.0008653756409790912,554,B,1.0,999,0.008333333333333333,BH: plan at alpha*r/K with r = 1 pre-declared expected rejections (r = 1 reduces to Bonferroni).,B,2000
B_0555,B_joint,normal,6,bh,0.9,0.5,D4,2000,50,1000,0.05,0.008333333333333333,0.9935833333333335,0.0017854261473882651,,,0.9645,0.0041376170678302255,1.0,0.0,0.0,0.0,18.8775,1.8178266556522928,16.0,19.0,22.0,0.0,0.9905833333333334,-0.00013308230207150225,0.10346245128634328,0.0008150886665007419,400555,"[0.5,0.5,0.5,0.5,0.5,0.5]",power,"[0.994,0.989,0.9945,0.9965,0.9945,0.993]","[0.0017268468374467964,0.0023322735688593665,0.0016537457482938467,0.0013205585939290896,0.0016537457482938467,0.0018642692938521525]",0.0,0.0021596287939777427,999,0.0,6,0,1.0,0.994,0.0017268468374467964,0.989,0.0023322735688593665,0.9945,0.0016537457482938467,0.9965,0.0013205585939290896,0.9945,0.0016537457482938467,0.993,0.0018642692938521525,555,B,1.0,999,0.008333333333333333,BH: plan at alpha*r/K with r = 1 pre-declared expected rejections (r = 1 reduces to Bonferroni).,B,2000
B_0556,B_joint,empirical_copula,6,bh,0.9,0.0,D3,2000,50,1000,0.05,0.008333333333333333,0.0,0.0,0.0,0.0,,,,,0.0,0.0,74.042,17.49380564657102,49.0,72.0,105.0,0.0,0.9995833333333334,0.0027406885043919325,0.07238602161752561,0.0011933239974987373,400556,"[0.0,0.0,0.0,0.0,0.0,0.0]",level,"[0.0,0.0,0.0,0.0,0.0,0.0]","[0.0,0.0,0.0,0.0,0.0,0.0]",0.0,0.0004563403639584766,999,0.0,0,6,1.0,0.0,0.0,0.0,0.0,0.0,0.0,0.0,0.0,0.0,0.0,0.0,0.0,556,B,0.0,999,0.008333333333333333,BH: plan at alpha*r/K with r = 1 pre-declared expected rejections (r = 1 reduces to Bonferroni).,B,2000
B_0557,B_joint,empirical_copula,6,bh,0.9,0.0,D4,2000,50,1000,0.05,0.008333333333333333,0.017833333333333336,0.0029593331643763565,0.086,0.0062691307212403855,,,,,0.086,0.0062691307212403855,33.205,5.142759473278913,25.0,33.0,42.0,0.0,0.985,0.0010814463267959037,0.10669710110120681,0.0011662275889993906,400557,"[0.0,0.0,0.0,0.0,0.0,0.0]",level,"[0.018,0.014,0.018,0.022,0.018,0.017]","[0.0029728773940409987,0.002627165773224065,0.0029728773940409987,0.003279939023823461,0.0029728773940409987,0.002890588175441116]",0.086,0.002717995584985378,999,0.0,0,6,1.0,0.018,0.0029728773940409987,0.014,0.002627165773224065,0.018,0.0029728773940409987,0.022,0.003279939023823461,0.018,0.0029728773940409987,0.017,0.002890588175441116,557,B,0.0,999,0.008333333333333333,BH: plan at alpha*r/K with r = 1 pre-declared expected rejections (r = 1 reduces to Bonferroni).,B,2000
B_0558,B_joint,empirical_copula,6,bh,0.9,0.5,D3,2000,50,1000,0.05,0.008333333333333333,0.9819166666666667,0.0029796246734185242,,,0.9145,0.006252589463574273,1.0,0.0,0.0,0.0,73.8765,17.614887105797752,49.0,72.0,107.0,0.0,0.9999166666666667,0.0034880177943323702,0.07322011262614489,0.0011723289430010482,400558,"[0.5,0.5,0.5,0.5,0.5,0.5]",power,"[0.9845,0.98,0.9855,0.9795,0.981,0.981]","[0.0027622228367747558,0.003130495168499707,0.00267298989897081,0.0031685761786644775,0.0030527856131736483,0.0030527856131736483]",0.0,0.0002041156398820038,999,0.0,6,0,1.0,0.9845,0.0027622228367747558,0.98,0.003130495168499707,0.9855,0.00267298989897081,0.9795,0.0031685761786644775,0.981,0.0030527856131736483,0.981,0.0030527856131736483,558,B,1.0,999,0.008333333333333333,BH: plan at alpha*r/K with r = 1 pre-declared expected rejections (r = 1 reduces to Bonferroni).,B,2000
B_0559,B_joint,empirical_copula,6,bh,0.9,0.5,D4,2000,50,1000,0.05,0.008333333333333333,0.9786666666666665,0.003230961329250353,,,0.9055,0.006541014829519959,1.0,0.0,0.0,0.0,33.3965,5.168973568320891,26.0,33.0,43.0,0.0,0.9841666666666666,0.0010038895880844186,0.10730088382500831,0.0012372322369992616,400559,"[0.5,0.5,0.5,0.5,0.5,0.5]",power,"[0.979,0.9795,0.978,0.981,0.978,0.9765]","[0.00320616593457045,0.0031685761786644775,0.0032799390238234627,0.0030527856131736483,0.0032799390238234627,0.0033873108803297025]",0.0,0.0027912935073983996,999,0.0,6,0,1.0,0.979,0.00320616593457045,0.9795,0.0031685761786644775,0.978,0.0032799390238234627,0.981,0.0030527856131736483,0.978,0.0032799390238234627,0.9765,0.0033873108803297025,559,B,1.0,999,0.008333333333333333,BH: plan at alpha*r/K with r = 1 pre-declared expected rejections (r = 1 reduces to Bonferroni).,B,2000
B_0560,B_joint,normal,6,romano_wolf,-0.3,0.0,D3,2000,50,1000,0.05,0.05,0.0165,0.0028484864401994267,0.0535,0.005031786462082826,,,,,,,73.957,8.488000412346832,61.0,74.0,88.0,0.0,0.7774166666666666,-0.002134785193145144,0.19133664312511117,0.048255124041499585,400560,"[0.0,0.0,0.0,0.0,0.0,0.0]",level,"[0.0145,0.017,0.018,0.0165,0.0155,0.0175]","[0.0026729898989708138,0.002890588175441116,0.0029728773940409987,0.0028484864401994267,0.0027622228367747597,0.002932042803234632]",,0.00930161257674054,999,0.0,0,6,1.0,0.0145,0.0026729898989708138,0.017,0.002890588175441116,0.018,0.0029728773940409987,0.0165,0.0028484864401994267,0.0155,0.0027622228367747597,0.0175,0.002932042803234632,560,B,0.0,999,0.05,Romano-Wolf power is planned by simulation from Sigma_D (§4.4); use this alpha at the stepdown.,B,2000
B_0561,B_joint,normal,6,romano_wolf,-0.3,0.0,D4,2000,50,1000,0.05,0.05,0.016749999999999998,0.002869619966127919,0.0575,0.005205465877325487,,,,,,,121.4505,17.998959685215144,95.0,120.0,154.0,0.0,0.948,-0.0033234374815000176,0.14936620416864935,0.05396288272050151,400561,"[0.0,0.0,0.0,0.0,0.0,0.0]",level,"[0.0195,0.0205,0.0185,0.013,0.0135,0.0155]","[0.0030919047527373806,0.00316857617866448,0.003013117156700018,0.0025328837320335094,0.0025804796065847916,0.0027622228367747597]",,0.0049646752159632785,999,0.0,0,6,1.0,0.0195,0.0030919047527373806,0.0205,0.00316857617866448,0.0185,0.003013117156700018,0.013,0.0025328837320335094,0.0135,0.0025804796065847916,0.0155,0.0027622228367747597,561,B,0.0,999,0.05,Romano-Wolf power is planned by simulation from Sigma_D (§4.4); use this alpha at the stepdown.,B,2000
B_0562,B_joint,normal,6,romano_wolf,-0.3,0.5,D3,2000,50,1000,0.05,0.05,0.6091666666666666,0.01091060582389651,,,0.42,0.011036303729057116,0.8225,0.008543820866567839,,,73.52,8.56046727696567,60.0,73.0,88.0,0.0,0.7770833333333333,-0.003453152880562161,0.1888232688507458,0.048944168647998595,400562,"[0.5,0.5,0.5,0.5,0.5,0.5]",power,"[0.602,0.6125,0.6075,0.6155,0.6125,0.605]","[0.010945227270367666,0.01089366214824014,0.010918877002695835,0.01087795362189047,0.01089366214824014,0.010931033802893484]",,0.009306579027464627,999,0.0,6,0,1.0,0.602,0.010945227270367666,0.6125,0.01089366214824014,0.6075,0.010918877002695835,0.6155,0.01087795362189047,0.6125,0.01089366214824014,0.605,0.010931033802893484,562,B,1.0,999,0.05,Romano-Wolf power is planned by simulation from Sigma_D (§4.4); use this alpha at the stepdown.,B,2000
B_0563,B_joint,normal,6,romano_wolf,-0.3,0.5,D4,2000,50,1000,0.05,0.05,0.86875,0.007550610488563159,,,0.7605,0.009543053756528882,0.96,0.004381780460041331,,,120.458,18.334563970817523,92.0,120.0,153.0,0.0,0.9538333333333333,0.005573203237158828,0.1449578891251335,0.051869031236499726,400563,"[0.5,0.5,0.5,0.5,0.5,0.5]",power,"[0.871,0.87,0.8725,0.8685,0.862,0.8685]","[0.007495298526409739,0.007519973404208289,0.007458007441669657,0.007556710593902613,0.007712198130234985,0.007556710593902613]",,0.004692297174921659,999,0.0,6,0,1.0,0.871,0.007495298526409739,0.87,0.007519973404208289,0.8725,0.007458007441669657,0.8685,0.007556710593902613,0.862,0.007712198130234985,0.8685,0.007556710593902613,563,B,1.0,999,0.05,Romano-Wolf power is planned by simulation from Sigma_D (§4.4); use this alpha at the stepdown.,B,2000
B_0564,B_joint,empirical_copula,6,romano_wolf,-0.3,0.0,D3,2000,50,1000,0.05,0.05,0.009500000000000001,0.002169072382379159,0.043,0.004536022486716748,,,,,,,79.8485,11.178307016270399,63.0,79.0,99.0,0.0,0.7926666666666666,-0.0029207479326380376,0.17568634495983984,0.05030984692549828,400564,"[0.0,0.0,0.0,0.0,0.0,0.0]",level,"[0.01,0.008,0.01,0.01,0.01,0.009]","[0.0022248595461286987,0.0019919839356781974,0.0022248595461286987,0.0022248595461286987,0.0022248595461286987,0.002111752826445368]",,0.009064938560801785,999,0.0,0,6,1.0,0.01,0.0022248595461286987,0.008,0.0019919839356781974,0.01,0.0022248595461286987,0.01,0.0022248595461286987,0.01,0.0022248595461286987,0.009,0.002111752826445368,564,B,0.0,999,0.05,Romano-Wolf power is planned by simulation from Sigma_D (§4.4); use this alpha at the stepdown.,B,2000
B_0565,B_joint,empirical_copula,6,romano_wolf,-0.3,0.0,D4,2000,50,1000,0.05,0.05,0.0095,0.002169072382379159,0.043,0.004536022486716748,,,,,,,121.551,19.85405245787368,92.0,121.0,156.0,0.0,0.95075,0.0025503903198009913,0.14493690942645238,0.05543787696150139,400565,"[0.0,0.0,0.0,0.0,0.0,0.0]",level,"[0.0115,0.0105,0.006,0.0085,0.0105,0.01]","[0.0023840878758971955,0.002279226842593778,0.0017268468374467957,0.0020527725154044713,0.002279226842593778,0.0022248595461286987]",,0.0048386174419972495,999,0.0,0,6,1.0,0.0115,0.0023840878758971955,0.0105,0.002279226842593778,0.006,0.0017268468374467957,0.0085,0.0020527725154044713,0.0105,0.002279226842593778,0.01,0.0022248595461286987,565,B,0.0,999,0.05,Romano-Wolf power is planned by simulation from Sigma_D (§4.4); use this alpha at the stepdown.,B,2000
B_0566,B_joint,empirical_copula,6,romano_wolf,-0.3,0.5,D3,2000,50,1000,0.05,0.05,0.6665833333333334,0.010541584156462338,,,0.369,0.010789786837560785,0.93,0.005705260730238364,,,79.796,11.525336611136353,63.0,78.0,102.0,0.0,0.7875833333333333,0.0003963759309276007,0.17619165643474685,0.04928293769599986,400566,"[0.5,0.5,0.5,0.5,0.5,0.5]",power,"[0.6645,0.6845,0.664,0.661,0.6655,0.66]","[0.010557929484515418,0.010391336535787877,0.01056181802532121,0.010584871279330704,0.010550112558641259,0.010592450141492288]",,0.009145923310111695,999,0.0,6,0,1.0,0.6645,0.010557929484515418,0.6845,0.010391336535787877,0.664,0.01056181802532121,0.661,0.010584871279330704,0.6655,0.010550112558641259,0.66,0.010592450141492288,566,B,1.0,999,0.05,Romano-Wolf power is planned by simulation from Sigma_D (§4.4); use this alpha at the stepdown.,B,2000
B_0567,B_joint,empirical_copula,6,romano_wolf,-0.3,0.5,D4,2000,50,1000,0.05,0.05,0.8706666666666667,0.007503539905345416,,,0.6915,0.010327820438020793,0.9855,0.00267298989897081,,,121.2785,20.183605667719533,92.0,119.0,158.04999999999995,0.0,0.95475,0.0016562024932216955,0.1425513558419726,0.05323911856400082,400567,"[0.5,0.5,0.5,0.5,0.5,0.5]",power,"[0.8665,0.866,0.868,0.88,0.869,0.8745]","[0.0076051873744175415,0.007617217339685143,0.007568883669339885,0.0072663608498339805,0.00754450130890041,0.007407757757918383]",,0.004647711130223134,999,0.0,6,0,1.0,0.8665,0.0076051873744175415,0.866,0.007617217339685143,0.868,0.007568883669339885,0.88,0.0072663608498339805,0.869,0.00754450130890041,0.8745,0.007407757757918383,567,B,1.0,999,0.05,Romano-Wolf power is planned by simulation from Sigma_D (§4.4); use this alpha at the stepdown.,B,2000
B_0568,B_joint,normal,6,romano_wolf,0.0,0.0,D3,2000,50,1000,0.05,0.05,0.011750000000000002,0.002409557791379987,0.052,0.004964675215963275,,,,,,,73.6845,8.070747161818415,61.0,73.0,88.0,0.0,0.832,-0.006499894982154711,0.16833798331203767,0.048925749852500304,400568,"[0.0,0.0,0.0,0.0,0.0,0.0]",level,"[0.0095,0.0135,0.016,0.0095,0.0095,0.0125]","[0.002169072382379159,0.0025804796065847916,0.0028057084666800293,0.002169072382379159,0.002169072382379159,0.002484325864293974]",,0.008359904305672405,999,0.0,0,6,1.0,0.0095,0.002169072382379159,0.0135,0.0025804796065847916,0.016,0.0028057084666800293,0.0095,0.002169072382379159,0.0095,0.002169072382379159,0.0125,0.002484325864293974,568,B,0.0,999,0.05,Romano-Wolf power is planned by simulation from Sigma_D (§4.4); use this alpha at the stepdown.,B,2000
B_0569,B_joint,normal,6,romano_wolf,0.0,0.0,D4,2000,50,1000,0.05,0.05,0.011499999999999998,0.002384087875897195,0.054,0.005053909377897471,,,,,,,96.1805,13.013950966174722,77.0,95.0,118.0,0.0,0.949,0.004113725341368527,0.14717306225018326,0.048535437068499956,400569,"[0.0,0.0,0.0,0.0,0.0,0.0]",level,"[0.014,0.0105,0.013,0.0075,0.0125,0.0115]","[0.002627165773224065,0.002279226842593778,0.0025328837320335094,0.0019292161620720473,0.002484325864293974,0.0023840878758971955]",,0.004919298730510276,999,0.0,0,6,1.0,0.014,0.002627165773224065,0.0105,0.002279226842593778,0.013,0.0025328837320335094,0.0075,0.0019292161620720473,0.0125,0.002484325864293974,0.0115,0.0023840878758971955,569,B,0.0,999,0.05,Romano-Wolf power is planned by simulation from Sigma_D (§4.4); use this alpha at the stepdown.,B,2000
B_0570,B_joint,normal,6,romano_wolf,0.0,0.5,D3,2000,50,1000,0.05,0.05,0.7488333333333334,0.00969747318176808,,,0.527,0.011164027051203344,0.942,0.005226662414964259,,,73.397,8.019438321977418,61.0,73.0,87.0,0.0,0.8355,-0.0008350019744795987,0.16615239660228098,0.0457473319945002,400570,"[0.5,0.5,0.5,0.5,0.5,0.5]",power,"[0.7465,0.744,0.751,0.757,0.748,0.7465]","[0.009727223396221554,0.00975868843646522,0.009669513948487793,0.009590385810800314,0.009708140913686821,0.009727223396221554]",,0.008289745170992895,999,0.0,6,0,1.0,0.7465,0.009727223396221554,0.744,0.00975868843646522,0.751,0.009669513948487793,0.757,0.009590385810800314,0.748,0.009708140913686821,0.7465,0.009727223396221554,570,B,1.0,999,0.05,Romano-Wolf power is planned by simulation from Sigma_D (§4.4); use this alpha at the stepdown.,B,2000
B_0571,B_joint,normal,6,romano_wolf,0.0,0.5,D4,2000,50,1000,0.05,0.05,0.8730833333333333,0.007443414081887722,,,0.72,0.010039920318408906,0.9785,0.003243281517229114,,,95.6705,13.234459934202077,76.0,95.0,119.0,0.0,0.9541666666666667,0.0014812951300479536,0.14258618576354337,0.049239080488501716,400571,"[0.5,0.5,0.5,0.5,0.5,0.5]",power,"[0.8795,0.869,0.875,0.869,0.873,0.873]","[0.007279414468211026,0.00754450130890041,0.00739509972887452,0.00754450130890041,0.007445501997850783,0.007445501997850783]",,0.004676143650963304,999,0.0,6,0,1.0,0.8795,0.007279414468211026,0.869,0.00754450130890041,0.875,0.00739509972887452,0.869,0.00754450130890041,0.873,0.007445501997850783,0.873,0.007445501997850783,571,B,1.0,999,0.05,Romano-Wolf power is planned by simulation from Sigma_D (§4.4); use this alpha at the stepdown.,B,2000
B_0572,B_joint,empirical_copula,6,romano_wolf,0.0,0.0,D3,2000,50,1000,0.05,0.05,0.01,0.0022248595461286987,0.054,0.005053909377897471,,,,,,,80.1535,11.008539310462584,64.0,79.0,99.0,0.0,0.83475,-0.00265351033481434,0.15953839709695838,0.04812943488649944,400572,"[0.0,0.0,0.0,0.0,0.0,0.0]",level,"[0.006,0.011,0.0065,0.012,0.0145,0.01]","[0.0017268468374467957,0.002332273568859365,0.0017969070649312946,0.002434748446965312,0.0026729898989708138,0.0022248595461286987]",,0.008304891254555956,999,0.0,0,6,1.0,0.006,0.0017268468374467957,0.011,0.002332273568859365,0.0065,0.0017969070649312946,0.012,0.002434748446965312,0.0145,0.0026729898989708138,0.01,0.0022248595461286987,572,B,0.0,999,0.05,Romano-Wolf power is planned by simulation from Sigma_D (§4.4); use this alpha at the stepdown.,B,2000
B_0573,B_joint,empirical_copula,6,romano_wolf,0.0,0.0,D4,2000,50,1000,0.05,0.05,0.007666666666666666,0.0019503703352041746,0.0435,0.004561126505590478,,,,,,,100.952,16.46474099401506,77.0,99.0,131.0,0.0,0.9513333333333334,-0.0032301023590495933,0.14099097392670878,0.04927456867649926,400573,"[0.0,0.0,0.0,0.0,0.0,0.0]",level,"[0.0075,0.007,0.009,0.0075,0.008,0.007]","[0.0019292161620720473,0.0018642692938521516,0.002111752826445368,0.0019292161620720473,0.0019919839356781974,0.0018642692938521516]",,0.004811352316252791,999,0.0,0,6,1.0,0.0075,0.0019292161620720473,0.007,0.0018642692938521516,0.009,0.002111752826445368,0.0075,0.0019292161620720473,0.008,0.0019919839356781974,0.007,0.0018642692938521516,573,B,0.0,999,0.05,Romano-Wolf power is planned by simulation from Sigma_D (§4.4); use this alpha at the stepdown.,B,2000
B_0574,B_joint,empirical_copula,6,romano_wolf,0.0,0.5,D3,2000,50,1000,0.05,0.05,0.7765833333333333,0.009314012554270642,,,0.4755,0.011166909823223253,0.985,0.002717995584985378,,,80.439,11.404748090159641,64.0,79.0,100.0,0.0,0.837,0.0012845487759907215,0.15751027075462257,0.04743722563449956,400574,"[0.5,0.5,0.5,0.5,0.5,0.5]",power,"[0.7815,0.7675,0.7785,0.7695,0.781,0.7815]","[0.009240068993248914,0.009445733163709422,0.0092854119456274,0.009417264730270675,0.009247675383576135,0.009240068993248914]",,0.00825926752200218,999,0.0,6,0,1.0,0.7815,0.009240068993248914,0.7675,0.009445733163709422,0.7785,0.0092854119456274,0.7695,0.009417264730270675,0.781,0.009247675383576135,0.7815,0.009240068993248914,574,B,1.0,999,0.05,Romano-Wolf power is planned by simulation from Sigma_D (§4.4); use this alpha at the stepdown.,B,2000
B_0575,B_joint,empirical_copula,6,romano_wolf,0.0,0.5,D4,2000,50,1000,0.05,0.05,0.8754166666666666,0.007384521866339381,,,0.6475,0.01068278404724162,0.9965,0.0013205585939290896,,,100.109,15.969067568270853,77.0,98.0,129.0,0.0,0.9470833333333334,0.003971329738959219,0.1450532585213815,0.049823365712500164,400575,"[0.5,0.5,0.5,0.5,0.5,0.5]",power,"[0.8805,0.878,0.873,0.8755,0.87,0.8755]","[0.0072532665055132246,0.007318333143551201,0.007445501997850783,0.007382403064043579,0.007519973404208289,0.007382403064043579]",,0.0050058212640662425,999,0.0,6,0,1.0,0.8805,0.0072532665055132246,0.878,0.007318333143551201,0.873,0.007445501997850783,0.8755,0.007382403064043579,0.87,0.007519973404208289,0.8755,0.007382403064043579,575,B,1.0,999,0.05,Romano-Wolf power is planned by simulation from Sigma_D (§4.4); use this alpha at the stepdown.,B,2000
B_0576,B_joint,normal,6,romano_wolf,0.3,0.0,D3,2000,50,1000,0.05,0.05,0.009833333333333335,0.002206426850009863,0.052,0.004964675215963275,,,,,,,73.624,8.566657691305286,60.0,73.0,89.0,0.0,0.8995,-0.003655353872486405,0.14097538996212325,0.04732937632300127,400576,"[0.0,0.0,0.0,0.0,0.0,0.0]",level,"[0.0085,0.0115,0.01,0.0095,0.011,0.0085]","[0.0020527725154044713,0.0023840878758971955,0.0022248595461286987,0.002169072382379159,0.002332273568859365,0.0020527725154044713]",,0.006723085229267885,999,0.0,0,6,1.0,0.0085,0.0020527725154044713,0.0115,0.0023840878758971955,0.01,0.0022248595461286987,0.0095,0.002169072382379159,0.011,0.002332273568859365,0.0085,0.0020527725154044713,576,B,0.0,999,0.05,Romano-Wolf power is planned by simulation from Sigma_D (§4.4); use this alpha at the stepdown.,B,2000
B_0577,B_joint,normal,6,romano_wolf,0.3,0.0,D4,2000,50,1000,0.05,0.05,0.008166666666666668,0.002012457729024665,0.0445,0.004610843198374892,,,,,,,69.0265,8.703665765067038,56.0,68.0,84.0,0.0,0.9520833333333333,0.0018711128670933573,0.14202184670398388,0.045775471743500024,400577,"[0.0,0.0,0.0,0.0,0.0,0.0]",level,"[0.0115,0.005,0.007,0.007,0.01,0.0085]","[0.0023840878758971955,0.0015771810295587506,0.0018642692938521516,0.0018642692938521516,0.0022248595461286987,0.0020527725154044713]",,0.004776016107710603,999,0.0,0,6,1.0,0.0115,0.0023840878758971955,0.005,0.0015771810295587506,0.007,0.0018642692938521516,0.007,0.0018642692938521516,0.01,0.0022248595461286987,0.0085,0.0020527725154044713,577,B,0.0,999,0.05,Romano-Wolf power is planned by simulation from Sigma_D (§4.4); use this alpha at the stepdown.,B,2000
B_0578,B_joint,normal,6,romano_wolf,0.3,0.5,D3,2000,50,1000,0.05,0.05,0.9088333333333334,0.006436431680502619,,,0.7455,0.009739860111931793,0.9955,0.0014966211945579198,,,73.623,8.522022705907325,61.0,73.0,88.0,0.0,0.9045,-0.0021782051407538226,0.1387744747868346,0.035545629903999724,400578,"[0.5,0.5,0.5,0.5,0.5,0.5]",power,"[0.9065,0.9155,0.911,0.903,0.911,0.906]","[0.006509905913298595,0.006219314672855845,0.006367063687446513,0.006617816860566631,0.006367063687446513,0.0065254884874620675]",,0.006571900410079265,999,0.0,6,0,1.0,0.9065,0.006509905913298595,0.9155,0.006219314672855845,0.911,0.006367063687446513,0.903,0.006617816860566631,0.911,0.006367063687446513,0.906,0.0065254884874620675,578,B,1.0,999,0.05,Romano-Wolf power is planned by simulation from Sigma_D (§4.4); use this alpha at the stepdown.,B,2000
B_0579,B_joint,normal,6,romano_wolf,0.3,0.5,D4,2000,50,1000,0.05,0.05,0.8805833333333334,0.007251080139844299,,,0.6995,0.010251823008616564,0.985,0.002717995584985378,,,69.1655,8.730183832543275,56.0,68.0,85.0,0.0,0.9495,0.0011853334213880679,0.14448100628222071,0.03578917851500046,400579,"[0.5,0.5,0.5,0.5,0.5,0.5]",power,"[0.8825,0.8765,0.8885,0.882,0.8765,0.8775]","[0.0072004774147274445,0.00735689302627135,0.00703803061942757,0.007213736895673421,0.00735689302627135,0.007331226022978695]",,0.0048964145045124596,999,0.0,6,0,1.0,0.8825,0.0072004774147274445,0.8765,0.00735689302627135,0.8885,0.00703803061942757,0.882,0.007213736895673421,0.8765,0.00735689302627135,0.8775,0.007331226022978695,579,B,1.0,999,0.05,Romano-Wolf power is planned by simulation from Sigma_D (§4.4); use this alpha at the stepdown.,B,2000
B_0580,B_joint,empirical_copula,6,romano_wolf,0.3,0.0,D3,2000,50,1000,0.05,0.05,0.006999999999999999,0.0018642692938521516,0.0405,0.004407933189148856,,,,,,,80.157,12.430903064540404,62.0,79.0,103.0,0.0,0.8988333333333334,0.00021179267737513106,0.13449593815023464,0.035832434033998654,400580,"[0.0,0.0,0.0,0.0,0.0,0.0]",level,"[0.0085,0.0055,0.0085,0.0085,0.0045,0.0065]","[0.0020527725154044713,0.0016537457482938543,0.0020527725154044713,0.0020527725154044713,0.0014966211945579282,0.0017969070649312946]",,0.006742847033049993,999,0.0,0,6,1.0,0.0085,0.0020527725154044713,0.0055,0.0016537457482938543,0.0085,0.0020527725154044713,0.0085,0.0020527725154044713,0.0045,0.0014966211945579282,0.0065,0.0017969070649312946,580,B,0.0,999,0.05,Romano-Wolf power is planned by simulation from Sigma_D (§4.4); use this alpha at the stepdown.,B,2000
B_0581,B_joint,empirical_copula,6,romano_wolf,0.3,0.0,D4,2000,50,1000,0.05,0.05,0.00925,0.002140611770032109,0.0545,0.005075911248239078,,,,,,,76.9345,12.351769498739847,59.0,76.0,100.0,0.0,0.94975,-0.0001849917678301359,0.14071682996944362,0.03663431802749983,400581,"[0.0,0.0,0.0,0.0,0.0,0.0]",level,"[0.0105,0.0095,0.01,0.0085,0.009,0.008]","[0.002279226842593778,0.002169072382379159,0.0022248595461286987,0.0020527725154044713,0.002111752826445368,0.0019919839356781974]",,0.004884922594064312,999,0.0,0,6,1.0,0.0105,0.002279226842593778,0.0095,0.002169072382379159,0.01,0.0022248595461286987,0.0085,0.0020527725154044713,0.009,0.002111752826445368,0.008,0.0019919839356781974,581,B,0.0,999,0.05,Romano-Wolf power is planned by simulation from Sigma_D (§4.4); use this alpha at the stepdown.,B,2000
B_0582,B_joint,empirical_copula,6,romano_wolf,0.3,0.5,D3,2000,50,1000,0.05,0.05,0.8968333333333333,0.006801591929671892,,,0.652,0.010651197115817544,0.999,0.0007067531393633852,,,80.2035,12.368148113197869,62.0,79.0,101.0,0.0,0.895,-0.0011215180401338211,0.13555657944738866,0.03648475062149919,400582,"[0.5,0.5,0.5,0.5,0.5,0.5]",power,"[0.901,0.8925,0.8945,0.9,0.892,0.901]","[0.006678285708173917,0.006926173185822025,0.006869124762296869,0.006708203932499368,0.006940316995642202,0.006678285708173917]",,0.006854742883580681,999,0.0,6,0,1.0,0.901,0.006678285708173917,0.8925,0.006926173185822025,0.8945,0.006869124762296869,0.9,0.006708203932499368,0.892,0.006940316995642202,0.901,0.006678285708173917,582,B,1.0,999,0.05,Romano-Wolf power is planned by simulation from Sigma_D (§4.4); use this alpha at the stepdown.,B,2000
B_0583,B_joint,empirical_copula,6,romano_wolf,0.3,0.5,D4,2000,50,1000,0.05,0.05,0.8780833333333334,0.0073161804603069855,,,0.61,0.01090642012761291,0.999,0.0007067531393633852,,,76.785,12.555667047194266,59.0,76.0,99.0,0.0,0.9435,0.0006792984278066898,0.1427699105811263,0.036282734448001064,400583,"[0.5,0.5,0.5,0.5,0.5,0.5]",power,"[0.875,0.861,0.8905,0.8785,0.8795,0.884]","[0.00739509972887452,0.0077355995242773526,0.006982469119158352,0.007305400399704318,0.007279414468211026,0.0071604469134265636]",,0.005162739098579358,999,0.0,6,0,1.0,0.875,0.00739509972887452,0.861,0.0077355995242773526,0.8905,0.006982469119158352,0.8785,0.007305400399704318,0.8795,0.007279414468211026,0.884,0.0071604469134265636,583,B,1.0,999,0.05,Romano-Wolf power is planned by simulation from Sigma_D (§4.4); use this alpha at the stepdown.,B,2000
B_0584,B_joint,normal,6,romano_wolf,0.6,0.0,D3,2000,50,1000,0.05,0.05,0.008583333333333333,0.002062723893571583,0.05,0.004873397172404482,,,,,,,73.1745,9.909139707865663,58.0,72.0,90.0,0.0,0.97075,-0.0008823725564809666,0.10631664523179844,0.03530975343299906,400584,"[0.0,0.0,0.0,0.0,0.0,0.0]",level,"[0.006,0.008,0.0075,0.012,0.0135,0.0045]","[0.0017268468374467957,0.0019919839356781974,0.0019292161620720473,0.002434748446965312,0.0025804796065847916,0.0014966211945579282]",,0.0037679196846535884,999,0.0,0,6,1.0,0.006,0.0017268468374467957,0.008,0.0019919839356781974,0.0075,0.0019292161620720473,0.012,0.002434748446965312,0.0135,0.0025804796065847916,0.0045,0.0014966211945579282,584,B,0.0,999,0.05,Romano-Wolf power is planned by simulation from Sigma_D (§4.4); use this alpha at the stepdown.,B,2000
B_0585,B_joint,normal,6,romano_wolf,0.6,0.0,D4,2000,50,1000,0.05,0.05,0.00875,0.0020824789914906704,0.049,0.0048269555622566076,,,,,,,40.7495,4.732626094463834,34.0,40.0,49.0,0.0,0.94925,0.0019963110154979,0.14207104631632164,0.03292342637500042,400585,"[0.0,0.0,0.0,0.0,0.0,0.0]",level,"[0.0085,0.01,0.008,0.01,0.0085,0.0075]","[0.0020527725154044713,0.0022248595461286987,0.0019919839356781974,0.0022248595461286987,0.0020527725154044713,0.0019292161620720473]",,0.004907873139151009,999,0.0,0,6,1.0,0.0085,0.0020527725154044713,0.01,0.0022248595461286987,0.008,0.0019919839356781974,0.01,0.0022248595461286987,0.0085,0.0020527725154044713,0.0075,0.0019292161620720473,585,B,0.0,999,0.05,Romano-Wolf power is planned by simulation from Sigma_D (§4.4); use this alpha at the stepdown.,B,2000
B_0586,B_joint,normal,6,romano_wolf,0.6,0.5,D3,2000,50,1000,0.05,0.05,0.9948333333333332,0.0016031176223568746,,,0.974,0.0035583704135460676,1.0,0.0,,,72.7215,10.030948995483927,57.0,72.0,90.0,0.0,0.97025,-0.00014589324577880136,0.1057375059813135,0.03590834636349973,400586,"[0.5,0.5,0.5,0.5,0.5,0.5]",power,"[0.997,0.9935,0.9935,0.995,0.991,0.999]","[0.0012229063741758816,0.0017969070649312877,0.0017969070649312877,0.0015771810295587513,0.002111752826445369,0.0007067531393633852]",,0.003799008916809755,999,0.0,6,0,1.0,0.997,0.0012229063741758816,0.9935,0.0017969070649312877,0.9935,0.0017969070649312877,0.995,0.0015771810295587513,0.991,0.002111752826445369,0.999,0.0007067531393633852,586,B,1.0,999,0.05,Romano-Wolf power is planned by simulation from Sigma_D (§4.4); use this alpha at the stepdown.,B,2000
B_0587,B_joint,normal,6,romano_wolf,0.6,0.5,D4,2000,50,1000,0.05,0.05,0.8788333333333332,0.007296756318925404,,,0.651,0.010658306619721539,0.996,0.0014113823011501884,,,40.769,4.786819298866419,34.0,40.0,49.0,0.0,0.9485833333333333,-0.0020731064365355936,0.14185385325962652,0.03964893463199951,400587,"[0.5,0.5,0.5,0.5,0.5,0.5]",power,"[0.8775,0.8795,0.884,0.8725,0.874,0.8855]","[0.007331226022978695,0.007279414468211026,0.0071604469134265636,0.007458007441669657,0.007420377348895405,0.007120033356663438]",,0.004938268575905707,999,0.0,6,0,1.0,0.8775,0.007331226022978695,0.8795,0.007279414468211026,0.884,0.0071604469134265636,0.8725,0.007458007441669657,0.874,0.007420377348895405,0.8855,0.007120033356663438,587,B,1.0,999,0.05,Romano-Wolf power is planned by simulation from Sigma_D (§4.4); use this alpha at the stepdown.,B,2000
B_0588,B_joint,empirical_copula,6,romano_wolf,0.6,0.0,D3,2000,50,1000,0.05,0.05,0.008749999999999999,0.0020824789914906704,0.0505,0.00489641450451246,,,,,,,79.11,14.132406023037973,58.0,78.0,104.0,0.0,0.9580833333333333,-0.001635114002865087,0.10903547972633842,0.04417981207750017,400588,"[0.0,0.0,0.0,0.0,0.0,0.0]",level,"[0.011,0.009,0.0075,0.0075,0.009,0.0085]","[0.002332273568859365,0.002111752826445368,0.0019292161620720473,0.0019292161620720473,0.002111752826445368,0.0020527725154044713]",,0.0044810523162658045,999,0.0,0,6,1.0,0.011,0.002332273568859365,0.009,0.002111752826445368,0.0075,0.0019292161620720473,0.0075,0.0019292161620720473,0.009,0.002111752826445368,0.0085,0.0020527725154044713,588,B,0.0,999,0.05,Romano-Wolf power is planned by simulation from Sigma_D (§4.4); use this alpha at the stepdown.,B,2000
B_0589,B_joint,empirical_copula,6,romano_wolf,0.6,0.0,D4,2000,50,1000,0.05,0.05,0.007916666666666667,0.0019816650897106144,0.0465,0.004708383480558906,,,,,,,50.5675,8.171501927430478,38.0,50.0,65.0,0.0,0.94925,-0.0014732929638252299,0.13778898287656827,0.0430156693429999,400589,"[0.0,0.0,0.0,0.0,0.0,0.0]",level,"[0.0115,0.0085,0.005,0.007,0.009,0.0065]","[0.0023840878758971955,0.0020527725154044713,0.0015771810295587506,0.0018642692938521516,0.002111752826445368,0.0017969070649312946]",,0.004907873139151009,999,0.0,0,6,1.0,0.0115,0.0023840878758971955,0.0085,0.0020527725154044713,0.005,0.0015771810295587506,0.007,0.0018642692938521516,0.009,0.002111752826445368,0.0065,0.0017969070649312946,589,B,0.0,999,0.05,Romano-Wolf power is planned by simulation from Sigma_D (§4.4); use this alpha at the stepdown.,B,2000
B_0590,B_joint,empirical_copula,6,romano_wolf,0.6,0.5,D3,2000,50,1000,0.05,0.05,0.9829166666666667,0.0028975414626503243,,,0.917,0.006168914004912047,1.0,0.0,,,78.9745,14.1893216804046,57.0,78.0,104.0,0.0,0.955,-0.0021034550911494102,0.10999844156007142,0.045538059949500165,400590,"[0.5,0.5,0.5,0.5,0.5,0.5]",power,"[0.9835,0.984,0.9795,0.984,0.9835,0.983]","[0.002848486440199423,0.00280570846668003,0.0031685761786644775,0.00280570846668003,0.002848486440199423,0.0028905881754411173]",,0.004635461142108735,999,0.0,6,0,1.0,0.9835,0.002848486440199423,0.984,0.00280570846668003,0.9795,0.0031685761786644775,0.984,0.00280570846668003,0.9835,0.002848486440199423,0.983,0.0028905881754411173,590,B,1.0,999,0.05,Romano-Wolf power is planned by simulation from Sigma_D (§4.4); use this alpha at the stepdown.,B,2000
B_0591,B_joint,empirical_copula,6,romano_wolf,0.6,0.5,D4,2000,50,1000,0.05,0.05,0.8628333333333332,0.007692592938087336,,,0.568,0.011076461528845753,0.9975,0.001116635571706353,,,50.411,8.181019435253775,39.0,50.0,64.0,0.0,0.9510833333333333,-0.0017665489808800557,0.1364255025206444,0.041170996132999786,400591,"[0.5,0.5,0.5,0.5,0.5,0.5]",power,"[0.869,0.8645,0.857,0.8665,0.8655,0.8545]","[0.00754450130890041,0.007653095778833555,0.007827866886962246,0.0076051873744175415,0.0076292119514403305,0.007884470495854492]",,0.004823060563008148,999,0.0,6,0,1.0,0.869,0.00754450130890041,0.8645,0.007653095778833555,0.857,0.007827866886962246,0.8665,0.0076051873744175415,0.8655,0.0076292119514403305,0.8545,0.007884470495854492,591,B,1.0,999,0.05,Romano-Wolf power is planned by simulation from Sigma_D (§4.4); use this alpha at the stepdown.,B,2000
B_0592,B_joint,normal,6,romano_wolf,0.9,0.0,D3,2000,50,1000,0.05,0.05,0.009333333333333334,0.0021501421141662037,0.0545,0.005075911248239078,,,,,,,70.09,12.230531468419514,51.0,69.0,92.0,0.0,1.0,-0.0008967274138418816,0.054236884345449134,0.04333008023500042,400592,"[0.0,0.0,0.0,0.0,0.0,0.0]",level,"[0.0065,0.01,0.01,0.008,0.0115,0.01]","[0.0017969070649312946,0.0022248595461286987,0.0022248595461286987,0.0019919839356781974,0.0023840878758971955,0.0022248595461286987]",,0.0,999,0.0,0,6,1.0,0.0065,0.0017969070649312946,0.01,0.0022248595461286987,0.01,0.0022248595461286987,0.008,0.0019919839356781974,0.0115,0.0023840878758971955,0.01,0.0022248595461286987,592,B,0.0,999,0.05,Romano-Wolf power is planned by simulation from Sigma_D (§4.4); use this alpha at the stepdown.,B,2000
B_0593,B_joint,normal,6,romano_wolf,0.9,0.0,D4,2000,50,1000,0.05,0.05,0.006083333333333333,0.0017387245884395966,0.0345,0.004081038470781672,,,,,,,12.2025,1.208922557486624,11.0,12.0,14.0,0.0,0.94925,0.0011056524037342307,0.12840227282943092,0.036718813517001764,400593,"[0.0,0.0,0.0,0.0,0.0,0.0]",level,"[0.0085,0.006,0.0065,0.0065,0.0035,0.0055]","[0.0020527725154044713,0.0017268468374467957,0.0017969070649312946,0.0017969070649312946,0.0013205585939290994,0.0016537457482938543]",,0.004907873139151009,999,0.0,0,6,1.0,0.0085,0.0020527725154044713,0.006,0.0017268468374467957,0.0065,0.0017969070649312946,0.0065,0.0017969070649312946,0.0035,0.0013205585939290994,0.0055,0.0016537457482938543,593,B,0.0,999,0.05,Romano-Wolf power is planned by simulation from Sigma_D (§4.4); use this alpha at the stepdown.,B,2000
B_0594,B_joint,normal,6,romano_wolf,0.9,0.5,D3,2000,50,1000,0.05,0.05,1.0,0.0,,,1.0,0.0,1.0,0.0,,,70.0875,12.160709015102697,51.0,69.0,91.0,0.0,1.0,8.594823360314263e-05,0.05383021532846924,0.04196551315750003,400594,"[0.5,0.5,0.5,0.5,0.5,0.5]",power,"[1.0,1.0,1.0,1.0,1.0,1.0]","[0.0,0.0,0.0,0.0,0.0,0.0]",,0.0,999,0.0,6,0,1.0,1.0,0.0,1.0,0.0,1.0,0.0,1.0,0.0,1.0,0.0,1.0,0.0,594,B,1.0,999,0.05,Romano-Wolf power is planned by simulation from Sigma_D (§4.4); use this alpha at the stepdown.,B,2000
B_0595,B_joint,normal,6,romano_wolf,0.9,0.5,D4,2000,50,1000,0.05,0.05,0.8064999999999999,0.00883339544003324,,,0.556,0.011109995499549044,0.9835,0.002848486440199423,,,12.1485,1.1740731450808335,10.0,12.0,14.0,0.0,0.94675,8.812658045327685e-05,0.12929186907716939,0.0368720384975004,400595,"[0.5,0.5,0.5,0.5,0.5,0.5]",power,"[0.8035,0.812,0.806,0.813,0.814,0.7905]","[0.008885036578427801,0.008736589723685094,0.008842058583836684,0.00871868682772813,0.008700689627839854,0.009099718402236412]",,0.0050206791124309084,999,0.0,6,0,1.0,0.8035,0.008885036578427801,0.812,0.008736589723685094,0.806,0.008842058583836684,0.813,0.00871868682772813,0.814,0.008700689627839854,0.7905,0.009099718402236412,595,B,1.0,999,0.05,Romano-Wolf power is planned by simulation from Sigma_D (§4.4); use this alpha at the stepdown.,B,2000
B_0596,B_joint,empirical_copula,6,romano_wolf,0.9,0.0,D3,2000,50,1000,0.05,0.05,0.010166666666666668,0.0022431345875309795,0.057,0.00518415856238985,,,,,,,73.6025,17.269032797177726,49.0,71.0,104.0,0.0,0.9963333333333333,0.0022385025138526864,0.0728258955016212,0.036685594788499656,400596,"[0.0,0.0,0.0,0.0,0.0,0.0]",level,"[0.0115,0.009,0.0115,0.01,0.0105,0.0085]","[0.0023840878758971955,0.002111752826445368,0.0023840878758971955,0.0022248595461286987,0.002279226842593778,0.0020527725154044713]",,0.0013515217760403015,999,0.0,0,6,1.0,0.0115,0.0023840878758971955,0.009,0.002111752826445368,0.0115,0.0023840878758971955,0.01,0.0022248595461286987,0.0105,0.002279226842593778,0.0085,0.0020527725154044713,596,B,0.0,999,0.05,Romano-Wolf power is planned by simulation from Sigma_D (§4.4); use this alpha at the stepdown.,B,2000
B_0597,B_joint,empirical_copula,6,romano_wolf,0.9,0.0,D4,2000,50,1000,0.05,0.05,0.01025,0.0022522141883044786,0.055,0.005097793640389928,,,,,,,21.5205,3.3267972210521037,17.0,21.0,28.0,0.0,0.93275,-0.0005171639709170188,0.13451546768469985,0.03265595367949936,400597,"[0.0,0.0,0.0,0.0,0.0,0.0]",level,"[0.012,0.0095,0.0065,0.012,0.01,0.0115]","[0.002434748446965312,0.002169072382379159,0.0017969070649312946,0.002434748446965312,0.0022248595461286987,0.0023840878758971955]",,0.005600332021407303,999,0.0,0,6,1.0,0.012,0.002434748446965312,0.0095,0.002169072382379159,0.0065,0.0017969070649312946,0.012,0.002434748446965312,0.01,0.0022248595461286987,0.0115,0.0023840878758971955,597,B,0.0,999,0.05,Romano-Wolf power is planned by simulation from Sigma_D (§4.4); use this alpha at the stepdown.,B,2000
B_0598,B_joint,empirical_copula,6,romano_wolf,0.9,0.5,D3,2000,50,1000,0.05,0.05,1.0,0.0,,,1.0,0.0,1.0,0.0,,,73.9605,17.215688767807112,50.0,72.0,105.0,0.0,0.9981666666666666,0.0028929220548263254,0.07213160287159975,0.036761992024999926,400598,"[0.5,0.5,0.5,0.5,0.5,0.5]",power,"[1.0,1.0,1.0,1.0,1.0,1.0]","[0.0,0.0,0.0,0.0,0.0,0.0]",,0.0009565490636193844,999,0.0,6,0,1.0,1.0,0.0,1.0,0.0,1.0,0.0,1.0,0.0,1.0,0.0,1.0,0.0,598,B,1.0,999,0.05,Romano-Wolf power is planned by simulation from Sigma_D (§4.4); use this alpha at the stepdown.,B,2000
B_0599,B_joint,empirical_copula,6,romano_wolf,0.9,0.5,D4,2000,50,1000,0.05,0.05,0.73375,0.009883342994655198,,,0.4585,0.011141762652291602,0.9715,0.003720735814324901,,,21.507,3.3751964387276776,17.0,21.0,28.0,0.0,0.9355,0.0022005437091092875,0.1329412373587359,0.032047362344499564,400599,"[0.5,0.5,0.5,0.5,0.5,0.5]",power,"[0.7385,0.7345,0.723,0.7485,0.731,0.727]","[0.009826437553864574,0.009874455681200862,0.010006772706522319,0.009701745976884777,0.009915618992276781,0.009961701661864804]",,0.005492711079239468,999,0.0,6,0,1.0,0.7385,0.009826437553864574,0.7345,0.009874455681200862,0.723,0.010006772706522319,0.7485,0.009701745976884777,0.731,0.009915618992276781,0.727,0.009961701661864804,599,B,1.0,999,0.05,Romano-Wolf power is planned by simulation from Sigma_D (§4.4); use this alpha at the stepdown.,B,2000
B_0600,B_joint,empirical,1,none,,0.0,D3,2000,50,1000,0.05,0.05,0.005,0.0015771810295587506,0.005,0.0015771810295587506,,,,,,,65.15,15.190868967903054,42.95,64.0,92.0,0.0,0.958,0.008162283945086862,0.11686089431359643,0.0002177936829993996,400600,[0.0],level,[0.005],[0.0015771810295587506],,0.00448530935387962,999,0.0,0,1,1.0,0.005,0.0015771810295587506,,,,,,,,,,,600,B,0.0,999,0.05,no multiplicity control (caller declared acceptance),B,2000
B_0601,B_joint,empirical,1,none,,0.0,D4,2000,50,1000,0.05,0.05,0.0735,0.005835141386461857,0.0735,0.005835141386461857,,,,,,,35.365,10.47553220605044,20.0,34.0,54.0,0.0,0.9265,0.0008304422612066082,0.16593264417843415,0.00021672767649943126,400601,[0.0],level,[0.0735],[0.005835141386461857],,0.005835141386461857,999,0.0,0,1,1.0,0.0735,0.005835141386461857,,,,,,,,,,,601,B,0.0,999,0.05,no multiplicity control (caller declared acceptance),B,2000
B_0602,B_joint,empirical,1,none,,0.5,D3,2000,50,1000,0.05,0.05,0.918,0.006134981662564281,,,0.918,0.006134981662564281,0.918,0.006134981662564281,,,65.579,15.148490320820752,43.0,64.0,92.04999999999995,0.0,0.9675,0.006240177687680515,0.11688832466640244,0.00022887298400019063,400602,[0.5],power,[0.918],[0.006134981662564281],,0.00396508196636589,999,0.0,1,0,1.0,0.918,0.006134981662564281,,,,,,,,,,,602,B,1.0,999,0.05,no multiplicity control (caller declared acceptance),B,2000
B_0603,B_joint,empirical,1,none,,0.5,D4,2000,50,1000,0.05,0.05,0.7895,0.009115639034099584,,,0.7895,0.009115639034099584,0.7895,0.009115639034099584,,,34.938,10.266214297393173,20.0,34.0,54.0,0.0,0.931,-0.0004079108725184804,0.16866316487783387,0.00018109920399911062,400603,[0.5],power,[0.7895],[0.009115639034099584],,0.0056674068144081545,999,0.0,1,0,1.0,0.7895,0.009115639034099584,,,,,,,,,,,603,B,1.0,999,0.05,no multiplicity control (caller declared acceptance),B,2000
B_0604,B_joint,empirical,1,bonferroni,,0.0,D3,2000,50,1000,0.05,0.05,0.0025,0.001116635571706365,0.0025,0.001116635571706365,,,,,,,65.176,14.811381569590326,43.0,64.0,93.0,0.0,0.9635,0.006778611513855735,0.11688503095918493,0.00021163155899921548,400604,[0.0],level,[0.0025],[0.001116635571706365],,0.004193313129257102,999,0.0,0,1,1.0,0.0025,0.001116635571706365,,,,,,,,,,,604,B,0.0,999,0.05,plan every contrast at alpha/K = 0.05000/1,B,2000
B_0605,B_joint,empirical,1,bonferroni,,0.0,D4,2000,50,1000,0.05,0.05,0.0665,0.005571254347092763,0.0665,0.005571254347092763,,,,,,,34.8205,10.291272018074345,20.0,34.0,54.0,0.0,0.9335,-0.0038250774751709482,0.1658101751413945,0.0001999060134985484,400605,[0.0],level,[0.0665],[0.005571254347092763],,0.005571254347092763,999,0.0,0,1,1.0,0.0665,0.005571254347092763,,,,,,,,,,,605,B,0.0,999,0.05,plan every contrast at alpha/K = 0.05000/1,B,2000
B_0606,B_joint,empirical,1,bonferroni,,0.5,D3,2000,50,1000,0.05,0.05,0.9115,0.006350895606133045,,,0.9115,0.006350895606133045,0.9115,0.006350895606133045,,,65.169,14.82856833952624,43.95,64.0,92.0,0.0,0.965,0.007260975992146904,0.11663827307036777,0.00021074744150064361,400606,[0.5],power,[0.9115],[0.006350895606133045],,0.00410944035119139,999,0.0,1,0,1.0,0.9115,0.006350895606133045,,,,,,,,,,,606,B,1.0,999,0.05,plan every contrast at alpha/K = 0.05000/1,B,2000
B_0607,B_joint,empirical,1,bonferroni,,0.5,D4,2000,50,1000,0.05,0.05,0.809,0.008789738335126933,,,0.809,0.008789738335126933,0.809,0.008789738335126933,,,35.1275,10.558325802417729,21.0,33.0,55.0,0.0,0.9285,-0.00027613353221737924,0.16470565949800867,0.00022059099199941555,400607,[0.5],power,[0.809],[0.008789738335126933],,0.005761412587204635,999,0.0,1,0,1.0,0.809,0.008789738335126933,,,,,,,,,,,607,B,1.0,999,0.05,plan every contrast at alpha/K = 0.05000/1,B,2000
B_0608,B_joint,empirical,1,holm,,0.0,D3,2000,50,1000,0.05,0.05,0.0035,0.0013205585939290994,0.0035,0.0013205585939290994,,,,,,,65.5645,15.36378338007927,43.0,64.0,93.0,0.0,0.962,0.013253030515086358,0.1173952682322333,0.00022584566099976655,400608,[0.0],level,[0.0035],[0.0013205585939290994],,0.004275277768753747,999,0.0,0,1,1.0,0.0035,0.0013205585939290994,,,,,,,,,,,608,B,0.0,999,0.05,plan every contrast at alpha/K = 0.05000/1,B,2000
B_0609,B_joint,empirical,1,holm,,0.0,D4,2000,50,1000,0.05,0.05,0.056,0.005141206084179081,0.056,0.005141206084179081,,,,,,,35.6385,10.67163613275865,21.0,35.0,55.0,0.0,0.944,0.0009661867728298146,0.15714188944298665,0.00023086343500108343,400609,[0.0],level,[0.056],[0.005141206084179081],,0.005141206084179083,999,0.0,0,1,1.0,0.056,0.005141206084179081,,,,,,,,,,,609,B,0.0,999,0.05,plan every contrast at alpha/K = 0.05000/1,B,2000
B_0610,B_joint,empirical,1,holm,,0.5,D3,2000,50,1000,0.05,0.05,0.9085,0.006447005118657811,,,0.9085,0.006447005118657811,0.9085,0.006447005118657811,,,65.535,15.011987709827103,43.0,65.0,92.0,0.0,0.9585,0.0077072507236316855,0.11801725966152637,0.00023236916399946495,400610,[0.5],power,[0.9085],[0.006447005118657811],,0.004459694496263168,999,0.0,1,0,1.0,0.9085,0.006447005118657811,,,,,,,,,,,610,B,1.0,999,0.05,plan every contrast at alpha/K = 0.05000/1,B,2000
B_0611,B_joint,empirical,1,holm,,0.5,D4,2000,50,1000,0.05,0.05,0.8015,0.008919017602852906,,,0.8015,0.008919017602852906,0.8015,0.008919017602852906,,,34.7575,10.329505978022375,20.0,34.0,54.0,0.0,0.944,-0.0016328267394534138,0.16006208227412297,0.0002558362069994473,400611,[0.5],power,[0.8015],[0.008919017602852906],,0.005141206084179083,999,0.0,1,0,1.0,0.8015,0.008919017602852906,,,,,,,,,,,611,B,1.0,999,0.05,plan every contrast at alpha/K = 0.05000/1,B,2000
B_0612,B_joint,empirical,1,bh,,0.0,D3,2000,50,1000,0.05,0.05,0.0065,0.0017969070649312946,0.0065,0.0017969070649312946,,,,,0.0065,0.0017969070649312946,65.5865,15.681342982984589,42.0,65.0,94.0,0.0,0.961,0.007363879672532443,0.11822688421719739,0.00024350199649961722,400612,[0.0],level,[0.0065],[0.0017969070649312946],0.0065,0.004328914413568374,999,0.0,0,1,1.0,0.0065,0.0017969070649312946,,,,,,,,,,,612,B,0.0,999,0.05,BH: plan at alpha*r/K with r = 1 pre-declared expected rejections (r = 1 reduces to Bonferroni).,B,2000
B_0613,B_joint,empirical,1,bh,,0.0,D4,2000,50,1000,0.05,0.05,0.067,0.005590661857061291,0.067,0.005590661857061291,,,,,0.067,0.005590661857061291,35.5955,10.86015100033144,20.0,34.0,55.0,0.0,0.933,0.0006632101943684829,0.16316508711858038,0.00025441711849998684,400613,[0.0],level,[0.067],[0.005590661857061291],0.067,0.0055906618570612885,999,0.0,0,1,1.0,0.067,0.005590661857061291,,,,,,,,,,,613,B,0.0,999,0.05,BH: plan at alpha*r/K with r = 1 pre-declared expected rejections (r = 1 reduces to Bonferroni).,B,2000
B_0614,B_joint,empirical,1,bh,,0.5,D3,2000,50,1000,0.05,0.05,0.9175,0.0061519813881382975,,,0.9175,0.0061519813881382975,0.9175,0.0061519813881382975,0.0,0.0,65.1675,15.520484649327159,43.0,63.0,93.0,0.0,0.959,0.010956703131843621,0.11755325441011405,0.00024067955350074043,400614,[0.5],power,[0.9175],[0.0061519813881382975],0.0,0.00443390347211123,999,0.0,1,0,1.0,0.9175,0.0061519813881382975,,,,,,,,,,,614,B,1.0,999,0.05,BH: plan at alpha*r/K with r = 1 pre-declared expected rejections (r = 1 reduces to Bonferroni).,B,2000
B_0615,B_joint,empirical,1,bh,,0.5,D4,2000,50,1000,0.05,0.05,0.807,0.008824709626950906,,,0.807,0.008824709626950906,0.807,0.008824709626950906,0.0,0.0,35.5125,10.519688386544537,21.0,34.0,56.0,0.0,0.9335,-0.0042687924828117485,0.16588142142201884,0.0002161492070008535,400615,[0.5],power,[0.807],[0.008824709626950906],0.0,0.005571254347092763,999,0.0,1,0,1.0,0.807,0.008824709626950906,,,,,,,,,,,615,B,1.0,999,0.05,BH: plan at alpha*r/K with r = 1 pre-declared expected rejections (r = 1 reduces to Bonferroni).,B,2000
B_0616,B_joint,empirical,1,romano_wolf,,0.0,D3,2000,50,1000,0.05,0.05,0.0035,0.0013205585939290994,0.0035,0.0013205585939290994,,,,,,,64.8895,14.948287184490402,43.0,64.0,91.0,0.0,0.9615,0.008593451699910134,0.11416200096131732,0.00021848388150101528,400616,[0.0],level,[0.0035],[0.0013205585939290994],,0.004302194207610808,999,0.0,0,1,1.0,0.0035,0.0013205585939290994,,,,,,,,,,,616,B,0.0,999,0.05,Romano-Wolf power is planned by simulation from Sigma_D (§4.4); use this alpha at the stepdown.,B,2000
B_0617,B_joint,empirical,1,romano_wolf,,0.0,D4,2000,50,1000,0.05,0.05,0.068,0.005629209535982827,0.068,0.005629209535982827,,,,,,,35.4795,10.535301597486423,20.0,34.0,54.0,0.0,0.932,0.0016923305595182023,0.1606342285084768,0.00020938948649927623,400617,[0.0],level,[0.068],[0.005629209535982827],,0.005629209535982825,999,0.0,0,1,1.0,0.068,0.005629209535982827,,,,,,,,,,,617,B,0.0,999,0.05,Romano-Wolf power is planned by simulation from Sigma_D (§4.4); use this alpha at the stepdown.,B,2000
B_0618,B_joint,empirical,1,romano_wolf,,0.5,D3,2000,50,1000,0.05,0.05,0.9185,0.006117914268768402,,,0.9185,0.006117914268768402,0.9185,0.006117914268768402,,,65.1435,15.028968951661321,43.0,64.0,92.0,0.0,0.9715,0.005503202732257779,0.11412654143226683,0.00019727412149950398,400618,[0.5],power,[0.9185],[0.006117914268768402],,0.003720735814324901,999,0.0,1,0,1.0,0.9185,0.006117914268768402,,,,,,,,,,,618,B,1.0,999,0.05,Romano-Wolf power is planned by simulation from Sigma_D (§4.4); use this alpha at the stepdown.,B,2000
B_0619,B_joint,empirical,1,romano_wolf,,0.5,D4,2000,50,1000,0.05,0.05,0.8025,0.00890207138816579,,,0.8025,0.00890207138816579,0.8025,0.00890207138816579,,,34.8915,10.259518884918531,20.0,34.0,54.0,0.0,0.934,0.0033224616148050043,0.16491997311691378,0.00020268949949968373,400619,[0.5],power,[0.8025],[0.00890207138816579],,0.005551756478809205,999,0.0,1,0,1.0,0.8025,0.00890207138816579,,,,,,,,,,,619,B,1.0,999,0.05,Romano-Wolf power is planned by simulation from Sigma_D (§4.4); use this alpha at the stepdown.,B,2000
B_0620,B_joint,empirical,3,none,,0.0,D3,2000,50,1000,0.05,0.05,0.0045000000000000005,0.0014966211945579284,0.0135,0.0025804796065847916,,,,,,,73.741,14.39874713299737,53.0,72.0,100.0,0.0,0.9648333333333333,-0.0010166482166999939,0.10789090796095185,0.0006343540760008182,400620,"[0.0,0.0,0.0]",level,"[0.005,0.0035,0.005]","[0.0015771810295587506,0.0013205585939290994,0.0015771810295587506]",,0.004118857379311782,999,0.0,0,3,1.0,0.005,0.0015771810295587506,0.0035,0.0013205585939290994,0.005,0.0015771810295587506,,,,,,,620,B,0.0,999,0.05,no multiplicity control (caller declared acceptance),B,2000
B_0621,B_joint,empirical,3,none,,0.0,D4,2000,50,1000,0.05,0.05,0.051666666666666666,0.004949607167352891,0.149,0.007962380297373393,,,,,,,43.171,7.752467929633763,32.0,43.0,57.0,0.0,0.9483333333333334,0.00020131863217006632,0.14464348379647954,0.000690019454999856,400621,"[0.0,0.0,0.0]",level,"[0.0455,0.0525,0.057]","[0.004659922209651144,0.004987171041783107,0.00518415856238985]",,0.00494960716735289,999,0.0,0,3,1.0,0.0455,0.004659922209651144,0.0525,0.004987171041783107,0.057,0.00518415856238985,,,,,,,621,B,0.0,999,0.05,no multiplicity control (caller declared acceptance),B,2000
B_0622,B_joint,empirical,3,none,,0.5,D3,2000,50,1000,0.05,0.05,0.927,0.005816829033072915,,,0.7955,0.009018862178789517,0.999,0.0007067531393633852,,,73.382,14.555139161134806,53.0,72.0,100.0,0.0,0.96,0.001087942045444265,0.11003284339478328,0.0006445689909996872,400622,"[0.5,0.5,0.5]",power,"[0.927,0.9275,0.9265]","[0.005816829033072915,0.005798437289477226,0.005835141386461857]",,0.004381780460041331,999,0.0,3,0,1.0,0.927,0.005816829033072915,0.9275,0.005798437289477226,0.9265,0.005835141386461857,,,,,,,622,B,1.0,999,0.05,no multiplicity control (caller declared acceptance),B,2000
B_0623,B_joint,empirical,3,none,,0.5,D4,2000,50,1000,0.05,0.05,0.8921666666666667,0.00693560759975489,,,0.715,0.010093933821855581,0.9975,0.001116635571706353,,,43.5355,8.201569346777482,31.950000000000003,43.0,59.0,0.0,0.9463333333333334,-0.0019175403968976308,0.14310339333302155,0.0006903226034992258,400623,"[0.5,0.5,0.5]",power,"[0.902,0.8905,0.884]","[0.006648157639526908,0.006982469119158352,0.0071604469134265636]",,0.0050391743150815654,999,0.0,3,0,1.0,0.902,0.006648157639526908,0.8905,0.006982469119158352,0.884,0.0071604469134265636,,,,,,,623,B,1.0,999,0.05,no multiplicity control (caller declared acceptance),B,2000
B_0624,B_joint,empirical,3,bonferroni,,0.0,D3,2000,50,1000,0.05,0.016666666666666666,0.0005,0.0004998749843710925,0.0015,0.0008653756409791069,,,,,,,73.9625,14.503692417794856,52.0,73.0,100.0,0.0,0.9861666666666666,0.003916697464379581,0.10992914245246457,0.0006521490425002412,400624,"[0.0,0.0,0.0]",level,"[0.001,0.0005,0.0]","[0.0007067531393633848,0.0004998749843710925,0.0]",,0.002611701765345945,999,0.0,0,3,1.0,0.001,0.0007067531393633848,0.0005,0.0004998749843710925,0.0,0.0,,,,,,,624,B,0.0,999,0.016666666666666666,plan every contrast at alpha/K = 0.05000/3,B,2000
B_0625,B_joint,empirical,3,bonferroni,,0.0,D4,2000,50,1000,0.05,0.016666666666666666,0.021666666666666667,0.0032555508153169887,0.0645,0.005492711079239468,,,,,,,57.8765,10.574698470878497,43.0,57.0,76.04999999999995,0.0,0.9783333333333334,0.0021487627995492265,0.12762464593858422,0.0006725729504996707,400625,"[0.0,0.0,0.0]",level,"[0.0205,0.023,0.0215]","[0.00316857617866448,0.003351939736928455,0.003243281517229116]",,0.0032555508153169848,999,0.0,0,3,1.0,0.0205,0.00316857617866448,0.023,0.003351939736928455,0.0215,0.003243281517229116,,,,,,,625,B,0.0,999,0.016666666666666666,plan every contrast at alpha/K = 0.05000/3,B,2000
B_0626,B_joint,empirical,3,bonferroni,,0.5,D3,2000,50,1000,0.05,0.016666666666666666,0.8021666666666668,0.00890772994526539,,,0.5115,0.01117738229640554,0.9895,0.0022792268425937726,,,74.108,14.790041784930832,53.0,72.0,101.0,0.0,0.9883333333333333,0.0022748929551009633,0.11005099866045095,0.000643988134999745,400626,"[0.5,0.5,0.5]",power,"[0.799,0.8015,0.806]","[0.008960998828255698,0.008919017602852906,0.008842058583836684]",,0.0024010992852811813,999,0.0,3,0,1.0,0.799,0.008960998828255698,0.8015,0.008919017602852906,0.806,0.008842058583836684,,,,,,,626,B,1.0,999,0.016666666666666666,plan every contrast at alpha/K = 0.05000/3,B,2000
B_0627,B_joint,empirical,3,bonferroni,,0.5,D4,2000,50,1000,0.05,0.016666666666666666,0.9013333333333332,0.006668266474712736,,,0.743,0.009771156533389485,0.9975,0.001116635571706353,,,57.8675,10.85485807138905,43.0,57.0,78.0,0.0,0.9811666666666666,-0.0010574672351056347,0.12539593384417402,0.0007476681865009596,400627,"[0.5,0.5,0.5]",power,"[0.8945,0.9095,0.9]","[0.006869124762296869,0.006415206543830059,0.006708203932499368]",,0.003039624885482493,999,0.0,3,0,1.0,0.8945,0.006869124762296869,0.9095,0.006415206543830059,0.9,0.006708203932499368,,,,,,,627,B,1.0,999,0.016666666666666666,plan every contrast at alpha/K = 0.05000/3,B,2000
B_0628,B_joint,empirical,3,holm,,0.0,D3,2000,50,1000,0.05,0.016666666666666666,0.0003333333333333333,0.0004081802434110587,0.001,0.0007067531393633848,,,,,,,73.703,14.864279027251877,52.0,72.0,101.0,0.0,0.9905,0.0001718616195951625,0.10857268881933486,0.0006699868355008221,400628,"[0.0,0.0,0.0]",level,"[0.0005,0.0005,0.0]","[0.0004998749843710925,0.0004998749843710925,0.0]",,0.0021690723823791537,999,0.0,0,3,1.0,0.0005,0.0004998749843710925,0.0005,0.0004998749843710925,0.0,0.0,,,,,,,628,B,0.0,999,0.016666666666666666,plan every contrast at alpha/K = 0.05000/3,B,2000
B_0629,B_joint,empirical,3,holm,,0.0,D4,2000,50,1000,0.05,0.016666666666666666,0.016333333333333335,0.0028343037553829296,0.049,0.0048269555622566076,,,,,,,58.013,10.730835521989889,42.0,57.0,78.0,0.0,0.9836666666666667,-0.0006448491794233462,0.12409756237805088,0.0006960512875011773,400629,"[0.0,0.0,0.0]",level,"[0.0115,0.0195,0.018]","[0.0023840878758971955,0.0030919047527373806,0.0029728773940409987]",,0.002834303755382928,999,0.0,0,3,1.0,0.0115,0.0023840878758971955,0.0195,0.0030919047527373806,0.018,0.0029728773940409987,,,,,,,629,B,0.0,999,0.016666666666666666,plan every contrast at alpha/K = 0.05000/3,B,2000
B_0630,B_joint,empirical,3,holm,,0.5,D3,2000,50,1000,0.05,0.016666666666666666,0.9055,0.006541014829519959,,,0.7845,0.009194012997597948,0.993,0.0018642692938521525,,,73.8375,14.55369691006378,53.0,72.0,100.0,0.0,0.9868333333333333,0.002010290429901578,0.11100715758265045,0.0006491121399994881,400630,"[0.5,0.5,0.5]",power,"[0.8975,0.9095,0.9095]","[0.006782099601155973,0.006415206543830059,0.006415206543830059]",,0.002548853227978766,999,0.0,3,0,1.0,0.8975,0.006782099601155973,0.9095,0.006415206543830059,0.9095,0.006415206543830059,,,,,,,630,B,1.0,999,0.016666666666666666,plan every contrast at alpha/K = 0.05000/3,B,2000
B_0631,B_joint,empirical,3,holm,,0.5,D4,2000,50,1000,0.05,0.016666666666666666,0.9523333333333334,0.004764166010728191,,,0.877,0.007344079247938437,0.9975,0.001116635571706353,,,58.026,10.60185474339278,43.0,57.0,77.0,0.0,0.9803333333333333,0.0029856658817605445,0.12420529787088651,0.0006763336559997697,400631,"[0.5,0.5,0.5]",power,"[0.9525,0.952,0.9525]","[0.00475624589355933,0.004779958158812692,0.00475624589355933]",,0.003104825992619308,999,0.0,3,0,1.0,0.9525,0.00475624589355933,0.952,0.004779958158812692,0.9525,0.00475624589355933,,,,,,,631,B,1.0,999,0.016666666666666666,plan every contrast at alpha/K = 0.05000/3,B,2000
B_0632,B_joint,empirical,3,bh,,0.0,D3,2000,50,1000,0.05,0.016666666666666666,0.00016666666666666666,0.0002886510773311689,0.0005,0.0004998749843710925,,,,,0.0005,0.0004998749843710925,73.5075,14.769595246654525,52.0,72.0,100.0,0.0,0.9878333333333333,0.0009114418019296458,0.10937409461995683,0.0006668136919997778,400632,"[0.0,0.0,0.0]",level,"[0.0005,0.0,0.0]","[0.0004998749843710925,0.0,0.0]",0.0005,0.002451391328295921,999,0.0,0,3,1.0,0.0005,0.0004998749843710925,0.0,0.0,0.0,0.0,,,,,,,632,B,0.0,999,0.016666666666666666,BH: plan at alpha*r/K with r = 1 pre-declared expected rejections (r = 1 reduces to Bonferroni).,B,2000
B_0633,B_joint,empirical,3,bh,,0.0,D4,2000,50,1000,0.05,0.016666666666666666,0.021166666666666667,0.0032185896669883916,0.0565,0.005162739098579358,,,,,0.0565,0.005162739098579358,57.731,10.34546465848683,43.0,57.0,77.0,0.0,0.9811666666666666,-0.0007668618552807454,0.12504718422175637,0.0007043581204998191,400633,"[0.0,0.0,0.0]",level,"[0.02,0.0195,0.024]","[0.0031304951684997056,0.0030919047527373806,0.00342227994179319]",0.0565,0.003039624885482493,999,0.0,0,3,1.0,0.02,0.0031304951684997056,0.0195,0.0030919047527373806,0.024,0.00342227994179319,,,,,,,633,B,0.0,999,0.016666666666666666,BH: plan at alpha*r/K with r = 1 pre-declared expected rejections (r = 1 reduces to Bonferroni).,B,2000
B_0634,B_joint,empirical,3,bh,,0.5,D3,2000,50,1000,0.05,0.016666666666666666,0.9295,0.005724061058374553,,,0.824,0.008515397818070512,0.9955,0.0014966211945579198,0.0,0.0,73.6455,15.02294344494447,52.0,72.0,101.0,0.0,0.9885,0.002886624408206625,0.10835316617101774,0.0006183620730007534,400634,"[0.5,0.5,0.5]",power,"[0.9355,0.9245,0.9285]","[0.005492711079239468,0.005907611615534657,0.005761412587204635]",0.0,0.0023840878758971907,999,0.0,3,0,1.0,0.9355,0.005492711079239468,0.9245,0.005907611615534657,0.9285,0.005761412587204635,,,,,,,634,B,1.0,999,0.016666666666666666,BH: plan at alpha*r/K with r = 1 pre-declared expected rejections (r = 1 reduces to Bonferroni).,B,2000
B_0635,B_joint,empirical,3,bh,,0.5,D4,2000,50,1000,0.05,0.016666666666666666,0.9538333333333333,0.004692297174921659,,,0.873,0.007445501997850783,0.9975,0.001116635571706353,0.0,0.0,57.9185,10.792212829165296,43.0,57.0,77.0,0.0,0.9803333333333333,0.002090070230143727,0.1260690874385529,0.0007170881799993367,400635,"[0.5,0.5,0.5]",power,"[0.951,0.952,0.9585]","[0.004826955562256609,0.004779958158812692,0.004459694496263168]",0.0,0.003104825992619308,999,0.0,3,0,1.0,0.951,0.004826955562256609,0.952,0.004779958158812692,0.9585,0.004459694496263168,,,,,,,635,B,1.0,999,0.016666666666666666,BH: plan at alpha*r/K with r = 1 pre-declared expected rejections (r = 1 reduces to Bonferroni).,B,2000
B_0636,B_joint,empirical,3,romano_wolf,,0.0,D3,2000,50,1000,0.05,0.05,0.016333333333333335,0.0028343037553829296,0.0465,0.004708383480558906,,,,,,,74.056,14.007136181247043,53.0,73.0,100.0,0.0,0.9603333333333334,-0.0009779172047193736,0.10954092666412009,0.034869700652499884,400636,"[0.0,0.0,0.0]",level,"[0.0165,0.0185,0.014]","[0.0028484864401994267,0.003013117156700018,0.002627165773224065]",,0.004364242329558602,999,0.0,0,3,1.0,0.0165,0.0028484864401994267,0.0185,0.003013117156700018,0.014,0.002627165773224065,,,,,,,636,B,0.0,999,0.05,Romano-Wolf power is planned by simulation from Sigma_D (§4.4); use this alpha at the stepdown.,B,2000
B_0637,B_joint,empirical,3,romano_wolf,,0.0,D4,2000,50,1000,0.05,0.05,0.017833333333333336,0.0029593331643763565,0.0525,0.004987171041783107,,,,,,,43.477,8.305026851250993,32.0,43.0,58.0,0.0,0.9458333333333333,-0.0009489293448430525,0.1444835602566528,0.03242159509449993,400637,"[0.0,0.0,0.0]",level,"[0.02,0.0155,0.018]","[0.0031304951684997056,0.0027622228367747597,0.0029728773940409987]",,0.005061256706040947,999,0.0,0,3,1.0,0.02,0.0031304951684997056,0.0155,0.0027622228367747597,0.018,0.0029728773940409987,,,,,,,637,B,0.0,999,0.05,Romano-Wolf power is planned by simulation from Sigma_D (§4.4); use this alpha at the stepdown.,B,2000
B_0638,B_joint,empirical,3,romano_wolf,,0.5,D3,2000,50,1000,0.05,0.05,0.9885,0.0023840878758971907,,,0.969,0.003875499967746099,1.0,0.0,,,73.8655,14.544738215244715,52.0,73.0,99.04999999999995,0.0,0.9628333333333333,0.003479381188138628,0.10807697648683286,0.03417889302149888,400638,"[0.5,0.5,0.5]",power,"[0.99,0.9875,0.988]","[0.0022248595461287,0.0024843258642939696,0.0024347484469653133]",,0.004229970777414164,999,0.0,3,0,1.0,0.99,0.0022248595461287,0.9875,0.0024843258642939696,0.988,0.0024347484469653133,,,,,,,638,B,1.0,999,0.05,Romano-Wolf power is planned by simulation from Sigma_D (§4.4); use this alpha at the stepdown.,B,2000
B_0639,B_joint,empirical,3,romano_wolf,,0.5,D4,2000,50,1000,0.05,0.05,0.8631666666666667,0.007684724205273152,,,0.7015,0.010232246820713425,0.9825,0.002932042803234629,,,43.603,8.302733947321208,32.0,43.0,59.0,0.0,0.9475,0.00028215774423761533,0.14289889137586587,0.031783811693001554,400639,"[0.5,0.5,0.5]",power,"[0.8515,0.867,0.871]","[0.007951344225978397,0.00759312188760328,0.007495298526409739]",,0.004987171041783106,999,0.0,3,0,1.0,0.8515,0.007951344225978397,0.867,0.00759312188760328,0.871,0.007495298526409739,,,,,,,639,B,1.0,999,0.05,Romano-Wolf power is planned by simulation from Sigma_D (§4.4); use this alpha at the stepdown.,B,2000
B_0640,B_joint,empirical,6,none,,0.0,D3,2000,50,1000,0.05,0.05,0.004416666666666667,0.0014827608914154404,0.0265,0.0035915003828483716,,,,,,,79.0945,14.605634862956148,57.95,78.0,105.0,0.0,0.9605833333333333,-0.0015965068672728372,0.10678585420896436,0.0011862598585012166,400640,"[0.0,0.0,0.0,0.0,0.0,0.0]",level,"[0.0035,0.005,0.0035,0.003,0.008,0.0035]","[0.0013205585939290994,0.0015771810295587506,0.0013205585939290994,0.0012229063741758812,0.0019919839356781974,0.0013205585939290994]",,0.004351033960770448,999,0.0,0,6,1.0,0.0035,0.0013205585939290994,0.005,0.0015771810295587506,0.0035,0.0013205585939290994,0.003,0.0012229063741758812,0.008,0.0019919839356781974,0.0035,0.0013205585939290994,640,B,0.0,999,0.05,no multiplicity control (caller declared acceptance),B,2000
B_0641,B_joint,empirical,6,none,,0.0,D4,2000,50,1000,0.05,0.05,0.049666666666666665,0.004857977402628015,0.267,0.009892193892155572,,,,,,,47.599,7.510472621613103,37.0,47.0,61.0,0.0,0.9503333333333334,-0.0011353870128938833,0.13701474813104492,0.0012073215125001297,400641,"[0.0,0.0,0.0,0.0,0.0,0.0]",level,"[0.058,0.0505,0.0515,0.043,0.0485,0.0465]","[0.0052266624149642565,0.00489641450451246,0.004942051699446294,0.004536022486716748,0.004803527349771208,0.004708383480558906]",,0.0048579774026280146,999,0.0,0,6,1.0,0.058,0.0052266624149642565,0.0505,0.00489641450451246,0.0515,0.004942051699446294,0.043,0.004536022486716748,0.0485,0.004803527349771208,0.0465,0.004708383480558906,641,B,0.0,999,0.05,no multiplicity control (caller declared acceptance),B,2000
B_0642,B_joint,empirical,6,none,,0.5,D3,2000,50,1000,0.05,0.05,0.9383333333333334,0.005378842295926182,,,0.684,0.010395768369870502,1.0,0.0,,,78.2545,14.566081482334225,57.0,77.0,103.04999999999995,0.0,0.9638333333333333,-0.0010728516598156937,0.10553090527493732,0.0011618814915000258,400642,"[0.5,0.5,0.5,0.5,0.5,0.5]",power,"[0.9475,0.9365,0.9375,0.931,0.935,0.9425]","[0.004987171041783106,0.005452877680637995,0.005412658773652742,0.0056674068144081545,0.005512485827646179,0.005205465877325487]",,0.004174843643113411,999,0.0,6,0,1.0,0.9475,0.004987171041783106,0.9365,0.005452877680637995,0.9375,0.005412658773652742,0.931,0.0056674068144081545,0.935,0.005512485827646179,0.9425,0.005205465877325487,642,B,1.0,999,0.05,no multiplicity control (caller declared acceptance),B,2000
B_0643,B_joint,empirical,6,none,,0.5,D4,2000,50,1000,0.05,0.05,0.9165,0.006185780063985464,,,0.62,0.010853570840972108,1.0,0.0,,,47.8515,7.572149480167438,36.0,47.0,61.0,0.0,0.9486666666666667,-0.0019113894174790928,0.1381334274698145,0.0011490126074986619,400643,"[0.5,0.5,0.5,0.5,0.5,0.5]",power,"[0.919,0.919,0.917,0.921,0.9105,0.9125]","[0.006100778638829636,0.006100778638829636,0.006168914004912047,0.006031542091372652,0.006383171233799076,0.006318375978050056]",,0.004934481848290772,999,0.0,6,0,1.0,0.919,0.006100778638829636,0.919,0.006100778638829636,0.917,0.006168914004912047,0.921,0.006031542091372652,0.9105,0.006383171233799076,0.9125,0.006318375978050056,643,B,1.0,999,0.05,no multiplicity control (caller declared acceptance),B,2000
B_0644,B_joint,empirical,6,bonferroni,,0.0,D3,2000,50,1000,0.05,0.008333333333333333,8.333333333333333e-05,0.00020411563988201502,0.0005,0.0004998749843710925,,,,,,,78.343,14.564695362416613,57.0,77.0,104.0,0.0,0.9946666666666667,-0.0006158575118003817,0.1055670079309047,0.0011777309210010572,400644,"[0.0,0.0,0.0,0.0,0.0,0.0]",level,"[0.0005,0.0,0.0,0.0,0.0,0.0]","[0.0004998749843710925,0.0,0.0,0.0,0.0,0.0]",,0.0016286326916909253,999,0.0,0,6,1.0,0.0005,0.0004998749843710925,0.0,0.0,0.0,0.0,0.0,0.0,0.0,0.0,0.0,0.0,644,B,0.0,999,0.008333333333333333,plan every contrast at alpha/K = 0.05000/6,B,2000
B_0645,B_joint,empirical,6,bonferroni,,0.0,D4,2000,50,1000,0.05,0.008333333333333333,0.01025,0.0022522141883044786,0.06,0.0053103672189407005,,,,,,,73.7425,12.224246142400766,56.0,72.0,97.0,0.0,0.98975,0.0014579994724675288,0.11070926127375,0.0012559878149986617,400645,"[0.0,0.0,0.0,0.0,0.0,0.0]",level,"[0.007,0.0115,0.0115,0.0115,0.01,0.01]","[0.0018642692938521516,0.0023840878758971955,0.0023840878758971955,0.0023840878758971955,0.0022248595461286987,0.0022248595461286987]",,0.0022522141883044764,999,0.0,0,6,1.0,0.007,0.0018642692938521516,0.0115,0.0023840878758971955,0.0115,0.0023840878758971955,0.0115,0.0023840878758971955,0.01,0.0022248595461286987,0.01,0.0022248595461286987,645,B,0.0,999,0.008333333333333333,plan every contrast at alpha/K = 0.05000/6,B,2000
B_0646,B_joint,empirical,6,bonferroni,,0.5,D3,2000,50,1000,0.05,0.008333333333333333,0.7270833333333334,0.009960751972673102,,,0.154,0.008071059410015515,0.9995,0.000499874984371065,,,78.214,14.317618656745962,57.0,77.0,104.0,0.0,0.9935,-0.0004826493225911208,0.10687756980730553,0.0011233827659998497,400646,"[0.5,0.5,0.5,0.5,0.5,0.5]",power,"[0.7235,0.7265,0.718,0.74,0.7245,0.73]","[0.010001193678756551,0.00996739058129057,0.010061709596286309,0.009808159868191384,0.009989988738732391,0.009927235264664578]",,0.0017969070649312877,999,0.0,6,0,1.0,0.7235,0.010001193678756551,0.7265,0.00996739058129057,0.718,0.010061709596286309,0.74,0.009808159868191384,0.7245,0.009989988738732391,0.73,0.009927235264664578,646,B,1.0,999,0.008333333333333333,plan every contrast at alpha/K = 0.05000/6,B,2000
B_0647,B_joint,empirical,6,bonferroni,,0.5,D4,2000,50,1000,0.05,0.008333333333333333,0.9336666666666668,0.005564765144290554,,,0.688,0.010359922779634993,0.9995,0.000499874984371065,,,73.847,12.402160739161543,56.0,72.0,96.0,0.0,0.9895833333333334,0.0003055406111370415,0.11202975676876745,0.0011650363994995133,400647,"[0.5,0.5,0.5,0.5,0.5,0.5]",power,"[0.9305,0.9325,0.9365,0.9295,0.942,0.931]","[0.005686376262612245,0.005609979946488223,0.005452877680637995,0.005724061058374553,0.005226662414964259,0.0056674068144081545]",,0.00227025986642743,999,0.0,6,0,1.0,0.9305,0.005686376262612245,0.9325,0.005609979946488223,0.9365,0.005452877680637995,0.9295,0.005724061058374553,0.942,0.005226662414964259,0.931,0.0056674068144081545,647,B,1.0,999,0.008333333333333333,plan every contrast at alpha/K = 0.05000/6,B,2000
B_0648,B_joint,empirical,6,holm,,0.0,D3,2000,50,1000,0.05,0.008333333333333333,0.00025,0.00035350919365696845,0.0015,0.0008653756409791069,,,,,,,78.884,14.839122076457219,57.0,78.0,106.0,0.0,0.9933333333333333,-0.0013726391658498921,0.10662497080216475,0.0012037997634997738,400648,"[0.0,0.0,0.0,0.0,0.0,0.0]",level,"[0.0,0.0,0.0005,0.0,0.0,0.001]","[0.0,0.0,0.0004998749843710925,0.0,0.0,0.0007067531393633848]",,0.0018196458751941632,999,0.0,0,6,1.0,0.0,0.0,0.0,0.0,0.0005,0.0004998749843710925,0.0,0.0,0.0,0.0,0.001,0.0007067531393633848,648,B,0.0,999,0.008333333333333333,plan every contrast at alpha/K = 0.05000/6,B,2000
B_0649,B_joint,empirical,6,holm,,0.0,D4,2000,50,1000,0.05,0.008333333333333333,0.00975,0.0021971501427986207,0.056,0.005141206084179081,,,,,,,73.538,12.23092621186147,56.0,72.0,95.0,0.0,0.9903333333333333,-4.604964955970203e-05,0.11159894877447915,0.0012115243450007255,400649,"[0.0,0.0,0.0,0.0,0.0,0.0]",level,"[0.0145,0.01,0.008,0.008,0.009,0.009]","[0.0026729898989708138,0.0022248595461286987,0.0019919839356781974,0.0019919839356781974,0.002111752826445368,0.002111752826445368]",,0.0021878325144103544,999,0.0,0,6,1.0,0.0145,0.0026729898989708138,0.01,0.0022248595461286987,0.008,0.0019919839356781974,0.008,0.0019919839356781974,0.009,0.002111752826445368,0.009,0.002111752826445368,649,B,0.0,999,0.008333333333333333,plan every contrast at alpha/K = 0.05000/6,B,2000
B_0650,B_joint,empirical,6,holm,,0.5,D3,2000,50,1000,0.05,0.008333333333333333,0.89075,0.006975472654236412,,,0.641,0.01072657913782395,1.0,0.0,,,78.2555,14.702150174379256,57.0,77.0,104.0,0.0,0.9948333333333333,0.0003006785676023876,0.10759918067926856,0.0012063576085001842,400650,"[0.5,0.5,0.5,0.5,0.5,0.5]",power,"[0.903,0.893,0.8825,0.884,0.895,0.887]","[0.006617816860566631,0.0069119823495145,0.0072004774147274445,0.0071604469134265636,0.006854742883580681,0.007079230184137255]",,0.0016031176223568575,999,0.0,6,0,1.0,0.903,0.006617816860566631,0.893,0.0069119823495145,0.8825,0.0072004774147274445,0.884,0.0071604469134265636,0.895,0.006854742883580681,0.887,0.007079230184137255,650,B,1.0,999,0.008333333333333333,plan every contrast at alpha/K = 0.05000/6,B,2000
B_0651,B_joint,empirical,6,holm,,0.5,D4,2000,50,1000,0.05,0.008333333333333333,0.98225,0.0029525359862328554,,,0.912,0.0063346665263453285,1.0,0.0,,,73.7565,12.21745504391156,56.0,72.0,96.04999999999995,0.0,0.9914166666666666,0.001023801036817505,0.11012283009760257,0.0011858696889994462,400651,"[0.5,0.5,0.5,0.5,0.5,0.5]",power,"[0.981,0.9835,0.9815,0.981,0.9805,0.986]","[0.0030527856131736483,0.002848486440199423,0.003013117156700015,0.0030527856131736483,0.003091904752737377,0.0026271657732240663]",,0.0020627238935715894,999,0.0,6,0,1.0,0.981,0.0030527856131736483,0.9835,0.002848486440199423,0.9815,0.003013117156700015,0.981,0.0030527856131736483,0.9805,0.003091904752737377,0.986,0.0026271657732240663,651,B,1.0,999,0.008333333333333333,plan every contrast at alpha/K = 0.05000/6,B,2000
B_0652,B_joint,empirical,6,bh,,0.0,D3,2000,50,1000,0.05,0.008333333333333333,0.0004166666666666667,0.0004563403639585017,0.0025,0.001116635571706365,,,,,0.0025,0.001116635571706365,78.7055,14.724631396065574,57.0,77.0,105.0,0.0,0.9936666666666667,-0.0014991563710104099,0.10702567350181418,0.0011573315354999067,400652,"[0.0,0.0,0.0,0.0,0.0,0.0]",level,"[0.0,0.0,0.0005,0.001,0.0,0.001]","[0.0,0.0,0.0004998749843710925,0.0007067531393633848,0.0,0.0007067531393633848]",0.0025,0.0017738689667253034,999,0.0,0,6,1.0,0.0,0.0,0.0,0.0,0.0005,0.0004998749843710925,0.001,0.0007067531393633848,0.0,0.0,0.001,0.0007067531393633848,652,B,0.0,999,0.008333333333333333,BH: plan at alpha*r/K with r = 1 pre-declared expected rejections (r = 1 reduces to Bonferroni).,B,2000
B_0653,B_joint,empirical,6,bh,,0.0,D4,2000,50,1000,0.05,0.008333333333333333,0.010666666666666666,0.002297051249851523,0.0585,0.0052477495176503994,,,,,0.0585,0.0052477495176503994,73.592,11.9817167384311,57.0,72.0,95.0,0.0,0.99025,-0.0012640858589567045,0.11063705541204853,0.001217199813499974,400653,"[0.0,0.0,0.0,0.0,0.0,0.0]",level,"[0.011,0.0115,0.008,0.008,0.013,0.0125]","[0.002332273568859365,0.0023840878758971955,0.0019919839356781974,0.0019919839356781974,0.0025328837320335094,0.002484325864293974]",0.0585,0.0021971501427986246,999,0.0,0,6,1.0,0.011,0.002332273568859365,0.0115,0.0023840878758971955,0.008,0.0019919839356781974,0.008,0.0019919839356781974,0.013,0.0025328837320335094,0.0125,0.002484325864293974,653,B,0.0,999,0.008333333333333333,BH: plan at alpha*r/K with r = 1 pre-declared expected rejections (r = 1 reduces to Bonferroni).,B,2000
B_0654,B_joint,empirical,6,bh,,0.5,D3,2000,50,1000,0.05,0.008333333333333333,0.9337499999999999,0.005561516767033977,,,0.6825,0.010408980497627998,1.0,0.0,0.0,0.0,78.8475,14.962527986607075,58.0,77.0,106.0,0.0,0.9964166666666666,-0.00016319323731666467,0.10591890190905644,0.001085937231000571,400654,"[0.5,0.5,0.5,0.5,0.5,0.5]",power,"[0.9305,0.936,0.9335,0.94,0.929,0.9335]","[0.005686376262612245,0.00547284204047586,0.005571254347092763,0.005310367218940704,0.005742778073371805,0.005571254347092763]",0.0,0.0013361311791054806,999,0.0,6,0,1.0,0.9305,0.005686376262612245,0.936,0.00547284204047586,0.9335,0.005571254347092763,0.94,0.005310367218940704,0.929,0.005742778073371805,0.9335,0.005571254347092763,654,B,1.0,999,0.008333333333333333,BH: plan at alpha*r/K with r = 1 pre-declared expected rejections (r = 1 reduces to Bonferroni).,B,2000
B_0655,B_joint,empirical,6,bh,,0.5,D4,2000,50,1000,0.05,0.008333333333333333,0.9813333333333333,0.0030264023379437074,,,0.9005,0.006693270874542581,1.0,0.0,0.0,0.0,73.4315,11.787930596589039,57.0,72.0,95.0,0.0,0.9904166666666666,0.0005367500963601732,0.11074333968798888,0.0012726597295004468,400655,"[0.5,0.5,0.5,0.5,0.5,0.5]",power,"[0.981,0.9805,0.982,0.9875,0.982,0.975]","[0.0030527856131736483,0.003091904752737377,0.002972877394041,0.0024843258642939696,0.002972877394041,0.003491060010942237]",0.0,0.0021784734397687303,999,0.0,6,0,1.0,0.981,0.0030527856131736483,0.9805,0.003091904752737377,0.982,0.002972877394041,0.9875,0.0024843258642939696,0.982,0.002972877394041,0.975,0.003491060010942237,655,B,1.0,999,0.008333333333333333,BH: plan at alpha*r/K with r = 1 pre-declared expected rejections (r = 1 reduces to Bonferroni).,B,2000
B_0656,B_joint,empirical,6,romano_wolf,,0.0,D3,2000,50,1000,0.05,0.05,0.0085,0.0020527725154044713,0.049,0.0048269555622566076,,,,,,,78.6225,14.360431530772326,57.0,78.0,104.0,0.0,0.9618333333333333,-0.00025193508440568704,0.10624781424408099,0.02902058373299951,400656,"[0.0,0.0,0.0,0.0,0.0,0.0]",level,"[0.0085,0.011,0.0055,0.01,0.009,0.007]","[0.0020527725154044713,0.002332273568859365,0.0016537457482938543,0.0022248595461286987,0.002111752826445368,0.0018642692938521516]",,0.004284271946446807,999,0.0,0,6,1.0,0.0085,0.0020527725154044713,0.011,0.002332273568859365,0.0055,0.0016537457482938543,0.01,0.0022248595461286987,0.009,0.002111752826445368,0.007,0.0018642692938521516,656,B,0.0,999,0.05,Romano-Wolf power is planned by simulation from Sigma_D (§4.4); use this alpha at the stepdown.,B,2000
B_0657,B_joint,empirical,6,romano_wolf,,0.0,D4,2000,50,1000,0.05,0.05,0.007583333333333333,0.0019398229801825847,0.0445,0.004610843198374892,,,,,,,47.761,7.745313357121195,37.0,47.0,62.0,0.0,0.9461666666666667,0.0004972544910498729,0.13764299164939722,0.025033121863500127,400657,"[0.0,0.0,0.0,0.0,0.0,0.0]",level,"[0.0095,0.007,0.0085,0.0055,0.007,0.008]","[0.002169072382379159,0.0018642692938521516,0.0020527725154044713,0.0016537457482938543,0.0018642692938521516,0.0019919839356781974]",,0.0050465486005564,999,0.0,0,6,1.0,0.0095,0.002169072382379159,0.007,0.0018642692938521516,0.0085,0.0020527725154044713,0.0055,0.0016537457482938543,0.007,0.0018642692938521516,0.008,0.0019919839356781974,657,B,0.0,999,0.05,Romano-Wolf power is planned by simulation from Sigma_D (§4.4); use this alpha at the stepdown.,B,2000
B_0658,B_joint,empirical,6,romano_wolf,,0.5,D3,2000,50,1000,0.05,0.05,0.98875,0.0023583296525295167,,,0.944,0.005141206084179083,1.0,0.0,,,78.344,14.478213425695865,57.0,77.0,105.0,0.0,0.96225,-0.0014866153185945229,0.1059461657323248,0.02695911688399974,400658,"[0.5,0.5,0.5,0.5,0.5,0.5]",power,"[0.99,0.989,0.986,0.9855,0.9905,0.9915]","[0.0022248595461287,0.0023322735688593665,0.0026271657732240663,0.00267298989897081,0.0021690723823791537,0.0020527725154044657]",,0.004261744801134857,999,0.0,6,0,1.0,0.99,0.0022248595461287,0.989,0.0023322735688593665,0.986,0.0026271657732240663,0.9855,0.00267298989897081,0.9905,0.0021690723823791537,0.9915,0.0020527725154044657,658,B,1.0,999,0.05,Romano-Wolf power is planned by simulation from Sigma_D (§4.4); use this alpha at the stepdown.,B,2000
B_0659,B_joint,empirical,6,romano_wolf,,0.5,D4,2000,50,1000,0.05,0.05,0.8595,0.007770448828735698,,,0.5515,0.01112087563998447,0.9975,0.001116635571706353,,,47.504,7.7459656596192055,36.0,47.0,61.0,0.0,0.9455833333333333,0.0015329611807272912,0.13975337573713942,0.02451911896349884,400659,"[0.5,0.5,0.5,0.5,0.5,0.5]",power,"[0.8515,0.8665,0.857,0.8695,0.852,0.8605]","[0.007951344225978397,0.0076051873744175415,0.007827866886962246,0.00753225563825339,0.007940277073251286,0.00774724951192357]",,0.005072252608829511,999,0.0,6,0,1.0,0.8515,0.007951344225978397,0.8665,0.0076051873744175415,0.857,0.007827866886962246,0.8695,0.00753225563825339,0.852,0.007940277073251286,0.8605,0.00774724951192357,659,B,1.0,999,0.05,Romano-Wolf power is planned by simulation from Sigma_D (§4.4); use this alpha at the stepdown.,B,2000
